step,hour,gt_regime,monitor_detected,engine_regime,monitor_correct,satisfaction,kwh_step,hvac,light
0,0.0,base,base,base,1,93.09,0.04583333333333333,0.5,0.5
1,0.016666666666666666,base,base,static,1,91.83,0.016712079208113583,0.150544950497363,0.5
2,0.03333333333333333,base,base,static,1,93.01,0.016712079208113583,0.150544950497363,0.5
3,0.05,base,base,static,1,93.88,0.016712079208113583,0.150544950497363,0.5
4,0.06666666666666667,base,base,static,1,93.05,0.016712079208113583,0.150544950497363,0.5
5,0.08333333333333333,base,base,static,1,93.28,0.016712079208113583,0.150544950497363,0.5
6,0.1,base,base,static,1,93.46,0.016712079208113583,0.150544950497363,0.5
7,0.11666666666666667,base,base,static,1,93.02,0.016712079208113583,0.150544950497363,0.5
8,0.13333333333333333,base,base,static,1,93.96,0.016712079208113583,0.150544950497363,0.5
9,0.15,base,base,static,1,93.44,0.016712079208113583,0.150544950497363,0.5
10,0.16666666666666666,base,base,static,1,93.76,0.016712079208113583,0.150544950497363,0.5
11,0.18333333333333332,base,base,static,1,92.45,0.016712079208113583,0.150544950497363,0.5
12,0.2,base,base,static,1,92.86,0.016712079208113583,0.150544950497363,0.5
13,0.21666666666666667,base,base,static,1,93.56,0.016712079208113583,0.150544950497363,0.5
14,0.23333333333333334,base,base,static,1,93.2,0.016712079208113583,0.150544950497363,0.5
15,0.25,base,base,static,1,93.43,0.016712079208113583,0.150544950497363,0.5
16,0.26666666666666666,base,base,static,1,93.19,0.016712079208113583,0.150544950497363,0.5
17,0.2833333333333333,base,base,static,1,93.39,0.016712079208113583,0.150544950497363,0.5
18,0.3,base,base,static,1,93.15,0.016712079208113583,0.150544950497363,0.5
19,0.31666666666666665,base,base,static,1,92.58,0.016712079208113583,0.150544950497363,0.5
20,0.3333333333333333,base,base,static,1,92.22,0.016712079208113583,0.150544950497363,0.5
21,0.35,base,base,static,1,92.7,0.016712079208113583,0.150544950497363,0.5
22,0.36666666666666664,base,base,static,1,92.83,0.016712079208113583,0.150544950497363,0.5
23,0.38333333333333336,base,base,static,1,92.71,0.016712079208113583,0.150544950497363,0.5
24,0.4,base,base,static,1,93.61,0.016712079208113583,0.150544950497363,0.5
25,0.4166666666666667,base,base,static,1,92.67,0.016712079208113583,0.150544950497363,0.5
26,0.43333333333333335,base,base,static,1,91.62,0.016712079208113583,0.150544950497363,0.5
27,0.45,base,base,static,1,92.14,0.016712079208113583,0.150544950497363,0.5
28,0.4666666666666667,base,base,static,1,92.42,0.016712079208113583,0.150544950497363,0.5
29,0.48333333333333334,base,base,static,1,92.98,0.016712079208113583,0.150544950497363,0.5
30,0.5,base,base,static,1,93.7,0.016712079208113583,0.150544950497363,0.5
31,0.5166666666666667,base,base,static,1,92.87,0.016712079208113583,0.150544950497363,0.5
32,0.5333333333333333,base,base,static,1,93.44,0.016712079208113583,0.150544950497363,0.5
33,0.55,base,base,static,1,93.89,0.016712079208113583,0.150544950497363,0.5
34,0.5666666666666667,base,base,static,1,92.92,0.016712079208113583,0.150544950497363,0.5
35,0.5833333333333334,base,base,static,1,92.52,0.016712079208113583,0.150544950497363,0.5
36,0.6,base,base,static,1,93.64,0.016712079208113583,0.150544950497363,0.5
37,0.6166666666666667,base,base,static,1,93.72,0.016712079208113583,0.150544950497363,0.5
38,0.6333333333333333,base,base,static,1,92.54,0.016712079208113583,0.150544950497363,0.5
39,0.65,base,base,static,1,92.77,0.016712079208113583,0.150544950497363,0.5
40,0.6666666666666666,base,base,static,1,93.47,0.016712079208113583,0.150544950497363,0.5
41,0.6833333333333333,base,base,static,1,93.96,0.016712079208113583,0.150544950497363,0.5
42,0.7,base,base,static,1,92.68,0.016712079208113583,0.150544950497363,0.5
43,0.7166666666666667,base,base,static,1,93.04,0.016712079208113583,0.150544950497363,0.5
44,0.7333333333333333,base,base,static,1,92.74,0.016712079208113583,0.150544950497363,0.5
45,0.75,base,base,static,1,92.03,0.016712079208113583,0.150544950497363,0.5
46,0.7666666666666667,base,base,static,1,92.24,0.016712079208113583,0.150544950497363,0.5
47,0.7833333333333333,base,base,static,1,91.89,0.016712079208113583,0.150544950497363,0.5
48,0.8,base,base,static,1,91.49,0.016712079208113583,0.150544950497363,0.5
49,0.8166666666666667,base,base,static,1,91.49,0.016712079208113583,0.150544950497363,0.5
50,0.8333333333333334,base,base,static,1,92.57,0.016712079208113583,0.150544950497363,0.5
51,0.85,base,base,static,1,92.57,0.016712079208113583,0.150544950497363,0.5
52,0.8666666666666667,base,base,static,1,91.08,0.016712079208113583,0.150544950497363,0.5
53,0.8833333333333333,base,base,static,1,91.39,0.016712079208113583,0.150544950497363,0.5
54,0.9,base,base,static,1,91.72,0.016712079208113583,0.150544950497363,0.5
55,0.9166666666666666,base,base,static,1,91.12,0.016712079208113583,0.150544950497363,0.5
56,0.9333333333333333,base,base,static,1,92.09,0.016712079208113583,0.150544950497363,0.5
57,0.95,base,base,static,1,92.25,0.016712079208113583,0.150544950497363,0.5
58,0.9666666666666667,base,base,static,1,92.66,0.016712079208113583,0.150544950497363,0.5
59,0.9833333333333333,base,base,static,1,93.13,0.016712079208113583,0.150544950497363,0.5
60,1.0,base,base,static,1,92.85,0.016712079208113583,0.150544950497363,0.5
61,1.0166666666666666,base,base,static,1,93.21,0.016712079208113583,0.150544950497363,0.5
62,1.0333333333333334,base,base,static,1,93.06,0.016712079208113583,0.150544950497363,0.5
63,1.05,base,base,static,1,91.1,0.016712079208113583,0.150544950497363,0.5
64,1.0666666666666667,base,base,static,1,91.34,0.016712079208113583,0.150544950497363,0.5
65,1.0833333333333333,base,base,static,1,92.44,0.016712079208113583,0.150544950497363,0.5
66,1.1,base,base,static,1,92.16,0.016712079208113583,0.150544950497363,0.5
67,1.1166666666666667,base,base,static,1,93.04,0.016712079208113583,0.150544950497363,0.5
68,1.1333333333333333,base,base,static,1,93.35,0.016712079208113583,0.150544950497363,0.5
69,1.15,base,base,static,1,93.48,0.016712079208113583,0.150544950497363,0.5
70,1.1666666666666667,base,base,static,1,93.16,0.016712079208113583,0.150544950497363,0.5
71,1.1833333333333333,base,base,static,1,93.13,0.016712079208113583,0.150544950497363,0.5
72,1.2,base,base,static,1,93.06,0.016712079208113583,0.150544950497363,0.5
73,1.2166666666666666,base,base,static,1,91.74,0.016712079208113583,0.150544950497363,0.5
74,1.2333333333333334,base,base,static,1,91.72,0.016712079208113583,0.150544950497363,0.5
75,1.25,base,base,static,1,90.75,0.016712079208113583,0.150544950497363,0.5
76,1.2666666666666666,base,base,static,1,91.16,0.016712079208113583,0.150544950497363,0.5
77,1.2833333333333334,base,base,static,1,91.27,0.016712079208113583,0.150544950497363,0.5
78,1.3,base,base,static,1,90.38,0.016712079208113583,0.150544950497363,0.5
79,1.3166666666666667,base,base,static,1,91.2,0.016712079208113583,0.150544950497363,0.5
80,1.3333333333333333,base,base,static,1,92.21,0.016712079208113583,0.150544950497363,0.5
81,1.35,base,base,static,1,91.94,0.016712079208113583,0.150544950497363,0.5
82,1.3666666666666667,base,base,static,1,91.62,0.016712079208113583,0.150544950497363,0.5
83,1.3833333333333333,base,base,static,1,92.1,0.016712079208113583,0.150544950497363,0.5
84,1.4,base,base,static,1,92.81,0.016712079208113583,0.150544950497363,0.5
85,1.4166666666666667,base,base,static,1,94.09,0.016712079208113583,0.150544950497363,0.5
86,1.4333333333333333,base,base,static,1,92.25,0.016712079208113583,0.150544950497363,0.5
87,1.45,base,base,static,1,91.48,0.016712079208113583,0.150544950497363,0.5
88,1.4666666666666666,base,base,static,1,91.9,0.016712079208113583,0.150544950497363,0.5
89,1.4833333333333334,base,base,static,1,92.37,0.016712079208113583,0.150544950497363,0.5
90,1.5,base,base,static,1,93.36,0.016712079208113583,0.150544950497363,0.5
91,1.5166666666666666,base,base,static,1,93.05,0.016712079208113583,0.150544950497363,0.5
92,1.5333333333333334,base,base,static,1,92.49,0.016712079208113583,0.150544950497363,0.5
93,1.55,base,base,static,1,93.26,0.016712079208113583,0.150544950497363,0.5
94,1.5666666666666667,base,base,static,1,92.46,0.016712079208113583,0.150544950497363,0.5
95,1.5833333333333333,base,base,static,1,91.9,0.016712079208113583,0.150544950497363,0.5
96,1.6,base,base,static,1,93.26,0.016712079208113583,0.150544950497363,0.5
97,1.6166666666666667,base,base,static,1,93.85,0.016712079208113583,0.150544950497363,0.5
98,1.6333333333333333,base,base,static,1,93.31,0.016712079208113583,0.150544950497363,0.5
99,1.65,base,base,static,1,92.45,0.016712079208113583,0.150544950497363,0.5
100,1.6666666666666667,base,base,static,1,93.9,0.016712079208113583,0.150544950497363,0.5
101,1.6833333333333333,base,base,static,1,93.13,0.016712079208113583,0.150544950497363,0.5
102,1.7,base,base,static,1,93.05,0.016712079208113583,0.150544950497363,0.5
103,1.7166666666666666,base,base,static,1,92.2,0.016712079208113583,0.150544950497363,0.5
104,1.7333333333333334,base,base,static,1,92.22,0.016712079208113583,0.150544950497363,0.5
105,1.75,base,base,static,1,91.48,0.016712079208113583,0.150544950497363,0.5
106,1.7666666666666666,base,base,static,1,91.94,0.016712079208113583,0.150544950497363,0.5
107,1.7833333333333334,base,base,static,1,92.1,0.016712079208113583,0.150544950497363,0.5
108,1.8,base,base,static,1,91.66,0.016712079208113583,0.150544950497363,0.5
109,1.8166666666666667,base,base,static,1,91.06,0.016712079208113583,0.150544950497363,0.5
110,1.8333333333333333,base,base,static,1,92.21,0.016712079208113583,0.150544950497363,0.5
111,1.85,base,base,static,1,91.12,0.016712079208113583,0.150544950497363,0.5
112,1.8666666666666667,base,base,static,1,89.76,0.016712079208113583,0.150544950497363,0.5
113,1.8833333333333333,base,base,static,1,90.39,0.016712079208113583,0.150544950497363,0.5
114,1.9,base,base,static,1,90.12,0.016712079208113583,0.150544950497363,0.5
115,1.9166666666666667,base,base,static,1,89.98,0.016712079208113583,0.150544950497363,0.5
116,1.9333333333333333,base,base,static,1,89.53,0.016712079208113583,0.150544950497363,0.5
117,1.95,base,base,static,1,89.22,0.016712079208113583,0.150544950497363,0.5
118,1.9666666666666666,base,base,static,1,89.84,0.016712079208113583,0.150544950497363,0.5
119,1.9833333333333334,base,base,static,1,90.01,0.016712079208113583,0.150544950497363,0.5
120,2.0,base,base,static,1,89.91,0.016712079208113583,0.150544950497363,0.5
121,2.0166666666666666,base,base,static,1,89.81,0.016712079208113583,0.150544950497363,0.5
122,2.033333333333333,base,base,static,1,91.53,0.016712079208113583,0.150544950497363,0.5
123,2.05,base,base,static,1,91.77,0.016712079208113583,0.150544950497363,0.5
124,2.066666666666667,base,base,static,1,91.39,0.016712079208113583,0.150544950497363,0.5
125,2.0833333333333335,base,base,static,1,91.24,0.016712079208113583,0.150544950497363,0.5
126,2.1,base,base,static,1,90.91,0.016712079208113583,0.150544950497363,0.5
127,2.1166666666666667,base,base,static,1,91.61,0.016712079208113583,0.150544950497363,0.5
128,2.1333333333333333,base,base,static,1,91.65,0.016712079208113583,0.150544950497363,0.5
129,2.15,base,base,static,1,92.14,0.016712079208113583,0.150544950497363,0.5
130,2.1666666666666665,base,base,static,1,91.93,0.016712079208113583,0.150544950497363,0.5
131,2.183333333333333,base,base,static,1,91.87,0.016712079208113583,0.150544950497363,0.5
132,2.2,base,base,static,1,92.49,0.016712079208113583,0.150544950497363,0.5
133,2.216666666666667,base,base,static,1,92.13,0.016712079208113583,0.150544950497363,0.5
134,2.2333333333333334,base,base,static,1,93.24,0.016712079208113583,0.150544950497363,0.5
135,2.25,base,base,static,1,91.98,0.016712079208113583,0.150544950497363,0.5
136,2.2666666666666666,base,base,static,1,92.45,0.016712079208113583,0.150544950497363,0.5
137,2.283333333333333,base,base,static,1,92.41,0.016712079208113583,0.150544950497363,0.5
138,2.3,base,base,static,1,92.55,0.016712079208113583,0.150544950497363,0.5
139,2.316666666666667,base,base,static,1,92.54,0.016712079208113583,0.150544950497363,0.5
140,2.3333333333333335,base,base,static,1,91.96,0.016712079208113583,0.150544950497363,0.5
141,2.35,base,base,static,1,91.01,0.016712079208113583,0.150544950497363,0.5
142,2.3666666666666667,base,base,static,1,91.91,0.016712079208113583,0.150544950497363,0.5
143,2.3833333333333333,base,base,static,1,91.86,0.016712079208113583,0.150544950497363,0.5
144,2.4,base,base,static,1,91.05,0.016712079208113583,0.150544950497363,0.5
145,2.4166666666666665,base,base,static,1,91.91,0.016712079208113583,0.150544950497363,0.5
146,2.433333333333333,base,base,static,1,91.22,0.016712079208113583,0.150544950497363,0.5
147,2.45,base,base,static,1,90.62,0.016712079208113583,0.150544950497363,0.5
148,2.466666666666667,base,base,static,1,91.89,0.016712079208113583,0.150544950497363,0.5
149,2.4833333333333334,base,base,static,1,91.0,0.016712079208113583,0.150544950497363,0.5
150,2.5,base,base,static,1,92.35,0.016712079208113583,0.150544950497363,0.5
151,2.5166666666666666,base,base,static,1,92.13,0.016712079208113583,0.150544950497363,0.5
152,2.533333333333333,base,base,static,1,91.76,0.016712079208113583,0.150544950497363,0.5
153,2.55,base,base,static,1,92.52,0.016712079208113583,0.150544950497363,0.5
154,2.566666666666667,base,base,static,1,91.86,0.016712079208113583,0.150544950497363,0.5
155,2.5833333333333335,base,base,static,1,92.5,0.016712079208113583,0.150544950497363,0.5
156,2.6,base,base,static,1,90.38,0.016712079208113583,0.150544950497363,0.5
157,2.6166666666666667,base,base,static,1,90.03,0.016712079208113583,0.150544950497363,0.5
158,2.6333333333333333,base,base,static,1,89.79,0.016712079208113583,0.150544950497363,0.5
159,2.65,base,base,static,1,89.59,0.016712079208113583,0.150544950497363,0.5
160,2.6666666666666665,base,base,static,1,89.55,0.016712079208113583,0.150544950497363,0.5
161,2.683333333333333,base,base,static,1,88.58,0.016712079208113583,0.150544950497363,0.5
162,2.7,base,base,static,1,89.62,0.016712079208113583,0.150544950497363,0.5
163,2.716666666666667,base,base,static,1,90.01,0.016712079208113583,0.150544950497363,0.5
164,2.7333333333333334,base,base,static,1,90.29,0.016712079208113583,0.150544950497363,0.5
165,2.75,base,base,static,1,90.12,0.016712079208113583,0.150544950497363,0.5
166,2.7666666666666666,base,base,static,1,90.01,0.016712079208113583,0.150544950497363,0.5
167,2.783333333333333,base,win,static,0,90.46,0.016712079208113583,0.150544950497363,0.5
168,2.8,base,win,static,0,89.67,0.016712079208113583,0.150544950497363,0.5
169,2.816666666666667,base,win,static,0,89.96,0.016712079208113583,0.150544950497363,0.5
170,2.8333333333333335,base,win,static,0,88.92,0.016712079208113583,0.150544950497363,0.5
171,2.85,base,win,static,0,89.38,0.016712079208113583,0.150544950497363,0.5
172,2.8666666666666667,base,win,static,0,90.34,0.016712079208113583,0.150544950497363,0.5
173,2.8833333333333333,base,win,static,0,89.92,0.016712079208113583,0.150544950497363,0.5
174,2.9,base,win,static,0,90.09,0.016712079208113583,0.150544950497363,0.5
175,2.9166666666666665,base,win,static,0,89.81,0.016712079208113583,0.150544950497363,0.5
176,2.933333333333333,base,win,static,0,88.91,0.016712079208113583,0.150544950497363,0.5
177,2.95,base,base,static,1,88.8,0.016712079208113583,0.150544950497363,0.5
178,2.966666666666667,base,base,static,1,89.04,0.016712079208113583,0.150544950497363,0.5
179,2.9833333333333334,base,base,static,1,89.31,0.016712079208113583,0.150544950497363,0.5
180,3.0,base,base,static,1,89.03,0.016712079208113583,0.150544950497363,0.5
181,3.0166666666666666,base,base,static,1,86.94,0.016712079208113583,0.150544950497363,0.5
182,3.033333333333333,base,base,static,1,87.13,0.016712079208113583,0.150544950497363,0.5
183,3.05,base,base,static,1,86.6,0.016712079208113583,0.150544950497363,0.5
184,3.066666666666667,base,base,static,1,86.7,0.016712079208113583,0.150544950497363,0.5
185,3.0833333333333335,base,base,static,1,87.06,0.016712079208113583,0.150544950497363,0.5
186,3.1,base,base,static,1,88.67,0.016712079208113583,0.150544950497363,0.5
187,3.1166666666666667,base,base,static,1,87.27,0.016712079208113583,0.150544950497363,0.5
188,3.1333333333333333,base,base,static,1,87.7,0.016712079208113583,0.150544950497363,0.5
189,3.15,base,base,static,1,88.57,0.016712079208113583,0.150544950497363,0.5
190,3.1666666666666665,base,base,static,1,87.82,0.016712079208113583,0.150544950497363,0.5
191,3.183333333333333,base,base,static,1,88.49,0.016712079208113583,0.150544950497363,0.5
192,3.2,base,base,static,1,89.33,0.016712079208113583,0.150544950497363,0.5
193,3.216666666666667,base,base,static,1,89.9,0.016712079208113583,0.150544950497363,0.5
194,3.2333333333333334,base,base,static,1,88.15,0.016712079208113583,0.150544950497363,0.5
195,3.25,base,base,static,1,88.74,0.016712079208113583,0.150544950497363,0.5
196,3.2666666666666666,base,base,static,1,88.89,0.016712079208113583,0.150544950497363,0.5
197,3.283333333333333,base,base,static,1,89.23,0.016712079208113583,0.150544950497363,0.5
198,3.3,base,base,static,1,90.12,0.016712079208113583,0.150544950497363,0.5
199,3.316666666666667,base,base,static,1,89.28,0.016712079208113583,0.150544950497363,0.5
200,3.3333333333333335,base,base,static,1,89.43,0.016712079208113583,0.150544950497363,0.5
201,3.35,base,base,static,1,89.2,0.016712079208113583,0.150544950497363,0.5
202,3.3666666666666667,base,base,static,1,88.31,0.016712079208113583,0.150544950497363,0.5
203,3.3833333333333333,base,base,static,1,87.86,0.016712079208113583,0.150544950497363,0.5
204,3.4,base,base,static,1,88.45,0.016712079208113583,0.150544950497363,0.5
205,3.4166666666666665,base,base,static,1,89.13,0.016712079208113583,0.150544950497363,0.5
206,3.433333333333333,base,base,static,1,88.66,0.016712079208113583,0.150544950497363,0.5
207,3.45,base,base,static,1,89.23,0.016712079208113583,0.150544950497363,0.5
208,3.466666666666667,base,base,static,1,88.75,0.016712079208113583,0.150544950497363,0.5
209,3.4833333333333334,base,base,static,1,88.89,0.016712079208113583,0.150544950497363,0.5
210,3.5,base,base,static,1,89.41,0.016712079208113583,0.150544950497363,0.5
211,3.5166666666666666,base,base,static,1,89.78,0.016712079208113583,0.150544950497363,0.5
212,3.533333333333333,base,base,static,1,89.44,0.016712079208113583,0.150544950497363,0.5
213,3.55,base,base,static,1,89.09,0.016712079208113583,0.150544950497363,0.5
214,3.566666666666667,base,base,static,1,89.68,0.016712079208113583,0.150544950497363,0.5
215,3.5833333333333335,base,base,static,1,89.08,0.016712079208113583,0.150544950497363,0.5
216,3.6,base,base,static,1,88.74,0.016712079208113583,0.150544950497363,0.5
217,3.6166666666666667,base,base,static,1,89.37,0.016712079208113583,0.150544950497363,0.5
218,3.6333333333333333,base,base,static,1,88.46,0.016712079208113583,0.150544950497363,0.5
219,3.65,base,base,static,1,89.76,0.016712079208113583,0.150544950497363,0.5
220,3.6666666666666665,base,base,static,1,89.58,0.016712079208113583,0.150544950497363,0.5
221,3.683333333333333,base,base,static,1,90.05,0.016712079208113583,0.150544950497363,0.5
222,3.7,base,base,static,1,90.31,0.016712079208113583,0.150544950497363,0.5
223,3.716666666666667,base,base,static,1,91.28,0.016712079208113583,0.150544950497363,0.5
224,3.7333333333333334,base,base,static,1,92.09,0.016712079208113583,0.150544950497363,0.5
225,3.75,base,base,static,1,91.9,0.016712079208113583,0.150544950497363,0.5
226,3.7666666666666666,base,base,static,1,92.2,0.016712079208113583,0.150544950497363,0.5
227,3.783333333333333,base,base,static,1,91.96,0.016712079208113583,0.150544950497363,0.5
228,3.8,base,base,static,1,90.47,0.016712079208113583,0.150544950497363,0.5
229,3.816666666666667,base,base,static,1,91.07,0.016712079208113583,0.150544950497363,0.5
230,3.8333333333333335,base,base,static,1,91.66,0.016712079208113583,0.150544950497363,0.5
231,3.85,base,base,static,1,92.42,0.016712079208113583,0.150544950497363,0.5
232,3.8666666666666667,base,base,static,1,91.87,0.016712079208113583,0.150544950497363,0.5
233,3.8833333333333333,base,base,static,1,92.47,0.016712079208113583,0.150544950497363,0.5
234,3.9,base,base,static,1,92.85,0.016712079208113583,0.150544950497363,0.5
235,3.9166666666666665,base,base,static,1,92.54,0.016712079208113583,0.150544950497363,0.5
236,3.933333333333333,base,base,static,1,91.42,0.016712079208113583,0.150544950497363,0.5
237,3.95,base,base,static,1,91.44,0.016712079208113583,0.150544950497363,0.5
238,3.966666666666667,base,base,static,1,91.59,0.016712079208113583,0.150544950497363,0.5
239,3.9833333333333334,base,base,static,1,90.6,0.016712079208113583,0.150544950497363,0.5
240,4.0,base,base,static,1,89.84,0.016712079208113583,0.150544950497363,0.5
241,4.016666666666667,base,base,static,1,89.99,0.016712079208113583,0.150544950497363,0.5
242,4.033333333333333,base,base,static,1,90.98,0.016712079208113583,0.150544950497363,0.5
243,4.05,base,base,static,1,91.03,0.016712079208113583,0.150544950497363,0.5
244,4.066666666666666,base,base,static,1,90.82,0.016712079208113583,0.150544950497363,0.5
245,4.083333333333333,base,base,static,1,90.11,0.016712079208113583,0.150544950497363,0.5
246,4.1,base,base,static,1,90.34,0.016712079208113583,0.150544950497363,0.5
247,4.116666666666666,base,base,static,1,89.39,0.016712079208113583,0.150544950497363,0.5
248,4.133333333333334,base,base,static,1,89.97,0.016712079208113583,0.150544950497363,0.5
249,4.15,base,base,static,1,90.63,0.016712079208113583,0.150544950497363,0.5
250,4.166666666666667,base,base,static,1,89.93,0.016712079208113583,0.150544950497363,0.5
251,4.183333333333334,base,base,static,1,89.62,0.016712079208113583,0.150544950497363,0.5
252,4.2,base,base,static,1,90.76,0.016712079208113583,0.150544950497363,0.5
253,4.216666666666667,base,base,static,1,90.09,0.016712079208113583,0.150544950497363,0.5
254,4.233333333333333,base,base,static,1,90.89,0.016712079208113583,0.150544950497363,0.5
255,4.25,base,base,static,1,91.59,0.016712079208113583,0.150544950497363,0.5
256,4.266666666666667,base,base,static,1,91.52,0.016712079208113583,0.150544950497363,0.5
257,4.283333333333333,base,base,static,1,91.32,0.016712079208113583,0.150544950497363,0.5
258,4.3,base,base,static,1,91.14,0.016712079208113583,0.150544950497363,0.5
259,4.316666666666666,base,base,static,1,89.92,0.016712079208113583,0.150544950497363,0.5
260,4.333333333333333,base,base,static,1,90.64,0.016712079208113583,0.150544950497363,0.5
261,4.35,base,base,static,1,91.1,0.016712079208113583,0.150544950497363,0.5
262,4.366666666666666,base,base,static,1,90.05,0.016712079208113583,0.150544950497363,0.5
263,4.383333333333334,base,base,static,1,90.66,0.016712079208113583,0.150544950497363,0.5
264,4.4,base,base,static,1,90.4,0.016712079208113583,0.150544950497363,0.5
265,4.416666666666667,base,base,static,1,91.29,0.016712079208113583,0.150544950497363,0.5
266,4.433333333333334,base,base,static,1,91.28,0.016712079208113583,0.150544950497363,0.5
267,4.45,base,base,static,1,90.53,0.016712079208113583,0.150544950497363,0.5
268,4.466666666666667,base,base,static,1,91.15,0.016712079208113583,0.150544950497363,0.5
269,4.483333333333333,base,base,static,1,91.29,0.016712079208113583,0.150544950497363,0.5
270,4.5,base,base,static,1,90.65,0.016712079208113583,0.150544950497363,0.5
271,4.516666666666667,base,base,static,1,90.79,0.016712079208113583,0.150544950497363,0.5
272,4.533333333333333,base,base,static,1,92.1,0.016712079208113583,0.150544950497363,0.5
273,4.55,base,base,static,1,92.38,0.016712079208113583,0.150544950497363,0.5
274,4.566666666666666,base,base,static,1,92.33,0.016712079208113583,0.150544950497363,0.5
275,4.583333333333333,base,base,static,1,91.89,0.016712079208113583,0.150544950497363,0.5
276,4.6,base,base,static,1,91.76,0.016712079208113583,0.150544950497363,0.5
277,4.616666666666666,base,base,static,1,91.5,0.016712079208113583,0.150544950497363,0.5
278,4.633333333333334,base,base,static,1,92.15,0.016712079208113583,0.150544950497363,0.5
279,4.65,base,base,static,1,92.58,0.016712079208113583,0.150544950497363,0.5
280,4.666666666666667,base,base,static,1,92.5,0.016712079208113583,0.150544950497363,0.5
281,4.683333333333334,base,base,static,1,93.02,0.016712079208113583,0.150544950497363,0.5
282,4.7,base,base,static,1,92.99,0.016712079208113583,0.150544950497363,0.5
283,4.716666666666667,base,base,static,1,91.74,0.016712079208113583,0.150544950497363,0.5
284,4.733333333333333,base,base,static,1,92.8,0.016712079208113583,0.150544950497363,0.5
285,4.75,base,base,static,1,92.0,0.016712079208113583,0.150544950497363,0.5
286,4.766666666666667,base,base,static,1,91.41,0.016712079208113583,0.150544950497363,0.5
287,4.783333333333333,base,base,static,1,92.9,0.016712079208113583,0.150544950497363,0.5
288,4.8,base,base,static,1,91.9,0.016712079208113583,0.150544950497363,0.5
289,4.816666666666666,base,base,static,1,91.73,0.016712079208113583,0.150544950497363,0.5
290,4.833333333333333,base,base,static,1,91.61,0.016712079208113583,0.150544950497363,0.5
291,4.85,base,base,static,1,91.81,0.016712079208113583,0.150544950497363,0.5
292,4.866666666666666,base,base,static,1,92.79,0.016712079208113583,0.150544950497363,0.5
293,4.883333333333334,base,base,static,1,91.82,0.016712079208113583,0.150544950497363,0.5
294,4.9,base,base,static,1,93.0,0.016712079208113583,0.150544950497363,0.5
295,4.916666666666667,base,base,static,1,93.24,0.016712079208113583,0.150544950497363,0.5
296,4.933333333333334,base,base,static,1,92.5,0.016712079208113583,0.150544950497363,0.5
297,4.95,base,base,static,1,91.9,0.016712079208113583,0.150544950497363,0.5
298,4.966666666666667,base,base,static,1,91.49,0.016712079208113583,0.150544950497363,0.5
299,4.983333333333333,base,base,static,1,92.31,0.016712079208113583,0.150544950497363,0.5
300,5.0,base,base,static,1,91.34,0.016712079208113583,0.150544950497363,0.5
301,5.016666666666667,base,base,static,1,91.25,0.016712079208113583,0.150544950497363,0.5
302,5.033333333333333,base,base,static,1,92.76,0.016712079208113583,0.150544950497363,0.5
303,5.05,base,base,static,1,92.04,0.016712079208113583,0.150544950497363,0.5
304,5.066666666666666,base,base,static,1,92.19,0.016712079208113583,0.150544950497363,0.5
305,5.083333333333333,base,base,static,1,92.27,0.016712079208113583,0.150544950497363,0.5
306,5.1,base,base,static,1,91.77,0.016712079208113583,0.150544950497363,0.5
307,5.116666666666666,base,base,static,1,91.11,0.016712079208113583,0.150544950497363,0.5
308,5.133333333333334,base,base,static,1,90.71,0.016712079208113583,0.150544950497363,0.5
309,5.15,base,base,static,1,89.88,0.016712079208113583,0.150544950497363,0.5
310,5.166666666666667,base,base,static,1,89.98,0.016712079208113583,0.150544950497363,0.5
311,5.183333333333334,base,base,static,1,89.2,0.016712079208113583,0.150544950497363,0.5
312,5.2,base,base,static,1,88.81,0.016712079208113583,0.150544950497363,0.5
313,5.216666666666667,base,base,static,1,89.72,0.016712079208113583,0.150544950497363,0.5
314,5.233333333333333,base,base,static,1,89.43,0.016712079208113583,0.150544950497363,0.5
315,5.25,base,base,static,1,88.36,0.016712079208113583,0.150544950497363,0.5
316,5.266666666666667,base,base,static,1,87.73,0.016712079208113583,0.150544950497363,0.5
317,5.283333333333333,base,base,static,1,88.29,0.016712079208113583,0.150544950497363,0.5
318,5.3,base,base,static,1,87.76,0.016712079208113583,0.150544950497363,0.5
319,5.316666666666666,base,base,static,1,89.19,0.016712079208113583,0.150544950497363,0.5
320,5.333333333333333,base,base,static,1,87.9,0.016712079208113583,0.150544950497363,0.5
321,5.35,base,base,static,1,88.97,0.016712079208113583,0.150544950497363,0.5
322,5.366666666666666,base,base,static,1,89.01,0.016712079208113583,0.150544950497363,0.5
323,5.383333333333334,base,base,static,1,88.75,0.016712079208113583,0.150544950497363,0.5
324,5.4,base,base,static,1,89.8,0.016712079208113583,0.150544950497363,0.5
325,5.416666666666667,base,base,static,1,88.94,0.016712079208113583,0.150544950497363,0.5
326,5.433333333333334,base,base,static,1,89.31,0.016712079208113583,0.150544950497363,0.5
327,5.45,base,base,static,1,89.89,0.016712079208113583,0.150544950497363,0.5
328,5.466666666666667,base,base,static,1,89.35,0.016712079208113583,0.150544950497363,0.5
329,5.483333333333333,base,base,static,1,89.78,0.016712079208113583,0.150544950497363,0.5
330,5.5,base,base,static,1,89.48,0.016712079208113583,0.150544950497363,0.5
331,5.516666666666667,base,base,static,1,89.02,0.016712079208113583,0.150544950497363,0.5
332,5.533333333333333,base,base,static,1,90.0,0.016712079208113583,0.150544950497363,0.5
333,5.55,base,base,static,1,89.5,0.016712079208113583,0.150544950497363,0.5
334,5.566666666666666,base,base,static,1,90.35,0.016712079208113583,0.150544950497363,0.5
335,5.583333333333333,base,base,static,1,90.84,0.016712079208113583,0.150544950497363,0.5
336,5.6,base,base,static,1,92.22,0.016712079208113583,0.150544950497363,0.5
337,5.616666666666666,base,base,static,1,90.94,0.016712079208113583,0.150544950497363,0.5
338,5.633333333333334,base,base,static,1,91.64,0.016712079208113583,0.150544950497363,0.5
339,5.65,base,base,static,1,91.67,0.016712079208113583,0.150544950497363,0.5
340,5.666666666666667,base,base,static,1,92.65,0.016712079208113583,0.150544950497363,0.5
341,5.683333333333334,base,base,static,1,93.23,0.016712079208113583,0.150544950497363,0.5
342,5.7,base,base,static,1,93.73,0.016712079208113583,0.150544950497363,0.5
343,5.716666666666667,base,base,static,1,92.9,0.016712079208113583,0.150544950497363,0.5
344,5.733333333333333,base,base,static,1,93.79,0.016712079208113583,0.150544950497363,0.5
345,5.75,base,base,static,1,93.15,0.016712079208113583,0.150544950497363,0.5
346,5.766666666666667,base,base,static,1,93.37,0.016712079208113583,0.150544950497363,0.5
347,5.783333333333333,base,base,static,1,93.07,0.016712079208113583,0.150544950497363,0.5
348,5.8,base,base,static,1,94.3,0.016712079208113583,0.150544950497363,0.5
349,5.816666666666666,base,base,static,1,93.6,0.016712079208113583,0.150544950497363,0.5
350,5.833333333333333,base,base,static,1,93.36,0.016712079208113583,0.150544950497363,0.5
351,5.85,base,base,static,1,93.92,0.016712079208113583,0.150544950497363,0.5
352,5.866666666666666,base,base,static,1,93.24,0.016712079208113583,0.150544950497363,0.5
353,5.883333333333334,base,base,static,1,93.56,0.016712079208113583,0.150544950497363,0.5
354,5.9,base,base,static,1,92.81,0.016712079208113583,0.150544950497363,0.5
355,5.916666666666667,base,base,static,1,93.19,0.016712079208113583,0.150544950497363,0.5
356,5.933333333333334,base,base,static,1,93.18,0.016712079208113583,0.150544950497363,0.5
357,5.95,base,base,static,1,93.45,0.016712079208113583,0.150544950497363,0.5
358,5.966666666666667,base,base,static,1,92.75,0.016712079208113583,0.150544950497363,0.5
359,5.983333333333333,base,base,static,1,93.18,0.016712079208113583,0.150544950497363,0.5
360,6.0,base,base,static,1,93.77,0.016712079208113583,0.150544950497363,0.5
361,6.016666666666667,base,base,static,1,94.11,0.016712079208113583,0.150544950497363,0.5
362,6.033333333333333,base,base,static,1,94.12,0.016712079208113583,0.150544950497363,0.5
363,6.05,base,base,static,1,92.86,0.016712079208113583,0.150544950497363,0.5
364,6.066666666666666,base,base,static,1,93.34,0.016712079208113583,0.150544950497363,0.5
365,6.083333333333333,base,base,static,1,92.13,0.016712079208113583,0.150544950497363,0.5
366,6.1,base,base,static,1,92.28,0.016712079208113583,0.150544950497363,0.5
367,6.116666666666666,base,base,static,1,92.3,0.016712079208113583,0.150544950497363,0.5
368,6.133333333333334,base,base,static,1,92.11,0.016712079208113583,0.150544950497363,0.5
369,6.15,base,base,static,1,92.71,0.016712079208113583,0.150544950497363,0.5
370,6.166666666666667,base,base,static,1,92.98,0.016712079208113583,0.150544950497363,0.5
371,6.183333333333334,base,base,static,1,93.09,0.016712079208113583,0.150544950497363,0.5
372,6.2,base,base,static,1,93.23,0.016712079208113583,0.150544950497363,0.5
373,6.216666666666667,base,base,static,1,93.61,0.016712079208113583,0.150544950497363,0.5
374,6.233333333333333,base,base,static,1,93.75,0.016712079208113583,0.150544950497363,0.5
375,6.25,base,base,static,1,92.68,0.016712079208113583,0.150544950497363,0.5
376,6.266666666666667,base,base,static,1,93.62,0.016712079208113583,0.150544950497363,0.5
377,6.283333333333333,base,base,static,1,93.96,0.016712079208113583,0.150544950497363,0.5
378,6.3,base,base,static,1,94.03,0.016712079208113583,0.150544950497363,0.5
379,6.316666666666666,base,base,static,1,93.89,0.016712079208113583,0.150544950497363,0.5
380,6.333333333333333,base,base,static,1,93.57,0.016712079208113583,0.150544950497363,0.5
381,6.35,base,base,static,1,92.84,0.016712079208113583,0.150544950497363,0.5
382,6.366666666666666,base,base,static,1,92.97,0.016712079208113583,0.150544950497363,0.5
383,6.383333333333334,base,base,static,1,92.78,0.016712079208113583,0.150544950497363,0.5
384,6.4,base,base,static,1,93.16,0.016712079208113583,0.150544950497363,0.5
385,6.416666666666667,base,base,static,1,94.1,0.016712079208113583,0.150544950497363,0.5
386,6.433333333333334,base,base,static,1,94.13,0.016712079208113583,0.150544950497363,0.5
387,6.45,base,base,static,1,92.9,0.016712079208113583,0.150544950497363,0.5
388,6.466666666666667,base,base,static,1,93.04,0.016712079208113583,0.150544950497363,0.5
389,6.483333333333333,base,base,static,1,93.15,0.016712079208113583,0.150544950497363,0.5
390,6.5,base,base,static,1,92.42,0.016712079208113583,0.150544950497363,0.5
391,6.516666666666667,base,base,static,1,91.58,0.016712079208113583,0.150544950497363,0.5
392,6.533333333333333,base,base,static,1,92.12,0.016712079208113583,0.150544950497363,0.5
393,6.55,base,base,static,1,91.75,0.016712079208113583,0.150544950497363,0.5
394,6.566666666666666,base,base,static,1,92.17,0.016712079208113583,0.150544950497363,0.5
395,6.583333333333333,base,base,static,1,90.75,0.016712079208113583,0.150544950497363,0.5
396,6.6,base,base,static,1,91.46,0.016712079208113583,0.150544950497363,0.5
397,6.616666666666666,base,base,static,1,91.33,0.016712079208113583,0.150544950497363,0.5
398,6.633333333333334,base,base,static,1,91.53,0.016712079208113583,0.150544950497363,0.5
399,6.65,base,base,static,1,92.07,0.016712079208113583,0.150544950497363,0.5
400,6.666666666666667,base,base,static,1,91.21,0.016712079208113583,0.150544950497363,0.5
401,6.683333333333334,base,base,static,1,91.52,0.016712079208113583,0.150544950497363,0.5
402,6.7,base,base,static,1,92.9,0.016712079208113583,0.150544950497363,0.5
403,6.716666666666667,base,base,static,1,92.72,0.016712079208113583,0.150544950497363,0.5
404,6.733333333333333,base,base,static,1,92.56,0.016712079208113583,0.150544950497363,0.5
405,6.75,base,base,static,1,92.09,0.016712079208113583,0.150544950497363,0.5
406,6.766666666666667,base,base,static,1,93.2,0.016712079208113583,0.150544950497363,0.5
407,6.783333333333333,base,base,static,1,92.51,0.016712079208113583,0.150544950497363,0.5
408,6.8,base,base,static,1,91.38,0.016712079208113583,0.150544950497363,0.5
409,6.816666666666666,base,base,static,1,92.77,0.016712079208113583,0.150544950497363,0.5
410,6.833333333333333,base,base,static,1,91.78,0.016712079208113583,0.150544950497363,0.5
411,6.85,base,base,static,1,91.66,0.016712079208113583,0.150544950497363,0.5
412,6.866666666666666,base,base,static,1,91.67,0.016712079208113583,0.150544950497363,0.5
413,6.883333333333334,base,base,static,1,91.92,0.016712079208113583,0.150544950497363,0.5
414,6.9,base,base,static,1,91.73,0.016712079208113583,0.150544950497363,0.5
415,6.916666666666667,base,base,static,1,93.01,0.016712079208113583,0.150544950497363,0.5
416,6.933333333333334,base,base,static,1,92.76,0.016712079208113583,0.150544950497363,0.5
417,6.95,base,base,static,1,92.8,0.016712079208113583,0.150544950497363,0.5
418,6.966666666666667,base,base,static,1,92.41,0.016712079208113583,0.150544950497363,0.5
419,6.983333333333333,base,base,static,1,92.79,0.016712079208113583,0.150544950497363,0.5
420,7.0,base,base,static,1,94.17,0.016712079208113583,0.150544950497363,0.5
421,7.016666666666667,base,base,static,1,92.83,0.016712079208113583,0.150544950497363,0.5
422,7.033333333333333,base,base,static,1,92.95,0.016712079208113583,0.150544950497363,0.5
423,7.05,base,base,static,1,92.01,0.016712079208113583,0.150544950497363,0.5
424,7.066666666666666,base,base,static,1,93.45,0.016712079208113583,0.150544950497363,0.5
425,7.083333333333333,base,base,static,1,93.6,0.016712079208113583,0.150544950497363,0.5
426,7.1,base,base,static,1,93.58,0.016712079208113583,0.150544950497363,0.5
427,7.116666666666666,base,base,static,1,95.03,0.016712079208113583,0.150544950497363,0.5
428,7.133333333333334,base,base,static,1,94.46,0.016712079208113583,0.150544950497363,0.5
429,7.15,base,base,static,1,94.47,0.016712079208113583,0.150544950497363,0.5
430,7.166666666666667,base,base,static,1,94.74,0.016712079208113583,0.150544950497363,0.5
431,7.183333333333334,base,base,static,1,94.24,0.016712079208113583,0.150544950497363,0.5
432,7.2,base,base,static,1,94.48,0.016712079208113583,0.150544950497363,0.5
433,7.216666666666667,base,base,static,1,94.63,0.016712079208113583,0.150544950497363,0.5
434,7.233333333333333,base,base,static,1,93.3,0.016712079208113583,0.150544950497363,0.5
435,7.25,base,base,static,1,92.73,0.016712079208113583,0.150544950497363,0.5
436,7.266666666666667,base,base,static,1,91.94,0.016712079208113583,0.150544950497363,0.5
437,7.283333333333333,occ,base,static,0,91.76,0.016712079208113583,0.150544950497363,0.5
438,7.3,occ,base,static,0,92.49,0.016712079208113583,0.150544950497363,0.5
439,7.316666666666666,occ,base,static,0,92.03,0.016712079208113583,0.150544950497363,0.5
440,7.333333333333333,occ,base,static,0,91.43,0.016712079208113583,0.150544950497363,0.5
441,7.35,occ,base,static,0,90.64,0.016712079208113583,0.150544950497363,0.5
442,7.366666666666666,occ,occ,static,1,91.01,0.016712079208113583,0.150544950497363,0.5
443,7.383333333333334,occ,occ,static,1,90.27,0.016712079208113583,0.150544950497363,0.5
444,7.4,occ,occ,static,1,90.51,0.016712079208113583,0.150544950497363,0.5
445,7.416666666666667,occ,occ,static,1,90.23,0.016712079208113583,0.150544950497363,0.5
446,7.433333333333334,occ,occ,static,1,89.96,0.016712079208113583,0.150544950497363,0.5
447,7.45,occ,occ,static,1,89.47,0.016712079208113583,0.150544950497363,0.5
448,7.466666666666667,occ,occ,static,1,89.17,0.016712079208113583,0.150544950497363,0.5
449,7.483333333333333,occ,occ,static,1,88.63,0.016712079208113583,0.150544950497363,0.5
450,7.5,occ,occ,static,1,89.75,0.016712079208113583,0.150544950497363,0.5
451,7.516666666666667,occ,occ,static,1,89.37,0.016712079208113583,0.150544950497363,0.5
452,7.533333333333333,occ,occ,static,1,90.05,0.016712079208113583,0.150544950497363,0.5
453,7.55,occ,occ,static,1,89.09,0.016712079208113583,0.150544950497363,0.5
454,7.566666666666666,occ,occ,static,1,89.33,0.016712079208113583,0.150544950497363,0.5
455,7.583333333333333,occ,occ,static,1,87.55,0.016712079208113583,0.150544950497363,0.5
456,7.6,occ,occ,static,1,88.1,0.016712079208113583,0.150544950497363,0.5
457,7.616666666666666,occ,occ,static,1,89.13,0.016712079208113583,0.150544950497363,0.5
458,7.633333333333334,occ,occ,static,1,87.09,0.016712079208113583,0.150544950497363,0.5
459,7.65,occ,occ,static,1,86.58,0.016712079208113583,0.150544950497363,0.5
460,7.666666666666667,occ,occ,static,1,86.98,0.016712079208113583,0.150544950497363,0.5
461,7.683333333333334,occ,occ,static,1,86.61,0.016712079208113583,0.150544950497363,0.5
462,7.7,occ,occ,static,1,86.4,0.016712079208113583,0.150544950497363,0.5
463,7.716666666666667,occ,occ,static,1,87.05,0.016712079208113583,0.150544950497363,0.5
464,7.733333333333333,occ,occ,static,1,85.98,0.016712079208113583,0.150544950497363,0.5
465,7.75,occ,occ,static,1,85.18,0.016712079208113583,0.150544950497363,0.5
466,7.766666666666667,occ,occ,static,1,84.45,0.016712079208113583,0.150544950497363,0.5
467,7.783333333333333,occ,occ,static,1,84.09,0.016712079208113583,0.150544950497363,0.5
468,7.8,occ,occ,static,1,82.95,0.016712079208113583,0.150544950497363,0.5
469,7.816666666666666,occ,occ,static,1,83.7,0.016712079208113583,0.150544950497363,0.5
470,7.833333333333333,occ,occ,static,1,82.7,0.016712079208113583,0.150544950497363,0.5
471,7.85,occ,occ,static,1,81.79,0.016712079208113583,0.150544950497363,0.5
472,7.866666666666666,occ,occ,static,1,79.23,0.016712079208113583,0.150544950497363,0.5
473,7.883333333333334,occ,occ,static,1,79.11,0.016712079208113583,0.150544950497363,0.5
474,7.9,occ,occ,static,1,77.8,0.016712079208113583,0.150544950497363,0.5
475,7.916666666666667,occ,occ,static,1,78.75,0.016712079208113583,0.150544950497363,0.5
476,7.933333333333334,occ,occ,static,1,78.51,0.016712079208113583,0.150544950497363,0.5
477,7.95,occ,occ,static,1,78.54,0.016712079208113583,0.150544950497363,0.5
478,7.966666666666667,occ,occ,static,1,77.88,0.016712079208113583,0.150544950497363,0.5
479,7.983333333333333,occ,occ,static,1,77.02,0.016712079208113583,0.150544950497363,0.5
480,8.0,occ,occ,static,1,76.86,0.016712079208113583,0.150544950497363,0.5
481,8.016666666666667,occ,occ,static,1,77.52,0.016712079208113583,0.150544950497363,0.5
482,8.033333333333333,full,occ,static,0,77.29,0.016712079208113583,0.150544950497363,0.5
483,8.05,full,occ,static,0,78.26,0.016712079208113583,0.150544950497363,0.5
484,8.066666666666666,full,occ,static,0,77.83,0.016712079208113583,0.150544950497363,0.5
485,8.083333333333334,full,occ,static,0,77.67,0.016712079208113583,0.150544950497363,0.5
486,8.1,full,occ,static,0,77.45,0.016712079208113583,0.150544950497363,0.5
487,8.116666666666667,full,occ,static,0,77.44,0.016712079208113583,0.150544950497363,0.5
488,8.133333333333333,full,occ,static,0,76.79,0.016712079208113583,0.150544950497363,0.5
489,8.15,full,occ,static,0,77.13,0.016712079208113583,0.150544950497363,0.5
490,8.166666666666666,full,occ,static,0,76.36,0.016712079208113583,0.150544950497363,0.5
491,8.183333333333334,full,occ,static,0,76.42,0.016712079208113583,0.150544950497363,0.5
492,8.2,full,occ,static,0,76.92,0.016712079208113583,0.150544950497363,0.5
493,8.216666666666667,full,occ,static,0,75.83,0.016712079208113583,0.150544950497363,0.5
494,8.233333333333333,full,occ,static,0,76.3,0.016712079208113583,0.150544950497363,0.5
495,8.25,full,occ,static,0,76.05,0.016712079208113583,0.150544950497363,0.5
496,8.266666666666667,full,occ,static,0,76.34,0.016712079208113583,0.150544950497363,0.5
497,8.283333333333333,full,occ,static,0,75.39,0.016712079208113583,0.150544950497363,0.5
498,8.3,full,occ,static,0,74.9,0.016712079208113583,0.150544950497363,0.5
499,8.316666666666666,full,occ,static,0,75.2,0.016712079208113583,0.150544950497363,0.5
500,8.333333333333334,full,occ,static,0,75.31,0.016712079208113583,0.150544950497363,0.5
501,8.35,full,occ,static,0,75.1,0.016712079208113583,0.150544950497363,0.5
502,8.366666666666667,full,occ,static,0,75.07,0.016712079208113583,0.150544950497363,0.5
503,8.383333333333333,full,occ,static,0,75.46,0.016712079208113583,0.150544950497363,0.5
504,8.4,full,occ,static,0,73.67,0.016712079208113583,0.150544950497363,0.5
505,8.416666666666666,full,occ,static,0,74.52,0.016712079208113583,0.150544950497363,0.5
506,8.433333333333334,full,occ,static,0,74.19,0.016712079208113583,0.150544950497363,0.5
507,8.45,full,occ,static,0,74.01,0.016712079208113583,0.150544950497363,0.5
508,8.466666666666667,full,occ,static,0,74.3,0.016712079208113583,0.150544950497363,0.5
509,8.483333333333333,full,occ,static,0,74.15,0.016712079208113583,0.150544950497363,0.5
510,8.5,full,occ,static,0,74.15,0.016712079208113583,0.150544950497363,0.5
511,8.516666666666667,full,occ,static,0,74.43,0.016712079208113583,0.150544950497363,0.5
512,8.533333333333333,full,occ,static,0,74.85,0.016712079208113583,0.150544950497363,0.5
513,8.55,full,occ,static,0,74.34,0.016712079208113583,0.150544950497363,0.5
514,8.566666666666666,full,occ,static,0,74.35,0.016712079208113583,0.150544950497363,0.5
515,8.583333333333334,full,occ,static,0,75.52,0.016712079208113583,0.150544950497363,0.5
516,8.6,full,occ,static,0,75.48,0.016712079208113583,0.150544950497363,0.5
517,8.616666666666667,full,occ,static,0,73.73,0.016712079208113583,0.150544950497363,0.5
518,8.633333333333333,full,occ,static,0,73.93,0.016712079208113583,0.150544950497363,0.5
519,8.65,full,occ,static,0,74.11,0.016712079208113583,0.150544950497363,0.5
520,8.666666666666666,full,occ,static,0,74.24,0.016712079208113583,0.150544950497363,0.5
521,8.683333333333334,full,occ,static,0,73.71,0.016712079208113583,0.150544950497363,0.5
522,8.7,full,occ,static,0,74.76,0.016712079208113583,0.150544950497363,0.5
523,8.716666666666667,full,occ,static,0,74.9,0.016712079208113583,0.150544950497363,0.5
524,8.733333333333333,full,occ,static,0,74.14,0.016712079208113583,0.150544950497363,0.5
525,8.75,full,occ,static,0,73.5,0.016712079208113583,0.150544950497363,0.5
526,8.766666666666667,full,occ,static,0,72.86,0.016712079208113583,0.150544950497363,0.5
527,8.783333333333333,full,occ,static,0,72.18,0.016712079208113583,0.150544950497363,0.5
528,8.8,full,occ,static,0,72.6,0.016712079208113583,0.150544950497363,0.5
529,8.816666666666666,full,occ,static,0,73.13,0.016712079208113583,0.150544950497363,0.5
530,8.833333333333334,full,occ,static,0,72.61,0.016712079208113583,0.150544950497363,0.5
531,8.85,full,occ,static,0,72.22,0.016712079208113583,0.150544950497363,0.5
532,8.866666666666667,full,occ,static,0,72.13,0.016712079208113583,0.150544950497363,0.5
533,8.883333333333333,full,occ,static,0,72.07,0.016712079208113583,0.150544950497363,0.5
534,8.9,full,occ,static,0,72.65,0.016712079208113583,0.150544950497363,0.5
535,8.916666666666666,full,occ,static,0,72.59,0.016712079208113583,0.150544950497363,0.5
536,8.933333333333334,full,occ,static,0,72.22,0.016712079208113583,0.150544950497363,0.5
537,8.95,full,occ,static,0,71.96,0.016712079208113583,0.150544950497363,0.5
538,8.966666666666667,full,occ,static,0,72.22,0.016712079208113583,0.150544950497363,0.5
539,8.983333333333333,full,occ,static,0,72.41,0.016712079208113583,0.150544950497363,0.5
540,9.0,full,occ,static,0,71.55,0.016712079208113583,0.150544950497363,0.5
541,9.016666666666667,full,occ,static,0,70.61,0.016712079208113583,0.150544950497363,0.5
542,9.033333333333333,full,occ,static,0,70.62,0.016712079208113583,0.150544950497363,0.5
543,9.05,full,occ,static,0,70.34,0.016712079208113583,0.150544950497363,0.5
544,9.066666666666666,full,occ,static,0,71.14,0.016712079208113583,0.150544950497363,0.5
545,9.083333333333334,full,occ,static,0,71.19,0.016712079208113583,0.150544950497363,0.5
546,9.1,full,occ,static,0,70.54,0.016712079208113583,0.150544950497363,0.5
547,9.116666666666667,full,occ,static,0,68.83,0.016712079208113583,0.150544950497363,0.5
548,9.133333333333333,full,occ,static,0,69.07,0.016712079208113583,0.150544950497363,0.5
549,9.15,full,occ,static,0,69.24,0.016712079208113583,0.150544950497363,0.5
550,9.166666666666666,full,occ,static,0,68.96,0.016712079208113583,0.150544950497363,0.5
551,9.183333333333334,full,occ,static,0,69.39,0.016712079208113583,0.150544950497363,0.5
552,9.2,full,occ,static,0,69.27,0.016712079208113583,0.150544950497363,0.5
553,9.216666666666667,full,occ,static,0,69.0,0.016712079208113583,0.150544950497363,0.5
554,9.233333333333333,full,occ,static,0,68.97,0.016712079208113583,0.150544950497363,0.5
555,9.25,full,occ,static,0,68.64,0.016712079208113583,0.150544950497363,0.5
556,9.266666666666667,full,occ,static,0,69.05,0.016712079208113583,0.150544950497363,0.5
557,9.283333333333333,full,occ,static,0,68.42,0.016712079208113583,0.150544950497363,0.5
558,9.3,full,occ,static,0,69.11,0.016712079208113583,0.150544950497363,0.5
559,9.316666666666666,full,occ,static,0,70.07,0.016712079208113583,0.150544950497363,0.5
560,9.333333333333334,full,occ,static,0,69.93,0.016712079208113583,0.150544950497363,0.5
561,9.35,full,occ,static,0,69.76,0.016712079208113583,0.150544950497363,0.5
562,9.366666666666667,full,occ,static,0,69.01,0.016712079208113583,0.150544950497363,0.5
563,9.383333333333333,full,occ,static,0,68.95,0.016712079208113583,0.150544950497363,0.5
564,9.4,full,occ,static,0,68.56,0.016712079208113583,0.150544950497363,0.5
565,9.416666666666666,full,occ,static,0,67.58,0.016712079208113583,0.150544950497363,0.5
566,9.433333333333334,full,occ,static,0,68.19,0.016712079208113583,0.150544950497363,0.5
567,9.45,full,occ,static,0,68.5,0.016712079208113583,0.150544950497363,0.5
568,9.466666666666667,full,occ,static,0,67.72,0.016712079208113583,0.150544950497363,0.5
569,9.483333333333333,full,occ,static,0,67.33,0.016712079208113583,0.150544950497363,0.5
570,9.5,full,occ,static,0,67.59,0.016712079208113583,0.150544950497363,0.5
571,9.516666666666667,full,occ,static,0,66.58,0.016712079208113583,0.150544950497363,0.5
572,9.533333333333333,full,occ,static,0,67.43,0.016712079208113583,0.150544950497363,0.5
573,9.55,full,occ,static,0,67.49,0.016712079208113583,0.150544950497363,0.5
574,9.566666666666666,full,occ,static,0,66.95,0.016712079208113583,0.150544950497363,0.5
575,9.583333333333334,full,occ,static,0,68.4,0.016712079208113583,0.150544950497363,0.5
576,9.6,full,occ,static,0,67.5,0.016712079208113583,0.150544950497363,0.5
577,9.616666666666667,full,occ,static,0,67.81,0.016712079208113583,0.150544950497363,0.5
578,9.633333333333333,full,occ,static,0,67.34,0.016712079208113583,0.150544950497363,0.5
579,9.65,full,occ,static,0,68.81,0.016712079208113583,0.150544950497363,0.5
580,9.666666666666666,full,occ,static,0,67.91,0.016712079208113583,0.150544950497363,0.5
581,9.683333333333334,full,occ,static,0,67.54,0.016712079208113583,0.150544950497363,0.5
582,9.7,full,occ,static,0,67.92,0.016712079208113583,0.150544950497363,0.5
583,9.716666666666667,full,occ,static,0,67.49,0.016712079208113583,0.150544950497363,0.5
584,9.733333333333333,full,occ,static,0,67.53,0.016712079208113583,0.150544950497363,0.5
585,9.75,full,occ,static,0,67.45,0.016712079208113583,0.150544950497363,0.5
586,9.766666666666667,full,occ,static,0,67.55,0.016712079208113583,0.150544950497363,0.5
587,9.783333333333333,full,occ,static,0,67.01,0.016712079208113583,0.150544950497363,0.5
588,9.8,full,occ,static,0,67.59,0.016712079208113583,0.150544950497363,0.5
589,9.816666666666666,full,occ,static,0,67.24,0.016712079208113583,0.150544950497363,0.5
590,9.833333333333334,full,occ,static,0,68.15,0.016712079208113583,0.150544950497363,0.5
591,9.85,full,occ,static,0,67.25,0.016712079208113583,0.150544950497363,0.5
592,9.866666666666667,full,occ,static,0,67.2,0.016712079208113583,0.150544950497363,0.5
593,9.883333333333333,full,occ,static,0,65.78,0.016712079208113583,0.150544950497363,0.5
594,9.9,full,occ,static,0,67.2,0.016712079208113583,0.150544950497363,0.5
595,9.916666666666666,full,occ,static,0,65.64,0.016712079208113583,0.150544950497363,0.5
596,9.933333333333334,full,occ,static,0,65.29,0.016712079208113583,0.150544950497363,0.5
597,9.95,full,occ,static,0,64.77,0.016712079208113583,0.150544950497363,0.5
598,9.966666666666667,full,occ,static,0,64.59,0.016712079208113583,0.150544950497363,0.5
599,9.983333333333333,full,occ,static,0,65.43,0.016712079208113583,0.150544950497363,0.5
600,10.0,full,occ,static,0,64.9,0.016712079208113583,0.150544950497363,0.5
601,10.016666666666667,full,occ,static,0,65.26,0.016712079208113583,0.150544950497363,0.5
602,10.033333333333333,full,occ,static,0,65.85,0.016712079208113583,0.150544950497363,0.5
603,10.05,full,occ,static,0,66.2,0.016712079208113583,0.150544950497363,0.5
604,10.066666666666666,full,occ,static,0,66.4,0.016712079208113583,0.150544950497363,0.5
605,10.083333333333334,full,occ,static,0,66.2,0.016712079208113583,0.150544950497363,0.5
606,10.1,full,occ,static,0,66.27,0.016712079208113583,0.150544950497363,0.5
607,10.116666666666667,full,occ,static,0,64.57,0.016712079208113583,0.150544950497363,0.5
608,10.133333333333333,full,occ,static,0,64.96,0.016712079208113583,0.150544950497363,0.5
609,10.15,full,occ,static,0,65.05,0.016712079208113583,0.150544950497363,0.5
610,10.166666666666666,full,occ,static,0,65.92,0.016712079208113583,0.150544950497363,0.5
611,10.183333333333334,full,occ,static,0,65.41,0.016712079208113583,0.150544950497363,0.5
612,10.2,full,occ,static,0,65.72,0.016712079208113583,0.150544950497363,0.5
613,10.216666666666667,full,occ,static,0,64.58,0.016712079208113583,0.150544950497363,0.5
614,10.233333333333333,full,occ,static,0,64.96,0.016712079208113583,0.150544950497363,0.5
615,10.25,full,occ,static,0,64.55,0.016712079208113583,0.150544950497363,0.5
616,10.266666666666667,full,occ,static,0,64.52,0.016712079208113583,0.150544950497363,0.5
617,10.283333333333333,full,occ,static,0,65.19,0.016712079208113583,0.150544950497363,0.5
618,10.3,full,occ,static,0,64.94,0.016712079208113583,0.150544950497363,0.5
619,10.316666666666666,full,occ,static,0,64.93,0.016712079208113583,0.150544950497363,0.5
620,10.333333333333334,full,occ,static,0,64.22,0.016712079208113583,0.150544950497363,0.5
621,10.35,full,occ,static,0,64.17,0.016712079208113583,0.150544950497363,0.5
622,10.366666666666667,full,occ,static,0,64.4,0.016712079208113583,0.150544950497363,0.5
623,10.383333333333333,full,occ,static,0,64.44,0.016712079208113583,0.150544950497363,0.5
624,10.4,full,occ,static,0,62.76,0.016712079208113583,0.150544950497363,0.5
625,10.416666666666666,full,occ,static,0,63.56,0.016712079208113583,0.150544950497363,0.5
626,10.433333333333334,full,occ,static,0,62.63,0.016712079208113583,0.150544950497363,0.5
627,10.45,full,occ,static,0,62.9,0.016712079208113583,0.150544950497363,0.5
628,10.466666666666667,full,occ,static,0,63.0,0.016712079208113583,0.150544950497363,0.5
629,10.483333333333333,full,occ,static,0,62.48,0.016712079208113583,0.150544950497363,0.5
630,10.5,full,occ,static,0,62.35,0.016712079208113583,0.150544950497363,0.5
631,10.516666666666667,full,occ,static,0,63.83,0.016712079208113583,0.150544950497363,0.5
632,10.533333333333333,full,occ,static,0,62.72,0.016712079208113583,0.150544950497363,0.5
633,10.55,full,occ,static,0,62.2,0.016712079208113583,0.150544950497363,0.5
634,10.566666666666666,full,occ,static,0,61.99,0.016712079208113583,0.150544950497363,0.5
635,10.583333333333334,full,occ,static,0,62.7,0.016712079208113583,0.150544950497363,0.5
636,10.6,full,occ,static,0,62.83,0.016712079208113583,0.150544950497363,0.5
637,10.616666666666667,full,occ,static,0,61.45,0.016712079208113583,0.150544950497363,0.5
638,10.633333333333333,full,occ,static,0,61.76,0.016712079208113583,0.150544950497363,0.5
639,10.65,full,occ,static,0,62.51,0.016712079208113583,0.150544950497363,0.5
640,10.666666666666666,full,occ,static,0,63.18,0.016712079208113583,0.150544950497363,0.5
641,10.683333333333334,full,occ,static,0,62.08,0.016712079208113583,0.150544950497363,0.5
642,10.7,full,occ,static,0,62.95,0.016712079208113583,0.150544950497363,0.5
643,10.716666666666667,full,occ,static,0,62.41,0.016712079208113583,0.150544950497363,0.5
644,10.733333333333333,full,occ,static,0,61.85,0.016712079208113583,0.150544950497363,0.5
645,10.75,full,occ,static,0,60.98,0.016712079208113583,0.150544950497363,0.5
646,10.766666666666667,full,occ,static,0,61.4,0.016712079208113583,0.150544950497363,0.5
647,10.783333333333333,full,occ,static,0,61.15,0.016712079208113583,0.150544950497363,0.5
648,10.8,full,occ,static,0,59.84,0.016712079208113583,0.150544950497363,0.5
649,10.816666666666666,full,occ,static,0,60.05,0.016712079208113583,0.150544950497363,0.5
650,10.833333333333334,full,occ,static,0,60.52,0.016712079208113583,0.150544950497363,0.5
651,10.85,full,occ,static,0,61.2,0.016712079208113583,0.150544950497363,0.5
652,10.866666666666667,full,occ,static,0,60.27,0.016712079208113583,0.150544950497363,0.5
653,10.883333333333333,full,occ,static,0,60.48,0.016712079208113583,0.150544950497363,0.5
654,10.9,full,occ,static,0,60.2,0.016712079208113583,0.150544950497363,0.5
655,10.916666666666666,full,occ,static,0,59.76,0.016712079208113583,0.150544950497363,0.5
656,10.933333333333334,full,occ,static,0,60.61,0.016712079208113583,0.150544950497363,0.5
657,10.95,full,occ,static,0,61.1,0.016712079208113583,0.150544950497363,0.5
658,10.966666666666667,full,occ,static,0,61.31,0.016712079208113583,0.150544950497363,0.5
659,10.983333333333333,full,occ,static,0,60.46,0.016712079208113583,0.150544950497363,0.5
660,11.0,full,occ,static,0,61.39,0.016712079208113583,0.150544950497363,0.5
661,11.016666666666667,full,occ,static,0,60.87,0.016712079208113583,0.150544950497363,0.5
662,11.033333333333333,occ,occ,static,1,61.17,0.016712079208113583,0.150544950497363,0.5
663,11.05,occ,occ,static,1,62.1,0.016712079208113583,0.150544950497363,0.5
664,11.066666666666666,full,occ,static,0,62.19,0.016712079208113583,0.150544950497363,0.5
665,11.083333333333334,occ,occ,static,1,61.74,0.016712079208113583,0.150544950497363,0.5
666,11.1,full,occ,static,0,61.31,0.016712079208113583,0.150544950497363,0.5
667,11.116666666666667,full,occ,static,0,61.35,0.016712079208113583,0.150544950497363,0.5
668,11.133333333333333,full,occ,static,0,60.63,0.016712079208113583,0.150544950497363,0.5
669,11.15,occ,occ,static,1,60.58,0.016712079208113583,0.150544950497363,0.5
670,11.166666666666666,occ,occ,static,1,60.81,0.016712079208113583,0.150544950497363,0.5
671,11.183333333333334,occ,occ,static,1,60.85,0.016712079208113583,0.150544950497363,0.5
672,11.2,occ,occ,static,1,60.39,0.016712079208113583,0.150544950497363,0.5
673,11.216666666666667,occ,occ,static,1,59.59,0.016712079208113583,0.150544950497363,0.5
674,11.233333333333333,occ,occ,static,1,60.01,0.016712079208113583,0.150544950497363,0.5
675,11.25,occ,occ,static,1,59.18,0.016712079208113583,0.150544950497363,0.5
676,11.266666666666667,occ,occ,static,1,58.68,0.016712079208113583,0.150544950497363,0.5
677,11.283333333333333,full,occ,static,0,59.93,0.016712079208113583,0.150544950497363,0.5
678,11.3,full,occ,static,0,60.05,0.016712079208113583,0.150544950497363,0.5
679,11.316666666666666,occ,occ,static,1,60.28,0.016712079208113583,0.150544950497363,0.5
680,11.333333333333334,occ,occ,static,1,59.99,0.016712079208113583,0.150544950497363,0.5
681,11.35,occ,occ,static,1,59.43,0.016712079208113583,0.150544950497363,0.5
682,11.366666666666667,occ,occ,static,1,60.59,0.016712079208113583,0.150544950497363,0.5
683,11.383333333333333,occ,occ,static,1,60.35,0.016712079208113583,0.150544950497363,0.5
684,11.4,occ,occ,static,1,60.89,0.016712079208113583,0.150544950497363,0.5
685,11.416666666666666,occ,occ,static,1,60.12,0.016712079208113583,0.150544950497363,0.5
686,11.433333333333334,occ,occ,static,1,60.43,0.016712079208113583,0.150544950497363,0.5
687,11.45,occ,occ,static,1,61.19,0.016712079208113583,0.150544950497363,0.5
688,11.466666666666667,occ,occ,static,1,61.3,0.016712079208113583,0.150544950497363,0.5
689,11.483333333333333,occ,occ,static,1,60.86,0.016712079208113583,0.150544950497363,0.5
690,11.5,occ,occ,static,1,60.29,0.016712079208113583,0.150544950497363,0.5
691,11.516666666666667,occ,occ,static,1,60.87,0.016712079208113583,0.150544950497363,0.5
692,11.533333333333333,occ,occ,static,1,60.46,0.016712079208113583,0.150544950497363,0.5
693,11.55,occ,occ,static,1,59.42,0.016712079208113583,0.150544950497363,0.5
694,11.566666666666666,occ,occ,static,1,59.65,0.016712079208113583,0.150544950497363,0.5
695,11.583333333333334,occ,occ,static,1,58.86,0.016712079208113583,0.150544950497363,0.5
696,11.6,occ,occ,static,1,59.72,0.016712079208113583,0.150544950497363,0.5
697,11.616666666666667,occ,occ,static,1,58.49,0.016712079208113583,0.150544950497363,0.5
698,11.633333333333333,occ,occ,static,1,57.57,0.016712079208113583,0.150544950497363,0.5
699,11.65,occ,occ,static,1,57.9,0.016712079208113583,0.150544950497363,0.5
700,11.666666666666666,occ,occ,static,1,57.25,0.016712079208113583,0.150544950497363,0.5
701,11.683333333333334,occ,occ,static,1,58.06,0.016712079208113583,0.150544950497363,0.5
702,11.7,occ,occ,static,1,58.44,0.016712079208113583,0.150544950497363,0.5
703,11.716666666666667,occ,occ,static,1,58.86,0.016712079208113583,0.150544950497363,0.5
704,11.733333333333333,occ,occ,static,1,57.52,0.016712079208113583,0.150544950497363,0.5
705,11.75,occ,occ,static,1,58.16,0.016712079208113583,0.150544950497363,0.5
706,11.766666666666667,occ,occ,static,1,57.5,0.016712079208113583,0.150544950497363,0.5
707,11.783333333333333,occ,occ,static,1,58.98,0.016712079208113583,0.150544950497363,0.5
708,11.8,occ,occ,static,1,59.5,0.016712079208113583,0.150544950497363,0.5
709,11.816666666666666,occ,occ,static,1,59.95,0.016712079208113583,0.150544950497363,0.5
710,11.833333333333334,occ,occ,static,1,59.62,0.016712079208113583,0.150544950497363,0.5
711,11.85,full,occ,static,0,60.0,0.016712079208113583,0.150544950497363,0.5
712,11.866666666666667,occ,occ,static,1,59.61,0.016712079208113583,0.150544950497363,0.5
713,11.883333333333333,full,occ,static,0,59.25,0.016712079208113583,0.150544950497363,0.5
714,11.9,full,occ,static,0,58.95,0.016712079208113583,0.150544950497363,0.5
715,11.916666666666666,occ,occ,static,1,58.65,0.016712079208113583,0.150544950497363,0.5
716,11.933333333333334,occ,occ,static,1,58.27,0.016712079208113583,0.150544950497363,0.5
717,11.95,occ,occ,static,1,58.41,0.016712079208113583,0.150544950497363,0.5
718,11.966666666666667,full,occ,static,0,58.52,0.016712079208113583,0.150544950497363,0.5
719,11.983333333333333,occ,occ,static,1,57.73,0.016712079208113583,0.150544950497363,0.5
720,12.0,occ,occ,static,1,58.95,0.016712079208113583,0.150544950497363,0.5
721,12.016666666666667,occ,occ,static,1,60.88,0.016712079208113583,0.150544950497363,0.5
722,12.033333333333333,occ,occ,static,1,62.36,0.016712079208113583,0.150544950497363,0.5
723,12.05,full,occ,static,0,62.93,0.016712079208113583,0.150544950497363,0.5
724,12.066666666666666,occ,occ,static,1,63.42,0.016712079208113583,0.150544950497363,0.5
725,12.083333333333334,occ,occ,static,1,64.06,0.016712079208113583,0.150544950497363,0.5
726,12.1,occ,occ,static,1,63.39,0.016712079208113583,0.150544950497363,0.5
727,12.116666666666667,occ,occ,static,1,64.23,0.016712079208113583,0.150544950497363,0.5
728,12.133333333333333,occ,occ,static,1,63.72,0.016712079208113583,0.150544950497363,0.5
729,12.15,occ,occ,static,1,64.77,0.016712079208113583,0.150544950497363,0.5
730,12.166666666666666,occ,occ,static,1,64.12,0.016712079208113583,0.150544950497363,0.5
731,12.183333333333334,occ,occ,static,1,64.41,0.016712079208113583,0.150544950497363,0.5
732,12.2,occ,occ,static,1,64.89,0.016712079208113583,0.150544950497363,0.5
733,12.216666666666667,occ,occ,static,1,65.39,0.016712079208113583,0.150544950497363,0.5
734,12.233333333333333,occ,occ,static,1,65.02,0.016712079208113583,0.150544950497363,0.5
735,12.25,occ,occ,static,1,64.31,0.016712079208113583,0.150544950497363,0.5
736,12.266666666666667,occ,occ,static,1,65.43,0.016712079208113583,0.150544950497363,0.5
737,12.283333333333333,occ,occ,static,1,66.43,0.016712079208113583,0.150544950497363,0.5
738,12.3,occ,occ,static,1,67.08,0.016712079208113583,0.150544950497363,0.5
739,12.316666666666666,occ,occ,static,1,67.95,0.016712079208113583,0.150544950497363,0.5
740,12.333333333333334,occ,occ,static,1,67.66,0.016712079208113583,0.150544950497363,0.5
741,12.35,occ,occ,static,1,68.13,0.016712079208113583,0.150544950497363,0.5
742,12.366666666666667,occ,occ,static,1,68.65,0.016712079208113583,0.150544950497363,0.5
743,12.383333333333333,occ,occ,static,1,68.78,0.016712079208113583,0.150544950497363,0.5
744,12.4,occ,occ,static,1,69.4,0.016712079208113583,0.150544950497363,0.5
745,12.416666666666666,occ,occ,static,1,69.59,0.016712079208113583,0.150544950497363,0.5
746,12.433333333333334,occ,occ,static,1,69.84,0.016712079208113583,0.150544950497363,0.5
747,12.45,occ,occ,static,1,69.42,0.016712079208113583,0.150544950497363,0.5
748,12.466666666666667,full,occ,static,0,70.11,0.016712079208113583,0.150544950497363,0.5
749,12.483333333333333,occ,occ,static,1,70.18,0.016712079208113583,0.150544950497363,0.5
750,12.5,occ,occ,static,1,69.71,0.016712079208113583,0.150544950497363,0.5
751,12.516666666666667,full,occ,static,0,69.46,0.016712079208113583,0.150544950497363,0.5
752,12.533333333333333,occ,occ,static,1,70.29,0.016712079208113583,0.150544950497363,0.5
753,12.55,occ,occ,static,1,70.24,0.016712079208113583,0.150544950497363,0.5
754,12.566666666666666,occ,occ,static,1,70.71,0.016712079208113583,0.150544950497363,0.5
755,12.583333333333334,occ,occ,static,1,71.09,0.016712079208113583,0.150544950497363,0.5
756,12.6,occ,occ,static,1,71.4,0.016712079208113583,0.150544950497363,0.5
757,12.616666666666667,occ,occ,static,1,71.83,0.016712079208113583,0.150544950497363,0.5
758,12.633333333333333,occ,occ,static,1,71.25,0.016712079208113583,0.150544950497363,0.5
759,12.65,occ,occ,static,1,71.29,0.016712079208113583,0.150544950497363,0.5
760,12.666666666666666,occ,occ,static,1,71.22,0.016712079208113583,0.150544950497363,0.5
761,12.683333333333334,occ,occ,static,1,70.37,0.016712079208113583,0.150544950497363,0.5
762,12.7,occ,occ,static,1,70.17,0.016712079208113583,0.150544950497363,0.5
763,12.716666666666667,occ,occ,static,1,71.17,0.016712079208113583,0.150544950497363,0.5
764,12.733333333333333,occ,occ,static,1,72.51,0.016712079208113583,0.150544950497363,0.5
765,12.75,full,occ,static,0,72.56,0.016712079208113583,0.150544950497363,0.5
766,12.766666666666667,occ,occ,static,1,72.22,0.016712079208113583,0.150544950497363,0.5
767,12.783333333333333,occ,occ,static,1,71.29,0.016712079208113583,0.150544950497363,0.5
768,12.8,occ,occ,static,1,71.7,0.016712079208113583,0.150544950497363,0.5
769,12.816666666666666,occ,occ,static,1,71.88,0.016712079208113583,0.150544950497363,0.5
770,12.833333333333334,occ,occ,static,1,72.52,0.016712079208113583,0.150544950497363,0.5
771,12.85,occ,occ,static,1,73.01,0.016712079208113583,0.150544950497363,0.5
772,12.866666666666667,full,occ,static,0,72.48,0.016712079208113583,0.150544950497363,0.5
773,12.883333333333333,full,occ,static,0,72.16,0.016712079208113583,0.150544950497363,0.5
774,12.9,occ,occ,static,1,71.52,0.016712079208113583,0.150544950497363,0.5
775,12.916666666666666,occ,occ,static,1,72.18,0.016712079208113583,0.150544950497363,0.5
776,12.933333333333334,occ,occ,static,1,71.75,0.016712079208113583,0.150544950497363,0.5
777,12.95,occ,occ,static,1,72.96,0.016712079208113583,0.150544950497363,0.5
778,12.966666666666667,full,occ,static,0,73.44,0.016712079208113583,0.150544950497363,0.5
779,12.983333333333333,full,occ,static,0,73.82,0.016712079208113583,0.150544950497363,0.5
780,13.0,full,occ,static,0,71.96,0.016712079208113583,0.150544950497363,0.5
781,13.016666666666667,occ,occ,static,1,70.95,0.016712079208113583,0.150544950497363,0.5
782,13.033333333333333,occ,occ,static,1,70.44,0.016712079208113583,0.150544950497363,0.5
783,13.05,occ,occ,static,1,69.46,0.016712079208113583,0.150544950497363,0.5
784,13.066666666666666,full,occ,static,0,68.19,0.016712079208113583,0.150544950497363,0.5
785,13.083333333333334,occ,occ,static,1,66.94,0.016712079208113583,0.150544950497363,0.5
786,13.1,occ,occ,static,1,67.72,0.016712079208113583,0.150544950497363,0.5
787,13.116666666666667,occ,occ,static,1,67.62,0.016712079208113583,0.150544950497363,0.5
788,13.133333333333333,occ,occ,static,1,66.46,0.016712079208113583,0.150544950497363,0.5
789,13.15,full,occ,static,0,65.55,0.016712079208113583,0.150544950497363,0.5
790,13.166666666666666,full,occ,static,0,64.44,0.016712079208113583,0.150544950497363,0.5
791,13.183333333333334,full,occ,static,0,64.07,0.016712079208113583,0.150544950497363,0.5
792,13.2,full,occ,static,0,63.86,0.016712079208113583,0.150544950497363,0.5
793,13.216666666666667,full,occ,static,0,63.74,0.016712079208113583,0.150544950497363,0.5
794,13.233333333333333,full,occ,static,0,64.15,0.016712079208113583,0.150544950497363,0.5
795,13.25,full,occ,static,0,63.15,0.016712079208113583,0.150544950497363,0.5
796,13.266666666666667,full,occ,static,0,63.92,0.016712079208113583,0.150544950497363,0.5
797,13.283333333333333,full,occ,static,0,64.32,0.016712079208113583,0.150544950497363,0.5
798,13.3,full,occ,static,0,63.36,0.016712079208113583,0.150544950497363,0.5
799,13.316666666666666,full,occ,static,0,63.39,0.016712079208113583,0.150544950497363,0.5
800,13.333333333333334,full,occ,static,0,64.12,0.016712079208113583,0.150544950497363,0.5
801,13.35,full,occ,static,0,63.92,0.016712079208113583,0.150544950497363,0.5
802,13.366666666666667,full,occ,static,0,65.09,0.016712079208113583,0.150544950497363,0.5
803,13.383333333333333,full,occ,static,0,64.87,0.016712079208113583,0.150544950497363,0.5
804,13.4,full,occ,static,0,63.91,0.016712079208113583,0.150544950497363,0.5
805,13.416666666666666,full,occ,static,0,64.73,0.016712079208113583,0.150544950497363,0.5
806,13.433333333333334,full,occ,static,0,63.63,0.016712079208113583,0.150544950497363,0.5
807,13.45,full,occ,static,0,63.54,0.016712079208113583,0.150544950497363,0.5
808,13.466666666666667,full,occ,static,0,63.27,0.016712079208113583,0.150544950497363,0.5
809,13.483333333333333,full,occ,static,0,63.64,0.016712079208113583,0.150544950497363,0.5
810,13.5,full,occ,static,0,62.93,0.016712079208113583,0.150544950497363,0.5
811,13.516666666666667,full,occ,static,0,62.56,0.016712079208113583,0.150544950497363,0.5
812,13.533333333333333,full,occ,static,0,62.46,0.016712079208113583,0.150544950497363,0.5
813,13.55,full,occ,static,0,62.64,0.016712079208113583,0.150544950497363,0.5
814,13.566666666666666,full,occ,static,0,62.74,0.016712079208113583,0.150544950497363,0.5
815,13.583333333333334,full,occ,static,0,62.35,0.016712079208113583,0.150544950497363,0.5
816,13.6,full,occ,static,0,61.8,0.016712079208113583,0.150544950497363,0.5
817,13.616666666666667,full,occ,static,0,61.93,0.016712079208113583,0.150544950497363,0.5
818,13.633333333333333,full,occ,static,0,62.51,0.016712079208113583,0.150544950497363,0.5
819,13.65,full,occ,static,0,61.39,0.016712079208113583,0.150544950497363,0.5
820,13.666666666666666,full,occ,static,0,62.34,0.016712079208113583,0.150544950497363,0.5
821,13.683333333333334,full,occ,static,0,61.42,0.016712079208113583,0.150544950497363,0.5
822,13.7,full,occ,static,0,62.28,0.016712079208113583,0.150544950497363,0.5
823,13.716666666666667,full,occ,static,0,61.35,0.016712079208113583,0.150544950497363,0.5
824,13.733333333333333,full,occ,static,0,60.73,0.016712079208113583,0.150544950497363,0.5
825,13.75,full,occ,static,0,60.34,0.016712079208113583,0.150544950497363,0.5
826,13.766666666666667,full,occ,static,0,60.22,0.016712079208113583,0.150544950497363,0.5
827,13.783333333333333,full,occ,static,0,61.41,0.016712079208113583,0.150544950497363,0.5
828,13.8,full,occ,static,0,62.54,0.016712079208113583,0.150544950497363,0.5
829,13.816666666666666,full,occ,static,0,62.38,0.016712079208113583,0.150544950497363,0.5
830,13.833333333333334,full,occ,static,0,61.75,0.016712079208113583,0.150544950497363,0.5
831,13.85,full,occ,static,0,61.76,0.016712079208113583,0.150544950497363,0.5
832,13.866666666666667,full,occ,static,0,63.21,0.016712079208113583,0.150544950497363,0.5
833,13.883333333333333,full,occ,static,0,63.13,0.016712079208113583,0.150544950497363,0.5
834,13.9,full,occ,static,0,63.8,0.016712079208113583,0.150544950497363,0.5
835,13.916666666666666,full,occ,static,0,63.83,0.016712079208113583,0.150544950497363,0.5
836,13.933333333333334,full,occ,static,0,63.18,0.016712079208113583,0.150544950497363,0.5
837,13.95,full,occ,static,0,62.74,0.016712079208113583,0.150544950497363,0.5
838,13.966666666666667,full,occ,static,0,63.16,0.016712079208113583,0.150544950497363,0.5
839,13.983333333333333,full,occ,static,0,64.22,0.016712079208113583,0.150544950497363,0.5
840,14.0,full,occ,static,0,65.07,0.016712079208113583,0.150544950497363,0.5
841,14.016666666666667,full,occ,static,0,65.15,0.016712079208113583,0.150544950497363,0.5
842,14.033333333333333,full,occ,static,0,64.42,0.016712079208113583,0.150544950497363,0.5
843,14.05,full,occ,static,0,64.41,0.016712079208113583,0.150544950497363,0.5
844,14.066666666666666,full,occ,static,0,64.12,0.016712079208113583,0.150544950497363,0.5
845,14.083333333333334,full,occ,static,0,64.87,0.016712079208113583,0.150544950497363,0.5
846,14.1,full,occ,static,0,64.42,0.016712079208113583,0.150544950497363,0.5
847,14.116666666666667,full,occ,static,0,64.55,0.016712079208113583,0.150544950497363,0.5
848,14.133333333333333,full,occ,static,0,64.08,0.016712079208113583,0.150544950497363,0.5
849,14.15,full,occ,static,0,64.17,0.016712079208113583,0.150544950497363,0.5
850,14.166666666666666,full,occ,static,0,64.35,0.016712079208113583,0.150544950497363,0.5
851,14.183333333333334,full,occ,static,0,64.04,0.016712079208113583,0.150544950497363,0.5
852,14.2,full,occ,static,0,65.61,0.016712079208113583,0.150544950497363,0.5
853,14.216666666666667,full,occ,static,0,65.52,0.016712079208113583,0.150544950497363,0.5
854,14.233333333333333,full,occ,static,0,65.84,0.016712079208113583,0.150544950497363,0.5
855,14.25,full,occ,static,0,65.84,0.016712079208113583,0.150544950497363,0.5
856,14.266666666666667,full,occ,static,0,66.79,0.016712079208113583,0.150544950497363,0.5
857,14.283333333333333,full,occ,static,0,66.48,0.016712079208113583,0.150544950497363,0.5
858,14.3,full,occ,static,0,66.7,0.016712079208113583,0.150544950497363,0.5
859,14.316666666666666,full,occ,static,0,65.26,0.016712079208113583,0.150544950497363,0.5
860,14.333333333333334,full,occ,static,0,65.17,0.016712079208113583,0.150544950497363,0.5
861,14.35,full,occ,static,0,65.16,0.016712079208113583,0.150544950497363,0.5
862,14.366666666666667,full,occ,static,0,66.81,0.016712079208113583,0.150544950497363,0.5
863,14.383333333333333,full,occ,static,0,66.44,0.016712079208113583,0.150544950497363,0.5
864,14.4,full,occ,static,0,66.02,0.016712079208113583,0.150544950497363,0.5
865,14.416666666666666,full,occ,static,0,65.34,0.016712079208113583,0.150544950497363,0.5
866,14.433333333333334,full,occ,static,0,66.06,0.016712079208113583,0.150544950497363,0.5
867,14.45,full,occ,static,0,66.57,0.016712079208113583,0.150544950497363,0.5
868,14.466666666666667,full,occ,static,0,66.64,0.016712079208113583,0.150544950497363,0.5
869,14.483333333333333,full,occ,static,0,66.98,0.016712079208113583,0.150544950497363,0.5
870,14.5,full,occ,static,0,65.8,0.016712079208113583,0.150544950497363,0.5
871,14.516666666666667,full,occ,static,0,66.16,0.016712079208113583,0.150544950497363,0.5
872,14.533333333333333,full,occ,static,0,65.92,0.016712079208113583,0.150544950497363,0.5
873,14.55,full,occ,static,0,65.31,0.016712079208113583,0.150544950497363,0.5
874,14.566666666666666,full,occ,static,0,66.27,0.016712079208113583,0.150544950497363,0.5
875,14.583333333333334,full,occ,static,0,66.39,0.016712079208113583,0.150544950497363,0.5
876,14.6,full,occ,static,0,66.18,0.016712079208113583,0.150544950497363,0.5
877,14.616666666666667,full,occ,static,0,66.83,0.016712079208113583,0.150544950497363,0.5
878,14.633333333333333,full,occ,static,0,67.51,0.016712079208113583,0.150544950497363,0.5
879,14.65,full,occ,static,0,66.77,0.016712079208113583,0.150544950497363,0.5
880,14.666666666666666,full,occ,static,0,67.55,0.016712079208113583,0.150544950497363,0.5
881,14.683333333333334,full,occ,static,0,67.11,0.016712079208113583,0.150544950497363,0.5
882,14.7,full,occ,static,0,67.25,0.016712079208113583,0.150544950497363,0.5
883,14.716666666666667,full,occ,static,0,66.96,0.016712079208113583,0.150544950497363,0.5
884,14.733333333333333,full,occ,static,0,68.12,0.016712079208113583,0.150544950497363,0.5
885,14.75,full,occ,static,0,67.02,0.016712079208113583,0.150544950497363,0.5
886,14.766666666666667,full,occ,static,0,67.72,0.016712079208113583,0.150544950497363,0.5
887,14.783333333333333,full,occ,static,0,67.88,0.016712079208113583,0.150544950497363,0.5
888,14.8,full,occ,static,0,67.0,0.016712079208113583,0.150544950497363,0.5
889,14.816666666666666,full,occ,static,0,67.35,0.016712079208113583,0.150544950497363,0.5
890,14.833333333333334,full,occ,static,0,67.66,0.016712079208113583,0.150544950497363,0.5
891,14.85,full,occ,static,0,67.95,0.016712079208113583,0.150544950497363,0.5
892,14.866666666666667,full,occ,static,0,69.08,0.016712079208113583,0.150544950497363,0.5
893,14.883333333333333,full,occ,static,0,68.67,0.016712079208113583,0.150544950497363,0.5
894,14.9,full,occ,static,0,69.01,0.016712079208113583,0.150544950497363,0.5
895,14.916666666666666,full,occ,static,0,68.79,0.016712079208113583,0.150544950497363,0.5
896,14.933333333333334,full,occ,static,0,67.83,0.016712079208113583,0.150544950497363,0.5
897,14.95,full,occ,static,0,69.53,0.016712079208113583,0.150544950497363,0.5
898,14.966666666666667,full,occ,static,0,68.46,0.016712079208113583,0.150544950497363,0.5
899,14.983333333333333,full,occ,static,0,68.81,0.016712079208113583,0.150544950497363,0.5
900,15.0,full,occ,static,0,69.07,0.016712079208113583,0.150544950497363,0.5
901,15.016666666666667,full,occ,static,0,69.32,0.016712079208113583,0.150544950497363,0.5
902,15.033333333333333,full,occ,static,0,69.6,0.016712079208113583,0.150544950497363,0.5
903,15.05,full,occ,static,0,70.11,0.016712079208113583,0.150544950497363,0.5
904,15.066666666666666,full,occ,static,0,69.63,0.016712079208113583,0.150544950497363,0.5
905,15.083333333333334,full,occ,static,0,69.62,0.016712079208113583,0.150544950497363,0.5
906,15.1,full,occ,static,0,70.17,0.016712079208113583,0.150544950497363,0.5
907,15.116666666666667,full,occ,static,0,70.64,0.016712079208113583,0.150544950497363,0.5
908,15.133333333333333,full,occ,static,0,69.38,0.016712079208113583,0.150544950497363,0.5
909,15.15,full,occ,static,0,70.47,0.016712079208113583,0.150544950497363,0.5
910,15.166666666666666,full,occ,static,0,69.82,0.016712079208113583,0.150544950497363,0.5
911,15.183333333333334,full,occ,static,0,70.26,0.016712079208113583,0.150544950497363,0.5
912,15.2,full,occ,static,0,69.84,0.016712079208113583,0.150544950497363,0.5
913,15.216666666666667,full,occ,static,0,69.09,0.016712079208113583,0.150544950497363,0.5
914,15.233333333333333,full,occ,static,0,68.94,0.016712079208113583,0.150544950497363,0.5
915,15.25,full,occ,static,0,70.15,0.016712079208113583,0.150544950497363,0.5
916,15.266666666666667,full,occ,static,0,70.11,0.016712079208113583,0.150544950497363,0.5
917,15.283333333333333,full,occ,static,0,70.5,0.016712079208113583,0.150544950497363,0.5
918,15.3,full,occ,static,0,69.18,0.016712079208113583,0.150544950497363,0.5
919,15.316666666666666,full,occ,static,0,69.76,0.016712079208113583,0.150544950497363,0.5
920,15.333333333333334,full,occ,static,0,70.52,0.016712079208113583,0.150544950497363,0.5
921,15.35,full,occ,static,0,70.16,0.016712079208113583,0.150544950497363,0.5
922,15.366666666666667,full,occ,static,0,71.24,0.016712079208113583,0.150544950497363,0.5
923,15.383333333333333,full,occ,static,0,70.01,0.016712079208113583,0.150544950497363,0.5
924,15.4,full,occ,static,0,69.8,0.016712079208113583,0.150544950497363,0.5
925,15.416666666666666,full,occ,static,0,70.37,0.016712079208113583,0.150544950497363,0.5
926,15.433333333333334,full,occ,static,0,70.49,0.016712079208113583,0.150544950497363,0.5
927,15.45,full,occ,static,0,71.1,0.016712079208113583,0.150544950497363,0.5
928,15.466666666666667,full,occ,static,0,69.09,0.016712079208113583,0.150544950497363,0.5
929,15.483333333333333,full,occ,static,0,70.31,0.016712079208113583,0.150544950497363,0.5
930,15.5,full,occ,static,0,70.57,0.016712079208113583,0.150544950497363,0.5
931,15.516666666666667,full,occ,static,0,70.2,0.016712079208113583,0.150544950497363,0.5
932,15.533333333333333,full,occ,static,0,70.22,0.016712079208113583,0.150544950497363,0.5
933,15.55,full,occ,static,0,69.52,0.016712079208113583,0.150544950497363,0.5
934,15.566666666666666,full,occ,static,0,70.13,0.016712079208113583,0.150544950497363,0.5
935,15.583333333333334,full,occ,static,0,70.87,0.016712079208113583,0.150544950497363,0.5
936,15.6,full,occ,static,0,70.75,0.016712079208113583,0.150544950497363,0.5
937,15.616666666666667,full,occ,static,0,70.72,0.016712079208113583,0.150544950497363,0.5
938,15.633333333333333,full,occ,static,0,71.48,0.016712079208113583,0.150544950497363,0.5
939,15.65,full,occ,static,0,71.7,0.016712079208113583,0.150544950497363,0.5
940,15.666666666666666,full,occ,static,0,72.64,0.016712079208113583,0.150544950497363,0.5
941,15.683333333333334,full,occ,static,0,72.61,0.016712079208113583,0.150544950497363,0.5
942,15.7,full,occ,static,0,72.65,0.016712079208113583,0.150544950497363,0.5
943,15.716666666666667,full,occ,static,0,73.73,0.016712079208113583,0.150544950497363,0.5
944,15.733333333333333,full,occ,static,0,73.45,0.016712079208113583,0.150544950497363,0.5
945,15.75,full,occ,static,0,74.62,0.016712079208113583,0.150544950497363,0.5
946,15.766666666666667,full,occ,static,0,74.43,0.016712079208113583,0.150544950497363,0.5
947,15.783333333333333,full,occ,static,0,73.32,0.016712079208113583,0.150544950497363,0.5
948,15.8,full,occ,static,0,73.12,0.016712079208113583,0.150544950497363,0.5
949,15.816666666666666,full,occ,static,0,72.27,0.016712079208113583,0.150544950497363,0.5
950,15.833333333333334,full,occ,static,0,72.96,0.016712079208113583,0.150544950497363,0.5
951,15.85,full,occ,static,0,72.16,0.016712079208113583,0.150544950497363,0.5
952,15.866666666666667,full,occ,static,0,73.28,0.016712079208113583,0.150544950497363,0.5
953,15.883333333333333,full,occ,static,0,73.89,0.016712079208113583,0.150544950497363,0.5
954,15.9,full,occ,static,0,73.91,0.016712079208113583,0.150544950497363,0.5
955,15.916666666666666,full,occ,static,0,73.52,0.016712079208113583,0.150544950497363,0.5
956,15.933333333333334,full,occ,static,0,74.7,0.016712079208113583,0.150544950497363,0.5
957,15.95,full,occ,static,0,74.5,0.016712079208113583,0.150544950497363,0.5
958,15.966666666666667,full,occ,static,0,73.79,0.016712079208113583,0.150544950497363,0.5
959,15.983333333333333,full,occ,static,0,73.92,0.016712079208113583,0.150544950497363,0.5
960,16.0,full,occ,static,0,74.01,0.016712079208113583,0.150544950497363,0.5
961,16.016666666666666,full,occ,static,0,73.23,0.016712079208113583,0.150544950497363,0.5
962,16.033333333333335,full,occ,static,0,73.53,0.016712079208113583,0.150544950497363,0.5
963,16.05,full,occ,static,0,74.16,0.016712079208113583,0.150544950497363,0.5
964,16.066666666666666,full,occ,static,0,74.07,0.016712079208113583,0.150544950497363,0.5
965,16.083333333333332,full,occ,static,0,73.42,0.016712079208113583,0.150544950497363,0.5
966,16.1,full,occ,static,0,73.58,0.016712079208113583,0.150544950497363,0.5
967,16.116666666666667,full,occ,static,0,73.98,0.016712079208113583,0.150544950497363,0.5
968,16.133333333333333,full,occ,static,0,73.95,0.016712079208113583,0.150544950497363,0.5
969,16.15,full,occ,static,0,73.04,0.016712079208113583,0.150544950497363,0.5
970,16.166666666666668,full,occ,static,0,73.67,0.016712079208113583,0.150544950497363,0.5
971,16.183333333333334,full,occ,static,0,73.45,0.016712079208113583,0.150544950497363,0.5
972,16.2,full,occ,static,0,73.43,0.016712079208113583,0.150544950497363,0.5
973,16.216666666666665,full,occ,static,0,73.65,0.016712079208113583,0.150544950497363,0.5
974,16.233333333333334,full,occ,static,0,73.55,0.016712079208113583,0.150544950497363,0.5
975,16.25,full,occ,static,0,74.41,0.016712079208113583,0.150544950497363,0.5
976,16.266666666666666,full,occ,static,0,73.76,0.016712079208113583,0.150544950497363,0.5
977,16.283333333333335,full,occ,static,0,73.17,0.016712079208113583,0.150544950497363,0.5
978,16.3,full,occ,static,0,73.75,0.016712079208113583,0.150544950497363,0.5
979,16.316666666666666,full,occ,static,0,73.58,0.016712079208113583,0.150544950497363,0.5
980,16.333333333333332,full,occ,static,0,73.83,0.016712079208113583,0.150544950497363,0.5
981,16.35,full,occ,static,0,73.65,0.016712079208113583,0.150544950497363,0.5
982,16.366666666666667,full,occ,static,0,73.33,0.016712079208113583,0.150544950497363,0.5
983,16.383333333333333,full,occ,static,0,74.57,0.016712079208113583,0.150544950497363,0.5
984,16.4,full,occ,static,0,74.35,0.016712079208113583,0.150544950497363,0.5
985,16.416666666666668,full,occ,static,0,75.37,0.016712079208113583,0.150544950497363,0.5
986,16.433333333333334,full,occ,static,0,75.62,0.016712079208113583,0.150544950497363,0.5
987,16.45,full,occ,static,0,75.17,0.016712079208113583,0.150544950497363,0.5
988,16.466666666666665,full,occ,static,0,75.35,0.016712079208113583,0.150544950497363,0.5
989,16.483333333333334,full,occ,static,0,75.07,0.016712079208113583,0.150544950497363,0.5
990,16.5,full,occ,static,0,74.66,0.016712079208113583,0.150544950497363,0.5
991,16.516666666666666,full,occ,static,0,76.16,0.016712079208113583,0.150544950497363,0.5
992,16.533333333333335,full,occ,static,0,74.54,0.016712079208113583,0.150544950497363,0.5
993,16.55,full,occ,static,0,76.03,0.016712079208113583,0.150544950497363,0.5
994,16.566666666666666,full,occ,static,0,75.09,0.016712079208113583,0.150544950497363,0.5
995,16.583333333333332,full,occ,static,0,75.83,0.016712079208113583,0.150544950497363,0.5
996,16.6,full,occ,static,0,75.99,0.016712079208113583,0.150544950497363,0.5
997,16.616666666666667,full,occ,static,0,75.99,0.016712079208113583,0.150544950497363,0.5
998,16.633333333333333,full,occ,static,0,75.35,0.016712079208113583,0.150544950497363,0.5
999,16.65,full,occ,static,0,75.62,0.016712079208113583,0.150544950497363,0.5
1000,16.666666666666668,full,occ,static,0,76.0,0.016712079208113583,0.150544950497363,0.5
1001,16.683333333333334,full,occ,static,0,74.81,0.016712079208113583,0.150544950497363,0.5
1002,16.7,full,occ,static,0,75.58,0.016712079208113583,0.150544950497363,0.5
1003,16.716666666666665,full,occ,static,0,74.85,0.016712079208113583,0.150544950497363,0.5
1004,16.733333333333334,full,occ,static,0,75.68,0.016712079208113583,0.150544950497363,0.5
1005,16.75,full,occ,static,0,75.0,0.016712079208113583,0.150544950497363,0.5
1006,16.766666666666666,full,occ,static,0,74.63,0.016712079208113583,0.150544950497363,0.5
1007,16.783333333333335,full,occ,static,0,74.62,0.016712079208113583,0.150544950497363,0.5
1008,16.8,full,occ,static,0,75.77,0.016712079208113583,0.150544950497363,0.5
1009,16.816666666666666,full,occ,static,0,75.79,0.016712079208113583,0.150544950497363,0.5
1010,16.833333333333332,full,occ,static,0,75.29,0.016712079208113583,0.150544950497363,0.5
1011,16.85,full,occ,static,0,76.14,0.016712079208113583,0.150544950497363,0.5
1012,16.866666666666667,full,occ,static,0,76.83,0.016712079208113583,0.150544950497363,0.5
1013,16.883333333333333,full,occ,static,0,76.81,0.016712079208113583,0.150544950497363,0.5
1014,16.9,full,occ,static,0,76.24,0.016712079208113583,0.150544950497363,0.5
1015,16.916666666666668,full,occ,static,0,76.91,0.016712079208113583,0.150544950497363,0.5
1016,16.933333333333334,full,occ,static,0,76.42,0.016712079208113583,0.150544950497363,0.5
1017,16.95,full,occ,static,0,76.16,0.016712079208113583,0.150544950497363,0.5
1018,16.966666666666665,full,occ,static,0,75.85,0.016712079208113583,0.150544950497363,0.5
1019,16.983333333333334,full,occ,static,0,75.46,0.016712079208113583,0.150544950497363,0.5
1020,17.0,full,occ,static,0,76.46,0.016712079208113583,0.150544950497363,0.5
1021,17.016666666666666,full,occ,static,0,76.93,0.016712079208113583,0.150544950497363,0.5
1022,17.033333333333335,full,occ,static,0,76.51,0.016712079208113583,0.150544950497363,0.5
1023,17.05,full,occ,static,0,76.77,0.016712079208113583,0.150544950497363,0.5
1024,17.066666666666666,full,occ,static,0,76.98,0.016712079208113583,0.150544950497363,0.5
1025,17.083333333333332,full,occ,static,0,78.15,0.016712079208113583,0.150544950497363,0.5
1026,17.1,full,occ,static,0,78.04,0.016712079208113583,0.150544950497363,0.5
1027,17.116666666666667,full,occ,static,0,78.42,0.016712079208113583,0.150544950497363,0.5
1028,17.133333333333333,full,occ,static,0,78.34,0.016712079208113583,0.150544950497363,0.5
1029,17.15,full,occ,static,0,79.03,0.016712079208113583,0.150544950497363,0.5
1030,17.166666666666668,full,occ,static,0,78.26,0.016712079208113583,0.150544950497363,0.5
1031,17.183333333333334,full,occ,static,0,79.01,0.016712079208113583,0.150544950497363,0.5
1032,17.2,full,occ,static,0,77.52,0.016712079208113583,0.150544950497363,0.5
1033,17.216666666666665,full,occ,static,0,78.96,0.016712079208113583,0.150544950497363,0.5
1034,17.233333333333334,full,occ,static,0,78.3,0.016712079208113583,0.150544950497363,0.5
1035,17.25,full,occ,static,0,79.49,0.016712079208113583,0.150544950497363,0.5
1036,17.266666666666666,full,occ,static,0,78.73,0.016712079208113583,0.150544950497363,0.5
1037,17.283333333333335,full,occ,static,0,78.35,0.016712079208113583,0.150544950497363,0.5
1038,17.3,full,occ,static,0,79.36,0.016712079208113583,0.150544950497363,0.5
1039,17.316666666666666,full,occ,static,0,79.0,0.016712079208113583,0.150544950497363,0.5
1040,17.333333333333332,full,occ,static,0,79.78,0.016712079208113583,0.150544950497363,0.5
1041,17.35,full,occ,static,0,79.35,0.016712079208113583,0.150544950497363,0.5
1042,17.366666666666667,full,occ,static,0,79.55,0.016712079208113583,0.150544950497363,0.5
1043,17.383333333333333,full,occ,static,0,79.83,0.016712079208113583,0.150544950497363,0.5
1044,17.4,full,occ,static,0,79.11,0.016712079208113583,0.150544950497363,0.5
1045,17.416666666666668,full,occ,static,0,79.98,0.016712079208113583,0.150544950497363,0.5
1046,17.433333333333334,full,occ,static,0,81.15,0.016712079208113583,0.150544950497363,0.5
1047,17.45,full,occ,static,0,80.32,0.016712079208113583,0.150544950497363,0.5
1048,17.466666666666665,full,occ,static,0,80.2,0.016712079208113583,0.150544950497363,0.5
1049,17.483333333333334,full,occ,static,0,80.28,0.016712079208113583,0.150544950497363,0.5
1050,17.5,full,occ,static,0,81.2,0.016712079208113583,0.150544950497363,0.5
1051,17.516666666666666,full,occ,static,0,80.03,0.016712079208113583,0.150544950497363,0.5
1052,17.533333333333335,full,occ,static,0,80.28,0.016712079208113583,0.150544950497363,0.5
1053,17.55,full,occ,static,0,79.47,0.016712079208113583,0.150544950497363,0.5
1054,17.566666666666666,full,occ,static,0,80.22,0.016712079208113583,0.150544950497363,0.5
1055,17.583333333333332,full,occ,static,0,79.4,0.016712079208113583,0.150544950497363,0.5
1056,17.6,full,occ,static,0,80.64,0.016712079208113583,0.150544950497363,0.5
1057,17.616666666666667,full,occ,static,0,81.08,0.016712079208113583,0.150544950497363,0.5
1058,17.633333333333333,full,occ,static,0,82.46,0.016712079208113583,0.150544950497363,0.5
1059,17.65,full,occ,static,0,82.0,0.016712079208113583,0.150544950497363,0.5
1060,17.666666666666668,full,occ,static,0,83.12,0.016712079208113583,0.150544950497363,0.5
1061,17.683333333333334,full,occ,static,0,82.59,0.016712079208113583,0.150544950497363,0.5
1062,17.7,full,occ,static,0,83.46,0.016712079208113583,0.150544950497363,0.5
1063,17.716666666666665,full,occ,static,0,82.75,0.016712079208113583,0.150544950497363,0.5
1064,17.733333333333334,full,occ,static,0,82.36,0.016712079208113583,0.150544950497363,0.5
1065,17.75,full,occ,static,0,81.11,0.016712079208113583,0.150544950497363,0.5
1066,17.766666666666666,full,occ,static,0,81.48,0.016712079208113583,0.150544950497363,0.5
1067,17.783333333333335,full,occ,static,0,82.22,0.016712079208113583,0.150544950497363,0.5
1068,17.8,full,occ,static,0,82.32,0.016712079208113583,0.150544950497363,0.5
1069,17.816666666666666,full,occ,static,0,82.17,0.016712079208113583,0.150544950497363,0.5
1070,17.833333333333332,full,occ,static,0,81.2,0.016712079208113583,0.150544950497363,0.5
1071,17.85,full,occ,static,0,83.21,0.016712079208113583,0.150544950497363,0.5
1072,17.866666666666667,full,occ,static,0,82.67,0.016712079208113583,0.150544950497363,0.5
1073,17.883333333333333,full,occ,static,0,83.17,0.016712079208113583,0.150544950497363,0.5
1074,17.9,full,occ,static,0,82.79,0.016712079208113583,0.150544950497363,0.5
1075,17.916666666666668,full,occ,static,0,82.34,0.016712079208113583,0.150544950497363,0.5
1076,17.933333333333334,full,occ,static,0,82.24,0.016712079208113583,0.150544950497363,0.5
1077,17.95,full,occ,static,0,83.1,0.016712079208113583,0.150544950497363,0.5
1078,17.966666666666665,full,occ,static,0,82.65,0.016712079208113583,0.150544950497363,0.5
1079,17.983333333333334,full,occ,static,0,82.51,0.016712079208113583,0.150544950497363,0.5
1080,18.0,full,occ,static,0,83.06,0.016712079208113583,0.150544950497363,0.5
1081,18.016666666666666,full,occ,static,0,82.84,0.016712079208113583,0.150544950497363,0.5
1082,18.033333333333335,full,occ,static,0,81.92,0.016712079208113583,0.150544950497363,0.5
1083,18.05,full,occ,static,0,81.62,0.016712079208113583,0.150544950497363,0.5
1084,18.066666666666666,full,occ,static,0,83.39,0.016712079208113583,0.150544950497363,0.5
1085,18.083333333333332,full,occ,static,0,83.24,0.016712079208113583,0.150544950497363,0.5
1086,18.1,full,occ,static,0,83.17,0.016712079208113583,0.150544950497363,0.5
1087,18.116666666666667,occ,occ,static,1,82.53,0.016712079208113583,0.150544950497363,0.5
1088,18.133333333333333,occ,occ,static,1,82.79,0.016712079208113583,0.150544950497363,0.5
1089,18.15,occ,occ,static,1,82.91,0.016712079208113583,0.150544950497363,0.5
1090,18.166666666666668,occ,occ,static,1,82.24,0.016712079208113583,0.150544950497363,0.5
1091,18.183333333333334,occ,occ,static,1,83.09,0.016712079208113583,0.150544950497363,0.5
1092,18.2,occ,occ,static,1,82.72,0.016712079208113583,0.150544950497363,0.5
1093,18.216666666666665,occ,occ,static,1,81.49,0.016712079208113583,0.150544950497363,0.5
1094,18.233333333333334,occ,occ,static,1,81.81,0.016712079208113583,0.150544950497363,0.5
1095,18.25,occ,occ,static,1,83.56,0.016712079208113583,0.150544950497363,0.5
1096,18.266666666666666,occ,occ,static,1,81.95,0.016712079208113583,0.150544950497363,0.5
1097,18.283333333333335,occ,occ,static,1,81.92,0.016712079208113583,0.150544950497363,0.5
1098,18.3,occ,occ,static,1,83.19,0.016712079208113583,0.150544950497363,0.5
1099,18.316666666666666,occ,occ,static,1,82.87,0.016712079208113583,0.150544950497363,0.5
1100,18.333333333333332,occ,occ,static,1,82.94,0.016712079208113583,0.150544950497363,0.5
1101,18.35,occ,occ,static,1,84.71,0.016712079208113583,0.150544950497363,0.5
1102,18.366666666666667,occ,occ,static,1,84.55,0.016712079208113583,0.150544950497363,0.5
1103,18.383333333333333,occ,occ,static,1,85.03,0.016712079208113583,0.150544950497363,0.5
1104,18.4,occ,occ,static,1,83.73,0.016712079208113583,0.150544950497363,0.5
1105,18.416666666666668,occ,occ,static,1,82.57,0.016712079208113583,0.150544950497363,0.5
1106,18.433333333333334,occ,occ,static,1,83.45,0.016712079208113583,0.150544950497363,0.5
1107,18.45,occ,occ,static,1,83.59,0.016712079208113583,0.150544950497363,0.5
1108,18.466666666666665,occ,occ,static,1,83.66,0.016712079208113583,0.150544950497363,0.5
1109,18.483333333333334,occ,occ,static,1,83.92,0.016712079208113583,0.150544950497363,0.5
1110,18.5,occ,occ,static,1,84.37,0.016712079208113583,0.150544950497363,0.5
1111,18.516666666666666,occ,occ,static,1,82.97,0.016712079208113583,0.150544950497363,0.5
1112,18.533333333333335,occ,occ,static,1,83.54,0.016712079208113583,0.150544950497363,0.5
1113,18.55,occ,occ,static,1,83.14,0.016712079208113583,0.150544950497363,0.5
1114,18.566666666666666,occ,occ,static,1,82.66,0.016712079208113583,0.150544950497363,0.5
1115,18.583333333333332,occ,occ,static,1,83.36,0.016712079208113583,0.150544950497363,0.5
1116,18.6,occ,occ,static,1,83.15,0.016712079208113583,0.150544950497363,0.5
1117,18.616666666666667,occ,occ,static,1,85.28,0.016712079208113583,0.150544950497363,0.5
1118,18.633333333333333,occ,occ,static,1,87.21,0.016712079208113583,0.150544950497363,0.5
1119,18.65,occ,occ,static,1,87.1,0.016712079208113583,0.150544950497363,0.5
1120,18.666666666666668,occ,occ,static,1,86.41,0.016712079208113583,0.150544950497363,0.5
1121,18.683333333333334,occ,occ,static,1,85.96,0.016712079208113583,0.150544950497363,0.5
1122,18.7,occ,occ,static,1,86.43,0.016712079208113583,0.150544950497363,0.5
1123,18.716666666666665,occ,occ,static,1,87.43,0.016712079208113583,0.150544950497363,0.5
1124,18.733333333333334,occ,occ,static,1,87.1,0.016712079208113583,0.150544950497363,0.5
1125,18.75,occ,occ,static,1,86.78,0.016712079208113583,0.150544950497363,0.5
1126,18.766666666666666,occ,occ,static,1,87.49,0.016712079208113583,0.150544950497363,0.5
1127,18.783333333333335,occ,occ,static,1,87.39,0.016712079208113583,0.150544950497363,0.5
1128,18.8,occ,occ,static,1,86.44,0.016712079208113583,0.150544950497363,0.5
1129,18.816666666666666,occ,occ,static,1,86.86,0.016712079208113583,0.150544950497363,0.5
1130,18.833333333333332,occ,occ,static,1,86.69,0.016712079208113583,0.150544950497363,0.5
1131,18.85,base,occ,static,0,87.65,0.016712079208113583,0.150544950497363,0.5
1132,18.866666666666667,base,occ,static,0,87.95,0.016712079208113583,0.150544950497363,0.5
1133,18.883333333333333,base,base,static,1,87.92,0.016712079208113583,0.150544950497363,0.5
1134,18.9,base,base,static,1,88.54,0.016712079208113583,0.150544950497363,0.5
1135,18.916666666666668,base,base,static,1,88.16,0.016712079208113583,0.150544950497363,0.5
1136,18.933333333333334,base,base,static,1,89.34,0.016712079208113583,0.150544950497363,0.5
1137,18.95,base,base,static,1,89.44,0.016712079208113583,0.150544950497363,0.5
1138,18.966666666666665,base,base,static,1,88.24,0.016712079208113583,0.150544950497363,0.5
1139,18.983333333333334,base,base,static,1,88.24,0.016712079208113583,0.150544950497363,0.5
1140,19.0,base,base,static,1,87.07,0.016712079208113583,0.150544950497363,0.5
1141,19.016666666666666,base,base,static,1,88.07,0.016712079208113583,0.150544950497363,0.5
1142,19.033333333333335,base,base,static,1,87.42,0.016712079208113583,0.150544950497363,0.5
1143,19.05,base,base,static,1,88.64,0.016712079208113583,0.150544950497363,0.5
1144,19.066666666666666,base,base,static,1,88.43,0.016712079208113583,0.150544950497363,0.5
1145,19.083333333333332,base,base,static,1,87.16,0.016712079208113583,0.150544950497363,0.5
1146,19.1,base,base,static,1,88.0,0.016712079208113583,0.150544950497363,0.5
1147,19.116666666666667,base,base,static,1,87.38,0.016712079208113583,0.150544950497363,0.5
1148,19.133333333333333,base,base,static,1,86.67,0.016712079208113583,0.150544950497363,0.5
1149,19.15,base,base,static,1,88.34,0.016712079208113583,0.150544950497363,0.5
1150,19.166666666666668,base,base,static,1,88.29,0.016712079208113583,0.150544950497363,0.5
1151,19.183333333333334,base,base,static,1,89.03,0.016712079208113583,0.150544950497363,0.5
1152,19.2,base,base,static,1,89.36,0.016712079208113583,0.150544950497363,0.5
1153,19.216666666666665,base,base,static,1,89.64,0.016712079208113583,0.150544950497363,0.5
1154,19.233333333333334,base,base,static,1,88.47,0.016712079208113583,0.150544950497363,0.5
1155,19.25,base,base,static,1,89.79,0.016712079208113583,0.150544950497363,0.5
1156,19.266666666666666,base,base,static,1,88.86,0.016712079208113583,0.150544950497363,0.5
1157,19.283333333333335,base,base,static,1,88.83,0.016712079208113583,0.150544950497363,0.5
1158,19.3,base,base,static,1,89.17,0.016712079208113583,0.150544950497363,0.5
1159,19.316666666666666,base,base,static,1,89.52,0.016712079208113583,0.150544950497363,0.5
1160,19.333333333333332,base,base,static,1,89.25,0.016712079208113583,0.150544950497363,0.5
1161,19.35,base,base,static,1,90.2,0.016712079208113583,0.150544950497363,0.5
1162,19.366666666666667,base,base,static,1,89.4,0.016712079208113583,0.150544950497363,0.5
1163,19.383333333333333,base,base,static,1,89.63,0.016712079208113583,0.150544950497363,0.5
1164,19.4,base,base,static,1,90.39,0.016712079208113583,0.150544950497363,0.5
1165,19.416666666666668,base,base,static,1,90.21,0.016712079208113583,0.150544950497363,0.5
1166,19.433333333333334,base,base,static,1,90.05,0.016712079208113583,0.150544950497363,0.5
1167,19.45,base,base,static,1,89.99,0.016712079208113583,0.150544950497363,0.5
1168,19.466666666666665,base,base,static,1,90.51,0.016712079208113583,0.150544950497363,0.5
1169,19.483333333333334,base,base,static,1,91.12,0.016712079208113583,0.150544950497363,0.5
1170,19.5,base,base,static,1,90.27,0.016712079208113583,0.150544950497363,0.5
1171,19.516666666666666,base,base,static,1,90.26,0.016712079208113583,0.150544950497363,0.5
1172,19.533333333333335,base,base,static,1,90.8,0.016712079208113583,0.150544950497363,0.5
1173,19.55,base,base,static,1,90.05,0.016712079208113583,0.150544950497363,0.5
1174,19.566666666666666,base,base,static,1,90.37,0.016712079208113583,0.150544950497363,0.5
1175,19.583333333333332,base,base,static,1,91.01,0.016712079208113583,0.150544950497363,0.5
1176,19.6,base,base,static,1,90.66,0.016712079208113583,0.150544950497363,0.5
1177,19.616666666666667,base,base,static,1,90.57,0.016712079208113583,0.150544950497363,0.5
1178,19.633333333333333,base,base,static,1,90.17,0.016712079208113583,0.150544950497363,0.5
1179,19.65,base,base,static,1,90.06,0.016712079208113583,0.150544950497363,0.5
1180,19.666666666666668,base,base,static,1,89.85,0.016712079208113583,0.150544950497363,0.5
1181,19.683333333333334,base,base,static,1,88.63,0.016712079208113583,0.150544950497363,0.5
1182,19.7,base,base,static,1,88.65,0.016712079208113583,0.150544950497363,0.5
1183,19.716666666666665,base,base,static,1,89.46,0.016712079208113583,0.150544950497363,0.5
1184,19.733333333333334,base,base,static,1,89.4,0.016712079208113583,0.150544950497363,0.5
1185,19.75,base,base,static,1,89.4,0.016712079208113583,0.150544950497363,0.5
1186,19.766666666666666,base,base,static,1,89.76,0.016712079208113583,0.150544950497363,0.5
1187,19.783333333333335,base,base,static,1,89.72,0.016712079208113583,0.150544950497363,0.5
1188,19.8,base,base,static,1,89.77,0.016712079208113583,0.150544950497363,0.5
1189,19.816666666666666,base,base,static,1,89.22,0.016712079208113583,0.150544950497363,0.5
1190,19.833333333333332,base,base,static,1,88.99,0.016712079208113583,0.150544950497363,0.5
1191,19.85,base,base,static,1,90.24,0.016712079208113583,0.150544950497363,0.5
1192,19.866666666666667,base,base,static,1,91.09,0.016712079208113583,0.150544950497363,0.5
1193,19.883333333333333,base,base,static,1,90.68,0.016712079208113583,0.150544950497363,0.5
1194,19.9,base,base,static,1,92.84,0.016712079208113583,0.150544950497363,0.5
1195,19.916666666666668,base,base,static,1,91.85,0.016712079208113583,0.150544950497363,0.5
1196,19.933333333333334,base,base,static,1,91.86,0.016712079208113583,0.150544950497363,0.5
1197,19.95,base,base,static,1,90.6,0.016712079208113583,0.150544950497363,0.5
1198,19.966666666666665,base,base,static,1,90.22,0.016712079208113583,0.150544950497363,0.5
1199,19.983333333333334,base,base,static,1,89.69,0.016712079208113583,0.150544950497363,0.5
1200,20.0,base,base,static,1,88.81,0.016712079208113583,0.150544950497363,0.5
1201,20.016666666666666,base,base,static,1,89.05,0.016712079208113583,0.150544950497363,0.5
1202,20.033333333333335,base,base,static,1,89.3,0.016712079208113583,0.150544950497363,0.5
1203,20.05,base,base,static,1,90.51,0.016712079208113583,0.150544950497363,0.5
1204,20.066666666666666,base,base,static,1,91.07,0.016712079208113583,0.150544950497363,0.5
1205,20.083333333333332,base,base,static,1,91.02,0.016712079208113583,0.150544950497363,0.5
1206,20.1,base,base,static,1,92.52,0.016712079208113583,0.150544950497363,0.5
1207,20.116666666666667,base,base,static,1,91.25,0.016712079208113583,0.150544950497363,0.5
1208,20.133333333333333,base,base,static,1,91.26,0.016712079208113583,0.150544950497363,0.5
1209,20.15,base,base,static,1,91.56,0.016712079208113583,0.150544950497363,0.5
1210,20.166666666666668,base,base,static,1,90.75,0.016712079208113583,0.150544950497363,0.5
1211,20.183333333333334,base,base,static,1,90.3,0.016712079208113583,0.150544950497363,0.5
1212,20.2,base,base,static,1,90.28,0.016712079208113583,0.150544950497363,0.5
1213,20.216666666666665,base,base,static,1,89.83,0.016712079208113583,0.150544950497363,0.5
1214,20.233333333333334,base,base,static,1,89.67,0.016712079208113583,0.150544950497363,0.5
1215,20.25,base,base,static,1,90.28,0.016712079208113583,0.150544950497363,0.5
1216,20.266666666666666,base,base,static,1,89.28,0.016712079208113583,0.150544950497363,0.5
1217,20.283333333333335,base,base,static,1,90.14,0.016712079208113583,0.150544950497363,0.5
1218,20.3,base,base,static,1,90.07,0.016712079208113583,0.150544950497363,0.5
1219,20.316666666666666,base,base,static,1,90.35,0.016712079208113583,0.150544950497363,0.5
1220,20.333333333333332,base,base,static,1,89.72,0.016712079208113583,0.150544950497363,0.5
1221,20.35,base,base,static,1,89.26,0.016712079208113583,0.150544950497363,0.5
1222,20.366666666666667,base,base,static,1,88.85,0.016712079208113583,0.150544950497363,0.5
1223,20.383333333333333,base,base,static,1,90.19,0.016712079208113583,0.150544950497363,0.5
1224,20.4,base,base,static,1,90.65,0.016712079208113583,0.150544950497363,0.5
1225,20.416666666666668,base,base,static,1,89.76,0.016712079208113583,0.150544950497363,0.5
1226,20.433333333333334,base,base,static,1,89.8,0.016712079208113583,0.150544950497363,0.5
1227,20.45,base,base,static,1,89.33,0.016712079208113583,0.150544950497363,0.5
1228,20.466666666666665,base,base,static,1,89.73,0.016712079208113583,0.150544950497363,0.5
1229,20.483333333333334,base,base,static,1,89.99,0.016712079208113583,0.150544950497363,0.5
1230,20.5,base,base,static,1,89.3,0.016712079208113583,0.150544950497363,0.5
1231,20.516666666666666,base,base,static,1,90.84,0.016712079208113583,0.150544950497363,0.5
1232,20.533333333333335,base,base,static,1,90.19,0.016712079208113583,0.150544950497363,0.5
1233,20.55,base,base,static,1,89.88,0.016712079208113583,0.150544950497363,0.5
1234,20.566666666666666,base,base,static,1,88.88,0.016712079208113583,0.150544950497363,0.5
1235,20.583333333333332,base,base,static,1,90.3,0.016712079208113583,0.150544950497363,0.5
1236,20.6,base,base,static,1,90.24,0.016712079208113583,0.150544950497363,0.5
1237,20.616666666666667,base,base,static,1,90.95,0.016712079208113583,0.150544950497363,0.5
1238,20.633333333333333,base,base,static,1,90.98,0.016712079208113583,0.150544950497363,0.5
1239,20.65,base,base,static,1,90.47,0.016712079208113583,0.150544950497363,0.5
1240,20.666666666666668,base,base,static,1,90.47,0.016712079208113583,0.150544950497363,0.5
1241,20.683333333333334,base,base,static,1,91.7,0.016712079208113583,0.150544950497363,0.5
1242,20.7,base,base,static,1,91.63,0.016712079208113583,0.150544950497363,0.5
1243,20.716666666666665,base,base,static,1,91.34,0.016712079208113583,0.150544950497363,0.5
1244,20.733333333333334,base,base,static,1,91.8,0.016712079208113583,0.150544950497363,0.5
1245,20.75,base,base,static,1,91.98,0.016712079208113583,0.150544950497363,0.5
1246,20.766666666666666,base,base,static,1,91.05,0.016712079208113583,0.150544950497363,0.5
1247,20.783333333333335,base,base,static,1,90.38,0.016712079208113583,0.150544950497363,0.5
1248,20.8,base,base,static,1,90.04,0.016712079208113583,0.150544950497363,0.5
1249,20.816666666666666,base,base,static,1,91.03,0.016712079208113583,0.150544950497363,0.5
1250,20.833333333333332,base,base,static,1,89.25,0.016712079208113583,0.150544950497363,0.5
1251,20.85,base,base,static,1,89.98,0.016712079208113583,0.150544950497363,0.5
1252,20.866666666666667,base,base,static,1,90.83,0.016712079208113583,0.150544950497363,0.5
1253,20.883333333333333,base,base,static,1,89.26,0.016712079208113583,0.150544950497363,0.5
1254,20.9,base,base,static,1,90.34,0.016712079208113583,0.150544950497363,0.5
1255,20.916666666666668,base,base,static,1,88.84,0.016712079208113583,0.150544950497363,0.5
1256,20.933333333333334,base,base,static,1,89.5,0.016712079208113583,0.150544950497363,0.5
1257,20.95,base,base,static,1,89.63,0.016712079208113583,0.150544950497363,0.5
1258,20.966666666666665,base,base,static,1,90.0,0.016712079208113583,0.150544950497363,0.5
1259,20.983333333333334,base,base,static,1,90.44,0.016712079208113583,0.150544950497363,0.5
1260,21.0,base,base,static,1,89.0,0.016712079208113583,0.150544950497363,0.5
1261,21.016666666666666,base,base,static,1,89.13,0.016712079208113583,0.150544950497363,0.5
1262,21.033333333333335,base,base,static,1,88.63,0.016712079208113583,0.150544950497363,0.5
1263,21.05,base,base,static,1,88.57,0.016712079208113583,0.150544950497363,0.5
1264,21.066666666666666,base,base,static,1,88.32,0.016712079208113583,0.150544950497363,0.5
1265,21.083333333333332,base,base,static,1,87.62,0.016712079208113583,0.150544950497363,0.5
1266,21.1,base,base,static,1,88.73,0.016712079208113583,0.150544950497363,0.5
1267,21.116666666666667,base,base,static,1,89.01,0.016712079208113583,0.150544950497363,0.5
1268,21.133333333333333,base,base,static,1,88.97,0.016712079208113583,0.150544950497363,0.5
1269,21.15,base,base,static,1,88.49,0.016712079208113583,0.150544950497363,0.5
1270,21.166666666666668,base,base,static,1,89.56,0.016712079208113583,0.150544950497363,0.5
1271,21.183333333333334,base,base,static,1,90.02,0.016712079208113583,0.150544950497363,0.5
1272,21.2,base,base,static,1,89.87,0.016712079208113583,0.150544950497363,0.5
1273,21.216666666666665,base,win,static,0,89.04,0.016712079208113583,0.150544950497363,0.5
1274,21.233333333333334,base,win,static,0,89.62,0.016712079208113583,0.150544950497363,0.5
1275,21.25,base,win,static,0,89.04,0.016712079208113583,0.150544950497363,0.5
1276,21.266666666666666,base,win,static,0,89.35,0.016712079208113583,0.150544950497363,0.5
1277,21.283333333333335,base,win,static,0,90.12,0.016712079208113583,0.150544950497363,0.5
1278,21.3,base,win,static,0,90.13,0.016712079208113583,0.150544950497363,0.5
1279,21.316666666666666,base,win,static,0,90.65,0.016712079208113583,0.150544950497363,0.5
1280,21.333333333333332,base,win,static,0,90.82,0.016712079208113583,0.150544950497363,0.5
1281,21.35,base,win,static,0,90.34,0.016712079208113583,0.150544950497363,0.5
1282,21.366666666666667,base,win,static,0,91.0,0.016712079208113583,0.150544950497363,0.5
1283,21.383333333333333,base,win,static,0,90.18,0.016712079208113583,0.150544950497363,0.5
1284,21.4,base,win,static,0,89.94,0.016712079208113583,0.150544950497363,0.5
1285,21.416666666666668,base,base,static,1,89.34,0.016712079208113583,0.150544950497363,0.5
1286,21.433333333333334,base,base,static,1,89.14,0.016712079208113583,0.150544950497363,0.5
1287,21.45,base,base,static,1,89.48,0.016712079208113583,0.150544950497363,0.5
1288,21.466666666666665,base,base,static,1,89.71,0.016712079208113583,0.150544950497363,0.5
1289,21.483333333333334,base,base,static,1,89.7,0.016712079208113583,0.150544950497363,0.5
1290,21.5,base,base,static,1,90.63,0.016712079208113583,0.150544950497363,0.5
1291,21.516666666666666,base,base,static,1,90.73,0.016712079208113583,0.150544950497363,0.5
1292,21.533333333333335,base,base,static,1,90.68,0.016712079208113583,0.150544950497363,0.5
1293,21.55,base,base,static,1,91.54,0.016712079208113583,0.150544950497363,0.5
1294,21.566666666666666,base,base,static,1,91.99,0.016712079208113583,0.150544950497363,0.5
1295,21.583333333333332,base,base,static,1,91.87,0.016712079208113583,0.150544950497363,0.5
1296,21.6,base,base,static,1,92.59,0.016712079208113583,0.150544950497363,0.5
1297,21.616666666666667,base,base,static,1,91.89,0.016712079208113583,0.150544950497363,0.5
1298,21.633333333333333,base,base,static,1,91.48,0.016712079208113583,0.150544950497363,0.5
1299,21.65,base,base,static,1,91.36,0.016712079208113583,0.150544950497363,0.5
1300,21.666666666666668,base,base,static,1,90.94,0.016712079208113583,0.150544950497363,0.5
1301,21.683333333333334,base,base,static,1,90.99,0.016712079208113583,0.150544950497363,0.5
1302,21.7,base,base,static,1,90.42,0.016712079208113583,0.150544950497363,0.5
1303,21.716666666666665,base,base,static,1,90.49,0.016712079208113583,0.150544950497363,0.5
1304,21.733333333333334,base,base,static,1,89.97,0.016712079208113583,0.150544950497363,0.5
1305,21.75,base,base,static,1,89.9,0.016712079208113583,0.150544950497363,0.5
1306,21.766666666666666,base,base,static,1,90.33,0.016712079208113583,0.150544950497363,0.5
1307,21.783333333333335,base,base,static,1,90.68,0.016712079208113583,0.150544950497363,0.5
1308,21.8,base,base,static,1,89.75,0.016712079208113583,0.150544950497363,0.5
1309,21.816666666666666,base,base,static,1,89.95,0.016712079208113583,0.150544950497363,0.5
1310,21.833333333333332,base,base,static,1,89.75,0.016712079208113583,0.150544950497363,0.5
1311,21.85,base,base,static,1,90.81,0.016712079208113583,0.150544950497363,0.5
1312,21.866666666666667,base,base,static,1,91.14,0.016712079208113583,0.150544950497363,0.5
1313,21.883333333333333,base,base,static,1,90.86,0.016712079208113583,0.150544950497363,0.5
1314,21.9,base,base,static,1,90.73,0.016712079208113583,0.150544950497363,0.5
1315,21.916666666666668,base,base,static,1,89.7,0.016712079208113583,0.150544950497363,0.5
1316,21.933333333333334,base,base,static,1,90.23,0.016712079208113583,0.150544950497363,0.5
1317,21.95,base,base,static,1,91.04,0.016712079208113583,0.150544950497363,0.5
1318,21.966666666666665,base,base,static,1,90.93,0.016712079208113583,0.150544950497363,0.5
1319,21.983333333333334,base,base,static,1,90.04,0.016712079208113583,0.150544950497363,0.5
1320,22.0,base,base,static,1,90.51,0.016712079208113583,0.150544950497363,0.5
1321,22.016666666666666,base,base,static,1,90.16,0.016712079208113583,0.150544950497363,0.5
1322,22.033333333333335,base,base,static,1,89.87,0.016712079208113583,0.150544950497363,0.5
1323,22.05,base,base,static,1,89.73,0.016712079208113583,0.150544950497363,0.5
1324,22.066666666666666,base,base,static,1,89.09,0.016712079208113583,0.150544950497363,0.5
1325,22.083333333333332,base,base,static,1,89.68,0.016712079208113583,0.150544950497363,0.5
1326,22.1,base,base,static,1,90.36,0.016712079208113583,0.150544950497363,0.5
1327,22.116666666666667,base,base,static,1,90.59,0.016712079208113583,0.150544950497363,0.5
1328,22.133333333333333,base,base,static,1,91.02,0.016712079208113583,0.150544950497363,0.5
1329,22.15,base,base,static,1,91.97,0.016712079208113583,0.150544950497363,0.5
1330,22.166666666666668,base,base,static,1,91.11,0.016712079208113583,0.150544950497363,0.5
1331,22.183333333333334,base,base,static,1,92.36,0.016712079208113583,0.150544950497363,0.5
1332,22.2,base,base,static,1,91.64,0.016712079208113583,0.150544950497363,0.5
1333,22.216666666666665,base,base,static,1,92.08,0.016712079208113583,0.150544950497363,0.5
1334,22.233333333333334,base,base,static,1,92.75,0.016712079208113583,0.150544950497363,0.5
1335,22.25,base,base,static,1,92.56,0.016712079208113583,0.150544950497363,0.5
1336,22.266666666666666,base,base,static,1,92.56,0.016712079208113583,0.150544950497363,0.5
1337,22.283333333333335,base,base,static,1,92.1,0.016712079208113583,0.150544950497363,0.5
1338,22.3,base,base,static,1,93.48,0.016712079208113583,0.150544950497363,0.5
1339,22.316666666666666,base,base,static,1,92.67,0.016712079208113583,0.150544950497363,0.5
1340,22.333333333333332,base,base,static,1,93.06,0.016712079208113583,0.150544950497363,0.5
1341,22.35,base,base,static,1,91.96,0.016712079208113583,0.150544950497363,0.5
1342,22.366666666666667,base,base,static,1,92.41,0.016712079208113583,0.150544950497363,0.5
1343,22.383333333333333,base,base,static,1,91.52,0.016712079208113583,0.150544950497363,0.5
1344,22.4,base,base,static,1,91.57,0.016712079208113583,0.150544950497363,0.5
1345,22.416666666666668,base,base,static,1,92.11,0.016712079208113583,0.150544950497363,0.5
1346,22.433333333333334,base,base,static,1,93.44,0.016712079208113583,0.150544950497363,0.5
1347,22.45,base,base,static,1,93.33,0.016712079208113583,0.150544950497363,0.5
1348,22.466666666666665,base,base,static,1,92.84,0.016712079208113583,0.150544950497363,0.5
1349,22.483333333333334,base,base,static,1,92.39,0.016712079208113583,0.150544950497363,0.5
1350,22.5,base,base,static,1,91.47,0.016712079208113583,0.150544950497363,0.5
1351,22.516666666666666,base,base,static,1,91.46,0.016712079208113583,0.150544950497363,0.5
1352,22.533333333333335,base,base,static,1,91.72,0.016712079208113583,0.150544950497363,0.5
1353,22.55,base,base,static,1,91.36,0.016712079208113583,0.150544950497363,0.5
1354,22.566666666666666,base,base,static,1,91.54,0.016712079208113583,0.150544950497363,0.5
1355,22.583333333333332,base,base,static,1,92.96,0.016712079208113583,0.150544950497363,0.5
1356,22.6,base,base,static,1,91.87,0.016712079208113583,0.150544950497363,0.5
1357,22.616666666666667,base,base,static,1,91.67,0.016712079208113583,0.150544950497363,0.5
1358,22.633333333333333,base,base,static,1,91.96,0.016712079208113583,0.150544950497363,0.5
1359,22.65,base,base,static,1,92.28,0.016712079208113583,0.150544950497363,0.5
1360,22.666666666666668,base,base,static,1,91.82,0.016712079208113583,0.150544950497363,0.5
1361,22.683333333333334,base,base,static,1,90.93,0.016712079208113583,0.150544950497363,0.5
1362,22.7,base,base,static,1,90.87,0.016712079208113583,0.150544950497363,0.5
1363,22.716666666666665,base,base,static,1,91.75,0.016712079208113583,0.150544950497363,0.5
1364,22.733333333333334,base,base,static,1,91.66,0.016712079208113583,0.150544950497363,0.5
1365,22.75,base,base,static,1,92.02,0.016712079208113583,0.150544950497363,0.5
1366,22.766666666666666,base,base,static,1,91.43,0.016712079208113583,0.150544950497363,0.5
1367,22.783333333333335,base,base,static,1,91.84,0.016712079208113583,0.150544950497363,0.5
1368,22.8,base,base,static,1,91.61,0.016712079208113583,0.150544950497363,0.5
1369,22.816666666666666,base,base,static,1,91.05,0.016712079208113583,0.150544950497363,0.5
1370,22.833333333333332,base,base,static,1,91.62,0.016712079208113583,0.150544950497363,0.5
1371,22.85,base,base,static,1,91.27,0.016712079208113583,0.150544950497363,0.5
1372,22.866666666666667,base,base,static,1,90.93,0.016712079208113583,0.150544950497363,0.5
1373,22.883333333333333,base,base,static,1,90.68,0.016712079208113583,0.150544950497363,0.5
1374,22.9,base,base,static,1,91.07,0.016712079208113583,0.150544950497363,0.5
1375,22.916666666666668,base,base,static,1,92.23,0.016712079208113583,0.150544950497363,0.5
1376,22.933333333333334,base,base,static,1,93.7,0.016712079208113583,0.150544950497363,0.5
1377,22.95,base,base,static,1,93.54,0.016712079208113583,0.150544950497363,0.5
1378,22.966666666666665,base,base,static,1,92.64,0.016712079208113583,0.150544950497363,0.5
1379,22.983333333333334,base,base,static,1,92.81,0.016712079208113583,0.150544950497363,0.5
1380,23.0,base,base,static,1,93.02,0.016712079208113583,0.150544950497363,0.5
1381,23.016666666666666,base,base,static,1,92.94,0.016712079208113583,0.150544950497363,0.5
1382,23.033333333333335,base,base,static,1,93.5,0.016712079208113583,0.150544950497363,0.5
1383,23.05,base,base,static,1,92.59,0.016712079208113583,0.150544950497363,0.5
1384,23.066666666666666,base,base,static,1,93.11,0.016712079208113583,0.150544950497363,0.5
1385,23.083333333333332,base,base,static,1,93.81,0.016712079208113583,0.150544950497363,0.5
1386,23.1,base,base,static,1,93.29,0.016712079208113583,0.150544950497363,0.5
1387,23.116666666666667,base,base,static,1,93.61,0.016712079208113583,0.150544950497363,0.5
1388,23.133333333333333,base,base,static,1,94.45,0.016712079208113583,0.150544950497363,0.5
1389,23.15,base,base,static,1,94.31,0.016712079208113583,0.150544950497363,0.5
1390,23.166666666666668,base,base,static,1,94.03,0.016712079208113583,0.150544950497363,0.5
1391,23.183333333333334,base,base,static,1,94.04,0.016712079208113583,0.150544950497363,0.5
1392,23.2,base,base,static,1,93.97,0.016712079208113583,0.150544950497363,0.5
1393,23.216666666666665,base,base,static,1,93.31,0.016712079208113583,0.150544950497363,0.5
1394,23.233333333333334,base,base,static,1,93.69,0.016712079208113583,0.150544950497363,0.5
1395,23.25,base,base,static,1,92.7,0.016712079208113583,0.150544950497363,0.5
1396,23.266666666666666,base,base,static,1,92.17,0.016712079208113583,0.150544950497363,0.5
1397,23.283333333333335,base,base,static,1,92.62,0.016712079208113583,0.150544950497363,0.5
1398,23.3,base,base,static,1,92.51,0.016712079208113583,0.150544950497363,0.5
1399,23.316666666666666,base,base,static,1,92.16,0.016712079208113583,0.150544950497363,0.5
1400,23.333333333333332,base,base,static,1,91.5,0.016712079208113583,0.150544950497363,0.5
1401,23.35,base,base,static,1,91.02,0.016712079208113583,0.150544950497363,0.5
1402,23.366666666666667,base,base,static,1,91.02,0.016712079208113583,0.150544950497363,0.5
1403,23.383333333333333,base,base,static,1,90.84,0.016712079208113583,0.150544950497363,0.5
1404,23.4,base,base,static,1,89.97,0.016712079208113583,0.150544950497363,0.5
1405,23.416666666666668,base,base,static,1,90.87,0.016712079208113583,0.150544950497363,0.5
1406,23.433333333333334,base,base,static,1,91.41,0.016712079208113583,0.150544950497363,0.5
1407,23.45,base,base,static,1,90.38,0.016712079208113583,0.150544950497363,0.5
1408,23.466666666666665,base,base,static,1,92.17,0.016712079208113583,0.150544950497363,0.5
1409,23.483333333333334,base,base,static,1,91.54,0.016712079208113583,0.150544950497363,0.5
1410,23.5,base,base,static,1,91.71,0.016712079208113583,0.150544950497363,0.5
1411,23.516666666666666,base,base,static,1,91.54,0.016712079208113583,0.150544950497363,0.5
1412,23.533333333333335,base,base,static,1,92.36,0.016712079208113583,0.150544950497363,0.5
1413,23.55,base,base,static,1,93.03,0.016712079208113583,0.150544950497363,0.5
1414,23.566666666666666,base,base,static,1,93.2,0.016712079208113583,0.150544950497363,0.5
1415,23.583333333333332,base,base,static,1,93.72,0.016712079208113583,0.150544950497363,0.5
1416,23.6,base,base,static,1,93.56,0.016712079208113583,0.150544950497363,0.5
1417,23.616666666666667,base,base,static,1,93.84,0.016712079208113583,0.150544950497363,0.5
1418,23.633333333333333,base,base,static,1,93.61,0.016712079208113583,0.150544950497363,0.5
1419,23.65,base,base,static,1,93.23,0.016712079208113583,0.150544950497363,0.5
1420,23.666666666666668,base,base,static,1,94.05,0.016712079208113583,0.150544950497363,0.5
1421,23.683333333333334,base,base,static,1,93.51,0.016712079208113583,0.150544950497363,0.5
1422,23.7,base,base,static,1,92.72,0.016712079208113583,0.150544950497363,0.5
1423,23.716666666666665,base,base,static,1,91.47,0.016712079208113583,0.150544950497363,0.5
1424,23.733333333333334,base,base,static,1,93.2,0.016712079208113583,0.150544950497363,0.5
1425,23.75,base,base,static,1,93.13,0.016712079208113583,0.150544950497363,0.5
1426,23.766666666666666,base,base,static,1,92.96,0.016712079208113583,0.150544950497363,0.5
1427,23.783333333333335,base,base,static,1,93.04,0.016712079208113583,0.150544950497363,0.5
1428,23.8,base,base,static,1,93.27,0.016712079208113583,0.150544950497363,0.5
1429,23.816666666666666,base,base,static,1,92.76,0.016712079208113583,0.150544950497363,0.5
1430,23.833333333333332,base,base,static,1,93.28,0.016712079208113583,0.150544950497363,0.5
1431,23.85,base,base,static,1,92.69,0.016712079208113583,0.150544950497363,0.5
1432,23.866666666666667,base,base,static,1,92.91,0.016712079208113583,0.150544950497363,0.5
1433,23.883333333333333,base,base,static,1,91.92,0.016712079208113583,0.150544950497363,0.5
1434,23.9,base,base,static,1,93.05,0.016712079208113583,0.150544950497363,0.5
1435,23.916666666666668,base,base,static,1,92.51,0.016712079208113583,0.150544950497363,0.5
1436,23.933333333333334,base,base,static,1,92.38,0.016712079208113583,0.150544950497363,0.5
1437,23.95,base,base,static,1,91.99,0.016712079208113583,0.150544950497363,0.5
1438,23.966666666666665,base,base,static,1,91.93,0.016712079208113583,0.150544950497363,0.5
1439,23.983333333333334,base,base,static,1,92.72,0.016712079208113583,0.150544950497363,0.5
