Temperature,Humidity,AirQuality,EnergyConsumption,OverallSatisfaction,OutdoorTemperature,Satisfaction
0.2954545454545454,0.2954545454545454,0.95,0.041555604072398195,0.634043057918552,0.16666666666666666,0.634043057918552
0.15520823663752767,0.8958489112521275,0.614937247764276,0.037840431221719456,0.5146308313755656,0.16666666666666666,0.5146308313755656
0.6227272727272727,0.21363636363636362,0.21363636363636362,0.03249846142533937,0.5922926207714931,0.16666666666666666,0.5922926207714931
0.95,0.3772727272727272,0.95,0.04825468099547511,0.4060271463800905,0.16666666666666666,0.4060271463800905
0.3772727272727272,0.6227272727272727,0.868181818181818,0.04163921085972851,0.6776986357828055,0.16666666666666666,0.6776986357828055
0.7045454545454545,0.6227272727272727,0.2954545454545454,0.03251415610859727,0.5420709568778281,0.16666666666666666,0.5420709568778281
0.5409090909090909,0.1318181818181818,0.95,0.04066239909502262,0.6204587720180996,0.16666666666666666,0.6204587720180996
0.05,0.3772727272727272,0.3772727272727272,0.04614504751131222,0.4223594590497737,0.16666666666666666,0.4223594590497737
0.2954545454545454,0.7863636363636363,0.2954545454545454,0.033586780542986416,0.5799321843891402,0.16666666666666666,0.5799321843891402
0.12572596849554393,0.19546584268515238,0.8586987696743712,0.04395677475041099,0.4665056245049918,0.3263574863672571,0.4665056245049918
0.05,0.2954545454545454,0.7045454545454545,0.04215372398190047,0.418539045520362,0.16666666666666666,0.418539045520362
0.7045454545454545,0.3772727272727272,0.5409090909090909,0.04429387871176807,0.5409528224257646,0.30236371447273197,0.5409528224257646
0.06492904603507053,0.5108837524693528,0.25384619767814415,0.04626132081447965,0.4382579735837105,0.16666666666666666,0.4382579735837105
0.05,0.6227272727272727,0.5409090909090909,0.04614504751131222,0.4322599390497738,0.16666666666666666,0.4322599390497738
0.2954545454545454,0.21363636363636362,0.6227272727272727,0.03756428054298642,0.6309024243891403,0.16666666666666666,0.6309024243891403
0.2954545454545454,0.1318181818181818,0.5409090909090909,0.03356075113122172,0.6284955149773755,0.16666666666666666,0.6284955149773755
0.3772727272727272,0.7045454545454545,0.1318181818181818,0.025488512330316744,0.6803506597533936,0.16666666666666666,0.6803506597533936
0.6227272727272727,0.1318181818181818,0.2954545454545454,0.040592615837104065,0.5941489276832579,0.16666666666666666,0.5941489276832579
0.7863636363636363,0.5409090909090909,0.5409090909090909,0.036447923981900464,0.502149281520362,0.16666666666666666,0.502149281520362
0.95,0.6227272727272727,0.3772727272727272,0.04825468099547511,0.3873960663800905,0.16666666666666666,0.3873960663800905
0.7863636363636363,0.6227272727272727,0.459090909090909,0.04043924751131222,0.4972990950497737,0.16666666666666666,0.4972990950497737
0.868181818181818,0.2954545454545454,0.05,0.03208828778280543,0.5076141942443438,0.16666666666666666,0.5076141942443438
0.21363636363636362,0.5409090909090909,0.868181818181818,0.05348584253393666,0.6008885231493213,0.16666666666666666,0.6008885231493213
0.21363636363636362,0.05,0.2954545454545454,0.029539519004524895,0.5809558496199095,0.16666666666666666,0.5809558496199095
0.25899142563213556,0.8596171159471115,0.39550209923589025,0.035742442081447966,0.566675901158371,0.16666666666666666,0.566675901158371
0.868181818181818,0.21363636363636362,0.5409090909090909,0.05123184950221492,0.4719415630099557,0.2547015221617149,0.4719415630099557
0.7863636363636363,0.95,0.6227272727272727,0.05641674751131223,0.4782883450497738,0.16666666666666666,0.4782883450497738
0.7863636363636363,0.05,0.868181818181818,0.05641674751131223,0.5278218250497737,0.16666666666666666,0.5278218250497737
0.2954545454545454,0.05,0.459090909090909,0.03293057239819005,0.6252876585520363,0.16666666666666666,0.6252876585520363
0.5409090909090909,0.6227272727272727,0.21363636363636362,0.025755652375565624,0.6106899269524887,0.16666666666666666,0.6106899269524887
0.1318181818181818,0.7045454545454545,0.7045454545454545,0.04606144072398189,0.4916649711855204,0.16666666666666666,0.4916649711855204
0.868181818181818,0.7045454545454545,0.05,0.03208828778280543,0.4800425142443439,0.16666666666666666,0.4800425142443439
0.23841439100303927,0.38342489251224376,0.48607068667191916,0.0486034262443439,0.6085224714751132,0.16666666666666666,0.6085224714751132
0.729088586676214,0.14281148195233934,0.8622976160116099,0.049137013574660646,0.5510693397285068,0.16666666666666666,0.5510693397285068
0.2743630062339874,0.41934463073206674,0.7299960246887437,0.048634257013574676,0.6282499148597286,0.16666666666666666,0.6282499148597286
0.3772727272727272,0.21363636363636362,0.2954545454545454,0.029679063800904966,0.665718088723982,0.16666666666666666,0.665718088723982
0.05,0.459090909090909,0.2954545454545454,0.046158871040724,0.4253593025791855,0.16666666666666666,0.4253593025791855
0.868181818181818,0.868181818181818,0.2954545454545454,0.052355640723981904,0.42793644718552043,0.16666666666666666,0.42793644718552043
0.1318181818181818,0.7045454545454545,0.95,0.04606144072398189,0.4916649711855204,0.16666666666666666,0.4916649711855204
0.6227272727272727,0.7863636363636363,0.6227272727272727,0.04056658642533937,0.5740223682714932,0.16666666666666666,0.5740223682714932
0.1318181818181818,0.05,0.05,0.017825264253393657,0.5049281347149321,0.16666666666666666,0.5049281347149321
0.21363636363636362,0.2954545454545454,0.7045454545454545,0.045503195475113126,0.5911395760904977,0.16666666666666666,0.5911395760904977
0.1318181818181818,0.2954545454545454,0.3772727272727272,0.04606144072398189,0.4748640111855204,0.16666666666666666,0.4748640111855204
0.1318181818181818,0.459090909090909,0.21363636363636362,0.04597596278280543,0.4814660807443439,0.16666666666666666,0.4814660807443439
0.459090909090909,0.05,0.7863636363636363,0.04074600588235294,0.6097202998823529,0.16666666666666666,0.6097202998823529
0.21363636363636362,0.05,0.868181818181818,0.03351701900452489,0.5808762996199096,0.16666666666666666,0.5808762996199096
0.6227272727272727,0.21363636363636362,0.3772727272727272,0.04056658642533937,0.5921312582714932,0.16666666666666666,0.5921312582714932
0.1318181818181818,0.21363636363636362,0.5409090909090909,0.05621414330738216,0.46170071713385236,0.2658618603757829,0.46170071713385236
0.7045454545454545,0.459090909090909,0.7863636363636363,0.03250033257918552,0.5491218333484164,0.16666666666666666,0.5491218333484164
0.868181818181818,0.3772727272727272,0.1318181818181818,0.03218758925339366,0.46203184821493215,0.16666666666666666,0.46203184821493215
0.05,0.1318181818181818,0.21363636363636362,0.026090746040723988,0.41195994507918554,0.16666666666666666,0.41195994507918554
0.868181818181818,0.7863636363636363,0.459090909090909,0.05232961131221722,0.43378732777375567,0.16666666666666666,0.43378732777375567
0.44522141771319657,0.38924998648241677,0.46641180710264574,0.03899524570135746,0.691419095085973,0.16666666666666666,0.691419095085973
0.3772727272727272,0.459090909090909,0.3772727272727272,0.04563053438914027,0.6729607893122171,0.16666666666666666,0.6729607893122171
0.1318181818181818,0.3772727272727272,0.21363636363636362,0.041984639253393664,0.4779456672149321,0.16666666666666666,0.4779456672149321
0.459090909090909,0.3772727272727272,0.95,0.03773149411764705,0.616558700117647,0.16666666666666666,0.616558700117647
0.7863636363636363,0.21363636363636362,0.05,0.03217189457013576,0.5601761221085974,0.16666666666666666,0.5601761221085974
0.95,0.868181818181818,0.7863636363636363,0.06024085746606334,0.36852526285067877,0.16666666666666666,0.36852526285067877
0.3772727272727272,0.6227272727272727,0.5409090909090909,0.04163921085972851,0.6776986357828055,0.16666666666666666,0.6776986357828055
0.1318181818181818,0.3772727272727272,0.95,0.05005276425339367,0.4777843047149321,0.16666666666666666,0.4777843047149321
0.6227272727272727,0.7045454545454545,0.1318181818181818,0.025523891987613734,0.5651766846602478,0.183521276810836,0.5651766846602478
0.3772727272727272,0.5409090909090909,0.868181818181818,0.04563053438914027,0.6752897993122172,0.16666666666666666,0.6752897993122172
0.2954545454545454,0.5409090909090909,0.2954545454545454,0.060691501409349584,0.6301558574718131,0.32035527608844677,0.6301558574718131
0.5409090909090909,0.1318181818181818,0.3772727272727272,0.04066239909502262,0.6204587720180996,0.16666666666666666,0.6204587720180996
0.7662134024924909,0.8510048076358095,0.3541956411663822,0.04954635158371042,0.4968469529683258,0.16666666666666666,0.4968469529683258
0.2954545454545454,0.7045454545454545,0.6227272727272727,0.041555604072398195,0.6489763579185521,0.16666666666666666,0.6489763579185521
0.1318181818181818,0.3772727272727272,0.05,0.03380276425339366,0.5181093047149321,0.16666666666666666,0.5181093047149321
0.05,0.3772727272727272,0.2954545454545454,0.04216754751131223,0.4224390090497737,0.16666666666666666,0.4224390090497737
0.7684656610700976,0.6349675376999886,0.6817701895319329,0.04016009321266968,0.5073853981357466,0.16666666666666666,0.5073853981357466
0.459090909090909,0.2954545454545454,0.2954545454545454,0.029762670588235292,0.6149529365882352,0.16666666666666666,0.6149529365882352
0.868181818181818,0.3772727272727272,0.7863636363636363,0.04434696425339366,0.4617886607149322,0.16666666666666666,0.4617886607149322
0.95,0.7863636363636363,0.5409090909090909,0.05623732805429864,0.3747256934389141,0.16666666666666666,0.3747256934389141
0.05,0.7045454545454545,0.5409090909090909,0.04215372398190047,0.435940005520362,0.16666666666666666,0.435940005520362
0.2954545454545454,0.6227272727272727,0.1318181818181818,0.03338755260180996,0.6462115089479639,0.16666666666666666,0.6462115089479639
0.3772727272727272,0.2954545454545454,0.3772727272727272,0.037647887330316744,0.6681750722533937,0.16666666666666666,0.6681750722533937
0.6227272727272727,0.459090909090909,0.95,0.03390738416289593,0.5850644523167421,0.16666666666666666,0.5850644523167421
0.1318181818181818,0.7863636363636363,0.3772727272727272,0.042070117194570135,0.49534503765610866,0.16666666666666666,0.49534503765610866
0.2954545454545454,0.3772727272727272,0.5409090909090909,0.04554692760180996,0.6368914414479638,0.16666666666666666,0.6368914414479638
0.6227272727272727,0.3772727272727272,0.3772727272727272,0.03258393936651583,0.5873817612126698,0.16666666666666666,0.5873817612126698
0.459090909090909,0.7863636363636363,0.95,0.03275115294117649,0.6243894269411765,0.16666666666666666,0.6243894269411765
0.05,0.95,0.5409090909090909,0.032332452488687775,0.44603691095022624,0.16666666666666666,0.44603691095022624
0.7863636363636363,0.2954545454545454,0.3772727272727272,0.04443057104072399,0.5154305885791856,0.16666666666666666,0.5154305885791856
0.21363636363636362,0.21363636363636362,0.7863636363636363,0.041511871945701356,0.587374842561086,0.16666666666666666,0.587374842561086
0.8964127259176228,0.9085357193023286,0.8733779511984036,0.05965402624434391,0.40498915947511305,0.16666666666666666,0.40498915947511305
0.7045454545454545,0.7045454545454545,0.6227272727272727,0.04509996210734312,0.5384590007578531,0.17634457795639827,0.5384590007578531
0.868181818181818,0.7045454545454545,0.3772727272727272,0.04833828778280544,0.43971751424434397,0.16666666666666666,0.43971751424434397
0.1318181818181818,0.7045454545454545,0.5409090909090909,0.04606144072398189,0.4916649711855204,0.16666666666666666,0.4916649711855204
0.5409090909090909,0.6227272727272727,0.1318181818181818,0.02166440237556562,0.6107717519524887,0.16666666666666666,0.6107717519524887
0.1318181818181818,0.2954545454545454,0.05,0.024702423008559838,0.5092911915398288,0.2333563605486549,0.5092911915398288
0.7045454545454545,0.2954545454545454,0.21363636363636362,0.03241485463800904,0.5559041429072399,0.16666666666666666,0.5559041429072399
0.2954545454545454,0.868181818181818,0.459090909090909,0.03356075113122171,0.5817018249773755,0.16666666666666666,0.5817018249773755
0.329884089544096,0.34266498982407234,0.7066455605042576,0.04222765475113122,0.6506757269049774,0.16666666666666666,0.6506757269049774
0.30788712691545594,0.5817499345121097,0.07745022494514449,0.032112947058823525,0.6901636410588236,0.16666666666666666,0.6901636410588236
0.459090909090909,0.21363636363636362,0.21363636363636362,0.03545229203476877,0.6133564541593047,0.2531290164829854,0.6133564541593047
0.7863636363636363,0.5409090909090909,0.7863636363636363,0.036447923981900464,0.502149281520362,0.16666666666666666,0.502149281520362
0.459090909090909,0.7045454545454545,0.2954545454545454,0.029762670588235292,0.6232489565882353,0.16666666666666666,0.6232489565882353
0.868181818181818,0.6227272727272727,0.6227272727272727,0.04434696425339366,0.4447775807149321,0.16666666666666666,0.4447775807149321
0.7045454545454545,0.868181818181818,0.2954545454545454,0.04450033257918553,0.5311503933484163,0.16666666666666666,0.5311503933484163
0.3704870533080616,0.9378637239136817,0.5951973374211984,0.0359212036199095,0.6082853559276018,0.16666666666666666,0.6082853559276018
0.21791305299743224,0.85330309864098,0.5354080177240856,0.03804132217194571,0.5469829935565611,0.16666666666666666,0.5469829935565611
0.7863636363636363,0.868181818181818,0.1318181818181818,0.040266048981900456,0.48305159902036204,0.16666666666666666,0.48305159902036204
0.21363636363636362,0.459090909090909,0.7863636363636363,0.05348584253393666,0.5973411631493214,0.16666666666666666,0.5973411631493214
0.6486774986265801,0.5207588822922073,0.3729474357111522,0.033557446153846156,0.5716283310769231,0.16666666666666666,0.5716283310769231
0.2937490261358668,0.4450742786350725,0.12061074320803936,0.03625497070135746,0.6785230605859729,0.16666666666666666,0.6785230605859729
0.6227272727272727,0.1318181818181818,0.7863636363636363,0.04457011583710407,0.5940693776832578,0.16666666666666666,0.5940693776832578
0.95,0.05,0.3772727272727272,0.06423218099547512,0.4301890363800905,0.16666666666666666,0.4301890363800905
0.05,0.2954545454545454,0.7863636363636363,0.04215372398190047,0.418539045520362,0.16666666666666666,0.418539045520362
0.6227272727272727,0.05,0.21363636363636362,0.04049331436651584,0.5967692237126697,0.16666666666666666,0.5967692237126697
0.459090909090909,0.2954545454545454,0.05,0.017490170588235286,0.6551983865882353,0.16666666666666666,0.6551983865882353
0.7045454545454545,0.6227272727272727,0.1318181818181818,0.02433228110859728,0.5422345943778281,0.16666666666666666,0.5422345943778281
0.95,0.868181818181818,0.95,0.06024085746606334,0.36852526285067877,0.16666666666666666,0.36852526285067877
0.2954545454545454,0.05,0.3772727272727272,0.03293057239819005,0.6252876585520363,0.16666666666666666,0.6252876585520363
0.5409090909090909,0.868181818181818,0.6227272727272727,0.04066239909502262,0.6051257720180996,0.16666666666666666,0.6051257720180996
0.3772727272727272,0.95,0.868181818181818,0.0368382891402715,0.6105574242171946,0.16666666666666666,0.6105574242171946
0.05,0.6227272727272727,0.7863636363636363,0.04614504751131222,0.4322599390497738,0.16666666666666666,0.4322599390497738
0.95,0.868181818181818,0.05,0.04399085746606334,0.4088502628506787,0.16666666666666666,0.4088502628506787
0.21363636363636362,0.868181818181818,0.5409090909090909,0.03750834253393665,0.5454052331493212,0.16666666666666666,0.5454052331493212
0.6227272727272727,0.05,0.868181818181818,0.04856143936651583,0.5966078612126696,0.16666666666666666,0.5966078612126696
0.05,0.2954545454545454,0.95,0.04215372398190047,0.418539045520362,0.16666666666666666,0.418539045520362
0.7045454545454545,0.868181818181818,0.5409090909090909,0.04847783257918551,0.5310708433484164,0.16666666666666666,0.5310708433484164
0.3772727272727272,0.7045454545454545,0.6227272727272727,0.037647887330316744,0.6801074722533937,0.16666666666666666,0.6801074722533937
0.2512362546675074,0.9169002854965501,0.06093902722083471,0.017630710746606323,0.6056817157850679,0.16666666666666666,0.6056817157850679
0.7045454545454545,0.5409090909090909,0.3772727272727272,0.03250033257918552,0.5460315933484163,0.16666666666666666,0.5460315933484163
0.05,0.05,0.05,0.01608245248868778,0.4485598709502262,0.16666666666666666,0.4485598709502262
0.5204595464437947,0.43478691652269463,0.07287721406968567,0.022481872171945704,0.6604833925565612,0.16666666666666666,0.6604833925565612
0.5409090909090909,0.5409090909090909,0.3772727272727272,0.03781510090497738,0.6125266479819004,0.16666666666666666,0.6125266479819004
0.459090909090909,0.95,0.459090909090909,0.04074600588235294,0.626912459882353,0.16666666666666666,0.626912459882353
0.868181818181818,0.05,0.3772727272727272,0.060324464253393675,0.48238043071493214,0.16666666666666666,0.48238043071493214
0.2954545454545454,0.05,0.1318181818181818,0.02077119739819005,0.6255308460520362,0.16666666666666666,0.6255308460520362
0.459090909090909,0.2954545454545454,0.6227272727272727,0.03374017058823529,0.6148733865882352,0.16666666666666666,0.6148733865882352
0.9410484650938369,0.17607561371287161,0.5164966871273631,0.05764179502262445,0.42756072409954754,0.16666666666666666,0.42756072409954754
0.459090909090909,0.7863636363636363,0.6227272727272727,0.03275115294117649,0.6243894269411765,0.16666666666666666,0.6243894269411765
0.7045454545454545,0.95,0.21363636363636362,0.044401031108597284,0.526922019377828,0.16666666666666666,0.526922019377828
0.2954545454545454,0.5409090909090909,0.6227272727272727,0.04953825113122171,0.6429602849773756,0.16666666666666666,0.6429602849773756
0.3772727272727272,0.7045454545454545,0.868181818181818,0.037647887330316744,0.6801074722533937,0.16666666666666666,0.6801074722533937
0.1318181818181818,0.868181818181818,0.21363636363636362,0.029998462782805425,0.49858659074434386,0.16666666666666666,0.49858659074434386
0.7045454545454545,0.2954545454545454,0.7045454545454545,0.040482979638009044,0.5557427804072398,0.16666666666666666,0.5557427804072398
0.7863636363636363,0.1318181818181818,0.459090909090909,0.052425423981900456,0.523671291520362,0.16666666666666666,0.523671291520362
0.7863636363636363,0.7045454545454545,0.5409090909090909,0.04443057104072399,0.49304902857918553,0.16666666666666666,0.49304902857918553
0.21363636363636362,0.5409090909090909,0.7045454545454545,0.05348584253393666,0.6008885231493213,0.16666666666666666,0.6008885231493213
0.7863636363636363,0.3772727272727272,0.5409090909090909,0.04043924751131222,0.5110100550497738,0.16666666666666666,0.5110100550497738
0.5324867297097083,0.3285748546576949,0.7824155177362537,0.031842376923076926,0.6190317624615386,0.16666666666666666,0.6190317624615386
0.6227272727272727,0.05,0.3772727272727272,0.04856143936651583,0.5966078612126696,0.16666666666666666,0.5966078612126696
0.868181818181818,0.21363636363636362,0.459090909090909,0.05232961131221722,0.4719196077737557,0.16666666666666666,0.4719196077737557
0.6462700559185837,0.33053996848046985,0.5180612190600297,0.03602280452488689,0.5787949439095024,0.16666666666666666,0.5787949439095024
0.21363636363636362,0.868181818181818,0.7045454545454545,0.03750834253393665,0.5454052331493212,0.16666666666666666,0.5454052331493212
0.14904673207490907,0.2551416462877475,0.43439700976363066,0.04493366153846154,0.4847871667692308,0.16666666666666666,0.4847871667692308
0.49497827423232327,0.10180288401497985,0.5445759940913619,0.03993399864253395,0.6180441000271494,0.16666666666666666,0.6180441000271494
0.868181818181818,0.459090909090909,0.2954545454545454,0.036378140723981905,0.45636767718552035,0.16666666666666666,0.45636767718552035
0.32124008674772786,0.722848442158626,0.5024483510832312,0.03946833484162896,0.6596851933031675,0.16666666666666666,0.6596851933031675
0.868181818181818,0.21363636363636362,0.05,0.036079611312217215,0.5122446077737557,0.16666666666666666,0.5122446077737557
0.21363636363636362,0.21363636363636362,0.21363636363636362,0.03344374694570136,0.5875362050610861,0.16666666666666666,0.5875362050610861
0.459090909090909,0.868181818181818,0.95,0.03675468235294119,0.6257920463529412,0.16666666666666666,0.6257920463529412
0.05,0.868181818181818,0.21363636363636362,0.026090746040723988,0.44316162507918555,0.16666666666666666,0.44316162507918555
0.13430729104528322,0.38094422275349016,0.2886821309135529,0.046039851470588235,0.47966468297058823,0.16666666666666666,0.47966468297058823
0.2954545454545454,0.2954545454545454,0.2954545454545454,0.037578104072398186,0.634122607918552,0.16666666666666666,0.634122607918552
0.05,0.05,0.459090909090909,0.032332452488687775,0.4082348709502262,0.16666666666666666,0.4082348709502262
0.3241523922560336,0.13790490260574548,0.6658097238609412,0.03251015972850679,0.6415465968054299,0.16666666666666666,0.6415465968054299
0.868181818181818,0.1318181818181818,0.2954545454545454,0.052355640723981904,0.4772294471855204,0.16666666666666666,0.4772294471855204
0.7045454545454545,0.5409090909090909,0.95,0.04638254169037305,0.5343194491661926,0.2834863516719288,0.5343194491661926
0.1318181818181818,0.868181818181818,0.5409090909090909,0.038066587782805424,0.4984252282443439,0.16666666666666666,0.4984252282443439
0.1318181818181818,0.05,0.7045454545454545,0.034075264253393654,0.46460313471493214,0.16666666666666666,0.46460313471493214
0.5409090909090909,0.7863636363636363,0.5409090909090909,0.036658869683257926,0.6069611826063348,0.16666666666666666,0.6069611826063348
0.21363636363636362,0.3772727272727272,0.7863636363636363,0.0494945190045249,0.5946071096199095,0.16666666666666666,0.5946071096199095
0.5409090909090909,0.459090909090909,0.2954545454545454,0.03383760090497739,0.6140839879819004,0.16666666666666666,0.6140839879819004
0.21363636363636362,0.868181818181818,0.05,0.021258342533936648,0.5857302331493213,0.16666666666666666,0.5857302331493213
0.868181818181818,0.21363636363636362,0.3772727272727272,0.05232961131221722,0.4719196077737557,0.16666666666666666,0.4719196077737557
0.1318181818181818,0.3772727272727272,0.3772727272727272,0.05005276425339367,0.4777843047149321,0.16666666666666666,0.4777843047149321
0.3772727272727272,0.459090909090909,0.5409090909090909,0.04563053438914027,0.6729607893122171,0.16666666666666666,0.6729607893122171
0.21363636363636362,0.6227272727272727,0.5409090909090909,0.0494945190045249,0.6045157096199095,0.16666666666666666,0.6045157096199095
0.3772727272727272,0.7045454545454545,0.3772727272727272,0.037647887330316744,0.6801074722533937,0.16666666666666666,0.6801074722533937
0.1318181818181818,0.21363636363636362,0.6227272727272727,0.042070117194570135,0.4713435976561086,0.16666666666666666,0.4713435976561086
0.3772727272727272,0.05,0.868181818181818,0.0368382891402715,0.6603421842171946,0.16666666666666666,0.6603421842171946
0.95,0.459090909090909,0.1318181818181818,0.032103982466063344,0.40022980035067873,0.16666666666666666,0.40022980035067873
0.6227272727272727,0.1318181818181818,0.1318181818181818,0.032410740837104074,0.5943125651832579,0.16666666666666666,0.5943125651832579
0.7045454545454545,0.6227272727272727,0.05,0.020241656108597277,0.582316406877828,0.16666666666666666,0.582316406877828
0.95,0.7863636363636363,0.1318181818181818,0.044077953054298645,0.37496888093891406,0.16666666666666666,0.37496888093891406
0.05,0.459090909090909,0.6227272727272727,0.050136371040724,0.4252797525791855,0.16666666666666666,0.4252797525791855
0.2954545454545454,0.95,0.21363636363636362,0.02486244739819005,0.5845372810520363,0.16666666666666666,0.5845372810520363
0.868181818181818,0.2954545454545454,0.868181818181818,0.04833828778280544,0.4672891942443439,0.16666666666666666,0.4672891942443439
0.7045454545454545,0.6227272727272727,0.21363636363636362,0.028423531108597282,0.5421527693778281,0.16666666666666666,0.5421527693778281
0.459090909090909,0.05,0.2954545454545454,0.03676850588235295,0.6097998498823529,0.16666666666666666,0.6097998498823529
0.3772727272727272,0.1318181818181818,0.5409090909090909,0.03284696561085974,0.6630383706877828,0.16666666666666666,0.6630383706877828
0.1652412550619952,0.1867124241610649,0.17494445538446912,0.056349545828137435,0.48137920908343723,0.26979785136824397,0.48137920908343723
0.21363636363636362,0.459090909090909,0.7045454545454545,0.05348584253393666,0.5973411631493214,0.16666666666666666,0.5973411631493214
0.3772727272727272,0.5409090909090909,0.05,0.029380534389140275,0.7156147993122173,0.16666666666666666,0.7156147993122173
0.459090909090909,0.1318181818181818,0.05,0.02050468235294118,0.6518902663529411,0.16666666666666666,0.6518902663529411
0.21363636363636362,0.21363636363636362,0.868181818181818,0.041511871945701356,0.587374842561086,0.16666666666666666,0.587374842561086
0.8143010694447601,0.641851603070309,0.5614777430019244,0.04268275837104072,0.4793730248325792,0.16666666666666666,0.4793730248325792
0.21363636363636362,0.05,0.459090909090909,0.03351701900452489,0.5808762996199096,0.16666666666666666,0.5808762996199096
0.868181818181818,0.7863636363636363,0.5409090909090909,0.05232961131221722,0.43378732777375567,0.16666666666666666,0.43378732777375567
0.7061064512368885,0.7441433120173511,0.11664018656068133,0.029585339253393655,0.5759490532149322,0.16666666666666666,0.5759490532149322
0.7863636363636363,0.95,0.21363636363636362,0.048348622511312216,0.47844970754977384,0.16666666666666666,0.47844970754977384
0.6227272727272727,0.05,0.7863636363636363,0.04856143936651583,0.5966078612126696,0.16666666666666666,0.5966078612126696
0.7045454545454545,0.05,0.868181818181818,0.05246915610859729,0.5654340168778281,0.16666666666666666,0.5654340168778281
0.459090909090909,0.2954545454545454,0.95,0.03374017058823529,0.6148733865882352,0.16666666666666666,0.6148733865882352
0.05,0.868181818181818,0.3772727272727272,0.03415887104072399,0.4430002625791855,0.16666666666666666,0.4430002625791855
0.1318181818181818,0.21363636363636362,0.868181818181818,0.042070117194570135,0.4713435976561086,0.16666666666666666,0.4713435976561086
0.95,0.1318181818181818,0.5409090909090909,0.06024085746606334,0.4241485028506788,0.16666666666666666,0.4241485028506788
0.7863636363636363,0.7045454545454545,0.7045454545454545,0.04443057104072399,0.49304902857918553,0.16666666666666666,0.49304902857918553
0.1318181818181818,0.459090909090909,0.6227272727272727,0.054044087782805415,0.4813047182443439,0.16666666666666666,0.4813047182443439
0.7863636363636363,0.459090909090909,0.868181818181818,0.036447923981900464,0.506919641520362,0.16666666666666666,0.506919641520362
0.7863636363636363,0.5409090909090909,0.6227272727272727,0.036447923981900464,0.502149281520362,0.16666666666666666,0.502149281520362
0.6227272727272727,0.1318181818181818,0.459090909090909,0.04457011583710407,0.5940693776832578,0.16666666666666666,0.5940693776832578
0.7863636363636363,0.7045454545454545,0.3772727272727272,0.04443057104072399,0.49304902857918553,0.16666666666666666,0.49304902857918553
0.7863636363636363,0.3772727272727272,0.6227272727272727,0.04043924751131222,0.5110100550497738,0.16666666666666666,0.5110100550497738
0.5409090909090909,0.7045454545454545,0.7863636363636363,0.03266754615384614,0.6087963490769233,0.16666666666666666,0.6087963490769233
0.05,0.05,0.3772727272727272,0.032332452488687775,0.4082348709502262,0.16666666666666666,0.4082348709502262
0.5409090909090909,0.6227272727272727,0.3772727272727272,0.033823777375565627,0.6105285644524886,0.16666666666666666,0.6105285644524886
0.7045454545454545,0.3772727272727272,0.3772727272727272,0.03649165610859729,0.552732366877828,0.16666666666666666,0.552732366877828
0.6227272727272727,0.5409090909090909,0.1318181818181818,0.021748009162895928,0.5824166798167422,0.16666666666666666,0.5824166798167422
0.23570034656521324,0.3778428749432679,0.5030755437693711,0.0484423149321267,0.6070230137013575,0.16666666666666666,0.6070230137013575
0.7045454545454545,0.7863636363636363,0.7863636363636363,0.04447430316742082,0.5345111539366516,0.16666666666666666,0.5345111539366516
0.6227272727272727,0.5409090909090909,0.3772727272727272,0.03390738416289593,0.5821734923167422,0.16666666666666666,0.5821734923167422
0.2954545454545454,0.05,0.6227272727272727,0.03293057239819005,0.6252876585520363,0.16666666666666666,0.6252876585520363
0.7863636363636363,0.21363636363636362,0.1318181818181818,0.03626251957013575,0.5200943096085973,0.16666666666666666,0.5200943096085973
0.34131131276381926,0.43289279475477505,0.5068493408160095,0.04193956795715915,0.6585207686408568,0.31253951120201123,0.6585207686408568
0.7487716646677971,0.35672318622771604,0.8876815930432082,0.04596621430155537,0.5212316957139689,0.29086340662220866,0.5212316957139689
0.459090909090909,0.95,0.21363636363636362,0.03267788088235295,0.627073822382353,0.16666666666666666,0.627073822382353
0.459090909090909,0.459090909090909,0.7863636363636363,0.04172281764705882,0.6179615636470589,0.16666666666666666,0.6179615636470589
0.6227272727272727,0.3772727272727272,0.459090909090909,0.07135438353161092,0.5615225523293679,0.2898908407105143,0.5615225523293679
0.2954545454545454,0.7045454545454545,0.3772727272727272,0.041555604072398195,0.6489763579185521,0.16666666666666666,0.6489763579185521
0.5957861536936309,0.05827734645496668,0.1413243885794289,0.03519890610859728,0.6056371218778281,0.16666666666666666,0.6056371218778281
0.95,0.95,0.1318181818181818,0.052072805995475126,0.3625682638800905,0.16666666666666666,0.3625682638800905
0.2954545454545454,0.6227272727272727,0.95,0.04554692760180996,0.6459683214479638,0.16666666666666666,0.6459683214479638
0.5409090909090909,0.868181818181818,0.7045454545454545,0.04066239909502262,0.6051257720180996,0.16666666666666666,0.6051257720180996
0.21363636363636362,0.05,0.1318181818181818,0.02135764400452489,0.5811194871199096,0.16666666666666666,0.5811194871199096
0.05,0.5409090909090909,0.7045454545454545,0.050136371040724,0.42887999257918547,0.16666666666666666,0.42887999257918547
0.05,0.21363636363636362,0.7045454545454545,0.03816240045248869,0.4150186319909502,0.16666666666666666,0.4150186319909502
0.459090909090909,0.459090909090909,0.3772727272727272,0.04172281764705882,0.6179615636470589,0.16666666666666666,0.6179615636470589
0.459090909090909,0.459090909090909,0.868181818181818,0.04172281764705882,0.6179615636470589,0.16666666666666666,0.6179615636470589
0.1318181818181818,0.868181818181818,0.05,0.02181658778280542,0.5387502282443439,0.16666666666666666,0.5387502282443439
0.2954545454545454,0.3772727272727272,0.459090909090909,0.04554692760180996,0.6368914414479638,0.16666666666666666,0.6368914414479638
0.7863636363636363,0.7863636363636363,0.7863636363636363,0.04842189457013576,0.4879288421085973,0.16666666666666666,0.4879288421085973
0.7045454545454545,0.7863636363636363,0.7045454545454545,0.04447430316742082,0.5345111539366516,0.16666666666666666,0.5345111539366516
0.2954545454545454,0.7863636363636363,0.5409090909090909,0.03756428054298642,0.5798526343891401,0.16666666666666666,0.5798526343891401
0.2954545454545454,0.7863636363636363,0.05,0.021314280542986418,0.6201776343891402,0.16666666666666666,0.6201776343891402
0.2954545454545454,0.21363636363636362,0.95,0.03756428054298642,0.6309024243891403,0.16666666666666666,0.6309024243891403
0.05,0.95,0.6227272727272727,0.032332452488687775,0.44603691095022624,0.16666666666666666,0.44603691095022624
0.6227272727272727,0.1318181818181818,0.6227272727272727,0.04457011583710407,0.5940693776832578,0.16666666666666666,0.5940693776832578
0.7863636363636363,0.3772727272727272,0.868181818181818,0.04043924751131222,0.5110100550497738,0.16666666666666666,0.5110100550497738
0.05,0.6227272727272727,0.3772727272727272,0.04614504751131222,0.4322599390497738,0.16666666666666666,0.4322599390497738
0.868181818181818,0.05,0.7045454545454545,0.060324464253393675,0.48238043071493214,0.16666666666666666,0.48238043071493214
0.1544653764562246,0.09140237781957747,0.08665592208707312,0.022760556561085978,0.5213303888687784,0.16666666666666666,0.5213303888687784
0.2954545454545454,0.459090909090909,0.868181818181818,0.04117561329497745,0.6401993277341005,0.30421845600798986,0.6401993277341005
0.6227272727272727,0.95,0.7045454545454545,0.04856143936651583,0.5681353712126698,0.16666666666666666,0.5681353712126698
0.1318181818181818,0.7863636363636363,0.21363636363636362,0.03400199219457013,0.4955064001561086,0.16666666666666666,0.4955064001561086
0.9093787525968746,0.7141072250261916,0.5489186472602605,0.05075596968325792,0.4098773606063348,0.16666666666666666,0.4098773606063348
0.95,0.1318181818181818,0.95,0.06024085746606334,0.4241485028506788,0.16666666666666666,0.4241485028506788
0.95,0.1318181818181818,0.868181818181818,0.06024085746606334,0.4241485028506788,0.16666666666666666,0.4241485028506788
0.7045454545454545,0.05,0.5409090909090909,0.036708834143014714,0.5657492233171397,0.18714529471024713,0.5657492233171397
0.1522018329796661,0.6544158760335196,0.518276930813414,0.04949948371040724,0.5032969303257919,0.16666666666666666,0.5032969303257919
0.2954545454545454,0.2954545454545454,0.868181818181818,0.041555604072398195,0.634043057918552,0.16666666666666666,0.634043057918552
0.7863636363636363,0.868181818181818,0.459090909090909,0.05242542398190046,0.482808411520362,0.16666666666666666,0.482808411520362
0.6227272727272727,0.7863636363636363,0.21363636363636362,0.03249846142533937,0.5741837307714932,0.16666666666666666,0.5741837307714932
0.21363636363636362,0.7863636363636363,0.1318181818181818,0.029352496945701353,0.5425849100610861,0.16666666666666666,0.5425849100610861
0.05,0.95,0.7863636363636363,0.032332452488687775,0.44603691095022624,0.16666666666666666,0.44603691095022624
0.8512374055018246,0.4600910775071416,0.608119338021383,0.03946944932126697,0.46773657101357463,0.16666666666666666,0.46773657101357463
0.7863636363636363,0.05,0.7863636363636363,0.05641674751131223,0.5278218250497737,0.16666666666666666,0.5278218250497737
0.2824199494690625,0.46322218061443515,0.9320293177569292,0.06944646624008138,0.6212230831751984,0.2751973339793432,0.6212230831751984
0.7045454545454545,0.7863636363636363,0.3772727272727272,0.04447430316742082,0.5345111539366516,0.16666666666666666,0.5345111539366516
0.6227272727272727,0.5409090909090909,0.868181818181818,0.03390738416289593,0.5821734923167422,0.16666666666666666,0.5821734923167422
0.868181818181818,0.7863636363636363,0.868181818181818,0.05232961131221722,0.43378732777375567,0.16666666666666666,0.43378732777375567
0.3772727272727272,0.7863636363636363,0.6227272727272727,0.03365656380090496,0.606783828723982,0.16666666666666666,0.606783828723982
0.05,0.868181818181818,0.5409090909090909,0.03415887104072399,0.4430002625791855,0.16666666666666666,0.4430002625791855
0.2954545454545454,0.95,0.2954545454545454,0.02895307239819005,0.5844554685520362,0.16666666666666666,0.5844554685520362
0.7045454545454545,0.868181818181818,0.1318181818181818,0.036318457579185524,0.5313140308484163,0.16666666666666666,0.5313140308484163
0.1318181818181818,0.21363636363636362,0.7863636363636363,0.042070117194570135,0.4713435976561086,0.16666666666666666,0.4713435976561086
0.459090909090909,0.21363636363636362,0.7863636363636363,0.03275115294117649,0.6134104769411766,0.16666666666666666,0.6134104769411766
0.7045454545454545,0.868181818181818,0.3772727272727272,0.04847783257918551,0.5310708433484164,0.16666666666666666,0.5310708433484164
0.95,0.6227272727272727,0.2954545454545454,0.04427718099547511,0.3874756163800905,0.16666666666666666,0.3874756163800905
0.5409090909090909,0.7863636363636363,0.3772727272727272,0.036658869683257926,0.6069611826063348,0.16666666666666666,0.6069611826063348
0.5409090909090909,0.2954545454545454,0.1318181818181818,0.020508171153846143,0.6173061565769231,0.16666666666666666,0.6173061565769231
0.8349115180497363,0.888906454235251,0.558619865230288,0.05575124253393666,0.4498598551493213,0.16666666666666666,0.4498598551493213
0.3772727272727272,0.21363636363636362,0.459090909090909,0.03365656380090496,0.6656385387239819,0.16666666666666666,0.6656385387239819
0.2954545454545454,0.2954545454545454,0.3772727272727272,0.041555604072398195,0.634043057918552,0.16666666666666666,0.634043057918552
0.7863636363636363,0.459090909090909,0.7863636363636363,0.036447923981900464,0.506919641520362,0.16666666666666666,0.506919641520362
0.1318181818181818,0.459090909090909,0.05,0.03779408778280542,0.5216297182443439,0.16666666666666666,0.5216297182443439
0.868181818181818,0.2954545454545454,0.7045454545454545,0.05863001484892417,0.4492363597030215,0.2894800524020189,0.4492363597030215
0.3772727272727272,0.7045454545454545,0.7045454545454545,0.037647887330316744,0.6801074722533937,0.16666666666666666,0.6801074722533937
0.95,0.7863636363636363,0.05,0.03998732805429864,0.41505069343891404,0.16666666666666666,0.41505069343891404
0.3772727272727272,0.21363636363636362,0.05,0.017406563800904964,0.705963538723982,0.16666666666666666,0.705963538723982
0.6227272727272727,0.868181818181818,0.1318181818181818,0.032410740837104074,0.571621995183258,0.16666666666666666,0.571621995183258
0.7045454545454545,0.7863636363636363,0.868181818181818,0.04447430316742082,0.5345111539366516,0.16666666666666666,0.5345111539366516
0.1318181818181818,0.1318181818181818,0.5409090909090909,0.03806658778280543,0.46752342824434384,0.16666666666666666,0.46752342824434384
0.7045454545454545,0.459090909090909,0.459090909090909,0.055068282573479184,0.5486704743485304,0.18695201639820466,0.5486704743485304
0.95,0.868181818181818,0.5409090909090909,0.06024085746606334,0.36852526285067877,0.16666666666666666,0.36852526285067877
0.6227272727272727,0.5409090909090909,0.95,0.03390738416289593,0.5821734923167422,0.16666666666666666,0.5821734923167422
0.459090909090909,0.95,0.05,0.02449600588235295,0.667237459882353,0.16666666666666666,0.667237459882353
0.95,0.05,0.6227272727272727,0.06423218099547512,0.4301890363800905,0.16666666666666666,0.4301890363800905
0.459090909090909,0.3772727272727272,0.7045454545454545,0.03773149411764705,0.616558700117647,0.16666666666666666,0.616558700117647
0.05,0.21363636363636362,0.5409090909090909,0.03816240045248869,0.4150186319909502,0.16666666666666666,0.4150186319909502
0.3772727272727272,0.3772727272727272,0.95,0.04163921085972851,0.6704242557828056,0.16666666666666666,0.6704242557828056
0.2954545454545454,0.95,0.1318181818181818,0.02077119739819005,0.5846191060520362,0.16666666666666666,0.5846191060520362
0.1318181818181818,0.21363636363636362,0.459090909090909,0.042070117194570135,0.4713435976561086,0.16666666666666666,0.4713435976561086
0.11242517078764891,0.140700201239684,0.06639964308639476,0.022158882352941184,0.4958409823529412,0.16666666666666666,0.4958409823529412
0.21363636363636362,0.05,0.7045454545454545,0.03351701900452489,0.5808762996199096,0.16666666666666666,0.5808762996199096
0.7045454545454545,0.05,0.6227272727272727,0.05246915610859729,0.5654340168778281,0.16666666666666666,0.5654340168778281
0.459090909090909,0.95,0.95,0.04074600588235294,0.626912459882353,0.16666666666666666,0.626912459882353
0.6227272727272727,0.3772727272727272,0.868181818181818,0.03258393936651583,0.5873817612126698,0.16666666666666666,0.5873817612126698
0.2954545454545454,0.21363636363636362,0.1318181818181818,0.02540490554298642,0.6311456118891403,0.16666666666666666,0.6311456118891403
0.5409090909090909,0.21363636363636362,0.1318181818181818,0.024499494683257916,0.6193042401063348,0.16666666666666666,0.6193042401063348
0.6227272727272727,0.95,0.3772727272727272,0.04856143936651583,0.5681353712126698,0.16666666666666666,0.5681353712126698
0.7045454545454545,0.3772727272727272,0.6227272727272727,0.03649165610859729,0.552732366877828,0.16666666666666666,0.552732366877828
0.21363636363636362,0.2954545454545454,0.05,0.029253195475113132,0.6314645760904978,0.16666666666666666,0.6314645760904978
0.3772727272727272,0.1318181818181818,0.6227272727272727,0.03606681002126337,0.6629739737995748,0.2797149477393412,0.6629739737995748
0.2954545454545454,0.05,0.95,0.03293057239819005,0.6252876585520363,0.16666666666666666,0.6252876585520363
0.21363636363636362,0.459090909090909,0.5409090909090909,0.05348584253393666,0.5973411631493214,0.16666666666666666,0.5973411631493214
0.05,0.5409090909090909,0.1318181818181818,0.03797699604072399,0.4291231800791855,0.16666666666666666,0.4291231800791855
0.6227272727272727,0.2954545454545454,0.05,0.020325262895927593,0.6299177747420815,0.16666666666666666,0.6299177747420815
0.95,0.868181818181818,0.6227272727272727,0.06024085746606334,0.36852526285067877,0.16666666666666666,0.36852526285067877
0.2954545454545454,0.05,0.05,0.01668057239819005,0.6656126585520363,0.16666666666666666,0.6656126585520363
0.7045454545454545,0.2954545454545454,0.3772727272727272,0.040482979638009044,0.5557427804072398,0.16666666666666666,0.5557427804072398
0.868181818181818,0.868181818181818,0.5409090909090909,0.056333140723981906,0.42785689718552045,0.16666666666666666,0.42785689718552045
0.95,0.21363636363636362,0.21363636363636362,0.04816920305429865,0.418269575938914,0.16666666666666666,0.418269575938914
0.21363636363636362,0.2954545454545454,0.5409090909090909,0.045503195475113126,0.5911395760904977,0.16666666666666666,0.5911395760904977
0.95,0.5409090909090909,0.2954545454545454,0.04028585746606335,0.3936758028506787,0.16666666666666666,0.3936758028506787
0.95,0.2954545454545454,0.1318181818181818,0.04008662952488687,0.41231086740950224,0.16666666666666666,0.41231086740950224
0.21363636363636362,0.3772727272727272,0.6227272727272727,0.0494945190045249,0.5946071096199095,0.16666666666666666,0.5946071096199095
0.05,0.7045454545454545,0.868181818181818,0.04215372398190047,0.435940005520362,0.16666666666666666,0.435940005520362
0.868181818181818,0.5409090909090909,0.05,0.024105640723981903,0.49103276718552036,0.16666666666666666,0.49103276718552036
0.7045454545454545,0.05,0.459090909090909,0.05246915610859729,0.5654340168778281,0.16666666666666666,0.5654340168778281
0.2954545454545454,0.7863636363636363,0.868181818181818,0.03756428054298642,0.5798526343891401,0.16666666666666666,0.5798526343891401
0.95,0.95,0.7863636363636363,0.06423218099547512,0.36232507638009054,0.16666666666666666,0.36232507638009054
0.9150715074415227,0.8648155777604573,0.22621202131036677,0.05095586436651586,0.39487252271266976,0.16666666666666666,0.39487252271266976
0.95,0.2954545454545454,0.95,0.05224600452488687,0.41206767990950227,0.16666666666666666,0.41206767990950227
0.21363636363636362,0.868181818181818,0.2954545454545454,0.03353084253393665,0.5454847831493213,0.16666666666666666,0.5454847831493213
0.5409090909090909,0.459090909090909,0.21363636363636362,0.029746975904977387,0.6141658004819004,0.16666666666666666,0.6141658004819004
0.05,0.5409090909090909,0.459090909090909,0.050136371040724,0.42887999257918547,0.16666666666666666,0.42887999257918547
0.21363636363636362,0.2954545454545454,0.6227272727272727,0.045503195475113126,0.5911395760904977,0.16666666666666666,0.5911395760904977
0.6227272727272727,0.6227272727272727,0.868181818181818,0.03258393936651583,0.5799091212126698,0.16666666666666666,0.5799091212126698
0.95,0.459090909090909,0.05,0.02801335746606335,0.44031161285067877,0.16666666666666666,0.44031161285067877
0.1318181818181818,0.6227272727272727,0.95,0.05005276425339367,0.4879849047149321,0.16666666666666666,0.4879849047149321
0.2954545454545454,0.95,0.3772727272727272,0.03293057239819005,0.5843759185520362,0.16666666666666666,0.5843759185520362
0.7863636363636363,0.868181818181818,0.5409090909090909,0.05242542398190046,0.482808411520362,0.16666666666666666,0.482808411520362
0.95,0.5409090909090909,0.1318181818181818,0.032103982466063344,0.39383944035067875,0.16666666666666666,0.39383944035067875
0.459090909090909,0.3772727272727272,0.3772727272727272,0.03773149411764705,0.616558700117647,0.16666666666666666,0.616558700117647
0.6227272727272727,0.868181818181818,0.5409090909090909,0.04457011583710407,0.5713788076832579,0.16666666666666666,0.5713788076832579
0.5293555398095208,0.2682234532712567,0.29231890785444287,0.029305992081447976,0.621350900158371,0.16666666666666666,0.621350900158371
0.3831428302298999,0.06391095487598068,0.8854867063289528,0.03643388235294118,0.6629382823529413,0.16666666666666666,0.6629382823529413
0.7862132893302437,0.824657524930709,0.056256917478071634,0.0343248507918552,0.526530662984163,0.16666666666666666,0.526530662984163
0.7045454545454545,0.459090909090909,0.05,0.016250332579185522,0.5894468333484163,0.16666666666666666,0.5894468333484163
0.7045454545454545,0.5409090909090909,0.459090909090909,0.03250033257918552,0.5460315933484163,0.16666666666666666,0.5460315933484163
0.22571868901824002,0.7002069037353548,0.3026951261967702,0.04149757556561085,0.6147177284886878,0.16666666666666666,0.6147177284886878
0.459090909090909,0.6227272727272727,0.7045454545454545,0.03773149411764705,0.6216068901176471,0.16666666666666666,0.6216068901176471
0.7863636363636363,0.7863636363636363,0.95,0.04842189457013576,0.4879288421085973,0.16666666666666666,0.4879288421085973
0.5409090909090909,0.2954545454545454,0.2954545454545454,0.028690046153846148,0.6171425190769232,0.16666666666666666,0.6171425190769232
0.459090909090909,0.95,0.7045454545454545,0.04074600588235294,0.626912459882353,0.16666666666666666,0.626912459882353
0.2695906790411752,0.9257094992772009,0.40378795220008434,0.031989512669683265,0.5736080097466063,0.16666666666666666,0.5736080097466063
0.868181818181818,0.95,0.21363636363636362,0.05225633925339368,0.4220880732149322,0.16666666666666666,0.4220880732149322
0.2954545454545454,0.868181818181818,0.21363636363636362,0.02549262613122172,0.5818631874773756,0.16666666666666666,0.5818631874773756
0.2954545454545454,0.95,0.05,0.01668057239819005,0.6247009185520362,0.16666666666666666,0.6247009185520362
0.5409090909090909,0.6227272727272727,0.868181818181818,0.04717370356959804,0.610261565928608,0.28012769876119376,0.610261565928608
0.7045454545454545,0.21363636363636362,0.3772727272727272,0.04447430316742082,0.5590833139366517,0.16666666666666666,0.5590833139366517
0.3772727272727272,0.21363636363636362,0.21363636363636362,0.02558843880090497,0.665799901223982,0.16666666666666666,0.665799901223982
0.7863636363636363,0.5409090909090909,0.21363636363636362,0.02837979898190046,0.502310644020362,0.16666666666666666,0.502310644020362
0.21363636363636362,0.95,0.2954545454545454,0.029539519004524895,0.5485480496199096,0.16666666666666666,0.5485480496199096
0.5409090909090909,0.05,0.05,0.02840372262443438,0.6619041855475115,0.16666666666666666,0.6619041855475115
0.05,0.5409090909090909,0.2954545454545454,0.046158871040724,0.42895954257918545,0.16666666666666666,0.42895954257918545
0.05,0.7863636363636363,0.05,0.021912400452488687,0.47964495199095025,0.16666666666666666,0.47964495199095025
0.6227272727272727,0.5409090909090909,0.7045454545454545,0.03390738416289593,0.5821734923167422,0.16666666666666666,0.5821734923167422
0.7863636363636363,0.459090909090909,0.2954545454545454,0.03247042398190047,0.506999191520362,0.16666666666666666,0.506999191520362
0.21363636363636362,0.21363636363636362,0.5409090909090909,0.041511871945701356,0.587374842561086,0.16666666666666666,0.587374842561086
0.6227272727272727,0.21363636363636362,0.7863636363636363,0.04056658642533937,0.5921312582714932,0.16666666666666666,0.5921312582714932
0.3772727272727272,0.7045454545454545,0.95,0.037647887330316744,0.6801074722533937,0.16666666666666666,0.6801074722533937
0.9379756206510578,0.3868437161805083,0.38357793236020177,0.047232612217194575,0.41357806775565614,0.16666666666666666,0.41357806775565614
0.7045454545454545,0.21363636363636362,0.21363636363636362,0.036406178167420825,0.5592446764366517,0.16666666666666666,0.5592446764366517
0.3873835215713336,0.30714087765367465,0.8317392153705142,0.037743067873303164,0.671548708642534,0.16666666666666666,0.671548708642534
0.3993529335858697,0.6289593965981178,0.46242760144236494,0.0402973226244344,0.6845217335475113,0.16666666666666666,0.6845217335475113
0.09090174230731209,0.30286687063300727,0.9053703356689028,0.04446155294117648,0.44729444894117654,0.16666666666666666,0.44729444894117654
0.95,0.5409090909090909,0.05,0.02801335746606335,0.4339212528506788,0.16666666666666666,0.4339212528506788
0.3772727272727272,0.7863636363636363,0.1318181818181818,0.021497188800904968,0.6070270162239819,0.16666666666666666,0.6070270162239819
0.6227272727272727,0.05,0.2954545454545454,0.04458393936651584,0.5966874112126697,0.16666666666666666,0.5966874112126697
0.7045454545454545,0.21363636363636362,0.6227272727272727,0.04447430316742082,0.5590833139366517,0.16666666666666666,0.5590833139366517
0.3888170301902446,0.7794979977036496,0.9385485163834499,0.03342787737556561,0.6093724124524887,0.16666666666666666,0.6093724124524887
0.459090909090909,0.6227272727272727,0.2954545454545454,0.033753994117647054,0.6216864401176472,0.16666666666666666,0.6216864401176472
0.7045454545454545,0.95,0.95,0.05246915610859729,0.526760656877828,0.16666666666666666,0.526760656877828
0.7815196105317522,0.9025237196454727,0.9374009574405837,0.05385838190045247,0.48418987236199107,0.16666666666666666,0.48418987236199107
0.868181818181818,0.21363636363636362,0.6227272727272727,0.05232961131221722,0.4719196077737557,0.16666666666666666,0.4719196077737557
0.459090909090909,0.2954545454545454,0.868181818181818,0.06971942050477868,0.6008362840899044,0.3231501595825197,0.6008362840899044
0.801772246030314,0.33870205847456225,0.2178666593598688,0.035179822285067885,0.5052648835542988,0.16666666666666666,0.5052648835542988
0.05,0.459090909090909,0.868181818181818,0.050136371040724,0.4252797525791855,0.16666666666666666,0.4252797525791855
0.2954545454545454,0.7045454545454545,0.7863636363636363,0.04192684721538677,0.6489689330556924,0.19922387726791277,0.6489689330556924
0.2954545454545454,0.6227272727272727,0.7045454545454545,0.04554692760180996,0.6459683214479638,0.16666666666666666,0.6459683214479638
0.2954545454545454,0.868181818181818,0.868181818181818,0.03356075113122171,0.5817018249773755,0.16666666666666666,0.5817018249773755
0.05,0.3772727272727272,0.7045454545454545,0.04614504751131222,0.4223594590497737,0.16666666666666666,0.4223594590497737
0.95,0.21363636363636362,0.05,0.03998732805429864,0.458433213438914,0.16666666666666666,0.458433213438914
0.3772727272727272,0.5409090909090909,0.95,0.04563053438914027,0.6752897993122172,0.16666666666666666,0.6752897993122172
0.95,0.21363636363636362,0.7863636363636363,0.05623732805429864,0.418108213438914,0.16666666666666666,0.418108213438914
0.39980956072053375,0.2942141285965063,0.7958637582367364,0.03651024208144796,0.675537035158371,0.16666666666666666,0.675537035158371
0.7991983767203795,0.24110519961044852,0.21364247048639054,0.03962144830316742,0.5118965310339366,0.16666666666666666,0.5118965310339366
0.21363636363636362,0.1318181818181818,0.7863636363636363,0.037508342533936666,0.5839075531493212,0.16666666666666666,0.5839075531493212
0.459090909090909,0.7863636363636363,0.2954545454545454,0.028773652941176488,0.6244689769411765,0.16666666666666666,0.6244689769411765
0.7045454545454545,0.3772727272727272,0.05,0.020241656108597277,0.5930573668778281,0.16666666666666666,0.5930573668778281
0.7863636363636363,0.05,0.21363636363636362,0.048348622511312216,0.5279831875497737,0.16666666666666666,0.5279831875497737
0.3772727272727272,0.21363636363636362,0.868181818181818,0.03365656380090496,0.6656385387239819,0.16666666666666666,0.6656385387239819
0.95,0.05,0.459090909090909,0.06423218099547512,0.4301890363800905,0.16666666666666666,0.4301890363800905
0.21363636363636362,0.7045454545454545,0.7863636363636363,0.045503195475113126,0.6078456960904979,0.16666666666666666,0.6078456960904979
0.95,0.2954545454545454,0.7045454545454545,0.05224600452488687,0.41206767990950227,0.16666666666666666,0.41206767990950227
0.21363636363636362,0.7863636363636363,0.5409090909090909,0.041511871945701356,0.542341722561086,0.16666666666666666,0.542341722561086
0.868181818181818,0.6227272727272727,0.7045454545454545,0.04434696425339366,0.4447775807149321,0.16666666666666666,0.4447775807149321
0.95,0.21363636363636362,0.5409090909090909,0.05623732805429864,0.418108213438914,0.16666666666666666,0.418108213438914
0.05,0.868181818181818,0.95,0.03415887104072399,0.4430002625791855,0.16666666666666666,0.4430002625791855
0.3772727272727272,0.05,0.459090909090909,0.0368382891402715,0.6603421842171946,0.16666666666666666,0.6603421842171946
0.459090909090909,0.95,0.868181818181818,0.04074600588235294,0.626912459882353,0.16666666666666666,0.626912459882353
0.459090909090909,0.7863636363636363,0.1318181818181818,0.020591777941176486,0.6246326144411765,0.16666666666666666,0.6246326144411765
0.5409090909090909,0.6227272727272727,0.459090909090909,0.033823777375565627,0.6105285644524886,0.16666666666666666,0.6105285644524886
0.459090909090909,0.868181818181818,0.3772727272727272,0.03675468235294119,0.6257920463529412,0.16666666666666666,0.6257920463529412
0.43875051677790416,0.3121062261782377,0.6006676052501415,0.03550275067873303,0.6877501249864255,0.16666666666666666,0.6877501249864255
0.1318181818181818,0.7045454545454545,0.21363636363636362,0.037993315723981895,0.4918263336855204,0.16666666666666666,0.4918263336855204
0.459090909090909,0.6227272727272727,0.5409090909090909,0.03773149411764705,0.6216068901176471,0.16666666666666666,0.6216068901176471
0.27660406624282774,0.49752365530314685,0.32079047883509265,0.049624449208144794,0.6326529510158372,0.16666666666666666,0.6326529510158372
0.05,0.1318181818181818,0.6227272727272727,0.034158871040723994,0.41179858257918556,0.16666666666666666,0.41179858257918556
0.95,0.459090909090909,0.6227272727272727,0.04426335746606335,0.39998661285067866,0.16666666666666666,0.39998661285067866
0.05,0.868181818181818,0.05,0.017908871040723983,0.4833252625791855,0.16666666666666666,0.4833252625791855
0.6227272727272727,0.95,0.459090909090909,0.04856143936651583,0.5681353712126698,0.16666666666666666,0.5681353712126698
0.459090909090909,0.7045454545454545,0.1318181818181818,0.021580795588235287,0.6234125940882354,0.16666666666666666,0.6234125940882354
0.36552880292593726,0.5809259181691697,0.40301964058975903,0.04423583846153845,0.6723203032307693,0.16666666666666666,0.6723203032307693
0.868181818181818,0.459090909090909,0.5409090909090909,0.040355640723981914,0.4562881271855204,0.16666666666666666,0.4562881271855204
0.21363636363636362,0.21363636363636362,0.1318181818181818,0.029352496945701353,0.587618030061086,0.16666666666666666,0.587618030061086
0.5409090909090909,0.7045454545454545,0.459090909090909,0.03266754615384614,0.6087963490769233,0.16666666666666666,0.6087963490769233
0.1318181818181818,0.6227272727272727,0.459090909090909,0.05005276425339367,0.4879849047149321,0.16666666666666666,0.4879849047149321
0.3772727272727272,0.3772727272727272,0.05,0.025389210859728503,0.7107492557828056,0.16666666666666666,0.7107492557828056
0.3772727272727272,0.7863636363636363,0.7863636363636363,0.03365656380090496,0.606783828723982,0.16666666666666666,0.606783828723982
0.3772727272727272,0.1318181818181818,0.95,0.03284696561085974,0.6630383706877828,0.16666666666666666,0.6630383706877828
0.3772727272727272,0.459090909090909,0.868181818181818,0.04563053438914027,0.6729607893122171,0.16666666666666666,0.6729607893122171
0.05,0.7863636363636363,0.2954545454545454,0.034184900452488697,0.4393995019909503,0.16666666666666666,0.4393995019909503
0.3772727272727272,0.1318181818181818,0.868181818181818,0.03284696561085974,0.6630383706877828,0.16666666666666666,0.6630383706877828
0.4317176041721474,0.7127998120622505,0.8909303132921133,0.03465324027149322,0.6957616551945702,0.16666666666666666,0.6957616551945702
0.21363636363636362,0.868181818181818,0.21363636363636362,0.02944021753393665,0.5455665956493213,0.16666666666666666,0.5455665956493213
0.1318181818181818,0.5409090909090909,0.21363636363636362,0.02785418263849486,0.48542875634723004,0.27405784303619285,0.48542875634723004
0.95,0.2954545454545454,0.868181818181818,0.05224600452488687,0.41206767990950227,0.16666666666666666,0.41206767990950227
0.27261329156887787,0.45548972177908414,0.16624347363634548,0.0400457342760181,0.6287985353144797,0.16666666666666666,0.6287985353144797
0.5289021367387841,0.14645481020579845,0.45267113014110916,0.03938400678733032,0.6229496998642534,0.16666666666666666,0.6229496998642534
0.4461372443656411,0.15983441136030094,0.4956592191001431,0.034749628959276024,0.6853565274208145,0.16666666666666666,0.6853565274208145
0.6227272727272727,0.868181818181818,0.05,0.016325860163653214,0.5997698702967269,0.19382724010523797,0.5997698702967269
0.6227272727272727,0.1318181818181818,0.7045454545454545,0.04457011583710407,0.5940693776832578,0.16666666666666666,0.5940693776832578
0.2954545454545454,0.1318181818181818,0.459090909090909,0.03356075113122172,0.6284955149773755,0.16666666666666666,0.6284955149773755
0.6227272727272727,0.6227272727272727,0.6227272727272727,0.03258393936651583,0.5799091212126698,0.16666666666666666,0.5799091212126698
0.2954545454545454,0.459090909090909,0.2954545454545454,0.06735379531563498,0.6271674640936873,0.2716368269185434,0.6271674640936873
0.459090909090909,0.459090909090909,0.459090909090909,0.04172281764705882,0.6179615636470589,0.16666666666666666,0.6179615636470589
0.21363636363636362,0.7045454545454545,0.2954545454545454,0.04152569547511313,0.6079252460904978,0.16666666666666666,0.6079252460904978
0.6227272727272727,0.7045454545454545,0.95,0.03657526289592759,0.5772658047420816,0.16666666666666666,0.5772658047420816
0.2954545454545454,0.868181818181818,0.2954545454545454,0.029583251131221715,0.5817813749773756,0.16666666666666666,0.5817813749773756
0.459090909090909,0.459090909090909,0.1318181818181818,0.02956344264705881,0.6182047511470589,0.16666666666666666,0.6182047511470589
0.3772727272727272,0.459090909090909,0.21363636363636362,0.03756240938914027,0.6731221518122171,0.16666666666666666,0.6731221518122171
0.8396357647351598,0.716691755978784,0.6773141668957411,0.04758063755656109,0.4578237472488689,0.16666666666666666,0.4578237472488689
0.5128109945722504,0.5831731119758382,0.09180537144799795,0.022948045248868794,0.6603484490950227,0.16666666666666666,0.6603484490950227
0.7045454545454545,0.1318181818181818,0.21363636363636362,0.04040970757918551,0.5622548458484162,0.16666666666666666,0.5622548458484162
0.868181818181818,0.6227272727272727,0.868181818181818,0.04434696425339366,0.4447775807149321,0.16666666666666666,0.4447775807149321
0.05,0.95,0.2954545454545454,0.02835495248868778,0.4461164609502263,0.16666666666666666,0.4461164609502263
0.7045454545454545,0.5409090909090909,0.5409090909090909,0.03250033257918552,0.5460315933484163,0.16666666666666666,0.5460315933484163
0.1318181818181818,0.6227272727272727,0.05,0.03380276425339366,0.5283099047149321,0.16666666666666666,0.5283099047149321
0.868181818181818,0.868181818181818,0.3772727272727272,0.056333140723981906,0.42785689718552045,0.16666666666666666,0.42785689718552045
0.1318181818181818,0.95,0.3772727272727272,0.034075264253393654,0.5018052947149321,0.16666666666666666,0.5018052947149321
0.21363636363636362,0.5409090909090909,0.5409090909090909,0.06961246359343179,0.5890940707281314,0.3082356115084135,0.5890940707281314
0.5409090909090909,0.21363636363636362,0.6227272727272727,0.04752203150742541,0.6188437893698514,0.2768303756687356,0.6188437893698514
0.868181818181818,0.3772727272727272,0.7045454545454545,0.04434696425339366,0.4617886607149322,0.16666666666666666,0.4617886607149322
0.05,0.21363636363636362,0.459090909090909,0.03816240045248869,0.4150186319909502,0.16666666666666666,0.4150186319909502
0.21363636363636362,0.868181818181818,0.3772727272727272,0.03750834253393665,0.5454052331493212,0.16666666666666666,0.5454052331493212
0.05,0.1318181818181818,0.868181818181818,0.034158871040723994,0.41179858257918556,0.16666666666666666,0.41179858257918556
0.6227272727272727,0.2954545454545454,0.7863636363636363,0.03657526289592759,0.5895927747420816,0.16666666666666666,0.5895927747420816
0.5409090909090909,0.459090909090909,0.7045454545454545,0.03781510090497738,0.6140044379819004,0.16666666666666666,0.6140044379819004
0.7863636363636363,0.868181818181818,0.95,0.05242542398190046,0.482808411520362,0.16666666666666666,0.482808411520362
0.868181818181818,0.3772727272727272,0.5409090909090909,0.04434696425339366,0.4617886607149322,0.16666666666666666,0.4617886607149322
0.1318181818181818,0.2954545454545454,0.2954545454545454,0.042083940723981896,0.4749435611855204,0.16666666666666666,0.4749435611855204
0.459090909090909,0.868181818181818,0.459090909090909,0.03675468235294119,0.6257920463529412,0.16666666666666666,0.6257920463529412
0.1318181818181818,0.2954545454545454,0.7045454545454545,0.04606144072398189,0.4748640111855204,0.16666666666666666,0.4748640111855204
0.21363636363636362,0.95,0.05,0.01726701900452489,0.5887934996199096,0.16666666666666666,0.5887934996199096
0.1318181818181818,0.21363636363636362,0.21363636363636362,0.03400199219457013,0.47150496015610854,0.16666666666666666,0.47150496015610854
0.7227238443203808,0.08301488260153811,0.27719324990961863,0.04684459717194571,0.5564856680565611,0.16666666666666666,0.5564856680565611
0.2954545454545454,0.21363636363636362,0.3772727272727272,0.03756428054298642,0.6309024243891403,0.16666666666666666,0.6309024243891403
0.05,0.2954545454545454,0.6227272727272727,0.03283396376808553,0.4187254407246383,0.3093388131062458,0.4187254407246383
0.05,0.6227272727272727,0.2954545454545454,0.04216754751131223,0.4323394890497738,0.16666666666666666,0.4323394890497738
0.459090909090909,0.21363636363636362,0.95,0.03275115294117649,0.6134104769411766,0.16666666666666666,0.6134104769411766
0.459090909090909,0.2954545454545454,0.7863636363636363,0.03374017058823529,0.6148733865882352,0.16666666666666666,0.6148733865882352
0.7045454545454545,0.95,0.7045454545454545,0.05246915610859729,0.526760656877828,0.16666666666666666,0.526760656877828
0.5409090909090909,0.2954545454545454,0.95,0.03266754615384614,0.6170629690769232,0.16666666666666666,0.6170629690769232
0.1318181818181818,0.95,0.5409090909090909,0.034075264253393654,0.5018052947149321,0.16666666666666666,0.5018052947149321
0.3772727272727272,0.2954545454545454,0.05,0.021397887330316744,0.7085000722533937,0.16666666666666666,0.7085000722533937
0.6227272727272727,0.6227272727272727,0.2954545454545454,0.02860643936651583,0.5799886712126697,0.16666666666666666,0.5799886712126697
0.3772727272727272,0.2954545454545454,0.95,0.037647887330316744,0.6681750722533937,0.16666666666666666,0.6681750722533937
0.6227272727272727,0.7045454545454545,0.868181818181818,0.03657526289592759,0.5772658047420816,0.16666666666666666,0.5772658047420816
0.1318181818181818,0.7863636363636363,0.459090909090909,0.07557483077834966,0.47427494338443305,0.19264033092803926,0.47427494338443305
0.7863636363636363,0.21363636363636362,0.21363636363636362,0.040353769570135756,0.5200124846085974,0.16666666666666666,0.5200124846085974
0.1318181818181818,0.868181818181818,0.3772727272727272,0.038066587782805424,0.4984252282443439,0.16666666666666666,0.4984252282443439
0.7863636363636363,0.459090909090909,0.459090909090909,0.036447923981900464,0.506919641520362,0.16666666666666666,0.506919641520362
0.459090909090909,0.459090909090909,0.6227272727272727,0.04172281764705882,0.6179615636470589,0.16666666666666666,0.6179615636470589
0.7045454545454545,0.459090909090909,0.868181818181818,0.03250033257918552,0.5491218333484164,0.16666666666666666,0.5491218333484164
0.4131345795911573,0.17061370560557665,0.07590440868200507,0.017714664253393672,0.7164800267149322,0.16666666666666666,0.7164800267149322
0.1318181818181818,0.6227272727272727,0.5409090909090909,0.05005276425339367,0.4879849047149321,0.16666666666666666,0.4879849047149321
0.1318181818181818,0.05,0.459090909090909,0.034075264253393654,0.46460313471493214,0.16666666666666666,0.46460313471493214
0.8160230043651712,0.3352298046406499,0.20254347201748324,0.035262323868778284,0.49686263352262444,0.16666666666666666,0.49686263352262444
0.1318181818181818,0.7863636363636363,0.2954545454545454,0.038092617194570126,0.4954245876561086,0.16666666666666666,0.4954245876561086
0.1318181818181818,0.3772727272727272,0.868181818181818,0.05005276425339367,0.4777843047149321,0.16666666666666666,0.4777843047149321
0.868181818181818,0.05,0.95,0.060324464253393675,0.48238043071493214,0.16666666666666666,0.48238043071493214
0.1318181818181818,0.6227272727272727,0.6227272727272727,0.05005276425339367,0.4879849047149321,0.16666666666666666,0.4879849047149321
0.7863636363636363,0.7863636363636363,0.7045454545454545,0.04842189457013576,0.4879288421085973,0.16666666666666666,0.4879288421085973
0.05,0.95,0.21363636363636362,0.024264327488687776,0.4461982734502263,0.16666666666666666,0.4461982734502263
0.6227272727272727,0.2954545454545454,0.21363636363636362,0.028507137895927598,0.5897541372420815,0.16666666666666666,0.5897541372420815
0.2954545454545454,0.7863636363636363,0.3772727272727272,0.03756428054298642,0.5798526343891401,0.16666666666666666,0.5798526343891401
0.7863636363636363,0.459090909090909,0.21363636363636362,0.02837979898190046,0.5070810040203619,0.16666666666666666,0.5070810040203619
0.3772727272727272,0.868181818181818,0.5409090909090909,0.03284696561085974,0.6088623106877828,0.16666666666666666,0.6088623106877828
0.6227272727272727,0.6227272727272727,0.1318181818181818,0.020424564366515834,0.5801523087126698,0.16666666666666666,0.5801523087126698
0.2954545454545454,0.5409090909090909,0.21363636363636362,0.041470126131221724,0.6431216474773755,0.16666666666666666,0.6431216474773755
0.24166774535801963,0.17273432802809277,0.06309019910109374,0.022558743778280547,0.6421101451244344,0.16666666666666666,0.6421101451244344
0.868181818181818,0.21363636363636362,0.7045454545454545,0.05232961131221722,0.4719196077737557,0.16666666666666666,0.4719196077737557
0.2020415567649481,0.3007313051287627,0.20930943584907213,0.038033389253393654,0.5844122522149321,0.16666666666666666,0.5844122522149321
0.21363636363636362,0.95,0.868181818181818,0.04310711588450391,0.53632925768231,0.2378288124998864,0.53632925768231
0.1318181818181818,0.6227272727272727,0.3772727272727272,0.05005276425339367,0.4879849047149321,0.16666666666666666,0.4879849047149321
0.9381982429404655,0.7450202923669916,0.22884411338075514,0.04635761221719457,0.3868940077556562,0.16666666666666666,0.3868940077556562
0.5409090909090909,0.95,0.6227272727272727,0.04465372262443438,0.6024129355475113,0.16666666666666666,0.6024129355475113
0.868181818181818,0.868181818181818,0.7863636363636363,0.056333140723981906,0.42785689718552045,0.16666666666666666,0.42785689718552045
0.1318181818181818,0.5409090909090909,0.459090909090909,0.054044087782805415,0.4849049582443438,0.16666666666666666,0.4849049582443438
0.7045454545454545,0.3772727272727272,0.7045454545454545,0.03649165610859729,0.552732366877828,0.16666666666666666,0.552732366877828
0.05,0.7863636363636363,0.3772727272727272,0.06520787890095674,0.4223690424219809,0.25834038880424437,0.4223690424219809
0.2954545454545454,0.95,0.7045454545454545,0.03293057239819005,0.5843759185520362,0.16666666666666666,0.5843759185520362
0.2954545454545454,0.7045454545454545,0.05,0.02530560407239819,0.6893013579185521,0.16666666666666666,0.6893013579185521
0.5024111209059753,0.09633087612499042,0.30078181781295027,0.036850774999999995,0.6191597044999999,0.16666666666666666,0.6191597044999999
0.7863636363636363,0.7045454545454545,0.1318181818181818,0.032271196040723996,0.49329221607918555,0.16666666666666666,0.49329221607918555
0.3772727272727272,0.5409090909090909,0.2954545454545454,0.04694007884265455,0.675263608423147,0.3218459427458316,0.675263608423147
0.2954545454545454,0.7045454545454545,0.459090909090909,0.041555604072398195,0.6489763579185521,0.16666666666666666,0.6489763579185521
0.3772727272727272,0.2954545454545454,0.2954545454545454,0.03367038733031674,0.6682546222533936,0.16666666666666666,0.6682546222533936
0.95,0.21363636363636362,0.868181818181818,0.05623732805429864,0.418108213438914,0.16666666666666666,0.418108213438914
0.1318181818181818,0.868181818181818,0.7045454545454545,0.051521242374083245,0.49815613515251833,0.25912724745845495,0.49815613515251833
0.2954545454545454,0.6227272727272727,0.459090909090909,0.04554692760180996,0.6459683214479638,0.16666666666666666,0.6459683214479638
0.7863636363636363,0.2954545454545454,0.21363636363636362,0.036362446040724,0.5155919510791857,0.16666666666666666,0.5155919510791857
0.7045454545454545,0.459090909090909,0.7045454545454545,0.03250033257918552,0.5491218333484164,0.16666666666666666,0.5491218333484164
0.868181818181818,0.95,0.2954545454545454,0.056346964253393673,0.4220062607149322,0.16666666666666666,0.4220062607149322
0.7863636363636363,0.7045454545454545,0.6227272727272727,0.04443057104072399,0.49304902857918553,0.16666666666666666,0.49304902857918553
0.5409090909090909,0.7045454545454545,0.05,0.016417546153846146,0.6491213490769232,0.16666666666666666,0.6491213490769232
0.7863636363636363,0.6227272727272727,0.868181818181818,0.04043924751131222,0.4972990950497737,0.16666666666666666,0.4972990950497737
0.868181818181818,0.7863636363636363,0.2954545454545454,0.0483521113122172,0.4338668777737557,0.16666666666666666,0.4338668777737557
0.2954545454545454,0.3772727272727272,0.6227272727272727,0.04554692760180996,0.6368914414479638,0.16666666666666666,0.6368914414479638
0.5409090909090909,0.7863636363636363,0.6227272727272727,0.036658869683257926,0.6069611826063348,0.16666666666666666,0.6069611826063348
0.21363636363636362,0.5409090909090909,0.7863636363636363,0.05348584253393666,0.6008885231493213,0.16666666666666666,0.6008885231493213
0.4437274298213561,0.8637428250443735,0.36342992032097027,0.03519860791855203,0.6225581478416289,0.16666666666666666,0.6225581478416289
0.6227272727272727,0.7045454545454545,0.21363636363636362,0.028507137895927598,0.5774271672420815,0.16666666666666666,0.5774271672420815
0.95,0.1318181818181818,0.7045454545454545,0.06024085746606334,0.4241485028506788,0.16666666666666666,0.4241485028506788
0.6227272727272727,0.6227272727272727,0.05,0.016333939366515834,0.6202341212126697,0.16666666666666666,0.6202341212126697
0.1318181818181818,0.21363636363636362,0.05,0.025820117194570127,0.5116685976561086,0.16666666666666666,0.5116685976561086
0.7863636363636363,0.21363636363636362,0.7863636363636363,0.057744564161592696,0.49836166871676824,0.24190295234203982,0.49836166871676824
0.95,0.05,0.05,0.04798218099547512,0.4705140363800905,0.16666666666666666,0.4705140363800905
0.3772727272727272,0.6227272727272727,0.6227272727272727,0.04163921085972851,0.6776986357828055,0.16666666666666666,0.6776986357828055
0.600548671610917,0.4276400561850109,0.2729578905510417,0.02831651504524886,0.5944554296990952,0.16666666666666666,0.5944554296990952
0.7045454545454545,0.5409090909090909,0.868181818181818,0.03250033257918552,0.5460315933484163,0.16666666666666666,0.5460315933484163
0.21363636363636362,0.3772727272727272,0.05,0.033244519004524895,0.6349321096199094,0.16666666666666666,0.6349321096199094
0.5409090909090909,0.459090909090909,0.459090909090909,0.03781510090497738,0.6140044379819004,0.16666666666666666,0.6140044379819004
0.21363636363636362,0.5409090909090909,0.6227272727272727,0.05348584253393666,0.6008885231493213,0.16666666666666666,0.6008885231493213
0.459090909090909,0.3772727272727272,0.21363636363636362,0.02966336911764706,0.6167200626176471,0.16666666666666666,0.6167200626176471
0.05,0.95,0.459090909090909,0.032332452488687775,0.44603691095022624,0.16666666666666666,0.44603691095022624
0.7170085843610531,0.5670258018619206,0.8076458990824448,0.03436786425339367,0.5386736427149321,0.16666666666666666,0.5386736427149321
0.7863636363636363,0.3772727272727272,0.05,0.024189247511312222,0.5513350550497738,0.16666666666666666,0.5513350550497738
0.21363636363636362,0.459090909090909,0.2954545454545454,0.049508342533936656,0.5974207131493214,0.16666666666666666,0.5974207131493214
0.7863636363636363,0.1318181818181818,0.1318181818181818,0.040266048981900456,0.523914479020362,0.16666666666666666,0.523914479020362
0.7863636363636363,0.7863636363636363,0.2954545454545454,0.04444439457013576,0.48800839210859737,0.16666666666666666,0.48800839210859737
0.459090909090909,0.6227272727272727,0.459090909090909,0.03773149411764705,0.6216068901176471,0.16666666666666666,0.6216068901176471
0.6770634488277355,0.6160485621018955,0.8397248121743476,0.034846233484162895,0.5553155153303168,0.16666666666666666,0.5553155153303168
0.2954545454545454,0.7045454545454545,0.95,0.041555604072398195,0.6489763579185521,0.16666666666666666,0.6489763579185521
0.2954545454545454,0.459090909090909,0.5409090909090909,0.04953825113122171,0.6400320749773755,0.16666666666666666,0.6400320749773755
0.95,0.3772727272727272,0.2954545454545454,0.04427718099547511,0.4061066963800905,0.16666666666666666,0.4061066963800905
0.1318181818181818,0.459090909090909,0.5409090909090909,0.054044087782805415,0.4813047182443439,0.16666666666666666,0.4813047182443439
0.5409090909090909,0.459090909090909,0.5409090909090909,0.03781510090497738,0.6140044379819004,0.16666666666666666,0.6140044379819004
0.054969905411242165,0.7839152856093506,0.6861716094628554,0.038511501357466074,0.4429132099728507,0.16666666666666666,0.4429132099728507
0.1318181818181818,0.5409090909090909,0.95,0.054044087782805415,0.4849049582443438,0.16666666666666666,0.4849049582443438
0.21363636363636362,0.5409090909090909,0.459090909090909,0.05348584253393666,0.6008885231493213,0.16666666666666666,0.6008885231493213
0.5409090909090909,0.1318181818181818,0.459090909090909,0.04066239909502262,0.6204587720180996,0.16666666666666666,0.6204587720180996
0.3408826388186797,0.5169115595690295,0.68271706300566,0.048556784162895925,0.6610581843167421,0.16666666666666666,0.6610581843167421
0.8514745526659054,0.5842332081986438,0.6611920872300405,0.04166976515837103,0.4587519646968326,0.16666666666666666,0.4587519646968326
0.3772727272727272,0.21363636363636362,0.1318181818181818,0.021497188800904968,0.6658817262239819,0.16666666666666666,0.6658817262239819
0.3772727272727272,0.459090909090909,0.7045454545454545,0.04563053438914027,0.6729607893122171,0.16666666666666666,0.6729607893122171
0.21363636363636362,0.7863636363636363,0.95,0.041511871945701356,0.542341722561086,0.16666666666666666,0.542341722561086
0.12983228038135006,0.1585722839905407,0.4647008912294532,0.039292867873303175,0.46809902264253395,0.16666666666666666,0.46809902264253395
0.5409090909090909,0.5409090909090909,0.5409090909090909,0.03781510090497738,0.6125266479819004,0.16666666666666666,0.6125266479819004
0.7863636363636363,0.05,0.2954545454545454,0.05243924751131221,0.5279013750497737,0.16666666666666666,0.5279013750497737
0.5409090909090909,0.3772727272727272,0.6227272727272727,0.033823777375565627,0.6158396044524888,0.16666666666666666,0.6158396044524888
0.2954545454545454,0.5409090909090909,0.05,0.03328825113122171,0.6832852849773755,0.16666666666666666,0.6832852849773755
0.868181818181818,0.459090909090909,0.459090909090909,0.040355640723981914,0.4562881271855204,0.16666666666666666,0.4562881271855204
0.05,0.05,0.6227272727272727,0.032332452488687775,0.4082348709502262,0.16666666666666666,0.4082348709502262
0.868181818181818,0.1318181818181818,0.459090909090909,0.0563331407239819,0.4771498971855204,0.16666666666666666,0.4771498971855204
0.7045454545454545,0.3772727272727272,0.868181818181818,0.03649165610859729,0.552732366877828,0.16666666666666666,0.552732366877828
0.868181818181818,0.95,0.3772727272727272,0.060324464253393675,0.42192671071493215,0.16666666666666666,0.42192671071493215
0.21363636363636362,0.868181818181818,0.6227272727272727,0.03750834253393665,0.5454052331493212,0.16666666666666666,0.5454052331493212
0.8787851604786318,0.10497016386937737,0.2991898833324833,0.0543669157239819,0.47274898168552043,0.16666666666666666,0.47274898168552043
0.3772727272727272,0.7045454545454545,0.5409090909090909,0.037647887330316744,0.6801074722533937,0.16666666666666666,0.6801074722533937
0.3772727272727272,0.2954545454545454,0.7863636363636363,0.037647887330316744,0.6681750722533937,0.16666666666666666,0.6681750722533937
0.3772727272727272,0.868181818181818,0.3772727272727272,0.03284696561085974,0.6088623106877828,0.16666666666666666,0.6088623106877828
0.1318181818181818,0.3772727272727272,0.6227272727272727,0.05005276425339367,0.4777843047149321,0.16666666666666666,0.4777843047149321
0.1318181818181818,0.95,0.6227272727272727,0.034075264253393654,0.5018052947149321,0.16666666666666666,0.5018052947149321
0.1318181818181818,0.6227272727272727,0.2954545454545454,0.046075264253393665,0.48806445471493215,0.16666666666666666,0.48806445471493215
0.3772727272727272,0.3772727272727272,0.1318181818181818,0.029479835859728507,0.6706674432828055,0.16666666666666666,0.6706674432828055
0.790283518630852,0.9048199219627315,0.703147557549524,0.0543669814479638,0.47859934037104074,0.16666666666666666,0.47859934037104074
0.05,0.7045454545454545,0.05,0.02590372398190046,0.476265005520362,0.16666666666666666,0.476265005520362
0.868181818181818,0.5409090909090909,0.2954545454545454,0.036378140723981905,0.45078731718552034,0.16666666666666666,0.45078731718552034
0.2954545454545454,0.868181818181818,0.6227272727272727,0.03356075113122171,0.5817018249773755,0.16666666666666666,0.5817018249773755
0.7863636363636363,0.6227272727272727,0.7045454545454545,0.04043924751131222,0.4972990950497737,0.16666666666666666,0.4972990950497737
0.7045454545454545,0.05,0.3772727272727272,0.05246915610859729,0.5654340168778281,0.16666666666666666,0.5654340168778281
0.6227272727272727,0.5409090909090909,0.05,0.01765738416289593,0.6224984923167421,0.16666666666666666,0.6224984923167421
0.6227272727272727,0.7863636363636363,0.95,0.05609599304080107,0.549227810139184,0.25319089710529913,0.549227810139184
0.21363636363636362,0.7045454545454545,0.7045454545454545,0.045503195475113126,0.6078456960904979,0.16666666666666666,0.6078456960904979
0.05,0.7863636363636363,0.95,0.03816240045248869,0.43931995199095025,0.16666666666666666,0.43931995199095025
0.7863636363636363,0.7863636363636363,0.1318181818181818,0.03626251957013575,0.4881720296085973,0.16666666666666666,0.4881720296085973
0.7863636363636363,0.5409090909090909,0.7045454545454545,0.036447923981900464,0.502149281520362,0.16666666666666666,0.502149281520362
0.05,0.7045454545454545,0.7045454545454545,0.04215372398190047,0.435940005520362,0.16666666666666666,0.435940005520362
0.6227272727272727,0.2954545454545454,0.7045454545454545,0.03657526289592759,0.5895927747420816,0.16666666666666666,0.5895927747420816
0.3772727272727272,0.7863636363636363,0.95,0.03365656380090496,0.606783828723982,0.16666666666666666,0.606783828723982
0.5409090909090909,0.95,0.7863636363636363,0.04465372262443438,0.6024129355475113,0.16666666666666666,0.6024129355475113
0.5409090909090909,0.459090909090909,0.3772727272727272,0.04730078460545118,0.613814724307891,0.21099137268733012,0.613814724307891
0.3772727272727272,0.5409090909090909,0.21363636363636362,0.03756240938914027,0.6754511618122173,0.16666666666666666,0.6754511618122173
0.6080654803356621,0.5301149827786893,0.8545033247458618,0.03512231221719457,0.5883864937556562,0.16666666666666666,0.5883864937556562
0.1318181818181818,0.5409090909090909,0.868181818181818,0.054044087782805415,0.4849049582443438,0.16666666666666666,0.4849049582443438
0.459090909090909,0.1318181818181818,0.3772727272727272,0.03675468235294118,0.6115652663529412,0.16666666666666666,0.6115652663529412
0.95,0.1318181818181818,0.3772727272727272,0.06024085746606334,0.4241485028506788,0.16666666666666666,0.4241485028506788
0.868181818181818,0.95,0.6227272727272727,0.060324464253393675,0.42192671071493215,0.16666666666666666,0.42192671071493215
0.3772727272727272,0.459090909090909,0.1318181818181818,0.03347115938914027,0.6732039768122172,0.16666666666666666,0.6732039768122172
0.5409090909090909,0.05,0.2954545454545454,0.040676222624434384,0.6216587355475114,0.16666666666666666,0.6216587355475114
0.868181818181818,0.6227272727272727,0.1318181818181818,0.03218758925339366,0.44502076821493214,0.16666666666666666,0.44502076821493214
0.7045454545454545,0.868181818181818,0.868181818181818,0.04847783257918551,0.5310708433484164,0.16666666666666666,0.5310708433484164
0.95,0.1318181818181818,0.05,0.04399085746606334,0.4644735028506788,0.16666666666666666,0.4644735028506788
0.2954545454545454,0.21363636363636362,0.7045454545454545,0.03756428054298642,0.6309024243891403,0.16666666666666666,0.6309024243891403
0.5409090909090909,0.868181818181818,0.95,0.04066239909502262,0.6051257720180996,0.16666666666666666,0.6051257720180996
0.3772727272727272,0.868181818181818,0.21363636363636362,0.02477884061085974,0.6090236731877828,0.16666666666666666,0.6090236731877828
0.7045454545454545,0.868181818181818,0.459090909090909,0.04847783257918551,0.5310708433484164,0.16666666666666666,0.5310708433484164
0.7863636363636363,0.21363636363636362,0.6227272727272727,0.04842189457013576,0.5198511221085973,0.16666666666666666,0.5198511221085973
0.95,0.05,0.2954545454545454,0.06025468099547512,0.4302685863800905,0.16666666666666666,0.4302685863800905
0.5409090909090909,0.2954545454545454,0.05,0.016417546153846146,0.6573879690769232,0.16666666666666666,0.6573879690769232
0.1318181818181818,0.459090909090909,0.7045454545454545,0.054044087782805415,0.4813047182443439,0.16666666666666666,0.4813047182443439
0.05,0.1318181818181818,0.05,0.017908871040723987,0.4521235825791855,0.16666666666666666,0.4521235825791855
0.05,0.459090909090909,0.3772727272727272,0.050136371040724,0.4252797525791855,0.16666666666666666,0.4252797525791855
0.21363636363636362,0.95,0.21363636363636362,0.025448894004524894,0.5486298621199095,0.16666666666666666,0.5486298621199095
0.5409090909090909,0.95,0.459090909090909,0.04465372262443438,0.6024129355475113,0.16666666666666666,0.6024129355475113
0.7863636363636363,0.05,0.95,0.05641674751131223,0.5278218250497737,0.16666666666666666,0.5278218250497737
0.1318181818181818,0.7045454545454545,0.459090909090909,0.04606144072398189,0.4916649711855204,0.16666666666666666,0.4916649711855204
0.6227272727272727,0.2954545454545454,0.2954545454545454,0.0325977628959276,0.5896723247420815,0.16666666666666666,0.5896723247420815
0.6109683141448021,0.34780822236738423,0.10720251525742126,0.020075988235294117,0.6331899702352941,0.16666666666666666,0.6331899702352941
0.868181818181818,0.95,0.95,0.060324464253393675,0.42192671071493215,0.16666666666666666,0.42192671071493215
0.95,0.1318181818181818,0.459090909090909,0.06024085746606334,0.4241485028506788,0.16666666666666666,0.4241485028506788
0.2954545454545454,0.5409090909090909,0.459090909090909,0.04953825113122171,0.6429602849773756,0.16666666666666666,0.6429602849773756
0.3772727272727272,0.1318181818181818,0.7863636363636363,0.03284696561085974,0.6630383706877828,0.16666666666666666,0.6630383706877828
0.5409090909090909,0.5409090909090909,0.7863636363636363,0.03781510090497738,0.6125266479819004,0.16666666666666666,0.6125266479819004
0.459090909090909,0.05,0.6227272727272727,0.04074600588235294,0.6097202998823529,0.16666666666666666,0.6097202998823529
0.9409642091509506,0.34011846047725064,0.7788870012691713,0.049634736199095,0.4154801452760182,0.16666666666666666,0.4154801452760182
0.1318181818181818,0.05,0.868181818181818,0.034075264253393654,0.46460313471493214,0.16666666666666666,0.46460313471493214
0.2954545454545454,0.6227272727272727,0.21363636363636362,0.037478802601809955,0.6461296839479638,0.16666666666666666,0.6461296839479638
0.459090909090909,0.868181818181818,0.21363636363636362,0.028686557352941188,0.6259534088529413,0.16666666666666666,0.6259534088529413
0.2954545454545454,0.95,0.7863636363636363,0.03293057239819005,0.5843759185520362,0.16666666666666666,0.5843759185520362
0.3772727272727272,0.3772727272727272,0.2954545454545454,0.03766171085972851,0.6705038057828056,0.16666666666666666,0.6705038057828056
0.6227272727272727,0.6227272727272727,0.95,0.03258393936651583,0.5799091212126698,0.16666666666666666,0.5799091212126698
0.8864383902148272,0.5510866037125367,0.5644514205229099,0.04172111855203621,0.43789973762895934,0.16666666666666666,0.43789973762895934
0.868181818181818,0.6227272727272727,0.2954545454545454,0.04036946425339367,0.4448571307149321,0.16666666666666666,0.4448571307149321
0.7863636363636363,0.868181818181818,0.868181818181818,0.05242542398190046,0.482808411520362,0.16666666666666666,0.482808411520362
0.5409090909090909,0.95,0.2954545454545454,0.040676222624434384,0.6024924855475113,0.16666666666666666,0.6024924855475113
0.868181818181818,0.1318181818181818,0.3772727272727272,0.0563331407239819,0.4771498971855204,0.16666666666666666,0.4771498971855204
0.1318181818181818,0.5409090909090909,0.3772727272727272,0.054044087782805415,0.4849049582443438,0.16666666666666666,0.4849049582443438
0.21363636363636362,0.6227272727272727,0.6227272727272727,0.0494945190045249,0.6045157096199095,0.16666666666666666,0.6045157096199095
0.21363636363636362,0.459090909090909,0.868181818181818,0.05348584253393666,0.5973411631493214,0.16666666666666666,0.5973411631493214
0.459090909090909,0.21363636363636362,0.05,0.016501152941176486,0.6537354769411766,0.16666666666666666,0.6537354769411766
0.936357079066101,0.8050082778013407,0.16219641308294017,0.045874774660633486,0.38327342450678736,0.16666666666666666,0.38327342450678736
0.95,0.5409090909090909,0.459090909090909,0.04426335746606335,0.39359625285067873,0.16666666666666666,0.39359625285067873
0.1318181818181818,0.7863636363636363,0.6227272727272727,0.042070117194570135,0.49534503765610866,0.16666666666666666,0.49534503765610866
0.3772727272727272,0.21363636363636362,0.7045454545454545,0.03365656380090496,0.6656385387239819,0.16666666666666666,0.6656385387239819
0.459090909090909,0.5409090909090909,0.21363636363636362,0.03365469264705881,0.6196056161470589,0.16666666666666666,0.6196056161470589
0.05,0.5409090909090909,0.6227272727272727,0.050136371040724,0.42887999257918547,0.16666666666666666,0.42887999257918547
0.7045454545454545,0.459090909090909,0.3772727272727272,0.03250033257918552,0.5491218333484164,0.16666666666666666,0.5491218333484164
0.95,0.05,0.7863636363636363,0.06423218099547512,0.4301890363800905,0.16666666666666666,0.4301890363800905
0.1318181818181818,0.2954545454545454,0.7863636363636363,0.04606144072398189,0.4748640111855204,0.16666666666666666,0.4748640111855204
0.7045454545454545,0.459090909090909,0.1318181818181818,0.020340957579185522,0.5493650208484163,0.16666666666666666,0.5493650208484163
0.868181818181818,0.3772727272727272,0.05,0.028096964253393662,0.5021136607149321,0.16666666666666666,0.5021136607149321
0.95,0.3772727272727272,0.868181818181818,0.04825468099547511,0.4060271463800905,0.16666666666666666,0.4060271463800905
0.05,0.7045454545454545,0.21363636363636362,0.027620155126193105,0.43623067689747613,0.32455385792326324,0.43623067689747613
0.05,0.5409090909090909,0.868181818181818,0.050136371040724,0.42887999257918547,0.16666666666666666,0.42887999257918547
0.2954545454545454,0.21363636363636362,0.05,0.021314280542986418,0.6712274243891403,0.16666666666666666,0.6712274243891403
0.2954545454545454,0.21363636363636362,0.5409090909090909,0.03756428054298642,0.6309024243891403,0.16666666666666666,0.6309024243891403
0.05,0.3772727272727272,0.6227272727272727,0.04614504751131222,0.4223594590497737,0.16666666666666666,0.4223594590497737
0.3772727272727272,0.95,0.7045454545454545,0.0368382891402715,0.6105574242171946,0.16666666666666666,0.6105574242171946
0.21363636363636362,0.6227272727272727,0.7863636363636363,0.0494945190045249,0.6045157096199095,0.16666666666666666,0.6045157096199095
0.459090909090909,0.7863636363636363,0.868181818181818,0.03275115294117649,0.6243894269411765,0.16666666666666666,0.6243894269411765
0.5409090909090909,0.7045454545454545,0.3772727272727272,0.03266754615384614,0.6087963490769233,0.16666666666666666,0.6087963490769233
0.868181818181818,0.2954545454545454,0.2954545454545454,0.04436078778280542,0.4673687442443438,0.16666666666666666,0.4673687442443438
0.459090909090909,0.459090909090909,0.2954545454545454,0.03774531764705882,0.6180411136470589,0.16666666666666666,0.6180411136470589
0.459090909090909,0.6227272727272727,0.1318181818181818,0.025572119117647056,0.6218500776176471,0.16666666666666666,0.6218500776176471
0.6872653200164409,0.0685260448662222,0.9229188669457948,0.05076842760180994,0.5714386314479638,0.16666666666666666,0.5714386314479638
0.459090909090909,0.2954545454545454,0.7045454545454545,0.03374017058823529,0.6148733865882352,0.16666666666666666,0.6148733865882352
0.5409090909090909,0.2954545454545454,0.6227272727272727,0.03266754615384614,0.6170629690769232,0.16666666666666666,0.6170629690769232
0.95,0.05,0.5409090909090909,0.06423218099547512,0.4301890363800905,0.16666666666666666,0.4301890363800905
0.5409090909090909,0.1318181818181818,0.1318181818181818,0.028503024095022617,0.6207019595180996,0.16666666666666666,0.6207019595180996
0.6227272727272727,0.05,0.6227272727272727,0.04856143936651583,0.5966078612126696,0.16666666666666666,0.5966078612126696
0.7863636363636363,0.868181818181818,0.05,0.03617542398190046,0.523133411520362,0.16666666666666666,0.523133411520362
0.21363636363636362,0.7045454545454545,0.459090909090909,0.045503195475113126,0.6078456960904979,0.16666666666666666,0.6078456960904979
0.2954545454545454,0.1318181818181818,0.21363636363636362,0.025492626131221722,0.6286568774773756,0.16666666666666666,0.6286568774773756
0.5409090909090909,0.05,0.6227272727272727,0.04465372262443438,0.6215791855475115,0.16666666666666666,0.6215791855475115
0.7045454545454545,0.21363636363636362,0.2954545454545454,0.04049680316742082,0.5591628639366516,0.16666666666666666,0.5591628639366516
0.2954545454545454,0.7863636363636363,0.21363636363636362,0.029496155542986423,0.5800139968891402,0.16666666666666666,0.5800139968891402
0.3772727272727272,0.868181818181818,0.7863636363636363,0.0363934660998353,0.6087913806780033,0.19151755698007555,0.6087913806780033
0.7045454545454545,0.7863636363636363,0.1318181818181818,0.03231492816742082,0.5347543414366516,0.16666666666666666,0.5347543414366516
0.95,0.21363636363636362,0.2954545454545454,0.05225982805429865,0.418187763438914,0.16666666666666666,0.418187763438914
0.15787883060031452,0.35385365426326515,0.8986187335212672,0.0501415257918552,0.4936834894841629,0.16666666666666666,0.4936834894841629
0.459090909090909,0.1318181818181818,0.7863636363636363,0.03675468235294118,0.6115652663529412,0.16666666666666666,0.6115652663529412
0.1318181818181818,0.21363636363636362,0.3772727272727272,0.042070117194570135,0.4713435976561086,0.16666666666666666,0.4713435976561086
0.459090909090909,0.95,0.6227272727272727,0.04074600588235294,0.626912459882353,0.16666666666666666,0.626912459882353
0.7863636363636363,0.7045454545454545,0.2954545454545454,0.04045307104072399,0.4931285785791856,0.16666666666666666,0.4931285785791856
0.3772727272727272,0.95,0.7863636363636363,0.0368382891402715,0.6105574242171946,0.16666666666666666,0.6105574242171946
0.21363636363636362,0.7045454545454545,0.6227272727272727,0.045503195475113126,0.6078456960904979,0.16666666666666666,0.6078456960904979
0.95,0.7863636363636363,0.6227272727272727,0.05623732805429864,0.3747256934389141,0.16666666666666666,0.3747256934389141
0.6227272727272727,0.2954545454545454,0.6227272727272727,0.06108217766275477,0.576506206446745,0.30562529620004736,0.576506206446745
0.3772727272727272,0.5409090909090909,0.3772727272727272,0.04563053438914027,0.6752897993122172,0.16666666666666666,0.6752897993122172
0.95,0.7045454545454545,0.3772727272727272,0.05224600452488687,0.3811958799095023,0.16666666666666666,0.3811958799095023
0.5409090909090909,0.21363636363636362,0.7045454545454545,0.036658869683257926,0.6190610526063348,0.16666666666666666,0.6190610526063348
0.2954545454545454,0.05,0.2954545454545454,0.02895307239819005,0.6253672085520363,0.16666666666666666,0.6253672085520363
0.6186534909528193,0.45360096978048775,0.31388969452825805,0.030782603054298637,0.586774767938914,0.16666666666666666,0.586774767938914
0.1318181818181818,0.6227272727272727,0.7863636363636363,0.05005276425339367,0.4879849047149321,0.16666666666666666,0.4879849047149321
0.2821125443404458,0.20379882865105922,0.6517788979319878,0.03771403981900452,0.6245340092036199,0.16666666666666666,0.6245340092036199
0.05,0.7863636363636363,0.1318181818181818,0.026003025452488688,0.43956313949095027,0.16666666666666666,0.43956313949095027
0.05,0.6227272727272727,0.868181818181818,0.04614504751131222,0.4322599390497738,0.16666666666666666,0.4322599390497738
0.1318181818181818,0.1318181818181818,0.6227272727272727,0.07012889600232836,0.44843218207995345,0.30103806459560634,0.44843218207995345
0.21363636363636362,0.05,0.05,0.01726701900452489,0.6212012996199097,0.16666666666666666,0.6212012996199097
0.1318181818181818,0.7863636363636363,0.05,0.025820117194570127,0.5356700376561087,0.16666666666666666,0.5356700376561087
0.5629007163841848,0.7362128171666215,0.8390890730855745,0.03525443438914027,0.6005090513122172,0.16666666666666666,0.6005090513122172
0.868181818181818,0.7863636363636363,0.95,0.05232961131221722,0.43378732777375567,0.16666666666666666,0.43378732777375567
0.7863636363636363,0.1318181818181818,0.5409090909090909,0.052425423981900456,0.523671291520362,0.16666666666666666,0.523671291520362
0.7045454545454545,0.1318181818181818,0.7045454545454545,0.04847783257918551,0.5620934833484162,0.16666666666666666,0.5620934833484162
0.5771980231461169,0.8962072172824618,0.567926760088291,0.04378394298642533,0.5899171111402716,0.16666666666666666,0.5899171111402716
0.459090909090909,0.2954545454545454,0.459090909090909,0.03374017058823529,0.6148733865882352,0.16666666666666666,0.6148733865882352
0.7863636363636363,0.7045454545454545,0.459090909090909,0.04443057104072399,0.49304902857918553,0.16666666666666666,0.49304902857918553
0.21363636363636362,0.7863636363636363,0.7045454545454545,0.036965641097591116,0.5424326471780483,0.23840169872549163,0.5424326471780483
0.5409090909090909,0.95,0.21363636363636362,0.036585597624434384,0.6025742980475113,0.16666666666666666,0.6025742980475113
0.459090909090909,0.868181818181818,0.6227272727272727,0.03675468235294119,0.6257920463529412,0.16666666666666666,0.6257920463529412
0.7045454545454545,0.05,0.2954545454545454,0.08475350943914836,0.5647883298112171,0.21131662843261653,0.5647883298112171
0.7045454545454545,0.5409090909090909,0.2954545454545454,0.03279984043923964,0.5460256031912152,0.23148685131875477,0.5460256031912152
0.459090909090909,0.7863636363636363,0.05,0.016501152941176486,0.6647144269411766,0.16666666666666666,0.6647144269411766
0.05,0.95,0.1318181818181818,0.02017307748868778,0.44628009845022626,0.16666666666666666,0.44628009845022626
0.2954545454545454,0.21363636363636362,0.459090909090909,0.03756428054298642,0.6309024243891403,0.16666666666666666,0.6309024243891403
0.3680170052234475,0.5752905006657848,0.11996117326848635,0.03164507477375565,0.7130108185045249,0.16666666666666666,0.7130108185045249
0.8559709056465804,0.40028151086074676,0.059753886332268524,0.026863403167420814,0.5082586919366515,0.16666666666666666,0.5082586919366515
0.1318181818181818,0.1318181818181818,0.1318181818181818,0.02590721278280543,0.46776661574434386,0.16666666666666666,0.46776661574434386
0.18236613283613412,0.8839288626453449,0.4929046637715843,0.03821473438914027,0.5298013553122172,0.16666666666666666,0.5298013553122172
0.95,0.2954545454545454,0.3772727272727272,0.10452231883881581,0.4110221536232237,0.21740581209030374,0.4110221536232237
0.3772727272727272,0.7045454545454545,0.459090909090909,0.037647887330316744,0.6801074722533937,0.16666666666666666,0.6801074722533937
0.95,0.7045454545454545,0.459090909090909,0.0957903743257401,0.3744119925134852,0.2100150865604015,0.3744119925134852
0.459090909090909,0.868181818181818,0.05,0.020504682352941186,0.6661170463529412,0.16666666666666666,0.6661170463529412
0.1318181818181818,0.6227272727272727,0.868181818181818,0.05005276425339367,0.4879849047149321,0.16666666666666666,0.4879849047149321
0.8199145256099064,0.6832920734420213,0.47675644617859264,0.04498805746606336,0.4732065588506787,0.16666666666666666,0.4732065588506787
0.6227272727272727,0.6227272727272727,0.459090909090909,0.03258393936651583,0.5799091212126698,0.16666666666666666,0.5799091212126698
0.3578735738443167,0.7891315742048115,0.1495685632596865,0.03703142172163285,0.6007435915655673,0.2659988612351765,0.6007435915655673
0.05,0.7045454545454545,0.3772727272727272,0.04215372398190047,0.435940005520362,0.16666666666666666,0.435940005520362
0.21363636363636362,0.21363636363636362,0.2954545454545454,0.037534371945701354,0.587454392561086,0.16666666666666666,0.587454392561086
0.459090909090909,0.7045454545454545,0.6227272727272727,0.03374017058823529,0.6231694065882354,0.16666666666666666,0.6231694065882354
0.7863636363636363,0.21363636363636362,0.868181818181818,0.04842189457013576,0.5198511221085973,0.16666666666666666,0.5198511221085973
0.06021828029067716,0.4717945777947136,0.10067294811365361,0.03752111696832579,0.4736325376606335,0.16666666666666666,0.4736325376606335
0.95,0.2954545454545454,0.05,0.03599600452488687,0.45239267990950227,0.16666666666666666,0.45239267990950227
0.1318181818181818,0.7863636363636363,0.7863636363636363,0.042070117194570135,0.49534503765610866,0.16666666666666666,0.49534503765610866
0.5409090909090909,0.95,0.05,0.02840372262443438,0.6427379355475114,0.16666666666666666,0.6427379355475114
0.95,0.459090909090909,0.5409090909090909,0.04426335746606335,0.39998661285067866,0.16666666666666666,0.39998661285067866
0.1318181818181818,0.3772727272727272,0.2954545454545454,0.046075264253393665,0.4778638547149321,0.16666666666666666,0.4778638547149321
0.6201767396848051,0.5321972156672826,0.13126079304896746,0.022267339027149315,0.5836888132194571,0.16666666666666666,0.5836888132194571
0.9050557703457244,0.9055464322438004,0.5660940993109574,0.05906393784921486,0.3988806012430157,0.32522815526596993,0.3988806012430157
0.08094966900369656,0.8683883618709037,0.2829019834400152,0.03101702760180996,0.46466429944796384,0.16666666666666666,0.46466429944796384
0.1318181818181818,0.21363636363636362,0.95,0.042070117194570135,0.4713435976561086,0.16666666666666666,0.4713435976561086
0.2954545454545454,0.1318181818181818,0.3772727272727272,0.03356075113122172,0.6284955149773755,0.16666666666666666,0.6284955149773755
0.21363636363636362,0.3772727272727272,0.3772727272727272,0.0494945190045249,0.5946071096199095,0.16666666666666666,0.5946071096199095
0.6227272727272727,0.3772727272727272,0.7045454545454545,0.03258393936651583,0.5873817612126698,0.16666666666666666,0.5873817612126698
0.95,0.868181818181818,0.21363636363636362,0.05217273246606334,0.36868662535067875,0.16666666666666666,0.36868662535067875
0.459090909090909,0.21363636363636362,0.3772727272727272,0.03275115294117649,0.6134104769411766,0.16666666666666666,0.6134104769411766
0.6227272727272727,0.459090909090909,0.459090909090909,0.03390738416289593,0.5850644523167421,0.16666666666666666,0.5850644523167421
0.3772727272727272,0.6227272727272727,0.21363636363636362,0.03357108585972851,0.6778599982828055,0.16666666666666666,0.6778599982828055
0.2954545454545454,0.3772727272727272,0.05,0.029296927601809956,0.6772164414479637,0.16666666666666666,0.6772164414479637
0.3772727272727272,0.5409090909090909,0.459090909090909,0.04563053438914027,0.6752897993122172,0.16666666666666666,0.6752897993122172
0.5409090909090909,0.1318181818181818,0.2954545454545454,0.036684899095022615,0.6205383220180997,0.16666666666666666,0.6205383220180997
0.7863636363636363,0.3772727272727272,0.1318181818181818,0.02827987251131222,0.5112532425497738,0.16666666666666666,0.5112532425497738
0.2954545454545454,0.459090909090909,0.6227272727272727,0.04953825113122171,0.6400320749773755,0.16666666666666666,0.6400320749773755
0.2954545454545454,0.7863636363636363,0.7863636363636363,0.03756428054298642,0.5798526343891401,0.16666666666666666,0.5798526343891401
0.6227272727272727,0.868181818181818,0.6227272727272727,0.04457011583710407,0.5713788076832579,0.16666666666666666,0.5713788076832579
0.1318181818181818,0.1318181818181818,0.3772727272727272,0.03806658778280543,0.46752342824434384,0.16666666666666666,0.46752342824434384
0.459090909090909,0.1318181818181818,0.868181818181818,0.03675468235294118,0.6115652663529412,0.16666666666666666,0.6115652663529412
0.2954545454545454,0.1318181818181818,0.95,0.03356075113122172,0.6284955149773755,0.16666666666666666,0.6284955149773755
0.95,0.868181818181818,0.7045454545454545,0.032595464982153925,0.3581431707003569,0.1828478840123348,0.3581431707003569
0.7863636363636363,0.459090909090909,0.1318181818181818,0.04803749484987971,0.5066878501030024,0.2276729891881839,0.5066878501030024
0.459090909090909,0.7863636363636363,0.459090909090909,0.03275115294117649,0.6243894269411765,0.16666666666666666,0.6243894269411765
0.5125905402438297,0.7552877114670287,0.4068885040891431,0.03378960180995474,0.616572517963801,0.16666666666666666,0.616572517963801
0.459090909090909,0.5409090909090909,0.5409090909090909,0.04172281764705882,0.6194442536470589,0.16666666666666666,0.6194442536470589
0.21363636363636362,0.21363636363636362,0.7045454545454545,0.041511871945701356,0.587374842561086,0.16666666666666666,0.587374842561086
0.868181818181818,0.05,0.459090909090909,0.060324464253393675,0.48238043071493214,0.16666666666666666,0.48238043071493214
0.1318181818181818,0.7045454545454545,0.6227272727272727,0.04606144072398189,0.4916649711855204,0.16666666666666666,0.4916649711855204
0.7045454545454545,0.1318181818181818,0.7863636363636363,0.04847783257918551,0.5620934833484162,0.16666666666666666,0.5620934833484162
0.95,0.7863636363636363,0.95,0.05623732805429864,0.3747256934389141,0.16666666666666666,0.3747256934389141
0.05,0.7045454545454545,0.6227272727272727,0.04215372398190047,0.435940005520362,0.16666666666666666,0.435940005520362
0.3772727272727272,0.3772727272727272,0.21363636363636362,0.03357108585972851,0.6705856182828056,0.16666666666666666,0.6705856182828056
0.21363636363636362,0.3772727272727272,0.95,0.07302515260521783,0.5828726169478956,0.19783771610273929,0.5828726169478956
0.1318181818181818,0.95,0.21363636363636362,0.02600713925339366,0.501966657214932,0.16666666666666666,0.501966657214932
0.2676670618104065,0.1337924910253093,0.857494182157994,0.03501413665158371,0.6144627272669684,0.16666666666666666,0.6144627272669684
0.2954545454545454,0.7863636363636363,0.1318181818181818,0.02540490554298642,0.5800958218891402,0.16666666666666666,0.5800958218891402
0.3772727272727272,0.5409090909090909,0.6227272727272727,0.04563053438914027,0.6752897993122172,0.16666666666666666,0.6752897993122172
0.868181818181818,0.7863636363636363,0.7045454545454545,0.05232961131221722,0.43378732777375567,0.16666666666666666,0.43378732777375567
0.459090909090909,0.868181818181818,0.5409090909090909,0.03675468235294119,0.6257920463529412,0.16666666666666666,0.6257920463529412
0.21363636363636362,0.7863636363636363,0.2954545454545454,0.037534371945701354,0.5424212725610861,0.16666666666666666,0.5424212725610861
0.3772727272727272,0.5409090909090909,0.7045454545454545,0.04563053438914027,0.6752897993122172,0.16666666666666666,0.6752897993122172
0.6227272727272727,0.3772727272727272,0.7863636363636363,0.03258393936651583,0.5873817612126698,0.16666666666666666,0.5873817612126698
0.95,0.95,0.05,0.04798218099547512,0.40265007638009054,0.16666666666666666,0.40265007638009054
0.5409090909090909,0.3772727272727272,0.868181818181818,0.033823777375565627,0.6158396044524888,0.16666666666666666,0.6158396044524888
0.6227272727272727,0.7863636363636363,0.7045454545454545,0.04056658642533937,0.5740223682714932,0.16666666666666666,0.5740223682714932
0.2954545454545454,0.1318181818181818,0.1318181818181818,0.021401376131221724,0.6287387024773756,0.16666666666666666,0.6287387024773756
0.3772727272727272,0.2954545454545454,0.459090909090909,0.037647887330316744,0.6681750722533937,0.16666666666666666,0.6681750722533937
0.3569597159452326,0.15212616911653015,0.8822242564507065,0.03165078325791855,0.6553023843348417,0.16666666666666666,0.6553023843348417
0.6227272727272727,0.459090909090909,0.6227272727272727,0.03390738416289593,0.5850644523167421,0.16666666666666666,0.5850644523167421
0.26350411256239503,0.14160422535836337,0.1875732252658988,0.026220642307692305,0.6121955871538463,0.16666666666666666,0.6121955871538463
0.49050748424980667,0.9370854086995406,0.26784974436035036,0.036269037104072394,0.6198349392579185,0.16666666666666666,0.6198349392579185
0.868181818181818,0.868181818181818,0.7045454545454545,0.056333140723981906,0.42785689718552045,0.16666666666666666,0.42785689718552045
0.2954545454545454,0.1318181818181818,0.7045454545454545,0.03356075113122172,0.6284955149773755,0.16666666666666666,0.6284955149773755
0.2954545454545454,0.7863636363636363,0.6227272727272727,0.03756428054298642,0.5798526343891401,0.16666666666666666,0.5798526343891401
0.39806181167048366,0.893056989863061,0.17376884973139392,0.024990964479638004,0.6143453207104073,0.16666666666666666,0.6143453207104073
0.868181818181818,0.459090909090909,0.868181818181818,0.040355640723981914,0.4562881271855204,0.16666666666666666,0.4562881271855204
0.1318181818181818,0.7863636363636363,0.95,0.042070117194570135,0.49534503765610866,0.16666666666666666,0.49534503765610866
0.95,0.7045454545454545,0.05,0.03599600452488687,0.42152087990950227,0.16666666666666666,0.42152087990950227
0.459090909090909,0.5409090909090909,0.459090909090909,0.04172281764705882,0.6194442536470589,0.16666666666666666,0.6194442536470589
0.922890944036875,0.0888439207555185,0.852028802328264,0.06102440542986426,0.4458541518914027,0.16666666666666666,0.4458541518914027
0.21363636363636362,0.459090909090909,0.459090909090909,0.05348584253393666,0.5973411631493214,0.16666666666666666,0.5973411631493214
0.5409090909090909,0.05,0.868181818181818,0.04465372262443438,0.6215791855475115,0.16666666666666666,0.6215791855475115
0.1318181818181818,0.459090909090909,0.3772727272727272,0.054044087782805415,0.4813047182443439,0.16666666666666666,0.4813047182443439
0.3772727272727272,0.2954545454545454,0.1318181818181818,0.025488512330316744,0.6684182597533936,0.16666666666666666,0.6684182597533936
0.5409090909090909,0.1318181818181818,0.05,0.024412399095022616,0.6607837720180997,0.16666666666666666,0.6607837720180997
0.6227272727272727,0.21363636363636362,0.05,0.02431658642533937,0.6324562582714932,0.16666666666666666,0.6324562582714932
0.868181818181818,0.459090909090909,0.3772727272727272,0.040355640723981914,0.4562881271855204,0.16666666666666666,0.4562881271855204
0.6227272727272727,0.95,0.1318181818181818,0.03640206436651583,0.5683785587126697,0.16666666666666666,0.5683785587126697
0.15763482134447152,0.6919203085006954,0.7347065437552076,0.047907849321266974,0.5075290030135746,0.16666666666666666,0.5075290030135746
0.868181818181818,0.459090909090909,0.6227272727272727,0.040355640723981914,0.4562881271855204,0.16666666666666666,0.4562881271855204
0.05,0.3772727272727272,0.7863636363636363,0.04614504751131222,0.4223594590497737,0.16666666666666666,0.4223594590497737
0.6227272727272727,0.95,0.5409090909090909,0.04856143936651583,0.5681353712126698,0.16666666666666666,0.5681353712126698
0.459090909090909,0.6227272727272727,0.6227272727272727,0.03773149411764705,0.6216068901176471,0.16666666666666666,0.6216068901176471
0.05,0.459090909090909,0.5409090909090909,0.050136371040724,0.4252797525791855,0.16666666666666666,0.4252797525791855
0.2954545454545454,0.868181818181818,0.7863636363636363,0.03356075113122171,0.5817018249773755,0.16666666666666666,0.5817018249773755
0.3772727272727272,0.95,0.2954545454545454,0.032860789140271504,0.6106369742171945,0.16666666666666666,0.6106369742171945
0.1318181818181818,0.6227272727272727,0.1318181818181818,0.03789338925339367,0.4882280922149321,0.16666666666666666,0.4882280922149321
0.459090909090909,0.3772727272727272,0.6227272727272727,0.03773149411764705,0.616558700117647,0.16666666666666666,0.616558700117647
0.17554447458683764,0.31293018368169634,0.3797256589643225,0.07516878547964267,0.5474703092904073,0.2958672510392824,0.5474703092904073
0.868181818181818,0.5409090909090909,0.6227272727272727,0.040355640723981914,0.4507077671855204,0.16666666666666666,0.4507077671855204
0.95,0.3772727272727272,0.5409090909090909,0.04825468099547511,0.4060271463800905,0.16666666666666666,0.4060271463800905
0.67455360002039,0.5384519990128365,0.27661915301625745,0.02663846402714932,0.559710030719457,0.16666666666666666,0.559710030719457
0.6808722183132079,0.11548670572777417,0.7896740533613206,0.04815472443438915,0.5723610255113123,0.16666666666666666,0.5723610255113123
0.3772727272727272,0.459090909090909,0.459090909090909,0.04563053438914027,0.6729607893122171,0.16666666666666666,0.6729607893122171
0.6227272727272727,0.7045454545454545,0.5409090909090909,0.03657526289592759,0.5772658047420816,0.16666666666666666,0.5772658047420816
0.5409090909090909,0.21363636363636362,0.7863636363636363,0.036658869683257926,0.6190610526063348,0.16666666666666666,0.6190610526063348
0.6227272727272727,0.3772727272727272,0.2954545454545454,0.02860643936651583,0.5874613112126698,0.16666666666666666,0.5874613112126698
0.3772727272727272,0.868181818181818,0.95,0.03284696561085974,0.6088623106877828,0.16666666666666666,0.6088623106877828
0.21363636363636362,0.95,0.3772727272727272,0.03351701900452489,0.5484684996199095,0.16666666666666666,0.5484684996199095
0.05,0.459090909090909,0.7863636363636363,0.050136371040724,0.4252797525791855,0.16666666666666666,0.4252797525791855
0.868181818181818,0.3772727272727272,0.868181818181818,0.04434696425339366,0.4617886607149322,0.16666666666666666,0.4617886607149322
0.95,0.459090909090909,0.868181818181818,0.04426335746606335,0.39998661285067866,0.16666666666666666,0.39998661285067866
0.95,0.7863636363636363,0.21363636363636362,0.04816920305429865,0.374887055938914,0.16666666666666666,0.374887055938914
0.7045454545454545,0.2954545454545454,0.05,0.02423297963800905,0.5960677804072398,0.16666666666666666,0.5960677804072398
0.7045454545454545,0.7045454545454545,0.05,0.02423297963800905,0.5788763404072398,0.16666666666666666,0.5788763404072398
0.459090909090909,0.1318181818181818,0.7045454545454545,0.03675468235294118,0.6115652663529412,0.16666666666666666,0.6115652663529412
0.6227272727272727,0.459090909090909,0.2954545454545454,0.02992988416289593,0.585144002316742,0.16666666666666666,0.585144002316742
0.868181818181818,0.7045454545454545,0.6227272727272727,0.04833828778280544,0.43971751424434397,0.16666666666666666,0.43971751424434397
0.3772727272727272,0.2954545454545454,0.7045454545454545,0.037647887330316744,0.6681750722533937,0.16666666666666666,0.6681750722533937
0.6227272727272727,0.21363636363636362,0.459090909090909,0.07145742073289378,0.591513441585342,0.28934660867512935,0.591513441585342
0.9185242195998612,0.16186750113699025,0.7077807276832798,0.05726091447963801,0.44370930171040723,0.16666666666666666,0.44370930171040723
0.5409090909090909,0.05,0.459090909090909,0.04465372262443438,0.6215791855475115,0.16666666666666666,0.6215791855475115
0.6227272727272727,0.21363636363636362,0.5409090909090909,0.04056658642533937,0.5921312582714932,0.16666666666666666,0.5921312582714932
0.868181818181818,0.459090909090909,0.95,0.040355640723981914,0.4562881271855204,0.16666666666666666,0.4562881271855204
0.5409090909090909,0.3772727272727272,0.05,0.017573777375565626,0.6561646044524888,0.16666666666666666,0.6561646044524888
0.5410551103843414,0.8973183278988726,0.3974923740206968,0.0420782814479638,0.6042197843710407,0.16666666666666666,0.6042197843710407
0.21363636363636362,0.1318181818181818,0.1318181818181818,0.025348967533936662,0.5841507406493212,0.16666666666666666,0.5841507406493212
0.332920382968694,0.5077136220482324,0.8668098265334836,0.04936727375565611,0.6575047345248869,0.16666666666666666,0.6575047345248869
0.1318181818181818,0.95,0.2954545454545454,0.030097764253393656,0.501884844714932,0.16666666666666666,0.501884844714932
0.5409090909090909,0.7045454545454545,0.21363636363636362,0.024599421153846147,0.6089577115769232,0.16666666666666666,0.6089577115769232
0.868181818181818,0.459090909090909,0.7863636363636363,0.040355640723981914,0.4562881271855204,0.16666666666666666,0.4562881271855204
0.7863636363636363,0.3772727272727272,0.7045454545454545,0.04043924751131222,0.5110100550497738,0.16666666666666666,0.5110100550497738
0.747619541025003,0.8955490474077701,0.8553446153848838,0.051881756108597264,0.5054708448778281,0.16666666666666666,0.5054708448778281
0.95,0.459090909090909,0.95,0.04426335746606335,0.39998661285067866,0.16666666666666666,0.39998661285067866
0.2954545454545454,0.868181818181818,0.1318181818181818,0.021401376131221714,0.5819450124773755,0.16666666666666666,0.5819450124773755
0.459090909090909,0.7863636363636363,0.5409090909090909,0.03275115294117649,0.6243894269411765,0.16666666666666666,0.6243894269411765
0.6227272727272727,0.2954545454545454,0.95,0.03657526289592759,0.5895927747420816,0.16666666666666666,0.5895927747420816
0.3772727272727272,0.1318181818181818,0.7045454545454545,0.03284696561085974,0.6630383706877828,0.16666666666666666,0.6630383706877828
0.95,0.05,0.1318181818181818,0.052072805995475126,0.4304322238800905,0.16666666666666666,0.4304322238800905
0.459090909090909,0.5409090909090909,0.868181818181818,0.04172281764705882,0.6194442536470589,0.16666666666666666,0.6194442536470589
0.21363636363636362,0.21363636363636362,0.6227272727272727,0.041511871945701356,0.587374842561086,0.16666666666666666,0.587374842561086
0.459090909090909,0.3772727272727272,0.1318181818181818,0.025572119117647056,0.6168018876176471,0.16666666666666666,0.6168018876176471
0.1318181818181818,0.7863636363636363,0.1318181818181818,0.029910742194570128,0.4955882251561086,0.16666666666666666,0.4955882251561086
0.2954545454545454,0.05,0.7045454545454545,0.03293057239819005,0.6252876585520363,0.16666666666666666,0.6252876585520363
0.2954545454545454,0.5409090909090909,0.3772727272727272,0.04953825113122171,0.6429602849773756,0.16666666666666666,0.6429602849773756
0.05,0.5409090909090909,0.3772727272727272,0.050136371040724,0.42887999257918547,0.16666666666666666,0.42887999257918547
0.546716154897037,0.5548441743818476,0.8389882423925105,0.03686465475113123,0.6098601469049774,0.16666666666666666,0.6098601469049774
0.3772727272727272,0.5409090909090909,0.1318181818181818,0.03347115938914027,0.6755329868122173,0.16666666666666666,0.6755329868122173
0.2954545454545454,0.6227272727272727,0.5409090909090909,0.04554692760180996,0.6459683214479638,0.16666666666666666,0.6459683214479638
0.868181818181818,0.3772727272727272,0.459090909090909,0.04434696425339366,0.4617886607149322,0.16666666666666666,0.4617886607149322
0.6227272727272727,0.2954545454545454,0.3772727272727272,0.03657526289592759,0.5895927747420816,0.16666666666666666,0.5895927747420816
0.27364022583301917,0.7195516633154092,0.08017919126220144,0.027158616968325788,0.6797273876606335,0.16666666666666666,0.6797273876606335
0.3772727272727272,0.5409090909090909,0.5409090909090909,0.04563053438914027,0.6752897993122172,0.16666666666666666,0.6752897993122172
0.95,0.21363636363636362,0.3772727272727272,0.05623732805429864,0.418108213438914,0.16666666666666666,0.418108213438914
0.868181818181818,0.7045454545454545,0.7863636363636363,0.04833828778280544,0.43971751424434397,0.16666666666666666,0.43971751424434397
0.9229229580331428,0.8079070308221378,0.804495834240024,0.05602325067873303,0.3928210549864253,0.16666666666666666,0.3928210549864253
0.95,0.5409090909090909,0.21363636363636362,0.03619523246606335,0.3937576153506787,0.16666666666666666,0.3937576153506787
0.3772727272727272,0.3772727272727272,0.5409090909090909,0.04163921085972851,0.6704242557828056,0.16666666666666666,0.6704242557828056
0.7045454545454545,0.7863636363636363,0.05,0.028224303167420813,0.5748361539366517,0.16666666666666666,0.5748361539366517
0.95,0.21363636363636362,0.7045454545454545,0.05623732805429864,0.418108213438914,0.16666666666666666,0.418108213438914
0.7863636363636363,0.05,0.5409090909090909,0.05641674751131223,0.5278218250497737,0.16666666666666666,0.5278218250497737
0.2954545454545454,0.3772727272727272,0.21363636363636362,0.037478802601809955,0.6370528039479637,0.16666666666666666,0.6370528039479637
0.6064292943772663,0.3820222756127951,0.46628124451983305,0.03159440904977375,0.5934649518190045,0.16666666666666666,0.5934649518190045
0.6227272727272727,0.7863636363636363,0.2954545454545454,0.03658908642533937,0.5741019182714932,0.16666666666666666,0.5741019182714932
0.3772727272727272,0.05,0.3772727272727272,0.0368382891402715,0.6603421842171946,0.16666666666666666,0.6603421842171946
0.6227272727272727,0.6227272727272727,0.21363636363636362,0.024515814366515832,0.5800704837126698,0.16666666666666666,0.5800704837126698
0.2954545454545454,0.05,0.5409090909090909,0.03293057239819005,0.6252876585520363,0.16666666666666666,0.6252876585520363
0.6920146272960971,0.8556861539184794,0.5105096979040995,0.0472694185520362,0.5381456116289592,0.16666666666666666,0.5381456116289592
0.868181818181818,0.7045454545454545,0.95,0.04833828778280544,0.43971751424434397,0.16666666666666666,0.43971751424434397
0.459090909090909,0.95,0.3772727272727272,0.04074600588235294,0.626912459882353,0.16666666666666666,0.626912459882353
0.5052998109960194,0.600308811891183,0.06629916543875645,0.04160170243116162,0.655602665951377,0.18027310695827983,0.655602665951377
0.1318181818181818,0.1318181818181818,0.868181818181818,0.03806658778280543,0.46752342824434384,0.16666666666666666,0.46752342824434384
0.05,0.3772727272727272,0.95,0.04614504751131222,0.4223594590497737,0.16666666666666666,0.4223594590497737
0.3772727272727272,0.21363636363636362,0.95,0.03365656380090496,0.6656385387239819,0.16666666666666666,0.6656385387239819
0.2954545454545454,0.7045454545454545,0.21363636363636362,0.03348747907239819,0.6491377204185521,0.16666666666666666,0.6491377204185521
0.95,0.868181818181818,0.868181818181818,0.06024085746606334,0.36852526285067877,0.16666666666666666,0.36852526285067877
0.05,0.3772727272727272,0.1318181818181818,0.03398567251131222,0.4226026465497737,0.16666666666666666,0.4226026465497737
0.868181818181818,0.2954545454545454,0.95,0.04833828778280544,0.4672891942443439,0.16666666666666666,0.4672891942443439
0.6227272727272727,0.1318181818181818,0.05,0.028320115837104073,0.6343943776832579,0.16666666666666666,0.6343943776832579
0.459090909090909,0.95,0.5409090909090909,0.04074600588235294,0.626912459882353,0.16666666666666666,0.626912459882353
0.95,0.7863636363636363,0.459090909090909,0.05623732805429864,0.3747256934389141,0.16666666666666666,0.3747256934389141
0.05,0.3772727272727272,0.05,0.029895047511312226,0.4626844590497737,0.16666666666666666,0.4626844590497737
0.3772727272727272,0.95,0.95,0.0368382891402715,0.6105574242171946,0.16666666666666666,0.6105574242171946
0.7045454545454545,0.21363636363636362,0.1318181818181818,0.03231492816742082,0.5593265014366516,0.16666666666666666,0.5593265014366516
0.7045454545454545,0.868181818181818,0.95,0.04847783257918551,0.5310708433484164,0.16666666666666666,0.5310708433484164
0.3772727272727272,0.7045454545454545,0.7863636363636363,0.037647887330316744,0.6801074722533937,0.16666666666666666,0.6801074722533937
0.95,0.1318181818181818,0.1318181818181818,0.04808148246606334,0.42439169035067875,0.16666666666666666,0.42439169035067875
0.3772727272727272,0.3772727272727272,0.7045454545454545,0.04163921085972851,0.6704242557828056,0.16666666666666666,0.6704242557828056
0.7863636363636363,0.05,0.3772727272727272,0.05641674751131223,0.5278218250497737,0.16666666666666666,0.5278218250497737
0.05,0.05,0.7863636363636363,0.032332452488687775,0.4082348709502262,0.16666666666666666,0.4082348709502262
0.5047271352030714,0.7938117194969674,0.33804464092755054,0.033462935746606325,0.6184851412850679,0.16666666666666666,0.6184851412850679
0.95,0.459090909090909,0.3772727272727272,0.04426335746606335,0.39998661285067866,0.16666666666666666,0.39998661285067866
0.05,0.21363636363636362,0.1318181818181818,0.026003025452488688,0.4152618194909502,0.16666666666666666,0.4152618194909502
0.5630550530804285,0.1374588443936917,0.6035065040292528,0.04145827963800905,0.6135307944072399,0.16666666666666666,0.6135307944072399
0.1318181818181818,0.5409090909090909,0.2954545454545454,0.05006658778280543,0.48498450824434386,0.16666666666666666,0.48498450824434386
0.7045454545454545,0.95,0.3772727272727272,0.05246915610859729,0.526760656877828,0.16666666666666666,0.526760656877828
0.1318181818181818,0.95,0.05,0.017825264253393657,0.5421302947149321,0.16666666666666666,0.5421302947149321
0.05,0.7863636363636363,0.7863636363636363,0.03816240045248869,0.43931995199095025,0.16666666666666666,0.43931995199095025
0.7045454545454545,0.7045454545454545,0.2954545454545454,0.06470621536217788,0.5380668756927564,0.23606766851379066,0.5380668756927564
0.7045454545454545,0.6227272727272727,0.459090909090909,0.03649165610859729,0.5419914068778281,0.16666666666666666,0.5419914068778281
0.5409090909090909,0.868181818181818,0.5409090909090909,0.04066239909502262,0.6051257720180996,0.16666666666666666,0.6051257720180996
0.6227272727272727,0.6227272727272727,0.7045454545454545,0.03258393936651583,0.5799091212126698,0.16666666666666666,0.5799091212126698
0.2954545454545454,0.868181818181818,0.5409090909090909,0.03356075113122171,0.5817018249773755,0.16666666666666666,0.5817018249773755
0.21363636363636362,0.5409090909090909,0.1318181818181818,0.04132646753393666,0.6011317106493212,0.16666666666666666,0.6011317106493212
0.36398143988869575,0.8865762298230432,0.7975574670089561,0.03310000045248868,0.6054726699909502,0.16666666666666666,0.6054726699909502
0.95,0.21363636363636362,0.459090909090909,0.05623732805429864,0.418108213438914,0.16666666666666666,0.418108213438914
0.95,0.6227272727272727,0.868181818181818,0.04825468099547511,0.3873960663800905,0.16666666666666666,0.3873960663800905
0.21363636363636362,0.7045454545454545,0.05,0.029253195475113132,0.6481706960904978,0.16666666666666666,0.6481706960904978
0.6227272727272727,0.2954545454545454,0.459090909090909,0.03657526289592759,0.5895927747420816,0.16666666666666666,0.5895927747420816
0.6042650882469948,0.6215842857808793,0.09077360879484006,0.017434417420814478,0.6278228816515837,0.16666666666666666,0.6278228816515837
0.6227272727272727,0.7863636363636363,0.3772727272727272,0.04056658642533937,0.5740223682714932,0.16666666666666666,0.5740223682714932
0.7830216343300421,0.3036692972960599,0.15634834485949062,0.03293577828054299,0.5170706044343891,0.16666666666666666,0.5170706044343891
0.7863636363636363,0.21363636363636362,0.2954545454545454,0.04444439457013576,0.5199306721085973,0.16666666666666666,0.5199306721085973
0.05,0.21363636363636362,0.95,0.03816240045248869,0.4150186319909502,0.16666666666666666,0.4150186319909502
0.21363636363636362,0.05,0.7863636363636363,0.03351701900452489,0.5808762996199096,0.16666666666666666,0.5808762996199096
0.7863636363636363,0.95,0.868181818181818,0.05641674751131223,0.4782883450497738,0.16666666666666666,0.4782883450497738
0.5409090909090909,0.5409090909090909,0.1318181818181818,0.02565572590497738,0.6127698354819004,0.16666666666666666,0.6127698354819004
0.1318181818181818,0.7045454545454545,0.05,0.0384686820703647,0.5217368263585926,0.3047359342503002,0.5217368263585926
0.7045454545454545,0.2954545454545454,0.7863636363636363,0.040482979638009044,0.5557427804072398,0.16666666666666666,0.5557427804072398
0.3772727272727272,0.05,0.5409090909090909,0.0368382891402715,0.6603421842171946,0.16666666666666666,0.6603421842171946
0.7863636363636363,0.1318181818181818,0.868181818181818,0.052425423981900456,0.523671291520362,0.16666666666666666,0.523671291520362
0.7045454545454545,0.3772727272727272,0.7863636363636363,0.03649165610859729,0.552732366877828,0.16666666666666666,0.552732366877828
0.7863636363636363,0.2954545454545454,0.7045454545454545,0.04443057104072399,0.5154305885791856,0.16666666666666666,0.5154305885791856
0.7863636363636363,0.7045454545454545,0.05,0.02818057104072399,0.5333740285791856,0.16666666666666666,0.5333740285791856
0.95,0.6227272727272727,0.95,0.04825468099547511,0.3873960663800905,0.16666666666666666,0.3873960663800905
0.21363636363636362,0.459090909090909,0.21363636363636362,0.045417717533936655,0.5975025256493214,0.16666666666666666,0.5975025256493214
0.1318181818181818,0.7863636363636363,0.868181818181818,0.042070117194570135,0.49534503765610866,0.16666666666666666,0.49534503765610866
0.7045454545454545,0.5409090909090909,0.21363636363636362,0.024432207579185527,0.5461929558484163,0.16666666666666666,0.5461929558484163
0.21363636363636362,0.459090909090909,0.1318181818181818,0.04132646753393666,0.5975843506493214,0.16666666666666666,0.5975843506493214
0.6227272727272727,0.459090909090909,0.05,0.01765738416289593,0.625389452316742,0.16666666666666666,0.625389452316742
0.868181818181818,0.6227272727272727,0.7863636363636363,0.04633801779977856,0.44473775964400436,0.19771108117651823,0.44473775964400436
0.3772727272727272,0.459090909090909,0.6227272727272727,0.04563053438914027,0.6729607893122171,0.16666666666666666,0.6729607893122171
0.6227272727272727,0.3772727272727272,0.1318181818181818,0.020424564366515834,0.5876249487126698,0.16666666666666666,0.5876249487126698
0.5409090909090909,0.5409090909090909,0.7045454545454545,0.03781510090497738,0.6125266479819004,0.16666666666666666,0.6125266479819004
0.95,0.7045454545454545,0.868181818181818,0.05224600452488687,0.3811958799095023,0.16666666666666666,0.3811958799095023
0.3772727272727272,0.5409090909090909,0.7863636363636363,0.04563053438914027,0.6752897993122172,0.16666666666666666,0.6752897993122172
0.26613105690037375,0.11827699529779752,0.1659917497195843,0.023886496266968323,0.6131499500746607,0.16666666666666666,0.6131499500746607
0.7045454545454545,0.1318181818181818,0.868181818181818,0.04847783257918551,0.5620934833484162,0.16666666666666666,0.5620934833484162
0.7045454545454545,0.6227272727272727,0.5409090909090909,0.03649165610859729,0.5419914068778281,0.16666666666666666,0.5419914068778281
0.05,0.95,0.95,0.032332452488687775,0.44603691095022624,0.16666666666666666,0.44603691095022624
0.3772727272727272,0.459090909090909,0.95,0.04563053438914027,0.6729607893122171,0.16666666666666666,0.6729607893122171
0.95,0.3772727272727272,0.7863636363636363,0.04825468099547511,0.4060271463800905,0.16666666666666666,0.4060271463800905
0.6227272727272727,0.7863636363636363,0.05,0.02431658642533937,0.6143473682714933,0.16666666666666666,0.6143473682714933
0.95,0.868181818181818,0.2954545454545454,0.056263357466063334,0.36860481285067875,0.16666666666666666,0.36860481285067875
0.6227272727272727,0.459090909090909,0.868181818181818,0.03390738416289593,0.5850644523167421,0.16666666666666666,0.5850644523167421
0.2954545454545454,0.7045454545454545,0.868181818181818,0.041555604072398195,0.6489763579185521,0.16666666666666666,0.6489763579185521
0.7863636363636363,0.868181818181818,0.2954545454545454,0.04844792398190046,0.48288796152036206,0.16666666666666666,0.48288796152036206
0.868181818181818,0.5409090909090909,0.868181818181818,0.040355640723981914,0.4507077671855204,0.16666666666666666,0.4507077671855204
0.21363636363636362,0.6227272727272727,0.05,0.033244519004524895,0.6448407096199095,0.16666666666666666,0.6448407096199095
0.868181818181818,0.7045454545454545,0.21363636363636362,0.04027016278280543,0.43987887674434395,0.16666666666666666,0.43987887674434395
0.95,0.868181818181818,0.1318181818181818,0.04808148246606334,0.36876845035067873,0.16666666666666666,0.36876845035067873
0.6227272727272727,0.7045454545454545,0.7863636363636363,0.03657526289592759,0.5772658047420816,0.16666666666666666,0.5772658047420816
0.459090909090909,0.5409090909090909,0.7863636363636363,0.04172281764705882,0.6194442536470589,0.16666666666666666,0.6194442536470589
0.459090909090909,0.459090909090909,0.5409090909090909,0.04172281764705882,0.6179615636470589,0.16666666666666666,0.6179615636470589
0.2954545454545454,0.2954545454545454,0.1318181818181818,0.029396229072398188,0.634286245418552,0.16666666666666666,0.634286245418552
0.05,0.95,0.7045454545454545,0.032332452488687775,0.44603691095022624,0.16666666666666666,0.44603691095022624
0.459090909090909,0.459090909090909,0.7045454545454545,0.07797570331521672,0.5905167359336957,0.2081635984175545,0.5905167359336957
0.868181818181818,0.7863636363636363,0.05,0.036079611312217215,0.47411232777375567,0.16666666666666666,0.47411232777375567
0.868181818181818,0.2954545454545454,0.7863636363636363,0.04833828778280544,0.4672891942443439,0.16666666666666666,0.4672891942443439
0.05,0.3772727272727272,0.21363636363636362,0.03807692251131223,0.4225208215497737,0.16666666666666666,0.4225208215497737
0.3772727272727272,0.95,0.5409090909090909,0.0368382891402715,0.6105574242171946,0.16666666666666666,0.6105574242171946
0.459090909090909,0.5409090909090909,0.95,0.04172281764705882,0.6194442536470589,0.16666666666666666,0.6194442536470589
0.7863636363636363,0.1318181818181818,0.7045454545454545,0.052425423981900456,0.523671291520362,0.16666666666666666,0.523671291520362
0.868181818181818,0.7045454545454545,0.459090909090909,0.04833828778280544,0.43971751424434397,0.16666666666666666,0.43971751424434397
0.05,0.868181818181818,0.2954545454545454,0.037461593573592473,0.4346092081285281,0.16678722875859778,0.4346092081285281
0.868181818181818,0.05,0.21363636363636362,0.05225633925339368,0.4825417932149322,0.16666666666666666,0.4825417932149322
0.5146703134710757,0.34066082564712136,0.7656675752918333,0.03327783303167422,0.6232792033393666,0.16666666666666666,0.6232792033393666
0.868181818181818,0.95,0.1318181818181818,0.048165089253393675,0.42216989821493217,0.16666666666666666,0.42216989821493217
0.3772727272727272,0.2954545454545454,0.5409090909090909,0.037647887330316744,0.6681750722533937,0.16666666666666666,0.6681750722533937
0.21363636363636362,0.7863636363636363,0.868181818181818,0.041511871945701356,0.542341722561086,0.16666666666666666,0.542341722561086
0.868181818181818,0.7045454545454545,0.1318181818181818,0.036178912782805425,0.43996070174434393,0.16666666666666666,0.43996070174434393
0.6227272727272727,0.95,0.7863636363636363,0.04856143936651583,0.5681353712126698,0.16666666666666666,0.5681353712126698
0.7624211393532636,0.7606563285150985,0.13208549274382134,0.03387490441176469,0.5041508619117647,0.16666666666666666,0.5041508619117647
0.6227272727272727,0.868181818181818,0.95,0.04457011583710407,0.5713788076832579,0.16666666666666666,0.5713788076832579
0.9039969835279998,0.9190688297671034,0.777557613304815,0.06052554524886878,0.3985813690950226,0.16666666666666666,0.3985813690950226
0.2954545454545454,0.459090909090909,0.459090909090909,0.04953825113122171,0.6400320749773755,0.16666666666666666,0.6400320749773755
0.95,0.6227272727272727,0.21363636363636362,0.04018655599547511,0.3875574288800905,0.16666666666666666,0.3875574288800905
0.21363636363636362,0.2954545454545454,0.1318181818181818,0.03334382047511313,0.5913827635904978,0.16666666666666666,0.5913827635904978
0.21363636363636362,0.3772727272727272,0.5409090909090909,0.0494945190045249,0.5946071096199095,0.16666666666666666,0.5946071096199095
0.11351187266038686,0.628177350385684,0.07386017948745963,0.0338501173076923,0.5169083576538461,0.16666666666666666,0.5169083576538461
0.05,0.2954545454545454,0.5409090909090909,0.04215372398190047,0.418539045520362,0.16666666666666666,0.418539045520362
0.459090909090909,0.459090909090909,0.21363636363636362,0.03365469264705881,0.6181229261470589,0.16666666666666666,0.6181229261470589
0.459090909090909,0.1318181818181818,0.6227272727272727,0.03675468235294118,0.6115652663529412,0.16666666666666666,0.6115652663529412
0.21363636363636362,0.05,0.95,0.03351701900452489,0.5808762996199096,0.16666666666666666,0.5808762996199096
0.868181818181818,0.21363636363636362,0.2954545454545454,0.0483521113122172,0.47199915777375573,0.16666666666666666,0.47199915777375573
0.6227272727272727,0.95,0.95,0.04856143936651583,0.5681353712126698,0.16666666666666666,0.5681353712126698
0.21363636363636362,0.1318181818181818,0.2954545454545454,0.03353084253393667,0.5839871031493212,0.16666666666666666,0.5839871031493212
0.7045454545454545,0.6227272727272727,0.6227272727272727,0.03649165610859729,0.5419914068778281,0.16666666666666666,0.5419914068778281
0.6227272727272727,0.7863636363636363,0.7863636363636363,0.04056658642533937,0.5740223682714932,0.16666666666666666,0.5740223682714932
0.95,0.5409090909090909,0.6227272727272727,0.04426335746606335,0.39359625285067873,0.16666666666666666,0.39359625285067873
0.3772727272727272,0.6227272727272727,0.3772727272727272,0.04163921085972851,0.6776986357828055,0.16666666666666666,0.6776986357828055
0.95,0.3772727272727272,0.1318181818181818,0.03609530599547511,0.40627033388009054,0.16666666666666666,0.40627033388009054
0.868181818181818,0.1318181818181818,0.7863636363636363,0.0563331407239819,0.4771498971855204,0.16666666666666666,0.4771498971855204
0.7863636363636363,0.95,0.5409090909090909,0.05641674751131223,0.4782883450497738,0.16666666666666666,0.4782883450497738
0.868181818181818,0.21363636363636362,0.1318181818181818,0.0401702363122172,0.4721627952737557,0.16666666666666666,0.4721627952737557
0.05,0.6227272727272727,0.05,0.029895047511312226,0.4725849390497738,0.16666666666666666,0.4725849390497738
0.6227272727272727,0.1318181818181818,0.5409090909090909,0.04457011583710407,0.5940693776832578,0.16666666666666666,0.5940693776832578
0.5409090909090909,0.5409090909090909,0.459090909090909,0.03781510090497738,0.6125266479819004,0.16666666666666666,0.6125266479819004
0.5409090909090909,0.7045454545454545,0.1318181818181818,0.020508171153846143,0.6090395365769232,0.16666666666666666,0.6090395365769232
0.459090909090909,0.868181818181818,0.1318181818181818,0.02459530735294119,0.6260352338529411,0.16666666666666666,0.6260352338529411
0.676985741489203,0.880249443059566,0.6865147708820587,0.04774785113122171,0.5443165229773755,0.16666666666666666,0.5443165229773755
0.5409090909090909,0.7045454545454545,0.6227272727272727,0.03266754615384614,0.6087963490769233,0.16666666666666666,0.6087963490769233
0.7045454545454545,0.05,0.7863636363636363,0.05246915610859729,0.5654340168778281,0.16666666666666666,0.5654340168778281
0.7045454545454545,0.7863636363636363,0.95,0.04447430316742082,0.5345111539366516,0.16666666666666666,0.5345111539366516
0.21363636363636362,0.05,0.21363636363636362,0.025448894004524894,0.5810376621199096,0.16666666666666666,0.5810376621199096
0.5438604104299275,0.6727056779234238,0.6367651335523404,0.031276897737556555,0.6086357620452489,0.16666666666666666,0.6086357620452489
0.6227272727272727,0.7863636363636363,0.1318181818181818,0.02840721142533936,0.5742655557714932,0.16666666666666666,0.5742655557714932
0.3772727272727272,0.21363636363636362,0.3772727272727272,0.03365656380090496,0.6656385387239819,0.16666666666666666,0.6656385387239819
0.459090909090909,0.7045454545454545,0.95,0.03374017058823529,0.6231694065882354,0.16666666666666666,0.6231694065882354
0.5409090909090909,0.3772727272727272,0.3772727272727272,0.033823777375565627,0.6158396044524888,0.16666666666666666,0.6158396044524888
0.7045454545454545,0.6227272727272727,0.7045454545454545,0.03649165610859729,0.5419914068778281,0.16666666666666666,0.5419914068778281
0.95,0.3772727272727272,0.7045454545454545,0.04825468099547511,0.4060271463800905,0.16666666666666666,0.4060271463800905
0.459090909090909,0.05,0.3772727272727272,0.04074600588235294,0.6097202998823529,0.16666666666666666,0.6097202998823529
0.7863636363636363,0.459090909090909,0.7045454545454545,0.036447923981900464,0.506919641520362,0.16666666666666666,0.506919641520362
0.459090909090909,0.7045454545454545,0.459090909090909,0.03374017058823529,0.6231694065882354,0.16666666666666666,0.6231694065882354
0.459090909090909,0.868181818181818,0.868181818181818,0.03675468235294119,0.6257920463529412,0.16666666666666666,0.6257920463529412
0.5409090909090909,0.95,0.3772727272727272,0.04465372262443438,0.6024129355475113,0.16666666666666666,0.6024129355475113
0.95,0.5409090909090909,0.5409090909090909,0.04426335746606335,0.39359625285067873,0.16666666666666666,0.39359625285067873
0.05,0.1318181818181818,0.5409090909090909,0.034158871040723994,0.41179858257918556,0.16666666666666666,0.41179858257918556
0.08669762739928752,0.5818036488694176,0.6598079256580541,0.049901297285067876,0.45618613405429864,0.16666666666666666,0.45618613405429864
0.7045454545454545,0.459090909090909,0.21363636363636362,0.024432207579185527,0.5492831958484163,0.16666666666666666,0.5492831958484163
0.95,0.459090909090909,0.21363636363636362,0.03619523246606335,0.4001479753506787,0.16666666666666666,0.4001479753506787
0.7045454545454545,0.7045454545454545,0.459090909090909,0.040482979638009044,0.5385513404072397,0.16666666666666666,0.5385513404072397
0.34579809083292434,0.6552666104693345,0.7271370764939119,0.04156768325791856,0.6674890663348417,0.16666666666666666,0.6674890663348417
0.7863636363636363,0.95,0.459090909090909,0.05641674751131223,0.4782883450497738,0.16666666666666666,0.4782883450497738
0.95,0.2954545454545454,0.7863636363636363,0.05224600452488687,0.41206767990950227,0.16666666666666666,0.41206767990950227
0.8118070625610663,0.16473979609878417,0.4075585615043305,0.05201048733031674,0.5085585102533937,0.16666666666666666,0.5085585102533937
0.7863636363636363,0.459090909090909,0.6227272727272727,0.050759896425489275,0.4964004020714901,0.33100977687421285,0.4964004020714901
0.654530615965271,0.6063154164121062,0.3723464462295564,0.03316108823529412,0.5662146782352943,0.16666666666666666,0.5662146782352943
0.21363636363636362,0.5409090909090909,0.05,0.03723584253393666,0.6412135231493212,0.16666666666666666,0.6412135231493212
0.3880246573759496,0.1345837458567821,0.5704521268965566,0.05345855630195895,0.6532316488739608,0.32329476804968377,0.6532316488739608
0.7045454545454545,0.7045454545454545,0.5409090909090909,0.040482979638009044,0.5385513404072397,0.16666666666666666,0.5385513404072397
0.22638457617723065,0.09070456001948426,0.3427972976869379,0.033258583257918556,0.5904872683348417,0.16666666666666666,0.5904872683348417
0.21363636363636362,0.3772727272727272,0.7045454545454545,0.0494945190045249,0.5946071096199095,0.16666666666666666,0.5946071096199095
0.5409090909090909,0.868181818181818,0.21363636363636362,0.03259427409502262,0.6052871345180996,0.16666666666666666,0.6052871345180996
0.868181818181818,0.5409090909090909,0.5409090909090909,0.040355640723981914,0.4507077671855204,0.16666666666666666,0.4507077671855204
0.95,0.95,0.3772727272727272,0.06423218099547512,0.36232507638009054,0.16666666666666666,0.36232507638009054
0.868181818181818,0.6227272727272727,0.3772727272727272,0.04434696425339366,0.4447775807149321,0.16666666666666666,0.4447775807149321
0.1007379469858344,0.8282501386295478,0.7816109082170697,0.0385441665158371,0.47681447666968324,0.16666666666666666,0.47681447666968324
0.6227272727272727,0.5409090909090909,0.7863636363636363,0.03390738416289593,0.5821734923167422,0.16666666666666666,0.5821734923167422
0.868181818181818,0.95,0.868181818181818,0.060324464253393675,0.42192671071493215,0.16666666666666666,0.42192671071493215
0.05,0.6227272727272727,0.1318181818181818,0.03398567251131222,0.4325031265497738,0.16666666666666666,0.4325031265497738
0.2954545454545454,0.6227272727272727,0.05,0.029296927601809956,0.6862933214479638,0.16666666666666666,0.6862933214479638
0.3772727272727272,0.6227272727272727,0.7045454545454545,0.04163921085972851,0.6776986357828055,0.16666666666666666,0.6776986357828055
0.6227272727272727,0.05,0.5409090909090909,0.04856143936651583,0.5966078612126696,0.16666666666666666,0.5966078612126696
0.05,0.868181818181818,0.7045454545454545,0.03415887104072399,0.4430002625791855,0.16666666666666666,0.4430002625791855
0.15693612464126472,0.15577362209939438,0.6342892719044572,0.0404345923076923,0.4854771481538462,0.16666666666666666,0.4854771481538462
0.7045454545454545,0.05,0.05,0.03621915610859729,0.6057590168778281,0.16666666666666666,0.6057590168778281
0.5409090909090909,0.21363636363636362,0.2954545454545454,0.032681369683257924,0.6191406026063349,0.16666666666666666,0.6191406026063349
0.24423892474715883,0.6106014282371002,0.12681271849439119,0.03620786979638009,0.6210123426040725,0.16666666666666666,0.6210123426040725
0.21363636363636362,0.1318181818181818,0.6227272727272727,0.037508342533936666,0.5839075531493212,0.16666666666666666,0.5839075531493212
0.21363636363636362,0.6227272727272727,0.95,0.0494945190045249,0.6045157096199095,0.16666666666666666,0.6045157096199095
0.13805074458590133,0.4924542876051491,0.4761245937025091,0.05599867330316743,0.4872659865339366,0.16666666666666666,0.4872659865339366
0.6227272727272727,0.868181818181818,0.459090909090909,0.04457011583710407,0.5713788076832579,0.16666666666666666,0.5713788076832579
0.21363636363636362,0.95,0.5409090909090909,0.03351701900452489,0.5484684996199095,0.16666666666666666,0.5484684996199095
0.2954545454545454,0.459090909090909,0.21363636363636362,0.041470126131221724,0.6401934374773756,0.16666666666666666,0.6401934374773756
0.868181818181818,0.95,0.05,0.04407446425339367,0.46225171071493215,0.16666666666666666,0.46225171071493215
0.1318181818181818,0.5409090909090909,0.05,0.03779408778280542,0.5252299582443438,0.16666666666666666,0.5252299582443438
0.05,0.868181818181818,0.459090909090909,0.03415887104072399,0.4430002625791855,0.16666666666666666,0.4430002625791855
0.7045454545454545,0.7045454545454545,0.7863636363636363,0.040482979638009044,0.5385513404072397,0.16666666666666666,0.5385513404072397
0.6306555113685048,0.20692978610449228,0.6718439642922193,0.04129489185520361,0.588764232162896,0.16666666666666666,0.588764232162896
0.1318181818181818,0.868181818181818,0.95,0.038066587782805424,0.4984252282443439,0.16666666666666666,0.4984252282443439
0.2954545454545454,0.3772727272727272,0.7863636363636363,0.04554692760180996,0.6368914414479638,0.16666666666666666,0.6368914414479638
0.7045454545454545,0.3772727272727272,0.95,0.03649165610859729,0.552732366877828,0.16666666666666666,0.552732366877828
0.3772727272727272,0.7863636363636363,0.5409090909090909,0.03365656380090496,0.606783828723982,0.16666666666666666,0.606783828723982
0.7863636363636363,0.1318181818181818,0.7863636363636363,0.052425423981900456,0.523671291520362,0.16666666666666666,0.523671291520362
0.868181818181818,0.2954545454545454,0.3772727272727272,0.04833828778280544,0.4672891942443439,0.16666666666666666,0.4672891942443439
0.7045454545454545,0.2954545454545454,0.6227272727272727,0.040482979638009044,0.5557427804072398,0.16666666666666666,0.5557427804072398
0.2954545454545454,0.3772727272727272,0.3772727272727272,0.04554692760180996,0.6368914414479638,0.16666666666666666,0.6368914414479638
0.1318181818181818,0.3772727272727272,0.459090909090909,0.05005276425339367,0.4777843047149321,0.16666666666666666,0.4777843047149321
0.6227272727272727,0.3772727272727272,0.21363636363636362,0.024515814366515832,0.5875431237126698,0.16666666666666666,0.5875431237126698
0.05,0.7863636363636363,0.868181818181818,0.03253352786180968,0.4394325294427639,0.21465784432369675,0.4394325294427639
0.6227272727272727,0.1318181818181818,0.3772727272727272,0.04457011583710407,0.5940693776832578,0.16666666666666666,0.5940693776832578
0.7863636363636363,0.2954545454545454,0.459090909090909,0.04443057104072399,0.5154305885791856,0.16666666666666666,0.5154305885791856
0.1318181818181818,0.95,0.459090909090909,0.034075264253393654,0.5018052947149321,0.16666666666666666,0.5018052947149321
0.95,0.6227272727272727,0.7045454545454545,0.04825468099547511,0.3873960663800905,0.16666666666666666,0.3873960663800905
0.2954545454545454,0.5409090909090909,0.5409090909090909,0.04953825113122171,0.6429602849773756,0.16666666666666666,0.6429602849773756
0.1872851386228352,0.5686595241501318,0.5960435417445703,0.05336710407239819,0.5866596579185521,0.16666666666666666,0.5866596579185521
0.7045454545454545,0.05,0.21363636363636362,0.044401031108597284,0.5655953793778281,0.16666666666666666,0.5655953793778281
0.95,0.95,0.95,0.06423218099547512,0.36232507638009054,0.16666666666666666,0.36232507638009054
0.95,0.21363636363636362,0.1318181818181818,0.044077953054298645,0.41835140093891404,0.16666666666666666,0.41835140093891404
0.12221037109547798,0.5220602506132291,0.4193571442906953,0.05453311357466063,0.47769469772850676,0.16666666666666666,0.47769469772850676
0.21363636363636362,0.1318181818181818,0.3772727272727272,0.037508342533936666,0.5839075531493212,0.16666666666666666,0.5839075531493212
0.13499866468033556,0.6647060960747211,0.11406978361420608,0.035115424660633485,0.5321838915067872,0.16666666666666666,0.5321838915067872
0.7863636363636363,0.459090909090909,0.5409090909090909,0.036447923981900464,0.506919641520362,0.16666666666666666,0.506919641520362
0.7863636363636363,0.5409090909090909,0.2954545454545454,0.03247042398190047,0.502228831520362,0.16666666666666666,0.502228831520362
0.2954545454545454,0.95,0.95,0.03293057239819005,0.5843759185520362,0.16666666666666666,0.5843759185520362
0.30976749791623015,0.573114399280351,0.18892644374678208,0.03799427895927602,0.6502063144208146,0.16666666666666666,0.6502063144208146
0.2954545454545454,0.5409090909090909,0.7045454545454545,0.04953825113122171,0.6429602849773756,0.16666666666666666,0.6429602849773756
0.5409090909090909,0.7045454545454545,0.95,0.03266754615384614,0.6087963490769233,0.16666666666666666,0.6087963490769233
0.7863636363636363,0.868181818181818,0.6227272727272727,0.05242542398190046,0.482808411520362,0.16666666666666666,0.482808411520362
0.7045454545454545,0.21363636363636362,0.95,0.04447430316742082,0.5590833139366517,0.16666666666666666,0.5590833139366517
0.459090909090909,0.868181818181818,0.2954545454545454,0.03277718235294119,0.6258715963529412,0.16666666666666666,0.6258715963529412
0.7045454545454545,0.7863636363636363,0.2954545454545454,0.04049680316742082,0.5345907039366515,0.16666666666666666,0.5345907039366515
0.1318181818181818,0.868181818181818,0.459090909090909,0.038066587782805424,0.4984252282443439,0.16666666666666666,0.4984252282443439
0.3772727272727272,0.3772727272727272,0.459090909090909,0.04163921085972851,0.6704242557828056,0.16666666666666666,0.6704242557828056
0.6227272727272727,0.21363636363636362,0.1318181818181818,0.02840721142533936,0.5923744457714932,0.16666666666666666,0.5923744457714932
0.1318181818181818,0.95,0.868181818181818,0.034075264253393654,0.5018052947149321,0.16666666666666666,0.5018052947149321
0.5409090909090909,0.3772727272727272,0.5409090909090909,0.033823777375565627,0.6158396044524888,0.16666666666666666,0.6158396044524888
0.21363636363636362,0.1318181818181818,0.05,0.021258342533936662,0.6242325531493212,0.16666666666666666,0.6242325531493212
0.868181818181818,0.2954545454545454,0.1318181818181818,0.036178912782805425,0.46753238174434386,0.16666666666666666,0.46753238174434386
0.8719164973008241,0.510208158974844,0.5013646652184796,0.03901381583710407,0.4504646036832579,0.16666666666666666,0.4504646036832579
0.05,0.459090909090909,0.459090909090909,0.050136371040724,0.4252797525791855,0.16666666666666666,0.4252797525791855
0.05,0.21363636363636362,0.2954545454545454,0.034184900452488697,0.4150981819909502,0.16666666666666666,0.4150981819909502
0.5409090909090909,0.21363636363636362,0.21363636363636362,0.031789226677896715,0.619158445466442,0.30115231888604566,0.619158445466442
0.37726664214136457,0.9246038744488645,0.9162025654479,0.03559328914027151,0.6096948542171945,0.16666666666666666,0.6096948542171945
0.5967903667112945,0.20347171131856237,0.10854643368675156,0.02650841312217195,0.6422665517375566,0.16666666666666666,0.6422665517375566
0.7045454545454545,0.5409090909090909,0.1318181818181818,0.020340957579185522,0.5462747808484163,0.16666666666666666,0.5462747808484163
0.1318181818181818,0.6227272727272727,0.21363636363636362,0.041984639253393664,0.48814626721493215,0.16666666666666666,0.48814626721493215
0.2954545454545454,0.459090909090909,0.95,0.04953825113122171,0.6400320749773755,0.16666666666666666,0.6400320749773755
0.7045454545454545,0.459090909090909,0.2954545454545454,0.02852283257918552,0.5492013833484164,0.16666666666666666,0.5492013833484164
0.7863636363636363,0.459090909090909,0.05,0.07433933035748726,0.5401618133928503,0.1704603109179459,0.5401618133928503
0.868181818181818,0.05,0.868181818181818,0.060324464253393675,0.48238043071493214,0.16666666666666666,0.48238043071493214
0.5391975750025897,0.8658248998680922,0.6118141963225928,0.04046059095022624,0.6052236081809955,0.16666666666666666,0.6052236081809955
0.5409090909090909,0.95,0.7045454545454545,0.04465372262443438,0.6024129355475113,0.16666666666666666,0.6024129355475113
0.459090909090909,0.7863636363636363,0.7045454545454545,0.03275115294117649,0.6243894269411765,0.16666666666666666,0.6243894269411765
0.09651354905174693,0.5282191684113331,0.5365716094490958,0.05299185203619908,0.46062456295927595,0.16666666666666666,0.46062456295927595
0.21363636363636362,0.6227272727272727,0.21363636363636362,0.0414263940045249,0.6046770721199095,0.16666666666666666,0.6046770721199095
0.7863636363636363,0.6227272727272727,0.95,0.04043924751131222,0.4972990950497737,0.16666666666666666,0.4972990950497737
0.21363636363636362,0.2954545454545454,0.7863636363636363,0.045503195475113126,0.5911395760904977,0.16666666666666666,0.5911395760904977
0.8483777818386055,0.7518879912718615,0.627828481538859,0.049700413574660623,0.4499808717285068,0.16666666666666666,0.4499808717285068
0.8177085099206239,0.3150040028626271,0.3965879557417327,0.04495387466063347,0.4969388025067873,0.16666666666666666,0.4969388025067873
0.2954545454545454,0.2954545454545454,0.7863636363636363,0.041555604072398195,0.634043057918552,0.16666666666666666,0.634043057918552
0.459090909090909,0.21363636363636362,0.6227272727272727,0.03275115294117649,0.6134104769411766,0.16666666666666666,0.6134104769411766
0.05,0.7045454545454545,0.2954545454545454,0.03817622398190046,0.43601955552036203,0.16666666666666666,0.43601955552036203
0.10227525095137951,0.8295585311974416,0.5910035105688879,0.038562886425339366,0.4777141022714932,0.16666666666666666,0.4777141022714932
0.5409090909090909,0.05,0.21363636363636362,0.036585597624434384,0.6217405480475114,0.16666666666666666,0.6217405480475114
0.5409090909090909,0.2954545454545454,0.868181818181818,0.03266754615384614,0.6170629690769232,0.16666666666666666,0.6170629690769232
0.7863636363636363,0.21363636363636362,0.5409090909090909,0.04842189457013576,0.5198511221085973,0.16666666666666666,0.5198511221085973
0.2954545454545454,0.7045454545454545,0.1318181818181818,0.029396229072398188,0.6492195454185521,0.16666666666666666,0.6492195454185521
0.3772727272727272,0.459090909090909,0.05,0.029380534389140275,0.7132857893122171,0.16666666666666666,0.7132857893122171
0.1318181818181818,0.2954545454545454,0.459090909090909,0.04606144072398189,0.4748640111855204,0.16666666666666666,0.4748640111855204
0.7863636363636363,0.95,0.1318181818181818,0.04425737251131221,0.4785315325497739,0.16666666666666666,0.4785315325497739
0.7863636363636363,0.7863636363636363,0.5409090909090909,0.04842189457013576,0.4879288421085973,0.16666666666666666,0.4879288421085973
0.5409090909090909,0.459090909090909,0.6227272727272727,0.051238046463673206,0.6137359790707265,0.2696302492838652,0.6137359790707265
0.07188436978830845,0.630925066316451,0.20939961146634403,0.038498994570135746,0.44801370010859726,0.16666666666666666,0.44801370010859726
0.3772727272727272,0.05,0.1318181818181818,0.0246789141402715,0.6605853717171946,0.16666666666666666,0.6605853717171946
0.7863636363636363,0.7045454545454545,0.868181818181818,0.04443057104072399,0.49304902857918553,0.16666666666666666,0.49304902857918553
0.6227272727272727,0.95,0.05,0.023748125178755467,0.596525977496425,0.19307155953956645,0.596525977496425
0.21363636363636362,0.868181818181818,0.95,0.03750834253393665,0.5454052331493212,0.16666666666666666,0.5454052331493212
0.3772727272727272,0.21363636363636362,0.6227272727272727,0.03365656380090496,0.6656385387239819,0.16666666666666666,0.6656385387239819
0.7863636363636363,0.3772727272727272,0.3772727272727272,0.04043924751131222,0.5110100550497738,0.16666666666666666,0.5110100550497738
0.1318181818181818,0.05,0.6227272727272727,0.034075264253393654,0.46460313471493214,0.16666666666666666,0.46460313471493214
0.7045454545454545,0.95,0.459090909090909,0.05246915610859729,0.526760656877828,0.16666666666666666,0.526760656877828
0.2954545454545454,0.7045454545454545,0.2954545454545454,0.037578104072398186,0.6490559079185522,0.16666666666666666,0.6490559079185522
0.459090909090909,0.05,0.95,0.04074600588235294,0.6097202998823529,0.16666666666666666,0.6097202998823529
0.7863636363636363,0.2954545454545454,0.95,0.04443057104072399,0.5154305885791856,0.16666666666666666,0.5154305885791856
0.95,0.1318181818181818,0.7863636363636363,0.06024085746606334,0.4241485028506788,0.16666666666666666,0.4241485028506788
0.21363636363636362,0.7863636363636363,0.6227272727272727,0.041511871945701356,0.542341722561086,0.16666666666666666,0.542341722561086
0.05,0.1318181818181818,0.95,0.034158871040723994,0.41179858257918556,0.16666666666666666,0.41179858257918556
0.95,0.6227272727272727,0.05,0.03200468099547511,0.4277210663800905,0.16666666666666666,0.4277210663800905
0.1318181818181818,0.1318181818181818,0.21363636363636362,0.029998462782805428,0.4676847907443438,0.16666666666666666,0.4676847907443438
0.459090909090909,0.95,0.7863636363636363,0.04074600588235294,0.626912459882353,0.16666666666666666,0.626912459882353
0.5409090909090909,0.2954545454545454,0.21363636363636362,0.024599421153846147,0.6172243315769231,0.16666666666666666,0.6172243315769231
0.7863636363636363,0.95,0.7045454545454545,0.05641674751131223,0.4782883450497738,0.16666666666666666,0.4782883450497738
0.05,0.6227272727272727,0.7045454545454545,0.04614504751131222,0.4322599390497738,0.16666666666666666,0.4322599390497738
0.2954545454545454,0.1318181818181818,0.05,0.017310751131221724,0.6688205149773756,0.16666666666666666,0.6688205149773756
0.05,0.21363636363636362,0.868181818181818,0.03816240045248869,0.4150186319909502,0.16666666666666666,0.4150186319909502
0.459090909090909,0.21363636363636362,0.868181818181818,0.03275115294117649,0.6134104769411766,0.16666666666666666,0.6134104769411766
0.5409090909090909,0.3772727272727272,0.95,0.033823777375565627,0.6158396044524888,0.16666666666666666,0.6158396044524888
0.6227272727272727,0.5409090909090909,0.21363636363636362,0.025839259162895933,0.5823348548167422,0.16666666666666666,0.5823348548167422
0.5409090909090909,0.05,0.7045454545454545,0.04465372262443438,0.6215791855475115,0.16666666666666666,0.6215791855475115
0.21363636363636362,0.1318181818181818,0.95,0.037508342533936666,0.5839075531493212,0.16666666666666666,0.5839075531493212
0.2954545454545454,0.7863636363636363,0.7045454545454545,0.03756428054298642,0.5798526343891401,0.16666666666666666,0.5798526343891401
0.9225233899478319,0.8289564133045821,0.7853648638543519,0.0570086701357466,0.3916612265972851,0.16666666666666666,0.3916612265972851
0.868181818181818,0.1318181818181818,0.868181818181818,0.0563331407239819,0.4771498971855204,0.16666666666666666,0.4771498971855204
0.21363636363636362,0.1318181818181818,0.5409090909090909,0.037508342533936666,0.5839075531493212,0.16666666666666666,0.5839075531493212
0.1318181818181818,0.95,0.95,0.034075264253393654,0.5018052947149321,0.16666666666666666,0.5018052947149321
0.3772727272727272,0.7863636363636363,0.868181818181818,0.03365656380090496,0.606783828723982,0.16666666666666666,0.606783828723982
0.21363636363636362,0.1318181818181818,0.7045454545454545,0.037508342533936666,0.5839075531493212,0.16666666666666666,0.5839075531493212
0.3772727272727272,0.7863636363636363,0.05,0.017406563800904964,0.647108828723982,0.16666666666666666,0.647108828723982
0.459090909090909,0.21363636363636362,0.459090909090909,0.03275115294117649,0.6134104769411766,0.16666666666666666,0.6134104769411766
0.868181818181818,0.05,0.05,0.04407446425339367,0.5227054307149321,0.16666666666666666,0.5227054307149321
0.4604629857953323,0.7566583652537122,0.22970640394252376,0.024126233144796387,0.6244670253371042,0.16666666666666666,0.6244670253371042
0.5409090909090909,0.2954545454545454,0.7045454545454545,0.05374276916668068,0.6034855946166664,0.24878007300437943,0.6034855946166664
0.6164587743217362,0.6761738200861553,0.4590869582909959,0.03491687556561085,0.5801802624886878,0.16666666666666666,0.5801802624886878
0.6227272727272727,0.21363636363636362,0.2954545454545454,0.03658908642533937,0.5922108082714932,0.16666666666666666,0.5922108082714932
0.8648437787773372,0.1321580091075202,0.33738227383137337,0.05426860531674208,0.47914130789366516,0.16666666666666666,0.47914130789366516
0.5409090909090909,0.7863636363636363,0.459090909090909,0.036658869683257926,0.6069611826063348,0.16666666666666666,0.6069611826063348
0.5409090909090909,0.7045454545454545,0.868181818181818,0.03266754615384614,0.6087963490769233,0.16666666666666666,0.6087963490769233
0.05,0.1318181818181818,0.1318181818181818,0.02199949604072399,0.4120417700791855,0.16666666666666666,0.4120417700791855
0.5409090909090909,0.05,0.7863636363636363,0.04465372262443438,0.6215791855475115,0.16666666666666666,0.6215791855475115
0.459090909090909,0.6227272727272727,0.3772727272727272,0.03773149411764705,0.6216068901176471,0.16666666666666666,0.6216068901176471
0.6227272727272727,0.95,0.868181818181818,0.04856143936651583,0.5681353712126698,0.16666666666666666,0.5681353712126698
0.2954545454545454,0.5409090909090909,0.868181818181818,0.04953825113122171,0.6429602849773756,0.16666666666666666,0.6429602849773756
0.5409090909090909,0.21363636363636362,0.5409090909090909,0.036658869683257926,0.6190610526063348,0.16666666666666666,0.6190610526063348
0.21363636363636362,0.868181818181818,0.1318181818181818,0.025348967533936652,0.5456484206493212,0.16666666666666666,0.5456484206493212
0.7863636363636363,0.5409090909090909,0.1318181818181818,0.02428854898190046,0.502392469020362,0.16666666666666666,0.502392469020362
0.5409090909090909,0.21363636363636362,0.95,0.036658869683257926,0.6190610526063348,0.16666666666666666,0.6190610526063348
0.868181818181818,0.05,0.2954545454545454,0.056346964253393673,0.4824599807149322,0.16666666666666666,0.4824599807149322
0.7045454545454545,0.5409090909090909,0.6227272727272727,0.03250033257918552,0.5460315933484163,0.16666666666666666,0.5460315933484163
0.7863636363636363,0.5409090909090909,0.868181818181818,0.036447923981900464,0.502149281520362,0.16666666666666666,0.502149281520362
0.5881099809299766,0.8796868115208051,0.12964325184672754,0.03122860033936651,0.5861210079932127,0.16666666666666666,0.5861210079932127
0.21363636363636362,0.6227272727272727,0.868181818181818,0.0494945190045249,0.6045157096199095,0.16666666666666666,0.6045157096199095
0.868181818181818,0.95,0.459090909090909,0.060324464253393675,0.42192671071493215,0.16666666666666666,0.42192671071493215
0.05,0.7863636363636363,0.21363636363636362,0.03009427545248869,0.4394813144909503,0.16666666666666666,0.4394813144909503
0.7863636363636363,0.21363636363636362,0.95,0.04842189457013576,0.5198511221085973,0.16666666666666666,0.5198511221085973
0.7863636363636363,0.459090909090909,0.3772727272727272,0.036447923981900464,0.506919641520362,0.16666666666666666,0.506919641520362
0.2954545454545454,0.868181818181818,0.05,0.017310751131221713,0.6220268249773756,0.16666666666666666,0.6220268249773756
0.1318181818181818,0.5409090909090909,0.5409090909090909,0.054044087782805415,0.4849049582443438,0.16666666666666666,0.4849049582443438
0.6227272727272727,0.6227272727272727,0.3772727272727272,0.03258393936651583,0.5799091212126698,0.16666666666666666,0.5799091212126698
0.459090909090909,0.3772727272727272,0.459090909090909,0.03773149411764705,0.616558700117647,0.16666666666666666,0.616558700117647
0.05,0.05,0.7045454545454545,0.032332452488687775,0.4082348709502262,0.16666666666666666,0.4082348709502262
0.868181818181818,0.2954545454545454,0.5409090909090909,0.04833828778280544,0.4672891942443439,0.16666666666666666,0.4672891942443439
0.21363636363636362,0.21363636363636362,0.3772727272727272,0.041511871945701356,0.587374842561086,0.16666666666666666,0.587374842561086
0.21363636363636362,0.95,0.6227272727272727,0.03351701900452489,0.5484684996199095,0.16666666666666666,0.5484684996199095
0.7863636363636363,0.2954545454545454,0.5409090909090909,0.04443057104072399,0.5154305885791856,0.16666666666666666,0.5154305885791856
0.05,0.7045454545454545,0.7863636363636363,0.04215372398190047,0.435940005520362,0.16666666666666666,0.435940005520362
0.868181818181818,0.5409090909090909,0.459090909090909,0.040355640723981914,0.4507077671855204,0.16666666666666666,0.4507077671855204
0.05,0.95,0.868181818181818,0.032332452488687775,0.44603691095022624,0.16666666666666666,0.44603691095022624
0.05,0.868181818181818,0.1318181818181818,0.02199949604072398,0.44324345007918553,0.16666666666666666,0.44324345007918553
0.05,0.6227272727272727,0.459090909090909,0.04614504751131222,0.4322599390497738,0.16666666666666666,0.4322599390497738
0.5409090909090909,0.05,0.5409090909090909,0.04465372262443438,0.6215791855475115,0.16666666666666666,0.6215791855475115
0.7045454545454545,0.2954545454545454,0.1318181818181818,0.028323604638009044,0.5559859679072399,0.16666666666666666,0.5559859679072399
0.9086459245328501,0.595557171005792,0.2557785249531164,0.03896925678733031,0.41959369486425346,0.16666666666666666,0.41959369486425346
0.6227272727272727,0.7863636363636363,0.868181818181818,0.036974123592922695,0.5740942175281415,0.2589272140357961,0.5740942175281415
0.7863636363636363,0.5409090909090909,0.459090909090909,0.036447923981900464,0.502149281520362,0.16666666666666666,0.502149281520362
0.05,0.7863636363636363,0.6227272727272727,0.03816240045248869,0.43931995199095025,0.16666666666666666,0.43931995199095025
0.7863636363636363,0.7863636363636363,0.6227272727272727,0.04842189457013576,0.4879288421085973,0.16666666666666666,0.4879288421085973
0.7045454545454545,0.868181818181818,0.05,0.03222783257918552,0.5713958433484163,0.16666666666666666,0.5713958433484163
0.1318181818181818,0.5409090909090909,0.7045454545454545,0.054044087782805415,0.4849049582443438,0.16666666666666666,0.4849049582443438
0.05,0.05,0.1318181818181818,0.02017307748868778,0.4084780584502262,0.16666666666666666,0.4084780584502262
0.1318181818181818,0.7045454545454545,0.1318181818181818,0.0638787561991926,0.4711486248760162,0.2511515579659065,0.4711486248760162
0.95,0.1318181818181818,0.6227272727272727,0.1085075124494578,0.4231831697510109,0.19811510358093307,0.4231831697510109
0.8528418996594019,0.6180247633975365,0.7653301731874835,0.04335743393665158,0.45622809132126696,0.16666666666666666,0.45622809132126696
0.3772727272727272,0.7045454545454545,0.05,0.021397887330316744,0.7204324722533937,0.16666666666666666,0.7204324722533937
0.7863636363636363,0.95,0.7863636363636363,0.06626539006292599,0.47809137219874154,0.17608297644356252,0.47809137219874154
0.95,0.3772727272727272,0.459090909090909,0.04825468099547511,0.4060271463800905,0.16666666666666666,0.4060271463800905
0.3772727272727272,0.1318181818181818,0.2954545454545454,0.028869465610859728,0.6631179206877827,0.16666666666666666,0.6631179206877827
0.7863636363636363,0.7863636363636363,0.3772727272727272,0.04842189457013576,0.4879288421085973,0.16666666666666666,0.4879288421085973
0.5409090909090909,0.21363636363636362,0.05,0.020408869683257915,0.6593860526063348,0.16666666666666666,0.6593860526063348
0.147102284293974,0.07828626711806083,0.6227693701374023,0.03621214751131223,0.47596099704977385,0.16666666666666666,0.47596099704977385
0.3703754107861354,0.7320614994179322,0.06295413976678028,0.02106161221719457,0.7188128877556562,0.16666666666666666,0.7188128877556562
0.8225714766587106,0.43609462463751647,0.7257839610123475,0.039285475565610864,0.48670145048868785,0.16666666666666666,0.48670145048868785
0.1318181818181818,0.459090909090909,0.7863636363636363,0.054044087782805415,0.4813047182443439,0.16666666666666666,0.4813047182443439
0.459090909090909,0.3772727272727272,0.868181818181818,0.03773149411764705,0.616558700117647,0.16666666666666666,0.616558700117647
0.95,0.6227272727272727,0.6227272727272727,0.04825468099547511,0.3873960663800905,0.16666666666666666,0.3873960663800905
0.459090909090909,0.5409090909090909,0.7045454545454545,0.04172281764705882,0.6194442536470589,0.16666666666666666,0.6194442536470589
0.459090909090909,0.05,0.7045454545454545,0.04074600588235294,0.6097202998823529,0.16666666666666666,0.6097202998823529
0.868181818181818,0.6227272727272727,0.21363636363636362,0.03627883925339366,0.4449389432149321,0.16666666666666666,0.4449389432149321
0.1318181818181818,0.1318181818181818,0.7863636363636363,0.03806658778280543,0.46752342824434384,0.16666666666666666,0.46752342824434384
0.3772727272727272,0.21363636363636362,0.5409090909090909,0.03365656380090496,0.6656385387239819,0.16666666666666666,0.6656385387239819
0.21363636363636362,0.3772727272727272,0.1318181818181818,0.03733514400452489,0.5948502971199094,0.16666666666666666,0.5948502971199094
0.1318181818181818,0.868181818181818,0.7863636363636363,0.038066587782805424,0.4984252282443439,0.16666666666666666,0.4984252282443439
0.05,0.459090909090909,0.95,0.050136371040724,0.4252797525791855,0.16666666666666666,0.4252797525791855
0.6471515921972502,0.05455542546159682,0.19472724627574878,0.04052422330316742,0.5869853755339367,0.16666666666666666,0.5869853755339367
0.6227272727272727,0.5409090909090909,0.6227272727272727,0.03390738416289593,0.5821734923167422,0.16666666666666666,0.5821734923167422
0.21363636363636362,0.7045454545454545,0.868181818181818,0.045503195475113126,0.6078456960904979,0.16666666666666666,0.6078456960904979
0.3772727272727272,0.05,0.6227272727272727,0.056581185046315347,0.6341720312990737,0.2264469747341907,0.6341720312990737
0.3514150531913775,0.17534486539704852,0.7646226703432663,0.033012972398190045,0.6539413605520363,0.16666666666666666,0.6539413605520363
0.3611263941535275,0.21343794512128308,0.8676055052002655,0.034441851131221723,0.6589551029773756,0.16666666666666666,0.6589551029773756
0.2954545454545454,0.459090909090909,0.7045454545454545,0.03844379858038097,0.6402539640283923,0.20360916630865708,0.6402539640283923
0.6227272727272727,0.05,0.459090909090909,0.04856143936651583,0.5966078612126696,0.16666666666666666,0.5966078612126696
0.459090909090909,0.05,0.459090909090909,0.04074600588235294,0.6097202998823529,0.16666666666666666,0.6097202998823529
0.5409090909090909,0.6227272727272727,0.6227272727272727,0.033823777375565627,0.6105285644524886,0.16666666666666666,0.6105285644524886
0.6227272727272727,0.05,0.7045454545454545,0.04856143936651583,0.5966078612126696,0.16666666666666666,0.5966078612126696
0.868181818181818,0.21363636363636362,0.95,0.05232961131221722,0.4719196077737557,0.16666666666666666,0.4719196077737557
0.7045454545454545,0.7045454545454545,0.95,0.040482979638009044,0.5385513404072397,0.16666666666666666,0.5385513404072397
0.3710779940242303,0.30284105871864264,0.5384264748424236,0.038320855203619913,0.6659072528959276,0.16666666666666666,0.6659072528959276
0.1318181818181818,0.459090909090909,0.1318181818181818,0.041884712782805415,0.48154790574434386,0.16666666666666666,0.48154790574434386
0.459090909090909,0.1318181818181818,0.1318181818181818,0.02459530735294118,0.6118084538529411,0.16666666666666666,0.6118084538529411
0.4353657334855829,0.9199893371393025,0.9172579793803275,0.03812493484162895,0.6223735013031674,0.16666666666666666,0.6223735013031674
0.2954545454545454,0.6227272727272727,0.868181818181818,0.04554692760180996,0.6459683214479638,0.16666666666666666,0.6459683214479638
0.7863636363636363,0.6227272727272727,0.1318181818181818,0.02827987251131222,0.49754228254977373,0.16666666666666666,0.49754228254977373
0.5409090909090909,0.21363636363636362,0.868181818181818,0.036658869683257926,0.6190610526063348,0.16666666666666666,0.6190610526063348
0.21363636363636362,0.6227272727272727,0.459090909090909,0.0494945190045249,0.6045157096199095,0.16666666666666666,0.6045157096199095
0.21506405886809044,0.32381801866358395,0.522280788469014,0.04680271085972852,0.5929603657828055,0.16666666666666666,0.5929603657828055
0.5409090909090909,0.6227272727272727,0.95,0.033823777375565627,0.6105285644524886,0.16666666666666666,0.6105285644524886
0.95,0.05,0.21363636363636362,0.043709693243165544,0.4305994861351367,0.3099914513606456,0.4305994861351367
0.21363636363636362,0.7045454545454545,0.21363636363636362,0.03743507047511314,0.6080070585904979,0.16666666666666666,0.6080070585904979
0.1318181818181818,0.3772727272727272,0.5409090909090909,0.05005276425339367,0.4777843047149321,0.16666666666666666,0.4777843047149321
0.6227272727272727,0.2954545454545454,0.5409090909090909,0.03657526289592759,0.5895927747420816,0.16666666666666666,0.5895927747420816
0.3772727272727272,0.1318181818181818,0.21363636363636362,0.02477884061085973,0.6631997331877828,0.16666666666666666,0.6631997331877828
0.2954545454545454,0.6227272727272727,0.2954545454545454,0.041569427601809955,0.6460478714479639,0.16666666666666666,0.6460478714479639
0.5409090909090909,0.868181818181818,0.05,0.024412399095022623,0.6454507720180996,0.16666666666666666,0.6454507720180996
0.21363636363636362,0.95,0.7863636363636363,0.04544462108005781,0.5362825075783989,0.26173137727807233,0.5362825075783989
0.6227272727272727,0.5409090909090909,0.2954545454545454,0.02992988416289593,0.5822530423167421,0.16666666666666666,0.5822530423167421
0.1318181818181818,0.459090909090909,0.2954545454545454,0.05006658778280543,0.4813842682443439,0.16666666666666666,0.4813842682443439
0.2954545454545454,0.3772727272727272,0.95,0.04554692760180996,0.6368914414479638,0.16666666666666666,0.6368914414479638
0.9025550056506337,0.18801626280447217,0.5776068488151175,0.055221678280542974,0.4520905664343891,0.16666666666666666,0.4520905664343891
0.459090909090909,0.459090909090909,0.95,0.04172281764705882,0.6179615636470589,0.16666666666666666,0.6179615636470589
0.459090909090909,0.5409090909090909,0.05,0.025472817647058818,0.659769253647059,0.16666666666666666,0.659769253647059
0.6227272727272727,0.05,0.05,0.03231143936651582,0.6369328612126697,0.16666666666666666,0.6369328612126697
0.7045454545454545,0.21363636363636362,0.868181818181818,0.04447430316742082,0.5590833139366517,0.16666666666666666,0.5590833139366517
0.7045454545454545,0.21363636363636362,0.7863636363636363,0.04447430316742082,0.5590833139366517,0.16666666666666666,0.5590833139366517
0.7766961396476562,0.8564821699311438,0.33620312747467745,0.04943325158371041,0.4898587349683258,0.16666666666666666,0.4898587349683258
0.868181818181818,0.05,0.5409090909090909,0.033145331387723284,0.4734740133722456,0.26342364899052545,0.4734740133722456
0.7045454545454545,0.868181818181818,0.7045454545454545,0.04847783257918551,0.5310708433484164,0.16666666666666666,0.5310708433484164
0.05,0.5409090909090909,0.95,0.050136371040724,0.42887999257918547,0.16666666666666666,0.42887999257918547
0.5409090909090909,0.05,0.3772727272727272,0.04465372262443438,0.6215791855475115,0.16666666666666666,0.6215791855475115
0.21363636363636362,0.1318181818181818,0.21363636363636362,0.029440217533936663,0.5840689156493213,0.16666666666666666,0.5840689156493213
0.05,0.1318181818181818,0.7045454545454545,0.034158871040723994,0.41179858257918556,0.16666666666666666,0.41179858257918556
0.533395887636693,0.5781570062187912,0.720895526765897,0.036355296380090496,0.6138592140723983,0.16666666666666666,0.6138592140723983
0.868181818181818,0.868181818181818,0.459090909090909,0.056333140723981906,0.42785689718552045,0.16666666666666666,0.42785689718552045
0.37677406675877156,0.6313255171984411,0.5637004742020206,0.041264085520361996,0.6770187582895928,0.16666666666666666,0.6770187582895928
0.6227272727272727,0.2954545454545454,0.1318181818181818,0.024415887895927593,0.5898359622420816,0.16666666666666666,0.5898359622420816
0.4384935916067114,0.16482227251600737,0.305398315218852,0.03066663936651584,0.6838250272126697,0.16666666666666666,0.6838250272126697
0.5409090909090909,0.7863636363636363,0.1318181818181818,0.024499494683257916,0.6072043701063348,0.16666666666666666,0.6072043701063348
0.7045454545454545,0.05,0.1318181818181818,0.04030978110859729,0.5656772043778281,0.16666666666666666,0.5656772043778281
0.5409090909090909,0.1318181818181818,0.6227272727272727,0.04066239909502262,0.6204587720180996,0.16666666666666666,0.6204587720180996
0.6227272727272727,0.6227272727272727,0.5409090909090909,0.03258393936651583,0.5799091212126698,0.16666666666666666,0.5799091212126698
0.1318181818181818,0.1318181818181818,0.05,0.021816587782805427,0.5078484282443438,0.16666666666666666,0.5078484282443438
0.459090909090909,0.5409090909090909,0.3772727272727272,0.04172281764705882,0.6194442536470589,0.16666666666666666,0.6194442536470589
0.5409090909090909,0.1318181818181818,0.868181818181818,0.04066239909502262,0.6204587720180996,0.16666666666666666,0.6204587720180996
0.7045454545454545,0.95,0.868181818181818,0.05246915610859729,0.526760656877828,0.16666666666666666,0.526760656877828
0.95,0.1318181818181818,0.21363636363636362,0.05217273246606334,0.4243098653506788,0.16666666666666666,0.4243098653506788
0.21363636363636362,0.7863636363636363,0.05,0.025261871945701356,0.5826667225610861,0.16666666666666666,0.5826667225610861
0.868181818181818,0.459090909090909,0.21363636363636362,0.03228751572398191,0.45644948968552035,0.16666666666666666,0.45644948968552035
0.2954545454545454,0.5409090909090909,0.95,0.04953825113122171,0.6429602849773756,0.16666666666666666,0.6429602849773756
0.19079333840397744,0.2752186083481358,0.5443039982355083,0.04559113484162895,0.5764316773031675,0.16666666666666666,0.5764316773031675
0.868181818181818,0.2954545454545454,0.21363636363636362,0.04027016278280543,0.4674505567443439,0.16666666666666666,0.4674505567443439
0.2954545454545454,0.95,0.459090909090909,0.03293057239819005,0.5843759185520362,0.16666666666666666,0.5843759185520362
0.2954545454545454,0.21363636363636362,0.21363636363636362,0.029496155542986423,0.6310637868891403,0.16666666666666666,0.6310637868891403
0.18537520199317536,0.5847176438169216,0.39280177096791935,0.052705551583710424,0.5861860889683258,0.16666666666666666,0.5861860889683258
0.05,0.5409090909090909,0.5409090909090909,0.050136371040724,0.42887999257918547,0.16666666666666666,0.42887999257918547
0.5409090909090909,0.1318181818181818,0.21363636363636362,0.03259427409502262,0.6206201345180997,0.16666666666666666,0.6206201345180997
0.6227272727272727,0.3772727272727272,0.05,0.016333939366515834,0.6277067612126698,0.16666666666666666,0.6277067612126698
0.5409090909090909,0.2954545454545454,0.5409090909090909,0.03266754615384614,0.6170629690769232,0.16666666666666666,0.6170629690769232
0.868181818181818,0.868181818181818,0.868181818181818,0.056333140723981906,0.42785689718552045,0.16666666666666666,0.42785689718552045
0.6227272727272727,0.1318181818181818,0.868181818181818,0.04457011583710407,0.5940693776832578,0.16666666666666666,0.5940693776832578
0.2954545454545454,0.21363636363636362,0.2954545454545454,0.033586780542986416,0.6309819743891404,0.16666666666666666,0.6309819743891404
0.21363636363636362,0.6227272727272727,0.7045454545454545,0.0494945190045249,0.6045157096199095,0.16666666666666666,0.6045157096199095
0.5409090909090909,0.5409090909090909,0.95,0.03781510090497738,0.6125266479819004,0.16666666666666666,0.6125266479819004
0.95,0.95,0.2954545454545454,0.06025468099547512,0.3624046263800906,0.16666666666666666,0.3624046263800906
0.8945064111389339,0.2131097595490941,0.10984664063009975,0.040344843438914015,0.49601834313122173,0.16666666666666666,0.49601834313122173
0.3772727272727272,0.95,0.6227272727272727,0.04934194656467044,0.5834975960687065,0.29775086969846615,0.5834975960687065
0.4933562845935826,0.3458764492587574,0.6200607688850531,0.034570897737556554,0.6224075820452489,0.16666666666666666,0.6224075820452489
0.3772727272727272,0.7863636363636363,0.21363636363636362,0.02558843880090497,0.6069451912239819,0.16666666666666666,0.6069451912239819
0.3772727272727272,0.868181818181818,0.6227272727272727,0.03284696561085974,0.6088623106877828,0.16666666666666666,0.6088623106877828
0.7045454545454545,0.95,0.7863636363636363,0.05246915610859729,0.526760656877828,0.16666666666666666,0.526760656877828
0.21363636363636362,0.1318181818181818,0.459090909090909,0.037508342533936666,0.5839075531493212,0.16666666666666666,0.5839075531493212
0.1318181818181818,0.459090909090909,0.459090909090909,0.054044087782805415,0.4813047182443439,0.16666666666666666,0.4813047182443439
0.868181818181818,0.3772727272727272,0.2954545454545454,0.04036946425339367,0.4618682107149321,0.16666666666666666,0.4618682107149321
0.2954545454545454,0.2954545454545454,0.459090909090909,0.041555604072398195,0.634043057918552,0.16666666666666666,0.634043057918552
0.05,0.1318181818181818,0.7863636363636363,0.034158871040723994,0.41179858257918556,0.16666666666666666,0.41179858257918556
0.868181818181818,0.7045454545454545,0.7045454545454545,0.04833828778280544,0.43971751424434397,0.16666666666666666,0.43971751424434397
0.5409090909090909,0.1318181818181818,0.7863636363636363,0.04066239909502262,0.6204587720180996,0.16666666666666666,0.6204587720180996
0.95,0.7045454545454545,0.5409090909090909,0.05224600452488687,0.3811958799095023,0.16666666666666666,0.3811958799095023
0.5409090909090909,0.3772727272727272,0.459090909090909,0.033823777375565627,0.6158396044524888,0.16666666666666666,0.6158396044524888
0.95,0.6227272727272727,0.459090909090909,0.04825468099547511,0.3873960663800905,0.16666666666666666,0.3873960663800905
0.8294575005503675,0.09069680309557046,0.0737302770475268,0.0413970463800905,0.5434604190723982,0.16666666666666666,0.5434604190723982
0.1318181818181818,0.2954545454545454,0.95,0.04606144072398189,0.4748640111855204,0.16666666666666666,0.4748640111855204
0.3726191556898453,0.15428215357261674,0.8267930832880341,0.03150918823529411,0.6620266462352942,0.16666666666666666,0.6620266462352942
0.7863636363636363,0.3772727272727272,0.2954545454545454,0.036461747511312224,0.5110896050497739,0.16666666666666666,0.5110896050497739
0.7045454545454545,0.7863636363636363,0.459090909090909,0.04447430316742082,0.5345111539366516,0.16666666666666666,0.5345111539366516
0.2954545454545454,0.3772727272727272,0.2954545454545454,0.041569427601809955,0.6369709914479638,0.16666666666666666,0.6369709914479638
0.5409090909090909,0.3772727272727272,0.2954545454545454,0.02984627737556562,0.6159191544524888,0.16666666666666666,0.6159191544524888
0.7045454545454545,0.459090909090909,0.6227272727272727,0.05455528925838658,0.5256227342148323,0.26880441507371583,0.5256227342148323
0.1318181818181818,0.95,0.1318181818181818,0.021915889253393654,0.502048482214932,0.16666666666666666,0.502048482214932
0.5409090909090909,0.868181818181818,0.3772727272727272,0.04066239909502262,0.6051257720180996,0.16666666666666666,0.6051257720180996
0.868181818181818,0.1318181818181818,0.7045454545454545,0.0563331407239819,0.4771498971855204,0.16666666666666666,0.4771498971855204
0.4718238438154732,0.4233375521038986,0.2960663647376356,0.035432381561085975,0.6197416323687783,0.16666666666666666,0.6197416323687783
0.95,0.3772727272727272,0.21363636363636362,0.04018655599547511,0.4061885088800905,0.16666666666666666,0.4061885088800905
0.2954545454545454,0.95,0.6227272727272727,0.03293057239819005,0.5843759185520362,0.16666666666666666,0.5843759185520362
0.5409090909090909,0.868181818181818,0.7863636363636363,0.04066239909502262,0.6051257720180996,0.16666666666666666,0.6051257720180996
0.08361336987429298,0.7903405045936923,0.37417157727013656,0.039520842760180995,0.4626941031447964,0.16666666666666666,0.4626941031447964
0.7863636363636363,0.7863636363636363,0.21363636363636362,0.040353769570135756,0.48809020460859737,0.16666666666666666,0.48809020460859737
0.3772727272727272,0.05,0.7863636363636363,0.0368382891402715,0.6603421842171946,0.16666666666666666,0.6603421842171946
0.868181818181818,0.95,0.5409090909090909,0.060324464253393675,0.42192671071493215,0.16666666666666666,0.42192671071493215
0.2954545454545454,0.21363636363636362,0.868181818181818,0.03756428054298642,0.6309024243891403,0.16666666666666666,0.6309024243891403
0.7863636363636363,0.3772727272727272,0.459090909090909,0.04043924751131222,0.5110100550497738,0.16666666666666666,0.5110100550497738
0.5409090909090909,0.95,0.95,0.04196185410357896,0.5765158479179285,0.21290744809891363,0.5765158479179285
0.3772727272727272,0.7045454545454545,0.21363636363636362,0.029579762330316742,0.6802688347533937,0.16666666666666666,0.6802688347533937
0.19509915852860396,0.8867278871083156,0.7773083416079752,0.03748234977375566,0.5370186530045249,0.16666666666666666,0.5370186530045249
0.459090909090909,0.95,0.2954545454545454,0.03676850588235295,0.6269920098823529,0.16666666666666666,0.6269920098823529
0.2954545454545454,0.1318181818181818,0.2954545454545454,0.029583251131221722,0.6285750649773756,0.16666666666666666,0.6285750649773756
0.7863636363636363,0.868181818181818,0.7863636363636363,0.05242542398190046,0.482808411520362,0.16666666666666666,0.482808411520362
0.95,0.6227272727272727,0.5409090909090909,0.04825468099547511,0.3873960663800905,0.16666666666666666,0.3873960663800905
0.95,0.2954545454545454,0.2954545454545454,0.04826850452488687,0.4121472299095022,0.16666666666666666,0.4121472299095022
0.21363636363636362,0.459090909090909,0.95,0.05348584253393666,0.5973411631493214,0.16666666666666666,0.5973411631493214
0.05,0.1318181818181818,0.3772727272727272,0.034158871040723994,0.41179858257918556,0.16666666666666666,0.41179858257918556
0.7045454545454545,0.7045454545454545,0.7045454545454545,0.040482979638009044,0.5385513404072397,0.16666666666666666,0.5385513404072397
0.95,0.95,0.6227272727272727,0.06423218099547512,0.36232507638009054,0.16666666666666666,0.36232507638009054
0.6227272727272727,0.459090909090909,0.1318181818181818,0.021748009162895928,0.585307639816742,0.16666666666666666,0.585307639816742
0.7045454545454545,0.6227272727272727,0.95,0.03649165610859729,0.5419914068778281,0.16666666666666666,0.5419914068778281
0.21363636363636362,0.05,0.5409090909090909,0.03351701900452489,0.5808762996199096,0.16666666666666666,0.5808762996199096
0.3772727272727272,0.1318181818181818,0.05,0.01659696561085973,0.7033633706877828,0.16666666666666666,0.7033633706877828
0.7045454545454545,0.868181818181818,0.7863636363636363,0.04847783257918551,0.5310708433484164,0.16666666666666666,0.5310708433484164
0.7863636363636363,0.95,0.05,0.04016674751131223,0.5186133450497739,0.16666666666666666,0.5186133450497739
0.07281566907391177,0.9163835732101324,0.8023821084609851,0.03287975158371041,0.46072680496832574,0.16666666666666666,0.46072680496832574
0.7863636363636363,0.95,0.3772727272727272,0.05641674751131223,0.4782883450497738,0.16666666666666666,0.4782883450497738
0.3772727272727272,0.6227272727272727,0.95,0.06898470314629744,0.650658055937074,0.2534696260623317,0.650658055937074
0.21363636363636362,0.95,0.459090909090909,0.03351701900452489,0.5484684996199095,0.16666666666666666,0.5484684996199095
0.2954545454545454,0.7045454545454545,0.5409090909090909,0.041555604072398195,0.6489763579185521,0.16666666666666666,0.6489763579185521
0.6227272727272727,0.2954545454545454,0.868181818181818,0.03657526289592759,0.5895927747420816,0.16666666666666666,0.5895927747420816
0.606396256984635,0.14101040851051122,0.12569612550349768,0.030895879638009046,0.5998685624072398,0.16666666666666666,0.5998685624072398
0.459090909090909,0.7045454545454545,0.7863636363636363,0.03374017058823529,0.6231694065882354,0.16666666666666666,0.6231694065882354
0.7863636363636363,0.95,0.2954545454545454,0.05243924751131221,0.47836789504977384,0.16666666666666666,0.47836789504977384
0.05,0.95,0.05,0.01608245248868778,0.48636191095022624,0.16666666666666666,0.48636191095022624
0.82084085706949,0.6428242684570504,0.1966409843732867,0.03413245418552036,0.47537379091628956,0.16666666666666666,0.47537379091628956
0.6763767854843281,0.41805764997284284,0.20596488806376118,0.0247343584841629,0.5634384728303167,0.16666666666666666,0.5634384728303167
0.21363636363636362,0.95,0.1318181818181818,0.02135764400452489,0.5487116871199096,0.16666666666666666,0.5487116871199096
0.1318181818181818,0.2954545454545454,0.868181818181818,0.04606144072398189,0.4748640111855204,0.16666666666666666,0.4748640111855204
0.21363636363636362,0.459090909090909,0.6227272727272727,0.05348584253393666,0.5973411631493214,0.16666666666666666,0.5973411631493214
0.868181818181818,0.95,0.7045454545454545,0.060324464253393675,0.42192671071493215,0.16666666666666666,0.42192671071493215
0.7863636363636363,0.5409090909090909,0.05,0.02019792398190046,0.542474281520362,0.16666666666666666,0.542474281520362
0.2954545454545454,0.868181818181818,0.3772727272727272,0.03356075113122171,0.5817018249773755,0.16666666666666666,0.5817018249773755
0.21363636363636362,0.5409090909090909,0.21363636363636362,0.045417717533936655,0.6010498856493213,0.16666666666666666,0.6010498856493213
0.2713619555460573,0.19461323593360008,0.2179103216461752,0.02992641776018099,0.6184739916447964,0.16666666666666666,0.6184739916447964
0.459090909090909,0.6227272727272727,0.95,0.03773149411764705,0.6216068901176471,0.16666666666666666,0.6216068901176471
0.2954545454545454,0.95,0.5409090909090909,0.03293057239819005,0.5843759185520362,0.16666666666666666,0.5843759185520362
0.21363636363636362,0.459090909090909,0.3772727272727272,0.05348584253393666,0.5973411631493214,0.16666666666666666,0.5973411631493214
0.05,0.6227272727272727,0.6227272727272727,0.04614504751131222,0.4322599390497738,0.16666666666666666,0.4322599390497738
0.7045454545454545,0.2954545454545454,0.2954545454545454,0.036505479638009056,0.5558223304072398,0.16666666666666666,0.5558223304072398
0.21363636363636362,0.2954545454545454,0.95,0.045503195475113126,0.5911395760904977,0.16666666666666666,0.5911395760904977
0.7045454545454545,0.1318181818181818,0.5409090909090909,0.04847783257918551,0.5620934833484162,0.16666666666666666,0.5620934833484162
0.868181818181818,0.3772727272727272,0.6227272727272727,0.04434696425339366,0.4617886607149322,0.16666666666666666,0.4617886607149322
0.7045454545454545,0.95,0.1318181818181818,0.04030978110859729,0.527003844377828,0.16666666666666666,0.527003844377828
0.95,0.868181818181818,0.459090909090909,0.06985830002482593,0.36833291399950346,0.2825326447859761,0.36833291399950346
0.868181818181818,0.21363636363636362,0.868181818181818,0.05232961131221722,0.4719196077737557,0.16666666666666666,0.4719196077737557
0.868181818181818,0.1318181818181818,0.1318181818181818,0.0441737657239819,0.4773930846855204,0.16666666666666666,0.4773930846855204
0.868181818181818,0.2954545454545454,0.6227272727272727,0.04833828778280544,0.4672891942443439,0.16666666666666666,0.4672891942443439
0.3772727272727272,0.868181818181818,0.1318181818181818,0.020687590610859737,0.6091054981877828,0.16666666666666666,0.6091054981877828
0.05,0.7863636363636363,0.5409090909090909,0.03816240045248869,0.43931995199095025,0.16666666666666666,0.43931995199095025
0.21363636363636362,0.459090909090909,0.05,0.03723584253393666,0.6376661631493215,0.16666666666666666,0.6376661631493215
0.868181818181818,0.868181818181818,0.6227272727272727,0.056333140723981906,0.42785689718552045,0.16666666666666666,0.42785689718552045
0.1318181818181818,0.5409090909090909,0.6227272727272727,0.054044087782805415,0.4849049582443438,0.16666666666666666,0.4849049582443438
0.7863636363636363,0.21363636363636362,0.3772727272727272,0.04842189457013576,0.5198511221085973,0.16666666666666666,0.5198511221085973
0.6227272727272727,0.3772727272727272,0.6227272727272727,0.03258393936651583,0.5873817612126698,0.16666666666666666,0.5873817612126698
0.6227272727272727,0.868181818181818,0.7863636363636363,0.04457011583710407,0.5713788076832579,0.16666666666666666,0.5713788076832579
0.5023733837946729,0.5692134961637232,0.4932659244369775,0.03827007058823528,0.6232917385882353,0.16666666666666666,0.6232917385882353
0.95,0.6227272727272727,0.7863636363636363,0.04825468099547511,0.3873960663800905,0.16666666666666666,0.3873960663800905
0.459090909090909,0.5409090909090909,0.2954545454545454,0.03774531764705882,0.6195238036470588,0.16666666666666666,0.6195238036470588
0.5409090909090909,0.7863636363636363,0.05,0.020408869683257915,0.6472861826063349,0.16666666666666666,0.6472861826063349
0.7863636363636363,0.2954545454545454,0.6227272727272727,0.04443057104072399,0.5154305885791856,0.16666666666666666,0.5154305885791856
0.05,0.2954545454545454,0.05,0.02590372398190046,0.458864045520362,0.16666666666666666,0.458864045520362
0.2954545454545454,0.1318181818181818,0.7863636363636363,0.03356075113122172,0.6284955149773755,0.16666666666666666,0.6284955149773755
0.5409090909090909,0.3772727272727272,0.1318181818181818,0.02166440237556562,0.6160827919524887,0.16666666666666666,0.6160827919524887
0.7045454545454545,0.2954545454545454,0.95,0.040482979638009044,0.5557427804072398,0.16666666666666666,0.5557427804072398
0.7045454545454545,0.868181818181818,0.21363636363636362,0.04040970757918552,0.5312322058484164,0.16666666666666666,0.5312322058484164
0.6856180044408465,0.12321390257770978,0.12635394267667271,0.035583090045248865,0.570332218199095,0.16666666666666666,0.570332218199095
0.05,0.2954545454545454,0.1318181818181818,0.029994348981900457,0.418782233020362,0.16666666666666666,0.418782233020362
0.5409090909090909,0.7863636363636363,0.21363636363636362,0.02859074468325792,0.6071225451063349,0.16666666666666666,0.6071225451063349
0.6227272727272727,0.95,0.6227272727272727,0.04856143936651583,0.5681353712126698,0.16666666666666666,0.5681353712126698
0.5409090909090909,0.7863636363636363,0.95,0.036658869683257926,0.6069611826063348,0.16666666666666666,0.6069611826063348
0.5511211362125151,0.8925392967447028,0.6764268170074756,0.04232486561085974,0.6007444926877828,0.16666666666666666,0.6007444926877828
0.17579513896366053,0.765740580673901,0.23146458804297007,0.03713023902714932,0.5220374152194571,0.16666666666666666,0.5220374152194571
0.7863636363636363,0.868181818181818,0.21363636363636362,0.04435729898190046,0.48296977402036206,0.16666666666666666,0.48296977402036206
0.7045454545454545,0.95,0.05,0.03621915610859729,0.567085656877828,0.16666666666666666,0.567085656877828
0.05,0.2954545454545454,0.2954545454545454,0.03817622398190046,0.418618595520362,0.16666666666666666,0.418618595520362
0.36428861715139477,0.7033601109832154,0.8573992339573193,0.03834691131221719,0.6754371917737558,0.16666666666666666,0.6754371917737558
0.1318181818181818,0.21363636363636362,0.1318181818181818,0.029910742194570128,0.4715867851561086,0.16666666666666666,0.4715867851561086
0.7863636363636363,0.3772727272727272,0.95,0.04043924751131222,0.5110100550497738,0.16666666666666666,0.5110100550497738
0.459090909090909,0.1318181818181818,0.459090909090909,0.03675468235294118,0.6115652663529412,0.16666666666666666,0.6115652663529412
0.868181818181818,0.7863636363636363,0.7863636363636363,0.05232961131221722,0.43378732777375567,0.16666666666666666,0.43378732777375567
0.7045454545454545,0.459090909090909,0.5409090909090909,0.03250033257918552,0.5491218333484164,0.16666666666666666,0.5491218333484164
0.7420886736624593,0.9002891568941851,0.8146826516096702,0.05187441990950226,0.50829123160181,0.16666666666666666,0.50829123160181
0.3772727272727272,0.3772727272727272,0.868181818181818,0.04163921085972851,0.6704242557828056,0.16666666666666666,0.6704242557828056
0.7863636363636363,0.3772727272727272,0.21363636363636362,0.032371122511312224,0.5111714175497738,0.16666666666666666,0.5111714175497738
0.20508788408146683,0.22306011692780367,0.08678175463983098,0.02795161119909502,0.623573587776018,0.16666666666666666,0.623573587776018
0.7045454545454545,0.95,0.5409090909090909,0.05246915610859729,0.526760656877828,0.16666666666666666,0.526760656877828
0.7863636363636363,0.6227272727272727,0.05,0.024189247511312222,0.5376240950497737,0.16666666666666666,0.5376240950497737
0.3772727272727272,0.05,0.2954545454545454,0.032860789140271504,0.6604217342171945,0.16666666666666666,0.6604217342171945
0.21363636363636362,0.2954545454545454,0.3772727272727272,0.045503195475113126,0.5911395760904977,0.16666666666666666,0.5911395760904977
0.95,0.459090909090909,0.459090909090909,0.04426335746606335,0.39998661285067866,0.16666666666666666,0.39998661285067866
0.5409090909090909,0.21363636363636362,0.3772727272727272,0.036658869683257926,0.6190610526063348,0.16666666666666666,0.6190610526063348
0.20969558940175054,0.7255532764767725,0.7761512653405376,0.044637399999999994,0.606691732,0.16666666666666666,0.606691732
0.459090909090909,0.459090909090909,0.05,0.025472817647058818,0.658286563647059,0.16666666666666666,0.658286563647059
0.1318181818181818,0.1318181818181818,0.2954545454545454,0.03408908778280542,0.4676029782443438,0.16666666666666666,0.4676029782443438
0.8394804867317974,0.40320059668037184,0.7849394955244193,0.04168193936651583,0.47858304121266976,0.16666666666666666,0.47858304121266976
0.95,0.5409090909090909,0.3772727272727272,0.040360310285899696,0.393674313794282,0.181559926567461,0.393674313794282
0.7045454545454545,0.1318181818181818,0.3772727272727272,0.04847783257918551,0.5620934833484162,0.16666666666666666,0.5620934833484162
0.05,0.459090909090909,0.1318181818181818,0.03797699604072399,0.42552294007918556,0.16666666666666666,0.42552294007918556
0.459090909090909,0.868181818181818,0.7863636363636363,0.03675468235294119,0.6257920463529412,0.16666666666666666,0.6257920463529412
0.3772727272727272,0.7863636363636363,0.459090909090909,0.03365656380090496,0.606783828723982,0.16666666666666666,0.606783828723982
0.21363636363636362,0.868181818181818,0.868181818181818,0.03750834253393665,0.5454052331493212,0.16666666666666666,0.5454052331493212
0.6227272727272727,0.21363636363636362,0.95,0.04056658642533937,0.5921312582714932,0.16666666666666666,0.5921312582714932
0.6227272727272727,0.7863636363636363,0.5409090909090909,0.045176295034740924,0.5616881890993052,0.32026026898196314,0.5616881890993052
0.7602541147466044,0.4985979790361515,0.1282282592786813,0.020904655429864256,0.5195313468914027,0.16666666666666666,0.5195313468914027
0.95,0.2954545454545454,0.5409090909090909,0.05224600452488687,0.41206767990950227,0.16666666666666666,0.41206767990950227
0.6227272727272727,0.459090909090909,0.21363636363636362,0.025839259162895933,0.585225814816742,0.16666666666666666,0.585225814816742
0.05,0.3772727272727272,0.459090909090909,0.04614504751131222,0.4223594590497737,0.16666666666666666,0.4223594590497737
0.1318181818181818,0.7863636363636363,0.5409090909090909,0.042070117194570135,0.49534503765610866,0.16666666666666666,0.49534503765610866
0.2954545454545454,0.5409090909090909,0.1318181818181818,0.03737887613122171,0.6432034724773756,0.16666666666666666,0.6432034724773756
0.459090909090909,0.21363636363636362,0.7045454545454545,0.03275115294117649,0.6134104769411766,0.16666666666666666,0.6134104769411766
0.7000273115537596,0.6980328828914668,0.6270328695967675,0.039966253393665156,0.5411119149321267,0.16666666666666666,0.5411119149321267
0.1318181818181818,0.5409090909090909,0.1318181818181818,0.02329430209428983,0.48551995395811415,0.32200881039568746,0.48551995395811415
0.459090909090909,0.7045454545454545,0.7045454545454545,0.03374017058823529,0.6231694065882354,0.16666666666666666,0.6231694065882354
0.95,0.7863636363636363,0.2954545454545454,0.05225982805429865,0.374805243438914,0.16666666666666666,0.374805243438914
0.6227272727272727,0.868181818181818,0.21363636363636362,0.03650199083710408,0.571540170183258,0.16666666666666666,0.571540170183258
0.7863636363636363,0.3772727272727272,0.7863636363636363,0.04043924751131222,0.5110100550497738,0.16666666666666666,0.5110100550497738
0.7863636363636363,0.6227272727272727,0.7863636363636363,0.04043924751131222,0.4972990950497737,0.16666666666666666,0.4972990950497737
0.868181818181818,0.5409090909090909,0.3772727272727272,0.040355640723981914,0.4507077671855204,0.16666666666666666,0.4507077671855204
0.7045454545454545,0.7863636363636363,0.5409090909090909,0.04447430316742082,0.5345111539366516,0.16666666666666666,0.5345111539366516
0.5409090909090909,0.1318181818181818,0.7045454545454545,0.04066239909502262,0.6204587720180996,0.16666666666666666,0.6204587720180996
0.95,0.95,0.21363636363636362,0.056164055995475116,0.3624864388800906,0.16666666666666666,0.3624864388800906
0.459090909090909,0.3772727272727272,0.2954545454545454,0.033753994117647054,0.6166382501176471,0.16666666666666666,0.6166382501176471
0.2954545454545454,0.868181818181818,0.95,0.03356075113122171,0.5817018249773755,0.16666666666666666,0.5817018249773755
0.2559183489424602,0.11928191884591369,0.3107763076223912,0.031653190723981914,0.6077383761855204,0.16666666666666666,0.6077383761855204
0.1318181818181818,0.5409090909090909,0.7863636363636363,0.054044087782805415,0.4849049582443438,0.16666666666666666,0.4849049582443438
0.6227272727272727,0.5409090909090909,0.459090909090909,0.03390738416289593,0.5821734923167422,0.16666666666666666,0.5821734923167422
0.95,0.95,0.868181818181818,0.06423218099547512,0.36232507638009054,0.16666666666666666,0.36232507638009054
0.95,0.05,0.95,0.06423218099547512,0.4301890363800905,0.16666666666666666,0.4301890363800905
0.7863636363636363,0.21363636363636362,0.459090909090909,0.04842189457013576,0.5198511221085973,0.16666666666666666,0.5198511221085973
0.7863636363636363,0.2954545454545454,0.868181818181818,0.04443057104072399,0.5154305885791856,0.16666666666666666,0.5154305885791856
0.868181818181818,0.868181818181818,0.21363636363636362,0.048265015723981904,0.42801825968552043,0.16666666666666666,0.42801825968552043
0.95,0.95,0.459090909090909,0.06423218099547512,0.36232507638009054,0.16666666666666666,0.36232507638009054
0.24030320629689017,0.3447476169601232,0.15778591863732608,0.035771140158371045,0.6076711371968326,0.16666666666666666,0.6076711371968326
0.6148022720756571,0.5758828807307902,0.86104220944189,0.03255743257918552,0.5846304313484163,0.16666666666666666,0.5846304313484163
0.95,0.7045454545454545,0.6227272727272727,0.04357006024722276,0.3695433987950556,0.25464700859620254,0.3695433987950556
0.95,0.7045454545454545,0.7045454545454545,0.05224600452488687,0.3811958799095023,0.16666666666666666,0.3811958799095023
0.95,0.95,0.5409090909090909,0.06423218099547512,0.36232507638009054,0.16666666666666666,0.36232507638009054
0.7045454545454545,0.05,0.95,0.05246915610859729,0.5654340168778281,0.16666666666666666,0.5654340168778281
0.5409090909090909,0.7045454545454545,0.2954545454545454,0.028690046153846148,0.6088758990769232,0.16666666666666666,0.6088758990769232
0.7863636363636363,0.459090909090909,0.95,0.036447923981900464,0.506919641520362,0.16666666666666666,0.506919641520362
0.95,0.6227272727272727,0.1318181818181818,0.03609530599547511,0.3876392538800905,0.16666666666666666,0.3876392538800905
0.21363636363636362,0.7863636363636363,0.21363636363636362,0.03344374694570136,0.5425030850610861,0.16666666666666666,0.5425030850610861
0.3772727272727272,0.05,0.7045454545454545,0.0368382891402715,0.6603421842171946,0.16666666666666666,0.6603421842171946
0.5409090909090909,0.6227272727272727,0.05,0.017573777375565626,0.6508535644524887,0.16666666666666666,0.6508535644524887
0.3772727272727272,0.868181818181818,0.7045454545454545,0.03284696561085974,0.6088623106877828,0.16666666666666666,0.6088623106877828
0.21363636363636362,0.95,0.95,0.03351701900452489,0.5484684996199095,0.16666666666666666,0.5484684996199095
0.21363636363636362,0.05,0.3772727272727272,0.03351701900452489,0.5808762996199096,0.16666666666666666,0.5808762996199096
0.1318181818181818,0.05,0.1318181818181818,0.021915889253393654,0.46484632221493216,0.16666666666666666,0.46484632221493216
0.21363636363636362,0.21363636363636362,0.95,0.041511871945701356,0.587374842561086,0.16666666666666666,0.587374842561086
0.21363636363636362,0.6227272727272727,0.2954545454545454,0.04551701900452489,0.6045952596199096,0.16666666666666666,0.6045952596199096
0.7045454545454545,0.1318181818181818,0.1318181818181818,0.03631845757918551,0.5623366708484163,0.16666666666666666,0.5623366708484163
0.868181818181818,0.1318181818181818,0.05,0.0400831407239819,0.5174748971855204,0.16666666666666666,0.5174748971855204
0.05,0.05,0.21363636363636362,0.024264327488687776,0.40839623345022624,0.16666666666666666,0.40839623345022624
0.3772727272727272,0.05,0.05,0.020588289140271502,0.7006671842171945,0.16666666666666666,0.7006671842171945
0.21363636363636362,0.7045454545454545,0.3772727272727272,0.045503195475113126,0.6078456960904979,0.16666666666666666,0.6078456960904979
0.21363636363636362,0.3772727272727272,0.2954545454545454,0.04551701900452489,0.5946866596199095,0.16666666666666666,0.5946866596199095
0.8396054180428828,0.28214746494364,0.6439856414307611,0.04762946108597285,0.4857245707782806,0.16666666666666666,0.4857245707782806
0.95,0.5409090909090909,0.7863636363636363,0.04426335746606335,0.39359625285067873,0.16666666666666666,0.39359625285067873
0.5409090909090909,0.459090909090909,0.1318181818181818,0.02565572590497738,0.6142476254819005,0.16666666666666666,0.6142476254819005
0.1318181818181818,0.868181818181818,0.1318181818181818,0.02590721278280542,0.4986684157443439,0.16666666666666666,0.4986684157443439
0.21363636363636362,0.6227272727272727,0.3772727272727272,0.0494945190045249,0.6045157096199095,0.16666666666666666,0.6045157096199095
0.15536031478484527,0.17869251384755225,0.7353595685457249,0.04147778416289593,0.485156284316742,0.16666666666666666,0.485156284316742
0.868181818181818,0.1318181818181818,0.95,0.0563331407239819,0.4771498971855204,0.16666666666666666,0.4771498971855204
0.1318181818181818,0.868181818181818,0.6227272727272727,0.04834647323423409,0.4982196305353153,0.3143021938234778,0.4982196305353153
0.3772727272727272,0.868181818181818,0.05,0.01659696561085974,0.6491873106877829,0.16666666666666666,0.6491873106877829
0.459090909090909,0.21363636363636362,0.2954545454545454,0.028773652941176488,0.6134900269411766,0.16666666666666666,0.6134900269411766
0.1318181818181818,0.7045454545454545,0.3772727272727272,0.04606144072398189,0.4916649711855204,0.16666666666666666,0.4916649711855204
0.21363636363636362,0.21363636363636362,0.459090909090909,0.041511871945701356,0.587374842561086,0.16666666666666666,0.587374842561086
0.2954545454545454,0.2954545454545454,0.7045454545454545,0.041555604072398195,0.634043057918552,0.16666666666666666,0.634043057918552
0.95,0.7863636363636363,0.868181818181818,0.05623732805429864,0.3747256934389141,0.16666666666666666,0.3747256934389141
0.5887926357773329,0.19041677639819285,0.19039506830258238,0.030876747058823532,0.6043508250588235,0.16666666666666666,0.6043508250588235
0.7115639394234972,0.7731328373463636,0.30383111531417584,0.040639719230769235,0.5314976056153846,0.16666666666666666,0.5314976056153846
0.95,0.7045454545454545,0.2954545454545454,0.04826850452488687,0.38127542990950225,0.16666666666666666,0.38127542990950225
0.7863636363636363,0.95,0.95,0.05641674751131223,0.4782883450497738,0.16666666666666666,0.4782883450497738
0.7863636363636363,0.05,0.1318181818181818,0.04425737251131221,0.5280650125497738,0.16666666666666666,0.5280650125497738
0.615110350541817,0.12358312875398471,0.8362207616960994,0.044614038009049756,0.5973797592398189,0.16666666666666666,0.5973797592398189
0.749432224334693,0.5525638247622245,0.4317998083222786,0.03521503484162895,0.5223353793031674,0.16666666666666666,0.5223353793031674
0.1318181818181818,0.7045454545454545,0.868181818181818,0.04606144072398189,0.4916649711855204,0.16666666666666666,0.4916649711855204
0.21363636363636362,0.868181818181818,0.459090909090909,0.03750834253393665,0.5454052331493212,0.16666666666666666,0.5454052331493212
0.2954545454545454,0.7863636363636363,0.459090909090909,0.03756428054298642,0.5798526343891401,0.16666666666666666,0.5798526343891401
0.7045454545454545,0.2954545454545454,0.459090909090909,0.040482979638009044,0.5557427804072398,0.16666666666666666,0.5557427804072398
0.459090909090909,0.1318181818181818,0.5409090909090909,0.033250865947526555,0.6116353426810495,0.31145491755462046,0.6116353426810495
0.21363636363636362,0.1318181818181818,0.868181818181818,0.037508342533936666,0.5839075531493212,0.16666666666666666,0.5839075531493212
0.20588168291901365,0.4404664843141757,0.4086542609576361,0.05294147918552037,0.5929551904162897,0.16666666666666666,0.5929551904162897
0.5409090909090909,0.21363636363636362,0.459090909090909,0.036658869683257926,0.6190610526063348,0.16666666666666666,0.6190610526063348
0.6227272727272727,0.868181818181818,0.2954545454545454,0.040592615837104065,0.5714583576832579,0.16666666666666666,0.5714583576832579
0.868181818181818,0.05,0.7863636363636363,0.060324464253393675,0.48238043071493214,0.16666666666666666,0.48238043071493214
0.2954545454545454,0.459090909090909,0.05,0.03328825113122171,0.6803570749773755,0.16666666666666666,0.6803570749773755
0.05,0.1318181818181818,0.2954545454545454,0.0726222273187912,0.3966593154536242,0.17302386367249323,0.3966593154536242
0.2681687591735722,0.15335314226528318,0.5995580381974693,0.03592632081447964,0.6152860335837105,0.16666666666666666,0.6152860335837105
0.459090909090909,0.05,0.1318181818181818,0.028586630882352946,0.609963487382353,0.16666666666666666,0.609963487382353
0.7863636363636363,0.868181818181818,0.3772727272727272,0.05242542398190046,0.482808411520362,0.16666666666666666,0.482808411520362
0.5409090909090909,0.3772727272727272,0.7045454545454545,0.033823777375565627,0.6158396044524888,0.16666666666666666,0.6158396044524888
0.5409090909090909,0.7863636363636363,0.7863636363636363,0.036658869683257926,0.6069611826063348,0.16666666666666666,0.6069611826063348
0.7214403913388809,0.5750318885874436,0.9159552936270876,0.03499770045248869,0.5358408059909503,0.16666666666666666,0.5358408059909503
0.868181818181818,0.7045454545454545,0.2954545454545454,0.08211361132772163,0.4310770077734456,0.2543052620640947,0.4310770077734456
0.2954545454545454,0.459090909090909,0.3772727272727272,0.04953825113122171,0.6400320749773755,0.16666666666666666,0.6400320749773755
0.868181818181818,0.7863636363636363,0.21363636363636362,0.04426148631221721,0.4339486902737557,0.16666666666666666,0.4339486902737557
0.05,0.2954545454545454,0.21363636363636362,0.034085598981900465,0.418700408020362,0.16666666666666666,0.418700408020362
0.21363636363636362,0.5409090909090909,0.2954545454545454,0.049508342533936656,0.6009680731493213,0.16666666666666666,0.6009680731493213
0.5409090909090909,0.7863636363636363,0.868181818181818,0.036658869683257926,0.6069611826063348,0.16666666666666666,0.6069611826063348
0.1318181818181818,0.2954545454545454,0.21363636363636362,0.037993315723981895,0.4750253736855204,0.16666666666666666,0.4750253736855204
0.5409090909090909,0.868181818181818,0.1318181818181818,0.028503024095022624,0.6053689595180995,0.16666666666666666,0.6053689595180995
0.878757694355635,0.8329067258559154,0.5169542514134648,0.055130481900452485,0.422570590361991,0.16666666666666666,0.422570590361991
0.7045454545454545,0.2954545454545454,0.5409090909090909,0.040482979638009044,0.5557427804072398,0.16666666666666666,0.5557427804072398
0.3063564449397208,0.08319825261907951,0.5986079005819072,0.031825560633484164,0.6314969287873303,0.16666666666666666,0.6314969287873303
0.95,0.7045454545454545,0.21363636363636362,0.04417787952488689,0.38135724240950225,0.16666666666666666,0.38135724240950225
0.6227272727272727,0.7863636363636363,0.459090909090909,0.04056658642533937,0.5740223682714932,0.16666666666666666,0.5740223682714932
0.1318181818181818,0.2954545454545454,0.6227272727272727,0.04606144072398189,0.4748640111855204,0.16666666666666666,0.4748640111855204
0.3772727272727272,0.2954545454545454,0.6227272727272727,0.037647887330316744,0.6681750722533937,0.16666666666666666,0.6681750722533937
0.95,0.21363636363636362,0.95,0.05623732805429864,0.418108213438914,0.16666666666666666,0.418108213438914
0.7045454545454545,0.1318181818181818,0.95,0.04847783257918551,0.5620934833484162,0.16666666666666666,0.5620934833484162
0.7045454545454545,0.21363636363636362,0.5409090909090909,0.04447430316742082,0.5590833139366517,0.16666666666666666,0.5590833139366517
0.868181818181818,0.7863636363636363,0.1318181818181818,0.0401702363122172,0.4340305152737557,0.16666666666666666,0.4340305152737557
0.7863636363636363,0.05,0.05,0.04016674751131223,0.5681468250497738,0.16666666666666666,0.5681468250497738
0.3772727272727272,0.2954545454545454,0.21363636363636362,0.029579762330316742,0.6683364347533938,0.16666666666666666,0.6683364347533938
0.868181818181818,0.5409090909090909,0.1318181818181818,0.0281962657239819,0.4509509546855204,0.16666666666666666,0.4509509546855204
0.868181818181818,0.21363636363636362,0.21363636363636362,0.04426148631221721,0.47208097027375573,0.16666666666666666,0.47208097027375573
0.21363636363636362,0.7863636363636363,0.459090909090909,0.041511871945701356,0.542341722561086,0.16666666666666666,0.542341722561086
0.5409090909090909,0.868181818181818,0.868181818181818,0.04066239909502262,0.6051257720180996,0.16666666666666666,0.6051257720180996
0.5409090909090909,0.459090909090909,0.868181818181818,0.03781510090497738,0.6140044379819004,0.16666666666666666,0.6140044379819004
0.21363636363636362,0.5409090909090909,0.95,0.05348584253393666,0.6008885231493213,0.16666666666666666,0.6008885231493213
0.6713553457664287,0.08538092585698905,0.7694693590181383,0.04918080904977376,0.5769009838190046,0.16666666666666666,0.5769009838190046
0.7045454545454545,0.6227272727272727,0.868181818181818,0.03649165610859729,0.5419914068778281,0.16666666666666666,0.5419914068778281
0.3772727272727272,0.1318181818181818,0.459090909090909,0.03284696561085974,0.6630383706877828,0.16666666666666666,0.6630383706877828
0.6098780302050861,0.8261273378720706,0.9045685612918778,0.04192140769230769,0.5781095318461539,0.16666666666666666,0.5781095318461539
0.459090909090909,0.05,0.5409090909090909,0.04074600588235294,0.6097202998823529,0.16666666666666666,0.6097202998823529
0.459090909090909,0.7045454545454545,0.868181818181818,0.07458906543862155,0.5955479236912277,0.3090220260556311,0.5955479236912277
0.95,0.7045454545454545,0.1318181818181818,0.04008662952488687,0.3814390674095023,0.16666666666666666,0.3814390674095023
0.3772727272727272,0.7863636363636363,0.2954545454545454,0.06282166237164918,0.5795344467525669,0.32787119093398154,0.5795344467525669
0.5409090909090909,0.1318181818181818,0.5409090909090909,0.04066239909502262,0.6204587720180996,0.16666666666666666,0.6204587720180996
0.05,0.95,0.3772727272727272,0.032332452488687775,0.44603691095022624,0.16666666666666666,0.44603691095022624
0.868181818181818,0.7045454545454545,0.5409090909090909,0.04833828778280544,0.43971751424434397,0.16666666666666666,0.43971751424434397
0.3772727272727272,0.3772727272727272,0.3772727272727272,0.04163921085972851,0.6704242557828056,0.16666666666666666,0.6704242557828056
0.21363636363636362,0.2954545454545454,0.868181818181818,0.045503195475113126,0.5911395760904977,0.16666666666666666,0.5911395760904977
0.21363636363636362,0.7045454545454545,0.5409090909090909,0.045503195475113126,0.6078456960904979,0.16666666666666666,0.6078456960904979
0.1318181818181818,0.7045454545454545,0.7863636363636363,0.04606144072398189,0.4916649711855204,0.16666666666666666,0.4916649711855204
0.6227272727272727,0.7045454545454545,0.459090909090909,0.03657526289592759,0.5772658047420816,0.16666666666666666,0.5772658047420816
0.5420392514089516,0.2163690099729743,0.9226261649881026,0.036576685520362,0.6184151262895928,0.16666666666666666,0.6184151262895928
0.21363636363636362,0.7863636363636363,0.3772727272727272,0.041511871945701356,0.542341722561086,0.16666666666666666,0.542341722561086
0.3772727272727272,0.95,0.21363636363636362,0.028770164140271497,0.6107187867171945,0.16666666666666666,0.6107187867171945
0.6227272727272727,0.21363636363636362,0.6227272727272727,0.04056658642533937,0.5921312582714932,0.16666666666666666,0.5921312582714932
0.2996430646830194,0.21930904375138516,0.4673285644459839,0.03763343665158371,0.6336182512669685,0.16666666666666666,0.6336182512669685
0.7280403667330474,0.38863362697782416,0.12515064502880188,0.024594050678733027,0.5414193589864253,0.16666666666666666,0.5414193589864253
0.05,0.2954545454545454,0.868181818181818,0.04215372398190047,0.418539045520362,0.16666666666666666,0.418539045520362
0.868181818181818,0.868181818181818,0.1318181818181818,0.04417376572398191,0.4281000846855204,0.16666666666666666,0.4281000846855204
0.2954545454545454,0.3772727272727272,0.7045454545454545,0.08240493694776653,0.6113130312610447,0.24361004081410145,0.6113130312610447
0.95,0.05,0.868181818181818,0.06423218099547512,0.4301890363800905,0.16666666666666666,0.4301890363800905
0.7045454545454545,0.95,0.6227272727272727,0.05246915610859729,0.526760656877828,0.16666666666666666,0.526760656877828
0.6227272727272727,0.7045454545454545,0.7045454545454545,0.03657526289592759,0.5772658047420816,0.16666666666666666,0.5772658047420816
0.2954545454545454,0.21363636363636362,0.7863636363636363,0.04487313216327563,0.6307562473567345,0.3295550346083358,0.6307562473567345
0.868181818181818,0.868181818181818,0.05,0.04008314072398191,0.4681818971855204,0.16666666666666666,0.4681818971855204
0.7045454545454545,0.459090909090909,0.95,0.03250033257918552,0.5491218333484164,0.16666666666666666,0.5491218333484164
0.3529438503745285,0.1709732092450768,0.10703747342549097,0.01932759807692309,0.6951488480384618,0.16666666666666666,0.6951488480384618
0.5409090909090909,0.7863636363636363,0.2954545454545454,0.032681369683257924,0.6070407326063348,0.16666666666666666,0.6070407326063348
0.21363636363636362,0.6227272727272727,0.1318181818181818,0.03733514400452489,0.6047588971199095,0.16666666666666666,0.6047588971199095
0.868181818181818,0.459090909090909,0.7045454545454545,0.040355640723981914,0.4562881271855204,0.16666666666666666,0.4562881271855204
0.6227272727272727,0.7045454545454545,0.05,0.020325262895927593,0.6175908047420815,0.16666666666666666,0.6175908047420815
0.8830116616160986,0.45575543426371884,0.1519142412566797,0.03007768608597286,0.4467430862782805,0.16666666666666666,0.4467430862782805
0.21363636363636362,0.3772727272727272,0.21363636363636362,0.0414263940045249,0.5947684721199095,0.16666666666666666,0.5947684721199095
0.1318181818181818,0.459090909090909,0.95,0.054044087782805415,0.4813047182443439,0.16666666666666666,0.4813047182443439
0.95,0.21363636363636362,0.6227272727272727,0.05623732805429864,0.418108213438914,0.16666666666666666,0.418108213438914
0.626787270322893,0.21369207595923034,0.36110055499147686,0.040070959728506786,0.5901643808054299,0.16666666666666666,0.5901643808054299
0.05,0.05,0.95,0.032332452488687775,0.4082348709502262,0.16666666666666666,0.4082348709502262
0.868181818181818,0.5409090909090909,0.7045454545454545,0.040355640723981914,0.4507077671855204,0.16666666666666666,0.4507077671855204
0.95,0.05,0.7045454545454545,0.06423218099547512,0.4301890363800905,0.16666666666666666,0.4301890363800905
0.38715135316382404,0.6132739241428127,0.5028226327220789,0.04162453846153847,0.6807799192307692,0.16666666666666666,0.6807799192307692
0.95,0.7045454545454545,0.95,0.05224600452488687,0.3811958799095023,0.16666666666666666,0.3811958799095023
0.5409090909090909,0.6227272727272727,0.7045454545454545,0.033823777375565627,0.6105285644524886,0.16666666666666666,0.6105285644524886
0.459090909090909,0.7045454545454545,0.05,0.017490170588235286,0.6634944065882354,0.16666666666666666,0.6634944065882354
0.6227272727272727,0.3772727272727272,0.95,0.03258393936651583,0.5873817612126698,0.16666666666666666,0.5873817612126698
0.95,0.3772727272727272,0.3772727272727272,0.04825468099547511,0.4060271463800905,0.16666666666666666,0.4060271463800905
0.1318181818181818,0.868181818181818,0.868181818181818,0.037397149843698026,0.498438617003126,0.18255454555264952,0.498438617003126
0.2954545454545454,0.6227272727272727,0.6227272727272727,0.04554692760180996,0.6459683214479638,0.16666666666666666,0.6459683214479638
0.5409090909090909,0.05,0.1318181818181818,0.03249434762443438,0.6218223730475114,0.16666666666666666,0.6218223730475114
0.05,0.7045454545454545,0.459090909090909,0.04215372398190047,0.435940005520362,0.16666666666666666,0.435940005520362
0.868181818181818,0.459090909090909,0.1318181818181818,0.0281962657239819,0.4565313146855204,0.16666666666666666,0.4565313146855204
0.868181818181818,0.1318181818181818,0.5409090909090909,0.11487935074368917,0.47597897298512626,0.19915468716148274,0.47597897298512626
0.1318181818181818,0.21363636363636362,0.2954545454545454,0.038092617194570126,0.47142314765610854,0.16666666666666666,0.47142314765610854
0.05,0.7045454545454545,0.95,0.04215372398190047,0.435940005520362,0.16666666666666666,0.435940005520362
0.4473774512360393,0.8489337644824697,0.3658235112968708,0.03479783416289593,0.6232124333167421,0.16666666666666666,0.6232124333167421
0.868181818181818,0.5409090909090909,0.7863636363636363,0.040355640723981914,0.4507077671855204,0.16666666666666666,0.4507077671855204
0.05,0.868181818181818,0.868181818181818,0.03415887104072399,0.4430002625791855,0.16666666666666666,0.4430002625791855
0.6227272727272727,0.3772727272727272,0.5409090909090909,0.03258393936651583,0.5873817612126698,0.16666666666666666,0.5873817612126698
0.2791765892873874,0.6633524500015363,0.7342050739007179,0.04436706787330316,0.6396715186425341,0.16666666666666666,0.6396715186425341
0.5096725723198091,0.42566990283390105,0.2498970294236572,0.03141208099547512,0.6236015183800905,0.16666666666666666,0.6236015183800905
0.95,0.3772727272727272,0.6227272727272727,0.04825468099547511,0.4060271463800905,0.16666666666666666,0.4060271463800905
0.19729034857913405,0.19783921813789362,0.7831172482082438,0.04148831402714931,0.5775563137194569,0.16666666666666666,0.5775563137194569
0.05,0.459090909090909,0.05,0.033886371040723985,0.46560475257918554,0.16666666666666666,0.46560475257918554
0.7045454545454545,0.6227272727272727,0.3772727272727272,0.03649165610859729,0.5419914068778281,0.16666666666666666,0.5419914068778281
0.95,0.5409090909090909,0.7045454545454545,0.04426335746606335,0.39359625285067873,0.16666666666666666,0.39359625285067873
0.6200633808593811,0.8343145311689458,0.7733048692092029,0.04279049185520362,0.573839790162896,0.16666666666666666,0.573839790162896
0.21363636363636362,0.05,0.6227272727272727,0.03351701900452489,0.5808762996199096,0.16666666666666666,0.5808762996199096
0.3772727272727272,0.95,0.3772727272727272,0.0368382891402715,0.6105574242171946,0.16666666666666666,0.6105574242171946
0.05,0.5409090909090909,0.05,0.033886371040723985,0.4692049925791855,0.16666666666666666,0.4692049925791855
0.4830260916693357,0.5293304892964272,0.09664118314018422,0.027222003959276014,0.6640050799208146,0.16666666666666666,0.6640050799208146
0.868181818181818,0.21363636363636362,0.7863636363636363,0.05232961131221722,0.4719196077737557,0.16666666666666666,0.4719196077737557
0.1318181818181818,0.05,0.7863636363636363,0.034075264253393654,0.46460313471493214,0.16666666666666666,0.46460313471493214
0.1318181818181818,0.3772727272727272,0.7045454545454545,0.05005276425339367,0.4777843047149321,0.16666666666666666,0.4777843047149321
0.2954545454545454,0.3772727272727272,0.1318181818181818,0.03338755260180996,0.6371346289479638,0.16666666666666666,0.6371346289479638
0.21363636363636362,0.5409090909090909,0.3772727272727272,0.05348584253393666,0.6008885231493213,0.16666666666666666,0.6008885231493213
0.868181818181818,0.6227272727272727,0.5409090909090909,0.04434696425339366,0.4447775807149321,0.16666666666666666,0.4447775807149321
0.5409090909090909,0.6227272727272727,0.7863636363636363,0.033823777375565627,0.6105285644524886,0.16666666666666666,0.6105285644524886
0.868181818181818,0.5409090909090909,0.21363636363636362,0.03228751572398191,0.45086912968552034,0.16666666666666666,0.45086912968552034
0.7045454545454545,0.7863636363636363,0.6227272727272727,0.04447430316742082,0.5345111539366516,0.16666666666666666,0.5345111539366516
0.868181818181818,0.3772727272727272,0.21363636363636362,0.03627883925339366,0.4619500232149321,0.16666666666666666,0.4619500232149321
0.7045454545454545,0.1318181818181818,0.6227272727272727,0.04847783257918551,0.5620934833484162,0.16666666666666666,0.5620934833484162
0.459090909090909,0.21363636363636362,0.5409090909090909,0.03275115294117649,0.6134104769411766,0.16666666666666666,0.6134104769411766
0.6931363304300561,0.644177639045958,0.3019405072513485,0.033369866402714936,0.5462842026719457,0.16666666666666666,0.5462842026719457
0.7863636363636363,0.1318181818181818,0.3772727272727272,0.052425423981900456,0.523671291520362,0.16666666666666666,0.523671291520362
0.7863636363636363,0.2954545454545454,0.2954545454545454,0.04045307104072399,0.5155101385791856,0.16666666666666666,0.5155101385791856
0.05,0.459090909090909,0.7045454545454545,0.050136371040724,0.4252797525791855,0.16666666666666666,0.4252797525791855
0.21363636363636362,0.7863636363636363,0.7863636363636363,0.041511871945701356,0.542341722561086,0.16666666666666666,0.542341722561086
0.459090909090909,0.2954545454545454,0.1318181818181818,0.021580795588235287,0.6151165740882353,0.16666666666666666,0.6151165740882353
0.5860748665470598,0.4744185696951425,0.4206568227325416,0.03641863393665158,0.5983031973212669,0.16666666666666666,0.5983031973212669
0.3772727272727272,0.2954545454545454,0.868181818181818,0.037647887330316744,0.6681750722533937,0.16666666666666666,0.6681750722533937
0.5484688559611887,0.922372282057189,0.5207880597531339,0.04365774162895926,0.6008577851674207,0.16666666666666666,0.6008577851674207
0.05,0.7045454545454545,0.1318181818181818,0.029994348981900457,0.43618319302036196,0.16666666666666666,0.43618319302036196
0.7863636363636363,0.2954545454545454,0.1318181818181818,0.032271196040723996,0.5156737760791856,0.16666666666666666,0.5156737760791856
0.7045454545454545,0.7045454545454545,0.21363636363636362,0.03241485463800904,0.5387127029072398,0.16666666666666666,0.5387127029072398
0.459090909090909,0.1318181818181818,0.95,0.03675468235294118,0.6115652663529412,0.16666666666666666,0.6115652663529412
0.459090909090909,0.6227272727272727,0.21363636363636362,0.02966336911764706,0.6217682526176471,0.16666666666666666,0.6217682526176471
0.1318181818181818,0.2954545454545454,0.5409090909090909,0.04606144072398189,0.4748640111855204,0.16666666666666666,0.4748640111855204
0.30658565182446235,0.20603623576527932,0.8570888821637825,0.03197733069586833,0.6363187333860827,0.16743862521506703,0.6363187333860827
0.3772727272727272,0.7045454545454545,0.2954545454545454,0.03367038733031674,0.6801870222533937,0.16666666666666666,0.6801870222533937
0.868181818181818,0.6227272727272727,0.95,0.04434696425339366,0.4447775807149321,0.16666666666666666,0.4447775807149321
0.05,0.05,0.868181818181818,0.032332452488687775,0.4082348709502262,0.16666666666666666,0.4082348709502262
0.7863636363636363,0.1318181818181818,0.95,0.052425423981900456,0.523671291520362,0.16666666666666666,0.523671291520362
0.1318181818181818,0.05,0.3772727272727272,0.034075264253393654,0.46460313471493214,0.16666666666666666,0.46460313471493214
0.6549219926652906,0.7354576537958457,0.26387378959315966,0.03408765407239819,0.561044366918552,0.16666666666666666,0.561044366918552
0.459090909090909,0.5409090909090909,0.1318181818181818,0.02956344264705881,0.6196874411470589,0.16666666666666666,0.6196874411470589
0.7450865525620753,0.518147151000794,0.816963350286686,0.03334345565610859,0.5266031708868779,0.16666666666666666,0.5266031708868779
0.7863636363636363,0.1318181818181818,0.6227272727272727,0.052425423981900456,0.523671291520362,0.16666666666666666,0.523671291520362
0.3772727272727272,0.7863636363636363,0.7045454545454545,0.03365656380090496,0.606783828723982,0.16666666666666666,0.606783828723982
0.459090909090909,0.7045454545454545,0.21363636363636362,0.025672045588235284,0.6233307690882354,0.16666666666666666,0.6233307690882354
0.3870861069626262,0.9056428757689244,0.7087945476302645,0.035156343891402715,0.612091753122172,0.16666666666666666,0.612091753122172
0.7863636363636363,0.6227272727272727,0.5409090909090909,0.04043924751131222,0.4972990950497737,0.16666666666666666,0.4972990950497737
0.6227272727272727,0.05,0.95,0.04856143936651583,0.5966078612126696,0.16666666666666666,0.5966078612126696
0.05,0.868181818181818,0.7863636363636363,0.03415887104072399,0.4430002625791855,0.16666666666666666,0.4430002625791855
0.95,0.1318181818181818,0.2954545454545454,0.056263357466063334,0.4242280528506788,0.16666666666666666,0.4242280528506788
0.868181818181818,0.95,0.7863636363636363,0.060324464253393675,0.42192671071493215,0.16666666666666666,0.42192671071493215
0.3772727272727272,0.3772727272727272,0.7863636363636363,0.04163921085972851,0.6704242557828056,0.16666666666666666,0.6704242557828056
0.3772727272727272,0.868181818181818,0.459090909090909,0.03284696561085974,0.6088623106877828,0.16666666666666666,0.6088623106877828
0.5249309981776699,0.9436683165073703,0.11641690826185898,0.030661582013574655,0.6488527483597285,0.16666666666666666,0.6488527483597285
0.5409090909090909,0.7863636363636363,0.7045454545454545,0.036658869683257926,0.6069611826063348,0.16666666666666666,0.6069611826063348
0.5409090909090909,0.3772727272727272,0.7863636363636363,0.033823777375565627,0.6158396044524888,0.16666666666666666,0.6158396044524888
0.7863636363636363,0.868181818181818,0.7045454545454545,0.05242542398190046,0.482808411520362,0.16666666666666666,0.482808411520362
0.95,0.868181818181818,0.3772727272727272,0.06024085746606334,0.36852526285067877,0.16666666666666666,0.36852526285067877
0.5409090909090909,0.2954545454545454,0.459090909090909,0.03266754615384614,0.6170629690769232,0.16666666666666666,0.6170629690769232
0.2954545454545454,0.1318181818181818,0.868181818181818,0.03356075113122172,0.6284955149773755,0.16666666666666666,0.6284955149773755
0.459090909090909,0.7045454545454545,0.3772727272727272,0.03374017058823529,0.6231694065882354,0.16666666666666666,0.6231694065882354
0.1318181818181818,0.868181818181818,0.2954545454545454,0.03408908778280542,0.49850477824434386,0.16666666666666666,0.49850477824434386
0.8674392973699883,0.26560570160027513,0.18040538488210078,0.040033119004524886,0.4696754176199095,0.16666666666666666,0.4696754176199095
0.1318181818181818,0.1318181818181818,0.95,0.04111397309589984,0.4674624805380819,0.3011643973342073,0.4674624805380819
0.459090909090909,0.05,0.868181818181818,0.04074600588235294,0.6097202998823529,0.16666666666666666,0.6097202998823529
0.3772727272727272,0.459090909090909,0.7863636363636363,0.04563053438914027,0.6729607893122171,0.16666666666666666,0.6729607893122171
0.7863636363636363,0.1318181818181818,0.21363636363636362,0.04435729898190046,0.523832654020362,0.16666666666666666,0.523832654020362
0.05,0.21363636363636362,0.21363636363636362,0.03009427545248869,0.4151799944909502,0.16666666666666666,0.4151799944909502
0.38955574679416033,0.06806407799995373,0.33987124902486043,0.06474380575919722,0.6384414688848161,0.28328386984084436,0.6384414688848161
0.95,0.459090909090909,0.7045454545454545,0.04426335746606335,0.39998661285067866,0.16666666666666666,0.39998661285067866
0.95,0.2954545454545454,0.21363636363636362,0.04513697958208925,0.41220986040835816,0.20507249652590076,0.41220986040835816
0.3772727272727272,0.05,0.95,0.0368382891402715,0.6603421842171946,0.16666666666666666,0.6603421842171946
0.7863636363636363,0.7045454545454545,0.7863636363636363,0.04443057104072399,0.49304902857918553,0.16666666666666666,0.49304902857918553
0.5409090909090909,0.95,0.1318181818181818,0.03249434762443438,0.6026561230475113,0.16666666666666666,0.6026561230475113
0.7045454545454545,0.21363636363636362,0.05,0.028224303167420813,0.5994083139366516,0.16666666666666666,0.5994083139366516
0.95,0.7863636363636363,0.7045454545454545,0.05623732805429864,0.3747256934389141,0.16666666666666666,0.3747256934389141
0.6227272727272727,0.21363636363636362,0.7045454545454545,0.04056658642533937,0.5921312582714932,0.16666666666666666,0.5921312582714932
0.05,0.21363636363636362,0.7863636363636363,0.03816240045248869,0.4150186319909502,0.16666666666666666,0.4150186319909502
0.6822356755883983,0.37354203609777964,0.314232659838044,0.03259987816742082,0.5621410424366516,0.16666666666666666,0.5621410424366516
0.05,0.2954545454545454,0.3772727272727272,0.05274069216577329,0.4183273061566845,0.23260376431781982,0.4183273061566845
0.7863636363636363,0.5409090909090909,0.95,0.036447923981900464,0.502149281520362,0.16666666666666666,0.502149281520362
0.05,0.2954545454545454,0.459090909090909,0.04215372398190047,0.418539045520362,0.16666666666666666,0.418539045520362
0.2518423785145038,0.6909612992127823,0.26352417874712003,0.03875432873303168,0.6276576334253394,0.16666666666666666,0.6276576334253394
0.7045454545454545,0.1318181818181818,0.459090909090909,0.04847783257918551,0.5620934833484162,0.16666666666666666,0.5620934833484162
0.459090909090909,0.7863636363636363,0.7863636363636363,0.03275115294117649,0.6243894269411765,0.16666666666666666,0.6243894269411765
0.7597374901020776,0.18650739175947606,0.3305498610159934,0.046253846606334845,0.5344755630678734,0.16666666666666666,0.5344755630678734
0.7784250399306621,0.7791020552112626,0.8303650867220933,0.04766917737556561,0.4935242564524887,0.16666666666666666,0.4935242564524887
0.34285972834334094,0.7218422646062217,0.6346696091424932,0.03848041719457014,0.6680214616561087,0.16666666666666666,0.6680214616561087
0.3772727272727272,0.21363636363636362,0.7863636363636363,0.03365656380090496,0.6656385387239819,0.16666666666666666,0.6656385387239819
0.6227272727272727,0.868181818181818,0.3772727272727272,0.04457011583710407,0.5713788076832579,0.16666666666666666,0.5713788076832579
0.05,0.21363636363636362,0.3772727272727272,0.03816240045248869,0.4150186319909502,0.16666666666666666,0.4150186319909502
0.2954545454545454,0.05,0.7863636363636363,0.03293057239819005,0.6252876585520363,0.16666666666666666,0.6252876585520363
0.9341407552177456,0.1508350119512471,0.40807003914116746,0.05855559185520363,0.43366280816289593,0.16666666666666666,0.43366280816289593
0.05,0.05,0.2954545454545454,0.02835495248868778,0.40831442095022624,0.16666666666666666,0.40831442095022624
0.2954545454545454,0.459090909090909,0.1318181818181818,0.03737887613122171,0.6402752624773755,0.16666666666666666,0.6402752624773755
0.7045454545454545,0.7045454545454545,0.868181818181818,0.040482979638009044,0.5385513404072397,0.16666666666666666,0.5385513404072397
0.7863636363636363,0.05,0.459090909090909,0.05641674751131223,0.5278218250497737,0.16666666666666666,0.5278218250497737
0.7053947137506735,0.3810048194473279,0.6190752475342215,0.036348442533936653,0.5524652311493213,0.16666666666666666,0.5524652311493213
0.7045454545454545,0.5409090909090909,0.05,0.016250332579185522,0.5863565933484163,0.16666666666666666,0.5863565933484163
0.7863636363636363,0.6227272727272727,0.21363636363636362,0.032371122511312224,0.49746045754977375,0.16666666666666666,0.49746045754977375
0.7863636363636363,0.05,0.7045454545454545,0.05641674751131223,0.5278218250497737,0.16666666666666666,0.5278218250497737
0.1318181818181818,0.6227272727272727,0.7045454545454545,0.05005276425339367,0.4879849047149321,0.16666666666666666,0.4879849047149321
0.2954545454545454,0.7863636363636363,0.95,0.03756428054298642,0.5798526343891401,0.16666666666666666,0.5798526343891401
0.2954545454545454,0.6227272727272727,0.3772727272727272,0.04554692760180996,0.6459683214479638,0.16666666666666666,0.6459683214479638
0.2954545454545454,0.6227272727272727,0.7863636363636363,0.04554692760180996,0.6459683214479638,0.16666666666666666,0.6459683214479638
0.7045454545454545,0.5409090909090909,0.7045454545454545,0.03250033257918552,0.5460315933484163,0.16666666666666666,0.5460315933484163
0.6227272727272727,0.868181818181818,0.868181818181818,0.04457011583710407,0.5713788076832579,0.16666666666666666,0.5713788076832579
0.459090909090909,0.05,0.05,0.02449600588235295,0.6500452998823529,0.16666666666666666,0.6500452998823529
0.459090909090909,0.1318181818181818,0.2954545454545454,0.03277718235294118,0.6116448163529412,0.16666666666666666,0.6116448163529412
0.05,0.868181818181818,0.6227272727272727,0.03415887104072399,0.4430002625791855,0.16666666666666666,0.4430002625791855
0.17683180247728636,0.7719772826786356,0.11709557931179373,0.031067092307692293,0.5627203781538462,0.16666666666666666,0.5627203781538462
0.05,0.3772727272727272,0.868181818181818,0.04614504751131222,0.4223594590497737,0.16666666666666666,0.4223594590497737
0.3772727272727272,0.3772727272727272,0.6227272727272727,0.04163921085972851,0.6704242557828056,0.16666666666666666,0.6704242557828056
0.7045454545454545,0.21363636363636362,0.459090909090909,0.04447430316742082,0.5590833139366517,0.16666666666666666,0.5590833139366517
0.3772727272727272,0.95,0.459090909090909,0.0368382891402715,0.6105574242171946,0.16666666666666666,0.6105574242171946
0.3772727272727272,0.1318181818181818,0.3772727272727272,0.03284696561085974,0.6630383706877828,0.16666666666666666,0.6630383706877828
0.7863636363636363,0.05,0.6227272727272727,0.05641674751131223,0.5278218250497737,0.16666666666666666,0.5278218250497737
0.7863636363636363,0.6227272727272727,0.6227272727272727,0.04043924751131222,0.4972990950497737,0.16666666666666666,0.4972990950497737
0.459090909090909,0.95,0.1318181818181818,0.028586630882352946,0.627155647382353,0.16666666666666666,0.627155647382353
0.868181818181818,0.6227272727272727,0.459090909090909,0.04434696425339366,0.4447775807149321,0.16666666666666666,0.4447775807149321
0.33707806726438516,0.810387779872509,0.07094474216224328,0.01922395158371041,0.6354587209683258,0.16666666666666666,0.6354587209683258
0.5409090909090909,0.5409090909090909,0.2954545454545454,0.03383760090497739,0.6126061979819004,0.16666666666666666,0.6126061979819004
0.6227272727272727,0.459090909090909,0.7045454545454545,0.03390738416289593,0.5850644523167421,0.16666666666666666,0.5850644523167421
0.7045454545454545,0.7045454545454545,0.1318181818181818,0.028323604638009044,0.5387945279072398,0.16666666666666666,0.5387945279072398
0.5409090909090909,0.2954545454545454,0.3772727272727272,0.03266754615384614,0.6170629690769232,0.16666666666666666,0.6170629690769232
0.6238017242196917,0.8484914683186938,0.47499343264575433,0.04368560045248869,0.5713071979909503,0.16666666666666666,0.5713071979909503
0.7045454545454545,0.868181818181818,0.6227272727272727,0.04847783257918551,0.5310708433484164,0.16666666666666666,0.5310708433484164
0.5409090909090909,0.459090909090909,0.7863636363636363,0.03781510090497738,0.6140044379819004,0.16666666666666666,0.6140044379819004
0.459090909090909,0.6227272727272727,0.05,0.021481494117647056,0.6619318901176472,0.16666666666666666,0.6619318901176472
0.1318181818181818,0.7863636363636363,0.7045454545454545,0.042070117194570135,0.49534503765610866,0.16666666666666666,0.49534503765610866
0.868181818181818,0.7863636363636363,0.6227272727272727,0.04817180004640116,0.433870483999072,0.32111012962974367,0.433870483999072
0.21363636363636362,0.7045454545454545,0.95,0.045503195475113126,0.6078456960904979,0.16666666666666666,0.6078456960904979
0.6227272727272727,0.95,0.21363636363636362,0.04049331436651584,0.5682967337126698,0.16666666666666666,0.5682967337126698
0.2954545454545454,0.2954545454545454,0.21363636363636362,0.03348747907239819,0.6342044204185521,0.16666666666666666,0.6342044204185521
0.3772727272727272,0.868181818181818,0.868181818181818,0.03284696561085974,0.6088623106877828,0.16666666666666666,0.6088623106877828
0.7863636363636363,0.7863636363636363,0.459090909090909,0.04842189457013576,0.4879288421085973,0.16666666666666666,0.4879288421085973
0.6227272727272727,0.1318181818181818,0.21363636363636362,0.03650199083710408,0.5942307401832579,0.16666666666666666,0.5942307401832579
0.459090909090909,0.21363636363636362,0.1318181818181818,0.020591777941176486,0.6136536644411765,0.16666666666666666,0.6136536644411765
0.868181818181818,0.7045454545454545,0.868181818181818,0.04833828778280544,0.43971751424434397,0.16666666666666666,0.43971751424434397
0.3772727272727272,0.95,0.05,0.020588289140271502,0.6508824242171946,0.16666666666666666,0.6508824242171946
0.459090909090909,0.6227272727272727,0.868181818181818,0.03773149411764705,0.6216068901176471,0.16666666666666666,0.6216068901176471
0.2954545454545454,0.5409090909090909,0.7863636363636363,0.04953825113122171,0.6429602849773756,0.16666666666666666,0.6429602849773756
0.05,0.5409090909090909,0.7863636363636363,0.050136371040724,0.42887999257918547,0.16666666666666666,0.42887999257918547
0.3772727272727272,0.868181818181818,0.2954545454545454,0.02886946561085974,0.6089418606877828,0.16666666666666666,0.6089418606877828
0.7863636363636363,0.1318181818181818,0.05,0.036175423981900455,0.563996291520362,0.16666666666666666,0.563996291520362
0.868181818181818,0.868181818181818,0.95,0.056333140723981906,0.42785689718552045,0.16666666666666666,0.42785689718552045
0.5409090909090909,0.3772727272727272,0.21363636363636362,0.025755652375565624,0.6160009669524888,0.16666666666666666,0.6160009669524888
0.7863636363636363,0.7863636363636363,0.05,0.03217189457013576,0.5282538421085973,0.16666666666666666,0.5282538421085973
0.95,0.459090909090909,0.2954545454545454,0.04028585746606335,0.4000661628506787,0.16666666666666666,0.4000661628506787
0.1318181818181818,0.05,0.21363636363636362,0.02600713925339366,0.4647644972149321,0.16666666666666666,0.4647644972149321
0.6227272727272727,0.7045454545454545,0.3772727272727272,0.03657526289592759,0.5772658047420816,0.16666666666666666,0.5772658047420816
0.1318181818181818,0.05,0.5409090909090909,0.034075264253393654,0.46460313471493214,0.16666666666666666,0.46460313471493214
0.95,0.7863636363636363,0.3772727272727272,0.047257794806022844,0.36922178410387957,0.17003737350249182,0.36922178410387957
0.459090909090909,0.3772727272727272,0.5409090909090909,0.03773149411764705,0.616558700117647,0.16666666666666666,0.616558700117647
0.21363636363636362,0.2954545454545454,0.459090909090909,0.045503195475113126,0.5911395760904977,0.16666666666666666,0.5911395760904977
0.05,0.05,0.5409090909090909,0.032332452488687775,0.4082348709502262,0.16666666666666666,0.4082348709502262
0.5409090909090909,0.5409090909090909,0.6227272727272727,0.03781510090497738,0.6125266479819004,0.16666666666666666,0.6125266479819004
0.459090909090909,0.7045454545454545,0.5409090909090909,0.03374017058823529,0.6231694065882354,0.16666666666666666,0.6231694065882354
0.459090909090909,0.1318181818181818,0.21363636363636362,0.028686557352941185,0.6117266288529412,0.16666666666666666,0.6117266288529412
0.5409090909090909,0.2954545454545454,0.7863636363636363,0.03266754615384614,0.6170629690769232,0.16666666666666666,0.6170629690769232
0.2954545454545454,0.2954545454545454,0.05,0.02530560407239819,0.6743680579185519,0.16666666666666666,0.6743680579185519
0.1318181818181818,0.2954545454545454,0.1318181818181818,0.03390206572398189,0.47510719868552037,0.16666666666666666,0.47510719868552037
0.1318181818181818,0.1318181818181818,0.7045454545454545,0.03806658778280543,0.46752342824434384,0.16666666666666666,0.46752342824434384
0.868181818181818,0.5409090909090909,0.95,0.040355640723981914,0.4507077671855204,0.16666666666666666,0.4507077671855204
0.2954545454545454,0.1318181818181818,0.6227272727272727,0.03609201677364751,0.628444889664527,0.27642598623116843,0.628444889664527
0.2954545454545454,0.3772727272727272,0.868181818181818,0.04554692760180996,0.6368914414479638,0.16666666666666666,0.6368914414479638
0.459090909090909,0.6227272727272727,0.7863636363636363,0.03773149411764705,0.6216068901176471,0.16666666666666666,0.6216068901176471
0.6227272727272727,0.95,0.2954545454545454,0.04458393936651584,0.5682149212126698,0.16666666666666666,0.5682149212126698
0.7863636363636363,0.1318181818181818,0.2954545454545454,0.04844792398190046,0.523750841520362,0.16666666666666666,0.523750841520362
0.6227272727272727,0.6227272727272727,0.7863636363636363,0.03258393936651583,0.5799091212126698,0.16666666666666666,0.5799091212126698
0.6227272727272727,0.7045454545454545,0.6227272727272727,0.03657526289592759,0.5772658047420816,0.16666666666666666,0.5772658047420816
0.05,0.6227272727272727,0.95,0.04614504751131222,0.4322599390497738,0.16666666666666666,0.4322599390497738
0.7675658292015982,0.18492568461389639,0.25632625570937734,0.04297470384615384,0.531180905923077,0.16666666666666666,0.531180905923077
0.868181818181818,0.05,0.1318181818181818,0.048165089253393675,0.48262361821493216,0.16666666666666666,0.48262361821493216
0.6020736763422109,0.42641873266155694,0.8894556350186118,0.03331748597285069,0.5943090102805431,0.16666666666666666,0.5943090102805431
0.5409090909090909,0.95,0.868181818181818,0.04465372262443438,0.6024129355475113,0.16666666666666666,0.6024129355475113
0.95,0.2954545454545454,0.6227272727272727,0.05224600452488687,0.41206767990950227,0.16666666666666666,0.41206767990950227
0.95,0.3772727272727272,0.05,0.03200468099547511,0.4463521463800905,0.16666666666666666,0.4463521463800905
0.6227272727272727,0.459090909090909,0.5409090909090909,0.03390738416289593,0.5850644523167421,0.16666666666666666,0.5850644523167421
0.3772727272727272,0.05,0.21363636363636362,0.028770164140271497,0.6605035467171946,0.16666666666666666,0.6605035467171946
0.7045454545454545,0.7045454545454545,0.3772727272727272,0.040482979638009044,0.5385513404072397,0.16666666666666666,0.5385513404072397
0.7045454545454545,0.7863636363636363,0.21363636363636362,0.036406178167420825,0.5346725164366516,0.16666666666666666,0.5346725164366516
0.459090909090909,0.2954545454545454,0.3772727272727272,0.03374017058823529,0.6148733865882352,0.16666666666666666,0.6148733865882352
0.6227272727272727,0.459090909090909,0.7863636363636363,0.03390738416289593,0.5850644523167421,0.16666666666666666,0.5850644523167421
0.21363636363636362,0.2954545454545454,0.2954545454545454,0.04152569547511313,0.5912191260904978,0.16666666666666666,0.5912191260904978
0.7854999801810941,0.549680730439516,0.5266855205204058,0.03683525520361991,0.5021415348959276,0.16666666666666666,0.5021415348959276
0.2954545454545454,0.05,0.868181818181818,0.03293057239819005,0.6252876585520363,0.16666666666666666,0.6252876585520363
0.9414546278006058,0.4213559092202838,0.3848162772135048,0.04570769909502263,0.4082982060180996,0.16666666666666666,0.4082982060180996
0.459090909090909,0.2954545454545454,0.21363636363636362,0.025672045588235284,0.6150347490882353,0.16666666666666666,0.6150347490882353
0.5750526152895084,0.41076627508727587,0.4658052232797194,0.03382450452488688,0.6042152499095024,0.16666666666666666,0.6042152499095024
0.459090909090909,0.7863636363636363,0.3772727272727272,0.03275115294117649,0.6243894269411765,0.16666666666666666,0.6243894269411765
0.6227272727272727,0.1318181818181818,0.95,0.04457011583710407,0.5940693776832578,0.16666666666666666,0.5940693776832578
0.7863636363636363,0.5409090909090909,0.3772727272727272,0.036447923981900464,0.502149281520362,0.16666666666666666,0.502149281520362
0.7863636363636363,0.7863636363636363,0.868181818181818,0.04842189457013576,0.4879288421085973,0.16666666666666666,0.4879288421085973
0.7045454545454545,0.3772727272727272,0.1318181818181818,0.02433228110859728,0.5529755543778281,0.16666666666666666,0.5529755543778281
0.08234804641706787,0.4690382163192141,0.5383801712368189,0.05217971809954751,0.448640205638009,0.16666666666666666,0.448640205638009
0.868181818181818,0.3772727272727272,0.95,0.04434696425339366,0.4617886607149322,0.16666666666666666,0.4617886607149322
0.6662580552984912,0.19635524541040217,0.8698344660444581,0.04353435520361991,0.5750036728959277,0.16666666666666666,0.5750036728959277
0.05,0.6227272727272727,0.21363636363636362,0.03807692251131223,0.4324213015497738,0.16666666666666666,0.4324213015497738
0.7863636363636363,0.7045454545454545,0.95,0.04443057104072399,0.49304902857918553,0.16666666666666666,0.49304902857918553
0.1318181818181818,0.1318181818181818,0.459090909090909,0.03806658778280543,0.46752342824434384,0.16666666666666666,0.46752342824434384
0.868181818181818,0.2954545454545454,0.459090909090909,0.04833828778280544,0.4672891942443439,0.16666666666666666,0.4672891942443439
0.459090909090909,0.3772727272727272,0.7863636363636363,0.03773149411764705,0.616558700117647,0.16666666666666666,0.616558700117647
0.459090909090909,0.5409090909090909,0.6227272727272727,0.04172281764705882,0.6194442536470589,0.16666666666666666,0.6194442536470589
0.95,0.5409090909090909,0.868181818181818,0.04426335746606335,0.39359625285067873,0.16666666666666666,0.39359625285067873
0.9269553268995497,0.9375896700316425,0.6783455426177706,0.0625053963800905,0.3804506920723983,0.16666666666666666,0.3804506920723983
0.05,0.3772727272727272,0.5409090909090909,0.04614504751131222,0.4223594590497737,0.16666666666666666,0.4223594590497737
0.5409090909090909,0.459090909090909,0.05,0.02156510090497738,0.6543294379819004,0.16666666666666666,0.6543294379819004
0.7045454545454545,0.95,0.2954545454545454,0.048491656108597285,0.526840206877828,0.16666666666666666,0.526840206877828
0.95,0.5409090909090909,0.95,0.0387553917739996,0.39370641216452,0.3260461235791065,0.39370641216452
0.459090909090909,0.7863636363636363,0.21363636363636362,0.02468302794117649,0.6245507894411765,0.16666666666666666,0.6245507894411765
0.5409090909090909,0.5409090909090909,0.868181818181818,0.03781510090497738,0.6125266479819004,0.16666666666666666,0.6125266479819004
0.95,0.7863636363636363,0.7863636363636363,0.05623732805429864,0.3747256934389141,0.16666666666666666,0.3747256934389141
0.7045454545454545,0.6227272727272727,0.7863636363636363,0.03649165610859729,0.5419914068778281,0.16666666666666666,0.5419914068778281
0.05,0.7863636363636363,0.459090909090909,0.03816240045248869,0.43931995199095025,0.16666666666666666,0.43931995199095025
0.6227272727272727,0.868181818181818,0.7045454545454545,0.04457011583710407,0.5713788076832579,0.16666666666666666,0.5713788076832579
0.5409090909090909,0.868181818181818,0.2954545454545454,0.036684899095022636,0.6052053220180995,0.16666666666666666,0.6052053220180995
0.2954545454545454,0.459090909090909,0.7863636363636363,0.04953825113122171,0.6400320749773755,0.16666666666666666,0.6400320749773755
0.1318181818181818,0.3772727272727272,0.1318181818181818,0.03789338925339367,0.47802749221493207,0.16666666666666666,0.47802749221493207
0.6227272727272727,0.05,0.1318181818181818,0.03640206436651583,0.5968510487126697,0.16666666666666666,0.5968510487126697
0.7045454545454545,0.2954545454545454,0.868181818181818,0.040482979638009044,0.5557427804072398,0.16666666666666666,0.5557427804072398
0.7863636363636363,0.7045454545454545,0.21363636363636362,0.036362446040724,0.4932103910791856,0.16666666666666666,0.4932103910791856
0.3772727272727272,0.1318181818181818,0.1318181818181818,0.020687590610859726,0.6632815581877827,0.16666666666666666,0.6632815581877827
0.459090909090909,0.3772727272727272,0.05,0.021481494117647056,0.6568837001176472,0.16666666666666666,0.6568837001176472
0.05,0.1318181818181818,0.459090909090909,0.034158871040723994,0.41179858257918556,0.16666666666666666,0.41179858257918556
0.6227272727272727,0.21363636363636362,0.868181818181818,0.04056658642533937,0.5921312582714932,0.16666666666666666,0.5921312582714932
0.868181818181818,0.05,0.6227272727272727,0.060324464253393675,0.48238043071493214,0.16666666666666666,0.48238043071493214
0.7045454545454545,0.1318181818181818,0.2954545454545454,0.04450033257918551,0.5621730333484163,0.16666666666666666,0.5621730333484163
0.1318181818181818,0.95,0.7863636363636363,0.034075264253393654,0.5018052947149321,0.16666666666666666,0.5018052947149321
0.868181818181818,0.459090909090909,0.05,0.024105640723981903,0.4966131271855204,0.16666666666666666,0.4966131271855204
0.21363636363636362,0.95,0.7045454545454545,0.03351701900452489,0.5484684996199095,0.16666666666666666,0.5484684996199095
0.7863636363636363,0.21363636363636362,0.7045454545454545,0.04842189457013576,0.5198511221085973,0.16666666666666666,0.5198511221085973
0.30198118429425574,0.7425436398727432,0.21833937370177103,0.03158806233031674,0.6523811187533937,0.16666666666666666,0.6523811187533937
0.3772727272727272,0.6227272727272727,0.7863636363636363,0.04163921085972851,0.6776986357828055,0.16666666666666666,0.6776986357828055
0.05,0.21363636363636362,0.6227272727272727,0.03816240045248869,0.4150186319909502,0.16666666666666666,0.4150186319909502
0.7863636363636363,0.2954545454545454,0.7863636363636363,0.04443057104072399,0.5154305885791856,0.16666666666666666,0.5154305885791856
0.459090909090909,0.05,0.21363636363636362,0.03267788088235295,0.609881662382353,0.16666666666666666,0.609881662382353
0.5409090909090909,0.6227272727272727,0.2954545454545454,0.04197012615712766,0.6103656374768573,0.20543733929202368,0.6103656374768573
0.729623530106257,0.6082785962181182,0.6836717912893011,0.03701982941176471,0.5298898834117647,0.16666666666666666,0.5298898834117647
0.2954545454545454,0.05,0.21363636363636362,0.02486244739819005,0.6254490210520363,0.16666666666666666,0.6254490210520363
0.1318181818181818,0.459090909090909,0.868181818181818,0.054044087782805415,0.4813047182443439,0.16666666666666666,0.4813047182443439
0.5409090909090909,0.868181818181818,0.459090909090909,0.04066239909502262,0.6051257720180996,0.16666666666666666,0.6051257720180996
0.7045454545454545,0.1318181818181818,0.05,0.03222783257918551,0.6024184833484163,0.16666666666666666,0.6024184833484163
0.5551494778125465,0.7438704619591048,0.49441603672795165,0.035261738914027146,0.6026828452217194,0.16666666666666666,0.6026828452217194
0.8603762514469974,0.6197913115459411,0.3551268119438306,0.04280799705882354,0.45065872005882357,0.16666666666666666,0.45065872005882357
0.21363636363636362,0.2954545454545454,0.21363636363636362,0.03743507047511314,0.5913009385904978,0.16666666666666666,0.5913009385904978
0.2954545454545454,0.868181818181818,0.7045454545454545,0.03356075113122171,0.5817018249773755,0.16666666666666666,0.5817018249773755
0.7863636363636363,0.6227272727272727,0.2954545454545454,0.036461747511312224,0.49737864504977375,0.16666666666666666,0.49737864504977375
0.95,0.95,0.7045454545454545,0.06423218099547512,0.36232507638009054,0.16666666666666666,0.36232507638009054
0.6227272727272727,0.5409090909090909,0.5409090909090909,0.03390738416289593,0.5821734923167422,0.16666666666666666,0.5821734923167422
0.2954545454545454,0.2954545454545454,0.6227272727272727,0.041555604072398195,0.634043057918552,0.16666666666666666,0.634043057918552
0.21363636363636362,0.3772727272727272,0.459090909090909,0.0494945190045249,0.5946071096199095,0.16666666666666666,0.5946071096199095
0.95,0.459090909090909,0.7863636363636363,0.04426335746606335,0.39998661285067866,0.16666666666666666,0.39998661285067866
0.1318181818181818,0.05,0.2954545454545454,0.030097764253393656,0.4646826847149321,0.16666666666666666,0.4646826847149321
0.3772727272727272,0.7863636363636363,0.3772727272727272,0.05899067614611614,0.5796110664770776,0.2117158528245954,0.5796110664770776
0.7863636363636363,0.6227272727272727,0.3772727272727272,0.04043924751131222,0.4972990950497737,0.16666666666666666,0.4972990950497737
0.6227272727272727,0.7045454545454545,0.2954545454545454,0.0325977628959276,0.5773453547420815,0.16666666666666666,0.5773453547420815
0.459090909090909,0.868181818181818,0.7045454545454545,0.03675468235294119,0.6257920463529412,0.16666666666666666,0.6257920463529412
0.5409090909090909,0.7045454545454545,0.5409090909090909,0.03266754615384614,0.6087963490769233,0.16666666666666666,0.6087963490769233
0.6227272727272727,0.459090909090909,0.3772727272727272,0.03390738416289593,0.5850644523167421,0.16666666666666666,0.5850644523167421
0.868181818181818,0.3772727272727272,0.3772727272727272,0.04434696425339366,0.4617886607149322,0.16666666666666666,0.4617886607149322
0.9497459059575174,0.9469731533665148,0.5498885350423647,0.06408571040723982,0.36259800579185514,0.16666666666666666,0.36259800579185514
0.1318181818181818,0.05,0.95,0.034075264253393654,0.46460313471493214,0.16666666666666666,0.46460313471493214
0.3772727272727272,0.6227272727272727,0.459090909090909,0.04163921085972851,0.6776986357828055,0.16666666666666666,0.6776986357828055
0.3772727272727272,0.6227272727272727,0.1318181818181818,0.029479835859728507,0.6779418232828054,0.16666666666666666,0.6779418232828054
0.5409090909090909,0.95,0.5409090909090909,0.04631761282764844,0.589404195243447,0.31120501039022813,0.589404195243447
0.05,0.459090909090909,0.21363636363636362,0.04206824604072399,0.42544111507918553,0.16666666666666666,0.42544111507918553
0.1318181818181818,0.95,0.7045454545454545,0.034075264253393654,0.5018052947149321,0.16666666666666666,0.5018052947149321
0.1318181818181818,0.21363636363636362,0.7045454545454545,0.042070117194570135,0.4713435976561086,0.16666666666666666,0.4713435976561086
0.7045454545454545,0.21363636363636362,0.7045454545454545,0.04447430316742082,0.5590833139366517,0.16666666666666666,0.5590833139366517
0.8657189465852623,0.1500777340755362,0.49336259386177317,0.05532248733031676,0.4780402302533937,0.16666666666666666,0.4780402302533937
0.868181818181818,0.6227272727272727,0.05,0.028096964253393662,0.4851025807149321,0.16666666666666666,0.4851025807149321
0.3772727272727272,0.95,0.1318181818181818,0.0246789141402715,0.6108006117171946,0.16666666666666666,0.6108006117171946
0.7045454545454545,0.3772727272727272,0.2954545454545454,0.03251415610859727,0.552811916877828,0.16666666666666666,0.552811916877828
0.05,0.21363636363636362,0.05,0.021912400452488687,0.4553436319909502,0.16666666666666666,0.4553436319909502
0.3772727272727272,0.6227272727272727,0.2954545454545454,0.03766171085972851,0.6777781857828055,0.16666666666666666,0.6777781857828055
0.7045454545454545,0.3772727272727272,0.459090909090909,0.03649165610859729,0.552732366877828,0.16666666666666666,0.552732366877828
0.7045454545454545,0.3772727272727272,0.21363636363636362,0.028423531108597282,0.5528937293778281,0.16666666666666666,0.5528937293778281
0.459090909090909,0.2954545454545454,0.5409090909090909,0.03374017058823529,0.6148733865882352,0.16666666666666666,0.6148733865882352
0.5409090909090909,0.05,0.95,0.04465372262443438,0.6215791855475115,0.16666666666666666,0.6215791855475115
0.5409090909090909,0.6227272727272727,0.5409090909090909,0.033823777375565627,0.6105285644524886,0.16666666666666666,0.6105285644524886
0.5409090909090909,0.5409090909090909,0.21363636363636362,0.029746975904977387,0.6126880104819005,0.16666666666666666,0.6126880104819005
0.3772727272727272,0.459090909090909,0.2954545454545454,0.04028517888344176,0.6730676964223311,0.24912049701709726,0.6730676964223311
0.868181818181818,0.7863636363636363,0.3772727272727272,0.05232961131221722,0.43378732777375567,0.16666666666666666,0.43378732777375567
0.21363636363636362,0.3772727272727272,0.868181818181818,0.0458663357019552,0.5946796732859609,0.3045954689510797,0.5946796732859609
0.21363636363636362,0.868181818181818,0.7863636363636363,0.03750834253393665,0.5454052331493212,0.16666666666666666,0.5454052331493212
0.2954545454545454,0.2954545454545454,0.5409090909090909,0.041555604072398195,0.634043057918552,0.16666666666666666,0.634043057918552
0.7045454545454545,0.5409090909090909,0.7863636363636363,0.03250033257918552,0.5460315933484163,0.16666666666666666,0.5460315933484163
0.8571095689154106,0.4765654762365851,0.6508019646689244,0.03898285837104072,0.4621659428325793,0.16666666666666666,0.4621659428325793
0.21363636363636362,0.7045454545454545,0.1318181818181818,0.03334382047511313,0.6080888835904978,0.16666666666666666,0.6080888835904978
0.6236869113483858,0.7034822003503953,0.9282668715162811,0.03656631402714933,0.5766207137194571,0.16666666666666666,0.5766207137194571
0.05,0.5409090909090909,0.21363636363636362,0.026069024138728237,0.4293613395172254,0.26550556790715046,0.4293613395172254
0.95,0.2954545454545454,0.459090909090909,0.05224600452488687,0.41206767990950227,0.16666666666666666,0.41206767990950227
0.2954545454545454,0.7045454545454545,0.7045454545454545,0.041555604072398195,0.6489763579185521,0.16666666666666666,0.6489763579185521
0.1318181818181818,0.7045454545454545,0.2954545454545454,0.042083940723981896,0.4917445211855204,0.16666666666666666,0.4917445211855204
0.2954545454545454,0.95,0.868181818181818,0.03293057239819005,0.5843759185520362,0.16666666666666666,0.5843759185520362
0.1643544613866963,0.5200189340493239,0.7429941977887496,0.05662449366515837,0.5049545501266969,0.16666666666666666,0.5049545501266969
0.5409090909090909,0.5409090909090909,0.05,0.02156510090497738,0.6528516479819004,0.16666666666666666,0.6528516479819004
0.95,0.7045454545454545,0.7863636363636363,0.05224600452488687,0.3811958799095023,0.16666666666666666,0.3811958799095023
0.05,0.7863636363636363,0.7045454545454545,0.03816240045248869,0.43931995199095025,0.16666666666666666,0.43931995199095025
0.21363636363636362,0.21363636363636362,0.05,0.025261871945701356,0.627699842561086,0.16666666666666666,0.627699842561086
0.868181818181818,0.1318181818181818,0.6227272727272727,0.0563331407239819,0.4771498971855204,0.16666666666666666,0.4771498971855204
0.1318181818181818,0.3772727272727272,0.7863636363636363,0.05005276425339367,0.4777843047149321,0.16666666666666666,0.4777843047149321
0.7045454545454545,0.05,0.7045454545454545,0.05246915610859729,0.5654340168778281,0.16666666666666666,0.5654340168778281
0.7863636363636363,0.2954545454545454,0.05,0.02818057104072399,0.5557555885791856,0.16666666666666666,0.5557555885791856
0.5409090909090909,0.7045454545454545,0.7045454545454545,0.03266754615384614,0.6087963490769233,0.16666666666666666,0.6087963490769233
0.868181818181818,0.1318181818181818,0.21363636363636362,0.027023123874847094,0.468461597522503,0.29193999724623954,0.468461597522503
0.3772727272727272,0.6227272727272727,0.05,0.025389210859728503,0.7180236357828055,0.16666666666666666,0.7180236357828055
0.7755811518137551,0.7234337213452925,0.21606891742073958,0.03689359751131221,0.4985101280497738,0.16666666666666666,0.4985101280497738
0.5409090909090909,0.459090909090909,0.95,0.03781510090497738,0.6140044379819004,0.16666666666666666,0.6140044379819004
