Temperature,Humidity,AirQuality,EnergyConsumption,Satisfaction,PMV,WindowOpen,OutdoorTemperature
0.3759523683369812,0.4980787843223273,0.3249580971869053,0.6752839216623139,0.9913947083116954,0.36079545454535206,0.0,0.4999999999999643
0.3793853079975626,0.500548713719564,0.32644703804099817,0.6467731926716238,0.9999999999999686,0.3664772727271686,0.0,0.5021816546423371
0.38209792604431264,0.49789050173696514,0.33193898762661395,0.6589346156431545,0.995379939097545,0.3664772727271686,0.0,0.5043632677491511
0.3833305577563113,0.495623503950498,0.340851237352128,0.6617642856824177,0.9923945743537915,0.3693181818180769,0.0,0.5065447977856359
0.9972366291251644,0.9991859546605507,0.9461504084406777,0.6324700928628312,0.004527254892769248,0.9971590909088075,0.0,0.5087262395740935
0.9949858111552004,0.9980229685652863,0.9482111787512028,0.6245978686308961,0.008094063769669053,0.9943181818178993,0.0,0.5109074425172441
0.062471014293344354,0.0021534156055528814,0.018038480729326553,0.13965993244925173,0.4698344313616681,0.05397727272725738,0.0,0.5130884741538998
0.08160651493174718,0.004352288884890787,0.025399627894995485,0.08819397600529208,0.4871092176095252,0.0681818181817988,0.0,0.5152692566048747
0.10572931752573625,0.005936781114061989,0.02317635532146756,0.023376573932610407,0.5176109283383656,0.0909090909090651,0.0,0.5174497483512136
0.1248341165682836,0.0076033132127586315,0.02782057291035618,0.09655480166949783,0.5275426219179669,0.10795454545451481,0.0,0.5196299078794971
0.06133457389538207,0.0012699878724197929,0.00836948970235746,0.10207077317009272,0.47368534303742643,0.05113636363634909,0.0,0.5218096936826306
0.08752818291409709,0.0036943876593673493,0.02217654856136396,0.1068960035853714,0.4919761060848166,0.07386363636361538,0.0,0.5239890642606345
0.11076763107585812,0.006194218897068092,0.024464879301766128,0.1303239655789879,0.5107455780671629,0.09374999999997338,0.0,0.5261679781214345
0.1348679792594117,0.008051468200692769,0.022698760952520585,0.05083461576605402,0.5425529645767776,0.11647727272723968,0.0,0.528346393781651
0.9921610476305875,0.993011786898621,0.9484588310953064,0.645251542884399,0.012980813351523008,0.991477272726991,0.0,0.5305242697673906
0.996448294700575,0.9961966058312502,0.9455077887710872,0.6222208416313203,0.010892497123471854,0.9943181818178993,0.0,0.5327015646150333
0.9451675596965396,0.9977592306313247,0.9438782742294622,0.5339887958361728,0.0689949109156639,0.9431818181815503,0.0,0.5348782368720244
0.9007228884389646,0.9941461101354196,0.9435262986861225,0.5916842958502251,0.1094036631807502,0.900568181817926,0.0,0.537054245097661
0.8544629757590116,0.9972593978122543,0.947699467257862,0.6325302775179686,0.14687377302456298,0.8551136363633933,0.0,0.539229547863884
0.8138344284387137,0.9979704358599779,0.9516655577910258,0.6427067001666,0.18335687398008116,0.8153409090906775,0.0,0.5414041037560634
0.7733124274322267,0.9945019032103802,0.9504121904405354,0.5898982770508625,0.23086752620213813,0.7755681818179615,0.0,0.5435779075964514
0.9884767500661651,0.9956767626462958,0.949542622094756,0.5855487045145618,0.018462873484563727,0.9886363636360828,0.0,0.5457508093316621
0.9374296833354582,0.9992657125842453,0.9541858337769168,0.6076320520016179,0.06265758110401523,0.9374999999997335,0.0,0.5479228762600727
0.8956154670456282,0.9962730897155818,0.9597414920910828,0.6041945181969443,0.10542102149782479,0.8948863636361095,0.0,0.550094030805999
0.8545704443958143,0.9958224512948374,0.9586484266483903,0.5925245542431331,0.14687609521121567,0.8551136363633933,0.0,0.5522642316337874
0.8196141956968666,0.9961579581956879,0.962368215829742,0.6153361976590006,0.17699649594829922,0.821022727272494,0.0,0.5544334374259425
0.9935754530649454,0.9984806172546985,0.9407145563048803,0.5782266298632199,0.017789976605452385,0.991477272726991,0.0,0.5566016430112055
0.947603705209726,0.9986380079815337,0.9353582852608654,0.5932022451140696,0.06389695968915737,0.9460227272724585,0.0,0.5587686987288789
0.9061901457635112,0.9958714170395746,0.9435435498984719,0.5901264949084072,0.102507086966472,0.9062499999997425,0.0,0.5609346717025337
0.05480354963165527,0.0003259410084818317,0.00826707406210212,0.0045884831813521425,0.4758474898944222,0.04545454545453258,0.0,0.5630994845678746
0.07912905099475184,0.009523026945070531,0.0011155917776363201,0.9999999999999281,0.42173753445969403,0.0681818181817988,0.9999999999989999,0.5652630961099853
0.9353872637079977,0.9765548653189041,0.9285299114153582,0.9999999999999281,0.06284482012465867,0.9318181818179171,0.9999999999989999,0.5674254651368209
0.05870365807854009,0.006268127045987185,0.012115181788545155,0.9999999999999281,0.39469673154488866,0.04829545454544087,0.9999999999989999,0.5695865864871549
0.07470025567186836,0.008500449408064702,0.011041767584756527,0.9999999999999281,0.41106700529695267,0.062499999999982236,0.9999999999989999,0.5717463109955487
0.09431513315799298,0.009269504462382746,0.014276376250859096,0.9999999999999281,0.4272847037550028,0.07954545454543195,0.9999999999989999,0.5739047055647641
0.10511166865404367,0.014255517543118526,0.0003646042777201317,0.9999999999999281,0.44844008772023075,0.0909090909090651,0.9999999999989999,0.5760616930949171
0.12494764871656344,0.015563824551170388,0.01432541699806774,0.9999999999999281,0.4605446877059851,0.10795454545451481,0.9999999999989999,0.5782172325200741
0.06122490493104904,0.009107087572467074,0.0025596851694300463,0.9999999999999281,0.4038190896611594,0.05113636363634909,0.9999999999989999,0.5803712828018716
0.0770962226268221,0.011667987117472673,0.007888383776056237,0.9999999999999281,0.41773971042763935,0.06534090909089052,0.9999999999989999,0.5825238029302974
0.10090809554734259,0.015526218361488717,0.013432018706394835,0.9999999999999281,0.44108560147049236,0.08806818181815682,0.9999999999989999,0.5846747519244709
0.9381278101995578,0.9782927845436362,0.9392843350860102,0.9999999999999281,0.05408688442511978,0.9346590909088254,0.9999999999989999,0.5868241246420435
0.8452696011705157,0.9585458648587922,0.9382354069494641,0.9999999999999281,0.16354615995434868,0.840909090908852,0.9999999999989999,0.5889717727368787
0.05483529833557844,0.0049140950273617095,0.003392524636103233,0.9999999999999281,0.39448693232533033,0.04545454545453258,0.9999999999989999,0.5911177984981887
0.08305575490431252,0.00989819628567351,0.008068527623603196,0.9999999999999281,0.42192126495008936,0.07102272727270709,0.9999999999989999,0.593262053727229
0.10575647479895048,0.012097444545556365,0.005075673321260117,0.9999999999999281,0.44473707091141956,0.0909090909090651,0.9999999999989999,0.5954044976882298
0.12618744623816108,0.012643350390275686,0.0015169970667514576,0.9999999999999281,0.4636534820816755,0.10795454545451481,0.9999999999989999,0.5975451610080216
0.1352285811626387,0.014311589361641917,0.009628359996410471,0.9999999999999281,0.4700301156886297,0.11647727272723968,0.9999999999989999,0.5996839672085557
0.14863390855383304,0.01702936899734479,0.009055192833247775,0.9999999999999281,0.48374343678785797,0.12784090909087276,0.9999999999989999,0.6018208755700458
0.15920142917072444,0.01870380363771352,0.004531768563523201,0.9999999999999281,0.49830259079178557,0.1392045454545059,0.9999999999989999,0.6039558454088362
0.9389449691097265,0.9770889155269644,0.9430333296555683,0.9999999999999281,0.050623720173904145,0.9374999999997335,0.9999999999989999,0.6060888716113054
0.8510251353938681,0.960238446682961,0.9333746726182642,0.9999999999999281,0.1557743429933125,0.8494318181815769,0.9999999999989999,0.6082198069690079
0.7660725890279377,0.9456748334885117,0.9345329653757953,0.9999999999999281,0.25170587040751774,0.7642045454543284,0.9999999999989999,0.610348717510707
0.7039670984042378,0.9279436575941,0.9243465519315291,0.9999999999999281,0.33231056398915726,0.7017045454543461,0.9999999999989999,0.6124755271718889
0.6433997792453139,0.9091559072716704,0.9211149352659171,0.9999999999999281,0.407978520287992,0.6420454545452722,0.9999999999989999,0.6146001954611633
0.5866184974506096,0.8955371228035289,0.9075521238360515,0.9999999999999281,0.47826690716899717,0.5880681818180148,0.9999999999989999,0.6167226819279086
0.5386066232241099,0.8830822148034271,0.8995051346123887,0.9999999999999281,0.5396396606124834,0.539772727272574,0.9999999999989999,0.6188429461630427
0.05971345815009577,0.007332263148508304,0.009208055058912383,0.9999999999999281,0.3995995521825167,0.05113636363634909,0.9999999999989999,0.6209609477997896
0.9445136031213017,0.9824344309511586,0.9312610567757384,0.9999999999999281,0.04571431488834683,0.9431818181815503,0.9999999999989999,0.623076646514452
0.05656632325376453,0.007001562954684083,0.0019450750564034072,0.9999999999999281,0.3995822697386795,0.04829545454544087,0.9999999999989999,0.625190002027176
0.07992272059359572,0.008499460093436906,0.0012017703638604815,0.9999999999999281,0.4208905109973119,0.0681818181817988,0.9999999999989999,0.6273009741027191
0.10920211399070734,0.010087175050811595,0.008163573430944319,0.11885335098848306,0.5217314691630546,0.09374999999997338,0.0,0.6294095225512157
0.13440354719899372,0.0067475535101481935,0.008614787118872527,0.11951474421922147,0.5414751403074064,0.11647727272723968,0.0,0.6315156072289423
0.14871702047293106,0.007100483651242754,0.010292549200822515,0.10109492980460373,0.5539739826227265,0.12784090909087276,0.0,0.6336191880390831
0.17192957539879722,0.009255398347532336,0.019273290258807762,0.09481364759076487,0.5722359206803699,0.14772727272723077,0.0,0.6357202249324916
0.18950901841353426,0.010868260052038331,0.024390750951344114,0.08569460868957736,0.5891223905448503,0.16477272727268047,0.0,0.6378186779084539
0.20260392779620218,0.009995486753986845,0.029931310586389957,0.10039619495217514,0.596118850738499,0.17613636363631363,0.0,0.6399145070154503
0.9911601054646284,0.9982173647419011,0.9479966840458263,0.6478759326507646,0.008824688943388203,0.991477272726991,0.0,0.6420076723519155
0.9368258476464635,0.9959657402170986,0.9473639728263266,0.5616663428149591,0.07500801828808758,0.9346590909088254,0.0,0.6440981340669986
0.06106711220092238,0.005749276021509476,0.013865668406035325,0.1370612633962493,0.4718458175759665,0.05113636363634909,0.0,0.646185887133544
0.0829329582798252,0.003658970384471334,0.022672332930980307,0.14186829840691867,0.48584994861033015,0.07102272727270709,0.0,0.6482707874877395
0.10775057620457466,0.006373100534259545,0.017356206037266484,0.1323095581256256,0.5137224915256693,0.09374999999997338,0.0,0.6503529344302164
0.9988395446351349,0.9996281713082713,0.94239111156075,0.6703162185746937,0.0024583210878948046,0.9971590909088075,0.0,0.6524321841440469
0.057048838884962906,0.0045787805249581995,0.019727992848745025,0.12733502244313197,0.4664585558297486,0.04829545454544087,0.0,0.654508497187427
0.08538494973526543,0.0027036341228327434,0.01885245031740808,0.08747118202840569,0.4942974126614938,0.07386363636361538,0.0,0.6565819032418277
0.11450640039013336,0.0031743313772838937,0.020789911748993,0.04665902189522538,0.5228861728070199,0.09943181818178996,0.0,0.658652328202499
0.13514067492832937,0.007174429542439255,0.02752347271500393,0.09715413940721065,0.5357652443333318,0.11647727272723968,0.0,0.6607197326515336
0.15709988704311081,0.010355911636316674,0.024943233528098012,0.13847450292563784,0.5555704028676264,0.1363636363635976,0.0,0.6627840772285309
0.063744450476682,0.003687576346949771,0.012166406032737158,0.04587581458134654,0.48173701584464457,0.05397727272725738,0.0,0.6648453569593915
0.08559519372856922,0.0,0.018572914610061983,0.03628465755407674,0.4967514603324794,0.07386363636361538,0.0,0.6669034296168378
0.9975482538305009,0.9966648661258499,0.9394445266106413,0.6745995437727982,0.0056775153426406955,0.9971590909088075,0.0,0.6689583590016156
0.9485424851426566,0.9975893455153964,0.9436966743588214,0.5357735847031104,0.06339093800071736,0.9488636363633667,0.0,0.6710100716627865
0.9078779853840675,0.9972555953433814,0.9486207938019146,0.5825908405784039,0.09992096913472824,0.9062499999997425,0.0,0.6730585285386984
0.861405779481251,0.9972760283490133,0.9544738185868266,0.6710786551729618,0.1349625426826871,0.86079545454521,0.0,0.6751036906296854
0.05698301675527005,0.0018389485081859252,0.021929498672144714,0.03625657029943644,0.4713226633195135,0.04829545454544087,0.0,0.6771455189988097
0.084482506274619,0.0017898627942883945,0.030245817854685504,0.039890419262311634,0.49008299634251,0.07102272727270709,0.0,0.6791839747726017
0.11062466125512686,0.005247175738087513,0.027572820967393875,0.028479186564815424,0.5175873016754762,0.09374999999997338,0.0,0.6812190191418023
0.13534435478434664,0.006575672390956132,0.035372070306788496,0.08333806315440581,0.5331773227477123,0.11647727272723968,0.0,0.6832506133620998
0.1534793565406046,0.009189452724812822,0.03831391616307026,0.04751291963606821,0.5541129589797676,0.13352272727268932,0.0,0.6852787187548692
0.16942949335681,0.005668285842484676,0.03717538614657932,0.09556335100900569,0.5617522833797891,0.14772727272723077,0.0,0.6873032967079069
0.18000250858526065,0.0075144559697178405,0.04364327621734688,0.05275495122227867,0.5727094120117955,0.15624999999995562,0.0,0.6893243086761672
0.994601884285508,0.9992238502015428,0.9390930164804702,0.6134065546791329,0.011981360495265705,0.9943181818178993,0.0,0.6913417161824955
0.9444434207181275,0.9938737307236857,0.945161042733066,0.5346109389827952,0.07147440224173485,0.9431818181815503,0.0,0.6933554808183607
0.9014842141005694,0.9923113427601241,0.9485726688893888,0.6332406419822821,0.10508613669020567,0.900568181817926,0.0,0.6953655642445873
0.8614185251024585,0.9917976107401292,0.9558759938427791,0.6211158411895827,0.14307697860909122,0.86079545454521,0.0,0.6973719281920838
0.8175863311485501,0.9947008798604564,0.9589901866804349,0.6164227348016547,0.18231477523238193,0.8181818181815856,0.0,0.6993745344625731
0.7764636532483543,0.9946229071889577,0.9636135872868015,0.5959344278002164,0.2218263476086728,0.7784090909088698,0.0,0.7013733449293185
0.7472673861586023,0.9943292451732754,0.9700724713588638,0.5751996962278756,0.24943481250771632,0.749999999999787,0.0,0.7033683215378497
0.7183571207397359,0.9917179282209136,0.9673020985870548,0.6228389285363576,0.2768052175983832,0.7215909090907041,0.0,0.7053594263066882
0.06610578814254159,0.0007425690064177087,0.007909048366250582,0.021515608192993495,0.4861670822974076,0.05681818181816566,0.0,0.7073466213280689
0.990928478263597,0.9930279117193229,0.9416467577862215,0.6626443379613398,0.01715990869302806,0.9886363636360828,0.0,0.7093298687686632
0.059179964568485316,0.006274022501153782,0.019535173199535346,0.0415062512623264,0.47821869181585674,0.05113636363634909,0.0,0.7113091308702989
0.08092403924973122,0.009557864207603755,0.019371464362160855,0.034794404727348474,0.49845323679037745,0.0681818181817988,0.0,0.7132843699506782
0.09856493177323286,0.006201467365925168,0.02715634200052197,0.04501347649392617,0.508584301058999,0.08522727272724852,0.0,0.7152555484040962
0.11424623812501009,0.0066530994033945695,0.030775447598922926,0.08805162773078623,0.5177942042425389,0.09943181818178996,0.0,0.7172226287021574
0.14091236296717327,0.0058820987370322925,0.037332462513984775,0.14291690081875463,0.5322469129206016,0.12215909090905619,0.0,0.7191855733944874
0.1581981398818364,0.004919761843777769,0.04576133725802775,0.08157589359218428,0.5474301020729607,0.1363636363635976,0.0,0.7211443451094492
0.1761696889448083,0.0023219063073213787,0.04913178646328763,0.09039936177050624,0.5601524132830604,0.15340909090904734,0.0,0.7230989065548526
0.19627455077810085,0.001966763685022039,0.04687170479789243,0.1199950548190042,0.5752172447393568,0.17045454545449704,0.0,0.7250492529882957
0.20513324728009025,0.00604413212635621,0.05482490084462413,0.0855434797033973,0.5865816577445147,0.17897727272722191,0.0,0.7269952498697214
0.06498591478145743,0.0012146207200725016,0.02052180485179438,0.12105996144340926,0.4696666120312631,0.05397727272725738,0.0,0.7289369575584264
0.09498539118408468,0.0010743189605592338,0.028351154179241313,0.03659244477681775,0.5019253139718989,0.08238636363634023,0.0,0.7308743388700881
0.9929585558027624,0.995218507197529,0.9478967869091952,0.5465557921062444,0.020103019320623174,0.991477272726991,0.0,0.7328072601625033
0.9462114805490072,0.9922128802658441,0.948795464855233,0.6020323411806822,0.06252504086748835,0.9460227272724585,0.0,0.7347357813928929
0.893914277929711,0.9900172977669218,0.9467744848415467,0.6327004410572005,0.11620003503778067,0.8920454545452011,0.0,0.7366598335923692
0.8519931397702118,0.9932303348617303,0.9472936721236194,0.6659228246811978,0.15014526412322599,0.8522727272724852,0.0,0.7385793801297516
0.815539273234323,0.9939808335814027,0.9465286343220601,0.5726017111843241,0.19482177404738177,0.8153409090906775,0.0,0.7404943844596409
0.7856910677010116,0.995882220681891,0.9439829058901461,0.6403441713210924,0.2167653580298743,0.7869318181815946,0.0,0.7424048101231155
0.9964959496731459,0.9975286743859286,0.9373645283395396,0.6670294299658351,0.009365595680902531,0.9943181818178993,0.0,0.7443106207484245
0.9405753644875836,0.9976000134841858,0.9334205587935633,0.6134104756870016,0.06943101440457494,0.9403409090906419,0.0,0.7462117800516802
0.8916214711169342,0.9932572607978533,0.9375075430687076,0.6580130096131078,0.11534301842701868,0.8920454545452011,0.0,0.7481082518375508
0.8523726353654648,0.9906350404697375,0.9328989834676766,0.6417137291457512,0.16041062333784528,0.8522727272724852,0.0,0.7499999999999464
0.8114049724260681,0.9923659238066973,0.9330417063373776,0.6376773884285827,0.1989474829983559,0.8124999999997693,0.0,0.7518869885227099
0.7813491672007069,0.9917704818661293,0.9273271671278579,0.6498125790915756,0.22907286512403202,0.7840909090906862,0.0,0.7537691814802983
0.9936659672817815,0.9986247355784962,0.9493298347006176,0.6345670982214429,0.009101779990428579,0.991477272726991,0.0,0.7556465430384725
0.9383622407182147,0.9971518129312559,0.9494831304473562,0.5462539319276033,0.07169010987314296,0.9374999999997335,0.0,0.757519037454973
0.8967309817268782,0.9977932175320811,0.9492390746954511,0.6190783502941923,0.10453130356266493,0.8977272727270177,0.0,0.7593866290802066
0.8572477327044945,0.9925730958533053,0.9571607223000144,0.6618188631645575,0.1411889072726327,0.8579545454543017,0.0,0.7612493133607906
0.817494782601556,0.9907490029082259,0.9624739615086618,0.6015706341572892,0.18526855352837454,0.8181818181815856,0.0,0.7631069618258804
0.06634594719436954,0.005515316031282865,0.01727107677169913,0.07103564746781589,0.48165289716936066,0.05681818181816566,0.0,0.7649596321165477
0.08657324813948847,0.0030982223370601414,0.012064807218336254,0.0822600822347593,0.49793866830560396,0.07386363636361538,0.0,0.766807257957751
0.11336942568111776,0.0059650810885025175,0.01580750292057658,0.06731288943534114,0.5225690558274604,0.09659090909088167,0.0,0.768649804173357
0.13433863797750342,0.006166444949746258,0.023718413308585342,0.1166246329193952,0.534874761655456,0.11647727272723968,0.0,0.7704872662649827
0.9929056508365173,0.9974771325630103,0.9397415860617512,0.6465876492867535,0.013017706764749138,0.991477272726991,0.0,0.7723195175074583
0.941202584012768,0.9941652767575186,0.935758679136134,0.6338578028669483,0.06937297134344515,0.9403409090906419,0.0,0.7741466147599019
0.8906234089416498,0.9949155929604832,0.9401151499396737,0.6565910712369037,0.11588007677134639,0.8892045454542927,0.0,0.7759684926559735
0.8475362918787214,0.9927678984161303,0.9429863948199603,0.6056164720379135,0.1632681907437813,0.8465909090906686,0.0,0.777785146742833
0.8112976960205601,0.9892364557948776,0.9414868502877999,0.550992279629868,0.20543239114506895,0.8124999999997693,0.0,0.7795964517353178
0.7699741686973538,0.9894525317533879,0.9413383683611232,0.5968224051959816,0.2409308199742298,0.7727272727270532,0.0,0.7814024638474785
0.7321739112137381,0.985813820207965,0.9439428486077392,0.6465344753163781,0.2751473906461141,0.7357954545452454,0.0,0.7832031184623606
0.6999586212214358,0.9830422516393006,0.9491839862464556,0.593372964673887,0.3137287794009627,0.7017045454543461,0.0,0.7849983812980954
0.6752098918264384,0.9863403994184372,0.9533156672002208,0.6656716163748724,0.3256821656746473,0.6789772727270799,0.0,0.7867882181754667
0.6542333524836927,0.9889106301810494,0.9551903309402917,0.6488461894950813,0.3441323283169763,0.6590909090907219,0.0,0.7885725950185601
0.6329763378505707,0.9867540007581483,0.9552926634918364,0.5393807238501993,0.3751779490755734,0.6392045454543639,0.0,0.7903514778554132
0.6156538181716347,0.9863321036352213,0.9547528492028878,0.533693651501753,0.39321573620578154,0.6221590909089141,0.0,0.7921248328186606
0.6009266294357882,0.9829339312693033,0.9544389578849185,0.6591552055133505,0.39921507302204196,0.6079545454543728,0.0,0.79389262614618
0.061533700094716294,0.001507789052334319,0.012253827187265117,0.0494359924789193,0.476832869375394,0.05113636363634909,0.0,0.7956548241817339
0.08188843574732001,0.005832291322460414,0.01149062248378798,0.14201551896564613,0.49229101874634673,0.07102272727270709,0.0,0.7974114226046732
0.10637580169099883,0.004744133498823636,0.01641285792422849,0.10308274837044114,0.5125583266927599,0.0909090909090651,0.0,0.7991623002852722
0.056780044516846914,8.067157417896761e-05,0.022560370469187522,0.13466500462082595,0.46105663442390843,0.04829545454544087,0.0,0.800907511575967
0.07984264045311726,0.0033241572770590375,0.018353022651203022,0.044258553936245504,0.4931202238705203,0.0681818181817988,0.0,0.8026469940213897
0.12572203254535938,0.003099779676874003,0.0059986221469317,0.9999999999999281,0.4541991247977299,0.10795454545451481,0.9999999999989999,0.8043807145043028
0.16046995524130558,0.009699814184960938,0.011356033832402272,0.9999999999999281,0.4882839405924556,0.1392045454545059,0.9999999999989999,0.8061086687674506
0.9658354918015435,0.9775848933227107,0.9322563524071474,0.9999999999999281,0.029325845021572657,0.9630681818179082,0.9999999999989999,0.8078307376627714
0.8897879724749417,0.9614055384277316,0.9303490596494074,0.9999999999999281,0.11934552438442869,0.8863636363633846,0.9999999999989999,0.8095469746548595
0.8290218313316268,0.9462835641420964,0.9192040241780824,0.9999999999999281,0.19828979252191495,0.8238636363634024,0.9999999999989999,0.8112573183187518
0.776554232358391,0.9298159373933886,0.9162058766517499,0.9999999999999281,0.2635327475474053,0.7727272727270532,0.9999999999989999,0.8129617360919715
0.7235390281186553,0.9110196932133838,0.9031540133532262,0.9999999999999281,0.3377048113352718,0.7187499999997958,0.9999999999989999,0.8146601955248605
0.6860338442460383,0.8970457744726029,0.8983544275040994,0.9999999999999281,0.38758735586162857,0.681818181817988,0.9999999999989999,0.8163526642811997
0.6472245444367901,0.8789516910613546,0.8994875607364546,0.9999999999999281,0.43822142738362724,0.6448863636361805,0.9999999999989999,0.8180391101388236
0.6106121035568511,0.8641547447812639,0.8959996490862376,0.9999999999999281,0.48820051671283476,0.6079545454543728,0.9999999999989999,0.8197195009902339
0.5806474563402312,0.8504992918351745,0.8894125638793846,0.9999999999999281,0.530098564377494,0.5795454545452899,0.9999999999989999,0.8213938326973721
0.5583739901797727,0.8365114188600982,0.8841575884061335,0.9999999999999281,0.566036728794938,0.5568181818180236,0.9999999999989999,0.8230619898214233
0.5409793287509171,0.8236388518993146,0.8794783943860665,0.9999999999999281,0.5951887128557373,0.539772727272574,0.9999999999989999,0.8247240241650329
0.5172452760262799,0.8075657296710684,0.868497850335579,0.9999999999999281,0.6380312743822943,0.5142045454543994,0.9999999999989999,0.826379876231302
0.08445614890530355,0.003499311770021688,0.0004500117280512534,0.9999999999999281,0.42007880995693925,0.07102272727270709,0.9999999999989999,0.8280295144951944
0.13158437980903043,0.008033654349339841,0.0005601936908727663,0.9999999999999281,0.4660674010719837,0.1136363636363314,0.9999999999989999,0.829672907549975
0.16801640219972466,0.013274844048887196,0.011590387901175305,0.9999999999999281,0.4966750278138699,0.14488636363632248,0.9999999999989999,0.8313100241078095
0.9676482993414208,0.9780391693431618,0.9288558855451079,0.9999999999999281,0.027575803380180883,0.9659090909088166,0.9999999999989999,0.8329408330003577
0.08074974109753692,0.004382882785180386,0.002043970353888766,0.9999999999999281,0.41727417754235513,0.0681818181817988,0.9999999999989999,0.8345653031793697
0.12910520618377153,0.00929407625217471,0.005937509382456302,0.9999999999999281,0.4619597941235256,0.1107954545454231,0.9999999999989999,0.8361834037172743
0.16790721159048233,0.010512697665764145,0.0020258011933637935,0.9999999999999281,0.4985361691073691,0.14488636363632248,0.9999999999989999,0.8377951038077704
0.08771042674675504,0.005204499713961452,0.01371911702594722,0.9999999999999281,0.41864229058135183,0.07386363636361538,0.9999999999989999,0.8394003727664109
0.12642990978212712,0.00931800006015007,0.004858644834707274,0.9999999999999281,0.45960575737278514,0.10795454545451481,0.9999999999989999,0.8409991800311893
0.1620098140501375,0.008900351555514576,0.014836215502690424,0.9999999999999281,0.4861777883671203,0.1392045454545059,0.9999999999989999,0.8425914951631192
0.1997664461700241,0.0077199085308201,0.003504458097355687,0.9999999999999281,0.5239950964539459,0.17329545454540535,0.9999999999989999,0.8441772878468167
0.9612031186905169,0.9825068918774775,0.9321875164054799,0.9999999999999281,0.028286966130608448,0.9602272727269999,0.9999999999989999,0.8457565278910746
0.8912719573271598,0.9666372174787116,0.9287881958002613,0.9999999999999281,0.11303367712419642,0.8892045454542927,0.9999999999989999,0.8473292113853702
0.8304463271289827,0.9512132840336319,0.919682675144228,0.9999999999999281,0.19135378828026164,0.8267045454543106,0.9999999999989999,0.8488952299207795
0.7826438298037985,0.9373179321340058,0.9128723297783103,0.9999999999999281,0.2533437671138369,0.7784090909088698,0.9999999999989999,0.8504546321498647
0.9713002904205641,0.977232159209327,0.9316361780088103,0.9999999999999281,0.02420839932841565,0.9687499999997248,0.9999999999989999,0.8520073622279231
0.9279623523391779,0.974526398687164,0.932274721101637,0.5359868512219623,0.1091071785550739,0.9261363636361004,0.0,0.8535533905932126
0.996302793318608,0.9982868526385839,0.9407248448622448,0.5625059251656753,0.01648433179579202,0.9943181818178993,0.0,0.8550926878115819
0.9484149351250247,0.9982002525769803,0.9457605856348102,0.5839123855275805,0.05782342715710144,0.9488636363633667,0.0,0.8566252245770295
0.8989445515780247,0.9967599868756108,0.9436961019542791,0.6116117040943466,0.10834871988427407,0.8977272727270177,0.0,0.8581509717122663
0.8573125088975229,0.9956743705818406,0.9458279222264426,0.5961196249980287,0.14927588826459054,0.8579545454543017,0.0,0.859669900169264
0.8140706310587084,0.9957129427006756,0.9499163186824031,0.663991171048084,0.1840234482737635,0.8153409090906775,0.0,0.8611819810298162
0.7784274724091568,0.9928314308571892,0.950389885589725,0.5993825078051573,0.22571103801726936,0.7812499999997781,0.0,0.8626871855060819
0.7495053387552424,0.9940144746691616,0.9534503293571855,0.5969152054020747,0.2519909541483653,0.7528409090906951,0.0,0.8641854849411384
0.7182931683728327,0.9930889731997778,0.9586346324324108,0.611299499722213,0.28039744229724106,0.7215909090907041,0.0,0.8656768508095233
0.6864193376592769,0.9894576248926147,0.9568520777833568,0.6041702186955684,0.3157770805970294,0.690340909090713,0.0,0.8671612547177807
0.06694913983516439,0.0015372013561558886,0.021200627016923507,0.008400199209902849,0.4823174119643993,0.05681818181816566,0.0,0.8686386684049999
0.08655993681702653,0.006767484823029527,0.026780148411138214,0.1251189969096937,0.490867304501827,0.07386363636361538,0.0,0.8701090637433538
0.11098482597001516,0.006219305498734156,0.021334820066201222,0.026406906216723113,0.524008374812694,0.09659090909088167,0.0,0.8715724370689092
0.1277935370454733,0.007041809813426727,0.023062988415683425,0.09451186910791351,0.5321200468392407,0.1107954545454231,0.0,0.8730286875307873
0.14900470940046603,0.009979669919884577,0.031753104192801175,0.06925427025232696,0.5499550026564227,0.12784090909087276,0.0,0.8744778603944384
0.17064577284638693,0.010055265850822837,0.02709738151961737,0.09481443453222167,0.5695575196411375,0.14772727272723077,0.0,0.8759199037394262
0.19149985457454316,0.011769305557329234,0.024571934798673978,0.0315649794338926,0.5973229522964155,0.16761363636358875,0.0,0.8773547901113233
0.2045387311105195,0.01124447485723402,0.02481189540055139,0.08943003651382875,0.6030635398035971,0.17897727272722191,0.0,0.878782492191962
0.21949876295073492,0.0106298946436264,0.030509954060677986,0.12435674734840081,0.6084289364023819,0.19034090909085505,0.0,0.8802030064145491
0.2350319776577872,0.013981177986562019,0.03561699171931108,0.10437378600556026,0.6248169509776875,0.2045454545453964,0.0,0.8816162348912013
0.24109126127428998,0.011406914887132113,0.04147374965939955,0.1335225313938862,0.6234093903588138,0.210227272727213,0.0,0.8830222215594261
0.06492499693360694,0.0033639494537973146,0.007872671318550404,0.053583801708025756,0.4826240388726951,0.05397727272725738,0.0,0.8844209160366666
0.987362335683747,0.997051975650905,0.9422888584885758,0.5818050143197883,0.02360124805092069,0.9857954545451744,0.0,0.8858122916937967
0.9351018707671063,0.9989847017753424,0.949441187937599,0.6325337701693088,0.06554016657161116,0.9346590909088254,0.0,0.8871963220410295
0.8853384351300315,0.9944790408386742,0.9544515303682551,0.6229522462194619,0.11592919336563713,0.8863636363633846,0.0,0.8885729807284221
0.05800077962502482,0.0010575184601585047,0.015854710448751558,0.022144119319239174,0.47450941393112184,0.04829545454544087,0.0,0.8899422415463772
0.991828151178098,0.9948852491619409,0.9375341486050088,0.5877683858490655,0.021148768494789298,0.991477272726991,0.0,0.8913040784261432
0.9397227530689198,0.9916790553292213,0.9352068990221358,0.5406963202842773,0.08255271733238373,0.9374999999997335,0.0,0.8926584654403085
0.061321040905651256,0.005333443270845848,0.011625147768927944,0.09980876362853029,0.47572292501180685,0.05113636363634909,0.0,0.8940053768032972
0.9957006793251014,0.9945621275142178,0.9437985146174003,0.6301380974846056,0.012217875191994474,0.9943181818178993,0.0,0.8953447868718578
0.9404055050021156,0.9927648262248885,0.9465155538731209,0.620944939304495,0.06705819880635662,0.9403409090906419,0.0,0.8966766701455535
0.889016991371574,0.9954119143232871,0.9495325379698187,0.6511197248604088,0.11197942736938807,0.8892045454542927,0.0,0.8980010012672466
0.8536764434549371,0.9923834595071972,0.9556188152243413,0.6642484774712102,0.14743851020512214,0.8522727272724852,0.0,0.899317755023582
0.8157961052907869,0.9934351472897274,0.9631250813983212,0.6135582336590126,0.18464705690566713,0.8153409090906775,0.0,0.9006269063454659
0.7745911084576248,0.9905720023136783,0.9605689968008069,0.5614451957195317,0.23216890134149287,0.7755681818179615,0.0,0.9019284303085442
0.7442241974571495,0.9888162817219299,0.9590924538561592,0.5350651653964557,0.26478773614789985,0.7471590909088786,0.0,0.9032223021336765
0.7080965155435139,0.9910840830660114,0.9591386488821906,0.5953508024741585,0.29165550452232875,0.7130681818179792,0.0,0.9045084971874089
0.6867203096709165,0.9898856695943553,0.968115857261837,0.6204739661732196,0.3092445536624071,0.690340909090713,0.0,0.9057869909824413
0.6657237838543945,0.9881892963435209,0.9622096144632694,0.5576067904263203,0.33839356613467697,0.670454545454355,0.0,0.9070577591780945
0.6387739178459657,0.9913543235678431,0.9650782739370382,0.6735085573505863,0.35000315024468726,0.6448863636361805,0.0,0.9083207775807745
0.6175466567833712,0.9919524183888592,0.9623001968764004,0.551809483591954,0.3811564832369059,0.6249999999998225,0.0,0.9095760221444308
0.5978100577953855,0.9938264959279538,0.96976510132842,0.6283997627524319,0.389621725261069,0.6051136363634644,0.0,0.9108234689710167
0.06125811063005727,0.00015313511475037792,0.01554449901741648,0.12090032798073937,0.4681171270410959,0.05113636363634909,0.0,0.9120630943109427
0.08113690875711159,0.005443954360560977,0.013551013868583088,0.10506195594267809,0.4915136538338624,0.0681818181817988,0.0,0.9132948745635291
0.10807929553962659,0.0036446789235938006,0.021440170968044892,0.12802853210007978,0.5102076733552805,0.09374999999997338,0.0,0.9145187862774555
0.1279370786326227,0.006290497458562791,0.021848284226396907,0.052665004040884415,0.5356991077700842,0.1107954545454231,0.0,0.9157348061512071
0.15235157614681033,0.006672022458208284,0.016535761792834166,0.09663071817914069,0.5542121711683471,0.13068181818178104,0.0,0.9169429311025127
0.17382136367655224,0.007155842251525376,0.022377006575697227,0.13372993999387375,0.568685672829781,0.15056818181813905,0.0,0.9181430779238142
0.192265449199773,0.004859595263062539,0.027832882466231345,0.052728004603756776,0.5886201035668294,0.16761363636358875,0.0,0.9193353037762794
0.2043827993015918,0.004759751688983953,0.03097663610010997,0.024277891544794494,0.5981874824984997,0.17613636363631363,0.0,0.9205195064821301
0.22309790479517141,0.007015327722824237,0.038292368507283035,0.09339174330279575,0.6078103116634923,0.19318181818176328,0.0,0.9216957229063769
0.23729122536704145,0.006272573536329177,0.03210865116535044,0.13267987912497062,0.6205516500824689,0.20738636363630472,0.0,0.9228639108519208
0.24796684559601878,0.005529931000846548,0.02829377430034628,0.058527136812401584,0.6365524937834777,0.21590909090902957,0.0,0.924024048078147
0.25639038631697036,0.004612411545623042,0.026968014326288186,0.09656731464539368,0.6387194247425475,0.22159090909084614,0.0,0.9251761124977154
0.9958220175924892,0.9953452887477734,0.9373756906796418,0.5479066838337651,0.02150814591154612,0.9943181818178993,0.0,0.9263200821769799
0.9484148191117484,0.9955625721983309,0.936614622793912,0.5661781493416161,0.06533442094338335,0.9488636363633667,0.0,0.9274559353364068
0.8983575062592066,0.9990182824121018,0.935843934952926,0.5758620039350535,0.11301064199831065,0.8977272727270177,0.0,0.9285836503509897
0.0593980162798686,0.0032092792441078257,0.022514197008150178,0.08379907697766414,0.47083196348580214,0.05113636363634909,0.0,0.92970320575066
0.07875075432409141,0.003767788397889136,0.01831075385620856,0.1311669290672935,0.4858885508109536,0.0681818181817988,0.0,0.9308145802206964
0.997189424545583,0.9927779387763463,0.9366626352336129,0.6704006862168324,0.010300239048929407,0.9971590909088075,0.0,0.9319177526021312
0.9491234719162872,0.9903913429557559,0.9327700641859343,0.5848295443724781,0.06942551543650359,0.9488636363633667,0.0,0.9330127018921526
0.906662924231322,0.9887686287917096,0.9322835923826467,0.5744974212010268,0.1142646134892862,0.9062499999997425,0.0,0.9340994072445044
0.8605559690659598,0.9923106411839817,0.93943013641322,0.6131796538457461,0.1503259085272581,0.86079545454521,0.0,0.9351778479698829
0.8243210593957214,0.9914597088941547,0.9350744155946825,0.6513824423145756,0.18628753698167066,0.8238636363634024,0.0,0.9362480035363321
0.06643497623270268,0.005707697853225735,0.01963335304795041,0.04203387530261274,0.4833418001321529,0.05681818181816566,0.0,0.9373098535696308
0.08846561540331274,0.007269772266865657,0.01746369109768566,0.009751629430845968,0.5081279563927081,0.07670454545452367,0.0,0.9383633778536868
0.10494022935261832,0.007142957463220762,0.025679853915345826,0.06121416121328546,0.5141971988606563,0.0909090909090651,0.0,0.9394085563309155
0.12244246459005333,0.009119575410200116,0.02540431296412776,0.09922729764902044,0.5267026966599829,0.10511363636360653,0.0,0.940445386313013
0.1381267464904499,0.007831830868512515,0.031004658766313854,0.08374003742369156,0.5388151474396624,0.11931818181814796,0.0,0.9414737964293963
0.15084344663538546,0.005789824292659624,0.025172843245623827,0.037079136135571865,0.5550660072804572,0.13068181818178104,0.0,0.9424938187314535
0.16341233773492134,0.005717976268944387,0.028238575922190815,0.12610147046810824,0.5572442625602693,0.14204545454541417,0.0,0.9435054165890433
0.18303769535257466,0.0047643935210862605,0.03006269883017471,0.11699820822769644,0.5734910104163191,0.1590909090908639,0.0,0.9445085707428009
0.19289364912747958,0.007351623157052163,0.02999084702836923,0.019071237353767777,0.5926236580028382,0.16761363636358875,0.0,0.9455032620941164
0.2039047466776056,0.006447436005623091,0.031013322475372928,0.11661806220835962,0.591432479470725,0.17613636363631363,0.0,0.9464894717055009
0.9889967448560505,0.999721512743347,0.9398709135613907,0.6348789891597938,0.015039334664384781,0.9886363636360828,0.0,0.9474671808009447
0.9425040344797594,0.9940557087872821,0.9480875575112615,0.6210936436949108,0.0653575756914797,0.9403409090906419,0.0,0.9484363707662765
0.8995154723965765,0.9908934972056721,0.9564438316484162,0.6007685188750308,0.10854684471879075,0.8977272727270177,0.0,0.9493970231495157
0.8557632902838321,0.9943837350003095,0.9523772425685092,0.5513346969913946,0.15427222069875016,0.8551136363633933,0.0,0.950349119661226
0.8116145393452038,0.9930455674072468,0.9502545390274072,0.6285466197621351,0.1919221017041344,0.8124999999997693,0.0,0.9512926421748624
0.05553316745888078,0.005856180782501012,0.01631834814793268,0.03328420971956361,0.4771388578352011,0.04829545454544087,0.0,0.9522275727271161
0.08353987165832791,0.003261470397720161,0.022584816436908975,0.08357387160835898,0.4906705563442623,0.07102272727270709,0.0,0.953153893518257
0.11265893831290924,0.0016016488496785222,0.023472619416374324,0.05047273827482637,0.517342091513557,0.09659090909088167,0.0,0.9540715869124725
0.9959268109662646,0.9977570557486225,0.9408375974670938,0.565410674192847,0.016602099529047044,0.9943181818178993,0.0,0.9549806354382036
0.949971666089836,0.9950038965302344,0.946188212362918,0.5840498380371802,0.06016154599595206,0.9488636363633667,0.0,0.955881021788476
0.9055478156939467,0.9961240021659671,0.9547388993604843,0.6335502312817197,0.09377059707336695,0.9062499999997425,0.0,0.956772728821232
0.8589729066227344,0.992950551417113,0.9560879644938152,0.559158275629508,0.15032260903055525,0.8579545454543017,0.0,0.9576557395596551
0.8189226188541346,0.9938569959826683,0.9596882392475689,0.6717350187777555,0.17502040425896834,0.821022727272494,0.0,0.9585300516914176
0.7857097869695122,0.993155217196053,0.9654500005367451,0.5501738837529466,0.21772451570698376,0.7869318181815946,0.0,0.9593956050743806
0.7487986357952449,0.9959716508672019,0.9703180572347094,0.6403605134318986,0.23950176866328482,0.7528409090906951,0.0,0.9602524267261515
0.7188362534254379,0.9954141148867961,0.9661619983143936,0.6181780373593648,0.27476847516363734,0.7215909090907041,0.0,0.9611004858351572
0.6873093730391436,0.9764194676531335,0.9584856834697443,0.9999999999999281,0.29079168162262375,0.690340909090713,0.9999999999989999,0.9619397662555749
0.6595341674532957,0.9607850248696733,0.951248416296371,0.9999999999999281,0.33453206499046706,0.6619318181816302,0.9999999999989999,0.9627702520087144
0.635863257933001,0.9452867372988929,0.9426364788784166,0.9999999999999281,0.37308721747600615,0.6392045454543639,0.9999999999989999,0.9635919272833248
0.6243580648090848,0.9285970022601593,0.9332822914378598,0.9999999999999281,0.40441112250249434,0.6249999999998225,0.9999999999989999,0.9644047764358933
0.602472408816838,0.9105811347614161,0.9240633229142396,0.9999999999999281,0.4452168469770689,0.6022727272725562,0.9999999999989999,0.9652087839909433
0.5958241413254426,0.894639912269092,0.9180289655051953,0.9999999999999281,0.46605390811594766,0.5965909090907396,0.9999999999989999,0.9660039346413303
0.5854487236739977,0.8784383479528305,0.9085436312581703,0.9999999999999281,0.494217112581326,0.5852272727271065,0.9999999999989999,0.9667902132485318
0.5774726954435208,0.8640433206750409,0.8987397025647073,0.9999999999999281,0.5182549648902893,0.5767045454543817,0.9999999999989999,0.9675676048429365
0.5673703609324537,0.8528102921603254,0.8852877540645571,0.9999999999999281,0.5441626296626647,0.5653409090907484,0.9999999999989999,0.9683361073580281
0.5634723018601301,0.8381817326708986,0.8758299809289711,0.9999999999999281,0.5654092567915614,0.5596590909089318,0.9999999999989999,0.969095680546343
0.5553860830897881,0.8274132166987392,0.8625785096352888,0.9999999999999281,0.5880345877098504,0.551136363636207,0.9999999999989999,0.9698463103928849
0.547348766485359,0.8112631733018746,0.8599918736182812,0.9999999999999281,0.6104073168739179,0.5426136363634823,0.9999999999989999,0.9705880076281158
0.5367020366745455,0.7950688167810744,0.8506544377528543,0.9999999999999281,0.6385022120581271,0.5312499999998491,0.9999999999989999,0.9713207455460197
0.09287372131111682,0.004555807836339936,0.004079508251486308,0.9999999999999281,0.42786807170309293,0.07954545454543195,0.9999999999989999,0.9720445101963228
0.14927698638527678,0.004560068859571107,0.006298757082492005,0.9999999999999281,0.47503592402767225,0.12784090909087276,0.9999999999989999,0.97275929963758
0.09825116852656783,0.004483607849483117,0.008232607684993768,0.9999999999999281,0.4317122725240008,0.08522727272724852,0.9999999999989999,0.9734650647474832
0.15576621474656518,0.009384258610532778,0.00025661345747204434,0.9999999999999281,0.48707287950442396,0.13352272727268932,0.9999999999989999,0.97416182760303
0.1993883627738348,0.009175991055593595,0.01401272828598016,0.9999999999999281,0.5207002672683563,0.17329545454540535,0.9999999999989999,0.9748495631008689
0.2429499080830253,0.009420803344620974,0.015247824724441155,0.9999999999999281,0.5571566265796442,0.210227272727213,0.9999999999989999,0.9755282581475071
0.2725443606154,0.009177734272758581,0.00942942504486136,0.9999999999999281,0.5877232911586271,0.23863636363629587,0.9999999999989999,0.976197899821569
0.09132955309317958,0.006776561302361305,0.0014533462907865816,0.9999999999999281,0.43073823717423126,0.07954545454543195,0.9999999999989999,0.9768584753740436
0.09452957886920316,0.009547708965355551,0.00664067813611801,0.9999999999999281,0.43356663908415904,0.08238636363634023,0.9999999999989999,0.9775099722285232
0.15279795380226738,0.009973480392239659,0.014563500754349028,0.9999999999999281,0.48148374115145537,0.13352272727268932,0.9999999999989999,0.9781523779814479
0.19589744584543073,0.008892902858188197,0.004276099800872108,0.9999999999999281,0.5217677191457015,0.17045454545449704,0.9999999999989999,0.9787856804023373
0.9808730845255957,0.9768898263184715,0.930978035312129,0.9999999999999281,0.016269151098472427,0.9772727272724496,0.9999999999989999,0.9794098674340266
0.9242308162803389,0.95775169208203,0.9292230351114719,0.9999999999999281,0.08875992048811021,0.920454545454284,0.9999999999989999,0.9800249271928944
0.872962491953035,0.9438138935855892,0.9305128105847275,0.9999999999999281,0.15018457836021676,0.8693181818179349,0.9999999999989999,0.9806308479690894
0.8205247747440573,0.9244193226905826,0.9315969257327368,0.9999999999999281,0.21884705512317337,0.8153409090906775,0.9999999999989999,0.9812276280966056
0.7802705758605482,0.9114729877602813,0.9208923284525978,0.9999999999999281,0.2732449472763233,0.7755681818179615,0.9999999999989999,0.9818152266042413
0.09668516130801608,0.006367405118385219,0.002512702759224143,0.9999999999999281,0.43279547179830985,0.08238636363634023,0.9999999999989999,0.9823936619143363
0.0570226782235996,0.004260119281297071,0.01871291040350438,0.0460705444885081,0.47374313355405934,0.04829545454544087,0.0,0.9829629131444638
0.08718389545548665,0.0005596849348357167,0.018772431558038385,0.1146246408137635,0.4902587247934835,0.07386363636361538,0.0,0.9835229694569012
0.10552200711998325,0.0029240354445658,0.02481969140308702,0.12910902374417296,0.5052824089915502,0.0909090909090651,0.0,0.9840738201889833
0.132793939616581,0.0008571611210881739,0.026184003746221086,0.04551430038285716,0.5330163639101179,0.1136363636363314,0.0,0.9846154548533068
0.1529520983404416,0.0002995278212303577,0.022660606063488443,0.09099718696843372,0.5470661062991855,0.13068181818178104,0.0,0.9851478631379278
0.16680540825071222,0.0024354467041778787,0.03080924576078967,0.13473063308996683,0.5556317259419223,0.14488636363632248,0.0,0.9856710349065603
0.18476343253649932,0.004841517495411991,0.026205247411718688,0.054390976169516464,0.5806603719405495,0.1590909090908639,0.0,0.9861849601987678
0.2032187420093914,0.00808018637137297,0.029301864189154564,0.05153346621557638,0.5991420399683646,0.17613636363631363,0.0,0.9866896292301534
0.21831483757064116,0.011357902511166047,0.03283446757966383,0.10509410448033037,0.609706208288245,0.19034090909085505,0.0,0.9871850323925473
0.22600509305054914,0.01427547702248681,0.03532672239204733,0.011982445702899825,0.6247643544765213,0.19602272727267156,0.0,0.9876711602541859
0.23774989731354676,0.016297282268686212,0.04295570229467391,0.057031309475079,0.6305148865247102,0.20738636363630472,0.0,0.9881480035598964
0.055682394364177275,0.0033357493771152573,0.01657571845775267,0.08307669412250152,0.4678496213870552,0.04545454545453258,0.0,0.9886155532312688
0.06115777500776493,0.0014916452027711326,0.01734423243568824,0.1358125583643114,0.4671110914467147,0.05113636363634909,0.0,0.9890738079267133
0.08167406285585568,0.0070536964302300754,0.019097002541968028,0.11987062720658215,0.4919754040917258,0.07102272727270709,0.0,0.9895227362422212
0.10580212352999639,0.007968522437601443,0.015445938530912659,0.0640111329661098,0.5189380824234007,0.0909090909090651,0.0,0.9899623523103442
0.12597751502618157,0.006919245358447407,0.019252738082570414,0.038110574498680494,0.5357389008565656,0.10795454545451481,0.0,0.9903926472952275
0.14985339915088258,0.005203623293055831,0.0209421684903417,0.05233644906795728,0.5550581583367165,0.13068181818178104,0.0,0.990813591723761
0.9924155143503479,0.9979351288659747,0.9380949365753972,0.6525890845500577,0.012827134709396804,0.991477272726991,0.0,0.991225198862684
0.9965205357789366,0.9989790151252916,0.9475201607603062,0.5878618395196487,0.010842350564127808,0.9943181818178993,0.0,0.9916274537819064
0.9411804160883148,0.9983176662440759,0.9523823603737409,0.6745068286347311,0.05549328839719712,0.9403409090906419,0.0,0.9920203488230747
0.8977115283540497,0.9927717853615469,0.9478351848077552,0.5899607421682295,0.11164850579418582,0.8977272727270177,0.0,0.9924038765060331
0.8556102290565419,0.9928668622937639,0.9548948637748533,0.6640775476927174,0.1445474533488224,0.8551136363633933,0.0,0.9927780295289679
0.8114167564831857,0.9910832923555355,0.9506384924559644,0.6366277008152006,0.1926067200448208,0.8124999999997693,0.0,0.9931428007685448
0.773151155694802,0.9904787032157933,0.9488878665610931,0.5423108916097292,0.23886055829023056,0.7755681818179615,0.0,0.9934981832800451
0.7382042639298285,0.9880457002845554,0.9488516374289259,0.5719817009415695,0.2721632311099065,0.7414772727270621,0.0,0.9938441702974978
0.7152083678721897,0.9898122147890857,0.957822840180368,0.5828505014922776,0.28865360699429965,0.7187499999997958,0.0,0.9941807607651704
0.6868243421649728,0.9923977594040687,0.9636123415447421,0.573431011640314,0.31327579316819115,0.690340909090713,0.0,0.9945079316808874
0.6601673123374532,0.9914631502160418,0.957746311585945,0.6234867385259735,0.33758777156429054,0.6647727272725383,0.0,0.9948256934097641
0.6413875477819396,0.9901064989776509,0.956307176514911,0.5942567193655804,0.3588054635512942,0.6477272727270887,0.0,0.9951340343707141
0.6163699171699485,0.9906620412082243,0.958204103607947,0.5582194694727208,0.38618111202466887,0.6221590909089141,0.0,0.9954329486933702
0.6003482299457589,0.9918279373139074,0.9611479154546803,0.5535997494459374,0.398564036605935,0.6079545454543728,0.0,0.9957224306868341
0.5835054270244705,0.9925401386116738,0.9691156734289985,0.6045718298084066,0.407147395211402,0.5909090909089231,0.0,0.9960024748397867
0.06104833755346774,0.0029442075096176037,0.015168969712821773,0.03129239240574444,0.4783232527132308,0.05113636363634909,0.0,0.9962730758205898
0.9924355791075828,0.9987982697910018,0.9391117761528174,0.5548874887909201,0.020258052108274617,0.991477272726991,0.0,0.996534228477392
0.06407359202620855,0.0008689156556220229,0.01760145637652187,0.010995106706826468,0.4802550591115882,0.05397727272725738,0.0,0.9967859278382225
0.06155033027068821,0.005712335115268142,0.013004090983972245,0.08412763602289137,0.4768107391679983,0.05113636363634909,0.0,0.9970281691110889
0.08495097879797105,0.0033784863334865253,0.011419055043523283,0.03620257754789084,0.4996324144311368,0.07102272727270709,0.0,0.9972609476840654
0.11389062075538109,0.00511170162217429,0.010520571899422433,0.059228458534738807,0.5248381502699241,0.09659090909088167,0.0,0.9974842591253849
0.13946466027032442,0.0033304742421879307,0.009805701657564144,0.13827558152536365,0.5394539702801815,0.11931818181814796,0.0,0.997698099183518
0.05738859732645646,0.00014960118625936426,0.009389995907686029,0.05401932797905823,0.47373903916354404,0.04829545454544087,0.0,0.9979024637872597
0.08198513840666144,0.0021251613723046333,0.016408398056866856,0.016655460040248916,0.4982376269782997,0.07102272727270709,0.0,0.9980973490458016
0.10167288547768213,0.005585823849433696,0.012273291819207766,0.013891941447642168,0.519947868347814,0.08806818181815682,0.0,0.9982827512488094
0.993695468731076,0.9928172507022449,0.9362609940273493,0.6284606520548145,0.019766395712614144,0.991477272726991,0.0,0.9984586668664925
0.9442525435682873,0.9906634169619785,0.9431116587106612,0.5689253259931232,0.07188296773957636,0.9431818181815503,0.0,0.9986250925496716
0.9013103681444758,0.9887077807225608,0.9376993766553857,0.6374422222501304,0.1121746587065113,0.900568181817926,0.0,0.9987820251298408
0.856104973928954,0.9889439515557098,0.9360781983391874,0.6472664256990519,0.15708882367426424,0.8551136363633933,0.0,0.9989294616192304
0.8174265126804496,0.9897902341615358,0.9336302671504657,0.5615933097091089,0.20173292717046185,0.8181818181815856,0.0,0.9990673992108621
0.05619719021171109,0.0068100278247330325,0.00915759856121786,0.09045866281316711,0.4759247663350595,0.04829545454544087,0.0,0.9991958352786028
0.08617589340486935,0.004483062980217831,0.017952879356489312,0.07337031796244392,0.4973205183080216,0.07386363636361538,0.0,0.9993147692802031
0.11373441629320234,0.0020376559644434836,0.022199955468303542,0.14019541136892455,0.5103790413880446,0.09659090909088167,0.0,0.9994241932424041
0.13633031097431667,0.004986100875398358,0.029443643093314105,0.06882214177198306,0.5356974550569429,0.11647727272723968,0.0,0.9995241107908575
0.15019652965117392,0.0032357633114312003,0.03212603817092484,0.07369377744561417,0.5468981217432516,0.13068181818178104,0.0,0.99961451812029
0.17067881141061322,0.007179884140711476,0.0376415697341894,0.011174433992508673,0.5701324915773481,0.14772727272723077,0.0,0.9996954135094763
0.9957890532184317,0.9973792664512048,0.9372088139454112,0.5330202787541347,0.02127004731178613,0.9943181818178993,0.0,0.9997667954182851
0.06647135235566778,7.017926393675549e-06,0.019411423771543385,0.10830308208577626,0.473125659476904,0.05681818181816566,0.0,0.9998286624877073
0.08470222743725234,0.00331965546811403,0.018685195205012776,0.12465970423215424,0.48877393871892566,0.07102272727270709,0.0,0.9998810135398832
0.05676694158688741,0.0008432461414265106,0.014083495687411548,0.09141762872118586,0.4690308929264601,0.04829545454544087,0.0,0.9999238475781239
0.08438678029455039,0.0013376196947789403,0.013824648578837322,0.0907559596279151,0.49222690701250343,0.07102272727270709,0.0,0.999957163786932
0.11286613498927797,0.0031142605516770367,0.021360321298783236,0.0043916606527427335,0.5234641635990291,0.09659090909088167,0.0,0.9999809615320142
0.13064175055719374,0.0063733795081737255,0.027322399846433906,0.004276183831608378,0.540509336323414,0.1136363636363314,0.0,0.9999952403602957
0.1515559124807956,0.009756098722241442,0.030549506465736932,0.035969529948380846,0.556028079441496,0.13068181818178104,0.0,0.9999999999999286
0.16901146254691043,0.012965599027627077,0.03922421811941955,0.12225783534631929,0.5643290349516866,0.14772727272723077,0.0,0.99999524020164
0.1809097481773927,0.013775901256509493,0.04591633283932542,0.11926379796953421,0.5708888667617075,0.15624999999995562,0.0,0.9999809615320142
0.19224724098612359,0.0168663214169152,0.04152392565418086,0.14722843706026045,0.5840681180230756,0.16761363636358875,0.0,0.999957163786932
0.2036041531041182,0.018331539085722517,0.043620788192412635,0.042352717829789804,0.6020020282648215,0.17613636363631363,0.0,0.9999238475781239
0.21413459755947792,0.02203525088874757,0.046962317370320035,0.029889399613724898,0.6159291261635375,0.18749999999994676,0.0,0.9998810135398832
0.22187642000560445,0.01888337513615175,0.052628723470421454,0.042027816298051184,0.6156324306555387,0.19318181818176328,0.0,0.9998286624877073
0.23989714203382975,0.01921789897293803,0.04859353666953837,0.11135294832065465,0.6285200801211674,0.210227272727213,0.0,0.999766794307872
0.9945206044070671,0.9944164666594644,0.9428346653489712,0.6267998221574452,0.013033154330690954,0.9943181818178993,0.0,0.9996954135094763
0.060355888462445204,0.005656877616480598,0.013430439993827162,0.09950697597477597,0.4752413080961878,0.05113636363634909,0.0,0.99961451812029
0.9956630780364855,0.9997381032172663,0.9401814871911864,0.5800106822551228,0.014034160420726211,0.9943181818178993,0.0,0.9995241107908575
0.0644409887800218,0.0054310137357058055,0.013792208848763515,0.11810071452566112,0.47611278078400754,0.05397727272725738,0.0,0.9994241932424041
0.06066633567613679,0.004492705547995881,0.022461074164296508,0.07457793526659151,0.47267724031901903,0.05113636363634909,0.0,0.9993147654742252
0.08173183924141539,0.004540968826122658,0.017350734002831915,0.08958076991673856,0.4933738681025844,0.07102272727270709,0.0,0.9991958352786028
0.06669038245730306,0.005976719052781443,0.011500649039715375,0.08453143424488581,0.48328042690266726,0.05681818181816566,0.0,0.9990673992108621
0.09376569179939861,0.005786223996440655,0.008599756006842214,0.12656792764975633,0.503318100203055,0.07954545454543195,0.0,0.9989294616192304
0.1191504005366168,0.008040839274580823,0.008202169450149037,0.12770579815057168,0.5278093616297309,0.10227272727269825,0.0,0.9987820251298408
0.06140589692591475,0.007158284907547995,0.015554823877642862,0.09913971833091774,0.4755631719076691,0.05113636363634909,0.0,0.9986250925496716
0.08514350700213537,0.008972221372057837,0.023511252023190425,0.13440738473853117,0.4931844915357719,0.07386363636361538,0.0,0.9984586668664925
0.10835324825927473,0.008984505788478475,0.027304810088258646,0.078808080919507,0.516258590580595,0.09374999999997338,0.0,0.9982827482378165
0.9944694001714826,0.996497825658251,0.9500263009277791,0.6226173709110607,0.008706717304665837,0.9943181818178993,0.0,0.9980973458767279
0.9462789766610388,0.9994940264406522,0.9478752050556767,0.5897200765064975,0.058225550271713576,0.9460227272724585,0.0,0.9979024604601656
0.9027973412857726,0.9977290902960719,0.9477122224890174,0.6499349248917543,0.09687042071872946,0.9034090909088341,0.0,0.997698099183518
0.8586187710812485,0.9977803232121955,0.9416915602366874,0.6235798203805879,0.14695740727726683,0.8579545454543017,0.0,0.9974842591253849
0.8230387497103052,0.9996252482599141,0.939471019851677,0.5336294299027712,0.18825889977184995,0.8238636363634024,0.0,0.9972609476840656
0.7822198307507062,0.9977593343580949,0.9368681535117985,0.5657114603319269,0.22764728702193146,0.7840909090906862,0.0,0.9970281651525759
0.7488429460141856,0.9955182224813874,0.931261268890086,0.6030724548258415,0.25965370973815793,0.7528409090906951,0.0,0.9967859278382225
0.9996449874472352,0.9960708695060284,0.9450093096194405,0.5854758485570563,0.011587080891431279,0.9971590909088075,0.0,0.996534228477392
0.950747490914532,0.9938309358183698,0.9394622195921533,0.6289413073944531,0.06001119615270556,0.9488636363633667,0.0,0.9962730758205898
0.8988251868568506,0.9932127942802025,0.9386702630183136,0.6331750591211511,0.11139909546063122,0.8977272727270177,0.0,0.9960024748397867
0.8536448368879918,0.9754209561205606,0.9257312395981316,0.9999999999999281,0.14415718496776317,0.8522727272724852,0.9999999999989999,0.9957224306868341
0.815462005652267,0.9583947502257842,0.9191995838886616,0.9999999999999281,0.20001956427411482,0.8124999999997693,0.9999999999989999,0.9954329486933702
0.7731898551656861,0.9440421718262975,0.9097814611366136,0.9999999999999281,0.2578161439809196,0.7698863636361449,0.9999999999989999,0.9951340343707141
0.7459775796986418,0.9241536811393014,0.9105833146331787,0.9999999999999281,0.3015224892774373,0.7414772727270621,0.9999999999989999,0.9948256934097641
0.714341859900997,0.9078410601810448,0.9079500761773477,0.9999999999999281,0.3466807823750265,0.710227272727071,0.9999999999989999,0.9945079316808874
0.6951847119477488,0.8923288507142472,0.8957854413742121,0.9999999999999281,0.3839210869261647,0.690340909090713,0.9999999999989999,0.9941807552338093
0.6706038581802868,0.874509473607293,0.8848878520722641,0.9999999999999281,0.42811136731975785,0.6647727272725383,0.9999999999989999,0.9938441702974978
0.652491652258502,0.8602723487075042,0.8780994113871899,0.9999999999999281,0.4592367124197181,0.6477272727270887,0.9999999999989999,0.9934981832800451
0.6352969571747126,0.8429101465388507,0.8714811308288981,0.9999999999999281,0.4927647321304902,0.630681818181639,0.9999999999989999,0.9931428007685448
0.617915982159595,0.8291706047783639,0.8648569941468267,0.9999999999999281,0.5262561404110643,0.610795454545281,0.9999999999989999,0.9927780295289679
0.9839180515438667,0.9817898093811115,0.9390602634957592,0.9999999999999281,0.006138298279038435,0.9801136363633579,0.9999999999989999,0.9924038765060331
0.91839981697134,0.9611923162020352,0.9293135400800714,0.9999999999999281,0.09165631051989921,0.9147727272724673,0.9999999999989999,0.9920203488230747
0.8673949193408862,0.9466206505540147,0.9238183152265794,0.9999999999999281,0.15645483207285196,0.8636363636361183,0.9999999999989999,0.9916274537819064
0.8281879051191811,0.9334122634939074,0.922304615813028,0.9999999999999281,0.20716997084600078,0.8238636363634024,0.9999999999989999,0.991225198862684
0.7911586602698044,0.9152042510593236,0.91504348674947,0.9999999999999281,0.2642769710691369,0.7840909090906862,0.9999999999989999,0.990813591723761
0.7501802125410745,0.9025207451253466,0.9061157332370797,0.9999999999999281,0.3177146413160054,0.7443181818179704,0.9999999999989999,0.9903926402015444
0.7248691574347508,0.8884959185870595,0.9039443131720166,0.9999999999999281,0.3552065167454425,0.7187499999997958,0.9999999999989999,0.9899623523103442
0.09977224748715026,0.004557667057497359,0.00012632304797830583,0.9999999999999281,0.4352020985227327,0.08522727272724852,0.9999999999989999,0.9895227362422212
0.15444566883962302,0.006785548844436274,0.012100771429313772,0.9999999999999281,0.4800016782190723,0.13352272727268932,0.9999999999989999,0.9890738003668322
0.09592485652905476,0.0064600581403672684,0.005734869092652254,0.9999999999999281,0.43150498295351597,0.08238636363634023,0.9999999999989999,0.9886155532312688
0.15133882080656952,0.008019772551147712,0.0034482829581353237,0.9999999999999281,0.4818117769515596,0.13068181818178104,0.9999999999989999,0.9881480035598964
0.1986782971971676,0.0071929774025298815,0.005661087591516661,0.9999999999999281,0.5226649828396369,0.17329545454540535,0.9999999999989999,0.9876711602541859
0.24169439181576716,0.011367830629871706,0.006509451171455376,0.9999999999999281,0.5623971730181782,0.210227272727213,0.9999999999989999,0.9871850323925473
0.2755943823161498,0.011467861722702278,0.011097781133161221,0.9999999999999281,0.5916602718314112,0.24147727272720415,0.9999999999989999,0.9866896292301534
0.3037797298758634,0.01271909666393699,0.006086440412627191,0.9999999999999281,0.6174093709579263,0.2642045454544704,0.9999999999989999,0.9861849601987678
0.3344777832138929,0.01445779863328564,0.010203403866903332,0.9999999999999281,0.645339987396695,0.29261363636355325,0.9999999999989999,0.9856710349065603
0.3557495344923335,0.014684854980721597,0.00017810394700646808,0.9999999999999281,0.6695706974894274,0.31249999999991124,0.9999999999989999,0.9851478631379278
0.3733788512045742,0.01818286528518962,0.010101014629977284,0.9999999999999281,0.6822887907407995,0.3267045454544526,0.9999999999989999,0.9846154548533068
0.3913155580031771,0.021845130722596657,0.01193025420529733,0.9999999999999281,0.7013924326980567,0.3437499999999023,0.9999999999989999,0.9840738201889833
0.40185091686013674,0.023055453965427825,0.004580751782111124,0.9999999999999281,0.7139506327639054,0.3522727272726272,0.9999999999989999,0.9835229694569012
0.40255719664160206,0.02588184972822363,0.014966934690598758,0.10607277142105989,0.7928037050183434,0.3551136363635355,0.0,0.9829629131444638
0.3955161054061429,0.026557894902940127,0.022373679909001187,0.09459960902563556,0.7827184853058038,0.3465909090908107,0.0,0.9823936619143363
0.060982820650226,0.007341022003544242,0.011041454713930032,0.005532779835294085,0.4858049849250965,0.05113636363634909,0.0,0.9818152266042413
0.09005309014925048,0.0077798822976241225,0.014124666499335126,0.1266836497079967,0.4997185375806342,0.07670454545452367,0.0,0.9812276182267535
0.05862383787842441,0.0013714937006081577,0.011129526255898553,0.12592289905965245,0.4676817660176412,0.04829545454544087,0.0,0.9806308479690894
0.08712397666641178,0.003277887665846706,0.010181887008269445,0.12455549750433455,0.4951788436330293,0.07386363636361538,0.0,0.9800249271928944
0.10522862696580222,0.0030854528041225258,0.010283828831128211,0.06906757179673903,0.5168140160660502,0.0909090909090651,0.0,0.9794098674340266
0.1211987335955164,0.007138995772228637,0.013130706130104117,0.10457427383504989,0.5298617680013739,0.10511363636360653,0.0,0.9787856804023373
0.13790869086831203,0.009329561708946285,0.00862630039362793,0.12903722579781715,0.5455117340717406,0.11931818181814796,0.0,0.9781523779814479
0.9928635156349136,0.9963496184626873,0.9399765857027156,0.6602032014524893,0.012620303383655511,0.991477272726991,0.0,0.9775099722285232
0.9924040734480228,0.992920903082104,0.9382935442408663,0.6601613142552706,0.016051499659727773,0.991477272726991,0.0,0.9768584753740436
0.9457964855532972,0.991309089904304,0.9358361359766668,0.6718495050805265,0.06544962376433319,0.9431818181815503,0.0,0.976197899821569
0.9011641564533162,0.991763868551389,0.9364163961623094,0.6591922911426877,0.10839541712732179,0.900568181817926,0.0,0.9755282581475071
0.9905634490563678,0.9994797297564324,0.9430188389610187,0.5793695770989808,0.01875312894038379,0.9886363636360828,0.0,0.9748495631008689
0.06210810646998426,0.006752414896377084,0.02226879019221142,0.03659174775452944,0.4806999057450738,0.05397727272725738,0.0,0.97416182760303
0.08968176188472633,0.003250620540109053,0.023163632833097834,0.09302922768598937,0.4952492900492508,0.07670454545452367,0.0,0.9734650647474837
0.05984223029882907,2.42687148036558e-05,0.009787637568309748,0.11123428363367761,0.4712971866017615,0.05113636363634909,0.0,0.9727592877995889
0.08339824327538892,0.0071156443849134145,0.010229732473207484,0.07834400500486857,0.49940959731729023,0.07102272727270709,0.0,0.9720445101963228
0.10762617589079079,0.008994791128519503,0.015622728540890267,0.08117243817775928,0.5210046740637092,0.09374999999997338,0.0,0.9713207455460197
0.06603578862857959,0.006980657248149508,0.0154880195811509,0.09647641022461066,0.4813429905566908,0.05681818181816566,0.0,0.970588007628116
0.061953262310128314,0.005628531122733242,0.010040260464979302,0.08726129309550709,0.4777248238977948,0.05113636363634909,0.0,0.9698463103928849
0.0855376212799148,0.004940087073404608,0.015796474957612872,0.11425498014465031,0.49501947061004764,0.07386363636361538,0.0,0.9690956679611727
0.1123442796065533,0.004844060485191603,0.013157492042032853,0.10005480561242432,0.5199394621011053,0.09659090909088167,0.0,0.9683360946241296
0.13616341640085747,0.0011907483512165866,0.015524675752012183,0.05450189770555022,0.5398359388959882,0.11647727272723968,0.0,0.9675676048429365
0.14893675789715455,0.003843342132673465,0.022866639260457164,0.013328932731718717,0.5537482934433069,0.12784090909087276,0.0,0.9667902002179043
0.1604998299403861,0.0036140152968790295,0.02168657113634626,0.12861087307012947,0.5553023574037462,0.1392045454545059,0.0,0.9660039346413303
0.17568124371652274,0.007369916869878467,0.01805725364860472,0.12848921169533226,0.5739716170642656,0.15340909090904734,0.0,0.9652087839909433
0.1963969744000649,0.006848106649888491,0.023178000780450774,0.09139588432631326,0.5916128700680191,0.17045454545449704,0.0,0.9644047764358933
0.20705205968984505,0.003781217441339596,0.02531462150498272,0.07783433677708693,0.5979548556145416,0.17897727272722191,0.0,0.9635919272833248
0.05572886772975779,0.0006501287811726107,0.02050804987787509,0.0019850454001022915,0.4711506145277139,0.04545454545453258,0.0,0.9627702520087146
0.07946778530890926,0.00504773014601025,0.028821176981289436,0.052462375054039695,0.4893367028389323,0.0681818181817988,0.0,0.9619397523408114
0.09860134321327987,0.006822528815884016,0.022850879224396017,0.05388958213438969,0.510122210146528,0.08522727272724852,0.0,0.9611004717739486
0.1242835234269622,0.004717557973075477,0.020166510558124975,0.10584906439525868,0.5276843425093115,0.10795454545451481,0.0,0.9602524267261515
0.14243747771930024,0.004518674652554181,0.015052921024790231,0.08356462018986287,0.5457884465923544,0.12215909090905619,0.0,0.9593956050743806
0.9939298019203745,0.9949012779035403,0.9379777365220784,0.5754893773634965,0.022022218972342286,0.991477272726991,0.0,0.9585300371924936
0.9429999764223238,0.9954778880425973,0.9409829255215056,0.6106777866122881,0.06531989809827667,0.9431818181815503,0.0,0.9576557395596551
0.06197492565279037,0.0020959191419826196,0.01110034916719703,0.069583394683893,0.4760247776457455,0.05113636363634909,0.0,0.9567727288212322
0.08446764200794325,0.0027724790245277505,0.011283846143821658,0.11569093312327687,0.4922578316818576,0.07102272727270709,0.0,0.955881021788476
0.05511303286915405,0.006309517643508549,0.017135686563463717,0.03143795184235383,0.47448372378574005,0.04545454545453258,0.0,0.9549806354382036
0.9882619345614948,0.9979640781320241,0.9391482909350011,0.5494406916542577,0.02420918466776531,0.9886363636360828,0.0,0.9540715869124725
0.9959499181112852,0.9996805640914415,0.9515507613458152,0.5445609412704819,0.0123677845276695,0.9943181818178993,0.0,0.953153893518257
0.9482113670317686,0.994018026150693,0.9592473802385155,0.6597252335914794,0.0516258213659033,0.9460227272724585,0.0,0.9522275727271161
0.9025788007515653,0.9969544924419927,0.9659616103097441,0.6248318497553066,0.09195479585221004,0.9034090909088341,0.0,0.9512926421748624
0.8617570522156736,0.9973406575615084,0.970619630885079,0.6490302115515073,0.13000558289074698,0.86079545454521,0.0,0.950349119661226
0.828801768840699,0.9958310263097147,0.9739228298816406,0.5696263411373248,0.16787342087351687,0.8295454545452189,0.0,0.9493970231495157
0.7894485308821014,0.994605833609574,0.9768104519150183,0.6336053522650008,0.20164079072256533,0.7897727272725029,0.0,0.9484363707662765
0.7500967211823961,0.9955053396250085,0.9756837754001787,0.6674327064501464,0.23523217291496853,0.7528409090906951,0.0,0.9474671645767332
0.7176056018208882,0.9982939070747083,0.9790499243424327,0.5955054616917507,0.2690157968182321,0.7215909090907041,0.0,0.9464894717055009
0.694583067958929,0.9961204597137261,0.9740385860399289,0.6216324402141079,0.29321015612550494,0.6988636363634378,0.0,0.9455032620941164
0.6680346759569931,0.9967580895177198,0.9727745758021292,0.5763839491028406,0.32266434396852034,0.6732954545452633,0.0,0.9445085707428009
0.06637232722747219,0.0038105129821321467,0.011903116558721501,0.06668889869418827,0.4829551686179523,0.05681818181816566,0.0,0.9435054165890435
0.08835635700119619,0.0043500205182023365,0.009434639772436741,0.09876237537674383,0.5014296014804334,0.07670454545452367,0.0,0.9424938187314538
0.056086886791686524,0.003148210414602898,0.01718853935879091,0.026267449640539127,0.475239804567325,0.04829545454544087,0.0,0.9414737964293963
0.0864498682465593,0.0013055371692016597,0.023450087100716516,0.11320724624697287,0.4889933863263628,0.07386363636361538,0.0,0.9404453691026252
0.1060601428917763,0.00389730501576226,0.017565381935361234,0.11864801009790599,0.5100385900922693,0.0909090909090651,0.0,0.9394085563309155
0.13322973577376415,0.006994169030117363,0.017337737723617467,0.09476686148000579,0.5373130064796643,0.1136363636363314,0.0,0.9383633778536868
0.05551151905905189,0.0034788800713541697,0.014995057645860501,0.11220068242312076,0.466084879098434,0.04545454545453258,0.0,0.937309853569631
0.07762022495456598,0.0069284880889854345,0.024090866125478172,0.07808756620545068,0.48775748724766876,0.06534090909089052,0.0,0.9362480035363321
0.10312000769769761,0.007481537055279525,0.029695623144206547,0.05836789010050362,0.5101848372586685,0.08806818181815682,0.0,0.9351778479698829
0.12835989424520336,0.005139617412504832,0.028924671716730882,0.14604936412193592,0.523625245036405,0.1107954545454231,0.0,0.934099389201562
0.1423787681849372,0.0017942991803392176,0.024481470003865576,0.02074103530444327,0.5451346483443934,0.12215909090905619,0.0,0.9330127018921529
0.1555524995588979,0.004656708125257607,0.027023836973475185,0.0683638968094277,0.5534787544326726,0.13352272727268932,0.0,0.9319177526021312
0.16970519273229723,0.007853921174101327,0.027830469771330458,0.04232010706186108,0.5720950832966365,0.14772727272723077,0.0,0.9308145802206964
0.18244799716142318,0.004941815697168087,0.03319966376684139,0.07944687888060022,0.5755878922126009,0.1590909090908639,0.0,0.92970320575066
0.19370478757810838,0.005831398052702102,0.035690420362195906,0.12686433412259923,0.5795799211792307,0.16761363636358875,0.0,0.92858365035099
0.20301512561386975,0.00747379447329879,0.03249741562012847,0.08464373315420293,0.5944134824912811,0.17613636363631363,0.0,0.9274559353364068
0.06245624124825434,0.0009237329229824054,0.013487235819560125,0.00475762132328506,0.4825854312975161,0.05397727272725738,0.0,0.9263200821769799
0.0932369436144697,0.0023207591441768353,0.012404813674305726,0.1372849071781787,0.49802598161501954,0.07954545454543195,0.0,0.9251761124977154
0.11409907758547887,0.005643477297336141,0.022732651914574544,0.01671881506234765,0.5238080248145053,0.09659090909088167,0.0,0.9240240288097381
0.12895774776312527,0.00657762341691051,0.024695825514179055,0.028320762402059888,0.5368502967954687,0.1107954545454231,0.0,0.9228639108519208
0.14231445789019925,0.008918158208436743,0.029243957953111258,0.11974133485744384,0.5401016722343109,0.12215909090905619,0.0,0.9216957229063769
0.1658293257023849,0.008294618202143967,0.028830281486650112,0.0745574720907068,0.5663718041087205,0.14488636363632248,0.0,0.9205195064821301
0.18755817020887383,0.00964144458679057,0.028066789044602452,0.14557605570037183,0.5785281500395211,0.16193181818177219,0.0,0.9193352839726463
0.9964057631887723,0.9974236144938348,0.9512321325697232,0.6186207236235519,0.00781274308555492,0.9943181818178993,0.0,0.9181430779238142
0.940207622152201,0.9953399370098299,0.9456955736271129,0.5772308155812164,0.06918925386818042,0.9403409090906419,0.0,0.9169429110335184
0.8904665193748514,0.9963655804215366,0.9476657090435346,0.6378466331188678,0.11317525811399472,0.8892045454542927,0.0,0.9157348061512071
0.8461657295335534,0.9992041332325302,0.9525632441234579,0.6731831741293895,0.148208530583864,0.8465909090906686,0.0,0.9145187862774555
0.05663245495215985,1.4837956216968813e-05,0.013170421059637973,0.009723740184502547,0.47590618846742255,0.04829545454544087,0.0,0.9132948745635291
0.07922023474461934,0.0066633302600207596,0.021221281403436328,0.0811111678819466,0.4913273312011696,0.0681818181817988,0.0,0.9120630737158298
0.09836077269567632,0.005739138504238789,0.02876790104751132,0.06171189776984027,0.5060756416479584,0.08522727272724852,0.0,0.9108234689710167
0.1153899696450462,0.007825869407209996,0.029630233604907186,0.07355439720077886,0.5204755462914499,0.09943181818178996,0.0,0.9095760221444308
0.13637426483468196,0.005857508784950016,0.024940710360622724,0.0919129003033838,0.536274002408956,0.11647727272723968,0.0,0.9083207775807745
0.15840907836275225,0.007719580304745848,0.03409053989284158,0.004483774729611652,0.5613295336446115,0.1363636363635976,0.0,0.9070577591780945
0.17284082282723792,0.008971960788703093,0.031213877386533147,0.14258440158598598,0.5656090131895617,0.15056818181813905,0.0,0.905786969738523
0.19154079313735645,0.008093777021678954,0.0284654871924991,0.05710392461572,0.5877010875040446,0.16477272727268047,0.0,0.9045084971874092
0.9937458491513191,0.9961517631865002,0.9377228949301234,0.5387087492981709,0.024356622842166827,0.991477272726991,0.0,0.9032223021336765
0.9452478915712234,0.993233682843189,0.9387372420644223,0.6582581403359036,0.06388628561981322,0.9431818181815503,0.0,0.9019284303085442
0.8991728180908201,0.990898000526484,0.946782820058726,0.547299564229269,0.11730884387240237,0.8977272727270177,0.0,0.9006269063454662
0.8604681878034831,0.9938782206826599,0.9558612578686799,0.6224857040400759,0.1413158080172484,0.86079545454521,0.0,0.899317755023582
0.8192009819594989,0.9916204916893587,0.9542537687477878,0.6331706586566561,0.18246450443094364,0.821022727272494,0.0,0.8980010012672466
0.7725594466871252,0.9759829293728436,0.949626090506933,0.9999999999999281,0.21282793279110893,0.7727272727270532,0.9999999999989999,0.8966766480103623
0.7252885941341654,0.9567875247361697,0.9413933428908178,0.9999999999999281,0.2796170049869838,0.7244318181816123,0.9999999999989999,0.8953447646110081
0.693870856226584,0.938055722192468,0.9345663085767071,0.9999999999999281,0.3284661343292529,0.6931818181816212,0.9999999999989999,0.8940053768032972
0.6585829066518759,0.924523574793242,0.9214159685509027,0.9999999999999281,0.3787038674850983,0.6590909090907219,0.9999999999989999,0.8926584654403085
0.08143547635928237,0.005349217768861289,0.0051324734150882505,0.9999999999999281,0.4167321197341093,0.0681818181817988,0.9999999999989999,0.8913040784261432
0.09369410571461556,0.0028588593119899274,0.010642226815848626,0.9999999999999281,0.42374645689115925,0.07954545454543195,0.9999999999989999,0.8899422415463772
0.1381015613466116,0.004692136475356181,0.012131448803575137,0.9999999999999281,0.4641827684907414,0.11931818181814796,0.9999999999989999,0.8885729807284221
0.18182151497326185,0.0035901835865797434,0.013151552322700842,0.9999999999999281,0.4996636468010086,0.15624999999995562,0.9999999999989999,0.8871963220410295
0.21089030318021187,0.0031925975868960215,0.015364136603223751,0.9999999999999281,0.5238790080447928,0.1818181818181302,0.9999999999989999,0.8858122916937967
0.9745496232680441,0.9775148672987952,0.935813569239252,0.9999999999999281,0.019386709140015338,0.9715909090906331,0.9999999999989999,0.8844209160366666
0.9100507546029097,0.9593273366389967,0.9230861116024575,0.9999999999999281,0.10425797776036841,0.9062499999997425,0.9999999999989999,0.8830221981870079
0.8461426160994263,0.9401336070479527,0.9244834964570552,0.9999999999999281,0.1839473604354496,0.840909090908852,0.9999999999989999,0.8816162348912013
0.7907406146430773,0.9259674588316149,0.9121821777248625,0.9999999999999281,0.2541352388744926,0.7869318181815946,0.9999999999989999,0.8802029827999526
0.7501867933429861,0.9124234829715256,0.904083966771512,0.9999999999999281,0.3107328147207264,0.7443181818179704,0.9999999999989999,0.878782492191962
0.7086869030776622,0.9000309890763625,0.9004137046411521,0.9999999999999281,0.3617146776484798,0.7045454545452544,0.9999999999989999,0.8773547901113233
0.6749421849905795,0.8825701474248391,0.894229093280757,0.9999999999999281,0.41211506930208713,0.670454545454355,0.9999999999989999,0.8759199037394262
0.6478241373187673,0.8667564793222929,0.8844221807701214,0.9999999999999281,0.4570850424621078,0.6420454545452722,0.9999999999989999,0.8744778603944384
0.6238720528668044,0.851157906692879,0.8725073407396458,0.9999999999999281,0.49711764195845126,0.6193181818180059,0.9999999999989999,0.8730286875307873
0.0824802567222917,0.008459705573219515,0.002803699110753101,0.9999999999999281,0.42301061217229835,0.07102272727270709,0.9999999999989999,0.871572412738635
0.12450950788288427,0.01020363320195145,0.010258158502359838,0.9999999999999281,0.45802160230890093,0.10795454545451481,0.9999999999989999,0.870109039295406
0.16275591074023424,0.009374289748108423,0.010287987840598237,0.9999999999999281,0.49130787605926823,0.14204545454541417,0.9999999999989999,0.8686386684049999
0.19406651691582225,0.009018693437198423,0.0015399814983865553,0.9999999999999281,0.5201958215301853,0.16761363636358875,0.9999999999989999,0.8671612547177809
0.2239992549889856,0.011355360871559044,0.006166742739574947,0.9999999999999281,0.5483841731486202,0.19602272727267156,0.9999999999989999,0.8656768508095235
0.255999216698487,0.013386729117227368,0.008718572621257727,0.9999999999999281,0.577209027735516,0.22443181818175442,0.9999999999989999,0.8641854849411384
0.2749669991996553,0.019289593223318947,0.0011709222147071171,0.9999999999999281,0.6020559580554182,0.24147727272720415,0.9999999999989999,0.8626871855060819
0.2905333887054548,0.021427876294651222,0.0014064430115021847,0.9999999999999281,0.6149680884404419,0.2528409090908373,0.9999999999989999,0.8611819810298162
0.30664102683455924,0.026910744095376995,0.003011866685003656,0.9999999999999281,0.6356081719015584,0.269886363636287,0.9999999999989999,0.859669900169264
0.3179217070296111,0.0253499708470789,0.009768030270066048,0.9999999999999281,0.64000142277793,0.27840909090901184,0.9999999999989999,0.8581509717122663
0.3341208032055515,0.02860806647972321,0.010281923796596827,0.9999999999999281,0.656512123938869,0.29261363636355325,0.9999999999989999,0.8566252245770295
0.9620193339531427,0.9776840450162274,0.9355973418988633,0.9999999999999281,0.030662811286521038,0.9602272727269999,0.9999999999989999,0.855092662212883
0.9091152178552778,0.9790278587118854,0.9412196948110131,0.6354825414610171,0.11286209236733284,0.9062499999997425,0.0,0.8535533905932129
0.8657602885848663,0.979919557921932,0.9464174417437325,0.6238889630505414,0.15341440922950494,0.8636363636361183,0.0,0.8520073622279231
0.820984351299975,0.9792407004248193,0.9421875536544703,0.6172176166605112,0.19877040732948978,0.821022727272494,0.0,0.8504546321498647
0.7896611191133284,0.9815367945820758,0.9468181224812978,0.5379525219264545,0.23305057364088216,0.7897727272725029,0.0,0.8488952299207795
0.7532271910838004,0.9791193161119149,0.946554320521825,0.6215201244373475,0.26172355042879325,0.7556818181816035,0.0,0.8473291852294382
0.7182134432320738,0.9784599183969791,0.9513565708352867,0.5668625532406826,0.2989489573755311,0.7215909090907041,0.0,0.8457565278910746
0.9992492302680359,0.995172799623398,0.9499098854733906,0.6551406248581757,0.004131190758524839,0.9971590909088075,0.0,0.8441772878468169
0.9522650077185668,0.9916663378711619,0.9459442058775841,0.6506685588804304,0.05425178248067792,0.9517045454542751,0.0,0.8425914686788026
0.9016311557795055,0.9902720094936603,0.9423718240617232,0.5798167791760703,0.11399807516352027,0.900568181817926,0.0,0.8409991800311893
0.8612817821841596,0.9892407224661817,0.9430176962342176,0.5959290044370966,0.15274712191151982,0.86079545454521,0.0,0.8394003727664109
0.8167562571881652,0.9866099910373699,0.9416230243856595,0.6481108413237184,0.19330149840057906,0.8181818181815856,0.0,0.8377951038077704
0.7779572718296315,0.9871318158454583,0.9481215189354988,0.5859665055697174,0.23518759240693796,0.7784090909088698,0.0,0.8361834037172743
0.7447609021310359,0.9891761887407691,0.9559013077027853,0.6501433337868419,0.2557889065198432,0.7471590909088786,0.0,0.8345653031793697
0.7124177877075705,0.9868956524124615,0.9642259984145528,0.642366043952788,0.28587739774662824,0.7159090909088875,0.0,0.8329408330003577
0.6875016683326184,0.9892429476939559,0.9591301077317327,0.5791916067557336,0.3171674389778704,0.690340909090713,0.0,0.8313100241078095
0.6571214129086115,0.9908564367373718,0.9680099526464734,0.5512832450819725,0.34286832578585075,0.6619318181816302,0.0,0.8296729075499752
0.993501099539042,0.9947408113497921,0.9395771589677483,0.6011457145811021,0.019228433317608054,0.991477272726991,0.0,0.8280295144951944
0.0651938589394098,0.0057709643249710925,0.010836778591565902,0.02719464344262927,0.485583440016906,0.05397727272725738,0.0,0.8263798762313023
0.08945188271774521,0.007679083318967377,0.019997738318931316,0.06585170473552045,0.5024730632605692,0.07670454545452367,0.0,0.8247240241650329
0.10801417438792248,0.00807544285783614,0.02264164176466746,0.022224920581061795,0.52246118965154,0.09374999999997338,0.0,0.8230619898214233
0.12700617094870972,0.00833273924966621,0.022030182544928733,0.03615734789018491,0.5386830671694548,0.1107954545454231,0.0,0.8213938048432109
0.1463499620218563,0.011879279246341634,0.0260854366086262,0.10630693150668762,0.5506176824687751,0.12784090909087276,0.0,0.8197194730343551
0.9915887168479545,0.997767888581566,0.9430530805377644,0.5675525129711657,0.0182980798971315,0.991477272726991,0.0,0.8180390820817609
0.05741948577322991,0.004032942526586712,0.007813219144493405,0.0353378981603181,0.47911545227859925,0.04829545454544087,0.0,0.8163526642811997
0.0859264745575954,0.0024976818852356485,0.020324517448048172,0.10527995257982974,0.49195370773648206,0.07386363636361538,0.0,0.8146601955248605
0.10526086354064734,0.001149375342149659,0.02935694013745344,0.10671863395127139,0.50391481238598,0.0909090909090651,0.0,0.8129617360919715
0.12193153994826998,0.006989539692982963,0.02761017199643108,0.04597683671663263,0.5287394733707584,0.10511363636360653,0.0,0.8112573183187518
0.1471939942017308,0.008096220397156864,0.033852981730512356,0.08789242292228343,0.5459446420379607,0.12784090909087276,0.0,0.8095469746548595
0.17088916511655505,0.010207347320686006,0.042097188755719994,0.06964250177182059,0.5655304191715473,0.14772727272723077,0.0,0.8078307376627716
0.19228234523799692,0.00714435767437676,0.039948453603454226,0.04729240187049636,0.5857765532665069,0.16761363636358875,0.0,0.8061086400171672
0.2107154634922654,0.008951143922383215,0.03584936309944276,0.051985151149725545,0.6026801214967079,0.1818181818181302,0.0,0.804380714504303
0.22517439630414823,0.009405627594510193,0.03211711768344952,0.11468176138592606,0.6132846210725857,0.19602272727267156,0.0,0.80264699402139
0.2325858982313265,0.010271798461745352,0.03448217931772727,0.01802802589488296,0.6270819153355365,0.20170454545448813,0.0,0.800907511575967
0.24341169772449284,0.01282290396802652,0.037408673193632766,0.05278382908056509,0.6361422467740614,0.2130681818181213,0.0,0.7991623002852722
0.25139342265872827,0.013105878577760273,0.03827027707660346,0.14426177719020286,0.6336603928821523,0.21874999999993786,0.0,0.7974113641465529
0.2647685035614039,0.014335267185181298,0.043496125895980564,0.014955057563589358,0.6550494687868987,0.230113636363571,0.0,0.7956548241817339
0.9925303570608608,0.9967021667483025,0.9375577113708271,0.5599375664027676,0.022134046223704438,0.991477272726991,0.0,0.79389262614618
0.9383749993283482,0.9953936017714593,0.938024085878993,0.6261752547441777,0.0709429329393482,0.9374999999997335,0.0,0.7921248328186606
0.8883249160783052,0.9956992489622205,0.9417219967137029,0.5787585688436996,0.12138648287804729,0.8892045454542927,0.0,0.7903514778554132
0.8436995598199296,0.9982636736473529,0.9389466087018136,0.6382336222489179,0.16060310298178068,0.8437499999997602,0.0,0.7885725950185601
0.811901026301077,0.9945080482446547,0.9373922938453652,0.6320957121064721,0.19589784263515778,0.8124999999997693,0.0,0.786788218175467
0.7824935925154016,0.994655055427523,0.9386621064421088,0.5430729603698217,0.23132610978349272,0.7840909090906862,0.0,0.7849983514221689
0.7461632127892959,0.9960295369798472,0.9340436055205886,0.6528942418977322,0.2565434195307549,0.749999999999787,0.0,0.7832031184623606
0.7209352170327918,0.9950592480786923,0.9288055095041613,0.5972645361694766,0.2898609444610496,0.7244318181816123,0.0,0.7814024638474785
0.6889153758521549,0.9954834107104136,0.9273685994554061,0.5622245461895207,0.3243238121647186,0.6931818181816212,0.0,0.7795964517353178
0.6674857620130357,0.9968398136361813,0.9347373857562021,0.5488902807033877,0.34110433497110765,0.6732954545452633,0.0,0.7777851165097456
0.06394499467013293,0.0022228758065801113,0.014586200074060598,0.10178998178383161,0.47466274237724976,0.05397727272725738,0.0,0.7759684926559735
0.9879363695861274,0.995248095040413,0.9492784697236143,0.5754628551901982,0.022625866745838646,0.9857954545451744,0.0,0.7741466147599019
0.9946018081913872,0.997685453006889,0.9450954048400626,0.557186038318043,0.015575894975949882,0.9943181818178993,0.0,0.7723195175074583
0.9943363230782234,0.9992567148699079,0.9459954598197884,0.5639353938951915,0.013360379870734303,0.9943181818178993,0.0,0.770487235683942
0.9966307987044186,0.9927471039949854,0.945815065060285,0.5853216247103024,0.016721187717905123,0.9943181818178993,0.0,0.768649804173357
0.9522209036698697,0.993277683043487,0.9505178005544872,0.586442553400258,0.05665700472979291,0.9517045454542751,0.0,0.7668072579577512
0.9951886621867566,0.9985759401638465,0.9472260592439772,0.5921105068533278,0.010914443032445537,0.9943181818178993,0.0,0.7649596321165477
0.9423979549249156,0.9941474519404598,0.9485619394320491,0.6341227697460522,0.0639446254873826,0.9403409090906419,0.0,0.7631069618258804
0.9010029354366922,0.9917786976055188,0.9574911434839344,0.6566687428689632,0.09968398673719712,0.900568181817926,0.0,0.76124928235792
0.8583837830584178,0.9953259642974052,0.9557528209056465,0.5638306922982113,0.14817477277786498,0.8579545454543017,0.0,0.7593866290802066
0.8137361064160241,0.9955796578205126,0.9639942360673229,0.5770672837324611,0.18577240319749372,0.8153409090906775,0.0,0.757519037454973
0.9991552042598643,0.9935720134752954,0.9404146964541017,0.611829380550318,0.01320582746798151,0.9971590909088075,0.0,0.7556465430384725
0.9951040964517386,0.9971755915897216,0.9402488758331644,0.5756924317207448,0.01641251609850196,0.9943181818178993,0.0,0.7537691814802983
0.06252405272533716,0.004839436865551441,0.010170622197149677,0.07442906564547229,0.48099669722142635,0.05397727272725738,0.0,0.7518869885227099
0.9882757507023787,0.9951176035214895,0.9438496631366913,0.5338045073718982,0.028670446780628495,0.9857954545451744,0.0,0.7499999999999464
0.9404621485071436,0.9983840238962557,0.9421611086400385,0.5559112450290814,0.07013931295366325,0.9403409090906419,0.0,0.7481082518375508
0.9991715104648486,0.9931488248621929,0.9494534888107214,0.568321075795367,0.013520225204513174,0.9971590909088075,0.0,0.7462117800516798
0.05591325068987262,0.006161501929222455,0.019299564646569952,0.10158191277804599,0.4701455564191587,0.04829545454544087,0.0,0.7443106207484241
0.9952098560192681,0.9992875358173794,0.9408849517557295,0.6520252055815291,0.007794923210049472,0.9943181818178993,0.0,0.7424048101231155
0.9484580024097025,0.9951831657713263,0.9496486033017091,0.5494759369163797,0.06157867055489124,0.9488636363633667,0.0,0.7404943844596411
0.9041270365352512,0.9971309736315344,0.949873384744151,0.6720696189815132,0.09449343068378668,0.9034090909088341,0.0,0.7385793801297513
0.8568302364613829,0.9956386920030534,0.9578416863660305,0.5762005704703744,0.14596111625822822,0.8579545454543017,0.0,0.7366598015622775
0.8202232451377055,0.9968251634813787,0.9609487091935225,0.6575157522891228,0.17338002997047447,0.821022727272494,0.0,0.7347357813928931
0.7841827144143813,0.9928228423550854,0.9685303308338012,0.5450744392882091,0.2171298835982682,0.7869318181815946,0.0,0.7328072601625036
0.06432545626267247,0.0015271128034953666,0.01963237583517657,0.03827725157046136,0.47753058635993473,0.05397727272725738,0.0,0.7308742743648403
0.08908862201472148,0.0037934695907806625,0.02513917670565964,0.10105590242057756,0.4941409669256873,0.07670454545452367,0.0,0.7289369252328505
0.11668244365924178,0.00220524066996048,0.02409565043162203,0.11465751067567473,0.5147724919156256,0.09943181818178996,0.0,0.7269952498697217
0.05742551911687594,0.0043126971452264505,0.012805930666410666,0.10251195003235059,0.4713487643020347,0.04829545454544087,0.0,0.7250492205186659
0.07698624460348817,0.0047657367566307065,0.015097695142866971,0.052447413692183024,0.49209386162258173,0.06534090909089052,0.0,0.7230989065548526
0.10549734075699166,0.005555340755431394,0.01888846255446733,0.07161058861274872,0.5149053549083521,0.0909090909090651,0.0,0.7211443451094492
0.06169200196074512,0.0063728158975623565,0.009333263074661473,0.03333206883717386,0.4833300292923571,0.05113636363634909,0.0,0.7191855733944874
0.09175959642565121,0.004077979395729312,0.019706626472666543,0.09901857187543246,0.4996735417623788,0.07954545454543195,0.0,0.7172226287021571
0.11383549857361155,0.004729786007038906,0.018305378407513465,0.1097408369748371,0.516822878446622,0.09659090909088167,0.0,0.7152555484040962
0.1370103421282162,0.00751639229138331,0.022344040130997063,0.03477185121897658,0.5465138514868931,0.11931818181814796,0.0,0.7132843370637604
0.9975160493625154,0.9992982141399653,0.948012950251892,0.6522662270804069,0.0019186543074584323,0.9971590909088075,0.0,0.7113091308702989
0.9473272636107828,0.998510788088058,0.9537391142830414,0.6106178760758998,0.054694432211215255,0.9460227272724585,0.0,0.7093298687686632
0.9050574894443162,0.9977761776181854,0.9559645617165367,0.6274784250975646,0.0953041420997879,0.9034090909088341,0.0,0.7073466213280689
0.8587088571119915,0.9973150736241561,0.9591454266573686,0.6264745159201587,0.13968489732527553,0.8579545454543017,0.0,0.7053594263066882
0.8260824713720433,0.9968435195249707,0.9661369250181134,0.5346227054188956,0.17625821433925568,0.8267045454543106,0.0,0.7033683215378504
0.7925358973506332,0.9942262862442911,0.9731019137643614,0.6526891716417303,0.19901239852643288,0.7926136363634112,0.0,0.7013733449293185
0.7608048193968637,0.9953644872258922,0.9796723667397668,0.6555486051889707,0.22337626138665737,0.7642045454543284,0.0,0.6993745011173276
0.723750089157876,0.993020185927176,0.9849787896758714,0.6243321936504611,0.26250202379381193,0.7272727272725207,0.0,0.697371894783892
0.06574535957374168,0.0032843453107494025,0.013387977534242125,0.1037403981534747,0.47866953630593795,0.05681818181816566,0.0,0.6953655642445875
0.08812085093838289,0.006362413756258531,0.014951641448754464,0.04525784150081224,0.5053674019357033,0.07670454545452367,0.0,0.6933554808183607
0.11667358946967064,0.012341406788708808,0.014215894927445986,0.9999999999999281,0.4495503532877656,0.09943181818178996,0.9999999999989999,0.6913417161824955
0.13732070032984983,0.01527286770670589,0.0029497304453566754,0.9999999999999281,0.47644786406729134,0.11931818181814796,0.9999999999989999,0.6893243086761672
0.16036022991026985,0.013962113022577653,0.0059394491527388835,0.9999999999999281,0.49395188680738045,0.1392045454545059,0.9999999999989999,0.6873032967079069
0.17925762769471473,0.012850356581263623,0.014807376147506207,0.9999999999999281,0.506295763266121,0.15624999999995562,0.9999999999989999,0.6852787187548692
0.9466712366649337,0.9788005365859703,0.9352291078312889,0.9999999999999281,0.04691236509980249,0.9431818181815503,0.9999999999989999,0.6832506133621001
0.8648269739678297,0.9620902907251573,0.9344984495582699,0.9999999999999281,0.14251368370025647,0.86079545454521,0.9999999999989999,0.6812189852530396
0.7945190393514112,0.9437452328829791,0.9335449104838004,0.9999999999999281,0.22535573871100384,0.7926136363634112,0.9999999999989999,0.6791839747726015
0.7296678918004077,0.9310019991399934,0.9315168472242408,0.9999999999999281,0.30138697954157784,0.7272727272725207,0.9999999999989999,0.6771455189988095
0.6737725458612834,0.9151032938524403,0.9263081452351617,0.9999999999999281,0.36994472195660333,0.6732954545452633,0.9999999999989999,0.6751036906296858
0.6208929076447759,0.8998814957611976,0.9174628383885564,0.9999999999999281,0.439505712691144,0.6193181818180059,0.9999999999989999,0.6730585285386987
0.06516630186326694,0.009189715608172824,0.007466544724605871,0.9999999999999281,0.40746684925271126,0.05681818181816566,0.9999999999989999,0.6710100716627865
0.0911923825238208,0.009475913769187393,0.002799849951403208,0.9999999999999281,0.43230587143011084,0.07954545454543195,0.9999999999989999,0.6689583590016158
0.11943207575147585,0.009412198740596468,0.006499817373609765,0.9999999999999281,0.4533264121733604,0.10227272727269825,0.9999999999989999,0.666903429616838
0.14452325659671877,0.015325543794615506,0.010850662730947805,0.9999999999999281,0.4788045919854379,0.12499999999996447,0.9999999999989999,0.6648453226313465
0.9435051406358588,0.9806875727186318,0.9399984704177989,0.9999999999999281,0.04622894089846274,0.9403409090906419,0.9999999999989999,0.6627840428485053
0.8538683410885426,0.9670458907412639,0.9261454184479974,0.9999999999999281,0.15061395485423493,0.8522727272724852,0.9999999999989999,0.6607196982201818
0.7837741842377377,0.9504130411282875,0.9150357986262209,0.9999999999999281,0.23922858150759277,0.7812499999997781,0.9999999999989999,0.658652328202499
0.7238995332337862,0.9304067007660015,0.9059319867535205,0.9999999999999281,0.3183470675470549,0.7215909090907041,0.9999999999989999,0.6565819032418275
0.6610850492712668,0.9153633475356128,0.9066057641773573,0.9999999999999281,0.3922264804692871,0.6590909090907219,0.9999999999989999,0.654508497187427
0.6055261205464303,0.8960480833940194,0.8943698718728537,0.9999999999999281,0.46646416858425616,0.6051136363634644,0.9999999999989999,0.6524321495139589
0.06714919406167472,0.0032860231066068023,0.01452183757758538,0.9999999999999281,0.39980548691147716,0.05681818181816566,0.9999999999989999,0.65035289975209
0.08893027645775807,0.006517118195492605,0.010093107915576965,0.9999999999999281,0.4240461646973741,0.07670454545452367,0.9999999999989999,0.648270787487739
0.10762349494249868,0.01155472082027295,0.010889357891983677,0.9999999999999281,0.4446761519535624,0.09374999999997338,0.9999999999989999,0.6461858523613225
0.1294166106148088,0.016216334883057352,0.008390499686561794,0.9999999999999281,0.4664031335374819,0.1107954545454231,0.9999999999989999,0.6440981340669988
0.14812718619858137,0.019046026993224063,0.006062745386355165,0.9999999999999281,0.4866070214335953,0.12784090909087276,0.9999999999989999,0.6420076723519157
0.948740163806866,0.9771180587254773,0.934373689165642,0.9999999999999281,0.045777132080129256,0.9460227272724585,0.9999999999989999,0.6399145070154503
0.8584521082257071,0.9635820342036104,0.9315360361425975,0.9999999999999281,0.1482455823459647,0.8551136363633933,0.9999999999989999,0.6378186779084541
0.7750024375923079,0.943648260453795,0.9217170966072323,0.9999999999999281,0.2502463947479586,0.7727272727270532,0.9999999999989999,0.6357202249324916
0.7063251758925584,0.9250902723741514,0.9217813864837713,0.9999999999999281,0.33282624527387317,0.7045454545452544,0.9999999999989999,0.6336191880390833
0.6462445722457503,0.9112927773273521,0.9184638388599374,0.9999999999999281,0.40457887015295724,0.6448863636361805,0.9999999999989999,0.6315156072289423
0.6257817903577777,0.9142975318837964,0.9156099062692922,0.6374526080396627,0.45492272751219187,0.6249999999998225,0.0,0.6294095225512157
0.5998439305333589,0.9143265409108741,0.9209316361117479,0.5879487715192289,0.4796138285814443,0.6022727272725562,0.0,0.6273009389399364
0.5865764780848722,0.9153418310903264,0.9202441820566204,0.6282824747148833,0.4897214809583285,0.5880681818180148,0.0,0.625190002027176
0.5719754310533283,0.9182688027322982,0.9291664271126885,0.6244597894434399,0.49810961498181516,0.5738636363634734,0.0,0.6230766465144518
0.9973522483933758,0.9997080616155944,0.9451029553435547,0.549425433400306,0.011820120704566487,0.9971590909088075,0.0,0.6209609477997896
0.9874163134341233,0.997907514118335,0.9407800648971473,0.6263993616563585,0.01966224292772553,0.9857954545451744,0.0,0.6188429461630427
0.9346763302393903,0.9991808248005002,0.9486220618153,0.5468598802762805,0.07322447732174175,0.9346590909088254,0.0,0.6167226819279086
0.996561475092579,0.9942986743192286,0.9491103857518277,0.6364864428423999,0.00962290630895566,0.9943181818178993,0.0,0.6146001954611633
0.9955336439674735,0.99857231223111,0.9465333678610187,0.6363067541608987,0.007345180447630421,0.9943181818178993,0.0,0.6124755271718889
0.9469533333084035,0.9996306636284891,0.9465176762239008,0.5895742365434404,0.05870471107516765,0.9460227272724585,0.0,0.6103486820462594
0.9938845289053021,0.9935420598006462,0.9390295835685943,0.6477660015076909,0.016332143621472207,0.991477272726991,0.0,0.6082198069690077
0.9379292374549194,0.9954314450035017,0.9385451589716955,0.6479899689560557,0.0687845284468246,0.9374999999997335,0.0,0.6060888360781802
0.059619485491906,0.005870990605735784,0.015752309271797924,0.09648080029589298,0.47469273835094283,0.05113636363634909,0.0,0.6039558454088362
0.08499444506150272,0.005405100587884568,0.01816582707904498,0.06826521840528962,0.4984070138994257,0.07386363636361538,0.0,0.601820875570046
0.1044342434109612,0.008486400204346413,0.017485363544394943,0.02310990968839627,0.5220621021363183,0.0909090909090651,0.0,0.5996839672085557
0.1281933943403047,0.008212144349658789,0.02598133416100656,0.03626485887819205,0.5369057474156756,0.1107954545454231,0.0,0.5975451610080214
0.9915249250625676,0.9954636967882418,0.9473210774434333,0.6061799783864197,0.014937903596465808,0.991477272726991,0.0,0.5954044976882303
0.947423386736913,0.9946814385171203,0.949018471536013,0.5497742092144702,0.06504624933728351,0.9460227272724585,0.0,0.5932619822814201
0.9070863427153137,0.9931976254904976,0.9486229381241439,0.6343476986725213,0.09860693047424895,0.9062499999997425,0.0,0.5911177269938741
0.8677118981412616,0.9940730279788224,0.9426535088047512,0.6639217075096627,0.13746883912895796,0.8664772727270265,0.0,0.5889717727368787
0.8318880528921571,0.9907647255611525,0.9456056613914257,0.6640778691388413,0.17278104765907343,0.8323863636361271,0.0,0.5868240888334231
0.7944055217822623,0.9878692771260934,0.9441665804479789,0.5740809563082635,0.22033930075918737,0.7954545454543194,0.0,0.5846747519244704
0.9910161808013339,0.9975172650320002,0.9365581161005373,0.6344561283497776,0.015394410227719802,0.991477272726991,0.0,0.5825237670679407
0.9424597832780429,0.9949582695976469,0.9410918356665579,0.6682474538716124,0.06347996194116597,0.9403409090906419,0.0,0.5803712828018718
0.8999388460391248,0.9922543580337285,0.9488886221853149,0.5965438529013675,0.10820697018783924,0.900568181817926,0.0,0.5782171966067126
0.8536949025958657,0.9904746677904956,0.9443519335124038,0.5787783772532253,0.16119410984410218,0.8522727272724852,0.0,0.5760616930949171
0.8129772916444153,0.9870989232898354,0.9506212781241212,0.5366048551462803,0.20451700447985144,0.8124999999997693,0.0,0.5739047055647641
0.778659403094835,0.988918471290112,0.9453957403272495,0.5534520980638568,0.2349405412431056,0.7812499999997781,0.0,0.5717463109955491
0.7508845417131889,0.9913856133172373,0.9399533146120245,0.5697755420582071,0.2621592352757471,0.7528409090906951,0.0,0.5695865504799922
0.9993868449082892,0.9992669717265862,0.9459309988753793,0.6522089843200267,0.0,0.9999999999997159,0.0,0.5674254651368209
0.9433120364612191,0.998081956927922,0.9510179316537086,0.5676886058459791,0.06276998561142787,0.9431818181815503,0.0,0.5652630961099856
0.8953826707925459,0.9986817010195521,0.947065410151892,0.6424147643543123,0.10553645452958799,0.8948863636361095,0.0,0.5630994845678748
0.852266758749978,0.9941627537782293,0.9514904496497508,0.6648599641967842,0.14772346561407715,0.8522727272724852,0.0,0.5609346717025335
0.8171910715118521,0.9976807776224406,0.9453334044083637,0.5455857443077258,0.19193089367900434,0.8181818181815856,0.0,0.5587686987288789
0.9877575014727649,0.9956606527588543,0.9488717709982764,0.5577644806330906,0.02401918564963146,0.9857954545451744,0.0,0.5566016068839137
0.9331037537083017,0.9966155326925905,0.9512769687020339,0.6080014211928007,0.07161443290629038,0.9318181818179171,0.0,0.5544334374259425
0.8850643483089619,0.9995519381227529,0.9452707540565051,0.5559708003277412,0.1216561219285255,0.8863636363633846,0.0,0.552264231633787
0.8407376473190139,0.9992962757452369,0.9451974228914003,0.5970769843306782,0.16356872585618604,0.840909090908852,0.0,0.550094030805999
0.9988966711992472,0.9953845304825768,0.9497972384147222,0.6733120945391636,0.0024219570902469594,0.9971590909088075,0.0,0.5479228762600727
0.9545780270508977,0.997379337905931,0.9546088075350605,0.6409461651203966,0.044080916045310475,0.9545454545451835,0.0,0.5457508093316625
0.9025703122275165,0.9987190115991382,0.9637077484888307,0.5705120026234703,0.09626223011035799,0.9034090909088341,0.0,0.5435778713737902
0.06282327420246515,0.0011436743769011645,0.014846749452443023,0.04676351329638129,0.4785103838872787,0.05397727272725738,0.0,0.5414040675199198
0.08781471863095533,0.005470479284120862,0.011921041198652204,0.08379039965877523,0.4997442341256241,0.07386363636361538,0.0,0.5392295116149466
0.9954942859029492,0.9931702755273084,0.950514206229652,0.59308809587205,0.013717817277196807,0.9943181818178993,0.0,0.5370542450976618
0.06672001260175617,0.0067727395873159076,0.019525560893502138,0.013445877202508416,0.48673107636775625,0.05681818181816566,0.0,0.5348782368720244
0.09744416726369931,0.00613424250436369,0.02123068270575263,0.13860636017169806,0.500024122132357,0.08238636363634023,0.0,0.5327015646150333
0.11535827142130091,0.009311463864947453,0.02025452935668252,0.1384585894618364,0.519944039136309,0.09943181818178996,0.0,0.5305242697673906
0.14152550780042333,0.0076824837450950615,0.02680726097114769,0.11403925901734528,0.5406532463309484,0.12215909090905619,0.0,0.5283463937816507
0.15635657745666054,0.005699286516369499,0.024480485138971653,0.02139481870079325,0.5623183685407459,0.1363636363635976,0.0,0.5261679781214345
0.16943044408785313,0.0037450154242730503,0.02582040413862269,0.007206023003347073,0.5727631369126358,0.14772727272723077,0.0,0.5239890642606347
0.18857642351265852,0.006576094388302028,0.02728601775172764,0.07437697913260585,0.5826581865994307,0.16193181818177219,0.0,0.521809693682631
0.20187574966556776,0.004924519542701027,0.021996089339983146,0.04498639410146756,0.6003080588567685,0.17613636363631363,0.0,0.5196299078794971
0.2107322256221153,0.005257609658307693,0.024990969650970158,0.0484833762837354,0.6046576060065173,0.1818181818181302,0.0,0.5174497483512134
0.2190030235959608,0.0017308396731798203,0.027303099087929866,0.07410371236422718,0.6071343455515592,0.19034090909085505,0.0,0.5152692566048747
0.23421888122283593,0.002497871189913505,0.027435406346857604,0.028109105674438358,0.6258565436390564,0.2045454545453964,0.0,0.5130884741538998
0.2440337706788822,0.004801858738827158,0.0318879592352059,0.14713339165556466,0.6238756202275421,0.2130681818181213,0.0,0.5109074425172437
0.25839546015053444,0.002170124250184866,0.03030513162914767,0.07518588437011546,0.6400725242083138,0.22443181818175442,0.0,0.5087262032186057
0.2624064817059685,0.007216528537420106,0.02641490913236113,0.1130912291230868,0.6452298171795852,0.2272727272726627,0.0,0.5065447977856361
0.9910312432401835,0.9963256474361832,0.9510354358126196,0.5675788822587441,0.018888774856884085,0.9886363636360828,0.0,0.5043632677491513
0.9366806673586724,0.994573844315499,0.954706411457935,0.6133077853648325,0.068485896256793,0.9346590909088254,0.0,0.5021816182816576
0.8909252064333388,0.9923404756923476,0.9493680366565964,0.5744952972746051,0.12118273090276313,0.8892045454542927,0.0,0.4999999999999643
0.9934859175019671,0.9937913190395409,0.9375309521506265,0.6641986225846295,0.015331919941973403,0.991477272726991,0.0,0.4978183453575912
0.05873807138675631,0.006593533076888547,0.01434875946018286,0.03408480364646737,0.4784864124329951,0.04829545454544087,0.0,0.49563673225077726
0.08124715538563691,0.00834910254900072,0.023189936187838874,0.05119395486278763,0.4944454990740621,0.0681818181817988,0.0,0.4934552022142927
0.099600812285936,0.011317947121705205,0.024370604368690593,0.11735672091146879,0.5074880648286295,0.08522727272724852,0.0,0.49127379678132316
0.12468468671258004,0.01262677869635255,0.018935751629057345,0.09181649219090704,0.5356957433793516,0.10795454545451481,0.0,0.48909255748268476
0.9875868528839679,0.9962167244792948,0.9429621929135115,0.6506946969016174,0.017952682724127353,0.9857954545451744,0.0,0.4869114894974627
0.9419223403015514,0.9944116530063074,0.9473754687861436,0.5935272164229207,0.06778803383081412,0.9403409090906419,0.0,0.48473074339505384
0.8962427168231426,0.992931339579296,0.9454677632971323,0.6065287494392658,0.11390485067578154,0.8948863636361095,0.0,0.4825502516487152
0.9899541276089735,0.9998076406732181,0.9497979149932789,0.6700804251530231,0.007690627708921117,0.9886363636360828,0.0,0.48037005578743847
0.996158054223505,0.9937758472157805,0.9478597526880733,0.599729399761118,0.013780998000218467,0.9943181818178993,0.0,0.47819030631729764
0.948608772188725,0.9915728122009206,0.9471822727050574,0.5380498864149231,0.06931052701617009,0.9460227272724585,0.0,0.47601093573929404
0.9042199912739988,0.9892274552259137,0.9505415462840529,0.574776277468964,0.10897840722164653,0.9034090909088341,0.0,0.47383202187849444
0.855797920255762,0.9891228986100612,0.9573691761232371,0.6610833636957176,0.14672679307837694,0.8551136363633933,0.0,0.4716536062182778
0.8183684465332879,0.9869968688128365,0.9619546400886619,0.5699183191535898,0.1912278854027793,0.8181818181815856,0.0,0.46947573023253797
0.7870446630668626,0.9842745883733766,0.961445318927741,0.6049323228816774,0.22166293576094617,0.7869318181815946,0.0,0.4672984353848953
0.7491405304988786,0.9861978083610696,0.9654165046721805,0.5701375695588475,0.2582874432706731,0.749999999999787,0.0,0.4651217631279044
0.7207999328159556,0.9863854169507453,0.9680148107332676,0.6276632168618279,0.277474714321198,0.7244318181816123,0.0,0.46294571864122747
0.693354128995282,0.9866921151265261,0.9724252540469663,0.6582163181392555,0.3009892627040245,0.6960227272725296,0.0,0.46077045213604434
0.672996810591903,0.9832936847413111,0.9726921112773067,0.652143367679614,0.3239060613297653,0.6761363636361715,0.0,0.4585958600077211
0.650893017032228,0.9860766110891416,0.9760014529704315,0.5931886086372178,0.345265096447045,0.6562499999998136,0.0,0.45642212862613835
0.6329143572315825,0.9829182097259894,0.9807489818433957,0.6052442893530808,0.3616801296844736,0.6392045454543639,0.0,0.45424919066826625
0.6119016541523224,0.9806335032263448,0.9776556686074837,0.593098926941593,0.385668344473311,0.6193181818180059,0.0,0.4520771237398558
0.5893138659632802,0.9771376695903768,0.9751230654031986,0.5660128014490521,0.4145146300154586,0.5965909090907396,0.0,0.44990593301585347
0.566431579584236,0.9807052551695912,0.9765104628117496,0.605689682818301,0.43026928505049267,0.5738636363634734,0.0,0.44773576836614176
0.5547371261562235,0.9810442934439362,0.9773389969756093,0.6761128353996683,0.4348095595935414,0.5624999999998401,0.0,0.44556656257398597
0.5362871423729897,0.9811497714617583,0.9792987357334535,0.6082294561659691,0.45681132131264995,0.5454545454543904,0.0,0.44339839311601487
0.5182907931682885,0.9809196651140462,0.9846191828459098,0.5893397313463613,0.47337141903775964,0.5284090909089408,0.0,0.4412313012710496
0.5083486748042713,0.9775293926169891,0.9788757256807162,0.6439439610527303,0.4822004896020414,0.519886363636216,0.0,0.4390653282973951
0.5016336702803762,0.9746577305063597,0.9790458282193898,0.6635954156962734,0.4911727389791844,0.5113636363634911,0.0,0.436900515432054
0.9313681266850403,0.9791876142857378,0.9420803874525447,0.9999999999999281,0.057854060598339196,0.9289772727270088,0.9999999999989999,0.434736903889943
0.830356321602762,0.9648516934358705,0.9318480132658091,0.9999999999999281,0.1725748403038203,0.8295454545452189,0.9999999999989999,0.43257453486310793
0.738561651827022,0.9496076884171134,0.9311284641015806,0.9999999999999281,0.275499274816295,0.7386363636361538,0.9999999999989999,0.4304134495199364
0.6602377523569566,0.9349993705441049,0.9212183758377646,0.9999999999999281,0.367662250384944,0.6619318181816302,0.9999999999989999,0.42825368900437955
0.9242046321330579,0.9774451634291583,0.9351072503448442,0.9999999999999281,0.070674338395518,0.920454545454284,0.9999999999989999,0.42609525847353275
0.8179461459954737,0.9600248958125767,0.9297378381666943,0.9999999999999281,0.19143847169180703,0.8153409090906775,0.9999999999989999,0.4239383069050115
0.7268663665580924,0.9406490465682188,0.928936964386391,0.9999999999999281,0.2976692705095194,0.7244318181816123,0.9999999999989999,0.42178276747985427
0.6408497131547866,0.9217519759505106,0.9154763707761336,0.9999999999999281,0.40039055175606275,0.6420454545452722,0.9999999999989999,0.41962871719805706
0.5688027515473754,0.9038122652801045,0.9082619287168749,0.9999999999999281,0.4883913333373759,0.5710227272725651,0.9999999999989999,0.41747619706963146
0.5043942081324181,0.8851714093655505,0.9027903846092838,0.9999999999999281,0.5620614324172805,0.5085227272725829,0.9999999999989999,0.4153252480754584
0.924769407300523,0.980320188756923,0.9403274206532726,0.9999999999999281,0.06335845213484188,0.9232954545451922,0.9999999999989999,0.4131759111665052
0.8191135390065084,0.9597097308501036,0.9391034906346962,0.9999999999999281,0.1848941714678262,0.8181818181815856,0.9999999999989999,0.4110282272630498
0.7206897300495838,0.9423930813518733,0.9338298689786149,0.9999999999999281,0.2998764316483935,0.7187499999997958,0.9999999999989999,0.40888220150174015
0.6386280299380787,0.922902814802291,0.9251142192277514,0.9999999999999281,0.39822940688299013,0.6392045454543639,0.9999999999989999,0.4067379819956039
0.04556433156340507,0.006621640108328182,0.006474028291048647,0.9999999999999281,0.38604587876260504,0.03693181818180772,0.9999999999989999,0.4045955023116985
0.05008195493326419,0.00950871240052454,0.0026855858898367896,0.9999999999999281,0.3955949285635548,0.042613636363624294,0.9999999999989999,0.40245483899190726
0.05949019187897713,0.014121324757834028,0.013337920416565355,0.9999999999999281,0.4032276373482625,0.05113636363634909,0.9999999999989999,0.40031603279137284
0.06166555157912221,0.014659072265339848,0.01330092598913233,0.9999999999999281,0.40649876679281033,0.05397727272725738,0.9999999999989999,0.39817912442988246
0.06572232856682615,0.018731046913155906,0.011951036951892388,0.9999999999999281,0.4131243086631993,0.05681818181816566,0.9999999999989999,0.39604415459109216
0.06886467709469675,0.02303222081968013,0.015174910011346921,0.9999999999999281,0.4179953951084281,0.059659090909073946,0.9999999999989999,0.39391116392174885
0.9173356548166359,0.9772130833947984,0.9414869246085394,0.9999999999999281,0.07381704244392874,0.9147727272724673,0.9999999999989999,0.3917801930309209
0.807923716926138,0.9574678571964352,0.9300731473521375,0.9999999999999281,0.20181033312980687,0.8068181818179525,0.9999999999989999,0.3896512824892213
0.9161837382285087,0.9806099030079972,0.9325738644218009,0.9999999999999281,0.07489982185358152,0.9147727272724673,0.9999999999989999,0.3875244728280399
0.8102326646586286,0.9623273943807593,0.9340518875569421,0.9999999999999281,0.19344840861307452,0.8096590909088609,0.9999999999989999,0.38539980453876527
0.7204642766441052,0.946741280813855,0.925237994059597,0.9999999999999281,0.30006987911185,0.7187499999997958,0.9999999999989999,0.3832773180720202
0.9228441736771331,0.9819641197323767,0.935346121309004,0.9999999999999281,0.06699474091846969,0.920454545454284,0.9999999999989999,0.3811570538368861
0.8136760729686143,0.9680865962977798,0.9298568201461609,0.9999999999999281,0.1878338143201885,0.8124999999997693,0.9999999999989999,0.37903905220013895
0.7154879602308383,0.9513214802293575,0.9178647120852356,0.9999999999999281,0.3023934477363638,0.7159090909088875,0.9999999999989999,0.37692335348547673
0.6337491084902489,0.9345978984604545,0.9056754986601163,0.9999999999999281,0.4000257985708916,0.6363636363634556,0.9999999999989999,0.3748099979727528
0.5588128475189731,0.9206798673069909,0.9020685443991515,0.9999999999999281,0.48614455722826444,0.5624999999998401,0.9999999999989999,0.3726990258972095
0.541410729030068,0.9215506859126561,0.9034018080545615,0.5965421021316428,0.5371542441770455,0.5454545454543904,0.0,0.3705904774487131
0.5282711224710761,0.9181982908180667,0.9064839075017589,0.6334663092853726,0.5465935951220398,0.5340909090907574,0.0,0.3684843927709863
0.5138114341726561,0.9193989462381689,0.9005326592162896,0.6453150247556493,0.5612737389487233,0.519886363636216,0.0,0.3663808119608452
0.49629619707945577,0.919011712562807,0.8994359456802861,0.5480546502026807,0.5705508317177019,0.5028409090907662,0.0,0.3642797750674369
0.9937938992057674,0.993121389035198,0.9499408220750077,0.624344177892784,0.01409525789403416,0.991477272726991,0.0,0.3621813220914747
0.9489286945479349,0.9958223331930406,0.9550870456866664,0.5799452230371989,0.056105777187576,0.9488636363633667,0.0,0.36008549298447856
0.8966373365388693,0.9993838484971935,0.956088602444051,0.6190379263759087,0.10037601646975572,0.8977272727270177,0.0,0.3579923276480131
0.8503821607161354,0.9943574897068072,0.9624562261809804,0.5918754675150377,0.15214047440232648,0.8494318181815769,0.0,0.35590186593293
0.8100771445466985,0.99368295150438,0.9678326421156054,0.5904190492574576,0.18731158990716706,0.8124999999997693,0.0,0.3538141476386066
0.7700278982679661,0.9972887205114078,0.9740616839471454,0.5520264565495481,0.2247923200923319,0.7727272727270532,0.0,0.3517292125121897
0.9979989035139879,0.9950427073967255,0.943680505430442,0.6559210500192832,0.00680268871166613,0.9971590909088075,0.0,0.3496471002478383
0.9475160513554836,0.992938218671956,0.9381596524777651,0.6454471636268773,0.06265552841655496,0.9460227272724585,0.0,0.34756785048597005
0.9018339729609327,0.9913839716706162,0.9376648234668215,0.6611405768924313,0.10799743059448902,0.900568181817926,0.0,0.3454914682311112
0.8643215378421979,0.9917013919840311,0.937948946478902,0.5521597971503094,0.15394237549747264,0.8636363636361183,0.0,0.3434180967581012
0.06363264195967162,0.004230694460370067,0.020739520857490052,0.035044662872568515,0.47948560102230015,0.05397727272725738,0.0,0.3413476717974296
0.08650555646475364,0.006039750050554548,0.014794575964625389,0.003254699761935132,0.5060222626669764,0.07386363636361538,0.0,0.33928026734839495
0.10893222240851606,0.0031602342117042293,0.023694752283913698,0.032811198045480716,0.5171973007465669,0.09374999999997338,0.0,0.33721592277139795
0.1327096831744019,0.006377238616746273,0.02464687840852307,0.08156261345173714,0.5348855223439907,0.1136363636363314,0.0,0.335154677368582
0.15591953802461422,0.01003940719720971,0.021326924875575425,0.08358970118052145,0.55882095835927,0.13352272727268932,0.0,0.3330965703830908
0.17012295783311643,0.010819778682312564,0.021371550179649406,0.07522012096262119,0.5743002084565173,0.14772727272723077,0.0,0.33104164099831257
0.18292474642813392,0.011079628932461519,0.024715457242046334,0.06971235507372618,0.5848908390993955,0.1590909090908639,0.0,0.32898992833714236
0.988565325539579,0.9992526443547707,0.9455259687527237,0.6703545332212931,0.009914351267544757,0.9886363636360828,0.0,0.32694147146123015
0.9408598874334505,0.9962579156421459,0.9418109158518712,0.5893792700373961,0.06904411133293872,0.9403409090906419,0.0,0.32489630937024294
0.8933662855248147,0.9925506232075062,0.9376563579736154,0.6725096926783911,0.11457174708102894,0.8920454545452011,0.0,0.32285448100111924
0.8544364697491565,0.991778533077344,0.9444335219903008,0.6337188406823727,0.15249242254554235,0.8551136363633933,0.0,0.3208160252273271
0.8150930055710887,0.9902951821873481,0.9489676568255236,0.5565638039518708,0.19811065784137713,0.8153409090906775,0.0,0.31878098085812623
0.7763250210415187,0.9899528483428788,0.9443299978171139,0.6317786933728077,0.23055185269161788,0.7784090909088698,0.0,0.31674938663782887
0.7379732271672251,0.988713810599935,0.94103569262625,0.6222223572709563,0.27054848337290854,0.7414772727270621,0.0,0.31472128124505955
0.7097171128606123,0.986423977016807,0.9443780668246703,0.5791220869329404,0.3030128770218838,0.7130681818179792,0.0,0.3126966695786659
0.9955651306751061,0.9977682321007146,0.9381290648205638,0.6537267867893317,0.010015713399653823,0.9943181818178993,0.0,0.3106756913237612
0.9401521217583177,0.9943906904387818,0.9457596388820887,0.656117856261835,0.06301449439884754,0.9403409090906419,0.0,0.30865828381743315
0.8958950466184027,0.9979072034922282,0.9445228044260783,0.5608224600681998,0.11436191938531763,0.8948863636361095,0.0,0.306644519181568
0.9984995617634606,0.9975407958474646,0.9473230503671485,0.5536611020270625,0.012226190574251842,0.9971590909088075,0.0,0.3046344357553414
0.9504437206728377,0.9957387002093496,0.9430655049626886,0.5855152996873416,0.06077326061524163,0.9488636363633667,0.0,0.3026280718078448
0.9067546055531461,0.9942264022015828,0.9455666388033902,0.6482087621557451,0.0978736440180284,0.9062499999997425,0.0,0.3006254655373557
0.8627791055835401,0.9918224073587847,0.9466322960894548,0.6627834616660668,0.14049613864768157,0.8636363636361183,0.0,0.29862665507061004
0.821307814929631,0.992882239776585,0.9525762812472569,0.558017470953443,0.18874816177746115,0.821022727272494,0.0,0.29663167846207855
0.7904855414540625,0.9942537442471562,0.9528174091026878,0.6203480623262094,0.21040506098527123,0.7926136363634112,0.0,0.2946405736932403
0.05470139342686415,0.006311571959961666,0.013713701571346059,0.0735613046518924,0.4722497462264414,0.04545454545453258,0.0,0.29265337867185975
0.0737314298494961,0.004002957430889885,0.013607382818185139,0.009051560655817959,0.49308633486993625,0.062499999999982236,0.0,0.29067013123126556
0.09648910115539164,0.0075767433329222205,0.015361109363312437,0.012054346879718436,0.5147188920383349,0.08238636363634023,0.0,0.28869086912962966
0.06101493118608846,0.0014040103988504564,0.021216215688135264,0.08285537861435838,0.47003433594293514,0.05113636363634909,0.0,0.2867156300492504
0.08147864186168091,0.003240894889117695,0.021217853804104743,0.11950863292555262,0.4852604284468546,0.0681818181817988,0.0,0.28474445159583256
0.10965625938522999,0.0049255845655115475,0.01632688236148452,0.023623885858745475,0.5225173892966504,0.09374999999997338,0.0,0.2827773712977716
0.13670411855199116,0.008492764886635947,0.02255449013134141,0.10431465953884483,0.541115843579739,0.11931818181814796,0.0,0.2808144266054412
0.15966032245545952,0.011302359115118716,0.025087340973371015,0.004283790974674191,0.5708246266207884,0.1392045454545059,0.0,0.2788556548904793
0.17697163481866085,0.008119833077563999,0.03142977199423341,0.09785887231594215,0.5715841051169898,0.15340909090904734,0.0,0.2769010934450761
0.19009859695784787,0.007637255599944997,0.03053365989841037,0.05953104781721013,0.586251899327557,0.16477272727268047,0.0,0.27495074701163297
0.19858807491099711,0.005306237104542088,0.02461284289243742,0.06852758493614156,0.594614218910049,0.17329545454540535,0.0,0.27300475013020714
0.2151367098646734,0.007082918810193491,0.02588054399260729,0.020910789754980483,0.6137972342381913,0.18749999999994676,0.0,0.27106304244150253
0.22404067010470055,0.003977289787467583,0.031070364569982956,0.11886010821094069,0.6062340015619242,0.19318181818176328,0.0,0.269125693382464
0.23610249101775233,0.001641950294249206,0.02913800128778655,0.10337176596031533,0.6178757362895071,0.2045454545453964,0.0,0.2671927398374251
0.9988733322671001,0.9928840808679862,0.9470421614437396,0.5526764488564757,0.01611877827191437,0.9971590909088075,0.0,0.2652642186070356
0.9875185926501566,0.9970633985652725,0.947953448942112,0.579735593225609,0.021375516740237112,0.9857954545451744,0.0,0.2633401664075594
0.9398076632902327,0.997530136029746,0.9462266665021236,0.5980293430348865,0.06541106603946781,0.9403409090906419,0.0,0.26142061987017734
0.8955253230921244,0.9931634040445098,0.950148881461997,0.5455039385410496,0.11707682006923797,0.8948863636361095,0.0,0.25950558366160387
0.8515751714171165,0.9926459102157457,0.9552146946348804,0.6493959349982085,0.14870071323961875,0.8522727272724852,0.0,0.25759518987681307
0.8072046228391755,0.9904065335811068,0.956405698535202,0.5449651324508273,0.2043774629594994,0.8068181818179525,0.0,0.25568937925150426
0.7767126137356328,0.9868584960114724,0.9571401812098017,0.673743983685668,0.22390978545526768,0.7784090909088698,0.0,0.2537882199482486
0.7488899687213089,0.9864718936923766,0.9606338570879055,0.6717833653642628,0.25120498970161004,0.749999999999787,0.0,0.2518917481623781
0.06331071151816073,0.006798255528092962,0.022840770913026123,0.09896152658257634,0.4750393396109564,0.05397727272725738,0.0,0.24999999999998226
0.08855461146110673,0.009814714156370698,0.02788035615416617,0.03746436633228277,0.5033104396335167,0.07670454545452367,0.0,0.24811301147721923
0.9978589558370131,0.996625909706853,0.9374820462727074,0.6222938103555801,0.01111360781210493,0.9971590909088075,0.0,0.24623078718991087
0.9459432444018802,0.9981627171181787,0.9349680669342362,0.5970665041268153,0.0641005422726351,0.9460227272724585,0.0,0.24435345696145655
0.9984353001350553,0.9951819843431152,0.9423037637559766,0.5687607792228192,0.014898035662305386,0.9971590909088075,0.0,0.24248096254495552
0.9503438600302175,0.9935963432588436,0.9419058725289986,0.5501716432143552,0.06605170147141401,0.9488636363633667,0.0,0.24061337091972257
0.056907465668629295,0.0007317586355752236,0.017669789436631597,0.13254169254517945,0.4638279773155206,0.04829545454544087,0.0,0.2387507176420087
0.07803469829653048,0.000415772940540097,0.023003178838282446,0.07464095064811874,0.4833619970396506,0.06534090909089052,0.0,0.23689303817404825
0.09789971552861097,0.0053547397263879635,0.028144891488647145,0.1454060316595416,0.4987151898084297,0.08522727272724852,0.0,0.23504036788338106
0.11844037142810498,0.008377744606492514,0.03607249033193058,0.07433397380740783,0.520947184009325,0.10227272727269825,0.0,0.23319274204217785
0.06659556377719592,0.0015794339185328712,0.014144138596635082,0.04479147299358572,0.4821549603458642,0.05681818181816566,0.0,0.23135019582657151
0.09216344212800318,0.0016623767580856107,0.022317818265196625,0.134004063076028,0.4935956391949299,0.07954545454543195,0.0,0.22951276431598658
0.1098903558346248,0.0008893439359925859,0.02851911475422058,0.03273658496975132,0.5133635171071352,0.09374999999997338,0.0,0.22768048249247028
0.12531296989561364,0.0032074413536129815,0.025321672901586604,0.08580991316045926,0.526059051303153,0.10795454545451481,0.0,0.22585338524002715
0.14960991852290287,0.005966758999440956,0.02521089482261708,0.11975021080718702,0.5451300946618275,0.12784090909087276,0.0,0.22403150734395474
0.9960131649646653,0.9962728538123751,0.9379309041068495,0.6366207405471747,0.012779823655119595,0.9943181818178993,0.0,0.22221488349018323
0.05513394191235836,0.0055031534621255715,0.01887559438554597,0.006724593804934566,0.47527011017163223,0.04545454545453258,0.0,0.22040354826461084
0.08465439931776361,0.008940447749335743,0.023020022064135004,0.14349444671349354,0.4925725153487502,0.07386363636361538,0.0,0.21859753615244984
0.1133868149304006,0.012258938676423052,0.026580028560025035,0.14085220753931277,0.5165616990553353,0.09659090909088167,0.0,0.21679688153756807
0.06660864173198802,0.005140871675001929,0.012234559081447369,0.14125391590728464,0.47734702924713596,0.05681818181816566,0.0,0.21500161870183326
0.09066752125434382,0.007091149542391465,0.018907146783106753,0.08108670872461343,0.5011366776139417,0.07670454545452367,0.0,0.21321178182446193
0.11736389274408156,0.00851744367499503,0.027167195910055515,0.06858001563371727,0.5253304213172377,0.10227272727269825,0.0,0.2114274049813679
0.13855934619289495,0.008096919711446226,0.030366700909285716,0.10871738619102617,0.5371106187214258,0.11931818181814796,0.0,0.20964852214451518
0.16182627080654163,0.007460953515436651,0.029539957492086818,0.1247531033892919,0.5553619465826433,0.1392045454545059,0.0,0.207875137671606
0.1748368595654597,0.0037627504113533906,0.0324634267784469,0.04205582877422968,0.5697470902459575,0.15056818181813905,0.0,0.20610734443706122
0.18957519536955073,0.005437003573133313,0.02896592426637219,0.061428306172627414,0.5850072053066043,0.16477272727268047,0.0,0.20434517581819428
0.9962222171137964,0.9934734363364339,0.9445033046195088,0.648580230444616,0.011168753393399646,0.9943181818178993,0.0,0.20258860662431502
0.9951598107372206,0.9964648946112086,0.9379579391974375,0.6705496565182195,0.009648937125051995,0.9943181818178993,0.0,0.20083769971465618
0.9476891221855955,0.9946362560328251,0.9345269319661557,0.5802775007043534,0.0685481513091369,0.9460227272724585,0.0,0.1990924884239621
0.897879576074892,0.9922824928995794,0.9309884950058778,0.5664899988909698,0.12121944885016527,0.8977272727270177,0.0,0.19735300597853872
0.774982188894289,0.9730553135953536,0.9265733946421287,0.9999999999999281,0.2220742354443954,0.7755681818179615,0.9999999999989999,0.19561928549562574
0.669656801438001,0.9589469592980259,0.9152046735287808,0.9999999999999281,0.339925431918132,0.6732954545452633,0.9999999999989999,0.19389135998276175
0.5806455659911075,0.9421696969959753,0.9045131463349229,0.9999999999999281,0.44545527074550617,0.5852272727271065,0.9999999999989999,0.19216926233715725
0.4940115088262813,0.9223475425539358,0.9011787815380257,0.9999999999999281,0.527645119761649,0.5028409090907662,0.9999999999989999,0.1904530253450694
0.017685612399729673,0.0033378016981171327,0.01279165599960274,0.9999999999999281,0.3581342759406255,0.014204545454541431,0.9999999999989999,0.18874268168117703
0.8974987645739303,0.9764719946152327,0.9337264817057845,0.9999999999999281,0.09749615150618973,0.8948863636361095,0.9999999999989999,0.1870382639079573
0.7753685518920542,0.9562778643909371,0.9231069414751872,0.9999999999999281,0.23965692709149597,0.7727272727270532,0.9999999999989999,0.1853398044750679
0.661916832899579,0.940789581227956,0.9222341393495004,0.9999999999999281,0.3626471283563237,0.6619318181816302,0.9999999999989999,0.18364733571872877
0.014155236500333653,0.0038042213510943914,0.011282616404045405,0.9999999999999281,0.35631272653182944,0.011363636363633144,0.9999999999989999,0.18196088986110526
0.020278529053937205,0.004452973937122332,0.0001444684117554877,0.9999999999999281,0.3672002260027633,0.017045454545449718,0.9999999999989999,0.18028049900969487
0.019270260356525352,0.005546308181182024,0.014806305085578413,0.9999999999999281,0.3590304084704075,0.014204545454541431,0.9999999999989999,0.17860619515671738
0.01873115376581085,0.01054193825338592,0.0012667132367293304,0.9999999999999281,0.3687173259268588,0.014204545454541431,0.9999999999989999,0.17693801017850552
0.016385806391882005,0.005293104696300765,0.0003033672548177709,0.9999999999999281,0.36213898049613386,0.011363636363633144,0.9999999999989999,0.1752759758348958
0.8964717802306457,0.9755714982428194,0.9380404904496051,0.9999999999999281,0.09638323243161527,0.8948863636361095,0.9999999999989999,0.1736201237686268
0.7712656278329654,0.9605985235156254,0.9285295282694426,0.9999999999999281,0.23676986272296335,0.7698863636361449,0.9999999999989999,0.17197048550473404
0.8974051564999117,0.976957957784264,0.9384160376875476,0.9999999999999281,0.09512635778885757,0.8948863636361095,0.9999999999989999,0.17032709244995356
0.772142485420616,0.9611203499129228,0.9283568680947196,0.9999999999999281,0.23642971926711667,0.7698863636361449,0.9999999999989999,0.1686899758921194
0.6671474078763079,0.9455683591700377,0.9168100814476259,0.9999999999999281,0.35549947898941764,0.6676136363634467,0.9999999999989999,0.1670591669995708
0.024178134181183374,0.003514831248508907,0.011099612368460299,0.9999999999999281,0.3646499348727766,0.019886363636358005,0.9999999999989999,0.165434696820559
0.015447378922443808,0.007722561014405383,0.013989772067765225,0.9999999999999281,0.3582697287115863,0.011363636363633144,0.9999999999989999,0.16381659628265433
0.023397449255591753,0.011785695551695147,0.004835285805827899,0.9999999999999281,0.37385102742211995,0.019886363636358005,0.9999999999989999,0.16220489619215842
0.016850333912577866,0.01446760171667665,0.0016781835669816142,0.9999999999999281,0.37165183166834487,0.014204545454541431,0.9999999999989999,0.1605996272335174
0.014840877403848346,0.016835367880834538,0.014269187464701062,0.9999999999999281,0.36536774621340656,0.011363636363633144,0.9999999999989999,0.1590008199687395
0.023458448483213663,0.01950338680578772,0.011802941163999957,0.9999999999999281,0.3770133168467961,0.019886363636358005,0.9999999999989999,0.15740850483680918
0.014801684458699456,0.022478568056926867,0.00735754985446893,0.9999999999999281,0.37276202329414365,0.011363636363633144,0.9999999999989999,0.15582271215311233
0.016862477825625465,0.025863780835295933,0.0001779882893057768,0.9999999999999281,0.38131127829538325,0.014204545454541431,0.9999999999989999,0.15424347210885425
0.02288827806576725,0.02475537271649892,0.012910688347214616,0.9999999999999281,0.3807034003307213,0.019886363636358005,0.9999999999989999,0.15267081477049022
0.011604862584218759,0.02629047769384858,0.010011064228530372,0.9999999999999281,0.371827813225123,0.008522727272724859,0.9999999999989999,0.15110477007914952
0.014975827331656562,0.008061667674517185,0.014008505371987237,0.9999999999999281,0.35853033255982536,0.011363636363633144,0.9999999999989999,0.14954536785006423
0.01926342732296311,0.0045191238973125315,0.00911173576594608,0.9999999999999281,0.3606273608289529,0.014204545454541431,0.9999999999989999,0.14799263777200516
0.057961350321360856,0.005310021967008659,0.01300148161008892,0.08360111635638477,0.473709669873782,0.04829545454544087,0.0,0.14644660940671597
0.058980546300897364,0.004205215871801435,0.015356533967096346,0.11542303586251854,0.4718845013389572,0.05113636363634909,0.0,0.14490728658965024
0.9941166420999411,0.9944515785500092,0.9447905697918745,0.6489276206052331,0.01307184102691168,0.991477272726991,0.0,0.14337477542289892
0.9382062669531035,0.9949531503662102,0.9481083421623537,0.6075938040124095,0.06864841993432229,0.9374999999997335,0.0,0.14184902828766258
0.8944501800187248,0.9954950542620185,0.947186397950464,0.587302135803817,0.11282876156652878,0.8948863636361095,0.0,0.1403300998306645
0.8527830020610612,0.9970278774059209,0.9452340257173719,0.5797597906259288,0.15554552783332667,0.8522727272724852,0.0,0.13881801897011237
0.8132930609530883,0.9947851295166473,0.9477493073905574,0.5575390718827653,0.19498554025867632,0.8153409090906775,0.0,0.13731281449384622
0.7783264680982351,0.9951467920846481,0.9505313310956764,0.5803714558825863,0.22548034656392127,0.7812499999997781,0.0,0.13581451505879036
0.750325984782302,0.9924708562689921,0.9554616808591233,0.6056812159090001,0.25159530677694547,0.7528409090906951,0.0,0.13432314919040528
0.7245635051917857,0.9945456007278264,0.9582573942251078,0.5477114719224561,0.2793056714736303,0.7272727272725207,0.0,0.1328387452821481
0.6907757829156066,0.992220350519249,0.9641582617312888,0.606055736936858,0.30467262589702104,0.6960227272725296,0.0,0.1313613315949286
0.6596221874140219,0.9934302476678714,0.9711479462994096,0.584034127461956,0.3338079574246902,0.6647727272725383,0.0,0.12989093625657472
0.6370088735851737,0.9942493435256607,0.9735071036162466,0.5503081438347245,0.35774747527487344,0.6420454545452722,0.0,0.1284275872612938
0.614394540546021,0.9957814546025232,0.9697373062324289,0.5805748689126615,0.3752902571491347,0.6221590909089141,0.0,0.12697131246914145
0.5918288555180622,0.994044774488033,0.9658806181011234,0.6519244497158523,0.3946949168689642,0.5994318181816478,0.0,0.12552213960548989
0.5767056926712761,0.9960148783692458,0.9731976726515533,0.5609597929218598,0.41214151342768773,0.5852272727271065,0.0,0.12408009626050251
0.5621906442340815,0.9937528730705094,0.979105729836511,0.64165713085488,0.41852255586274906,0.5710227272725651,0.0,0.12264520988860536
0.5413502213222117,0.9942105120767951,0.9784767111700187,0.5558148637040119,0.4457414935079666,0.551136363636207,0.0,0.12121750780796638
0.5217021256208376,0.9942802187351709,0.9748351356233513,0.5789393034713592,0.46218307318981455,0.5340909090907574,0.0,0.11979701719997589
0.9897920969441145,0.9988118870101775,0.949750549505397,0.6071690301152969,0.01400132869068252,0.9886363636360828,0.0,0.11838376510872708
0.9426650438075025,0.9997434218596917,0.9493200769727108,0.6349725428882723,0.05628840922977567,0.9431818181815503,0.0,0.11697777844050275
0.8920674690791002,0.9967663587615764,0.9525263532945927,0.5828842400127394,0.11277779052408693,0.8920454545452011,0.0,0.11557908396326205
0.8538679581194942,0.9997549256153563,0.9567930948563164,0.592816597163458,0.14452180349530075,0.8551136363633933,0.0,0.11418770830613181
0.8208836391235066,0.9981862353416732,0.962753233910276,0.5954909302721703,0.17696300303141757,0.821022727272494,0.0,0.11280367795889942
0.7795902828264997,0.996815869219597,0.9708786499156472,0.6400327305890533,0.2103282589465426,0.7812499999997781,0.0,0.11142701927150678
0.057732744278806876,0.005802409229851448,0.011676730990995246,0.04287073946563298,0.47822253025379713,0.04829545454544087,0.0,0.11005775845355131
0.08436217178192489,0.0033537401134395,0.020183723355978928,0.09848990446688798,0.49045541098927586,0.07102272727270709,0.0,0.10869592157378537
0.1118372311060261,0.006757826957308984,0.01399398738247855,0.11696551874577889,0.5196218924050058,0.09659090909088167,0.0,0.10734153455962005
0.12854989187697521,0.0067634931945551955,0.02214013980313459,0.0874399511735898,0.5329087689151314,0.1107954545454231,0.0,0.1059946008105496
0.14887132834558753,0.009380139417516323,0.030143292277213827,0.129788512423685,0.5448674066570892,0.12784090909087276,0.0,0.1046552131280708
0.9879125672522765,0.9939397257700677,0.9418656480597383,0.6236823410541077,0.022582398562928367,0.9857954545451744,0.0,0.10332332985437515
0.9417411914145682,0.9911678791301306,0.9376926746308054,0.6604775308431248,0.06859983356396919,0.9403409090906419,0.0,0.10199899873268181
0.8980797712938431,0.9926410128165566,0.9320967164343444,0.6272258149572867,0.11515460306413733,0.8977272727270177,0.0,0.10068224497634636
0.8497744554406242,0.991023562811429,0.9382965953889199,0.6130502739320708,0.16315478711692313,0.8494318181815769,0.0,0.09937309365446266
0.9965118037044248,0.9940510252018473,0.9430845175101542,0.6714722850515248,0.00930980286403249,0.9943181818178993,0.0,0.09807156969138447
0.9478380443147705,0.9960016746920898,0.9505215540972245,0.6687349796896926,0.05296043904131962,0.9460227272724585,0.0,0.09677769786625179
0.060208163124865606,0.0015882467030588416,0.009944361426225004,0.09647747348501443,0.4737599459827495,0.05113636363634909,0.0,0.09549150281251914
0.08927911761821876,0.0032435799205945233,0.011354188687052775,0.10897258560870544,0.4988479647797661,0.07670454545452367,0.0,0.09421300901748733
0.9958835178303395,0.9982792971433222,0.9434677111080554,0.5576298665611981,0.015755783207236803,0.9943181818178993,0.0,0.0929422197068793
0.947178990292473,0.9940969143824188,0.9380737106087998,0.6240786732472369,0.06364320698465693,0.9460227272724585,0.0,0.09167922241915433
0.9068399100180912,0.9908918360297806,0.9347585641050774,0.5726585010442509,0.11169651726706062,0.9062499999997425,0.0,0.09042397785549777
0.8699186078230672,0.9884962177406231,0.9400330597417483,0.5593460876300371,0.14931057547464502,0.8693181818179349,0.0,0.08917653102891175
0.8310917033918298,0.9920851616034296,0.9434181742318288,0.6400823749811687,0.17475992974365515,0.8323863636361271,0.0,0.08793690568898598
0.7940886699302379,0.9912028026402293,0.9437526207300786,0.6286064258768534,0.21310604216793191,0.7954545454543194,0.0,0.08670512543639958
0.7632941345343237,0.9947178639264568,0.9478700882532647,0.6322292320636452,0.23938886578861127,0.7642045454543284,0.0,0.08548121372247305
0.05521644640094726,0.005855852549373508,0.00811433285004313,0.010679151963466353,0.4797585100141853,0.04545454545453258,0.0,0.08426519384872128
0.9948176616856012,0.9947797330902534,0.9425474832959165,0.5683352492434094,0.017980265026516937,0.9943181818178993,0.0,0.08305708896641005
0.9504013305561538,0.9921082016517669,0.9395041708319789,0.56155667008438,0.06725099865973055,0.9488636363633667,0.0,0.08185692207611439
0.9077622701639562,0.9951679951514888,0.9375148963076091,0.6725300312434174,0.0984090053060992,0.9062499999997425,0.0,0.08066469622364922
0.8624754539969198,0.9975572783387961,0.9463199444526269,0.5635007738418353,0.14477010243709965,0.8636363636361183,0.0,0.07948047384741222
0.828709093737844,0.9962551338873828,0.9420036785585107,0.6590097908403909,0.17323078947433934,0.8295454545452189,0.0,0.07830427709355167
0.798337799366058,0.9990335074635504,0.9470407526837096,0.6691664522544104,0.1963066611960524,0.801136363636136,0.0,0.07713608914800797
0.9885400397801498,0.9951581989364919,0.9414073435040133,0.5479190559459021,0.025607997347723753,0.9886363636360828,0.0,0.07597593265337481
0.9383819654771697,0.9933487926391994,0.9481790598608458,0.6213647206241811,0.06868456978505881,0.9374999999997335,0.0,0.07482388750221322
0.8867838547632431,0.9897771652930164,0.9450615560032499,0.5976849241567174,0.1258369059573426,0.8863636363633846,0.0,0.0736799178229489
0.8408050187991094,0.9931132013165982,0.948921256652424,0.5791158649924957,0.1684596530758175,0.840909090908852,0.0,0.07254406466352152
0.8031057887252208,0.9932523190212103,0.9557597714924724,0.5702837704083108,0.20301264389393137,0.8039772727270443,0.0,0.07141634964893888
0.05719161473405565,0.004966700713985226,0.022652533034608832,0.030114298154560994,0.4740306322581321,0.04829545454544087,0.0,0.07029679424926887
0.9920267261781986,0.9986786861401155,0.9478296648543502,0.5993384940611259,0.012775078216014962,0.991477272726991,0.0,0.06918541977923251
0.9461089064362687,0.9956095311422742,0.9444774312065468,0.5687843069612071,0.06457081892591887,0.9460227272724585,0.0,0.06808222908005994
0.06488103470836554,0.0006933353336852744,0.0205522447576822,0.010208872301575262,0.4789357906012371,0.05397727272725738,0.0,0.06698729810777597
0.08631246849185195,0.0005984185760992401,0.023938607852722917,0.04053965742256255,0.4945820443848355,0.07386363636361538,0.0,0.0659005927554241
0.1046006099305798,0.0009811941924752624,0.022036220376875658,0.09727799932983998,0.5048763288710442,0.08806818181815682,0.0,0.06482215203004538
0.12327778620335378,0.007264514743542625,0.02670899757208912,0.12752659495919524,0.522206452832847,0.10511363636360653,0.0,0.063751996463597
0.1395340928048445,0.0037673838761280195,0.02292766149918762,0.015952931049763638,0.5449439125399816,0.11931818181814796,0.0,0.0626901464302976
0.1578889487938741,0.0017765927716557736,0.01683242619522076,0.07339362147382457,0.5579015415393865,0.1363636363635976,0.0,0.061636622146242014
0.17425010490489762,0.0067023279789823155,0.017597495172189268,0.04194385543074478,0.5783770506070649,0.15056818181813905,0.0,0.06059144366901313
0.19452866690652462,0.0055759377299103565,0.016043774044785703,0.0046085122488583406,0.5983858416388437,0.16761363636358875,0.0,0.05955463089730292
0.20700918892509532,0.006487098851845262,0.024351158556465805,0.037263573401329325,0.604053663565232,0.17897727272722191,0.0,0.0585261865000657
0.22092173078994223,0.006308114566627249,0.02085577171161817,0.07314412709678118,0.6164015636747763,0.19318181818176328,0.0,0.05750618126847503
0.23330421776277818,0.008297459903174273,0.01725878491556087,0.0203348306451459,0.6326069339494566,0.20170454545448813,0.0,0.05649458341088516
0.24499729268506978,0.010558267522480675,0.02314905725965923,0.09763473669601488,0.636462052862546,0.2130681818181213,0.0,0.0554914292571278
0.25088595007739994,0.007344823826967148,0.03132777413605329,0.06121001405412531,0.6393004620065024,0.21874999999993786,0.0,0.05449673790581225
0.2650398577982694,0.008731176774514227,0.026403388961205785,0.12690947469219063,0.6480552343190157,0.230113636363571,0.0,0.053510528294427914
0.05444433311234639,0.00030526373770465654,0.014681151641200993,0.03869818940000669,0.47013302263379475,0.04545454545453258,0.0,0.052532819198983616
0.0795412516691088,0.0001539295406518783,0.019190901314546198,0.07378205109347895,0.4876730404143836,0.0681818181817988,0.0,0.05156362923365216
0.10138538656969993,0.0044693011574514045,0.019615710890815298,0.03152081422610155,0.5144140632723819,0.08806818181815682,0.0,0.05060296091078958
0.05447814427223708,0.005159404765645218,0.01708230502886197,0.10090814933889547,0.46751980932514664,0.04545454545453258,0.0,0.04965088033870239
0.07936735714265164,0.0017490952206141955,0.02047806356207217,0.09430361208074292,0.48659662119460434,0.0681818181817988,0.0,0.04870734217124229
0.10068735141715293,0.003944194912026419,0.01456534990860285,0.05366455005893978,0.5113696335746775,0.08522727272724852,0.0,0.04777242727281272
0.12071184329081767,0.004845263454496787,0.008852050800109297,0.08213550244618233,0.531818900902428,0.10511363636360653,0.0,0.046846091114839186
0.13712253525199672,0.0048369419022565975,0.007950710608530856,0.12483329565801103,0.5426077285935323,0.11931818181814796,0.0,0.04592841308745604
0.9966359429799904,0.9983767401024436,0.9366849855729268,0.59069501464426,0.01282810876284588,0.9971590909088075,0.0,0.04501936456172532
0.0613320769223654,0.00678657143471099,0.01812708465310859,0.026782750688018678,0.4805082724910195,0.05113636363634909,0.0,0.04411897821145253
0.09110495772936084,0.005480681809284931,0.017375274579470735,0.07195520182465948,0.5013084026671064,0.07670454545452367,0.0,0.04322725638933591
0.11554969161445686,0.0079700921093106,0.02135966966504779,0.09889410037565678,0.5218742985209335,0.09943181818178996,0.0,0.04234426044027349
0.14170597892976336,0.006238535249568407,0.01828494961682951,0.14318678587105288,0.5405678829709455,0.12215909090905619,0.0,0.04146996280743521
0.15473919283346685,0.009149497108262773,0.014704931583998451,0.02546333418188731,0.5660028103896737,0.13352272727268932,0.0,0.04060438057225737
0.1712070142441467,0.007123054151706007,0.02194024169574199,0.07596739814535146,0.5710667630898657,0.14772727272723077,0.0,0.03974757327377717
0.1886711931914499,0.00446487524376453,0.026428306856576066,0.11654658138414949,0.5776613058970577,0.16193181818177219,0.0,0.038899514164771394
0.14773427108326417,0.01036543943516538,0.012503286357536194,0.9999999999999281,0.47700688857589046,0.12784090909087276,0.9999999999989999,0.03806023374435386
0.10928721632196649,0.015160191323599938,0.009521095026480469,0.9999999999999281,0.4481104168093536,0.09374999999997338,0.9999999999989999,0.037229747991214326
0.07171701285853899,0.019812848101054315,0.0008661227167670132,0.9999999999999281,0.42433219996608385,0.062499999999982236,0.9999999999989999,0.03640807271660362
0.03490015519067068,0.025257350615404225,0.008411883216399733,0.9999999999999281,0.3943236838519941,0.03124999999999115,0.9999999999989999,0.03559522356403529
0.003956345700772938,0.029665545225152787,0.012409852144197701,0.9999999999999281,0.3678258569662143,0.002840909090908286,0.9999999999989999,0.034791216008985465
0.004807765038691836,0.004593787488356306,0.0037811265639532193,0.9999999999999281,0.3516242462540935,0.002840909090908286,0.9999999999989999,0.033996065358598275
0.0042073503784387754,0.008489412307600065,0.007136529026818374,0.9999999999999281,0.35328887488121746,0.002840909090908286,0.9999999999989999,0.03320978675139678
0.8917487373660161,0.9753283147249444,0.9330246592988575,0.9999999999999281,0.1043581505450763,0.8892045454542927,0.9999999999989999,0.03243239515699181
0.7552980515293467,0.9556781476803821,0.931416281327581,0.9999999999999281,0.2535925273366626,0.7556818181816035,0.9999999999989999,0.031663905375798856
0.6292616840358147,0.9354855737232081,0.9174969668403873,0.9999999999999281,0.3999784162237646,0.630681818181639,0.9999999999989999,0.030904332038755783
0.8864134007602104,0.9791591710844006,0.9345970008448327,0.9999999999999281,0.10631829894879609,0.8835227272724764,0.9999999999989999,0.030153689607043538
0.7457402868751936,0.963364007402358,0.9291519504899052,0.9999999999999281,0.2597831975898008,0.7443181818179704,0.9999999999989999,0.029411992371812603
0.621559972625464,0.9437604805043331,0.9192219171619096,0.9999999999999281,0.3983547964697404,0.6249999999998225,0.9999999999989999,0.028679254453908808
0.5198767431660898,0.9254537780366209,0.9090589452232761,0.9999999999999281,0.5161905987979444,0.5255681818180326,0.9999999999989999,0.0279554778157172
0.4230434168109947,0.9099515566491868,0.9013867211121092,0.9999999999999281,0.4694620011277123,0.4346590909089674,0.9999999999989999,0.027240700362348828
0.3479657333861798,0.8916535938213898,0.8936103145400095,0.9999999999999281,0.4165024934499702,0.36363636363626034,0.9999999999989999,0.026534935252445362
0.2844981446291721,0.8735855352204789,0.8880788546975571,0.9999999999999281,0.37372924851807926,0.3039772727271864,0.9999999999989999,0.02583817239689846
0.22338334353513603,0.8576431928376659,0.8831321432526256,0.9999999999999281,0.32902517392623276,0.24431818181811243,0.9999999999989999,0.025150436899059644
0.1738754816976353,0.8450212221476163,0.8788779438333344,0.9999999999999281,0.295546812308056,0.19886363636357984,0.9999999999989999,0.02447174185242143
0.12675309149713368,0.8335006529610559,0.8764914241615326,0.9999999999999281,0.26323536501424905,0.15624999999995562,0.9999999999989999,0.02380210017835915
0.08781648260552508,0.8212961358531027,0.8762743396999746,0.9999999999999281,0.23620653357142904,0.11931818181814796,0.9999999999989999,0.023141524625884938
0.051683853106329294,0.8091005326980198,0.8767723848501815,0.9999999999999281,0.21169758449358522,0.08522727272724852,0.9999999999989999,0.02249002777140499
0.02396687140989718,0.7991115142942383,0.8749467373043848,0.9999999999999281,0.19491374571142106,0.059659090909073946,0.9999999999989999,0.021847622018480665
0.007496437982791031,0.005389085261832695,0.004111675389983957,0.9999999999999281,0.3549437541462274,0.005681818181816572,0.9999999999989999,0.021214319597591194
0.005106800293987747,0.008304102868844766,0.011613953317629142,0.9999999999999281,0.35124695390345584,0.002840909090908286,0.9999999999989999,0.02059013256590213
0.00886856871018038,0.01105460692727937,0.00569499016846295,0.9999999999999281,0.358760014607219,0.005681818181816572,0.9999999999989999,0.019975072807034287
0.8858732592286026,0.9795027916644284,0.9389445461811041,0.9999999999999281,0.10420598828413451,0.8835227272724764,0.9999999999989999,0.01936915203083917
0.7521648961194078,0.9660142367204986,0.9283558771522376,0.9999999999999281,0.24953256941271776,0.7528409090906951,0.9999999999989999,0.01877238177317514
0.6262321147239477,0.9498658476395655,0.9205811755836524,0.9999999999999281,0.38728544065267917,0.630681818181639,0.9999999999989999,0.018184773395687283
0.007072106572821701,0.009392415387367889,0.008305835350900398,0.9999999999999281,0.35633864863342474,0.005681818181816572,0.9999999999989999,0.01760633808559221
0.06312766887412,0.006802926306481398,0.010833565904898226,0.12044383583465759,0.4782465675404185,0.05397727272725738,0.0,0.01703708685546465
0.09050776317200597,0.010314025569701617,0.019879835517941594,0.10483474418821419,0.5012001424459246,0.07670454545452367,0.0,0.01647703054302745
0.11333950957278079,0.007925288321402796,0.025717399734389166,0.09511508821493432,0.5174951746338188,0.09659090909088167,0.0,0.015926179810945008
0.12897401497650368,0.010847919738205286,0.03071483899249032,0.008680678034308597,0.5394018751366739,0.1107954545454231,0.0,0.015384545146621792
0.14488125533425256,0.011885903171053161,0.034897542578548366,0.09158778145025269,0.5453506688965919,0.12499999999996447,0.0,0.0148521368620006
0.1577494515794439,0.013014763482103812,0.036223540032416846,0.13467031210222,0.553233953158002,0.1363636363635976,0.0,0.014328965093368284
0.17842021289286572,0.015818035032983315,0.03577963491042904,0.09756105622481225,0.5786946882998452,0.15624999999995562,0.0,0.01381503980116075
0.1878908824748324,0.015895172320149815,0.03846083514766378,0.09219733587807341,0.5837492661047651,0.16193181818177219,0.0,0.013310370769774784
0.20206587195925255,0.015039761231177846,0.04559124082933125,0.015115068373560659,0.6009434420004794,0.17613636363631363,0.0,0.012814967607381532
0.21132557752040046,0.015557984127805635,0.0394888967488031,0.09828412029340843,0.6051518556003062,0.18465909090903848,0.0,0.012328839745742781
0.058916441053441695,0.006319061065445162,0.009747072323494173,0.08436997263596642,0.4786486128027394,0.05113636363634909,0.0,0.011851996440032425
0.08444789311194967,0.005956974454627695,0.009723113212137358,0.10564730431844647,0.49631860051285753,0.07102272727270709,0.0,0.011384446768659727
0.10345279674868678,0.0026858682522807494,0.022997393520368597,0.08134530356548114,0.5072128418418653,0.08806818181815682,0.0,0.010926199633096375
0.987900044124489,0.9926921663356896,0.9486835226354396,0.5357368973713376,0.02837606098931562,0.9857954545451744,0.0,0.010477256353085667
0.055596496473148925,0.0005339013192621685,0.022563289258223016,0.13192459961727313,0.45882433891153673,0.04545454545453258,0.0,0.01003764768958456
0.07725555887155285,0.004440513299656144,0.030857340117569326,0.02363322228004734,0.487685717570321,0.06534090909089052,0.0,0.009607359798384226
0.09606345029811739,0.0060641557099348885,0.02942682932920496,0.1164404953182095,0.4984379969952832,0.08238636363634023,0.0,0.009186408276167467
0.12183178972028791,0.004441083672164804,0.03732568710479536,0.1316560939748073,0.5151156943822457,0.10511363636360653,0.0,0.008774801137244388
0.061899889637784006,0.005657741534950624,0.015445847939858143,0.13600720985437478,0.47119666978026936,0.05113636363634909,0.0,0.008372546218022197
0.09065806005660633,0.0089430833314917,0.013452094385363461,0.0074470735634976325,0.5113525822773154,0.07670454545452367,0.0,0.007979651176853954
0.1112674043107341,0.012202363436099215,0.01994664439345523,0.09768527589985652,0.5230999486451836,0.09659090909088167,0.0,0.0075961234938954555
0.1306569257890335,0.01246559659380138,0.018433809816092703,0.13880795109490637,0.5373300401722656,0.1136363636363314,0.0,0.0072219643132402835
0.14910423512506227,0.01522398208665309,0.019826393181313406,0.03981959387008897,0.5617304671030924,0.12784090909087276,0.0,0.0068571992313837754
0.16202889305135112,0.014067254920595278,0.021011480877536955,0.03518213031466449,0.5720369895164844,0.1392045454545059,0.0,0.006501816719883475
0.1734385318625597,0.015864798862531025,0.026887614915137064,0.03523317863889793,0.5822873043554065,0.15056818181813905,0.0,0.006155829702430707
0.18444597723990566,0.013925683491599746,0.03175389732528158,0.10961987297610784,0.5806751473178002,0.1590909090908639,0.0,0.005819244766119261
0.19479690428784524,0.013864139737507731,0.026595973301594168,0.08161846787584547,0.5965771334285388,0.17045454545449704,0.0,0.0054920629445406365
0.059793815050685234,0.004075782751372264,0.009457197712500875,0.02001163622147265,0.48262357090362135,0.05113636363634909,0.0,0.005174301372626782
0.08591815077581795,0.0017026138918032408,0.017694157650989296,0.08736757775099988,0.49400405692577387,0.07386363636361538,0.0,0.004865965629214519
0.06434668342471853,0.0066600022758576734,0.015450358671228731,0.08001911392862904,0.4797147019567201,0.05397727272725738,0.0,0.0045670513065585675
0.08927330932710044,0.008944015573918968,0.01942337916059386,0.07649789424951414,0.5027867554350788,0.07670454545452367,0.0,0.004277569313094607
0.11655511443058972,0.012494699819824007,0.02398672553383388,0.12012476849604074,0.5224884982937743,0.09943181818178996,0.0,0.0039975251601421635
0.1312353459158853,0.014941329575065892,0.030279381250958023,0.009788755202310383,0.5455604255079961,0.1136363636363314,0.0,0.0037269241793387183
0.15537013768400437,0.017830227543204204,0.038276310089653286,0.10362659410342309,0.5560637557166619,0.13352272727268932,0.0,0.0034657715225365504
0.17188004421315203,0.021372630961224853,0.042785647176517824,0.048922776602167775,0.578722374390432,0.15056818181813905,0.0,0.00321407216170605
0.18548521375904667,0.019451467291383452,0.044088982402029346,0.06799465711935887,0.5862999189294344,0.16193181818177219,0.0,0.002971830888840052
0.19797228334623765,0.021968791594144676,0.04414523740738279,0.02502757475942199,0.6033459175228743,0.17329545454540535,0.0,0.0027390523158631118
0.21755935894053485,0.01894767855996236,0.04553461976516185,0.09482809922852638,0.6112386352681571,0.19034090909085505,0.0,0.00251574087454396
0.23453701760634135,0.020903636847658544,0.05330485398179518,0.04918348337936596,0.6276387798542855,0.2045454545453964,0.0,0.0023019008164104886
0.246655946622189,0.02459079773824393,0.05146924776076851,0.14689272042766402,0.6341086011661471,0.21590909090902957,0.0,0.002097536212669053
0.25102137795531865,0.021936947668896818,0.05753472504818032,0.04360318219207708,0.6413028768629386,0.21874999999993786,0.0,0.0019026509541269488
0.2609878445567012,0.01925642185926528,0.055103461977237554,0.01630458068279769,0.6510857049487608,0.2272727272726627,0.0,0.0017172487511191994
0.26811255410386753,0.016440335712357708,0.052779437190013614,0.03469972784904219,0.6538898539618814,0.23295454545447927,0.0,0.0015413331334358524
0.279532030499024,0.016966136510821572,0.05887134966533139,0.1466330552742972,0.6532567153956543,0.24431818181811243,0.0,0.0013749074502570158
0.2931886343959307,0.02033412498732529,0.05852063710308137,0.11729798366425348,0.6699563661553453,0.25568181818174557,0.0,0.0012179723336721176
0.2947520326126349,0.01950158466559524,0.06551790375965648,0.053047657207385496,0.6747841982346626,0.25852272727265385,0.0,0.0010705360025746605
0.2957843057599708,0.017402620215457028,0.07272726465041171,0.04316464525222289,0.6709348790739126,0.25852272727265385,0.0,0.0009326007890665209
0.9955020750802634,0.9936905821668799,0.940058571367114,0.6489120700433362,0.012849117013492527,0.9943181818178993,0.0,0.0008041626599189639
0.9411738682313996,0.996603782180292,0.9468094109927627,0.6318623565581051,0.06293898856273421,0.9403409090906419,0.0,0.0006852326227131217
0.897126326572474,0.9974246550615253,0.9429917501782493,0.6545842183139419,0.10436220553327484,0.8977272727270177,0.0,0.0005758067575245457
0.8600708814563907,0.9999904800219929,0.946130306811414,0.5705606460296401,0.14513574915560654,0.86079545454521,0.0,0.0004758892090710748
0.8249628810768309,0.9933452703225494,0.9421664499025115,0.6223958276320446,0.18149800342672362,0.8267045454543106,0.0,0.0003854818796385299
0.06300541005894146,0.004026178923166158,0.016447536104688566,0.03812630108053815,0.4808708188702343,0.05397727272725738,0.0,0.0003045864904521051
0.06337109161937604,0.0019654490381473084,0.022592764568388157,0.040028262126379555,0.4764715016005836,0.05397727272725738,0.0,0.00023320458164350513
0.08276746996498853,0.0022654690724289,0.02229838634501301,0.006522398060848188,0.4967418769333731,0.07102272727270709,0.0,0.0001713375122213816
0.11132686970736459,0.005369111448532132,0.025804689287448546,0.12071859312448331,0.5131947894681197,0.09659090909088167,0.0,0.00011898646004544907
0.1281544275712544,0.004306268629483015,0.028783313096885463,0.06071693622604539,0.5304882017456792,0.1107954545454231,0.0,7.615242180440735e-05
0.14736757936680686,0.005103106673488345,0.0372233564587383,0.07156093954228186,0.5435761764927859,0.12784090909087276,0.0,4.283621299652853e-05
0.17093146860935454,0.005487097517870633,0.032619816094956074,0.08249581416148662,0.5646799237449273,0.14772727272723077,0.0,1.903846791430415e-05
0.19316558034448117,0.007526842720425203,0.040074953536725584,0.10322236587411812,0.5811343469320494,0.16761363636358875,0.0,4.759639632898899e-06
0.21105620314228282,0.005065319898061432,0.03983176001910277,0.029757228806632504,0.5998613729809781,0.1818181818181302,0.0,1.268826313857231e-15
0.05910806812112071,0.006169499754567021,0.019065056961867187,0.00824748056876435,0.48124366928692786,0.05113636363634909,0.0,4.759798288463775e-06
0.08266943702002688,0.008163724179659349,0.01795889982940319,0.07582737227718217,0.4971881000005826,0.07102272727270709,0.0,1.9038785221373657e-05
0.10022417699168616,0.01044854475956162,0.0183422674610987,0.1024559950075172,0.5106544312047442,0.08522727272724852,0.0,4.283621299652853e-05
0.12172959580471195,0.007444001485915863,0.019354441714571673,0.13227134894376455,0.5250466092912109,0.10511363636360653,0.0,7.615242180440735e-05
0.1425737035882511,0.006512792719592674,0.02152388707221664,0.09106142195186676,0.5439729067467994,0.12215909090905619,0.0,0.00011898646004544907
0.1662316589869783,0.006079696062525187,0.02931066588878984,0.0979786506364956,0.5623661291055104,0.14488636363632248,0.0,0.0001713375122213816
0.9986366055546103,0.9938003675098664,0.938576275972701,0.6636447031888926,0.009271467161027879,0.9971590909088075,0.0,0.00023320569205659993
0.9441907353717564,0.9902578600108516,0.9389089899410933,0.5728884699781602,0.07363639205156634,0.9431818181815503,0.0,0.0003045864904521051
0.8991592466860833,0.9878454774687447,0.9460239822544194,0.5580454224980937,0.11910746891137565,0.8977272727270177,0.0,0.0003854818796385299
0.851055485644684,0.986433524002412,0.950482682701141,0.6118260641183131,0.1617385791048567,0.8494318181815769,0.0,0.0004758907951179242
0.818658130081576,0.9898243779550178,0.9484622908702949,0.5587580720372796,0.19567584432455054,0.8181818181815856,0.0,0.0005758067575245457
0.7787453020455486,0.9925328957585647,0.944956368719993,0.6137107708284976,0.22699418256499887,0.7812499999997781,0.0,0.0006852326227131217
0.7489945628871459,0.990626366616721,0.9509812255869693,0.5553999954512012,0.2621795419365362,0.749999999999787,0.0,0.0008041647213255014
0.724577921988906,0.9871952040385811,0.9598385696167576,0.6021155901804169,0.27969896523679166,0.7272727272725207,0.0,0.0009326007890665209
0.9937108092295833,0.9936645887757449,0.9374721776405452,0.6230245025912783,0.01905817663272145,0.991477272726991,0.0,0.0010705383806982633
0.9378721390713366,0.9916353163357788,0.9359407089560575,0.5892429047160709,0.07803094351957565,0.9374999999997335,0.0,0.0012179748700877665
0.9898453257515827,0.9994818336990074,0.93983379362775,0.5511327833656504,0.022569155039947858,0.9886363636360828,0.0,0.0013749074502570158
0.9459382891688748,0.9947116316726158,0.9382209893437802,0.5988317145475041,0.06530214188004899,0.9460227272724585,0.0,0.0015413331334358524
0.9045555176348729,0.9978692664405294,0.9376341849397537,0.6649836751343121,0.09970904908373462,0.9034090909088341,0.0,0.0017172487511191994
0.055212952157654996,0.007210729813381293,0.02218710782935322,0.08499972522081421,0.4683748161540221,0.04545454545453258,0.0,0.0019026541232005873
0.08220544305577653,0.008443639487080368,0.017143291738199933,0.12964425862270307,0.49304824659670643,0.07102272727270709,0.0,0.002097536212669053
0.10760481344713074,0.010628524813588437,0.023428796448205752,0.07506817154942695,0.51952816551581,0.09374999999997338,0.0,0.0023019008164104886
0.12468196266409506,0.0136111150606069,0.021735577279038076,0.12032788610588548,0.5327965688954124,0.10795454545451481,0.0,0.00251574087454396
0.15053293705504187,0.011327087791470087,0.030462395190889096,0.029774619314675864,0.5578507896990453,0.13068181818178104,0.0,0.0027390523158631118
0.9959416274981167,0.9944131446941048,0.9508479697827783,0.6121917470342684,0.010921560458038491,0.9943181818178993,0.0,0.002971830888840052
0.9519808150251126,0.9924126334998727,0.9492694622525312,0.5409309118393103,0.061850788923905484,0.9517045454542751,0.0,0.00321407216170605
0.899783318700336,0.9906614934885487,0.9553647996997187,0.6018809940752516,0.1090899956445109,0.8977272727270177,0.0,0.0034657715225365504
0.8530934112211207,0.9894183010598835,0.9493740693243452,0.5986193906815163,0.15816962664195236,0.8522727272724852,0.0,0.0037269241793387183
0.9947725683555995,0.9937314381584709,0.9429311122094974,0.6623905008614456,0.010422089691468111,0.9943181818178993,0.0,0.0039975251601421635
0.8411819808258408,0.9761884133261666,0.9333072159631207,0.9999999999999281,0.1516612817143067,0.840909090908852,0.9999999999989999,0.004277569313094607
0.7008771645947012,0.9585232246303422,0.9214721181648183,0.9999999999999281,0.30931176448610737,0.7017045454543461,0.9999999999989999,0.0045670513065585675
0.5789810852811546,0.9454389753029876,0.9081712785907499,0.9999999999999281,0.4413179889180335,0.5852272727271065,0.9999999999989999,0.004865965629214519
0.47906618405146545,0.9276576369628322,0.9008638129677193,0.9999999999999281,0.5094252736493918,0.4886363636362248,0.9999999999989999,0.005174306590164549
0.38810932582084073,0.9112152377172268,0.8924287782543707,0.9999999999999281,0.43829733306218793,0.400568181818068,0.9999999999989999,0.005492068319041354
0.30697032914063593,0.894197717983321,0.8827715113058253,0.9999999999999281,0.3794607082659685,0.32386363636354437,0.9999999999989999,0.005819244766119261
0.0018494993548520571,0.0036776456155133705,0.004069609194025228,0.9999999999999281,0.3479470239089222,0.0,0.9999999999989999,0.006155829702430707
0.001787066881220268,0.007020004356117929,0.011769086572360959,0.9999999999999281,0.34733479587528665,0.0,0.9999999999989999,0.006501816719883475
0.0016792743547467107,0.005882738123788626,0.006020568741431516,0.9999999999999281,0.3488674110934397,0.0,0.9999999999989999,0.0068571992313837754
0.8904006763055384,0.9825300765345707,0.9342595418543098,0.9999999999999281,0.09813249623795321,0.8892045454542927,0.9999999999989999,0.007221970470960586
0.7511997950814208,0.9660914276492835,0.9235729240877856,0.9999999999999281,0.2543255798864398,0.749999999999787,0.9999999999989999,0.0075961234938954555
0.6243513389860212,0.9470155076679825,0.9131005843135079,0.9999999999999281,0.3955385564411458,0.6278409090907306,0.9999999999989999,0.007979651176853954
0.518828300625264,0.9286406163366748,0.9050970278846256,0.9999999999999281,0.515343968929162,0.5255681818180326,0.9999999999989999,0.008372546218021942
0.4277618008580594,0.9127907174490344,0.9004260222651964,0.9999999999999281,0.4704499906909354,0.4374999999998757,0.9999999999989999,0.008774801137244517
0.34864609150689385,0.8975514597449255,0.8937931224202817,0.9999999999999281,0.4117546894288288,0.36363636363626034,0.9999999999989999,0.009186408276167467
0.27983749740700864,0.8850267262207396,0.8945410349732493,0.9999999999999281,0.35627460442112424,0.2982954545453698,0.9999999999989999,0.009607366892069737
0.006319836335779456,0.009325985384170286,0.0006153663734918322,0.9999999999999281,0.35671158252637547,0.002840909090908286,0.9999999999989999,0.010037647689584433
0.008352035570323988,0.01415827721043779,0.0019793843641197385,0.9999999999999281,0.36279048113524526,0.005681818181816572,0.9999999999989999,0.010477263757707219
0.009184606043772567,0.015333164729325364,0.00017030855274596706,0.9999999999999281,0.3644865906621422,0.005681818181816572,0.9999999999989999,0.010926199633096375
0.009102321357941813,0.01776177358422911,0.0034204173192657937,0.9999999999999281,0.36503408077231053,0.005681818181816572,0.9999999999989999,0.011384446768659727
0.001113568089193136,0.022998790375416734,0.005934152780937731,0.9999999999999281,0.3624579182002761,0.0,0.9999999999989999,0.01185200431000034
0.003974240987386287,0.022807491634744072,0.009357210462419375,0.9999999999999281,0.36368717735192296,0.002840909090908286,0.9999999999989999,0.012328839745742781
0.0,0.009465615707047993,0.0018391889147184094,0.9999999999999281,0.35347450430174515,0.0,0.9999999999989999,0.012814967607381532
0.002168401025408738,0.011754358111464525,0.014670744352885371,0.9999999999999281,0.3498556589394281,0.0,0.9999999999989999,0.013310370769774784
0.0014824084297211547,0.012216447732716726,0.003536098511590246,0.9999999999999281,0.35493458667180716,0.0,0.9999999999989999,0.01381503980116075
0.0074949984335578885,0.0083736523875457,0.002348078352449136,0.9999999999999281,0.3580536701798072,0.005681818181816572,0.9999999999989999,0.014328965093368284
0.010018367042483994,0.008576278761146095,0.006602024718860793,0.9999999999999281,0.3592431787681139,0.008522727272724859,0.9999999999989999,0.0148521368620006
0.007680787956067881,0.012186174174136831,0.013103599648086458,0.9999999999999281,0.3565202127864936,0.005681818181816572,0.9999999999989999,0.015384554097009525
0.0027680386169926124,0.014381738915032364,0.011291895471038205,0.9999999999999281,0.35336641894940235,0.0,0.9999999999989999,0.015926179810945008
0.005306533903546054,0.018294950790864337,0.01460100185400787,0.9999999999999281,0.35789420738315164,0.002840909090908286,0.9999999999989999,0.01647703054302745
0.061940036908504706,0.01978475197443016,0.019847540783429648,0.03710688836273099,0.4919998047342202,0.05397727272725738,0.0,0.017037096266392052
0.08372152543140146,0.022754074087859733,0.019620476342516138,0.0027447411648447344,0.514430354907594,0.07102272727270709,0.0,0.01760633808559221
0.10234606049798042,0.023715976430502116,0.017297796791022838,0.08769569253983618,0.525723346203222,0.08806818181815682,0.0,0.018184773395687283
0.12370218021972491,0.02566155238705573,0.01208935153411808,0.03990941546136348,0.5534553872630288,0.10795454545451481,0.0,0.018772381773174886
0.14425538916759761,0.02822291130403687,0.021244213556465923,0.03002837960221989,0.5694506729332104,0.12499999999996447,0.0,0.01936915203083917
0.15727403317059102,0.030866868852366735,0.021216349584559265,0.06790982494731314,0.5795616716408577,0.1363636363635976,0.0,0.01997507280703416
0.17636127196484264,0.03285161574391907,0.02902349255073319,0.052202925695234687,0.5961803226653791,0.15340909090904734,0.0,0.020590132565902003
0.1937047881658397,0.03564660179827926,0.023936415830061016,0.05041064501286582,0.6176814269113142,0.17045454545449704,0.0,0.021214319597591322
0.2086760896988968,0.0378322112362638,0.033152871407511886,0.005951842244755119,0.6307179343583813,0.1818181818181302,0.0,0.021847622018480665
0.219219847085297,0.03957295704537292,0.037754809187836164,0.054345919350495625,0.6372346011421344,0.19318181818176328,0.0,0.02249002777140499
0.2353710523663102,0.041681214653402465,0.03432237654901871,0.12232727600388613,0.6485595994809172,0.20738636363630472,0.0,0.023141524625884938
0.24009384334776837,0.04293009180909578,0.04306889100447307,0.13067130729636578,0.6479462743064544,0.210227272727213,0.0,0.02380210017835915
0.2446024556147781,0.04461005497341274,0.03778644949882442,0.016859080128759366,0.667125641635732,0.21590909090902957,0.0,0.02447174185242143
0.2575990881580374,0.04137549581918721,0.04183987880152289,0.06886154196579063,0.6696190293501004,0.2272727272726627,0.0,0.025150436899059644
0.26198357902594493,0.03975276660854553,0.03606995472174206,0.03130394760312058,0.6768906395236153,0.230113636363571,0.0,0.02583817239689846
0.27346431990311265,0.036768871942472206,0.030084707352732016,0.05450694712017285,0.6835207538630891,0.23863636363629587,0.0,0.026534935252445362
0.9877419476206059,0.9983335490950644,0.9429327924221834,0.6070333977828982,0.020107395484819265,0.9857954545451744,0.0,0.027240724038333178
0.9403180962559868,0.9961855078932522,0.9441989904180443,0.6472740321489668,0.06302725580327569,0.9403409090906419,0.0,0.027955489803605977
0.8931928465076373,0.9927428314431859,0.951623135940979,0.6115825981417785,0.11383635331226426,0.8920454545452011,0.0,0.028679254453908808
0.059401468186468936,0.004384144310134006,0.008362707154586271,0.0029122791154374294,0.4848265096110506,0.05113636363634909,0.0,0.029411992371812603
0.0842590861059024,0.0026890303556330033,0.023182826757523693,0.09182713821685168,0.4892423103302414,0.07102272727270709,0.0,0.030153689607043538
0.9895775038610888,0.9958161015829355,0.948291180781568,0.5936624869329028,0.018172617240776033,0.9886363636360828,0.0,0.030904332038755783
0.9411542163895557,0.9929122907907482,0.9475414034419181,0.5620191441695862,0.07166076515664435,0.9403409090906419,0.0,0.031663905375798856
0.8892999742265048,0.989987871741739,0.9483828272607147,0.5838075816265853,0.12264829645268893,0.8892045454542927,0.0,0.03243239515699181
0.9969205861914814,0.9966341064040283,0.9412402505649913,0.5432196063026133,0.016432071318247247,0.9971590909088075,0.0,0.033209799782024534
0.9471121351922115,0.9929966937660981,0.9438409112740441,0.5544316692510071,0.0681645645771755,0.9460227272724585,0.0,0.033996065358598275
0.8978521217750712,0.9906770272515343,0.9499320671696765,0.5672916279784529,0.1144023603919641,0.8977272727270177,0.0,0.03479122933534707
0.8542390814860162,0.9878927413936278,0.9546375201869476,0.6093599004023663,0.1533808261340074,0.8551136363633933,0.0,0.03559522356403529
0.06162176949651369,0.002312742163610117,0.01680865457830736,0.14192216886262873,0.46745366440748887,0.05113636363634909,0.0,0.03640807271660337
0.0824472358688207,0.002667203805233736,0.01959723685754582,0.0039796450195162675,0.49842571583231887,0.07102272727270709,0.0,0.0372297479912142
0.10536409860015762,0.0031385364176292068,0.01969663022462964,0.10153984125944289,0.510031884614639,0.0909090909090651,0.0,0.038060233744353994
0.12320873352966694,0.0048906593320122245,0.015727522778225155,0.12182709169523336,0.5254732770099491,0.10511363636360653,0.0,0.03889951416477126
0.1424750756544628,0.0039801723889756006,0.02197075378854124,0.023786957599193227,0.5476619359726614,0.12215909090905619,0.0,0.03974757327377717
0.16227887873848498,0.0007109485000677596,0.01948721273704366,0.014107469781943112,0.5639486824682431,0.1392045454545059,0.0,0.04060439492554799
0.17558948542527938,0.0010923238483719607,0.026796763026102045,0.14347331856084844,0.5611611605396604,0.15056818181813905,0.0,0.04146996280743495
0.19494482681138806,0.00421872849002666,0.022048413975681233,0.06403966092829137,0.5895717270626623,0.16761363636358875,0.0,0.0423442750845575
0.21410108362419156,0.004363837838334758,0.019288111305933872,0.09836064440360417,0.6048311642387953,0.18465909090903848,0.0,0.0432272711786965
0.9975550154898374,0.9958571283739795,0.9368910029993005,0.5779108666315573,0.01585422870802959,0.9971590909088075,0.0,0.04411897821145253
0.9496525461924202,0.997295697003544,0.9324146568560092,0.6752453110527453,0.05620088232207317,0.9488636363633667,0.0,0.04501936456172519
0.8987729013451454,0.9966781614701576,0.92997570113943,0.6309258753940442,0.11253181852212626,0.8977272727270177,0.0,0.04592841308745604
0.8536905101744082,0.9969203418999583,0.925425371221891,0.5649067726205262,0.16248455676931867,0.8551136363633933,0.0,0.04684610648167182
0.8170110230765023,0.9968677799610905,0.9203826657481248,0.5803940406937609,0.20009141461883267,0.8181818181815856,0.0,0.04777242727281272
0.7781223688931199,0.9968675981753117,0.9165707207200855,0.590502120765598,0.23760629979467376,0.7812499999997781,0.0,0.04870735782506618
0.7475440837206396,0.9967451430793483,0.9191322334602792,0.6690967937195198,0.2608712893424444,0.749999999999787,0.0,0.04965088033870239
0.9926234669926687,0.9935548893689948,0.9491514410023248,0.590039853228734,0.017086302251312357,0.991477272726991,0.0,0.050602976850412915
0.9458808867149308,0.9903260483825016,0.9538738954582348,0.6587751840021544,0.059736623131606575,0.9431818181815503,0.0,0.05156362923365216
0.8959459542135996,0.9924228460877742,0.9614654924004333,0.5870976794155915,0.10923550605732038,0.8948863636361095,0.0,0.052532819198983616
0.05860631166210909,0.0046940827653746756,0.00890491153343072,0.04239824109615326,0.4785594272838592,0.04829545454544087,0.0,0.053510528294427914
0.08343061296399697,0.007994871329281526,0.008731962800170663,0.014340983033299042,0.5063374130170503,0.07102272727270709,0.0,0.054496754413373656
0.10677522265423758,0.0057330185470536345,0.015240774792907625,0.10823222294025249,0.5133871564838007,0.0909090909090651,0.0,0.0554914292571278
0.0664307536283847,0.0010933684129662913,0.009652234457572396,0.05679324113546825,0.4826217035068011,0.05681818181816566,0.0,0.05649460020053965
0.08842549665411532,0.004090665769703147,0.017942037938091134,0.1369586504036464,0.49428267626919703,0.07670454545452367,0.0,0.05750618126847503
0.11267822822889237,0.005455487583903789,0.015012314015865646,0.0962971069130939,0.5199671859125715,0.09659090909088167,0.0,0.05852620357053239
0.13501147159816512,0.004123082239010426,0.01813997542666339,0.08851105186415721,0.5380766323125301,0.11647727272723968,0.0,0.05955463089730292
0.05821568174959329,0.006887616843124789,0.01763310021757597,0.03265163743410507,0.47745445901743033,0.04829545454544087,0.0,0.060591443669012875
0.0796676624512999,0.005242819105368178,0.02574094540819814,0.09130181064121662,0.48739813719500774,0.0681818181817988,0.0,0.061636622146241764
0.09903547946036441,0.005476302127170022,0.024667196702241403,0.030762123594465174,0.5103100455224804,0.08522727272724852,0.0,0.06269014643029786
0.12358730465892584,0.0020301217331763852,0.0316352570531473,0.04912920344796106,0.5228327742546691,0.10511363636360653,0.0,0.06375199646359687
0.13804078468688472,0.005334070746060617,0.02629526880266785,0.029616608859876513,0.5435641226555158,0.11931818181814796,0.0,0.06482215203004538
0.999194560737144,0.993634429301895,0.9494575545056296,0.6363374451242956,0.007185357992237295,0.9971590909088075,0.0,0.0659005927554241
0.942759688424593,0.99340088920546,0.9531812562649917,0.6454757757669768,0.061587663915915095,0.9403409090906419,0.0,0.06698729810777597
0.05578167413683094,0.0021799542837922406,0.018999529424388185,0.04230222137075253,0.4723041371692907,0.04829545454544087,0.0,0.06808224739779722
0.06068349038502257,0.00024651657931523815,0.013162235438438372,0.058329710002024644,0.4746717517159344,0.05113636363634909,0.0,0.06918541977923251
0.08797701386578817,0.0037868590573875783,0.010275814750055743,0.08239859224727596,0.4992291089373892,0.07386363636361538,0.0,0.0702967942492686
0.11501359046066764,0.0016021454639832695,0.007994920965170942,0.11331566271911826,0.5212272868079123,0.09943181818178996,0.0,0.07141634964893875
0.13721841268008844,0.0072163971460414,0.014220032232912605,0.12123846903437578,0.5421527382157133,0.11931818181814796,0.0,0.07254406466352138
0.14967528520086193,0.0076090475426093315,0.022963966092915372,0.13371761047730593,0.5489897337158426,0.13068181818178104,0.0,0.07367991782294878
0.16736257454942974,0.007501568014923685,0.026981621549806663,0.04542723587445606,0.5690739743044454,0.14488636363632248,0.0,0.07482390663589249
0.1824336326791432,0.007694991499575655,0.034945743738620264,0.01401786918416222,0.5827513355455219,0.1590909090908639,0.0,0.07597595192178175
0.2029298684198668,0.0110743480136041,0.04313207408443794,0.07799349069451261,0.5933449485797085,0.17613636363631363,0.0,0.07713608914800797
0.21696385020284834,0.007883645936817446,0.04278201555816027,0.0988067193852146,0.600464708920632,0.18749999999994676,0.0,0.07830427709355167
0.2337960161684989,0.011250874607740626,0.036597920744250924,0.09780092421000232,0.6228145174735202,0.2045454545453964,0.0,0.07948049351779818
0.9904752880894154,0.9976118433231941,0.9467939771914164,0.6326109253753659,0.013977956602306897,0.9886363636360828,0.0,0.08066473583091754
0.9360942612159392,0.9975585049170823,0.9413709203540919,0.6548560726632426,0.06813321057816542,0.9346590909088254,0.0,0.08185692207611427
0.8944873093499619,0.9960104610993643,0.9417658603889287,0.5528790415071055,0.11772558109746144,0.8948863636361095,0.0,0.08305708896641005
0.8496914748104616,0.9983173054620773,0.9507312480281709,0.6372338809409499,0.15000066298608264,0.8494318181815769,0.0,0.0842651938487214
0.05789967004573549,0.005662109193262168,0.016142577041693206,0.04156447513238128,0.47633539608239955,0.04829545454544087,0.0,0.08548121372247305
0.08927942510996567,0.002641361720660709,0.02348718195448834,0.11278376067139964,0.49290217759469507,0.07670454545452367,0.0,0.08670512543639983
0.11451429301814095,0.003416265362511075,0.029540078406902665,0.09576535099808006,0.5150792765323402,0.09943181818178996,0.0,0.08793692628409877
0.13677719572293123,0.006554467441679799,0.03632125573150088,0.07638819284987339,0.5361962269668785,0.11931818181814796,0.0,0.08917653102891175
0.15693506318359476,0.003810529268201461,0.03193452643448579,0.08504894836858147,0.5521005003850125,0.1363636363635976,0.0,0.09042397785549752
0.9918495587775775,0.9956312739644196,0.9366313326102319,0.5947207920211425,0.02033209545163864,0.991477272726991,0.0,0.09167922241915406
0.947728566261689,0.9926759626264495,0.9330289471032233,0.577362915090589,0.07098943958583566,0.9460227272724585,0.0,0.09294224082183378
0.9043107532131132,0.9903843024807379,0.9389404796712513,0.6323414149916046,0.10793819268620647,0.9034090909088341,0.0,0.09421300901748733
0.8612752329649589,0.988038171750237,0.9374354454610633,0.671836941007312,0.14942343657590218,0.86079545454521,0.0,0.09549150281251952
0.8281006280218687,0.9850344494360761,0.9435205494875488,0.6264716845992152,0.18714958710129972,0.8267045454543106,0.0,0.09677769786625191
0.7971236964432702,0.9880853191707749,0.9389131420168211,0.637857718156406,0.21398441301208998,0.7982954545452278,0.0,0.09807156969138447
0.7605156518213634,0.9898346520860721,0.9354222046940842,0.6669278673838395,0.24831961858742319,0.7613636363634201,0.0,0.09937309365446266
0.7331786192372458,0.9861816840120539,0.9294283260159685,0.6184804833387423,0.28345326316847463,0.7357954545452454,0.0,0.10068224497634623
0.7023146406489577,0.9848420700235669,0.9368305434685398,0.6432549059000207,0.3103401907460798,0.7045454545452544,0.0,0.10199899873268181
0.5969429823154522,0.9679688234896052,0.9275183195196371,0.9999999999999281,0.3983100389597931,0.6022727272725562,0.9999999999989999,0.10332332985437502
0.5043452770055912,0.9517613315587318,0.9150504713979719,0.9999999999999281,0.5041405561957293,0.5142045454543994,0.9999999999989999,0.1046552131280708
0.4281262039063041,0.9368997159445175,0.9043542708502366,0.9999999999999281,0.4525253697327132,0.440340909090784,0.9999999999989999,0.10599462319663167
0.009869483738192818,0.004461494357493334,0.008950862257581134,0.9999999999999281,0.3521609075845902,0.005681818181816572,0.9999999999989999,0.10734153455961991
0.01861718587313318,0.006190065177842383,0.0008351234713501885,0.9999999999999281,0.36545382760827017,0.014204545454541431,0.9999999999989999,0.10869594420905732
0.016648469835377457,0.006962607750231422,0.004194369968824203,0.9999999999999281,0.3646437100097873,0.014204545454541431,0.9999999999989999,0.11005775845355131
0.017706226184573296,0.005866621449117568,0.0023308127023765543,0.9999999999999281,0.3645646112708889,0.014204545454541431,0.9999999999989999,0.11142704215424273
0.020092792420969206,0.009425076681578217,0.005588081748400238,0.9999999999999281,0.36883341496066224,0.017045454545449718,0.9999999999989999,0.11280367795889903
0.00991270090313595,0.010919408530760993,0.008832324597849052,0.9999999999999281,0.36015463795857344,0.008522727272724859,0.9999999999989999,0.11418770830613181
0.8924833635973536,0.9778159734734096,0.9345812935059213,0.9999999999999281,0.10172933033939707,0.8892045454542927,0.9999999999989999,0.11557908396326205
0.757635612108545,0.9623923921556357,0.9269001094769287,0.9999999999999281,0.2473575652031356,0.7585227272725117,0.9999999999989999,0.11697777844050275
0.6428327875460962,0.9445234294517595,0.9212953327330162,0.9999999999999281,0.3770655476120381,0.6448863636361805,0.9999999999989999,0.11838376510872721
0.5453900278052403,0.9249582995001294,0.9104980741187153,0.9999999999999281,0.4905070817787416,0.551136363636207,0.9999999999989999,0.11979701719997589
0.462852934264175,0.9099161644051794,0.9092837026517824,0.9999999999999281,0.50293272114574,0.47159090909077517,0.9999999999989999,0.1212175078079665
0.38238884797954736,0.8919244262121638,0.9028721239007176,0.9999999999999281,0.44349374895544147,0.39488636363625146,0.9999999999989999,0.12264520988860536
0.32119070027348284,0.87305155222499,0.8955278873095619,0.9999999999999281,0.4021251258267882,0.3352272727271775,0.9999999999989999,0.12408009626050226
0.8981152615204626,0.9788736816137721,0.9387044586305467,0.9999999999999281,0.09348724547369802,0.8948863636361095,0.9999999999989999,0.12552213960548989
0.02043268264139889,0.009675438534907127,0.00933572803476978,0.9999999999999281,0.36744539121798864,0.017045454545449718,0.9999999999989999,0.12697131246914134
0.014360248543101528,0.00965843484323265,0.01111504998010054,0.9999999999999281,0.3610195115745226,0.011363636363633144,0.9999999999989999,0.1284275872612938
0.016999011600809875,0.012261688649648949,0.0017609557245537905,0.9999999999999281,0.36986996890089596,0.014204545454541431,0.9999999999989999,0.12989093625657472
0.017042283852452406,0.011664657026838618,0.014058021929362804,0.9999999999999281,0.36419216040345154,0.014204545454541431,0.9999999999989999,0.1313613315949286
0.01700180433930052,0.01669182741310463,0.011118614511221621,0.9999999999999281,0.36941727145014863,0.014204545454541431,0.9999999999989999,0.13283874528214798
0.897459704154593,0.9773976697603212,0.931704198161989,0.9999999999999281,0.09761910417181956,0.8948863636361095,0.9999999999989999,0.13432314919040528
0.8954285074573499,0.9756276009169543,0.9337713747419789,0.9999999999999281,0.1009754483547595,0.8920454545452011,0.9999999999989999,0.13581451505878997
0.7655085975572923,0.9570132683878342,0.9290656177644552,0.9999999999999281,0.24504133040114628,0.7642045454543284,0.9999999999989999,0.13731281449384622
0.655880576324943,0.9412856765535416,0.9263566971836625,0.9999999999999281,0.3661685806678669,0.6562499999998136,0.9999999999989999,0.13881801897011237
0.5637407490816886,0.9229020383932877,0.9248450661258295,0.9999999999999281,0.4690848714354051,0.5681818181816567,0.9999999999989999,0.1403300998306645
0.4747806434291584,0.9100933587378749,0.9235900725970396,0.9999999999999281,0.5080554369200652,0.48295454545440825,0.9999999999989999,0.1418490282876627
0.022842615672958196,0.0038902391491967996,0.00846536586725059,0.9999999999999281,0.36323258555618315,0.017045454545449718,0.9999999999989999,0.14337477542289892
0.02194323865938116,0.006258658860180904,0.014438483293053231,0.9999999999999281,0.3625798340176027,0.017045454545449718,0.9999999999989999,0.14490731218834713
0.058469163922945364,0.006329437959369488,0.013275297031812842,0.00025873764465054663,0.48169002259881094,0.04829545454544087,0.0,0.14644660940671583
0.08525683017079726,0.007605950744844472,0.015126510882866085,0.03631269297400952,0.5042308129516093,0.07386363636361538,0.0,0.14799263777200516
0.10365564799109274,0.009820132224184945,0.017616755150557342,0.06827240277055371,0.5162831716044255,0.08806818181815682,0.0,0.14954536785006423
0.13045813417610572,0.008679451910870694,0.02193411729597643,0.048575525324316055,0.5407418481826869,0.1136363636363314,0.0,0.15110477007914927
0.05633543171674807,0.005928487231554901,0.02172121846892629,0.0053736587842074255,0.4773502340747368,0.04829545454544087,0.0,0.15267081477049022
0.061911754939189406,0.0015433185708603925,0.011812133411021192,0.026455833596274476,0.479057770416644,0.05113636363634909,0.0,0.15424347210885425
0.0899110393597038,0.002509815617796135,0.00967017626490315,0.06770071101305157,0.5025892799610068,0.07670454545452367,0.0,0.1558227385284692
0.11802137203795808,0.0009008216127089556,0.011680794754185413,0.0995602789574649,0.5231444460243015,0.10227272727269825,0.0,0.15740850483680918
0.13255051311006208,0.002022500455660567,0.02294738415222414,0.01683835744354398,0.537817107106147,0.1136363636363314,0.0,0.15900081996873938
0.15364305215956744,0.003906640449366557,0.027712552590203648,0.1171499453493038,0.5483265218487469,0.13352272727268932,0.0,0.1605996272335175
0.16499595942216314,0.0024397918557372937,0.031153234176510683,0.13308413786504114,0.5528039283333753,0.14204545454541417,0.0,0.16220489619215842
0.1793885881084398,0.002273165586416403,0.037312529398912275,0.0428322186739875,0.5721063846654229,0.15624999999995562,0.0,0.16381659628265433
0.19760555477505973,0.002385429179977099,0.0342144094053625,0.10164341174407913,0.5825112892167258,0.17045454545449704,0.0,0.165434696820559
0.05949228767837384,0.003207762508053759,0.01902732925790676,0.026581607906645075,0.4773108121134515,0.05113636363634909,0.0,0.1670591669995708
0.07867077116158674,0.0007101405440614312,0.017674573223953764,0.04806776566534184,0.491004248001789,0.0681818181817988,0.0,0.16868997589211926
0.9887548646559777,0.9983139879064552,0.941702827580552,0.6274827044563697,0.016025396917547636,0.9886363636360828,0.0,0.17032709244995356
0.9452080819400879,0.9946892943938143,0.9420867913123604,0.6065873070812235,0.06583488200920518,0.9431818181815503,0.0,0.17197048550473404
0.9056134495984902,0.9918707592959902,0.9435134042977641,0.5950304769053378,0.10808864651017122,0.9034090909088341,0.0,0.1736201237686264
0.9967668700541051,0.9993007417785457,0.9516819279822164,0.5653488328405503,0.007965327321527108,0.9971590909088075,0.0,0.1752759758348958
0.9421246930307388,0.9983372145274454,0.9472840459673352,0.5530058695490684,0.06826207380397938,0.9403409090906419,0.0,0.17693801017850538
0.8948156347492954,0.9972516293978345,0.9514297535310958,0.5343176965807974,0.11427559057722562,0.8948863636361095,0.0,0.17860619515671752
0.8517874476155578,0.9981257587026955,0.9595469287204728,0.5496583191163368,0.15125048009853984,0.8522727272724852,0.0,0.18028052696557348
0.8091599977350754,0.994725209296341,0.957680384384222,0.5959142474733131,0.19313246513138538,0.8096590909088609,0.0,0.181960889861105
0.06681985622429246,0.0013988451629989636,0.012317525309751623,0.0845431305125965,0.47930849595938535,0.05681818181816566,0.0,0.18364733571872888
0.08642203101890182,0.003275316039892531,0.009340657043500802,0.11888786371937636,0.49602856026234027,0.07386363636361538,0.0,0.1853398044750679
0.106524148791338,0.004788195755513383,0.017270033800175704,0.0022076073662596826,0.5210527785934016,0.0909090909090651,0.0,0.1870382639079573
0.06279723173473378,0.0004931954275086787,0.01368177852554985,0.0819092381067875,0.4754145924858408,0.05397727272725738,0.0,0.18874268168117678
0.08901030027049468,0.000869086722812557,0.009158562883784506,0.0021283293114880064,0.5072414220985113,0.07670454545452367,0.0,0.19045302534506928
0.06577451946606501,0.0038830585491391946,0.011439286175835572,0.05444703437324791,0.48427959770372286,0.05681818181816566,0.0,0.19216929099003743
0.05565581262521341,0.0037738541045515515,0.01651584563220912,0.03992801401949115,0.4719956073484443,0.04545454545453258,0.0,0.1938913599827616
0.08416887190593547,0.005474509092420343,0.01686200928368324,0.06574831040216397,0.49640433740734474,0.07102272727270709,0.0,0.19561928549562574
0.98831542358678,0.9986727561057899,0.9369558642848936,0.6355340965024,0.017046398338146716,0.9886363636360828,0.0,0.19735300597853858
0.9334053427646307,0.9937780901538195,0.9381286459413711,0.6145940433736582,0.07885012166101601,0.9318181818179171,0.0,0.1990924884239617
0.8893175048995355,0.9943853559511064,0.9351079337779623,0.6716537763425148,0.11710202722068494,0.8892045454542927,0.0,0.20083769971465618
0.8523454671319717,0.9923440234912939,0.9378576981774568,0.5840985768164898,0.16199734168212157,0.8522727272724852,0.0,0.20258860662431502
0.8126316476320739,0.9894472829221385,0.9467787401753531,0.548123178638885,0.2032764480141384,0.8124999999997693,0.0,0.20434517581819428
0.9890339963500998,0.9935096489484153,0.9392250830786979,0.6072253929553427,0.02265031374559988,0.9886363636360828,0.0,0.20610737385374886
0.9887078121898751,0.9974635073460255,0.945257405331914,0.5701949317645926,0.020204616344943218,0.9886363636360828,0.0,0.20787516718126803
0.9388667836963732,0.9928683762258288,0.947714092918129,0.5831630438121482,0.07260287044454317,0.9374999999997335,0.0,0.20964855174659164
0.8976941110944264,0.9935158755202677,0.9482960737297426,0.6244174925797804,0.10785065753938948,0.8977272727270177,0.0,0.2114274049813679
0.055392759485343106,0.0037652751841871753,0.01911343157220492,0.005224387957482644,0.47392444733541517,0.04545454545453258,0.0,0.2132118116096713
0.07990829230442083,0.007135262962368497,0.015683923800484882,0.012824934981830573,0.5000170725352943,0.0681818181817988,0.0,0.21500161870183326
0.06448739286516655,0.006632241319249938,0.022247448985475902,0.08898576629903904,0.47603147754414177,0.05397727272725738,0.0,0.21679688153756807
0.08434123862813792,0.004937508507901935,0.029502036997633055,0.13904045555794128,0.4842188849646661,0.07102272727270709,0.0,0.21859753615244984
0.10632336017424696,0.0035742243099436163,0.03846453815005603,0.13067162063386045,0.499885111819744,0.0909090909090651,0.0,0.22040354826461098
0.13114588115696285,0.004655966423764698,0.041751573304365644,0.10392271121828961,0.5243269225817305,0.1136363636363314,0.0,0.22221488349018298
0.149507474864015,0.0012234747295764483,0.05088089598367639,0.11529775864364623,0.5308979231216204,0.12784090909087276,0.0,0.22403150734395486
0.1683045470724679,0.0013312115044463696,0.05908992102064891,0.020013771389997333,0.5528197794708913,0.14488636363632248,0.0,0.22585338524002715
0.19005704965333997,0.006234654723922265,0.06708763554568462,0.05321895155841088,0.5702208997046241,0.16477272727268047,0.0,0.22768048249247028
0.2027654503285578,0.007013846917312094,0.0668434165954577,0.06152571382970549,0.5815333527520721,0.17613636363631363,0.0,0.22951276431598658
0.06093876217192167,0.0006906397985693746,0.014142798022339262,0.08257775745447946,0.4724877033549319,0.05113636363634909,0.0,0.23135019582657138
0.08302438712176502,0.0064812556143928595,0.008813223189741759,0.035088060956819586,0.5032899028427759,0.07102272727270709,0.0,0.2331927420421776
0.10898034508379412,0.006182210451914067,0.010831862011823859,0.05305064966308019,0.5232647725696289,0.09374999999997338,0.0,0.2350403678833808
0.1305046740970331,0.002875857891079543,0.02105560131724337,0.07654168397873648,0.5312424145116208,0.1107954545454231,0.0,0.23689306909372865
0.14935663142199318,0.001859212231919637,0.019006538832116178,0.07237377326745532,0.5486470045813057,0.12784090909087276,0.0,0.23875071764200834
0.16495268626634513,0.0030292552325841783,0.02147717220893825,0.012498811278668207,0.5679125422329149,0.14204545454541417,0.0,0.2406133709197223
0.1872208141718275,0.006896362749932054,0.01828861993729698,0.11038909456347545,0.5835706042185097,0.16193181818177219,0.0,0.24248096254495552
0.2043780767211353,0.00923156423110697,0.013431132605503401,0.09350732721984142,0.6031004987753482,0.17613636363631363,0.0,0.2443534569614564
0.058756719798307794,0.00010350776060107669,0.017646219942576362,0.01413427041240473,0.4736961773018825,0.04829545454544087,0.0,0.24623081851963013
0.05460624262863002,0.006277302610485297,0.008738755494274641,0.1296315546947866,0.4694245590851716,0.04545454545453258,0.0,0.24811301147721923
0.08191144871712071,0.004250545549153673,0.008971065128551638,0.062074949775780326,0.49909639810762446,0.07102272727270709,0.0,0.24999999999998215
0.9950150821685757,0.997733475968958,0.9416368945658079,0.594807967126699,0.013711409629412507,0.9943181818178993,0.0,0.2518917481623777
0.9398336846387343,0.9999999999999751,0.9377841092941576,0.5818425181176939,0.06844440924489859,0.9403409090906419,0.0,0.25378821994824846
0.8967173440119512,0.9940952513790349,0.9390023647597393,0.6685431271831678,0.11029612346582758,0.8948863636361095,0.0,0.25568941097635484
0.8485887960417116,0.9967241688917844,0.936219750963745,0.5894844063890512,0.16158067557528982,0.8494318181815769,0.0,0.25759518987681307
0.814212141026588,0.9967068608503686,0.9350573239136332,0.5880327729543403,0.19616900789012404,0.8153409090906775,0.0,0.25950561554028745
0.9924910019014733,0.9965218457741721,0.9411434101227921,0.5521299569765676,0.02144194755513979,0.991477272726991,0.0,0.26142061987017723
0.9406104193342422,0.9968584236472968,0.9415110513288282,0.66400943273652,0.062168467692952326,0.9403409090906419,0.0,0.2633401664075594
0.9010972490522071,0.9943018888647929,0.9387791938965464,0.606602321482865,0.10998492373167856,0.900568181817926,0.0,0.2652642186070356
0.85276265541125,0.9920374893915161,0.9333882788921333,0.6214775067690583,0.1608627682485711,0.8522727272724852,0.0,0.2671927398374251
0.814234876111345,0.9920780322726089,0.9309450529627081,0.6703616084694525,0.1943747715677152,0.8153409090906775,0.0,0.269125693382464
0.7848836285880517,0.9895831391710681,0.9372644980763037,0.6667422481170843,0.22228849398751716,0.7869318181815946,0.0,0.27106304244150237
0.7578452982514386,0.988400543147865,0.9385068937316858,0.6522235102047402,0.2522652546549545,0.7585227272725117,0.0,0.27300475013020714
0.7296078026528026,0.9904487997378684,0.9349161143752938,0.5441664201551619,0.28708039104094996,0.7329545454543372,0.0,0.2749507794812626
0.698910190883655,0.9879032347487574,0.9318546244104783,0.6099150114450783,0.3157677716717267,0.7017045454543461,0.0,0.27690109344507596
0.6669077042427075,0.985910823835628,0.9291881963743303,0.6479830175272664,0.3462707990571236,0.670454545454355,0.0,0.2788556548904794
0.9905607843284464,0.9991564589669115,0.9392243772256255,0.6362119180807222,0.01564387794349157,0.9886363636360828,0.0,0.2808144266054412
0.9473384537358062,0.9943141341325563,0.9423485464290642,0.6579297362469321,0.05870120684773718,0.9460227272724585,0.0,0.2827773712977716
0.058638798133522387,0.006229874806859718,0.022692569587513606,0.14302472123872542,0.46513900661465807,0.04829545454544087,0.0,0.28474445159583217
0.06430679906680446,0.0009045608190739048,0.008986375053470391,0.038750465831535894,0.48150238633214154,0.05397727272725738,0.0,0.2867156300492504
0.09448267305227043,0.004498932896466585,0.017696210287362325,0.0441637838954893,0.5056553579151435,0.07954545454543195,0.0,0.2886909020839114
0.11037681691196491,0.004654664277229317,0.023546253872056534,0.11641417710937688,0.5111317875931121,0.09374999999997338,0.0,0.29067013123126517
0.13656712136234134,0.004221958442648955,0.02836737441661247,0.04869837090995485,0.5373078925016697,0.11647727272723968,0.0,0.29265337867185975
0.149665088945685,0.005770563519468154,0.036434348824626595,0.06991513750749523,0.5445826306219077,0.12784090909087276,0.0,0.2946405736932403
0.17370531434514055,0.003815165926702895,0.04280619553423836,0.07540357587435133,0.5624942308269787,0.15056818181813905,0.0,0.29663167846207855
0.19085178865952235,0.007396005771564351,0.048458564711226323,0.026297994130697378,0.5813802211107336,0.16477272727268047,0.0,0.29862668835227507
0.21031217846914185,0.00874605232044111,0.04951237876110369,0.0879186760788683,0.5935918239998079,0.1818181818181302,0.0,0.3006254655373554
0.21879890829217105,0.010027595395752572,0.05785919148575198,0.13010369258158305,0.5958731448027039,0.19034090909085505,0.0,0.3026280718078447
0.23001676501358395,0.01330426465650393,0.06190991122156352,0.015499489480973,0.615265335532777,0.19886363636357984,0.0,0.30463443575534116
0.06516892834780164,0.0071344705736023865,0.008577977687633536,0.01329213659010141,0.4888351618818353,0.05397727272725738,0.0,0.3066445191815679
0.06454274000683656,0.0089752335679475,0.008082714573304426,0.9999999999999281,0.4042065586796463,0.05397727272725738,0.9999999999989999,0.30865828381743315
0.05507225024614295,0.01136226182242746,0.003387671775616616,0.9999999999999281,0.3995951871150997,0.04545454545453258,0.9999999999989999,0.3106756913237612
0.0478120739701682,0.016531320970914306,0.014416864345519403,0.9999999999999281,0.3933608381998401,0.03977272727271601,0.9999999999989999,0.3126967032920218
0.045196344762115113,0.02165183705469339,0.009555555798490958,0.9999999999999281,0.39947335903729037,0.03977272727271601,0.9999999999989999,0.31472128124505955
0.04745946645499309,0.026586470400152645,0.0006086440053988423,0.9999999999999281,0.4071680120038869,0.03977272727271601,0.9999999999989999,0.31674938663782887
0.04899135202188005,0.026133620125132907,0.0043875492890593035,0.9999999999999281,0.408039531611272,0.042613636363624294,0.9999999999989999,0.31878098085812623
0.04422629449857779,0.030287157529326886,0.013698942979629624,0.9999999999999281,0.4017281068209911,0.03693181818180772,0.9999999999989999,0.3208160252273271
0.04669963286026683,0.035145720901660515,0.006910974001061427,0.9999999999999281,0.41127833374924894,0.03977272727271601,0.9999999999989999,0.32285448100111913
0.043690472303902494,0.03337022783368984,0.001448894203303413,0.9999999999999281,0.4093546685435424,0.03693181818180772,0.9999999999989999,0.32489630937024305
0.046519491461719915,0.0336116266240613,0.015133139047752887,0.9999999999999281,0.40658328003995836,0.03977272727271601,0.9999999999989999,0.3269415055748302
0.05043408724590612,0.032862115464650225,0.007420756328419756,0.9999999999999281,0.4120838422870815,0.042613636363624294,0.9999999999989999,0.32898992833714236
0.04994807790971333,0.033623386332442426,0.012871339713719931,0.9999999999999281,0.4103795902321929,0.042613636363624294,0.9999999999989999,0.33104164099831296
0.05356024713689432,0.03723218315467528,0.0016442582127467976,0.9999999999999281,0.4208191079172642,0.04545454545453258,0.9999999999989999,0.33309660465850305
0.05007893294722185,0.039912735077740825,0.004839023795343847,0.9999999999999281,0.4187598960984378,0.042613636363624294,0.9999999999989999,0.3351546773685824
0.052665976702394875,0.039124626932429706,0.0006139913435864295,0.9999999999999281,0.42275378923761003,0.04545454545453258,0.9999999999989999,0.33721592277139756
0.9135878964379751,0.9793130690177643,0.9429251841092593,0.9999999999999281,0.07437495632509512,0.9119318181815591,0.9999999999989999,0.33928026734839495
0.7992848776532296,0.9621594705715575,0.9377146413903553,0.9999999999999281,0.20334958413839666,0.7982954545452278,0.9999999999989999,0.3413476717974294
0.7057231944230516,0.9475434423204384,0.9345475315016651,0.9999999999999281,0.30964235967601755,0.7045454545452544,0.9999999999989999,0.3434180967581009
0.9237664531491002,0.9818837472114802,0.9306185424237023,0.9999999999999281,0.06905944796141053,0.920454545454284,0.9999999999989999,0.3454915028125018
0.8091784258961257,0.9653224484911036,0.9224126877367234,0.9999999999999281,0.19883288078439024,0.8068181818179525,0.9999999999989999,0.34756785048596966
0.7052141266569983,0.9452930365066117,0.9228133078340074,0.9999999999999281,0.3163912122678658,0.7045454545452544,0.9999999999989999,0.3496471002478383
0.9138171465664094,0.9768660905034142,0.9432319084425181,0.9999999999999281,0.07618285123945757,0.9119318181815591,0.9999999999989999,0.3517292125121894
0.8037249668381015,0.9578452344192094,0.9423581269433999,0.9999999999999281,0.20197085534361245,0.801136363636136,0.9999999999989999,0.3538141476386064
0.7086627286858835,0.942434574508514,0.9411119519449435,0.9999999999999281,0.30807980521629164,0.7073863636361627,0.9999999999989999,0.3559018659329299
0.6283163812893483,0.9241531010765534,0.9391355182794875,0.9999999999999281,0.3997933843556062,0.630681818181639,0.9999999999989999,0.3579923276480128
0.5582269568205525,0.9091763713712904,0.9322704997812055,0.9999999999999281,0.48247028956523547,0.5624999999998401,0.9999999999989999,0.3600854929844783
0.4890918716083512,0.895448888585978,0.9220461628273783,0.9999999999999281,0.5316242046212464,0.4943181818180414,0.9999999999989999,0.3621813220914747
0.43952261826436406,0.8769083169224033,0.9100049348990745,0.9999999999999281,0.503299098850749,0.44602272727260056,0.9999999999989999,0.3642797750674367
0.38779107805031976,0.8630908001460964,0.8964651435236379,0.9999999999999281,0.4718681840302642,0.3977272727271597,0.9999999999989999,0.3663808119608452
0.3517795284174471,0.8470447601784449,0.8979992066906656,0.9999999999999281,0.4499698150956675,0.36363636363626034,0.9999999999989999,0.3684843927709863
0.9962136400748225,0.9991862682513676,0.9430885651423381,0.626045054964385,0.00921456588997118,0.9943181818178993,0.0,0.3705904774487131
0.9500182429686622,0.9927466495976482,0.9421274058982961,0.5880512768007471,0.0633178983165734,0.9488636363633667,0.0,0.3726990258972095
0.9088953579674178,0.9917388960306411,0.9469577665159277,0.6319142763755823,0.09785008529738176,0.9090909090906508,0.0,0.3748099979727528
0.8618256711297325,0.9900452923218542,0.9522303794660689,0.6131026151378274,0.1467085295935161,0.86079545454521,0.0,0.37692335348547673
0.8263982601037569,0.9902587282177034,0.951267228830383,0.6737045509413877,0.17560268409417398,0.8267045454543106,0.0,0.37903905220013895
0.7842028355096023,0.9890007582635536,0.9566257588517288,0.6403373819671874,0.21969351819071853,0.7840909090906862,0.0,0.3811570538368861
0.745327662070194,0.9903691527087594,0.9627991360545065,0.5672765191130097,0.2591719460891279,0.7471590909088786,0.0,0.3832773180720202
0.9897451366088674,0.9992071569125252,0.9505198951508316,0.6523941036767095,0.009407363451356131,0.9886363636360828,0.0,0.3853998045387655
0.9429380922387888,0.9939737980376014,0.9463761643742007,0.634745320200014,0.06212323680253384,0.9431818181815503,0.0,0.38752447282803965
0.903445528388202,0.9955494921114952,0.9498373318029888,0.5514978195775454,0.10630605952393499,0.9034090909088341,0.0,0.38965128248922154
0.864489199161779,0.9990752345804841,0.9450137889898741,0.5787265180507538,0.1427892992519797,0.8636363636361183,0.0,0.3917801930309206
0.05699398380524277,0.0018314842337929461,0.013298888619460776,0.08097525629315655,0.4710588400829602,0.04829545454544087,0.0,0.39391116392174885
0.9888646207212539,0.9989654693218466,0.9426329002718661,0.6185551974851116,0.015896609154449202,0.9886363636360828,0.0,0.3960441901575428
0.9388064844259604,0.9963210167373987,0.9373999149834752,0.5638327867091667,0.07592509656971382,0.9374999999997335,0.0,0.39817912442988246
0.8975133227306299,0.9969322625593354,0.9374900987367357,0.6309013156400964,0.10915209858619698,0.8977272727270177,0.0,0.40031603279137284
0.8503400356375364,0.9938194753308875,0.9445595027233136,0.6527133233359347,0.15482095505698903,0.8494318181815769,0.0,0.40245483899190704
0.8133002451394092,0.9968249746836786,0.9524786197736884,0.5621263625943561,0.19096722707989675,0.8153409090906775,0.0,0.4045955023116985
0.7735159315864424,0.9943831746259529,0.9565492451863447,0.5872407050553323,0.22859631667800107,0.7755681818179615,0.0,0.40673801771850837
0.7353500523919289,0.9979002666540222,0.9635663714850085,0.6524778088692702,0.2539207670621907,0.7386363636361538,0.0,0.4088822372538972
0.710394175837373,0.997502149846279,0.96562883048292,0.6164803787879739,0.2819780550235537,0.7130681818179792,0.0,0.4110282272630498
0.9884657046695443,0.992981009092332,0.9447361929328562,0.6659882036808498,0.018426560272861377,0.9857954545451744,0.0,0.4131759111665052
0.9873536907031863,0.9979008430146636,0.9480981893593176,0.5746645856805744,0.02109459522957618,0.9857954545451744,0.0,0.4153252480754581
0.05477486788065532,0.006768166447760674,0.013823051894258382,0.036943437526759305,0.47576757161852806,0.04545454545453258,0.0,0.41747619706963146
0.0798133537200001,0.007525598874255176,0.021354965313141693,0.08044564374205683,0.4920117687595031,0.0681818181817988,0.0,0.4196287171980568
0.0989601927306603,0.006448633971914778,0.018913856312091786,0.13400893535627406,0.5044854566138486,0.08522727272724852,0.0,0.42178276747985427
0.12433201270260097,0.007672750901707957,0.012891652798315013,0.13517168387229603,0.5305392612346044,0.10795454545451481,0.0,0.4239383069050115
0.13957868883686375,0.004318703505112727,0.014313464815524781,0.08871722177351048,0.5426628098869528,0.11931818181814796,0.0,0.42609529443516436
0.15194899348246066,0.0035627765005132634,0.011859795037629225,0.11062007537795694,0.5525057369961732,0.13068181818178104,0.0,0.42825368900437955
0.1648516642214469,0.006943279713631206,0.018879515237282606,0.037136529718889866,0.5699567408484968,0.14204545454541417,0.0,0.4304134495199364
0.179941630753875,0.004299635885542367,0.019848349353517016,0.07254762045534734,0.5785043860083257,0.15624999999995562,0.0,0.4325745348631077
0.19337069787726505,0.0017100362912066166,0.01387676747756362,0.06523489827334132,0.5909394457253463,0.16761363636358875,0.0,0.43473690388994324
0.9885862521814697,0.9928735188464751,0.9393757061171935,0.663675608956578,0.020982890765026557,0.9857954545451744,0.0,0.4369005154320537
0.9395277894871185,0.9964980071082394,0.9452158683084857,0.6613368150076248,0.06394910291770434,0.9374999999997335,0.0,0.4390653282973951
0.06378031732072707,0.006348501227134384,0.01490321716827068,0.05328576398589488,0.4820376764385823,0.05397727272725738,0.0,0.44123130127104987
0.08941676929038728,0.008025944771545675,0.014393967559776481,0.006244983168463741,0.5103327773182699,0.07670454545452367,0.0,0.44339839311601487
0.11677971124141075,0.009629419663721186,0.009846782009397878,0.05550794355904163,0.5318558843820994,0.09943181818178996,0.0,0.44556656257398575
0.06195915690324547,0.00459868567214494,0.02090463972647845,0.0076250080620635695,0.4792755594715129,0.05113636363634909,0.0,0.44773576836614154
0.9889257896870853,0.9978819756326904,0.9490129869900021,0.6548262160665355,0.010881879804613201,0.9886363636360828,0.0,0.4499059691939299
0.9335359151369399,0.9940049077466109,0.9504293887152403,0.6135481718184846,0.0735553938368464,0.9318181818179171,0.0,0.4520771237398556
0.8863796123753904,0.9942180894546889,0.9580768023105108,0.6567162892343898,0.11164840348674877,0.8863636363633846,0.0,0.45424919066826625
0.8498738625417809,0.9942772799475309,0.9659159869302604,0.631456770020677,0.14727784639767275,0.8494318181815769,0.0,0.45642212862613857
0.8086648312586372,0.9920863027275195,0.9706124852255643,0.6261315172878968,0.1871055964089585,0.8096590909088609,0.0,0.4585958962438651
0.06109144160447304,0.002222958043160789,0.015785511221891566,0.048536740868619775,0.47598297734162454,0.05113636363634909,0.0,0.4607704521360446
0.9883357675813523,0.9930820829572218,0.9421923645166176,0.5326617191486632,0.03108378102928826,0.9857954545451744,0.0,0.4629457549022671
0.9440385821119186,0.9913505615091096,0.9478587477558614,0.6204853469913938,0.06482015170682938,0.9431818181815503,0.0,0.46512176312790415
0.9002475058780837,0.9925863290543891,0.9541292512862815,0.5967064837311138,0.10571164203346924,0.900568181817926,0.0,0.467298435384895
0.06167977223853873,0.0031403394278809033,0.015173487340520347,0.10939575103703314,0.4716458582855719,0.05113636363634909,0.0,0.46947573023253797
0.08474297447037549,0.0010076862222541047,0.009641280353284154,0.02796048276881042,0.4992283419298146,0.07102272727270709,0.0,0.4716536062182778
0.11175479542308155,0.0071671031345900416,0.01944931788215534,0.09593542962724357,0.5194761502933241,0.09659090909088167,0.0,0.47383202187849444
0.13215354628329284,0.005706474433767121,0.01743871648784242,0.10391813036142675,0.5354502044526852,0.1136363636363314,0.0,0.47601093573929404
0.15373525274318983,0.007930837040545539,0.024617347091927238,0.012772408189626466,0.5619520331809476,0.13352272727268932,0.0,0.47819030631729764
0.17061896101435273,0.008360619367926888,0.0206469375506044,0.04946864807515203,0.5749117320310275,0.14772727272723077,0.0,0.48037009212043147
0.18391317703367843,0.0074924538168341815,0.02354092244095888,0.0060991921694950315,0.5881108686845433,0.1590909090908639,0.0,0.4825502516487152
0.1969660956383912,0.009102611708839881,0.020617469934919957,0.045648505493634646,0.5984829762015297,0.17045454545449704,0.0,0.4847307433950541
0.9960457979204593,0.9967512027681745,0.9504592522535112,0.5915591058367001,0.011039121600749081,0.9943181818178993,0.0,0.48691152584602854
0.06390185860464313,0.002032034838996383,0.01982551486913142,0.13194192147285358,0.469656911748073,0.05397727272725738,0.0,0.48909255748268476
0.08480927000237182,0.007327149367544998,0.020135528139107912,0.023251121905406957,0.503032192010887,0.07386363636361538,0.0,0.49127379678132316
0.10759143721518818,0.007408077107982134,0.029147262243760762,0.11637931079871977,0.5109444594288484,0.09374999999997338,0.0,0.4934552022142924
0.12856698130722874,0.010302748298938607,0.024187984085815413,0.13168032977412605,0.5309754560359953,0.1107954545454231,0.0,0.49563673225077753
0.14227310403630514,0.011239489632094606,0.02034134502621258,0.1224754115297284,0.5454690244121212,0.12215909090905619,0.0,0.4978183453575912
0.16549702410853206,0.011330904196089498,0.023296171804973224,0.03061855788199204,0.5721318263779415,0.14204545454541417,0.0,0.4999999999999643
0.05529558354989536,0.006195388655468588,0.014912462316381124,0.06586424730088858,0.47232351067448797,0.04545454545453258,0.0,0.5021816546423371
0.07863640022698382,0.008166666232928747,0.015058473125238395,0.14027377320135762,0.48995208797024076,0.0681818181817988,0.0,0.5043632677491511
0.10555410694377801,0.006783321807587443,0.017389155945384642,0.09631194583775235,0.5143520495441064,0.0909090909090651,0.0,0.5065447977856361
0.12433019193348704,0.00486410905838608,0.025635902778581115,0.10435796791067171,0.5256157512827494,0.10795454545451481,0.0,0.5087262032186054
0.9886617444363597,0.9933949625864097,0.9444490902760991,0.5768285102146604,0.023188408717140556,0.9886363636360828,0.0,0.5109074425172437
0.9334917941728935,0.9913541853142067,0.9396122302571891,0.6741888183919896,0.0749295460570514,0.9318181818179171,0.0,0.5130885105024658
0.8849212719192501,0.988398822046237,0.946493653351932,0.5927222738592766,0.12958588694291087,0.8835227272724764,0.0,0.5152692566048747
0.8501307702852753,0.985804671022234,0.9427636045041875,0.5786464421501005,0.16840568019785915,0.8494318181815769,0.0,0.5174497483512134
0.8132597764491715,0.9885741372383104,0.9408063115655878,0.6216582568560199,0.20006459064718388,0.8124999999997693,0.0,0.5196299078794971
0.7778291103715976,0.9854575520526166,0.9433381668678633,0.582339808164336,0.23885526913777308,0.7784090909088698,0.0,0.521809693682631
0.744906755805978,0.9870916121137359,0.9500168421110653,0.666943226728458,0.258461098982125,0.7471590909088786,0.0,0.5239891005797866
0.718341982013911,0.9857252080105207,0.9566622588281025,0.6288608026771233,0.2855276615769055,0.7215909090907041,0.0,0.5261679781214341
0.6964154277927356,0.9849916373974538,0.9577858920511293,0.6365555811174981,0.3075970823416003,0.6988636363634378,0.0,0.5283463937816507
0.0664188144438115,0.0023734711717837767,0.018797344233287612,0.04926804106532238,0.4804226512061736,0.05681818181816566,0.0,0.5305242697673906
0.09499405361615451,0.00241006339143125,0.025278863140180928,0.12255108524309406,0.4967656832361836,0.08238636363634023,0.0,0.5327015646150333
0.11489886314825334,0.003088314111541444,0.030642843718147524,0.08847240340755663,0.5149906348865647,0.09943181818178996,0.0,0.5348782368720244
0.13177025131663692,0.005817607758316648,0.033637362789581696,0.04973071881370791,0.5334208881621619,0.1136363636363314,0.0,0.5370542450976618
0.147182256672071,0.0022046211198273025,0.039959718671514106,0.06234000439495273,0.5409291292358228,0.12784090909087276,0.0,0.5392295841128207
0.1660714255834579,0.0017473838775011509,0.03867671920147758,0.12283492133421359,0.5499675059522088,0.14204545454541417,0.0,0.5414041037560634
0.18631916230301424,0.0023649908118643158,0.03479439580163362,0.12882087879453827,0.5713838021177317,0.16193181818177219,0.0,0.54357787137379
0.2045972511896681,0.0034712603192468736,0.030473112423845018,0.02986488731416925,0.5968916453760129,0.17613636363631363,0.0,0.5457508093316621
0.9972851110815012,0.9928511951150341,0.9487233566816573,0.5696290124588794,0.013950569360092289,0.9971590909088075,0.0,0.547922876260073
0.9517530254545198,0.9914812151659028,0.9437885233330144,0.5439582729679753,0.064643535130406,0.9517045454542751,0.0,0.5500940308059987
0.905838052081954,0.9938336647067466,0.952335830262367,0.6213720521964323,0.0976665198333759,0.9062499999997425,0.0,0.552264231633787
0.06033163107133864,0.00020386954419258886,0.01605070321402103,0.10043261364405223,0.4697331136047223,0.05113636363634909,0.0,0.5544334374259425
0.0822697183520927,0.0011109589635641124,0.02486150733548253,0.0844778559802594,0.48792487540153806,0.07102272727270709,0.0,0.5566016068839137
0.10900143530195992,0.006642812281627038,0.023788346209591044,0.1032084798572053,0.5137586483261426,0.09374999999997338,0.0,0.5587686987288787
0.13445811344568204,0.004897106786310592,0.03118875501639744,0.02978768267838188,0.5383022134497694,0.11647727272723968,0.0,0.5609346717025335
0.14935905392926327,0.004887777361604135,0.037747961856241845,0.12848087089776958,0.5382054818027235,0.12784090909087276,0.0,0.5630994845678748
0.15652234721800443,0.005769728043201659,0.028191247007891856,0.9999999999999281,0.47521622256498813,0.1363636363635976,0.9999999999989999,0.5652630961099853
0.16972670854394964,0.005763885926589453,0.022335370738287112,0.9999999999999281,0.48900878445207385,0.14772727272723077,0.9999999999989999,0.5674254651368209
0.17933448405414387,0.008532740380129302,0.008912611122988578,0.9999999999999281,0.5053718125783465,0.15624999999995562,0.9999999999989999,0.5695865504799922
0.18858422545246709,0.013570945410463211,0.00717556168333599,0.9999999999999281,0.5185856457937253,0.16477272727268047,0.9999999999989999,0.5717463109955491
0.1909196475187506,0.012677121988652002,0.0008191479066618529,0.9999999999999281,0.5205683460615921,0.16477272727268047,0.9999999999989999,0.5739047055647641
0.19175049988654994,0.011331475249580935,0.011618988255618055,0.9999999999999281,0.5177610949395605,0.16761363636358875,0.9999999999989999,0.5760616930949171
0.1908050358117331,0.014532922973849003,0.005477646066350769,0.9999999999999281,0.5200661040916771,0.16477272727268047,0.9999999999989999,0.5782172325200741
0.19280342961031505,0.020096167663196437,0.00899326227135206,0.9999999999999281,0.5258131170171321,0.16761363636358875,0.9999999999989999,0.5803712828018718
0.20220785392302956,0.020695365576040927,0.015253886392022784,0.9999999999999281,0.532126563674094,0.17613636363631363,0.9999999999989999,0.5825238029302974
0.20821266663713675,0.020540046638253987,0.015454100362083872,0.9999999999999281,0.5375780976430465,0.1818181818181302,0.9999999999989999,0.5846747519244704
0.21662776846742474,0.023399891706277938,0.009277965085315825,0.9999999999999281,0.550945871970075,0.19034090909085505,0.9999999999989999,0.5868240888334231
0.9426176941546042,0.9800969745356084,0.9410725226078414,0.9999999999999281,0.04624200781489684,0.9403409090906419,0.9999999999989999,0.5889717727368787
0.8513202889958592,0.9658496546951515,0.9349744956854317,0.9999999999999281,0.15065375309632084,0.8494318181815769,0.9999999999989999,0.5911177627460313
0.05312967271401062,0.007977516426309153,0.002751663941477258,0.9999999999999281,0.39718406667748457,0.04545454545453258,0.9999999999989999,0.5932620180043247
0.08122908045421365,0.00814256283286633,0.0068872400127484214,0.9999999999999281,0.4182013781375412,0.0681818181817988,0.9999999999989999,0.59540449768823
0.0982308338787796,0.009728182333186937,0.004414528208324625,0.9999999999999281,0.4374814614717074,0.08522727272724852,0.9999999999989999,0.5975451610080216
0.11600673288256932,0.012279504028832657,0.007558899075338798,0.9999999999999281,0.4523190668762247,0.09943181818178996,0.9999999999989999,0.5996839672085557
0.12570859475869342,0.013379643575421972,0.0035449319106690353,0.9999999999999281,0.46337816880635385,0.10795454545451481,0.9999999999989999,0.601820875570046
0.13924364874593792,0.013101279518665453,0.011919273389251297,0.9999999999999281,0.4709316434248966,0.11931818181814796,0.9999999999989999,0.6039558454088366
0.1510325024771342,0.012308730853103637,0.004674961045834653,0.9999999999999281,0.484688913830976,0.13068181818178104,0.9999999999989999,0.6060888360781794
0.1657345223267541,0.01765857475904044,0.012203699438708592,0.9999999999999281,0.4998868355813536,0.14488636363632248,0.9999999999989999,0.6082198069690079
0.1786796029216557,0.020106177188987114,0.01088331654479348,0.9999999999999281,0.5137024846562225,0.15624999999995562,0.9999999999989999,0.610348717510707
0.18628973702194113,0.021057312516783135,0.00803477997049194,0.9999999999999281,0.5213206590559178,0.16193181818177219,0.9999999999989999,0.6124755271718889
0.06636599456657774,0.004933441526056071,0.014876920723272943,0.9999999999999281,0.40095975387806265,0.05681818181816566,0.9999999999989999,0.6146001954611631
0.09479278052361897,0.006188928478399194,0.004331251725718752,0.9999999999999281,0.43188439445388455,0.08238636363634023,0.9999999999989999,0.6167226819279086
0.11184657630969781,0.011579587733985873,0.013780013604831281,0.9999999999999281,0.4463019411697185,0.09659090909088167,0.9999999999989999,0.6188429461630427
0.13274657198206025,0.01149457092889766,0.0,0.9999999999999281,0.46904516128683754,0.1136363636363314,0.9999999999989999,0.6209609477997896
0.14797538428156748,0.015370982122528033,0.011433800139353571,0.9999999999999281,0.48142338392746475,0.12784090909087276,0.9999999999989999,0.6230766465144518
0.1558429299300114,0.019245024478156837,0.003190334135635588,0.9999999999999281,0.4964693323401323,0.1363636363635976,0.9999999999989999,0.6251900020271758
0.1700925162918801,0.021924357546854675,4.847133470883221e-05,0.9999999999999281,0.5112394703447979,0.14772727272723077,0.9999999999989999,0.6273009741027191
0.18813371109389712,0.02251132418850192,0.013237735583813666,0.07789188720372635,0.603745543115502,0.16477272727268047,0.0,0.6294095225512157
0.19703389180504835,0.02449513342283367,0.009918023168685742,0.026295382413181783,0.6168934605916392,0.17045454545449704,0.0,0.6315156423095991
0.06425752339772918,0.004042613032617407,0.012027789406834433,0.09089770908079395,0.47813929301550606,0.05397727272725738,0.0,0.6336191880390833
0.09424114487280134,0.0012192113118834303,0.013746377155558525,0.1410210337384391,0.49625907873430697,0.07954545454543195,0.0,0.6357202249324916
0.11500906572851313,0.005706101069235436,0.018863801104871184,0.059371674274442496,0.5245944851121783,0.09943181818178996,0.0,0.6378186779084539
0.12988048719038872,0.004790147573935746,0.02703389688362259,0.12578543420116306,0.5259210724961328,0.1107954545454231,0.0,0.6399145070154503
0.15004968312661626,0.001162249869794456,0.028638341913728906,0.06683229499376045,0.5445028480677081,0.12784090909087276,0.0,0.6420076723519157
0.16193694747484297,0.0057616848407788124,0.02473052268450643,0.10179637763076893,0.5580597904171213,0.1392045454545059,0.0,0.6440981340669988
0.179333116728206,0.00599583211736235,0.03258160259819249,0.06354156250534984,0.5752455770803291,0.15624999999995562,0.0,0.6461858871335442
0.19961278751836606,0.003658214634738186,0.034203641336115025,0.1475049955927494,0.5823424011331789,0.17329545454540535,0.0,0.648270787487739
0.21390789856868656,0.0009288063818069511,0.041474027201073224,0.09002651600786565,0.5934491853188814,0.18465909090903848,0.0,0.6503529344302164
0.2203508389412489,0.006604826506767894,0.04818099911900272,0.14315655974214525,0.596117652890219,0.19034090909085505,0.0,0.6524321495139589
0.22639733205361778,0.004019772157437986,0.05453721325543253,0.11650962570501298,0.5993699417255435,0.19602272727267156,0.0,0.6545084971874268
0.06076312378913565,0.0028826447210233896,0.01787089522069963,0.05113152361018037,0.4753957482704222,0.05113636363634909,0.0,0.6565819032418277
0.9988112720050505,0.9931892896634323,0.9384014331088268,0.6658772006462818,0.009634125737948574,0.9971590909088075,0.0,0.658652328202499
0.06409068592161794,0.006570857322710663,0.00834045257274163,0.1048359464747926,0.4804831071783041,0.05397727272725738,0.0,0.6607197326515336
0.08913817871569873,0.0029821903754310647,0.008268502762733502,0.0495173518525626,0.5051469257730842,0.07670454545452367,0.0,0.6627840772285309
0.1066395207221448,0.003672457738689032,0.014351467923504503,0.11794379439768414,0.5112824930054302,0.0909090909090651,0.0,0.6648453226313463
0.13145775186906905,0.004273785094256536,0.023058184495417845,0.12225746741034552,0.5303331763838767,0.1136363636363314,0.0,0.666903429616838
0.15417879010503843,0.00660029774653645,0.0309171508125882,0.06243763891262471,0.5538882146554461,0.13352272727268932,0.0,0.6689583590016156
0.05773844675120005,0.005770360466798038,0.015894455586314905,0.12345597048548965,0.4693640414959346,0.04829545454544087,0.0,0.6710100716627865
0.08089705843661958,0.004797361244319911,0.017281568710721947,0.10819026966255835,0.4891489827242746,0.0681818181817988,0.0,0.6730585285386987
0.0986707241973552,0.005264391538020266,0.012717102195555741,0.023967197874942774,0.5157946748820055,0.08522727272724852,0.0,0.6751036906296854
0.9919726867702093,0.9929404324087836,0.9435899308190709,0.6141526783406495,0.01781805424448719,0.991477272726991,0.0,0.6771455189988095
0.9473429683455962,0.9903505729060084,0.9418197601741127,0.6301848631466512,0.06449023204549462,0.9460227272724585,0.0,0.6791839747726015
0.9076146705948472,0.9899408150044837,0.9509884696184091,0.6561216840637352,0.09828036060055824,0.9062499999997425,0.0,0.6812190191418023
0.8596641982929144,0.9877278033869669,0.9466326444417,0.6039452516197725,0.15454361349198015,0.8579545454543017,0.0,0.6832506133620998
0.8222381295053663,0.9862824581109756,0.9455813218503735,0.5662100719800156,0.19621869656562507,0.821022727272494,0.0,0.685278718754869
0.7894017656260834,0.989951871342591,0.9407214524006997,0.6261825511939666,0.2212509117426519,0.7897727272725029,0.0,0.6873033304212628
0.7612196087136994,0.986255355005275,0.9444095496761088,0.5345086151042048,0.25893107532284193,0.7613636363634201,0.0,0.6893243086761672
0.7336813197256301,0.9863949001698205,0.9513766381710576,0.6257253392043979,0.27336064674139593,0.7357954545452454,0.0,0.6913417161824955
0.7032882992442976,0.9897453596653376,0.9586421444228663,0.6006047241821458,0.29812554999400764,0.7073863636361627,0.0,0.6933554808183607
0.6714937073916144,0.9901738033555864,0.9556018641474403,0.6274604863704385,0.3278503881566225,0.6761363636361715,0.0,0.6953655642445873
0.6497755657150694,0.9870963262513741,0.9644188512129364,0.6229400234007949,0.34675820305787103,0.6562499999998136,0.0,0.6973719616002743
0.6280285739927789,0.984699023061262,0.9605511746440962,0.5769041983578426,0.3769569923813563,0.6335227272725473,0.0,0.6993745344625731
0.9949498180962886,0.9988584473153184,0.9516053308101878,0.6744488601260495,0.0016359163313610242,0.9943181818178993,0.0,0.7013733449293182
0.99696024354487,0.9949249938464276,0.9382136049904766,0.6218806873016253,0.015016654278137247,0.9943181818178993,0.0,0.7033683215378504
0.946274774468764,0.9921258604284086,0.9414800435818858,0.5605332449299438,0.06931982346313975,0.9460227272724585,0.0,0.7053594263066882
0.9917379871000076,0.9989473031869027,0.9500466953736225,0.5385971697719986,0.016936293196808276,0.991477272726991,0.0,0.7073466213280689
0.9359295115165135,0.9978033882673091,0.9510662369302146,0.6382304361719106,0.0652895675428498,0.9346590909088254,0.0,0.7093298687686632
0.887256930449442,0.9935281218303946,0.9506272882671246,0.6174010860966468,0.1187864089973697,0.8863636363633846,0.0,0.7113091308702991
0.9960875971486475,0.9988031572971887,0.9497579699808879,0.6026752856966651,0.008738842545967658,0.9943181818178993,0.0,0.7132843699506782
0.9516909092967004,0.9965685383193387,0.9469680295297935,0.6078346238539752,0.05368263806250748,0.9517045454542751,0.0,0.7152555484040962
0.909893682058334,0.9978087304357529,0.9410355745071568,0.568591271554195,0.1010883196766668,0.9090909090906508,0.0,0.717222661452469
0.8652485019470171,0.9973671716659668,0.9398641904925603,0.5969938221445221,0.14189431192325347,0.8664772727270265,0.0,0.7191855733944874
0.8288014381380789,0.9958531751245353,0.9424292961264155,0.534122260288217,0.18429140688303003,0.8295454545452189,0.0,0.7211443451094492
0.7861840460035103,0.9935640924317477,0.9446948349407155,0.5466379378373789,0.22649510452847718,0.7869318181815946,0.0,0.7230989390955839
0.7569478589548482,0.9944243319858878,0.951532601430477,0.5683427512886325,0.24931774669202475,0.7585227272725117,0.0,0.7250492205186659
0.056292896708124,0.0025920533195868322,0.015877531841277503,0.0184562048160163,0.47603746712892936,0.04829545454544087,0.0,0.7269952498697214
0.07631003280578397,0.0003155350204110472,0.019059659455566126,0.0019212857474639432,0.4913117561863004,0.06534090909089052,0.0,0.7289369575584264
0.10147228857823477,0.0002906901629511574,0.022670897287414997,0.048505517370016606,0.5083264514523685,0.08806818181815682,0.0,0.7308743066174647
0.11977902807452527,0.0024351671441649007,0.021934002481105868,0.03274326756641632,0.525863263316597,0.10227272727269825,0.0,0.7328072601625033
0.14626791824652297,0.006416370562556099,0.02944146950475429,0.07879061617440716,0.5444480668220263,0.12499999999996447,0.0,0.7347357813928929
0.16872163286236838,0.0077593453818716115,0.03248928410947737,0.0926954224776458,0.562812852928243,0.14488636363632248,0.0,0.7366598335923689
0.18293172993894832,0.007704757174537113,0.03148387298501689,0.01357991823901299,0.5842626912763638,0.1590909090908639,0.0,0.7385793801297513
0.1995468004703009,0.011036936224219645,0.03825742626045456,0.03536410510220122,0.5962772961047538,0.17329545454540535,0.0,0.7404943844596411
0.21455245260583714,0.012296080674221116,0.04006758510790543,0.05248422847997498,0.6091590853305945,0.18749999999994676,0.0,0.7424048101231155
0.22490211030189872,0.015322250262067141,0.040233683066002474,0.04073055446366678,0.6210020245420683,0.19602272727267156,0.0,0.7443106207484241
0.24113327529672626,0.014470785712257649,0.03717460646835587,0.12640358852906244,0.6282779480069042,0.210227272727213,0.0,0.7462117800516798
0.25352389679195797,0.014888173377348778,0.04422599846991619,0.12482537604676118,0.6370803754520608,0.22159090909084614,0.0,0.7481082518375508
0.26887984711909274,0.017885131802300346,0.04151106686704582,0.09020138909246359,0.6577791230388572,0.23579545454538758,0.0,0.7499999999999464
0.27943529292206737,0.016994804746963105,0.043571430839532244,0.052266472912672585,0.6680086272262763,0.24431818181811243,0.0,0.7518869885227091
0.28732345804789455,0.020528555885022032,0.04122058684668881,0.010080374641353038,0.6811508029632619,0.24999999999992897,0.0,0.753769181480298
0.2970949752664298,0.016810155597640795,0.03758363221886002,0.08246399697322702,0.681904043339533,0.25852272727265385,0.0,0.7556465430384717
0.30391827154225814,0.018523596601754014,0.04143322047485558,0.01639569980079264,0.6958985987931691,0.2670454545453787,0.0,0.7575190686224544
0.3091686116019652,0.020490460454292175,0.03873614110763794,0.13429429161831408,0.6911161435710457,0.269886363636287,0.0,0.7593866601656784
0.3150277114761394,0.02134414773455055,0.043953485347433235,0.1207103862072404,0.6964310994521064,0.27556818181810355,0.0,0.7612492823579202
0.05657001613203716,0.006705623938105424,0.00795309861875242,0.0817204273102624,0.4771161563216255,0.04829545454544087,0.0,0.7631069618258804
0.08723890226799891,0.005110274049824177,0.011063937041102812,0.03402817206231944,0.5041739088235695,0.07386363636361538,0.0,0.7649596321165477
0.11631816100519286,0.005795577326430429,0.017002851618062868,0.1264096681010361,0.5195899948001359,0.09943181818178996,0.0,0.7668072579577507
0.14155866636194772,0.0055234411214176455,0.024956778755880555,0.009133255439641176,0.5489017087061352,0.12215909090905619,0.0,0.7686498041733568
0.9985639083256423,0.997832966491601,0.9375390118131804,0.615447815977421,0.010732386533963701,0.9971590909088075,0.0,0.7704872356839415
0.9433818361189953,0.9947294953634722,0.9327089683516231,0.5692130594876554,0.07304112879883881,0.9431818181815503,0.0,0.7723195175074588
0.8983618451361997,0.9971775911444352,0.9418531394487152,0.5554480634423528,0.113710086868421,0.8977272727270177,0.0,0.7741466147599019
0.8524305779973546,0.9978347163672608,0.9393063146260705,0.542123418324041,0.16070726848317432,0.8522727272724852,0.0,0.7759684926559737
0.05790636693639433,0.0055294678475174336,0.015151140139330664,0.126342139920972,0.46923548877567606,0.04829545454544087,0.0,0.7777851467428333
0.06356739706899413,0.0030313383684556984,0.014112800235733552,0.00871528959389299,0.48364349395856154,0.05397727272725738,0.0,0.7795964517353178
0.08911425398522714,0.0008585340608089975,0.02201681956121963,0.06130719303777673,0.4966148099686802,0.07670454545452367,0.0,0.7814024638474782
0.11208329364406405,0.0033212039326862243,0.02081831044976851,0.03299113960126361,0.5213561927728789,0.09659090909088167,0.0,0.7832031184623601
0.13354316739146205,0.005740428906822487,0.026855702719855875,0.02319103750991085,0.5385513904518952,0.1136363636363314,0.0,0.7849983812980957
0.15849838396095384,0.006892992321914248,0.03490371025365308,0.10082635779600672,0.551904808238111,0.1363636363635976,0.0,0.786788218175467
0.1723013244014048,0.005686608478630974,0.03982916142021604,0.06708596374053358,0.5631341058177753,0.14772727272723077,0.0,0.7885725950185609
0.185993647850269,0.0028005803209777227,0.038077761915242224,0.05460722591726739,0.5768295834218379,0.16193181818177219,0.0,0.7903514778554132
0.20532290337016332,0.0065549029423608565,0.03827397066193682,0.0863922636229825,0.5939174744936493,0.17897727272722191,0.0,0.7921248328186606
0.2206278013501224,0.009691260654852233,0.04683346030296757,0.022144263149310475,0.6097156728592315,0.19034090909085505,0.0,0.7938926261461797
0.9916504613542141,0.9980337850399529,0.9390360221353465,0.6074939624593457,0.01629462130394135,0.991477272726991,0.0,0.7956548241817339
0.9417693627133407,0.9988920169325604,0.9347224720293115,0.65163868478649,0.0645134527894895,0.9403409090906419,0.0,0.7974113933756134
0.8941146677044408,0.9964777706084952,0.9415500675547549,0.6280897777617639,0.11086905382247399,0.8948863636361095,0.0,0.7991623294196822
0.8516689950683176,0.9952852094301217,0.9437763998895128,0.651789788783254,0.15124286452745986,0.8522727272724852,0.0,0.800907511575967
0.8155476475171173,0.9930918337509067,0.9486818472562126,0.6649636547718535,0.1865365305498075,0.8153409090906775,0.0,0.80264699402139
0.7631302368446254,0.973917592017444,0.9485217069360973,0.9999999999999281,0.22341980836461223,0.7642045454543284,0.9999999999989999,0.8043807145043028
0.7117324825080183,0.9559669582458653,0.9449297919584358,0.9999999999999281,0.2900884593944987,0.7130681818179792,0.9999999999989999,0.806108640017167
0.9590994758174793,0.9798565788059364,0.9304074223818948,0.9999999999999281,0.033968811410443785,0.9573863636360916,0.9999999999989999,0.8078307376627714
0.9649093913514296,0.9786614059830591,0.9418065159831768,0.9999999999999281,0.024431035638424248,0.9630681818179082,0.9999999999989999,0.8095469746548587
0.8893288812928516,0.9597139111379005,0.9426016832758332,0.9999999999999281,0.11549887985806685,0.8863636363633846,0.9999999999989999,0.811257318318752
0.8305828626644909,0.9462716264648506,0.9428865292001376,0.9999999999999281,0.18544541969251713,0.8267045454543106,0.9999999999989999,0.8129617360919715
0.7700634767044972,0.9307852680794058,0.931560430924946,0.9999999999999281,0.26192524001412354,0.7670454545452366,0.9999999999989999,0.8146601955248607
0.0858952317087914,0.004077088489125811,0.012583170885123611,0.9999999999999281,0.41823032805875465,0.07386363636361538,0.9999999999989999,0.8163526642811997
0.079321672395291,0.0048724281961667806,0.012133716197957257,0.9999999999999281,0.4133911134751886,0.0681818181817988,0.9999999999989999,0.8180391101388236
0.1212473230221027,0.004546236941691114,0.013542566212340812,0.9999999999999281,0.44932175878990455,0.10511363636360653,0.9999999999989999,0.8197195009902337
0.9612013226951477,0.9793014712177823,0.940853552196886,0.9999999999999281,0.029986816912099857,0.9573863636360916,0.9999999999989999,0.8213938048432107
0.8936896323395584,0.9624040645636781,0.9324202750879135,0.9999999999999281,0.11484847876855869,0.8892045454542927,0.9999999999989999,0.8230619898214231
0.8284814992573651,0.9435908575952513,0.921884793975107,0.9999999999999281,0.19928740378743554,0.8238636363634024,0.9999999999989999,0.8247240241650331
0.7751997355519977,0.9267699135929802,0.908488758180691,0.9999999999999281,0.2720409380660537,0.7698863636361449,0.9999999999989999,0.8263798762313023
0.08636938218425873,0.00342457128850894,0.012466507891094401,0.9999999999999281,0.41776299048312987,0.07386363636361538,0.9999999999989999,0.8280295144951947
0.13268543304926592,0.0032618216607379646,0.012677035279131879,0.9999999999999281,0.4571599184262301,0.1136363636363314,0.9999999999989999,0.829672907549975
0.08488077200343762,0.004326839713944647,0.010675869239559377,0.9999999999999281,0.4164057763478593,0.07102272727270709,0.9999999999989999,0.8313100241078093
0.12985926690730035,0.0040281666645005446,0.011982578591863092,0.9999999999999281,0.45523108334848394,0.1107954545454231,0.9999999999989999,0.8329408330003577
0.16425132933528602,0.0041091505747509844,0.006888109652269369,0.9999999999999281,0.48857757622209924,0.14204545454541417,0.9999999999989999,0.8345653031793692
0.19432955745129027,0.008983279577735252,0.0016498756109297997,0.9999999999999281,0.5201212625354292,0.16761363636358875,0.9999999999989999,0.8361834037172745
0.2204777303221823,0.010365250957710443,0.014426871472824508,0.9999999999999281,0.5384445490235265,0.19034090909085505,0.9999999999989999,0.8377951038077707
0.2467347259401835,0.012053575678063914,0.011499750541098553,0.9999999999999281,0.5664872134710796,0.21590909090902957,0.9999999999989999,0.8394003727664112
0.2736266436761658,0.017226616954902504,0.013756968456394306,0.9999999999999281,0.5922653366045808,0.23863636363629587,0.9999999999989999,0.8409991800311893
0.2893439268427176,0.0200718509228276,0.01371663007416311,0.9999999999999281,0.6086836911498622,0.2528409090908373,0.9999999999989999,0.8425914951631192
0.30610761950194326,0.020272465354715826,0.004398035372643128,0.9999999999999281,0.6269350584143366,0.2670454545453787,0.9999999999989999,0.8441772878468167
0.3256996464540928,0.0231362614015805,0.013403462056489982,0.9999999999999281,0.6423689115944837,0.28409090909082835,0.9999999999989999,0.845756527891074
0.3314812988954869,0.022816591438040882,0.007708217590711737,0.9999999999999281,0.6501856929960231,0.28977272727264497,0.9999999999989999,0.8473291852294377
0.33793342948696725,0.026864062475642585,0.009931103454877875,0.9999999999999281,0.6581092050186715,0.29545454545446154,0.9999999999989999,0.8488952299207797
0.3464549932418797,0.03128536047970015,0.0032633290078874747,0.9999999999999281,0.6729215671725624,0.3039772727271864,0.9999999999989999,0.8504546321498649
0.3535510640162612,0.03069652599290362,0.0008203781605465919,0.9999999999999281,0.6791485900743981,0.30965909090900295,0.9999999999989999,0.8520073622279231
0.3532895798213548,0.0336399841344938,0.02302425001276221,0.09758475926660623,0.7510049525753011,0.30965909090900295,0.0,0.8535533905932126
0.055374487175790243,0.0024147145023477082,0.02121659050818113,0.029022182173137158,0.46988342990826004,0.04545454545453258,0.0,0.8550926878115815
0.08015419371453172,0.003123743522494691,0.02742824684763242,0.06131191621736566,0.48762875273217143,0.0681818181817988,0.0,0.856625224577029
0.10003765868883371,0.002824695405897765,0.031820014520530474,0.07235388078841329,0.5015451292129017,0.08522727272724852,0.0,0.8581509717122655
0.9918488259986005,0.9950716754365553,0.9375785959892845,0.6756884683897222,0.013292975974778937,0.991477272726991,0.0,0.8596699001692646
0.9380210237008442,0.9934584258596886,0.9388339256250474,0.6064721322211192,0.07385578770471517,0.9374999999997335,0.0,0.8611819810298165
0.8907697925389395,0.9926960739410899,0.9395231893973859,0.5815149854152167,0.12445427558708695,0.8892045454542927,0.0,0.8626871855060825
0.8432153055957841,0.9939788595345117,0.9472788194065086,0.596780470016436,0.16409479779003844,0.8437499999997602,0.0,0.8641854849411384
0.06345598092321607,0.0008125915697168166,0.008720822646369007,0.10204353258773488,0.47600644746094767,0.05397727272725738,0.0,0.8656768508095233
0.08460456056552661,0.005182940163209032,0.017771046586477584,0.12161952462044184,0.4909022688780116,0.07102272727270709,0.0,0.8671612547177807
0.1068319665997278,0.004140169054427651,0.012186544312206378,0.06472668293966945,0.517223506313968,0.0909090909090651,0.0,0.8686386684049997
0.12212678891609847,0.0065902551570374895,0.017141353565418037,0.026873734642879277,0.5345251922023938,0.10511363636360653,0.0,0.8701090637433536
0.14002805213773944,0.007301680913172842,0.024371705977319493,0.052396532862811124,0.5467737769281507,0.12215909090905619,0.0,0.871572412738635
0.16220214039841632,0.006205671298450261,0.0309375109948663,0.008523799537669283,0.563941591206931,0.1392045454545059,0.0,0.8730286875307877
0.1765837741000198,0.005915040744591212,0.02536435397003359,0.03975982088237383,0.5774867499898376,0.15340909090904734,0.0,0.8744778603944386
0.19740783983923327,0.007117854721848863,0.02549222951234631,0.0929015743108086,0.5907152411148425,0.17045454545449704,0.0,0.8759199037394262
0.21716466402798282,0.010379148130279212,0.01953085005368842,0.03784018163938242,0.6176145084923802,0.18749999999994676,0.0,0.8773547901113233
0.9964444578872227,0.9936861017564663,0.9427844924115037,0.5830213357469486,0.017461552626491184,0.9943181818178993,0.0,0.8787825159269752
0.9411073049007319,0.9945560812034047,0.9487354322994157,0.6494233019658557,0.062209443149626606,0.9403409090906419,0.0,0.8802029827999523
0.8902407097020064,0.9933216715491126,0.9465113030383838,0.5772375567127345,0.12137508497313867,0.8892045454542927,0.0,0.8816162348912019
0.8450947301950642,0.9902972521748981,0.9546195267489089,0.5425418725106677,0.1686466951645739,0.8437499999997602,0.0,0.8830222215594261
0.8083319848843771,0.9925087209717982,0.9565793995271628,0.5675388931989023,0.19783534877980155,0.8096590909088609,0.0,0.8844209160366666
0.7737484316500457,0.9939852253624706,0.9638405754550253,0.6516122974627772,0.2201953782254687,0.7755681818179615,0.0,0.8858122916937967
0.7394507004379792,0.9942654617942835,0.9652587321514413,0.5874230189249948,0.25894273077102753,0.7414772727270621,0.0,0.8871963220410295
0.059644044833835626,0.003293065443260324,0.008991712435347122,0.11814138215803219,0.4736185052666928,0.05113636363634909,0.0,0.8885729807284218
0.08098013969886145,0.002027197438342707,0.01129181742291558,0.0012086809334281188,0.4988470804084082,0.0681818181817988,0.0,0.8899422415463772
0.9915408373389887,0.9992030500290203,0.9447354322770823,0.6721118263964676,0.007304910732714894,0.991477272726991,0.0,0.8913040784261429
0.9432419420310153,0.9947552829278713,0.9440150319353531,0.5496906444585936,0.06994254452918446,0.9431818181815503,0.0,0.892658465440309
0.9015397664286237,0.9955368263527643,0.9490003949065903,0.607571453121483,0.10459586881792729,0.900568181817926,0.0,0.8940053768032972
0.8549418268596585,0.9950329771537452,0.9550168125510748,0.6383194812318588,0.145033283378501,0.8551136363633933,0.0,0.8953447868718578
0.05561311974995857,0.007061280204250576,0.008428403760734345,0.13730162347224117,0.47233556720285574,0.04829545454544087,0.0,0.8966766701455535
0.08206964028874035,0.00522016889464168,0.010394577135620777,0.12478998068038931,0.49377673453724524,0.07102272727270709,0.0,0.8980010012672466
0.09980609640375347,0.0025551418716172397,0.010749164169179525,0.023594662634206138,0.5145148215555627,0.08522727272724852,0.0,0.8993177769061929
0.11852562997129502,0.006947145549591984,0.010564762878318416,0.04034037809608674,0.533584099743277,0.10227272727269825,0.0,0.9006269063454656
0.06556953116706425,0.0002603504190231883,0.015433822880297895,0.10667472505489958,0.4723226611260337,0.05397727272725738,0.0,0.9019284303085445
0.09130613093604226,0.003733658432678558,0.014887436471619515,0.10304192634980097,0.49825920422206077,0.07670454545452367,0.0,0.903222302133677
0.11648373173768233,0.0013619857442174132,0.013552020134881297,0.0638069706249067,0.5230148841947009,0.09943181818178996,0.0,0.9045084971874092
0.1321226989652641,0.002985305804618449,0.013303027858563252,0.012281790420100594,0.543060252939977,0.1136363636363314,0.0,0.9057869909824413
0.15129174702609682,0.0072712641904705225,0.019958331410419524,0.05069185037903842,0.5572557569405258,0.13068181818178104,0.0,0.9070577591780945
0.16982404489798317,0.008553396447948253,0.02758311309908022,0.08801826602756062,0.5687569977237849,0.14772727272723077,0.0,0.9083207775807745
0.1877781829821006,0.007143036094779509,0.036742081665347905,0.02776631188243973,0.5831811276216717,0.16193181818177219,0.0,0.9095760221444308
0.20880987055638237,0.010477202459156341,0.03253885712527775,0.058722308958995724,0.6047006130014984,0.1818181818181302,0.0,0.9108234689710164
0.21677179167412103,0.013801983475915745,0.030471764570204157,0.08259895205764665,0.6117794613385171,0.18749999999994676,0.0,0.912063094310943
0.23162825342998075,0.01501793999232533,0.02769603391883604,0.06943585174471423,0.6292166613683666,0.20170454545448813,0.0,0.9132948745635291
0.24226666912028003,0.014413543519000385,0.032790955511546746,0.13502340824425582,0.6293342286171189,0.210227272727213,0.0,0.9145187862774555
0.24676511085833006,0.017208938401845265,0.03225694443111436,0.04846649384190618,0.6450032948770879,0.21590909090902957,0.0,0.9157348061512071
0.25153368970008416,0.020746512045829925,0.033430864688110705,0.02594555764294234,0.6521070355793608,0.21874999999993786,0.0,0.9169429110335184
0.2603213718193241,0.0240043767934757,0.03220158741325036,0.016922571752585363,0.6644852549305513,0.2272727272726627,0.0,0.9181430779238139
0.9927962171838257,0.9951426635961652,0.9473878350379787,0.5781489411035416,0.017615418019682052,0.991477272726991,0.0,0.9193353037762794
0.941083679421976,0.9948778963426511,0.9515984225564645,0.5424554757594681,0.07009801003662453,0.9403409090906419,0.0,0.9205195064821309
0.891981578893797,0.9933318657502173,0.9580902615386779,0.5650212784363867,0.11470471940015498,0.8920454545452011,0.0,0.9216957229063769
0.8505942495039869,0.9943104763591452,0.9590946256056035,0.6087683065978436,0.15212316077860175,0.8494318181815769,0.0,0.9228639108519208
0.807695031238596,0.9907575561741607,0.9545711171983096,0.5528990800698674,0.20135249691642876,0.8096590909088609,0.0,0.924024048078147
0.7747540942557999,0.9921216053208995,0.9485668069519516,0.6703166465187063,0.22650028596266744,0.7755681818179615,0.0,0.9251761124977154
0.7388579164672532,0.994080985721302,0.9502393900641062,0.6516168719876765,0.25983181908611913,0.7414772727270621,0.0,0.9263201011755627
0.7135525985467409,0.9940682187734551,0.9549421703136454,0.6405616118224093,0.2842849725761626,0.7159090909088875,0.0,0.9274559353364068
0.06267604313966123,0.0041103010147401685,0.02075310368104724,0.11799670454250774,0.47212965999766404,0.05397727272725738,0.0,0.9285836690783015
0.08699140260783583,0.004830048240522774,0.02337267554672253,0.04462534068231102,0.4978152216533849,0.07386363636361538,0.0,0.9297032057506602
0.9957860151789258,0.9965052244933919,0.9481961662786217,0.5493076845852279,0.01588705573142324,0.9943181818178993,0.0,0.9308145802206964
0.9398757156362127,0.9971784638167785,0.9426817354299881,0.6756913082442023,0.060397834487852756,0.9403409090906419,0.0,0.9319177526021315
0.8916955337200765,0.9990564061521067,0.9399349092156971,0.6606293921286188,0.10949450178344886,0.8920454545452011,0.0,0.9330127200726647
0.8482794151860167,0.9986914660192663,0.9436685049849499,0.5534584189815605,0.1600207159852701,0.8494318181815769,0.0,0.9340994072445044
0.8155578625903437,0.9960660656689626,0.9453624827138085,0.670420966730638,0.18510899653109011,0.8153409090906775,0.0,0.9351778479698829
0.7779137983714888,0.9977773844047556,0.9418111299498207,0.5816349697377391,0.22697775203575526,0.7812499999997781,0.0,0.9362480035363313
0.998271319852959,0.9987494613401239,0.9434645701974151,0.6476961772579953,0.004678103347663761,0.9971590909088075,0.0,0.937309853569631
0.9486598639778518,0.9971058285026133,0.9438111533182669,0.5807596209796135,0.05979096401596496,0.9488636363633667,0.0,0.9383633778536871
0.9078558608131087,0.9948609157453113,0.941580670558134,0.576034628439057,0.1053705750060787,0.9062499999997425,0.0,0.9394085563309157
0.8591051505198684,0.9968656041828129,0.9459491731592491,0.6714769803521815,0.13886097510541756,0.86079545454521,0.0,0.9404453691026252
0.8219706595340655,0.9959630298490453,0.9499230507107165,0.5999900585114448,0.18093108372440875,0.8238636363634024,0.0,0.9414737964293963
0.7831533110999622,0.9974678327309209,0.9502848550074794,0.6679511252572738,0.21325746225844017,0.7840909090906862,0.0,0.9424938187314535
0.9923461884839181,0.9988827801650301,0.9482963330766588,0.5590921071412931,0.015935816093288153,0.991477272726991,0.0,0.9435054165890433
0.9371156061121115,0.9984640127994308,0.9457321423519232,0.5328573156367435,0.07341034231756514,0.9374999999997335,0.0,0.9445085707428004
0.8864990110457991,0.9991405275082597,0.9513884676917279,0.5609538771801145,0.1189566301968645,0.8863636363633846,0.0,0.9455032620941164
0.997882412801118,0.9938129708791852,0.9385389327653543,0.5985021121513605,0.014974560946481462,0.9971590909088075,0.0,0.9464894717055009
0.9532386855562788,0.9944160057209903,0.9412534819072119,0.6254013873042319,0.056269652635927044,0.9517045454542751,0.0,0.9474671808009449
0.05966383415973352,0.001881564773055864,0.00806870005860909,0.0,0.483223905571679,0.05113636363634909,0.0,0.9484363868483461
0.05599779690151271,0.0044258545451790155,0.009625966931191192,0.1036143731417267,0.47268795170407707,0.04829545454544087,0.0,0.9493970390891391
0.9933092710623742,0.9964221884200334,0.9461391772562812,0.5591057325855888,0.018796195907469157,0.991477272726991,0.0,0.950349119661226
0.9426350246609062,0.9929406668056766,0.9432770669929641,0.6049876520830478,0.06968531986379754,0.9403409090906419,0.0,0.9512926421748621
0.8914046031689711,0.9949279121708589,0.9523253882141125,0.5773143871328614,0.11480582093529283,0.8920454545452011,0.0,0.9522275882375918
0.8513926269046805,0.9923247513888572,0.9526739440221791,0.5466102141335611,0.1590199437992322,0.8522727272724852,0.0,0.953153893518257
0.8081960083478313,0.9909575843899099,0.9591955460074291,0.5682022690189599,0.19789830452461482,0.8096590909088609,0.0,0.9540715869124725
0.7758187589163134,0.9886632315548093,0.9570817170580925,0.567058320071694,0.23183594952658648,0.7784090909088698,0.0,0.9549806354382036
0.7399058608931784,0.9859943701551869,0.9576883679500733,0.6522010121293017,0.2630314345115522,0.7414772727270621,0.0,0.955881021788476
0.7065744022939461,0.9876496509086311,0.9644627082735024,0.6452098299364649,0.29059068612045946,0.710227272727071,0.0,0.956772728821232
0.9896009621963213,0.998185172260755,0.9372377097186207,0.6188018697927086,0.018776584411281265,0.9886363636360828,0.0,0.9576557542039368
0.9415270815533205,0.9961659889582354,0.936244332248279,0.6126584564332247,0.06943713608144005,0.9403409090906419,0.0,0.9585300516914176
0.9011912387819978,0.9939237840843343,0.930746397544447,0.6023597189175864,0.11405546419759091,0.900568181817926,0.0,0.9593956050743808
0.8595973704628359,0.990711653029132,0.9286639164838404,0.538794440154674,0.16548443288719694,0.8579545454543017,0.0,0.9602524267261515
0.8217333306469907,0.9940926958193884,0.9355381280752092,0.5846823151625659,0.1898397265022186,0.8238636363634024,0.0,0.9611004858351574
0.976165668567501,0.9764221995303992,0.9383094914064617,0.9999999999999281,0.016365879383206817,0.9744318181815412,0.9999999999989999,0.9619397662555749
0.09943045421115707,0.002889067270344273,0.005165631793134316,0.9999999999999281,0.4317477524239186,0.08522727272724852,0.9999999999989999,0.9627702520087144
0.1460145413987738,0.00302812518250486,0.0006479256491424082,0.9999999999999281,0.4733850153736375,0.12499999999996447,0.9999999999989999,0.9635919272833248
0.19273150180021562,0.006536099307600733,0.00899571092800553,0.9999999999999281,0.5150740781630866,0.16761363636358875,0.9999999999989999,0.9644047764358931
0.10005035094735218,0.007352961412754655,0.007854954664387124,0.9999999999999281,0.43414431867411785,0.08522727272724852,0.9999999999989999,0.9652087839909436
0.15174500601325586,0.010386930286650891,0.006250294924831168,0.9999999999999281,0.48250027263197326,0.13068181818178104,0.9999999999989999,0.9660039346413303
0.08880745263674113,0.0030399431858282385,0.00030545501767711324,0.9999999999999281,0.42543550432016103,0.07670454545452367,0.9999999999989999,0.9667902132485318
0.13768270090244444,0.005780356259604825,0.007670750467462639,0.9999999999999281,0.46693261014444754,0.11931818181814796,0.9999999999989999,0.9675676048429365
0.18734989109670155,0.005265526009429289,0.014405954705582083,0.9999999999999281,0.506118641809214,0.16193181818177219,0.9999999999989999,0.9683360946241296
0.22542408884560972,0.005657043222054785,0.008639203809339293,0.9999999999999281,0.5428252375198286,0.19602272727267156,0.9999999999989999,0.9690956679611727
0.981223862851634,0.9823455183880796,0.937575905479637,0.9999999999999281,0.00632653134272873,0.9801136363633579,0.9999999999989999,0.9698463103928849
0.9834965003137311,0.9774244338125275,0.9361112771734785,0.9999999999999281,0.010843399039490114,0.9801136363633579,0.9999999999989999,0.9705880076281158
0.9222509461306635,0.9584017521732676,0.9332404572634716,0.9999999999999281,0.08937431478564409,0.9176136363633757,0.9999999999989999,0.9713207455460199
0.9777362685443619,0.9764713669481383,0.9383909719735509,0.9999999999999281,0.016292455880083045,0.9744318181815412,0.9999999999989999,0.9720445101963228
0.9107730157313861,0.957148939390556,0.9272176044815076,0.9999999999999281,0.10423426228306903,0.9062499999997425,0.9999999999989999,0.9727592877995889
0.10031755122172083,0.00808640491895754,0.00916386858455138,0.9999999999999281,0.4341710916606421,0.08522727272724852,0.9999999999989999,0.9734650764353512
0.15687045779414427,0.010736781085357645,0.012688770482789309,0.9999999999999281,0.4857113484147977,0.1363636363635976,0.9999999999989999,0.97416182760303
0.20729923827311916,0.011397402084972643,0.0038158325944250117,0.9999999999999281,0.5324347222951874,0.17897727272722191,0.9999999999989999,0.9748495631008689
0.24843487463609404,0.01306762801691447,0.015216476637131347,0.9999999999999281,0.5657170317874854,0.21590909090902957,0.9999999999989999,0.9755282581475069
0.2809668451138979,0.012603280944861454,0.01105231393142806,0.9999999999999281,0.5954082743035735,0.24431818181811243,0.9999999999989999,0.9761978998215696
0.30942376184963,0.013395971783896468,0.013931980706254229,0.9999999999999281,0.6202838381502064,0.269886363636287,0.9999999999989999,0.9768584753740439
0.34116349299689597,0.012219480643359724,0.014307311421930376,0.9999999999999281,0.6474896954763063,0.2982954545453698,0.9999999999989999,0.9775099722285232
0.3651866093559719,0.016994259059413604,0.013778581799180017,0.9999999999999281,0.674131659801888,0.32102272727263603,0.9999999999989999,0.9781523779814479
0.38346389853179286,0.017661452719165433,0.004745004342979484,0.9999999999999281,0.692631863338661,0.3352272727271775,0.9999999999989999,0.9787856804023373
0.979610347380497,0.9754894953501174,0.9393102639234109,0.9999999999999281,0.013851235009666413,0.9772727272724496,0.9999999999989999,0.9794098674340266
0.9205200277318711,0.9616833131390761,0.9321841941254305,0.9999999999999281,0.08722278760895719,0.9176136363633757,0.9999999999989999,0.9800249271928939
0.8621145690856302,0.9446810149489858,0.9308342410761519,0.9999999999999281,0.16068041344503275,0.8579545454543017,0.9999999999989999,0.9806308479690894
0.9800987956447602,0.9769463235748422,0.9418821396723183,0.9999999999999281,0.01160898772681706,0.9772727272724496,0.9999999999989999,0.9812276182267539
0.9176742801343376,0.9623105758279435,0.9354637549757082,0.9999999999999281,0.0881675523265365,0.9147727272724673,0.9999999999989999,0.9818152266042416
0.8627885810165085,0.9443914540343183,0.9367437945245702,0.9999999999999281,0.1584083516788471,0.8579545454543017,0.9999999999989999,0.9823936619143363
0.8182343372935832,0.9431070567679817,0.9339656276469512,0.6282006470661944,0.2355629080647552,0.8153409090906775,0.0,0.9829629131444638
0.7846267632895922,0.9417518329218381,0.9301384327348294,0.5366728341685246,0.2802165615431734,0.7812499999997781,0.0,0.9835229694569012
0.7454435489711716,0.9434644562125193,0.9256691032839592,0.5518316129980414,0.31621163126625695,0.7443181818179704,0.0,0.9840738201889833
0.060253682534801116,0.005273848670005374,0.011704416348260251,0.04457186796417172,0.48047311202859205,0.05113636363634909,0.0,0.9846154548533068
0.0896424229757194,0.008520808648044912,0.010321145625628662,0.027505529960775064,0.5105891581324731,0.07670454545452367,0.0,0.9851478631379278
0.10629981667690738,0.009334297842453652,0.02017448099556353,0.025468249912473002,0.5213890485324238,0.0909090909090651,0.0,0.9856710349065603
0.06396235017856772,0.006245177771913922,0.02210156709439566,0.02099200003097259,0.481733343144559,0.05397727272725738,0.0,0.9861849601987678
0.09328659692485339,0.002835155797918509,0.02330057970596811,0.09917145580142002,0.49715477150690207,0.07954545454543195,0.0,0.9866896292301534
0.11700865254051289,6.530582138677558e-05,0.03184664651874103,0.027971757384920935,0.5173785148922612,0.09943181818178996,0.0,0.9871850323925473
0.9928477132112006,0.9971735984337625,0.9453790941541089,0.5729438570305491,0.017312629267227965,0.991477272726991,0.0,0.9876711602541857
0.9418469360542944,0.9948234681444823,0.9475940241319908,0.5760214855264103,0.06890043865824087,0.9403409090906419,0.0,0.9881480035598964
0.9019576119354608,0.9912335060073041,0.9563108541838038,0.570505750511099,0.1081509798607481,0.900568181817926,0.0,0.9886155532312688
0.06426722134912698,0.006050141925025309,0.007973793463061448,0.08319029487658809,0.48211905260244275,0.05397727272725738,0.0,0.9890738003668322
0.08624792813063625,0.005733121567146403,0.011072541787391522,0.013102315298620274,0.5064936319702736,0.07386363636361538,0.0,0.9895227362422212
0.1091757894698548,0.009092951377585971,0.014730261486450513,0.08722136942375316,0.5209311337803438,0.09374999999997338,0.0,0.9899623523103442
0.13113210362659983,0.010225283185556462,0.014468454225520845,0.011104050937665862,0.5484031843706879,0.1136363636363314,0.0,0.9903926402015444
0.1524023096701534,0.009724625567180534,0.013967063503958089,0.05991190113722779,0.5609281118101075,0.13068181818178104,0.0,0.990813591723761
0.16711617582324817,0.006029657635737497,0.00880668050341067,0.07495976181892683,0.5730185043419934,0.14488636363632248,0.0,0.991225198862684
0.9949617362422155,0.9947116943116902,0.9433978388088248,0.585143805995571,0.01620416071818881,0.9943181818178993,0.0,0.9916274537819064
0.9499209403535606,0.9948988178477771,0.94056890063556,0.6650477170579129,0.055539318655063244,0.9488636363633667,0.0,0.9920203488230747
0.8976960768005595,0.9962235407225558,0.9464305811500461,0.5574874293281566,0.11234971235786365,0.8977272727270177,0.0,0.9924038765060331
0.857648070340382,0.9965777356547908,0.9513677164322363,0.6583476939608947,0.14077330856708797,0.8579545454543017,0.0,0.9927780295289679
0.057057673414567134,0.005013117465207746,0.02104125832729133,0.08650938130520437,0.46981717506297743,0.04829545454544087,0.0,0.9931428007685448
0.07703078692664275,0.008377073530549853,0.03031655815492418,0.06900671179207227,0.48706362245393364,0.06534090909089052,0.0,0.9934981832800451
0.9974229901258256,0.9982686758185377,0.9390476077687352,0.6164724728039194,0.009659190911910077,0.9971590909088075,0.0,0.9938441702974978
0.9482859752767723,0.9969549736833274,0.9393678497527983,0.5817163743203213,0.06170748238105914,0.9488636363633667,0.0,0.9941807552338093
0.9054789422475655,0.997428152910104,0.9463709645029506,0.6630805951653687,0.09369711144817486,0.9062499999997425,0.0,0.994507937055388
0.857620910890265,0.9955925921955645,0.9511625537148682,0.5390798939750883,0.15207124083629275,0.8579545454543017,0.0,0.9948256934097641
0.8221434881642068,0.9967959393897884,0.9566590644651002,0.5544698198525918,0.18140146422484002,0.8238636363634024,0.0,0.9951340343707141
0.7896516773627197,0.9954605487018043,0.9555001403891558,0.6488170214632438,0.20582403122654913,0.7926136363634112,0.0,0.9954329486933702
0.75484356466848,0.9937107777983529,0.9631478465098617,0.6724562191773246,0.23586076849892462,0.7585227272725117,0.0,0.9957224306868341
0.72509627468002,0.9963161036487171,0.960382627794953,0.5793084818249769,0.27424065780436946,0.7272727272725207,0.0,0.9960024748397867
0.697231252187624,0.9983032378968141,0.9644098154508193,0.5699231944161947,0.297250028976557,0.7017045454543461,0.0,0.9962730758205898
0.6706370085519306,0.9999752412010237,0.9700290542755755,0.5887325120897728,0.3173692179487658,0.6761363636361715,0.0,0.9965342284773918
0.6405537183856561,0.9972954294363034,0.9646341757621354,0.6084661099682266,0.3483453306553306,0.6477272727270887,0.0,0.9967859278382225
0.6197296694515748,0.9981266056444269,0.9609986683450442,0.601544534287652,0.3696387601004173,0.6278409090907306,0.0,0.9970281691110889
0.595679639007755,0.9945517715672592,0.9693974735118991,0.6295150699329626,0.3891054553261772,0.6051136363634644,0.0,0.9972609476840656
0.5815797613440842,0.9937778500066022,0.9690568394255483,0.605690754301352,0.4060943147908679,0.5909090909089231,0.0,0.9974842591253849
0.5697092209279995,0.9926268431777391,0.9696424038237732,0.612983019959386,0.4174387024649578,0.5795454545452899,0.0,0.997698099183518
0.5592562284011896,0.9950893799806549,0.9747623915178765,0.5406005875952693,0.4309705016782531,0.5681818181816567,0.0,0.9979024637872593
0.0553425660420514,0.003070626612308461,0.02285975673476846,0.08697124903974791,0.4646391931390782,0.04545454545453258,0.0,0.9980973522148725
0.08138402580038137,0.004867359242214173,0.020852772740776022,0.10882747868404212,0.4876370858458875,0.0681818181817988,0.0,0.9982827512488094
0.110396625928222,0.005307445892670887,0.015859003202158817,0.04080957044691465,0.5215147875587378,0.09374999999997338,0.0,0.9984586668664925
0.1287592324481507,0.0071210962930667795,0.01936305623757147,0.0784334226393067,0.5351551131592696,0.1107954545454231,0.0,0.9986250925496716
0.14790920863520263,0.004345816611818249,0.014067333772293435,0.11783338715071642,0.548730918421559,0.12784090909087276,0.0,0.9987820251298408
0.1653205251960707,0.006252219439896603,0.016803843134134938,0.10087388468223189,0.5647137112250326,0.14204545454541417,0.0,0.9989294616192304
0.17988496534515228,0.003640048593190792,0.013070422829433362,0.01629928679491554,0.5857703796636461,0.15624999999995562,0.0,0.9990673992108621
0.18985043736249452,0.0022851192545694367,0.008523353397658223,0.04382169058349324,0.5927039341198375,0.16477272727268047,0.0,0.9991958373400098
0.054916072707747864,0.004563807256346793,0.010153651646704641,0.089584533583726,0.47097122959706145,0.04545454545453258,0.0,0.9993147673772155
0.08260101748997663,0.006634463865664723,0.014113169712732467,0.0939802544659437,0.49601727842550863,0.07102272727270709,0.0,0.9994241932424041
0.9884413448051402,0.9959173719092081,0.9375714519464484,0.533877227000255,0.027858529698582057,0.9886363636360828,0.0,0.9995241107908575
0.9444983060717095,0.9975753803015043,0.9323980394082241,0.6673465707385116,0.062336524549857344,0.9431818181815503,0.0,0.99961451812029
0.8970703075635089,0.9939768475370894,0.9381396443105746,0.6697530008181349,0.10781960213837849,0.8977272727270177,0.0,0.9996954135094763
0.8517227418718233,0.9923273233631317,0.9331893332348121,0.6575477151579638,0.15756281859886756,0.8522727272724852,0.0,0.9997667954182851
0.06672289402258505,0.005952511504940426,0.011099168736985108,0.014554673980904395,0.48955125007621403,0.05681818181816566,0.0,0.9998286624877073
0.05703758819104006,0.0027209371413199892,0.015377027913954748,0.048550461736764916,0.47371938246528306,0.04829545454544087,0.0,0.9998810135398832
0.08150092098600048,0.0046849719565532095,0.02386155916288235,0.11229915953219767,0.4859154874245455,0.0681818181817988,0.0,0.9999238475781239
0.05531845715789543,0.007254549436302841,0.010237891769114984,0.021019354990052707,0.4790629307342085,0.04545454545453258,0.0,0.999957164262882
0.05996245884931647,0.005239417554329467,0.00883829780460813,0.12174707544243192,0.4749093787452856,0.05113636363634909,0.0,0.9999809615320142
0.05922717306747363,0.006607725946338643,0.01755746236948881,0.13370636701625976,0.47125638386125257,0.05113636363634909,0.0,0.9999952403602957
0.08278278906333919,0.0032055945698203536,0.026052583299955585,0.05751113695350909,0.49143789901505835,0.07102272727270709,0.0,0.9999999999999286
0.10317507615924236,0.0008011830428720655,0.0300635872234465,0.028635442214846474,0.5073393743363208,0.08806818181815682,0.0,0.9999952403602957
0.12512534656846538,0.006011362025845786,0.02734303531419622,0.0194962244548327,0.5332235314098921,0.10795454545451481,0.0,0.9999809615320142
0.14102722372290177,0.0070161829766256486,0.03186770031478146,0.12139093628486655,0.5373406948019618,0.12215909090905619,0.0,0.999957163786932
0.16293784292954386,0.004130089917336304,0.03588423929769422,0.05574059761536662,0.558904280385557,0.14204545454541417,0.0,0.9999238475781239
0.1737925541123239,0.0028656115367098715,0.03532817488475588,0.014233410774580912,0.5702573913843211,0.15056818181813905,0.0,0.9998810135398832
0.18491799030059936,0.0025303387072724876,0.040124975435153656,0.016419708720824922,0.5762592338612609,0.1590909090908639,0.0,0.9998286624877073
0.9923089575328657,0.9975493641118671,0.9476490262196806,0.6244348647343967,0.011550941194780014,0.991477272726991,0.0,0.9997667954182851
0.9900431418170447,0.9959700029497716,0.9430519711353456,0.602640162423007,0.01948319325649993,0.9886363636360828,0.0,0.9996954135094763
0.05928704458229822,5.557366913942729e-05,0.016832414174737322,0.13169766191219107,0.46655041094206456,0.05113636363634909,0.0,0.9996145166927617
0.08216907155157543,0.007044419963757295,0.012094748851114025,0.09028207421118523,0.4975196982355483,0.07102272727270709,0.0,0.9995241107908575
0.10768344820439447,0.0033419009875145034,0.010263509276735147,0.1317239433678452,0.5115458670732218,0.0909090909090651,0.0,0.9994241914978685
0.12483009856591741,0.0015999598372425942,0.021387113554031452,0.12572053970613709,0.5229609888651207,0.10795454545451481,0.0,0.9993147673772155
0.06031146794156747,0.0001942779798963854,0.010865333557164967,0.03084466406928864,0.47800640225720425,0.05113636363634909,0.0,0.9991958352786028
0.06406736801565575,0.0012962538192752688,0.007941263023896979,0.036798796328093054,0.48242562048023124,0.05397727272725738,0.0,0.9990673992108621
0.09326963561852147,0.0005616160493772222,0.008043236375541218,0.08677023523105996,0.5028970197041556,0.07954545454543195,0.0,0.9989294616192304
0.10933248581881937,0.007032963722494709,0.018886971348401345,0.11790604769196085,0.5148568016967042,0.09374999999997338,0.0,0.9987820251298408
0.13594749175451076,0.0033242168980824128,0.027446625787519333,0.005926303095284416,0.540727491501107,0.11647727272723968,0.0,0.9986250925496716
0.1536161141427253,0.005301983790940911,0.026299612365092068,0.06315532771428987,0.5547518166275788,0.13352272727268932,0.0,0.9984586668664925
0.17233655142570567,0.006725648897598972,0.02640899824548444,0.02411776182801092,0.5733952426683239,0.14772727272723077,0.0,0.9982827512488094
0.18679723306044282,0.004444027714905529,0.02033945292350606,0.09140900952754095,0.5824205429556777,0.16193181818177219,0.0,0.9980973490458014
0.9976746844298924,0.9978823482495156,0.9441013424089196,0.5382472889408215,0.01466745360838183,0.9971590909088075,0.0,0.9979024604601654
0.9417775454522772,0.9978044199403223,0.9513210420409779,0.5553085334246702,0.06677384246848601,0.9403409090906419,0.0,0.997698099183518
0.89583925168876,0.9965386461927228,0.9590735392939802,0.6365204264494095,0.10266628590399603,0.8948863636361095,0.0,0.9974842591253849
0.8542077780476449,0.9994333135980493,0.9580121232233679,0.6248925408088398,0.1414551886952113,0.8551136363633933,0.0,0.9972609476840656
0.8180018735649518,0.9999103237220069,0.9530272858567483,0.5407532611651668,0.18733137277644327,0.8181818181815856,0.0,0.9970281691110889
0.059935535190833354,0.0034729090633422097,0.01940454577682543,0.05792535117254747,0.47461983738272806,0.05113636363634909,0.0,0.9967859278382225
0.0824103618421632,0.0012180582547314858,0.02585688713405815,0.0746904954513452,0.48844435425929,0.07102272727270709,0.0,0.9965342284773918
0.10932379796805516,0.004297635272022645,0.025733173315898965,0.03782981217459337,0.5167962598463562,0.09374999999997338,0.0,0.9962730758205898
0.13209183412021358,0.0010936461682161047,0.034904867290695175,0.05794632449764429,0.5284250325528114,0.1136363636363314,0.0,0.9960024748397867
0.18111790507917055,0.007087466499379613,0.03192671569621435,0.9999999999999281,0.49448605061296264,0.15624999999995562,0.9999999999989999,0.9957224306868341
0.2316095472961539,0.01301488972734283,0.024102137216480336,0.9999999999999281,0.5477660150540543,0.20170454545448813,0.9999999999989999,0.9954329486933702
0.26531043753926503,0.018316183808286656,0.011829801681099242,0.9999999999999281,0.5882845929540677,0.23295454545447927,0.9999999999989999,0.9951340343707141
0.2955383510593443,0.02161434367474628,0.0012390627444088611,0.9999999999999281,0.620845870647683,0.25852272727265385,0.9999999999989999,0.9948256934097641
0.3228501103072287,0.021592484248733168,0.01495286377379377,0.9999999999999281,0.6404905975330165,0.28409090909082835,0.9999999999989999,0.9945079263063845
0.35113655842578334,0.025961219535858653,0.011352258284716686,0.9999999999999281,0.6681112680132174,0.30681818181809467,0.9999999999989999,0.9941807552338093
0.9811388900233483,0.9805757505351332,0.9435398529254492,0.9999999999999281,0.00803323530455943,0.9772727272724496,0.9999999999989999,0.9938441702974978
0.9210977578023575,0.9603795448449143,0.9310779105390794,0.9999999999999281,0.08872348208070197,0.9176136363633757,0.9999999999989999,0.9934981832800451
0.8753199213948706,0.9448765828530855,0.9319117012012974,0.9999999999999281,0.14875093758019398,0.8693181818179349,0.9999999999989999,0.9931428007685448
0.824655789968402,0.9311662877412998,0.9212808498371043,0.9999999999999281,0.21504113079048373,0.8181818181815856,0.9999999999989999,0.9927780295289679
0.7838439364435524,0.9116364512952027,0.9194997235352665,0.9999999999999281,0.2708753196175662,0.7784090909088698,0.9999999999989999,0.9924038701920059
0.754544859468539,0.8955720355415233,0.9071187137262895,0.9999999999999281,0.3199630413345521,0.7471590909088786,0.9999999999989999,0.9920203488230747
0.7206609034235226,0.8778640300354696,0.8979814744103012,0.9999999999999281,0.3718089288183752,0.7130681818179792,0.9999999999989999,0.9916274537819064
0.6964424742362246,0.8605241862343387,0.8957523870436152,0.9999999999999281,0.40912068578124683,0.690340909090713,0.9999999999989999,0.991225198862684
0.6777903416924824,0.8424987522463618,0.8903619426727881,0.9999999999999281,0.44548383402704567,0.670454545454355,0.9999999999989999,0.990813591723761
0.6610642838313608,0.8279381256889512,0.889730014021419,0.9999999999999281,0.4742594633418907,0.6534090909089052,0.9999999999989999,0.9903926402015444
0.9838278742313782,0.976904629694201,0.9301945871981643,0.9999999999999281,0.013759404805405525,0.9801136363633579,0.9999999999989999,0.9899623523103442
0.9750500088162003,0.9768783830085558,0.9433219631805054,0.9999999999999281,0.016712622832041963,0.9715909090906331,0.9999999999989999,0.9895227362422212
0.9100462623582258,0.9625614531600516,0.9426142113247022,0.9999999999999281,0.09343119505610833,0.9062499999997425,0.9999999999989999,0.9890738003668322
0.8542139480804648,0.943672203682564,0.9419963775155608,0.9999999999999281,0.16524354357409768,0.8494318181815769,0.9999999999989999,0.9886155532312688
0.8058216067362971,0.923870301587829,0.9359972483202651,0.9999999999999281,0.23156745880875632,0.801136363636136,0.9999999999989999,0.9881479956899284
0.7671932634288859,0.9057175925371364,0.9238174882292257,0.9999999999999281,0.2907125938926807,0.7613636363634201,0.9999999999989999,0.9876711602541859
0.7385001749951181,0.8873440884515208,0.9165835319136737,0.9999999999999281,0.3366205949293944,0.7329545454543372,0.9999999999989999,0.9871850323925473
0.7035940296731938,0.8725663613438507,0.9123837220010682,0.9999999999999281,0.38688579294147535,0.6960227272725296,0.9999999999989999,0.9866896292301534
0.6808605115555187,0.8613129617228782,0.9002301650096194,0.9999999999999281,0.42357856174839853,0.6732954545452633,0.9999999999989999,0.9861849601987681
0.6538252549098271,0.8473922383403416,0.8893513392406254,0.9999999999999281,0.46467361816595504,0.6477272727270887,0.9999999999989999,0.9856710349065605
0.6393217033122003,0.8364211312242686,0.8849407943340759,0.9999999999999281,0.4893765172675512,0.6335227272725473,0.9999999999989999,0.9851478543413981
0.6219953981567591,0.8251744744305861,0.881684296574136,0.9999999999999281,0.5166387785678507,0.6164772727270975,0.9999999999989999,0.9846154548533068
0.60778919940142,0.8077189004183889,0.8823666171263516,0.9999999999999281,0.5471505831714947,0.5994318181816478,0.9999999999989999,0.9840738201889833
0.5971455129553429,0.7913601803093171,0.8833829187477569,0.9999999999999281,0.5709931671724767,0.5880681818180148,0.9999999999989999,0.9835229694569012
0.5801544745891671,0.7936775653045649,0.8865296498855967,0.676090819547228,0.6103029058022691,0.5738636363634734,0.0,0.9829629037335363
0.5644682690579322,0.7929024475727724,0.888230427998757,0.5368181184061448,0.6365255685973101,0.5596590909089318,0.0,0.9823936619143363
0.997962153749945,0.9986809697771925,0.9471756882038986,0.6046416305215832,0.0069270033182753,0.9971590909088075,0.0,0.9818152266042416
0.9465760855506778,0.993483408098574,0.9505597474301649,0.5603000304706295,0.06442199687427672,0.9460227272724585,0.0,0.9812276182267539
0.9022216036869177,0.9915457750551877,0.9519236507478943,0.6680290948800307,0.10123145104938353,0.900568181817926,0.0,0.9806308479690892
0.8638116119186934,0.9903514752574423,0.9457802755788662,0.6116475734632458,0.14649384827400208,0.8636363636361183,0.0,0.9800249271928939
0.06083240355080076,0.006043972699231812,0.009493825641586321,0.11666315455855882,0.47571365692581935,0.05113636363634909,0.0,0.9794098674340266
0.9954388281913352,0.9994703624963907,0.9375648457308564,0.550605190820756,0.017925494072619338,0.9943181818178993,0.0,0.9787856804023373
0.9978639582036449,0.9931533087629326,0.9419384805553331,0.6609467156225163,0.008596690554087632,0.9971590909088075,0.0,0.9781523779814479
0.9486947909080036,0.9921403942379469,0.9485097863305664,0.5662252861031647,0.06300535302431769,0.9488636363633667,0.0,0.9775099722285232
0.9004541226883306,0.9923974800657699,0.955758036330186,0.6624772566814277,0.09941955857072746,0.900568181817926,0.0,0.9768584753740439
0.8518465926035289,0.9898511829225963,0.9576024131979279,0.6099930166693721,0.15334927088210717,0.8522727272724852,0.0,0.9761978998215696
0.815188671507918,0.9896897313729969,0.9643107480820889,0.6444754191893358,0.18440716222596354,0.8153409090906775,0.0,0.9755282581475069
0.7770799451357467,0.9926938437768057,0.9597875910483468,0.554173910058767,0.22862569575109648,0.7784090909088698,0.0,0.9748495517139102
0.7462977194792619,0.9906136144843762,0.9627686428443506,0.60984287151205,0.25243884498560304,0.749999999999787,0.0,0.97416182760303
0.7143768982296773,0.9870225292880818,0.9695036240738937,0.5997782546201178,0.28443806773511904,0.7187499999997958,0.0,0.9734650647474837
0.6881944627379888,0.9888680323387155,0.9780605700759055,0.5622343087583297,0.3081049770185311,0.6931818181816212,0.0,0.9727592877995889
0.6587984254229824,0.9925148764378958,0.9790152134411043,0.6480004417636214,0.3256084230607419,0.6647727272725383,0.0,0.9720445101963228
0.6373322991136964,0.9896444678032563,0.9825248778387469,0.6744650488333234,0.3467184473827125,0.6420454545452722,0.0,0.9713207455460199
0.6188266819840427,0.9893438361966538,0.9872108678845143,0.6318786062162348,0.36567541951926885,0.6249999999998225,0.0,0.9705880076281158
0.5987290189504224,0.9872496203839749,0.9920668020014134,0.6417621937488545,0.384221460822364,0.6051136363634644,0.0,0.9698463103928849
0.5786152964032909,0.9901651459113155,0.9903442393580509,0.6716667867812276,0.39700423204906415,0.5880681818180148,0.0,0.9690956679611727
0.5592896816008561,0.9932665860267917,0.9866638612797518,0.6210275297649842,0.42034234734128195,0.5681818181816567,0.0,0.9683360946241296
0.5484585332586388,0.9900568210991031,0.9875958844934709,0.6580843255152531,0.4277375901811128,0.5596590909089318,0.0,0.9675676048429365
0.9969003063630405,0.9985937160198576,0.942184849080933,0.562298335499914,0.01281186820519761,0.9971590909088075,0.0,0.9667902132485318
0.9477974501379698,0.9975519062011334,0.9491896741720144,0.6758280508681394,0.05167623677786648,0.9460227272724585,0.0,0.9660039346413303
0.060084107928127524,0.005938215539336946,0.017741735351366656,0.13381531418421566,0.47063868290872013,0.05113636363634909,0.0,0.9652087839909436
0.08962173897508566,0.005634687435318801,0.020617089345429527,0.0648583798845632,0.5006788581032218,0.07670454545452367,0.0,0.9644047764358933
0.10904616725962811,0.009292673408401234,0.02259361158836628,0.10017132648310333,0.5166283559432193,0.09374999999997338,0.0,0.9635919272833248
0.1300817589727995,0.0081566309905114,0.017734365010345834,0.023531238420072147,0.5414661773264543,0.1107954545454231,0.0,0.9627702520087144
0.05502037393722089,0.004257719445634714,0.013453578322575098,0.11079265617557997,0.46747724150338815,0.04545454545453258,0.0,0.9619397662555749
0.08023208865262463,0.0063803034885012554,0.011711753706660902,0.07639321065390288,0.49554096788821045,0.0681818181817988,0.0,0.9611004858351574
0.10554906148087373,0.009793732029668439,0.013418571140668398,0.0005348695884415498,0.5267931022152208,0.0909090909090651,0.0,0.9602524125187658
0.13155498387749345,0.011470589920343882,0.01458124529243762,0.0735336621324009,0.5438815865681058,0.1136363636363314,0.0,0.9593956050743806
0.15184272859798614,0.010875666135232847,0.016742841617908923,0.00956553153509153,0.5650679014651274,0.13068181818178104,0.0,0.9585300226935669
0.1709975584227596,0.008557814858560423,0.021752258427176333,0.12961989138371044,0.5675901336637272,0.14772727272723077,0.0,0.9576557395596551
0.18994993465894738,0.005062334953065446,0.030107990152598685,0.1159908224734993,0.5794551531547354,0.16477272727268047,0.0,0.956772728821232
0.9968488315445074,0.9989966968945937,0.9468005914349256,0.540884869261305,0.01241181806180383,0.9971590909088075,0.0,0.955881021788476
0.952191681093675,0.9957699592018271,0.9427204138098291,0.6230120981849228,0.05478552769059962,0.9517045454542751,0.0,0.9549806354382036
0.9051615762371379,0.9969510050377131,0.9479743700616062,0.6612610151713554,0.09355541492275869,0.9062499999997425,0.0,0.9540715869124725
0.8590872357940054,0.9926257309592019,0.9516454409521503,0.647445255410434,0.14473879463725567,0.8579545454543017,0.0,0.953153893518257
0.05953722113982718,0.0054977636971249326,0.017485787377999374,0.05277829622501466,0.4774856014048152,0.05113636363634909,0.0,0.9522275727271161
0.09017867125334073,0.002684676715142865,0.024119109870092276,0.14566164195541184,0.48979355198318436,0.07670454545452367,0.0,0.9512926421748621
0.055652550116339225,0.006986820203595887,0.012653510284972285,0.009576504805150324,0.4816588621654632,0.04829545454544087,0.0,0.950349119661226
0.08403018144503079,0.009507622746026364,0.011024086583265078,0.03432444733895486,0.5048174182267777,0.07102272727270709,0.0,0.9493970231495157
0.11257343014202705,0.012636613584090359,0.01625585794709376,0.10547097349683851,0.5243251136728166,0.09659090909088167,0.0,0.9484363707662765
0.13672783728818533,0.01599254222382678,0.02406732923236777,0.08402003342793682,0.5481893882887122,0.11931818181814796,0.0,0.9474671808009449
0.15342463792168695,0.013251459349270907,0.021732409043505332,0.001761038295646035,0.5683495056290457,0.13352272727268932,0.0,0.9464894553394584
0.17139131728603316,0.012372225284193832,0.02853365098194441,0.054742338179854376,0.5742889894521026,0.14772727272723077,0.0,0.9455032620941167
0.9882391188825289,0.9983995958293871,0.9485573042062287,0.5466578133777089,0.020125100379285242,0.9886363636360828,0.0,0.9445085707428004
0.9348316979075982,0.9987040504788306,0.951202156276311,0.5571264254124156,0.07161204459737343,0.9346590909088254,0.0,0.9435054165890433
0.8883810848046615,0.9953064856087795,0.9548491256579212,0.6384458531048032,0.11092097798473932,0.8892045454542927,0.0,0.9424938187314535
0.8473664416497149,0.9958261318338643,0.9518948830995005,0.6335106539745036,0.15463611175352893,0.8465909090906686,0.0,0.9414737964293963
0.8115903485000774,0.9934896252674903,0.9548080005162937,0.6455074938518313,0.1881597262265818,0.8124999999997693,0.0,0.9404453691026252
0.7718062170413386,0.9938693917285361,0.9553139863899596,0.6349286634757247,0.22818494983174467,0.7727272727270532,0.0,0.9394085563309157
0.735590278952301,0.9909526165653642,0.956628844350036,0.6109108367323148,0.2659943571529717,0.7386363636361538,0.0,0.9383633778536871
0.7008195631755932,0.990859084225691,0.953558870340278,0.6007258634040251,0.30221426941570945,0.7045454545452544,0.0,0.937309853569631
0.6697999990890353,0.9942822781407178,0.9594075650764482,0.5794869054981194,0.3271817913649505,0.6761363636361715,0.0,0.9362480035363315
0.646193979733948,0.9912189630109753,0.954126543881533,0.5542268164702817,0.35951884102897924,0.650568181817997,0.0,0.9351778479698829
0.6179237978707999,0.9943281494685787,0.9576411616943511,0.5403987236957823,0.3822451951226396,0.6249999999998225,0.0,0.9340994072445044
0.6033871823343706,0.9924517591034322,0.9654357321389899,0.6753985387053314,0.3827731545799307,0.610795454545281,0.0,0.9330127018921529
0.060005628064741155,0.0011358755141504325,0.020347206254897804,0.012322762808610646,0.476358504118749,0.05113636363634909,0.0,0.9319177526021315
0.08088419414649271,0.002895287802582277,0.017335821657794154,0.03184569012390248,0.4942967731097589,0.0681818181817988,0.0,0.9308145802206964
0.10911127519834736,0.0068295138310833,0.01765795442348568,0.141572851526641,0.5131460427399059,0.09374999999997338,0.0,0.9297032057506602
0.13178639587811328,0.009720314168523755,0.01808973084416908,0.035589099008477364,0.544329091621886,0.1136363636363314,0.0,0.9285836316236759
0.05635036108258282,0.0008706201758785386,0.020459197484450856,0.04362822871470881,0.470533486250153,0.04829545454544087,0.0,0.9274559353364068
0.07943200725956315,0.0010910289325058646,0.01794858600101367,0.038950131050984826,0.4919872988422106,0.0681818181817988,0.0,0.9263200821769799
0.09682854069355074,0.005898966181233798,0.014809306412309165,0.1312559063964818,0.5031986713556325,0.08238636363634023,0.0,0.9251761124977154
0.12088236991204648,0.004631851941992792,0.019336517469713863,0.03009489914754244,0.5317634900582741,0.10511363636360653,0.0,0.924024048078147
0.05757380754646084,0.006035089220601631,0.01674372834063797,0.05631425569221142,0.4750863088705295,0.04829545454544087,0.0,0.9228639108519208
0.08731274252580952,0.007072775896588044,0.012747024753118237,0.12907598251498756,0.49670284462723585,0.07386363636361538,0.0,0.9216957229063769
0.11433349543937896,0.007498688491433124,0.022851938944212082,0.01720514144133044,0.528013749577585,0.09943181818178996,0.0,0.9205195064821309
0.13379186388213027,0.006342868423777118,0.023281695701923632,0.03300197707913348,0.5425128247817195,0.11647727272723968,0.0,0.9193352641690112
0.15756984860182216,0.004134997826769798,0.028156681186940306,0.0447908127672507,0.5574774183659303,0.1363636363635976,0.0,0.9181430779238139
0.17030719646486975,0.005842661121784868,0.0367262112461547,0.03233617044666678,0.5676102414740362,0.14772727272723077,0.0,0.9169429110335184
0.1876911119383986,0.004884854241527571,0.04555867380626404,0.024188100499650728,0.5779740196320613,0.16193181818177219,0.0,0.9157348061512071
0.19651505637723757,0.004269216879453646,0.05282782974862022,0.06820211737917029,0.5790491760735729,0.17045454545449704,0.0,0.9145187862774555
0.20997975024239093,0.0016318235926985397,0.0576107082784938,0.0239363631036134,0.5901261586600659,0.1818181818181302,0.0,0.9132948745635291
0.21741006660007825,0.004508751104490449,0.059192660323279904,0.026907823427285715,0.597134147310482,0.18749999999994676,0.0,0.912063094310943
0.05544631515913705,4.864984080344843e-05,0.01382369188640879,0.06465560216886025,0.46802256042202134,0.04545454545453258,0.0,0.9108234689710164
0.05938108810928722,0.004640327813207975,0.016223491500128254,0.10050877127660289,0.4731664769091397,0.05113636363634909,0.0,0.9095760221444308
0.0869704054986191,0.0009693108369904257,0.018520843755031973,0.1265222037813477,0.4896490496058831,0.07386363636361538,0.0,0.9083207565951821
0.1100169486501759,0.005184780794915389,0.012750459890145387,0.1006905998101829,0.5174963167077676,0.09374999999997338,0.0,0.9070577591780945
0.12775578851595393,0.0024873404171320257,0.020227619606240074,0.04748927293148804,0.5338260946848988,0.1107954545454231,0.0,0.9057869909824416
0.14171589197160367,0.005346285914659486,0.016943462408587046,0.09432654146002742,0.5447023811512924,0.12215909090905619,0.0,0.9045084971874092
0.16518918918467299,0.008658613095724589,0.023497235133645468,0.021823860994694192,0.5706997469391949,0.14204545454541417,0.0,0.903222302133677
0.1780664783585196,0.01227594408648106,0.025401864275436524,0.07908035382080238,0.5790690595104703,0.15340909090904734,0.0,0.9019284303085445
0.9881358530969192,0.9933453110559469,0.9498730785050801,0.5435838717388717,0.026669054037276572,0.9857954545451744,0.0,0.9006269063454659
0.9329337777971574,0.9900248985055816,0.9489322533087701,0.6331699921039555,0.07562470505062951,0.9318181818179171,0.0,0.899317755023582
0.8870549066789152,0.9903406250029794,0.9508194442524633,0.5401908062857458,0.1279818911086527,0.8863636363633846,0.0,0.8980010012672466
0.08612565208554558,0.007581135067652102,0.004108565332945378,0.9999999999999281,0.424592207162544,0.07386363636361538,0.9999999999989999,0.8966766701455535
0.13291090211333348,0.012321428049270128,0.00553898387607108,0.9999999999999281,0.467355428310796,0.1136363636363314,0.9999999999989999,0.8953447868718578
0.17522467733601607,0.01763917573692457,0.001772945328500215,0.9999999999999281,0.512775451939385,0.15340909090904734,0.9999999999989999,0.8940053768032972
0.2157417349644411,0.022731889992499633,0.01208450370065131,0.9999999999999281,0.5463993201882807,0.18749999999994676,0.9999999999989999,0.892658465440309
0.25193136901459073,0.026724288095994777,0.006801160062138896,0.9999999999999281,0.5857527824557832,0.22159090909084614,0.9999999999989999,0.8913040784261432
0.28322323734082616,0.026729182852639255,0.0060826100993346096,0.9999999999999281,0.6115275347833455,0.2471590909090207,0.9999999999989999,0.8899422415463772
0.3080734183377987,0.032223788109257724,0.003924952334330122,0.9999999999999281,0.639429001496097,0.269886363636287,0.9999999999989999,0.8885729807284218
0.3313755897349443,0.03602331231403888,0.011195393348651007,0.9999999999999281,0.6619974912146629,0.29261363636355325,0.9999999999989999,0.8871963220410295
0.3421742520670324,0.03864864564980299,0.005492669729003159,0.9999999999999281,0.6749791765763128,0.3011363636362781,0.9999999999989999,0.8858122916937967
0.3505263320004959,0.04352198330786174,0.012524215176695422,0.9999999999999281,0.684350935529849,0.30965909090900295,0.9999999999989999,0.8844209160366666
0.9731699341236277,0.9775648252144182,0.9431680353218724,0.9999999999999281,0.016234193833548464,0.9715909090906331,0.9999999999989999,0.8830222215594261
0.9034530530487024,0.959265301203906,0.9383550915803247,0.9999999999999281,0.10350341402624887,0.900568181817926,0.9999999999989999,0.8816162348912016
0.8458249881642506,0.9420523115997164,0.9257322348217675,0.9999999999999281,0.18189941031765247,0.840909090908852,0.9999999999989999,0.8802029827999523
0.7931555208279802,0.9221950266153793,0.9128709540366355,0.9999999999999281,0.2568310268114944,0.7869318181815946,0.9999999999989999,0.8787824921919618
0.7503497148009094,0.9066358918408379,0.9116552223350238,0.9999999999999281,0.31211120027825257,0.7443181818179704,0.9999999999989999,0.8773547901113233
0.7096086382189402,0.8882176796123342,0.90173733057061,0.9999999999999281,0.37050919300415747,0.7045454545452544,0.9999999999989999,0.8759198797649345
0.9659376153753036,0.9764288918258116,0.934961821234064,0.9999999999999281,0.029096109548064422,0.9630681818179082,0.9999999999989999,0.8744778363008927
0.8968688137851375,0.9598230115969769,0.9299920868185458,0.9999999999999281,0.115090525593487,0.8920454545452011,0.9999999999989999,0.8730286875307877
0.8321864662485241,0.9442351589469734,0.927129103764809,0.9999999999999281,0.1937277747391169,0.8267045454543106,0.9999999999989999,0.8715724127386353
0.09082248483881677,0.009238423036409487,0.007125215050632578,0.9999999999999281,0.427457354652723,0.07670454545452367,0.9999999999989999,0.8701090637433536
0.09155823750363822,0.006565000933116774,0.008905987005996457,0.9999999999999281,0.4274161966842498,0.07954545454543195,0.9999999999989999,0.8686386684049997
0.13809175838184523,0.007148132857870303,4.7232650361782784e-05,0.9999999999999281,0.4712425677096841,0.11931818181814796,0.9999999999989999,0.8671612300358881
0.17600977635297865,0.008335579831271275,0.00582164492402145,0.9999999999999281,0.5036943729983895,0.15340909090904734,0.9999999999989999,0.8656768508095235
0.21071133633348124,0.00973811598784702,0.006549884733222862,0.9999999999999281,0.532793143759967,0.1818181818181302,0.9999999999989999,0.8641854849411384
0.23281635485047092,0.01456750673420294,0.0006653617045837156,0.9999999999999281,0.5589156859608505,0.20170454545448813,0.9999999999989999,0.8626871855060825
0.25616803005942673,0.018392784762110533,0.003507965913358326,0.9999999999999281,0.5833787580093024,0.22443181818175442,0.9999999999989999,0.8611819810298167
0.2782098552030483,0.018225168186513513,0.007117853391356411,0.9999999999999281,0.601525512302188,0.24431818181811243,0.9999999999989999,0.8596699001692646
0.29667075976772767,0.017242939592364018,0.014391527393270735,0.9999999999999281,0.6118171287080584,0.25852272727265385,0.9999999999989999,0.8581509717122655
0.31791938044046314,0.01944314378547596,0.004482358922532258,0.9999999999999281,0.6375611877632285,0.27840909090901184,0.9999999999989999,0.8566252245770295
0.32651413391937506,0.020084226089468412,0.0047423399990662715,0.9999999999999281,0.6464477183104405,0.2869318181817367,0.9999999999989999,0.8550926622128825
0.9972492430573081,0.9951267893642375,0.9419716880944382,0.6512171634983185,0.007870797984568722,0.9971590909088075,0.0,0.8535533905932129
0.9416017639972518,0.997285029550079,0.9475207524833901,0.5329765213473745,0.07074682568352571,0.9403409090906419,0.0,0.8520073622279231
0.8916487692247274,0.9956645282353392,0.9460399432634626,0.5927429407106383,0.1155336151010905,0.8920454545452011,0.0,0.8504546321498649
0.8517444840887222,0.9972086057495589,0.9464144723790127,0.5824687941523177,0.154665834373126,0.8522727272724852,0.0,0.8488952299207797
0.9977779789264668,0.9927699476895743,0.9480524686206705,0.5650638307233846,0.014698140951002144,0.9971590909088075,0.0,0.8473291852294377
0.055510211375676556,0.0062153637768653045,0.010632434294406001,0.1129306796858094,0.4728642347004312,0.04829545454544087,0.0,0.845756527891074
0.08655229038157868,0.0075994031158632715,0.011828419089765554,0.13813810876438867,0.4967161350549863,0.07386363636361538,0.0,0.8441772878468167
0.11221644420340407,0.005533041465310635,0.019138108812148894,0.018126148709809553,0.5251189659764444,0.09659090909088167,0.0,0.8425914951631192
0.13458710504567298,0.006961413101010813,0.01347261307161513,8.827767393969774e-05,0.5500331503071483,0.11647727272723968,0.0,0.8409991800311893
0.1557655898236532,0.005850364089071698,0.011597479061755605,0.12991958506270285,0.5555700051861641,0.13352272727268932,0.0,0.8394003727664112
0.17730172225357588,0.00473569392449559,0.022296474183629685,0.03697738884174319,0.578094744914307,0.15340909090904734,0.0,0.8377951038077707
0.9999358570725843,0.9999104692944264,0.9488854333830061,0.5377972118082697,0.008246161461676027,0.9999999999997159,0.0,0.8361834037172745
0.9467291110403687,0.9980461786706841,0.9521120798860839,0.5873854387086593,0.05778290256480824,0.9460227272724585,0.0,0.8345653031793692
0.9944509614095978,0.994079642491827,0.9428890576731904,0.6015997171728045,0.01548081842116634,0.9943181818178993,0.0,0.8329408330003577
0.9482275709672278,0.9908456550845341,0.9430014014714809,0.6114094068310005,0.06524009793861191,0.9460227272724585,0.0,0.8313100241078093
0.9008896587936323,0.9907668661713019,0.9511086237846496,0.6360787903316568,0.10498755934791656,0.900568181817926,0.0,0.8296728802123071
0.8573419585184507,0.9939907780186127,0.952659593382593,0.6477942491211264,0.14319804877408238,0.8579545454543017,0.0,0.8280295144951947
0.06331759460094868,0.0017248164486908008,0.02116389311301634,0.12437658585357993,0.4695087819168728,0.05397727272725738,0.0,0.8263798762313028
0.05621239544940855,0.003155177823209553,0.009064607953484927,0.1364559612635359,0.46904705844030126,0.04829545454544087,0.0,0.8247240241650334
0.0817808871263119,0.002102943231432106,0.01413957282057286,0.13938462259419357,0.4856170325237411,0.0681818181817988,0.0,0.8230619898214231
0.10131252262123476,0.0005509591870203645,0.020892225588031704,0.004700880081621193,0.5102868670668804,0.08522727272724852,0.0,0.8213938048432109
0.1278613345364462,0.0014677708488111138,0.016800839905877607,0.07993084954983519,0.5316318917032812,0.1107954545454231,0.0,0.8197195009902337
0.143544747637448,0.005048889261937859,0.018762633503118548,0.06343752280833963,0.5492280112013319,0.12499999999996447,0.0,0.8180391101388236
0.16032478393003577,0.002602134704392615,0.0151745862770504,0.07953928123797545,0.5615491429340563,0.1392045454545059,0.0,0.8163526642811997
0.1766715409871227,0.004983291190201758,0.009474613692943548,0.08658372234668037,0.5793794823715186,0.15340909090904734,0.0,0.8146601955248607
0.19797189778668992,0.00559719114785213,0.015160326212022044,0.04135641159778927,0.5983923363226464,0.17045454545449704,0.0,0.8129617360919715
0.20715192123648274,0.008492476843132538,0.01220397664355974,0.03359542601165029,0.6111040873773445,0.17897727272722191,0.0,0.811257318318752
0.22388086608544552,0.010168481152870773,0.00845101585337219,0.0374108157976467,0.6306639531950583,0.19602272727267156,0.0,0.8095469746548587
0.06217892745433838,0.001614266330228401,0.017722217804611164,0.06361058521516898,0.473362871936318,0.05113636363634909,0.0,0.8078307376627714
0.08294296113748972,0.0003964971999045638,0.0146726591984342,0.06611920543133294,0.49327739769812995,0.07102272727270709,0.0,0.806108640017167
0.06027614583000252,0.002405432974475906,0.012180531001629432,0.11870593421495518,0.4715164843524928,0.05113636363634909,0.0,0.804380714504303
0.06172758230292013,0.0057661859965298275,0.018120709536988206,0.12483141197409454,0.4711277633742914,0.05113636363634909,0.0,0.80264699402139
0.09275504276449484,0.004144664731540396,0.020876485389888563,0.059100861495775654,0.5027223176255121,0.07954545454543195,0.0,0.800907511575967
0.9903222155610283,0.9936534056766713,0.9444590260715372,0.6060834158175346,0.02042095849640838,0.9886363636360828,0.0,0.7991623002852726
0.9412828877960487,0.9927090585093901,0.9392648223893686,0.5357861884750207,0.07761925604046573,0.9403409090906419,0.0,0.7974113933756134
0.8965989157730626,0.9915005936658122,0.9332553408327842,0.5636199655281523,0.1239597710051999,0.8948863636361095,0.0,0.7956548241817339
0.859012380993417,0.9883946210429606,0.9354310288165585,0.5823805356255556,0.16064293996936993,0.8579545454543017,0.0,0.7938925967294906
0.8170079309395756,0.9860187585083133,0.9443314799407818,0.6223526276906362,0.1948760397084494,0.8181818181815856,0.0,0.7921248328186606
0.06506682449591551,0.0024591947489917797,0.021783296496404064,0.04037723425034268,0.47717459723029826,0.05397727272725738,0.0,0.7903514778554132
0.09005999317708388,0.005034358199661366,0.01906727825646414,0.14359691219782017,0.4939731144402954,0.07670454545452367,0.0,0.7885725950185609
0.11151691365411606,0.005442349196350887,0.01865719141503605,0.12037997248496637,0.5163077506614115,0.09659090909088167,0.0,0.7867882181754673
0.13137901058535326,0.008423973040665899,0.023477563101993868,0.12616312432861718,0.5331005495586778,0.1136363636363314,0.0,0.784998381298096
0.14962648731005698,0.011242477131216823,0.027743610131561427,0.12058859082500878,0.5509921329069238,0.13068181818178104,0.0,0.7832031184623601
0.06607315145072704,0.0070509552343366875,0.01601797312356236,0.10937680090807637,0.48004609512045826,0.05681818181816566,0.0,0.7814024638474785
0.08421940819446339,0.004050848917572021,0.02189729203422027,0.017306220688537845,0.4973823275919988,0.07102272727270709,0.0,0.7795964215906599
0.10511637679800899,0.0051434370405356936,0.017164476826729873,0.07766094872751451,0.5147797383720416,0.0909090909090651,0.0,0.7777851165097456
0.125117007496544,0.00840211549424569,0.013081157773150115,0.019834265142412294,0.5411238487913007,0.10795454545451481,0.0,0.7759684623350285
0.15114332089528967,0.011427557985267392,0.013761786071865777,0.09908870113783605,0.5589371846574219,0.13068181818178104,0.0,0.7741466147599019
0.16705983738344937,0.010312478186478338,0.009680824909551612,0.0767093442774181,0.5758869834733109,0.14488636363632248,0.0,0.7723195175074588
0.18247336233349265,0.009560508590517486,0.016072123521426576,0.08839997465936113,0.5857119808880179,0.1590909090908639,0.0,0.7704872356839415
0.9876765425870002,0.9960021901445317,0.9433310561720388,0.5838545354274476,0.023812173420205564,0.9857954545451744,0.0,0.7686498041733568
0.9428597247945482,0.9963870996029217,0.9507612321550485,0.5540997621390464,0.06540922912916385,0.9431818181815503,0.0,0.766807257957751
0.8927375852220318,0.9987685552066298,0.9520806194400991,0.6492009718830458,0.10558099429301426,0.8920454545452011,0.0,0.7649596321165477
0.8494987340434546,0.9945656736370533,0.9543876666140818,0.6073620770188344,0.15403639418175535,0.8494318181815769,0.0,0.7631069618258804
0.8124299833933423,0.9975460348076373,0.9622725231481268,0.5622220139174474,0.18907199763620738,0.8124999999997693,0.0,0.7612492823579202
0.7799367799414219,0.9953989430457854,0.9601539104729041,0.5943232785016935,0.21998748007070024,0.7812499999997781,0.0,0.7593866290802069
0.9942280055386771,0.9962475081337739,0.9425093283525287,0.6392954425366814,0.010628041258947792,0.9943181818178993,0.0,0.7575190374549734
0.9936165371894582,0.9997100123606545,0.9430887936132667,0.5661984595557314,0.014033812954574135,0.9943181818178993,0.0,0.7556465430384717
0.9385421592956424,0.9944680013440559,0.9379442807877076,0.5727661450772958,0.07638075671055959,0.9374999999997335,0.0,0.753769181480298
0.8918199561559217,0.9921373986030798,0.9360611686382756,0.5347616590547486,0.1276214000123169,0.8920454545452011,0.0,0.7518869885227091
0.8554310214065062,0.9912081171039098,0.9317353433564428,0.6479116201758262,0.1570776570003845,0.8551136363633933,0.0,0.7499999999999464
0.8117686234375214,0.9943201720274776,0.9392677795539613,0.5806054941267559,0.19975602731646344,0.8124999999997693,0.0,0.7481082202689503
0.7768970743822655,0.9965238550271812,0.9333785631698214,0.6419235287655991,0.22909658358430265,0.7784090909088698,0.0,0.7462117800516805
0.9946034096953797,0.9930512614800547,0.9409788538677596,0.6416217911406233,0.013603449460476452,0.9943181818178993,0.0,0.7443106207484247
0.9505396683120381,0.9920086090560885,0.9370491221330278,0.536171368557387,0.07058918102989158,0.9488636363633667,0.0,0.7424048101231152
0.9027430350740305,0.9908286969558995,0.9422747840353365,0.5444074172197466,0.11669516442580373,0.900568181817926,0.0,0.7404943844596407
0.06048266676756968,0.0018942758550979876,0.022757923778659015,0.02608459511432179,0.4747350871388036,0.05113636363634909,0.0,0.7385793801297513
0.0806222321324973,0.00686207009237215,0.01939907731745404,0.03834301139950133,0.4959964369555507,0.0681818181817988,0.0,0.7366598335923692
0.10247999683605238,0.008060493852775606,0.013354346467457054,0.1046500935074004,0.5135123736473267,0.08806818181815682,0.0,0.7347357813928931
0.05487083880123416,0.004296905975920044,0.017390367308195202,0.080611554123564,0.46848152355007766,0.04545454545453258,0.0,0.7328072601625036
0.07427555131805781,0.0021609534465016444,0.025290609428028826,0.01475135912874791,0.4861839795769557,0.062499999999982236,0.0,0.7308743066174652
0.10435969228823468,0.0049712566010590405,0.020569396523740745,0.00795254963747212,0.5164691265236256,0.08806818181815682,0.0,0.7289369575584268
0.9902916065769607,0.9928258368316146,0.9457462129409135,0.6702065280394535,0.014923358555553665,0.9886363636360828,0.0,0.7269952498697212
0.9440911534284864,0.9921989871197041,0.9499271397119239,0.5634096453868875,0.06826455080123117,0.9431818181815503,0.0,0.7250491880490346
0.8938625987791983,0.9930680178858841,0.954334028963676,0.6721163728782812,0.10713720473941958,0.8920454545452011,0.0,0.7230989065548526
0.8469069401516913,0.9931500107285102,0.9513754300405682,0.5638561826646802,0.1630670301491613,0.8465909090906686,0.0,0.7211443451094492
0.804863490211573,0.9914226006326068,0.9511841356031354,0.5709647857816675,0.20350911908224753,0.8068181818179525,0.0,0.7191855733944874
0.7642173589258294,0.9915933293172942,0.9573316770057703,0.5797280176657458,0.23962032637114683,0.7670454545452366,0.0,0.7172226287021579
0.7281149449927131,0.9920499738027685,0.9624545048095835,0.6515429272707481,0.26759481934425006,0.730113636363429,0.0,0.7152555484040968
0.7002811589323291,0.9955576338797721,0.9590367695612902,0.5823907139819348,0.2977784733807467,0.7045454545452544,0.0,0.7132843699506777
0.05515837580527037,0.007123810622953224,0.01718053055931269,0.013613690973418557,0.47666844975330036,0.04545454545453258,0.0,0.7113091308702987
0.08066667405704858,0.010081300804749758,0.021187892624155533,0.008788867186751136,0.5003732941141857,0.0681818181817988,0.0,0.7093298687686632
0.09819261997590285,0.010754930386466272,0.023910053439375512,0.04168995574804821,0.5138548554521063,0.08522727272724852,0.0,0.7073466213280689
0.11682953877644019,0.007613303255424126,0.023535521344421967,0.10061188839318727,0.5205205465973712,0.09943181818178996,0.0,0.7053594263066882
0.06085838621670481,0.004025151160431082,0.008483030496425547,0.01650001506712275,0.4833029370479602,0.05113636363634909,0.0,0.7033683215378504
0.08981887666765091,0.0062652656424468855,0.019376620259739703,0.03465717643975767,0.5043446106855367,0.07670454545452367,0.0,0.7013733449293188
0.11171778260955985,0.002702387121472693,0.017900751672956784,0.09840066338455389,0.5163804751200884,0.09659090909088167,0.0,0.6993745344625736
0.13738349328132088,0.005125622173398605,0.025144353913726672,0.11078501105401799,0.5367873480874706,0.11931818181814796,0.0,0.6973719281920835
0.9911987601944463,0.9992583921038856,0.9364943725023768,0.6174638173454768,0.015528741001948718,0.991477272726991,0.0,0.6953655642445867
0.9410252175242961,0.9950163197714934,0.9403842977815753,0.5651786086105709,0.07274771321524733,0.9403409090906419,0.0,0.6933554808183607
0.8587487830018201,0.9812599715362256,0.9276666039609579,0.9999999999999281,0.13305489816203908,0.8579545454543017,0.9999999999989999,0.6913417161824955
0.7916351942135849,0.9637146360310184,0.916634937747077,0.9999999999999281,0.21952947517109073,0.7897727272725029,0.9999999999989999,0.6893243086761672
0.7287156967171583,0.945358538182612,0.9113882227267841,0.9999999999999281,0.2985381884938295,0.7272727272725207,0.9999999999989999,0.6873032629945502
0.6773128683792561,0.9324181306917411,0.8991170279138712,0.9999999999999281,0.36491303471203507,0.6761363636361715,0.9999999999989999,0.6852787187548696
0.6339202487609655,0.9131961201954472,0.8852278210639355,0.9999999999999281,0.42845813397003707,0.6335227272725473,0.9999999999989999,0.6832506133620996
0.5935906146755319,0.8994216307686244,0.8824239610075282,0.9999999999999281,0.48016765168363856,0.5937499999998312,0.9999999999989999,0.6812190191418018
0.5527309482558725,0.8824549611277541,0.8794736819089692,0.9999999999999281,0.5344669815004496,0.5539772727271153,0.9999999999989999,0.6791839747726015
0.5226543365949154,0.8699371126322333,0.8776220388111674,0.9999999999999281,0.5734597886784163,0.5255681818180326,0.9999999999989999,0.6771455189988095
0.491849608079041,0.8581167477562456,0.864458895684658,0.9999999999999281,0.5855621271174098,0.4943181818180414,0.9999999999989999,0.6751036906296858
0.47104941122860194,0.8433265475605658,0.8627242599691035,0.9999999999999281,0.5782010188069748,0.47443181818168334,0.9999999999989999,0.6730585285386987
0.06472673125054158,0.008080338904823217,0.007457356035693088,0.9999999999999281,0.4037626038554611,0.05397727272725738,0.9999999999989999,0.671010071662787
0.07208639085128589,0.008281990167010204,0.010665211020854905,0.9999999999999281,0.4110533975102394,0.062499999999982236,0.9999999999989999,0.6689583590016162
0.10177222680640721,0.014148980198234053,0.013214302060039606,0.9999999999999281,0.4400871422799795,0.08806818181815682,0.9999999999989999,0.6669034296168372
0.1294075129037786,0.018416959405487307,0.0043454110753409795,0.9999999999999281,0.4698579540066731,0.1107954545454231,0.9999999999989999,0.6648453226313461
0.15510661193917585,0.02122421325668738,0.012525610620262983,0.9999999999999281,0.4912556034674531,0.13352272727268932,0.9999999999989999,0.6627840772285307
0.17211536467512376,0.021419326224154496,0.015445185977974934,0.9999999999999281,0.5071521517329242,0.15056818181813905,0.9999999999989999,0.6607197326515336
0.9506090749401811,0.975567825334061,0.9286480238683481,0.9999999999999281,0.046598625642197765,0.9488636363633667,0.9999999999989999,0.658652328202499
0.8581138801943584,0.9595894824684311,0.9246506723282741,0.9999999999999281,0.1543216161715676,0.8551136363633933,0.9999999999989999,0.6565818687097928
0.7870723652653205,0.9412285203686342,0.9163233305546632,0.9999999999999281,0.24312704159462806,0.7840909090906862,0.9999999999989999,0.6545084971874273
0.7146922732862597,0.9233044885511551,0.9064898558571456,0.9999999999999281,0.33222397581652335,0.7130681818179792,0.9999999999989999,0.6524321495139587
0.6536553297216912,0.9057191958620497,0.8935323936310932,0.9999999999999281,0.411056422799366,0.6534090909089052,0.9999999999989999,0.6503528997520898
0.599249341944199,0.8893628229093272,0.8884515475659382,0.9999999999999281,0.4799224668663521,0.5994318181816478,0.9999999999989999,0.648270787487739
0.5605254258902738,0.8714856497933737,0.8823342162866621,0.9999999999999281,0.5362833408095832,0.5596590909089318,0.9999999999989999,0.6461858523613225
0.5184359324546856,0.8535601498661568,0.8687885211510942,0.9999999999999281,0.5958267174214605,0.519886363636216,0.9999999999989999,0.6440981340669988
0.48883363091078413,0.8399424349225346,0.8652652836842679,0.9999999999999281,0.5967831162529438,0.4914772727271331,0.9999999999989999,0.6420076723519157
0.4544500885540084,0.823097136974418,0.8581923650634835,0.9999999999999281,0.5791607787837694,0.4573863636362337,0.9999999999989999,0.6399144721070523
0.43510011382038943,0.8126905150344845,0.8458727750023407,0.9999999999999281,0.572808720775039,0.4374999999998757,0.9999999999989999,0.6378186779084544
0.4095951731139464,0.8021153619083558,0.8415926893333923,0.9999999999999281,0.5603575696156232,0.41477272727260944,0.9999999999989999,0.6357202249324914
0.39545038356029494,0.7904086067012964,0.8321109239064649,0.9999999999999281,0.5594931629513802,0.400568181818068,0.9999999999989999,0.6336191880390831
0.37501093672289443,0.7741291350762081,0.8225544832842892,0.9999999999999281,0.5566221518036877,0.38068181818171004,0.9999999999989999,0.6315156072289423
0.37947915794934056,0.7717465474355951,0.823346945956008,0.6719461864760824,0.5896941598371161,0.3835227272726183,0.0,0.6294095225512157
0.3812630364792613,0.7704383026144187,0.8221925336102941,0.6391672060841213,0.596915205502999,0.3863636363635266,0.0,0.6273009741027191
0.9993913175323541,0.9983196150882815,0.9365042981771817,0.6212793601226705,0.010274967043312724,0.9971590909088075,0.0,0.6251900020271766
0.9537350330557501,0.9960853760515763,0.9437076793794067,0.5742045973350457,0.05838649691957581,0.9517045454542751,0.0,0.6230766465144526
0.9069198579435883,0.997598163074062,0.9405332685441823,0.5892564091299569,0.10248997446811492,0.9062499999997425,0.0,0.620960947799789
0.8597752599830583,0.9965998189932258,0.9348305967778303,0.6021683430382067,0.1498392742856969,0.86079545454521,0.0,0.6188429461630423
0.822883690853837,0.9943164918460128,0.9404063532912583,0.6233793517631947,0.18421753122931955,0.8238636363634024,0.0,0.6167226819279086
0.7855123764383457,0.9956723087154271,0.9472299293017126,0.554606338235196,0.22305569833910477,0.7869318181815946,0.0,0.6146001954611633
0.757707409550051,0.9951747840148107,0.9457545819532452,0.562621432804436,0.24883990168427922,0.7613636363634201,0.0,0.6124755271718889
0.7278417171558831,0.9919652294905849,0.9475117253464401,0.6146160233660175,0.2772163858576807,0.730113636363429,0.0,0.6103487175107075
0.9881726368799537,0.996867959198962,0.945913945030648,0.6269329905229583,0.018265741509673052,0.9857954545451744,0.0,0.6082198069690085
0.9445499914239357,0.9964250329157693,0.9546130609578666,0.6371582550916979,0.05648464710376209,0.9431818181815503,0.0,0.6060888360781802
0.9895756205240923,0.9957531743242992,0.9406256379970938,0.6561591671428623,0.016001212834469564,0.9886363636360828,0.0,0.6039558454088362
0.9384607505156994,0.9928442437779464,0.9475960434192997,0.6272410255741525,0.06881695739558903,0.9374999999997335,0.0,0.6018208755700454
0.8927747038423073,0.9901942222018024,0.9435618660141123,0.5536714541535986,0.12433149944103085,0.8920454545452011,0.0,0.5996839672085557
0.9907752254478698,0.999189228378335,0.9422531475783962,0.6240346107921868,0.015400936561966432,0.9886363636360828,0.0,0.5975451610080214
0.9385943739750691,0.9981539631953216,0.9413773007089572,0.631041961639415,0.06691208344697389,0.9374999999997335,0.0,0.5954044619952582
0.8930950428359945,0.9991975234111801,0.9492472569768161,0.627968476615576,0.10829755030781096,0.8920454545452011,0.0,0.593262018004325
0.05926525184625292,0.0069158530018317305,0.01326239133925242,0.049601345639872424,0.4806740686501314,0.05113636363634909,0.0,0.5911177627460321
0.08891602064551514,0.008771768526880972,0.02052875677875897,0.02188247727052005,0.506959055932534,0.07670454545452367,0.0,0.5889717727368785
0.10915488004873336,0.010677219006806626,0.01990300877855303,0.009377812567276938,0.5268042746953223,0.09374999999997338,0.0,0.5868240888334229
0.12701066113814707,0.013698723223019902,0.018988501804697584,0.11690425012304956,0.5371577728324751,0.1107954545454231,0.0,0.5846747519244704
0.1472472095314122,0.010521137232651127,0.026458745161880317,0.07303827167658675,0.5522938038721906,0.12784090909087276,0.0,0.5825238029302974
0.1647082576401746,0.007428589379140772,0.029433218420984328,0.013473845157950661,0.5679434423678613,0.14204545454541417,0.0,0.5803712828018718
0.1813229289179677,0.00779945760076225,0.026823374446206364,0.10323631852390558,0.5756395073287629,0.15624999999995562,0.0,0.5782172325200745
0.20165664622008184,0.010899244283294857,0.024553959184740203,0.1216542151593424,0.5972514223349846,0.17613636363631363,0.0,0.5760616930949178
0.21037663953842176,0.014321398742227997,0.02529182691410871,0.09330827187462808,0.6077874169849116,0.1818181818181302,0.0,0.5739047055647649
0.9883875903575663,0.9943280552784947,0.9417314799797762,0.6010167239490758,0.024313975420660328,0.9857954545451744,0.0,0.5717463109955483
0.9344700712548395,0.9969157446859676,0.9468691324372323,0.6687599510586532,0.0650989406734606,0.9346590909088254,0.0,0.569586550479992
0.8926428094012367,0.9953721997298446,0.9511384851109848,0.5486864215058647,0.11746013844233932,0.8920454545452011,0.0,0.5674254291079202
0.9942563832193255,0.995575912030165,0.946952689736113,0.6439684956477669,0.00887041027130109,0.9943181818178993,0.0,0.5652630961099856
0.06552145109894807,0.0037828250371672156,0.013731843238365923,0.08474605772471917,0.4805799399661871,0.05681818181816566,0.0,0.5630994845678748
0.09597525155089368,0.007247173570188404,0.00839256991978907,0.1307125025225765,0.5070298584338557,0.08238636363634023,0.0,0.5609346717025342
0.12097628790410045,0.010473025449741442,0.01278667902822856,0.08569620203098716,0.5342985970406762,0.10511363636360653,0.0,0.5587686987288792
0.1446953656723872,0.0073280447447247226,0.01863262792178841,0.11161972548689263,0.546873927059687,0.12499999999996447,0.0,0.5566015707566213
0.1658478192674395,0.006888903546814905,0.01666703090977079,0.02115750936864597,0.5722476681624041,0.14204545454541417,0.0,0.5544334374259425
0.05706178718206706,0.0033063151452834842,0.015815673576491673,0.08160935878254598,0.47110598793188757,0.04829545454544087,0.0,0.5522641954719504
0.0868119254925598,0.007280112478748194,0.015985098507936286,0.13174481919171624,0.49526302644445724,0.07386363636361538,0.0,0.5500939946279225
0.9900597731827213,0.9951796831883749,0.9376248166642417,0.5362599194384238,0.028211719257038435,0.9886363636360828,0.0,0.5479228762600727
0.9402397238668799,0.9953933257676831,0.9424416502328197,0.6149272780510229,0.06722740452619715,0.9403409090906419,0.0,0.5457507731231731
0.8933279804719086,0.9940668697338508,0.9420960824536934,0.6381772975959792,0.11449449241707715,0.8920454545452011,0.0,0.5435778713737905
0.8539686736054579,0.9939624804101459,0.9470335715686807,0.5956792712934689,0.15298933641794613,0.8551136363633933,0.0,0.5414041037560642
0.8113029612430526,0.9941225980867958,0.9508537850864287,0.6416213501379375,0.18967207775523348,0.8124999999997693,0.0,0.5392295478638834
0.7721799798423443,0.9909252799479074,0.9472692698958369,0.6616781771056411,0.231581994533866,0.7727272727270532,0.0,0.537054245097661
0.7401072982891564,0.9907864089141876,0.941899288681947,0.6666464692018117,0.2646564255339746,0.7414772727270621,0.0,0.5348782368720244
0.7074680310346376,0.9939981821585911,0.9359280410634958,0.6394533814415282,0.298144818402256,0.710227272727071,0.0,0.5327015646150333
0.6765585832499182,0.9934779677274618,0.9415268239711014,0.6545419484073226,0.3231636961102316,0.681818181817988,0.0,0.5305242697673906
0.6542758871198017,0.9934674795683318,0.9386429430830372,0.5617348994875566,0.3551465265537275,0.6590909090907219,0.0,0.5283463937816513
0.6311752475789233,0.9952058580150637,0.9412391344523533,0.5329646615205234,0.3749946901596241,0.6392045454543639,0.0,0.5261679781214347
0.6128007510378926,0.9920677517297496,0.9415240245026203,0.5401202581036734,0.39654076168632624,0.6193181818180059,0.0,0.5239890642606343
0.5923728051157742,0.9918161115397902,0.9385805313087093,0.5886481880969612,0.4135492186699218,0.5994318181816478,0.0,0.5218096936826304
0.9935692177702377,0.9983983319485512,0.94941634548552,0.6180300813387516,0.010690748946429024,0.991477272726991,0.0,0.5196299078794971
0.9490283432616373,0.998762046255742,0.9492111441645742,0.6099291477104626,0.0536426351055715,0.9488636363633667,0.0,0.5174497483512134
0.9047839266714767,0.9945768847702738,0.9437848926117948,0.5680134472580067,0.10819366144937186,0.9034090909088341,0.0,0.5152692566048747
0.9933956164748299,0.9966906931639054,0.9366914153398084,0.6307595147287126,0.016315837204484082,0.991477272726991,0.0,0.5130884741538998
0.9473373472320925,0.994387599915532,0.933878018092385,0.5643646538932614,0.07041143888257875,0.9460227272724585,0.0,0.5109074425172445
0.9986801997340898,0.999370191642664,0.9480144996472211,0.6201558574162269,0.004669322696347188,0.9971590909088075,0.0,0.5087261668631177
0.9518306291874711,0.9929149006673891,0.952390578629447,0.6210361323990377,0.05312608841611202,0.9517045454542751,0.0,0.5065447977856359
0.9046961055801251,0.9916989114288771,0.9611668680307762,0.6451894442314334,0.09636565373340168,0.9034090909088341,0.0,0.5043632677491507
0.8581303854785172,0.9937219932134314,0.9680939599522412,0.5544226098875101,0.14504406439791878,0.8579545454543017,0.0,0.5021816546423377
0.8238513936131941,0.9901167769565007,0.9681314903730396,0.6407950419696034,0.1742847397255126,0.8238636363634024,0.0,0.4999999999999643
0.7912353439797531,0.9870289373766836,0.9759977862775666,0.5531885300860333,0.21218828542535903,0.7926136363634112,0.0,0.4978183453575912
0.7562900906603085,0.990695654322068,0.9812007958821813,0.5725169019472641,0.23934758666342956,0.7585227272725117,0.0,0.4956366958911364
0.727300407579835,0.990100289817325,0.9861662826733639,0.6390877826271429,0.26019147073681376,0.730113636363429,0.0,0.4934551658563817
0.700797601971839,0.9881192710735817,0.984160258734284,0.5404641741063537,0.29670150301437387,0.7045454545452544,0.0,0.4912737967813229
0.6804053692586792,0.9884686283420072,0.9881097882590586,0.6336203540442269,0.306413286212325,0.6846590909088964,0.0,0.48909255748268404
0.6538406115421729,0.9913553054383032,0.9916390455843055,0.5459185940589196,0.3357705192739425,0.6590909090907219,0.0,0.48691152584602854
0.9989934277688853,0.9956986912031408,0.9487020614518946,0.603291197840459,0.00876065483623974,0.9971590909088075,0.0,0.48473074339505384
0.9486251366235703,0.9936917228707671,0.9553635408713623,0.6139095492563829,0.054705474227658354,0.9488636363633667,0.0,0.4825502516487152
0.9063079762380916,0.9973069021021226,0.9530382682384253,0.6209622880005627,0.09465463197723287,0.9062499999997425,0.0,0.48037009212043147
0.8619171147736752,0.9998629486338837,0.9550511058828283,0.5391238731044519,0.14138057011850613,0.8636363636361183,0.0,0.47819030631729814
0.057732127574064526,0.00236175270985599,0.02001272389674466,0.04833726053787068,0.4714914265906026,0.04829545454544087,0.0,0.47601093573929454
0.9941229376299715,0.9963161767993072,0.9418189518632679,0.5857178874440142,0.015551690133935515,0.9943181818178993,0.0,0.4738320218784939
0.9461007062434117,0.9934895989189236,0.9479328823739328,0.5878801074859444,0.06311686836511106,0.9460227272724585,0.0,0.4716535699157323
0.8944270456771217,0.9925670404229927,0.9479371434313811,0.6340883610476166,0.11073778896545784,0.8948863636361095,0.0,0.46947573023253797
0.8494725353034893,0.9959994670537681,0.9515747903335804,0.6625965466964546,0.14926089424770678,0.8494318181815769,0.0,0.4672984353848953
0.8153698679416836,0.9928720258165755,0.9548154955481828,0.5791097081085338,0.1916230291090554,0.8153409090906775,0.0,0.4651217631279044
0.7769078194904033,0.9930035511577685,0.9551877301546168,0.6320105961479858,0.22351997179676383,0.7784090909088698,0.0,0.4629457549022676
0.7474266927153796,0.9932419721395762,0.963261984879088,0.6556547135939818,0.24614204039438653,0.749999999999787,0.0,0.4607704521360451
0.7216624702941887,0.9927843912446781,0.972429144572522,0.5355298199721503,0.2785968364402915,0.7244318181816123,0.0,0.4585958962438646
0.6932253076923908,0.9941725657300967,0.9670619005746569,0.6028068219464107,0.2993521708304124,0.6988636363634378,0.0,0.45642212862613807
0.6681941735694988,0.9921859808693048,0.9646630328698,0.5414791517537287,0.332771047722732,0.6732954545452633,0.0,0.45424919066826625
0.06008553532286557,0.0013186794125800384,0.017823340927166555,0.10379491495176156,0.4695715407676671,0.05113636363634909,0.0,0.4520771237398558
0.08022489446896208,0.00511198136212197,0.015756870477902384,0.124508765533057,0.48861630075172086,0.0681818181817988,0.0,0.44990593301585347
0.09977189125757058,0.002378433441650521,0.0231599402691644,0.07881131657934701,0.5042925688083459,0.08522727272724852,0.0,0.44773576836614176
0.12754560761843123,0.0008648353606409378,0.01725685069129417,0.11339470298024025,0.5280347235714904,0.1107954545454231,0.0,0.44556656257398625
0.14646028489401058,0.0007661186910214852,0.01428554100611955,0.07952326703221704,0.5463247565637381,0.12499999999996447,0.0,0.443398356988723
0.15941939428042806,0.0035551595769545185,0.01760679617771593,0.08064245226591864,0.558348218346901,0.1363636363635976,0.0,0.44123130127104937
0.1795670632898465,0.0034636507239525494,0.012495738808438872,0.0030033409478453063,0.5870367841677536,0.15624999999995562,0.0,0.4390653282973946
0.1912599884768589,0.00376790202527008,0.022173894542998642,0.01721140251927963,0.5904275003986392,0.16477272727268047,0.0,0.436900515432054
0.17794790550456344,0.004132323136400637,0.016141369931940968,0.9999999999999281,0.4959978093968752,0.15340909090904734,0.9999999999989999,0.434736903889943
0.17286012207567036,0.002987266161431045,0.0025754056774882016,0.9999999999999281,0.49800354025964966,0.15056818181813905,0.9999999999989999,0.43257453486310793
0.16568925275492238,0.007446786236298876,0.01027156159826152,0.9999999999999281,0.4897884694948931,0.14204545454541417,0.9999999999989999,0.43041344951993665
0.15420508548342524,0.0134303927742901,0.0018316918418036377,0.9999999999999281,0.4896102590176122,0.13352272727268932,0.9999999999989999,0.42825368900438027
0.9267288786782503,0.9814976108671227,0.9437962882791108,0.9999999999999281,0.0609577887508045,0.9232954545451922,0.9999999999989999,0.42609529443516386
0.8250264831833896,0.9648051090238376,0.934836104779142,0.9999999999999281,0.1770062221868057,0.8238636363634024,0.9999999999989999,0.423938306905011
0.7325911382194776,0.9514972600518063,0.9332856430230552,0.9999999999999281,0.27874914924201416,0.7329545454543372,0.9999999999989999,0.4217827315664926
0.6452478266096292,0.9359561169975087,0.9331475993973217,0.9999999999999281,0.37600347251348454,0.6477272727270887,0.9999999999989999,0.41962871719805706
0.5804394021756896,0.9179873190320692,0.9285595212324009,0.9999999999999281,0.4572563423190949,0.5823863636361981,0.9999999999989999,0.41747619706963146
0.5212700572335931,0.9056700446604494,0.9275139908300357,0.9999999999999281,0.5240454811620424,0.5255681818180326,0.9999999999989999,0.4153252480754584
0.4714623923861761,0.8906097451742753,0.9259292502646661,0.9999999999999281,0.5168348134598117,0.47727272727259173,0.9999999999989999,0.4131759111665057
0.9196162566663747,0.9755981156906103,0.9337335725619349,0.9999999999999281,0.07554806520123211,0.9176136363633757,0.9999999999989999,0.4110282272630503
0.813662411945619,0.9561977248000473,0.9245162670899312,0.9999999999999281,0.19950893988124133,0.8124999999997693,0.9999999999989999,0.4088822372538967
0.04731428716080753,0.003355615186075528,0.012594230476948165,0.9999999999999281,0.3836986799689942,0.03977272727271601,0.9999999999989999,0.4067379462726999
0.05543152061147686,0.008627163705034569,0.0071440121837310746,0.9999999999999281,0.3986689820903848,0.04829545454544087,0.9999999999989999,0.4045955023116985
0.060581964564490144,0.013771944213926317,0.013202302388456785,0.9999999999999281,0.40300837204191636,0.05113636363634909,0.9999999999989999,0.40245483899190726
0.06493091093413489,0.01925943461189449,0.012254533376331271,0.9999999999999281,0.41341426832381983,0.05681818181816566,0.9999999999989999,0.40031603279137284
0.06671847678127668,0.019137204619262455,0.010069454282697886,0.9999999999999281,0.4142423635504401,0.05681818181816566,0.9999999999989999,0.39817912442988324
0.06539509848010945,0.01819218681436134,0.006063381784054834,0.9999999999999281,0.4151896853983541,0.05681818181816566,0.9999999999989999,0.3960441545910924
0.06795109954165147,0.021658352368807383,0.013697618112549995,0.9999999999999281,0.417532749820842,0.059659090909073946,0.9999999999989999,0.39391112838862347
0.0675345275547686,0.023527402435675086,0.011624276131659726,0.9999999999999281,0.41989041263000093,0.059659090909073946,0.9999999999989999,0.3917801930309204
0.06943841849767605,0.024295285282917037,0.008331076617818393,0.9999999999999281,0.4218924126390845,0.059659090909073946,0.9999999999989999,0.38965124702477394
0.03952974452108361,0.003520435196265979,0.0015515152939347384,0.9999999999999281,0.38284401882947366,0.034090909090899436,0.9999999999989999,0.3875244728280399
0.0396646055592067,0.0029532739114604095,0.005228647349080199,0.9999999999999281,0.38083845836198693,0.034090909090899436,0.9999999999989999,0.38539976914569696
0.04468263263207664,0.004173451799622465,0.006755358617689904,0.9999999999999281,0.3839881175711332,0.03693181818180772,0.9999999999989999,0.3832773180720202
0.05041312797544573,0.007284668728789234,0.0030741665080759465,0.9999999999999281,0.39366926768201277,0.042613636363624294,0.9999999999989999,0.38115705383688636
0.052314738193291785,0.008898179357752825,0.0003769662492466923,0.9999999999999281,0.398918272845716,0.04545454545453258,0.9999999999989999,0.3790390522001397
0.04906452704097015,0.014812780046123313,0.01259732212411332,0.9999999999999281,0.3955997549021374,0.042613636363624294,0.9999999999989999,0.37692335348547623
0.04727150136062264,0.013434496075574976,0.010194652809879598,0.9999999999999281,0.39269566428550096,0.03977272727271601,0.9999999999989999,0.3748099979727525
0.9189964133311485,0.9765263536806976,0.942042627166549,0.9999999999999281,0.07129600135482207,0.9176136363633757,0.9999999999989999,0.3726990258972095
0.8761964092521469,0.9802275953177841,0.9502378999789503,0.6384560427031943,0.13896081702237997,0.8749999999997514,0.0,0.3705904423266593
0.8419053869781665,0.9836004540982619,0.9581839157295038,0.5663151855148083,0.17319153045186797,0.840909090908852,0.0,0.3684843927709863
0.06548208371058153,0.0027560145786564216,0.022622520744292197,0.08213670138383941,0.4734022054885578,0.05397727272725738,0.0,0.3663808119608457
0.08367806743022217,0.00535404481845767,0.025648344537169812,0.021988257218898494,0.49641710112334625,0.07102272727270709,0.0,0.3642797750674372
0.061675593327029654,0.0027145309625782868,0.013627946829708562,0.06421691237288984,0.47591412411879425,0.05113636363634909,0.0,0.36218132209147413
0.08917727185098831,0.004294471747451123,0.010292096324982498,0.03265460895817002,0.5068043547031074,0.07670454545452367,0.0,0.36008549298447806
0.11263915691608208,0.007287255193115947,0.01922137221580253,0.04930939711718093,0.5237456191927603,0.09659090909088167,0.0,0.3579923276480131
0.1377574052829171,0.008247584803540896,0.02732300610959001,0.034296042815447216,0.5450270177055836,0.11931818181814796,0.0,0.35590186593293
0.15974247824279586,0.010935299373340705,0.03467696343675591,0.047729974757798346,0.5626751854086984,0.1392045454545059,0.0,0.3538141476386066
0.18173878793192214,0.01175416744101388,0.0434390146486136,0.028601258487412417,0.5782656743823632,0.15624999999995562,0.0,0.35172917778668455
0.19584438437634633,0.011750344559061049,0.05194263668115957,0.07331952842861406,0.5849004806320716,0.17045454545449704,0.0,0.34964706556971215
0.05904312453902102,0.0012384414890161523,0.008383219805334376,0.10876695363399684,0.47023927606172566,0.04829545454544087,0.0,0.34756785048597016
0.08596377809172814,0.004800400111618323,0.022715871420562597,0.12455728649885293,0.49107903057844665,0.07386363636361538,0.0,0.3454915028125017
0.10902153206255684,0.006860176868125132,0.02526219659265496,0.046676152998361066,0.51825116102958,0.09374999999997338,0.0,0.34341806222606697
0.1353845151066891,0.007342993755992269,0.02056700762172866,0.07325175796111859,0.5409336830054946,0.11647727272723968,0.0,0.3413476717974296
0.15022468704144518,0.005454062992705425,0.028420760670385424,0.14265497173619904,0.5441918689015492,0.13068181818178104,0.0,0.33928026734839495
0.17230126374765012,0.004265199839773619,0.023721915794021643,0.05219085464545436,0.5701289961843177,0.14772727272723077,0.0,0.33721592277139795
0.9903007590160272,0.9930638644773642,0.9484470565918234,0.671858068858114,0.013447230155801824,0.9886363636360828,0.0,0.3351546773685828
0.05994561608054821,0.0005224182028533686,0.015214513619834225,0.07388699313116406,0.4726609424555527,0.05113636363634909,0.0,0.3330965703830913
0.09086923786932956,0.003750055141233707,0.020678597601119106,0.10114287826309673,0.49598702819603113,0.07670454545452367,0.0,0.33104164099831257
0.1168360629739862,0.0024691216988847998,0.024479932284992893,0.02084923547496906,0.5230231216744745,0.09943181818178996,0.0,0.3289899283371416
0.05628869545801726,0.005802479429859806,0.01079373095968607,0.08475350601436818,0.47493333642486857,0.04829545454544087,0.0,0.32694147146123015
0.08356592786792526,0.0036573381329172068,0.010196910780656897,0.06772089327997886,0.4976139927023897,0.07102272727270709,0.0,0.32489630937024294
0.10188079182056717,0.0021885510867571062,0.012569787649221922,0.09547703894637423,0.5099968197698203,0.08806818181815682,0.0,0.32285448100111924
0.11945429369518885,0.005216559359084942,0.02274520915225393,0.022439259233981438,0.528623613093188,0.10227272727269825,0.0,0.3208160252273271
0.13398778534305109,0.00378877161690315,0.03116832631208598,0.008511703937889912,0.5392939507871742,0.11647727272723968,0.0,0.3187809808581269
0.055004468537506485,0.0030957304801391074,0.008565924669375485,0.0572509606134057,0.47330856958953904,0.04545454545453258,0.0,0.31674938663782914
0.0854910112419985,0.0065624310730565336,0.017219344265446437,0.053051471425139905,0.5010546772867044,0.07386363636361538,0.0,0.31472128124505905
0.10995902421161086,0.003408501124745093,0.016156829838840973,0.11209695051312829,0.5136502998350531,0.09374999999997338,0.0,0.3126967032920214
0.9986877518718806,0.9951891753010391,0.9387993156608395,0.6511594436996708,0.009169226470535967,0.9971590909088075,0.0,0.3106756913237612
0.06696370557579966,0.0022025923384801733,0.015221923367922595,0.09584288367262717,0.4777273558121383,0.05681818181816566,0.0,0.30865828381743315
0.09327497490061835,0.0003553100062282999,0.009511547976704464,0.07630917394744655,0.5030270589185722,0.07954545454543195,0.0,0.306644519181568
0.11246720173606795,0.0030516485563578757,0.009647793102855393,0.09317450009179172,0.5206073846093252,0.09659090909088167,0.0,0.30463443575534166
0.12706296007424495,0.0023446121505318724,0.01251006024715743,0.03552349123251554,0.535196584157427,0.10795454545451481,0.0,0.3026280718078453
0.1484149209090372,0.00533614545282869,0.01266561652937898,0.062171545558445306,0.5549765510293699,0.12784090909087276,0.0,0.3006254655373549
0.16295820272747139,0.008112547776587514,0.016596590707327184,0.06325850539784005,0.5695643816713402,0.14204545454541417,0.0,0.2986266550706099
0.18491434580064287,0.008032517397898993,0.024768014655424796,0.1414126783747743,0.5761848371089182,0.1590909090908639,0.0,0.29663167846207855
0.2008246552275619,0.005683403197803581,0.03107978993599,0.06033974765738088,0.5928916953365195,0.17329545454540535,0.0,0.2946405736932403
0.2082398280416779,0.005941943003384768,0.030956040497689085,0.0696100831621769,0.600826950870038,0.1818181818181302,0.0,0.29265337867185975
0.21592286182559892,0.005353417256793183,0.02738644979975055,0.1317660914582717,0.6020950296478857,0.18749999999994676,0.0,0.29067013123126556
0.22246245812091286,0.007793380546809936,0.03280625147291627,0.04941346805973698,0.6145948403933893,0.19318181818176328,0.0,0.28869086912962993
0.23151920386301333,0.009218934763515336,0.027545432719081615,0.10420241815651214,0.6216476381550272,0.20170454545448813,0.0,0.286715630049251
0.2416664005157812,0.011098564074946558,0.033713779282323955,0.043083215670764376,0.6343594853552026,0.210227272727213,0.0,0.28474445159583184
0.24796569587772022,0.012856433994373369,0.04075787044379934,0.12113997452039522,0.6316024872919509,0.21590909090902957,0.0,0.2827773712977709
0.2637653803376635,0.01509270155234343,0.04884888463864168,0.12941876609259698,0.643372770735566,0.230113636363571,0.0,0.2808144266054412
0.2686354214310675,0.012574456488155906,0.04309866734524728,0.11452296755598095,0.647944930029057,0.23295454545447927,0.0,0.2788556548904793
0.27501367718245223,0.012604455327889385,0.04165180427975457,0.03501829197231158,0.6611937320558348,0.23863636363629587,0.0,0.2769010934450761
0.28626834421839287,0.013741618874977024,0.04346973349811237,0.08993650597583137,0.6678402394715185,0.24999999999992897,0.0,0.27495074701163297
0.28948943094114105,0.012766749260747402,0.04043469907772011,0.08610166163702972,0.6715179333324435,0.2528409090908373,0.0,0.27300475013020764
0.3010526533755104,0.013176314366936047,0.03702193712470598,0.06851308747959008,0.6861436115949873,0.2642045454544704,0.0,0.27106304244150176
0.9965176573422756,0.993531023364818,0.9405499682597334,0.6215596047018573,0.015159676826503895,0.9943181818178993,0.0,0.2691256933824636
0.9488483483356779,0.9968123446461347,0.9457166784243439,0.6043111687697629,0.057157028891251696,0.9488636363633667,0.0,0.2671927398374251
0.8999219864817677,0.9988608048460188,0.9477304217614474,0.5790122259467618,0.10499895452219554,0.900568181817926,0.0,0.26526418650215566
0.8583466437915006,0.9957440995126768,0.9442765673212913,0.5475412378315636,0.15412590802319504,0.8579545454543017,0.0,0.2633401664075594
0.8174684131478893,0.9957620381391565,0.9483696464665272,0.6577671716265128,0.18235394070248503,0.8181818181815856,0.0,0.26142061987017734
0.7821973067060879,0.9942738565388652,0.9535349095121997,0.6592455864612089,0.2151724301819725,0.7840909090906862,0.0,0.25950561554028795
0.7454781904829871,0.9915584940329563,0.9596911868009579,0.5379970296084792,0.2621063775463557,0.7471590909088786,0.0,0.25759518987681357
0.7102767265636938,0.9931737090045537,0.9635337862025934,0.6466299295012138,0.2836556243512464,0.7130681818179792,0.0,0.2556893475266551
0.6869626188763429,0.992716388830095,0.958852715500164,0.6391506315717953,0.30929036783084357,0.690340909090713,0.0,0.2537882199482482
0.055518780344363264,0.00675913953730241,0.008095230749635095,0.030366324317724725,0.4815897221039297,0.04829545454544087,0.0,0.2518917481623781
0.07698489865609699,0.0054212971856632515,0.019308303940773593,0.07611148804277444,0.488761125738702,0.06534090909089052,0.0,0.24999999999998226
0.09591678785257332,0.00495943193236308,0.014187649146500557,0.0970175381037535,0.5057122339363485,0.08238636363634023,0.0,0.24811298006727436
0.11990993197954158,0.002826837926805651,0.01877327733221334,0.0837312422956284,0.5230519465484177,0.10227272727269825,0.0,0.24623081851963063
0.06685043571658465,0.004185149469765671,0.02134787512475358,0.014883434105306015,0.48378494020001633,0.05681818181816566,0.0,0.2443534257125586
0.9999999999999155,0.997624054584401,0.9409277403752152,0.6585232976256861,0.0028665094530106907,0.9999999999997159,0.0,0.24248096254495538
0.946506528634604,0.9964927591999341,0.943319006526608,0.5595273897567322,0.06517133105996369,0.9460227272724585,0.0,0.24061337091972193
0.9065867708935957,0.9973737424824998,0.9399332555775182,0.546228778866331,0.10668478782391212,0.9062499999997425,0.0,0.2387507176420087
0.8629556915779286,0.9963443093742811,0.9398682641360896,0.5958777885201197,0.14562981953236612,0.8636363636361183,0.0,0.23689303817404825
0.8221419659553668,0.998023096776857,0.934358648516056,0.5934151835667877,0.18646278473656003,0.8238636363634024,0.0,0.23504036788338106
0.9980544811599208,0.9950885205642924,0.9511766714718037,0.5808068521247661,0.010162846371741618,0.9971590909088075,0.0,0.23319274204217785
0.9522407302036486,0.9964189542586487,0.9536317430743955,0.5796566108632857,0.05344491884024413,0.9517045454542751,0.0,0.2313501651599939
0.9084355632597754,0.9935284510292464,0.9497755743533473,0.5465042228045114,0.10271008825165097,0.9090909090906508,0.0,0.22951276431598708
0.8699121920550311,0.9913645774204317,0.9572361449200274,0.5451411512559312,0.14099988927331927,0.8693181818179349,0.0,0.22768048249246978
0.8297166225308713,0.9895979302208858,0.9525693312905124,0.6692269127602282,0.17313678354299736,0.8295454545452189,0.0,0.2258533852400269
0.06546321842606571,0.005039288663806031,0.009094050002435574,0.06563033596610574,0.4852098016455079,0.05681818181816566,0.0,0.22403150734395474
0.06657816561838295,0.003603616915865646,0.009083701475806016,0.03031988885739037,0.48716549204038273,0.05681818181816566,0.0,0.22221488349018323
0.08615831166155122,0.0016759800463416411,0.015373191347226709,0.13082430265305983,0.49116471445024984,0.07386363636361538,0.0,0.22040354826461084
0.05993206302598831,0.0031945285015377127,0.00966476433999557,0.00735064387014306,0.48294517244999086,0.05113636363634909,0.0,0.21859750609679957
0.9958309517883192,0.9941172197387146,0.9391519473516842,0.6329215010925882,0.014293529720850335,0.9943181818178993,0.0,0.21679688153756857
0.9455365119366411,0.9908268354613705,0.936743285454709,0.5866632892111527,0.07289779202775233,0.9431818181815503,0.0,0.21500161870183263
0.9031988087718328,0.990754505446122,0.945920508115695,0.6383678234905064,0.10416351000669483,0.9034090909088341,0.0,0.21321178182446168
0.8650645678377076,0.9928247203472682,0.9404444783364846,0.6230724973441476,0.14579462344828337,0.8636363636361183,0.0,0.2114274049813679
0.819771783286574,0.9958758026050163,0.9478917316415425,0.6187504492222431,0.18304884510631497,0.821022727272494,0.0,0.20964852214451518
0.7798376091090896,0.9979168820864889,0.948937449810325,0.5346391685546699,0.2279610782810483,0.7812499999997781,0.0,0.20787516718126803
0.7453102090530935,0.9943636260830278,0.9498077708321706,0.5500661234142034,0.2630128874983352,0.7471590909088786,0.0,0.20610737385374886
0.7155142896710834,0.9943129990234395,0.9576217736077163,0.5954667163843678,0.2840712196573733,0.7187499999997958,0.0,0.20434517581819453
0.06676147038399836,0.0055524902419396725,0.022120464047605277,0.05339257849717442,0.48117275003982624,0.05681818181816566,0.0,0.2025886066243154
0.08812597544904839,0.0035456778259852955,0.019240079714931208,0.14200006910294868,0.4900311301661696,0.07386363636361538,0.0,0.20083769971465593
0.9988412201597258,0.994984532505664,0.9478117039316637,0.6312977884528264,0.0072536389202546075,0.9971590909088075,0.0,0.1990924593847564
0.94476145454026,0.9928941792877409,0.9457150874095906,0.6365153339624972,0.06310318382061089,0.9431818181815503,0.0,0.19735300597853872
0.8151104362114627,0.9735814945180415,0.9360979453049887,0.9999999999999281,0.17801114873161963,0.8153409090906775,0.9999999999989999,0.19561928549562574
0.6971384289096647,0.9531847340954216,0.9304992800136571,0.9999999999999281,0.3125479040881491,0.6988636363634378,0.9999999999989999,0.19389135998276175
0.6029215987189908,0.9388941195171673,0.9170245942568372,0.9999999999999281,0.42294591879523785,0.6051136363634644,0.9999999999989999,0.19216926233715736
0.5223390022306795,0.9196679784088514,0.9118223561270965,0.9999999999999281,0.5167729644637188,0.5284090909089408,0.9999999999989999,0.19045302534506978
0.4521961708820812,0.9001856203961646,0.9054347574894234,0.9999999999999281,0.5009487947616057,0.460227272727142,0.9999999999989999,0.18874268168117653
0.8999723498280835,0.9775222380587314,0.9284871988714052,0.9999999999999281,0.09605249577352139,0.8977272727270177,0.9999999999989999,0.18703826390795678
0.7738650252030398,0.9636830760879955,0.9214518717611333,0.9999999999999281,0.23449340577158,0.7727272727270532,0.9999999999989999,0.1853398044750679
0.6644462734654032,0.9503372588960185,0.9126439492591794,0.9999999999999281,0.3563161156557025,0.6647727272725383,0.9999999999989999,0.18364733571872877
0.5695130058278427,0.932073088018083,0.9113231512014901,0.9999999999999281,0.46188666450020727,0.5738636363634734,0.9999999999989999,0.18196088986110526
0.4884113368521141,0.9162258157076725,0.899822688931073,0.9999999999999281,0.5274075426927106,0.49715909090894966,0.9999999999989999,0.18028049900969487
0.4204335235083319,0.8984365721185577,0.8884607939865126,0.9999999999999281,0.4812221063591179,0.43181818181805914,0.9999999999989999,0.1786061951567179
0.3506611078797831,0.8834662656866048,0.8796695497031705,0.9999999999999281,0.42888667192846425,0.36363636363626034,0.9999999999989999,0.17693801017850577
0.29318342734967184,0.8675455400269061,0.8801466432585484,0.9999999999999281,0.38752899758513487,0.30965909090900295,0.9999999999989999,0.17527597583489554
0.24201323134588187,0.851195954086907,0.8808761430624408,0.9999999999999281,0.35206336780420894,0.26136363636356214,0.9999999999989999,0.1736201237686263
0.19619101724839477,0.8362195872669091,0.8741220159491764,0.9999999999999281,0.3243372064394149,0.21874999999993786,0.9999999999989999,0.17197048550473404
0.16151796292002948,0.825527270040684,0.8608851291092673,0.9999999999999281,0.3072811060045788,0.18749999999994676,0.9999999999989999,0.17032709244995356
0.1296607016129852,0.813633316191673,0.855659172710115,0.9999999999999281,0.2877857437581812,0.15624999999995562,0.9999999999989999,0.1686899758921194
0.01962430425085768,0.006347829498923841,0.01426193310743172,0.9999999999999281,0.36272517593469106,0.017045454545449718,0.9999999999989999,0.16705916699957105
0.01623059409956857,0.01054814453116666,0.003748170860205689,0.9999999999999281,0.36767190403435446,0.014204545454541431,0.9999999999989999,0.1654346968205594
0.013869777663089914,0.004706761733492856,0.005051898440967759,0.9999999999999281,0.35966473494519513,0.011363636363633144,0.9999999999989999,0.16381656936756475
0.012487283769108874,0.0039176734179454924,0.007077434443663326,0.9999999999999281,0.3553528747257688,0.008522727272724859,0.9999999999989999,0.16220489619215817
0.012344189959050305,0.008242631133491218,0.014336291394954856,0.9999999999999281,0.35570525436774686,0.008522727272724859,0.9999999999989999,0.1605996272335174
0.01790642816578201,0.010663557329601548,0.013302336006729507,0.9999999999999281,0.3637192676986344,0.014204545454541431,0.9999999999989999,0.1590008199687395
0.01874111382275045,0.014826647865777524,0.007429268657931065,0.9999999999999281,0.3695018696926519,0.014204545454541431,0.9999999999989999,0.15740850483680918
0.8955969247087677,0.9770395592198595,0.9339486897100868,0.9999999999999281,0.09978228821832351,0.8920454545452011,0.9999999999989999,0.15582271215311233
0.7727903821878396,0.9628746993764082,0.923776502393916,0.9999999999999281,0.23414959067462102,0.7727272727270532,0.9999999999989999,0.1542434721088544
0.6616371004863363,0.9483596440279334,0.9138896871058234,0.9999999999999281,0.36018450590903894,0.6619318181816302,0.9999999999989999,0.15267081477049085
0.5641890556507402,0.9288325725138765,0.9004827983532616,0.9999999999999281,0.4747004908453068,0.5681818181816567,0.9999999999989999,0.15110477007914888
0.9003125177983913,0.9773180150841071,0.9355945705724151,0.9999999999999281,0.09320585090259542,0.8977272727270177,0.9999999999989999,0.14954536785006387
0.7749728622718215,0.9570482128886797,0.9339281712526022,0.9999999999999281,0.23446655493643556,0.7727272727270532,0.9999999999989999,0.14799263777200516
0.7465604448059378,0.9549873665001015,0.9347053724201567,0.5877679390989845,0.29728943285882303,0.7471590909088786,0.0,0.14644660940671597
0.06358149761688468,0.007009544482071706,0.019899380527159043,0.07804771156908932,0.47828075922673924,0.05397727272725738,0.0,0.14490731218834713
0.05819099254848328,0.006913461710813609,0.018213337832126485,0.07138052151639697,0.473842158819083,0.04829545454544087,0.0,0.14337477542289906
0.08687112743984152,0.004327058399270746,0.021112225626045866,0.04791498402873288,0.4980859947323264,0.07386363636361538,0.0,0.14184902828766294
0.11507421860382486,0.003704294078367988,0.018190084446550632,0.11639733959579643,0.5183070784389089,0.09943181818178996,0.0,0.140330099830664
0.1342406162786573,0.005092375161620794,0.012053778815460034,0.06765393953730235,0.543244458859621,0.11647727272723968,0.0,0.13881801897011223
0.15841357908840603,0.001694181159094435,0.013624277313919601,0.09609912878331753,0.5572084194811617,0.1363636363635976,0.0,0.13731281449384622
0.17727347751297312,0.00432524688389792,0.01549694275317824,0.03548686512738851,0.5807781422813246,0.15340909090904734,0.0,0.13581449014483427
0.19113555294752338,0.0013333181203260855,0.02095436314587746,0.04005524130636804,0.5870179021534857,0.16477272727268047,0.0,0.13432314919040528
0.06568950379133182,0.0019526327324049149,0.020176058337242182,0.038657456642551706,0.4804338069787332,0.05681818181816566,0.0,0.1328387452821481
0.08779382084025722,0.006682311223732286,0.029218295760721446,0.02796293076177342,0.49826496803863246,0.07386363636361538,0.0,0.13136133159492885
0.10690550087035687,0.008724018173743226,0.03709955228034957,0.03497712428419467,0.5129102037165526,0.0909090909090651,0.0,0.12989093625657497
0.13204231089999938,0.008751680622808785,0.03904431280136301,0.06205491731412076,0.5323778574431731,0.1136363636363314,0.0,0.12842758726129355
0.15056697202368213,0.0076600917824429715,0.03320954743934863,0.10025204681263124,0.5476203115945312,0.13068181818178104,0.0,0.12697128825700174
0.16782084780186546,0.009758063423595727,0.03875368537595179,0.036171631875056724,0.5666875287924392,0.14488636363632248,0.0,0.12552213960548989
0.9906142235541672,0.9926354326896728,0.944304300619591,0.6657073005081602,0.01607795590209049,0.9886363636360828,0.0,0.12408009626050251
0.9385651505776516,0.9916235957711717,0.9466326212653706,0.6743663107170931,0.06606985793997253,0.9374999999997335,0.0,0.12264520988860536
0.06261830436004999,0.002706221279195437,0.014696577479607072,0.13288729685590223,0.47227905418148197,0.05397727272725738,0.0,0.12121748407295319
0.09200309301165827,0.004387623464255928,0.011898040877942138,0.031154059200376432,0.5091592381303454,0.07954545454543195,0.0,0.11979701719997653
0.9892294208794451,0.9950922594453344,0.9392471684291913,0.6610395526938023,0.016681220382182844,0.9886363636360828,0.0,0.11838376510872684
0.06500999522757836,0.006357192825516938,0.009084641363567908,0.12366166771942326,0.4783524461328747,0.05397727272725738,0.0,0.11697775506808675
0.08969718472217485,0.00903506249916971,0.01275665406203608,0.037414564213395514,0.5090988716945039,0.07670454545452367,0.0,0.11557908396326205
0.11686794252906627,0.007738043503227009,0.009112250661805937,0.016615894689347564,0.5340704786912159,0.09943181818178996,0.0,0.11418770830613181
0.14319993098323514,0.005535640792486291,0.016273891617529106,0.10911940027634119,0.5438419801968516,0.12215909090905619,0.0,0.11280367795889942
0.16410962340046703,0.0029002015182541543,0.018491279657750097,0.094130190478186,0.5619348463275851,0.14204545454541417,0.0,0.11142701927150678
0.061890303488114466,0.00667542208429953,0.014611043228010682,0.11941244718355709,0.47380725760982007,0.05113636363634909,0.0,0.11005775845355144
0.9919400470545032,0.9997709829265115,0.9452097835118591,0.5698111889637528,0.01560144479085604,0.991477272726991,0.0,0.10869592157378563
0.9389660008527493,0.9967132741836777,0.9451471944699322,0.5625009392288163,0.07245173327196358,0.9374999999997335,0.0,0.10734153455961978
0.8888820784067385,0.9992708354772352,0.9527857716567,0.58364862805658,0.11344751500539009,0.8892045454542927,0.0,0.1059946231966314
0.8477221800313579,0.9996103142162014,0.9518069001581582,0.6580243420401523,0.14670315354058577,0.8494318181815769,0.0,0.1046552131280708
0.8086584765370168,0.9990022232990908,0.9548967051758782,0.5459637970986562,0.19529241211236462,0.8096590909088609,0.0,0.10332332985437515
0.7679681008323761,0.9988000238220729,0.9593285710789771,0.5919335691571062,0.22917111110209512,0.7698863636361449,0.0,0.10199899873268181
0.7376075997716913,0.9999708876693124,0.9608697489130513,0.6037347788107427,0.25485583669960843,0.7414772727270621,0.0,0.1006822449763465
0.7081738442599862,0.9967239780752336,0.9634659698471746,0.6493866920535961,0.2806318255731305,0.7130681818179792,0.0,0.09937309365446292
0.6772251210820993,0.994036052117327,0.9720829844616871,0.5866276571420779,0.3157278053501053,0.681818181817988,0.0,0.09807156969138396
0.6495653391643483,0.992061817637354,0.9789071317972418,0.6427225623386105,0.33496344714524384,0.6562499999998136,0.0,0.09677767636562778
0.630697363017571,0.9943233087219673,0.9771805740403856,0.6531268039721925,0.3528009356701812,0.6363636363634556,0.0,0.09549150281251914
0.6112495977100647,0.9908286525424238,0.9716385348102693,0.6394659185727394,0.37608668072856044,0.6193181818180059,0.0,0.09421300901748733
0.5925556231267031,0.9882271746204236,0.9771288006610669,0.5417481904453124,0.404176559239167,0.5994318181816478,0.0,0.09294224082183365
0.5729588848925306,0.9860552596004939,0.9830421121907695,0.6025027028040244,0.4150578414787385,0.5823863636361981,0.0,0.09167920143356378
0.5527665813379679,0.9894474913672643,0.9800659205174919,0.6716102338542255,0.42739475535075866,0.5624999999998401,0.0,0.09042397785549777
0.5415038193731594,0.988422679293398,0.9822895160805243,0.6218542778119616,0.4429352224372319,0.551136363636207,0.0,0.08917653102891226
0.5302835346278604,0.9858042503288089,0.9794493884900811,0.5349751545175541,0.4651277252249714,0.539772727272574,0.0,0.0879368850938751
0.5238909172281883,0.9854382529100444,0.983586964094973,0.6273729664883091,0.4612445322171001,0.5340909090907574,0.0,0.0867051254363992
0.5164937098477917,0.9825802424932633,0.9830780487358259,0.5462081533422234,0.47648097572413334,0.5284090909089408,0.0,0.08548121372247305
0.5055367483639321,0.9807791158033523,0.9917733695015974,0.6087233236133528,0.48007782606165483,0.5170454545453077,0.0,0.08426519384872128
0.48895888413714333,0.9773988631700783,0.9999999999999968,0.5649713142406985,0.47743968284919314,0.49999999999985795,0.0,0.08305708896641005
0.4825330885788378,0.9762408826960366,0.9975461301052185,0.5934535670824775,0.4712450419045101,0.4943181818180414,0.0,0.08185692207611439
0.47431643260345835,0.9756171387633964,0.9987366106600565,0.5962331861721214,0.4625030633245219,0.48579545454531653,0.0,0.0806647160272825
0.4668419176735533,0.9761058150027323,0.9937262451771742,0.5860517987639156,0.459468019999312,0.48011363636349996,0.0,0.07948049351779793
0.45724807101944087,0.9730812451882027,0.9998350197761815,0.6721626617864134,0.4432574126025799,0.47159090909077517,0.0,0.07830425755678785
0.9893813231372942,0.9947076283068572,0.9450137349268402,0.562133951235146,0.023195093047577123,0.9886363636360828,0.0,0.07713608914800797
0.9457166796659632,0.9980808338943098,0.9428114146978455,0.648073795141922,0.05638448210914765,0.9460227272724585,0.0,0.07597595192178175
0.9965511070174369,0.9967115858694056,0.9476760905803933,0.6310921595761242,0.008791035390076309,0.9943181818178993,0.0,0.07482388750221322
0.9486663408485149,0.9983495062021641,0.9474334127609446,0.5345367452826814,0.061315486574888625,0.9488636363633667,0.0,0.0736799178229489
0.9083047362139666,0.9960522894320459,0.9473637916836313,0.5721063950985356,0.0994932203017733,0.9090909090906508,0.0,0.07254406466352165
0.9990230244150573,0.9994296783444774,0.9503031651531141,0.5828657275385178,0.006914819140269756,0.9971590909088075,0.0,0.07141634964893913
0.0577874919979104,0.003686887927277477,0.01791111113417817,0.08924712309491929,0.4698524264199352,0.04829545454544087,0.0,0.0702967942492686
0.08286069132027378,0.005524061669083596,0.016630990507843873,0.10124429037594337,0.49343693939092287,0.07102272727270709,0.0,0.06918541977923226
0.10822246492376053,0.004972020023769096,0.019701940776452764,0.04371512697834509,0.5193684381417314,0.09374999999997338,0.0,0.06808224739779749
0.12666118370422272,0.007746190354587797,0.019486002310320764,0.08695224894947541,0.5320233953052128,0.10795454545451481,0.0,0.06698729810777597
0.05867063014018669,0.0028547639182464335,0.010871103408928905,0.008504894652554737,0.47923492038121335,0.04829545454544087,0.0,0.0659005927554241
0.08419385086256259,0.0019425699132000946,0.00839714254572877,0.09975437832664279,0.4942162923264688,0.07102272727270709,0.0,0.06482215203004563
0.10697138731915402,0.001466962799492504,0.017158115889310238,0.07320985800021386,0.5122603746713527,0.0909090909090651,0.0,0.063751996463597
0.1282595377169845,0.0073538801726993714,0.023950625604098028,0.025667005093339704,0.5380125193417659,0.1107954545454231,0.0,0.0626901464302976
0.1474903403578681,0.010674605619255819,0.019382585768669816,0.019899016890445324,0.5600579624986831,0.12784090909087276,0.0,0.06163662214624163
0.16740732854596793,0.011759130500713446,0.015342176253069103,0.10081370187786091,0.5725281325622888,0.14488636363632248,0.0,0.06059144366901313
0.1837706026126982,0.011096486211330806,0.013745378249486075,0.08861582326398844,0.5878942701789655,0.1590909090908639,0.0,0.05955463089730292
0.20264745403776221,0.00789541605168877,0.010129626178912844,0.0034372197318172587,0.6113172550590086,0.17613636363631363,0.0,0.058526203570532516
0.2145009973103367,0.01061964412929211,0.008957856879979846,0.05327223924748487,0.6209305634739976,0.18749999999994676,0.0,0.05750618126847503
0.22846533384308138,0.011471637940458293,0.009657535005339677,0.0599417322111617,0.6320443328333057,0.19886363636357984,0.0,0.05649458341088529
0.9891305213262296,0.9996648397825695,0.9474999341744401,0.5693275658193299,0.017588070461521783,0.9886363636360828,0.0,0.055491429257127925
0.9390398426525138,0.9967570961647421,0.9516345289401583,0.5968801678654693,0.06666435834105336,0.9374999999997335,0.0,0.05449673790581199
0.06667081930150667,0.0007760543011099313,0.008851194590099766,0.06736520288246833,0.48178487985368484,0.05681818181816566,0.0,0.05351052829442766
0.08905175428923187,0.001985644825007259,0.007976885281753643,0.040665698741490355,0.5052553628638374,0.07670454545452367,0.0,0.052532819198983616
0.11214539245870178,0.0053474243981588695,0.011000820080954198,0.009441199659333195,0.5291758535730089,0.09659090909088167,0.0,0.05156361315158277
0.12666460005012437,0.003345707781841888,0.014824417642125496,0.10220927539703441,0.5291774954926206,0.10795454545451481,0.0,0.050602976850412915
0.06151041460924344,0.0021999232079478945,0.00998112448927814,0.059236062905241055,0.4774858367807063,0.05113636363634909,0.0,0.04965088033870277
0.05584810914081377,0.0031410134664423455,0.019438546046285837,0.12573255275765624,0.4655826757409425,0.04829545454544087,0.0,0.04870735782506656
0.08494001035026166,0.005299570591341074,0.020209070181494166,0.13984930300970783,0.4911979640476928,0.07386363636361538,0.0,0.047772411762336896
0.9936364315380275,0.9999273995054935,0.948762762654881,0.5672488296548379,0.011368160139846569,0.9943181818178993,0.0,0.04684610648167157
0.0647668937954373,0.0037806950667574665,0.020652997932624314,0.008558408247052814,0.4814823224258614,0.05397727272725738,0.0,0.04592841308745604
0.0952900590148957,0.003979752557382246,0.028397812770600203,0.0962669877426757,0.4989872902803979,0.08238636363634023,0.0,0.04501936456172532
0.1209197736466605,0.0072508305448169275,0.03642805568550957,0.13978141766476496,0.5170100043556812,0.10511363636360653,0.0,0.04411897821145253
0.14205040886914222,0.008928474509367337,0.04254038023103581,0.1026401098982702,0.5359774574676163,0.12215909090905619,0.0,0.04322727117869663
0.15724815687203067,0.009029552459326464,0.040081473521266515,0.07916886177061365,0.5532992338269365,0.1363636363635976,0.0,0.04234426044027349
0.9911026316885194,0.9970181891174026,0.9482672887116379,0.6082501521482939,0.013125365087197931,0.991477272726991,0.0,0.04146996280743521
0.9451019180985076,0.9953932153627099,0.9479157817030966,0.5399231547322239,0.06864053911898137,0.9431818181815503,0.0,0.040604394925547856
0.9003975108191813,0.9933903285280384,0.9557549396912538,0.6341269592564824,0.10111412048300601,0.900568181817926,0.0,0.03974757327377692
0.8581350585179415,0.9911866847661616,0.9649827875862346,0.5988500269014351,0.14448306176876796,0.8579545454543017,0.0,0.0388995001035651
0.7185438872383545,0.9718449548266362,0.9594628559541117,0.9999999999999281,0.2657041841426106,0.7187499999997958,0.9999999999989999,0.03806023374435386
0.6071638345491134,0.9529897349138657,0.9562474684682282,0.9999999999999281,0.3895225276098953,0.610795454545281,0.9999999999989999,0.037229747991214326
0.5018427314812183,0.9363274168428353,0.9496370705952636,0.9999999999999281,0.5045524557870471,0.5113636363634911,0.9999999999989999,0.03640807271660362
0.41087482813828147,0.9218572026779802,0.9362898340032182,0.9999999999999281,0.4339419806492399,0.4232954545453343,0.9999999999989999,0.03559522356403542
0.33749300113144315,0.9080956785918054,0.9330071788471218,0.9999999999999281,0.3783176880421834,0.3551136363635355,0.9999999999989999,0.03479121600898508
0.27357255937633684,0.8957130593341813,0.9308643594048376,0.9999999999999281,0.32677827373014046,0.29261363636355325,0.9999999999989999,0.033996065358598275
0.21061883620192848,0.8775565595058097,0.9237181621458628,0.9999999999999281,0.28758817736612685,0.23579545454538758,0.9999999999989999,0.03320978675139678
0.16517082948854425,0.8645560123857726,0.9236255959033273,0.9999999999999281,0.25547773016162606,0.19318181818176328,0.9999999999989999,0.03243239515699181
0.12545906068785778,0.8463625973448721,0.9218434097967247,0.9999999999999281,0.23385387857936865,0.15624999999995562,0.9999999999989999,0.031663905375798856
0.8863411847236559,0.9757210317605349,0.9406744766815217,0.9999999999999281,0.10646846914914475,0.8835227272724764,0.9999999999989999,0.030904332038755783
0.7426519399731688,0.9612308831465773,0.9286961726714871,0.9999999999999281,0.26449494062982676,0.7414772727270621,0.9999999999989999,0.0301536771708415
0.6249779598610999,0.9431518312715135,0.927978677248718,0.9999999999999281,0.3923006300966317,0.6278409090907306,0.9999999999989999,0.02941199237181273
0.518238652199158,0.9274839849456151,0.9230552401912612,0.9999999999999281,0.5086586422015639,0.5255681818180326,0.9999999999989999,0.028679254453908683
0.42582881256938476,0.9135227131037271,0.9185052334989654,0.9999999999999281,0.4622178745499319,0.4374999999998757,0.9999999999989999,0.02795548980360585
0.3468904877493095,0.8965436686694883,0.9082431110690828,0.9999999999999281,0.40360680138746086,0.36079545454535206,0.9999999999989999,0.027240712200339606
0.2739761055102948,0.8800194183408376,0.8983349505145493,0.9999999999999281,0.3529746720473751,0.29261363636355325,0.9999999999989999,0.026534935252445362
0.21960068111549458,0.8669381717411316,0.8978040040438596,0.9999999999999281,0.31262477353336154,0.24147727272720415,0.9999999999989999,0.02583817239689846
0.8922959754882466,0.9808527796250649,0.9349274303980448,0.9999999999999281,0.09917802110698722,0.8892045454542927,0.9999999999989999,0.0251504368990599
0.009328038720807267,0.006578714754389931,0.01016376482960021,0.9999999999999281,0.35332411058545554,0.005681818181816572,0.9999999999989999,0.024471741852421684
0.0012152257271274595,0.009750339598891676,0.0146338096507555,0.9999999999999281,0.34828434206147124,0.0,0.9999999999989999,0.02380210017835902
0.008109387694182686,0.01516445368451317,0.006208905530850155,0.9999999999999281,0.3617970098483358,0.005681818181816572,0.9999999999989999,0.023141524625884938
0.005499973978218313,0.016043761655218012,0.0008596404713394917,0.9999999999999281,0.36192788780162605,0.002840909090908286,0.9999999999989999,0.02249002777140499
0.004486290476011046,0.021167717131332295,0.0031346749368057003,0.9999999999999281,0.36502250364014394,0.002840909090908286,0.9999999999989999,0.021847622018480665
0.009845475107200068,0.02129870012753092,0.004975068118788101,0.9999999999999281,0.37000651030632065,0.008522727272724859,0.9999999999989999,0.021214319597591194
0.001260725985222613,0.026544936250091265,0.00835599851590217,0.9999999999999281,0.3642409503207582,0.0,0.9999999999989999,0.02059013256590213
0.8909532972374029,0.9779741915868759,0.9425165300006159,0.9999999999999281,0.09824526047724644,0.8892045454542927,0.9999999999989999,0.019975072807034287
0.7532420966950243,0.9610272663186694,0.9360163280192948,0.9999999999999281,0.25023920209752853,0.7528409090906951,0.9999999999989999,0.019369152030839422
0.6284422004252324,0.9462220601781273,0.9313607524405143,0.9999999999999281,0.3856081831375845,0.630681818181639,0.9999999999989999,0.018772381773174886
0.5234156306981016,0.9314055715203232,0.9199932314592272,0.9999999999999281,0.5011899949923911,0.5312499999998491,0.9999999999989999,0.018184773395687283
0.43608368457609575,0.9151839257895698,0.9170287727753185,0.9999999999999281,0.4700162450245407,0.44602272727260056,0.9999999999989999,0.01760633808559221
0.43614528215529824,0.9161797933138907,0.9114313870262236,0.6362913472850854,0.5034062437597293,0.44602272727260056,0.0,0.017037077444539785
0.43181340774920235,0.9135152813737392,0.9066670299378347,0.6509942350685383,0.503417328720175,0.4431818181816923,0.0,0.01647703054302745
0.42121122803877586,0.9135914843989464,0.9006601840931946,0.5637865723643473,0.502208022660682,0.43181818181805914,0.0,0.015926179810945008
0.4206870290188239,0.9110958970221839,0.9066718360280103,0.6688615419793276,0.49244997218201436,0.43181818181805914,0.0,0.015384536196236726
0.41063875336420336,0.9088227466815723,0.9062185705908115,0.6546840756076885,0.487192927093945,0.4232954545453343,0.0,0.0148521368620006
0.4106124328787443,0.9081483358684399,0.9053368586246466,0.5793504574350201,0.49468874692400905,0.4232954545453343,0.0,0.014328965093368284
0.41346107223911766,0.9048511056327013,0.9115982702253337,0.6110707764552903,0.4918752693931216,0.4232954545453343,0.0,0.01381503980116075
0.0633224557090905,0.004329791655232065,0.013730297820407883,0.0077625939067064295,0.48491694304935584,0.05397727272725738,0.0,0.013310370769774784
0.08404621537470977,0.003115063784492722,0.01308178085083619,0.06380691282734527,0.4963057942476851,0.07102272727270709,0.0,0.012814967607381532
0.10227480165151252,0.0004063217203370143,0.01577816597359863,0.07317366124725799,0.5091780955659094,0.08806818181815682,0.0,0.012328839745742781
0.12956204978560124,0.001583137361098394,0.016836137071511124,0.041322060505403775,0.5350849717439693,0.1107954545454231,0.0,0.011851996440032552
0.14554365271655018,0.0044643133294351356,0.018425150940309953,0.0632218599076732,0.548926803957274,0.12499999999996447,0.0,0.011384446768659854
0.1589042163650837,0.007324875292599612,0.016500298693654453,0.03207035273246409,0.5660497867430375,0.1363636363635976,0.0,0.010926199633096375
0.17817319370135082,0.00674359515633481,0.016115301987619072,0.04813680581820177,0.581325114638005,0.15340909090904734,0.0,0.010477263757707219
0.1951139489382532,0.0036477748286123323,0.01068593021119275,0.09586964802783646,0.5911452418959803,0.16761363636358875,0.0,0.01003764768958456
0.21156818853858197,0.006694895990181486,0.02272179449137589,0.042455890366749446,0.6101130444150956,0.18465909090903848,0.0,0.009607359798384226
0.9927368515926676,0.9982871128170523,0.9479585700620103,0.5689034983292395,0.01569239317315763,0.991477272726991,0.0,0.009186408276167467
0.9370193835730152,0.9963763370400316,0.9484208856831328,0.5699221059976174,0.07068383650812801,0.9374999999997335,0.0,0.008774801137244517
0.99324951062408,0.9980300243556699,0.9484365122745781,0.5655364183584343,0.015988156392336767,0.991477272726991,0.0,0.008372546218022197
0.9465856012892049,0.9950726572049614,0.9448102980363454,0.6339858887475364,0.059152639953291605,0.9460227272724585,0.0,0.007979644706645457
0.8998232309721362,0.9923804343834525,0.9394490596616664,0.5621303888178036,0.11794203791769783,0.8977272727270177,0.0,0.007596123493895328
0.8615939654444219,0.9935910429438691,0.9453966225884683,0.6596730590876441,0.1427202806052787,0.86079545454521,0.0,0.007221970470960586
0.8229942209976426,0.9899042585029058,0.9494026791796423,0.5541937724256211,0.18995445872324887,0.8238636363634024,0.0,0.0068571992313837754
0.9987004703439369,0.9990561457355387,0.949318798258425,0.5442834318330844,0.011001617046675237,0.9971590909088075,0.0,0.006501816719883475
0.9471483587501546,0.9967844262188548,0.9468707373437498,0.6650910324677249,0.054204580295415104,0.9460227272724585,0.0,0.006155829702430707
0.8977338845252817,0.9974844392972617,0.9412501361672516,0.5959949739296225,0.1101761657829134,0.8977272727270177,0.0,0.005819244766119261
0.8531338092546417,0.9998441680401833,0.9398419340594563,0.5878425691061266,0.15206114043430052,0.8551136363633933,0.0,0.005492068319041354
0.8142060935501124,0.996523913193531,0.9376846319079362,0.558087763491243,0.1978207530861514,0.8153409090906775,0.0,0.005174306590164549
0.7849307692296269,0.9975359401489697,0.9335859050843823,0.6336269983866701,0.22044405752648547,0.7869318181815946,0.0,0.004865965629214392
0.757184403040569,0.9991629934688313,0.9401302126001794,0.5825040704254051,0.24632344751675309,0.7613636363634201,0.0,0.0045670513065585675
0.7307225111401517,0.993424349330527,0.9446962575900355,0.5997676638647595,0.2757216234508523,0.7329545454543372,0.0,0.004277569313094607
0.704670399926842,0.9954677454619753,0.9430768533601601,0.6041193888032577,0.2998750800511776,0.7073863636361627,0.0,0.0039975251601421635
0.677253689675701,0.9988553713931185,0.9415896351151964,0.6272246491617401,0.32126795707547273,0.681818181817988,0.0,0.0037269241793387183
0.6479274374476117,0.9930450365663829,0.9503343797379555,0.5882620065409071,0.35387162623748736,0.6534090909089052,0.0,0.0034657672487575053
0.6198932521293326,0.9965465470693768,0.9463453898868975,0.6594489595418535,0.372028106161778,0.6278409090907306,0.0,0.00321407216170605
0.6045343860762867,0.9959442789723207,0.9499189836492276,0.5410774123110824,0.3954931960714989,0.6136363636361893,0.0,0.002971830888839925
0.590025665987719,0.9931396773091787,0.9474215558636119,0.6337965026263602,0.40481033194051774,0.5994318181816478,0.0,0.0027390523158631118
0.5738170916894676,0.9963117613761621,0.9459471224865063,0.6202720880583346,0.4210831440538871,0.5823863636361981,0.0,0.00251574087454396
0.5621584126102922,0.9960922792100225,0.9446989830103621,0.6399119637356,0.4313861289732011,0.5710227272725651,0.0,0.0023019008164104886
0.541294411357199,0.9992016737822957,0.9482046076654921,0.610517720728147,0.4498182417297001,0.551136363636207,0.0,0.002097536212669053
0.5248211839145198,0.9955275116795012,0.9435294744143449,0.6228224915535944,0.46777864377849204,0.5369318181816657,0.0,0.0019026509541273293
0.5180821202696958,0.9919066316694518,0.9378072949807085,0.594335434068243,0.48404835475929664,0.5284090909089408,0.0,0.0017172487511191994
0.5089244956646507,0.9951287443344312,0.9316713390616812,0.6609441162606787,0.48675742684544077,0.519886363636216,0.0,0.0015413331334358524
0.4921007668503186,0.996255961457627,0.9349605256376154,0.5907134028737759,0.49344447818208886,0.5056818181816746,0.0,0.0013749074502570158
0.4812760986063916,0.9928279011643011,0.940369267557765,0.5830520688419638,0.4832212249121502,0.4943181818180414,0.0,0.0012179748700877665
0.996350950669306,0.9931047202345251,0.9506976029034259,0.5540268848516138,0.017108334040449744,0.9943181818178993,0.0,0.0010705383806982633
0.9464022166655157,0.9928063889492373,0.9537884562192415,0.6027488945498085,0.05987897863189606,0.9460227272724585,0.0,0.0009326007890665209
0.8988443710961015,0.9955585400326309,0.96123229003815,0.6479837228873511,0.09869647456309272,0.8977272727270177,0.0,0.0008041647213255014
0.854638528907421,0.9968821330697428,0.963097202234228,0.640575888628067,0.13995140538303008,0.8551136363633933,0.0,0.0006852326227131217
0.8205392871877006,0.9955816013854752,0.9643370520509862,0.643269637406436,0.1741765321383132,0.821022727272494,0.0,0.0005758050129919004
0.05815674901617321,0.001564392107422035,0.014237086628982923,0.11111393966166234,0.46781433774574244,0.04829545454544087,0.0,0.0004758892090710748
0.0812038840978904,0.007211560809971965,0.010285579551664575,0.02881508077414914,0.500963997649421,0.0681818181817988,0.0,0.0003854818796385299
0.09956011607216467,0.005162193879750505,0.01651492450568004,0.04337105001706718,0.5124091965037832,0.08522727272724852,0.0,0.0003045864904521051
0.11966553527480588,0.005216200504054518,0.016279807691681396,0.035065733031827105,0.530255674002608,0.10227272727269825,0.0,0.00023320458164350513
0.14029241622066252,0.008843000484093675,0.025417649253463594,0.022169091821028147,0.5501952468529087,0.12215909090905619,0.0,0.0001713375122213816
0.15963742986790697,0.005415592305528107,0.025935039688467082,0.14218802242951806,0.5537432952421355,0.1392045454545059,0.0,0.00011898646004544907
0.062000455755727095,0.0007637717511455302,0.021461649243931596,0.08926348942379767,0.4688630122787963,0.05113636363634909,0.0,7.615242180440735e-05
0.0839840810245005,0.0028056201255585844,0.023749001973904473,0.018890721817031372,0.4954738920532721,0.07102272727270709,0.0,4.283621299652853e-05
0.1109912080686225,0.002256365375058905,0.02435743773099194,0.05323709980281726,0.5144146268613978,0.09374999999997338,0.0,1.903846791430415e-05
0.13167288287367446,0.006764368088303659,0.031336673330058754,0.10983093907380337,0.5298881646570804,0.1136363636363314,0.0,4.759639632898899e-06
0.15682581947776947,0.0043693867252537506,0.025528495577211062,0.036084691633050635,0.5595368934537143,0.1363636363635976,0.0,0.0
0.9992903343375706,0.9969415348208213,0.9423131592980449,0.6343348530596498,0.007765694157670352,0.9971590909088075,0.0,4.759639632898899e-06
0.9497502028269045,0.9980115858393629,0.9432050641404011,0.630782214501466,0.05495535423312298,0.9488636363633667,0.0,1.903846791430415e-05
0.9010090091500542,0.9932733319978336,0.9380302403743824,0.6218167425381218,0.10978580496379203,0.900568181817926,0.0,4.283621299652853e-05
0.8547007442114417,0.9937396316662093,0.9378503682540708,0.6008088525072441,0.1566041931372005,0.8551136363633933,0.0,7.615242180440735e-05
0.820508522110162,0.9928664901794361,0.9430004593606337,0.6112488117594528,0.18815830154944263,0.821022727272494,0.0,0.00011898646004544907
0.7803718973491018,0.9944860713152973,0.9388826769054279,0.6703126015886283,0.22306802344514423,0.7812499999997781,0.0,0.0001713375122213816
0.7502413668513328,0.9963010553873497,0.9427005487151985,0.5827991640867445,0.25596491673211325,0.7528409090906951,0.0,0.00023320458164350513
0.06678252589233603,0.0004963421185360613,0.020407680012205488,0.01253353268800119,0.48146731116403285,0.05681818181816566,0.0,0.00030458775943499215
0.09126813230267895,0.0028341374493418866,0.019409085618650415,0.07154997770803105,0.49838722717628836,0.07670454545452367,0.0,0.0003854818796385299
0.11928117745692136,0.0028836425975269854,0.023968715857852277,0.028785750319761744,0.5257032807686658,0.10227272727269825,0.0,0.0004758892090710748
0.14480353795220086,0.006647020925375186,0.022498208133913164,0.0633250499000887,0.5489222112498928,0.12499999999996447,0.0,0.0005758067575245457
0.16715773159538494,0.004837743852079503,0.0314349063065839,0.056781011000601664,0.5640865914047131,0.14488636363632248,0.0,0.0006852326227131217
0.05785779125473997,0.0032975376541260577,0.02184507222211404,0.11354621424361117,0.46575380260026233,0.04829545454544087,0.0,0.0008041647213255014
0.07866839889438862,0.003676134954439745,0.02744649692528311,0.014699657429355376,0.49213509222453294,0.0681818181817988,0.0,0.0009326007890665209
0.10832739624365513,0.006715966828596157,0.03539709146177176,0.07040775375664235,0.511771597498406,0.09374999999997338,0.0,0.0010705383806982633
0.12410838755599335,0.007522652936871918,0.03069074216556331,0.10446617300775611,0.5255719642479391,0.10795454545451481,0.0,0.0012179748700877665
0.9969350625314195,0.9963638535961992,0.9383088816005748,0.5442583813881815,0.017796002921702855,0.9971590909088075,0.0,0.0013749074502570158
0.9481563711831875,0.9933589311358716,0.9321824983143785,0.6046666009944525,0.06841895036852083,0.9460227272724585,0.0,0.0015413331334358524
0.9073925188389239,0.9927108646310014,0.9301457242068921,0.5828488787321167,0.11131731846256408,0.9062499999997425,0.0,0.0017172487511191994
0.8619992114882971,0.9897760875052612,0.9304328305824994,0.6654221841388693,0.15157225816293377,0.86079545454521,0.0,0.0019026509541273293
0.8255388683065237,0.9909924156238928,0.931879722350538,0.5355789531112617,0.19530816243073043,0.8267045454543106,0.0,0.002097536212669053
0.7911347764362484,0.9876405068799048,0.927119743020549,0.5966855591225695,0.2285886179201641,0.7926136363634112,0.0,0.0023019008164104886
0.7538711785177896,0.9868677531780664,0.9353790472493917,0.579607832187505,0.2639834718998817,0.7556818181816035,0.0,0.00251574087454396
0.06279054617311668,0.0032284452192041283,0.014054172430865233,0.015203421302975926,0.48325695364672094,0.05397727272725738,0.0,0.0027390523158631118
0.08846862798266221,0.004025973803606628,0.02247668306090953,0.04433556099455523,0.5004127188815403,0.07670454545452367,0.0,0.0029718348473526807
0.06521169975763767,0.0011278417541271686,0.017970646029771564,0.035896997526893855,0.4781259502706021,0.05397727272725738,0.0,0.00321407216170605
0.09318766815539836,0.003203549259220479,0.01502073213408449,0.005853046062429881,0.509112621037723,0.07954545454543195,0.0,0.0034657715225365504
0.11629525049543574,0.006806975382413205,0.020622142339925313,0.046769393223832625,0.5258241653331169,0.09943181818178996,0.0,0.0037269241793387183
0.05469363845099362,0.0040209447101994,0.019088809902058954,0.06628388522123066,0.4687971628064541,0.04545454545453258,0.0,0.0039975251601421635
0.084118120115545,0.005738544919044101,0.014770815318123333,0.09107962737940199,0.4952831344140079,0.07102272727270709,0.0,0.004277569313094607
0.9893295285447185,0.997417704997905,0.9512633521526556,0.6001761587261589,0.015076614637498221,0.9886363636360828,0.0,0.0045670513065585675
0.9364994245892142,0.9945900295673044,0.9456921418021383,0.6740400424986852,0.06697703860378058,0.9346590909088254,0.0,0.004865965629214392
0.8870119040582429,0.9951521405821283,0.9543468120172692,0.5853807715865611,0.11872644257826472,0.8863636363633846,0.0,0.005174306590164549
0.06651515414459781,0.003153378824550295,0.016455279094245243,0.04780562813176664,0.48215948331428,0.05681818181816566,0.0,0.005492068319041354
0.09139414686309338,0.005247974327326157,0.014678762382066555,0.07187359205305625,0.505102263303352,0.07954545454543195,0.0,0.005819244766119261
0.1081219980981512,0.0020312207880542,0.01408310106531434,0.08438973499310777,0.5158606381263421,0.09374999999997338,0.0,0.0061558353905498886
0.12326094672919861,0.006894194203667736,0.015863509205893325,0.04977185616734882,0.5333041215948072,0.10511363636360653,0.0,0.006501816719883475
0.06457295032876918,0.004733538334146973,0.019912887967784898,0.036958587862492794,0.48006629846615956,0.05397727272725738,0.0,0.0068571992313837754
0.08853371561523447,0.005388539692582657,0.022690904564162756,0.008492878046582749,0.504535782987083,0.07670454545452367,0.0,0.007221970470960586
0.11142545349236048,0.006480095337467469,0.02235114944732711,0.042739717518896006,0.5223562625190585,0.09659090909088167,0.0,0.007596129807922598
0.13384487441821624,0.006427593939638217,0.030392476207632163,0.13189359365038997,0.5309212048396318,0.11647727272723968,0.0,0.007979657647065114
0.0644264749677727,0.00441529508999361,0.02029432321312587,0.09513295073541922,0.474564997483666,0.05397727272725738,0.0,0.008372546218022197
0.06214103834379842,0.0020964321781818045,0.021518830317415798,0.12018329065304939,0.46718992478828014,0.05113636363634909,0.0,0.008774801137244517
0.08410394890754234,0.0033717671482414464,0.027262298956325655,0.09094716187275645,0.4881331854717685,0.07102272727270709,0.0,0.009186408276167467
0.10799758122082395,0.005937713877691634,0.025887689777734008,0.05560615260420563,0.5164749186332417,0.09374999999997338,0.0,0.009607366892069737
0.13036674886600474,0.008773796543220596,0.023727235868121314,0.14305688733670818,0.5317943874875066,0.1136363636363314,0.0,0.010037647689584433
0.14935447989958675,0.009683178199008907,0.030393579180859862,0.10871522746635502,0.5468444744115325,0.12784090909087276,0.0,0.010477263757707219
0.17330723919123045,0.01290162451202168,0.03495662865507658,0.12299726701320333,0.5688497017478327,0.15056818181813905,0.0,0.010926199633096375
0.18546378661876,0.014002046516821689,0.039305493723111665,0.031208747429623002,0.5872265731677624,0.16193181818177219,0.0,0.011384446768659854
0.19603067914354438,0.013421510123065857,0.04656275637616603,0.13072141840229654,0.5834807352872843,0.17045454545449704,0.0,0.011851996440032552
0.21159436595207448,0.013434705264014272,0.04190664389272133,0.05406280603141332,0.6063146213631933,0.18465909090903848,0.0,0.012328839745742781
0.22758684257196954,0.015257101341710815,0.04501577210085002,0.09613620355540536,0.6169102467937648,0.19886363636357984,0.0,0.012814967607381532
0.2337370521624343,0.014625634026935798,0.042106347857654054,0.06932000627296313,0.6256462576270205,0.2045454545453964,0.0,0.013310370769774784
0.2471879968122873,0.018343227623532566,0.04712120273077743,0.04977791391841639,0.6394951713712299,0.21590909090902957,0.0,0.01381503980116075
0.2537619237520365,0.020895700814035353,0.05612374277394698,0.08441463525622558,0.6403358941396362,0.22159090909084614,0.0,0.014328965093368284
0.26142381321263314,0.018241111448260596,0.06363614051559906,0.10787860178724688,0.6386611168634033,0.2272727272726627,0.0,0.0148521368620006
0.27517892535937943,0.01862213554028966,0.0631157537673112,0.1512132768550429,0.6495413128025642,0.24147727272720415,0.0,0.015384545146621792
0.287400569988059,0.017049133483180233,0.06473871999085073,0.08144080596232593,0.6621998187043011,0.24999999999992897,0.0,0.015926179810945008
0.2901560096795814,0.018533819770477005,0.06866782337850288,0.05365032189873934,0.6669725794332838,0.2528409090908373,0.0,0.01647703054302745
0.9955287641507053,0.9990598256192227,0.9388548381898254,0.5332148083364162,0.019225506694063185,0.9943181818178993,0.0,0.01703708685546465
0.9397533796059288,0.9963282177913267,0.943385135361845,0.5971611389656635,0.06764152403333169,0.9403409090906419,0.0,0.01760633808559221
0.88799284791229,0.9959574566575784,0.9482863888583799,0.5690636925105096,0.11925137417740873,0.8892045454542927,0.0,0.018184773395687026
0.8410461899327919,0.9995890814749038,0.9546751224823299,0.6553649012600037,0.1542274247972479,0.840909090908852,0.0,0.018772381773174886
0.7987254460950052,0.9990225791950724,0.9545660548204795,0.6643455533040836,0.19355167840936238,0.801136363636136,0.0,0.019369152030839297
0.7628903967324204,0.99421562742521,0.9535623255698934,0.6758223257526855,0.23356461981476145,0.7642045454543284,0.0,0.019975072807034415
0.05863474986823385,0.006123009707047726,0.013978628816211106,0.0017355546972229138,0.4810996931985573,0.04829545454544087,0.0,0.020590132565902003
0.0857211994695042,0.00837727471303901,0.012139965868769927,0.004145099927423982,0.5089190657599089,0.07386363636361538,0.0,0.021214319597591322
0.11332329593684051,0.007568802610655883,0.010774705541887652,0.007135134733968406,0.531232320833304,0.09659090909088167,0.0,0.021847622018480665
0.1369090852418062,0.009595362205951537,0.016161042706607703,0.10936362432270945,0.5442535785930793,0.11931818181814796,0.0,0.02249002777140499
0.16013735038782773,0.00765185536628478,0.016056411382851278,0.01126594196412577,0.5711457607945408,0.1392045454545059,0.0,0.02314152462588481
0.17531745184179398,0.010195560570474176,0.016161470668540765,0.05061159734958517,0.5809930508142648,0.15056818181813905,0.0,0.02380210017835902
0.18929352127838295,0.011819363980562093,0.012022709896976937,0.0219352297208228,0.6006869193260951,0.16477272727268047,0.0,0.024471741852421684
0.20359477127312,0.013801965007040583,0.008828802619267198,0.05068507220958113,0.6124129397204163,0.17613636363631363,0.0,0.025150436899059773
0.9917741613429815,0.9988529068489219,0.9507739717749831,0.6731239347691699,0.0049377092605156865,0.991477272726991,0.0,0.02583817239689846
0.9380063232597206,0.9981171729239269,0.9572266960228464,0.6751939926406836,0.05637111313398565,0.9374999999997335,0.0,0.026534935252445362
0.8924763650041847,0.9957675403431137,0.9652616045327069,0.6633875507750171,0.10113754595559775,0.8920454545452011,0.0,0.027240712200339606
0.8546250264695634,0.9933198658413598,0.9623337338240247,0.5666323088026664,0.149562452788461,0.8551136363633933,0.0,0.02795548980360585
0.8098834606542175,0.9903577698106664,0.9655925048745099,0.5996075098948084,0.19291896904780495,0.8096590909088609,0.0,0.028679266591469986
0.9999836114422767,0.9948166426355576,0.9492850921311478,0.573238689471045,0.009011061115214809,0.9999999999997159,0.0,0.02941199237181273
0.9491817421990415,0.9970894101137696,0.9510665514232937,0.6547512348887324,0.05026175464890548,0.9488636363633667,0.0,0.03015368960704379
0.05958462870599876,0.005053394935172932,0.02002409340620339,0.05625133089551284,0.4757555677450732,0.05113636363634909,0.0,0.030904332038755783
0.08078030743478144,0.0034399052584781864,0.02594711022608202,0.047394978856880064,0.4897231961218292,0.0681818181817988,0.0,0.03166391810970003
0.10241360804945493,0.0033277343453986504,0.03321114924487603,0.026509774491545856,0.5081937364162968,0.08806818181815682,0.0,0.03243239515699181
0.06232472556177271,0.0026986024621128094,0.014050955031482473,0.0012963267311579753,0.4840550338916143,0.05397727272725738,0.0,0.03320978675139678
0.08760009640005921,0.005513806866833044,0.02143529494311873,0.06266897008857603,0.4975986548740302,0.07386363636361538,0.0,0.033996065358598275
0.059652080868358916,0.0013290115619540982,0.01489812037941112,0.12903802298223693,0.46861017026793644,0.05113636363634909,0.0,0.03479121600898508
0.07964195435443899,0.006299189107184711,0.010962120863586037,0.011106194491313497,0.5015039337837088,0.0681818181817988,0.0,0.03559522356403542
0.09757596634417705,0.004110306160184282,0.008890502826741895,0.0729932164222783,0.5093830982705116,0.08238636363634023,0.0,0.03640807271660362
0.05693480480315467,0.006326967430720072,0.016700929362421162,0.030207993923757524,0.4776187705620107,0.04829545454544087,0.0,0.0372297479912142
0.07813490773119362,0.004670974469825995,0.015808183521128675,0.009895083362353825,0.49543964898269494,0.06534090909089052,0.0,0.038060233744353994
0.05506518446689304,0.00435449553349869,0.013536811598835683,0.10346011512935492,0.4681599388846059,0.04545454545453258,0.0,0.03889951416477126
0.08640372253847226,0.007444322012575547,0.013581980978644671,0.06509678250662788,0.5022391702546789,0.07386363636361538,0.0,0.03974757327377692
0.11229844336467892,0.009440886275585588,0.016696626397743976,0.09891529101396304,0.5221812518258079,0.09659090909088167,0.0,0.04060439492554773
0.13052950501172764,0.010116639969408857,0.023740191268085874,0.12320429534659402,0.5345885563848845,0.1136363636363314,0.0,0.04146996280743521
0.9886531137940927,0.9955853791973136,0.9431083313967423,0.5579520402761063,0.02367226720028397,0.9886363636360828,0.0,0.04234426044027349
0.9374488808099448,0.9957091562688123,0.9465998073044993,0.6351094279736202,0.06628180163305364,0.9374999999997335,0.0,0.0432272711786965
0.889548369598143,0.996367913219852,0.9490978823565346,0.5539313602277338,0.1199063058420677,0.8892045454542927,0.0,0.04411897821145253
0.8504446128102806,0.9952188673777301,0.9572024115997695,0.6595745248411137,0.14776131407553245,0.8494318181815769,0.0,0.04501936456172519
0.8098307634771793,0.9922267944928418,0.9623942583119913,0.6346630295648099,0.18972675261846977,0.8096590909088609,0.0,0.04592841308745604
0.7760798419598021,0.990966076706065,0.9621308817907238,0.5481938747513867,0.22952503732488652,0.7784090909088698,0.0,0.04684610648167157
0.738929542975986,0.991145602025917,0.9659653425859709,0.6356142715508997,0.25689947765946813,0.7414772727270621,0.0,0.04777242727281234
0.7131973608522082,0.9888321284305018,0.966636472981268,0.6201387867851392,0.28526760262370526,0.7159090909088875,0.0,0.04870735782506656
0.68690032547656,0.9891634156670038,0.9630214018146509,0.6690964063233017,0.30772040413099416,0.690340909090713,0.0,0.04965088033870277
0.6631954911973177,0.9908455810374721,0.9677461575030755,0.6685446229878088,0.32707381164318994,0.6676136363634467,0.0,0.050602976850412915
0.6383599875901396,0.9938703339888012,0.9617087590630684,0.5977717878252357,0.35606080757404496,0.6448863636361805,0.0,0.05156362923365216
0.062241442705130885,0.00010718047500938641,0.01748389794344088,0.028213596530470855,0.4753660737682194,0.05113636363634909,0.0,0.052532819198983616
0.09029333578315847,0.0025125352316352897,0.011338716869903762,0.0841956278534418,0.5004425644014867,0.07670454545452367,0.0,0.05351052829442766
0.11075375681232638,0.0020964034109824652,0.012707818689937277,0.11753191495977998,0.5135958139679151,0.09374999999997338,0.0,0.054496737905812116
0.13667034141587528,0.0023458084558185092,0.017795205122015097,0.12025881987756701,0.5340385603104129,0.11647727272723968,0.0,0.05549142925712806
0.15035437856570424,0.0008667323340742389,0.017976038163540455,0.03684785727347315,0.554233936985857,0.13068181818178104,0.0,0.05649458341088529
0.16974935334505778,0.006526523137810433,0.017372748592306617,0.14297775090506562,0.5666670615759989,0.14772727272723077,0.0,0.05750618126847503
0.06102098647975926,0.004381481809098784,0.008935385012472794,0.08474891347964608,0.47742469920080294,0.05113636363634909,0.0,0.05852620357053239
0.9925664425770863,0.9999380723807433,0.9440056449585149,0.6702871829426532,0.007191338663509102,0.991477272726991,0.0,0.05955463089730292
0.9369287809735803,0.9927200934534913,0.9414899381885918,0.6757832459584053,0.07008403706968216,0.9346590909088254,0.0,0.060591443669012875
0.8881888210744338,0.9916262073464415,0.9437504762110152,0.6578834976330306,0.11966275314465193,0.8863636363633846,0.0,0.06163662214624163
0.8421195151962456,0.9885284101597723,0.9379715807269411,0.5467699366336779,0.17955391324260594,0.840909090908852,0.0,0.06269014643029748
0.8057245529819755,0.9920700259006523,0.9364807345927726,0.6072453393642121,0.2060469612499094,0.8068181818179525,0.0,0.06375199646359712
0.7725976594034524,0.9919015821180772,0.9368264271338532,0.6184643865999179,0.2361788330896623,0.7755681818179615,0.0,0.06482215203004563
0.7428586685058605,0.9950238249096033,0.9314647882998237,0.5758800677576791,0.270826184818703,0.7443181818179704,0.0,0.0659005927554241
0.7161585630477671,0.9953864708399527,0.9372340685535583,0.550076545608234,0.29582049270053246,0.7187499999997958,0.0,0.06698729810777597
0.9874701229697134,0.9996568782842206,0.9513251612629047,0.6733346439388321,0.009708598527573973,0.9857954545451744,0.0,0.06808224739779722
0.9420911698165764,0.9958430384386342,0.9594051816851528,0.5556317500781986,0.06487695496941061,0.9403409090906419,0.0,0.06918541977923226
0.8979692453935813,0.9966371185901254,0.9611568342058812,0.5491429115015632,0.10651876459139754,0.8977272727270177,0.0,0.07029679424926835
0.05854819202177944,0.00035254144252939637,0.010575156066711928,0.1255480018904664,0.467142312346349,0.04829545454544087,0.0,0.07141634964893888
0.0871110296698872,0.0035120372546526726,0.022963572780480727,0.02638885187710367,0.4985396067071872,0.07386363636361538,0.0,0.07254406466352165
0.10782023344312335,0.005838724310371697,0.020369515045759214,0.008614016863278076,0.5228420881002542,0.09374999999997338,0.0,0.07367991782294878
0.12461185249052302,0.003269574961155051,0.01790571736216599,0.10130024464306779,0.5278924753913139,0.10795454545451481,0.0,0.07482388750221322
0.1476751413062433,0.0012415788758063475,0.020992825885825246,0.07360134574562417,0.5472098053017624,0.12784090909087276,0.0,0.07597595192178175
0.16992453855416856,0.0013199501602243575,0.022276028465059567,0.03912307426055529,0.5695515937271202,0.14772727272723077,0.0,0.07713608914800797
0.1843827121395803,0.005235534579751978,0.019694260719383818,0.09571142563628328,0.5801144982845429,0.1590909090908639,0.0,0.07830427709355142
0.1939321044043086,0.002710941453231676,0.02038396537131184,0.05458571912276148,0.5899090791177345,0.16761363636358875,0.0,0.0794804935177978
0.2111226474376363,0.0034081911875956977,0.024739600876192865,0.10158649221380082,0.5986551644451136,0.1818181818181302,0.0,0.0806647160272825
0.06093047220699217,0.006143661572336849,0.019476069727964476,0.10066322693203725,0.4729667026856415,0.05113636363634909,0.0,0.08185692207611439
0.08603866284281328,0.007656985732361569,0.01985408886806991,0.12060065066733201,0.49489847459248093,0.07386363636361538,0.0,0.08305708896641005
0.1069066665623449,0.004659251033821856,0.017629821352093625,0.05294443972484648,0.5163610176383555,0.0909090909090651,0.0,0.0842651938487214
0.12518182007161882,0.005464891072597116,0.026443354853610997,0.02636939494316226,0.5325704845223854,0.10795454545451481,0.0,0.08548121372247305
0.14885225672106692,0.003764300939541743,0.02877108225374335,0.007803306395125592,0.551669767178187,0.12784090909087276,0.0,0.08670512543639958
0.16863741251585598,0.005851766025008224,0.028305984328555304,0.13982839627848817,0.5589507781019347,0.14488636363632248,0.0,0.08793690568898573
0.18087166145209543,0.0036283524929334875,0.03175417710919316,0.08184703912374229,0.5721200673666601,0.15624999999995562,0.0,0.08917655175457992
0.1997015655273947,0.004069063889076293,0.039806811059776154,0.14216473590821704,0.5807631205941327,0.17329545454540535,0.0,0.09042397785549777
0.21679829394923408,0.005408490310170981,0.03884139160668166,0.054548794882444615,0.6040433642444976,0.18749999999994676,0.0,0.09167922241915406
0.22406103992055879,0.008323180857769211,0.041904468602742745,0.0401330030420971,0.6148046336190088,0.19602272727267156,0.0,0.09294226193679055
0.2325416556271643,0.01019608970240944,0.04354701937068781,0.07078580369748833,0.618570939834792,0.20170454545448813,0.0,0.09421300901748733
0.24957471688814373,0.009904033957579057,0.05133232960186652,0.048723822510900044,0.6311220367300772,0.21590909090902957,0.0,0.09549150281251952
0.2621013354037607,0.009086309505854562,0.04536874349686972,0.09727701981533847,0.6400708869912792,0.2272727272726627,0.0,0.09677769786625166
0.9986969289242786,0.9927236259907763,0.9454633989553644,0.6422340410109205,0.009081523990519442,0.9971590909088075,0.0,0.09807159131975214
0.9534161649720179,0.9903541234697101,0.9508244776113794,0.5957995755111767,0.058023966287794916,0.9517045454542751,0.0,0.09937309365446292
0.9116667827284517,0.9874556866112519,0.9554947649754585,0.5676374433894369,0.10324995098912262,0.9090909090906508,0.0,0.1006822449763465
0.8694505511747513,0.9852579568681294,0.9525590813231865,0.612773682467149,0.14190027044496287,0.8693181818179349,0.0,0.10199899873268181
0.8280235820866443,0.9861816489958275,0.9575274847076682,0.6118826358849588,0.18158830131650208,0.8267045454543106,0.0,0.10332332985437502
0.7969099904878472,0.989002874888393,0.9640270240482914,0.588874651603372,0.20691174279694818,0.7982954545452278,0.0,0.1046552131280708
0.7665314415234269,0.9860647020940627,0.9695887323731529,0.6558668313943469,0.23215128521279693,0.7670454545452366,0.0,0.10599462319663128
0.990823484720724,0.9998499035787576,0.9471742923697503,0.5675372302697702,0.014906300043131551,0.991477272726991,0.0,0.10734153455961978
0.9425013083557294,0.9936768362646382,0.9493710250268259,0.6353766780028994,0.06386516881214763,0.9403409090906419,0.0,0.10869592157378563
0.8983003749136946,0.9928349155025266,0.9472134627608235,0.5915803142563139,0.11172002762200864,0.8977272727270177,0.0,0.11005775845355144
0.8573314368046031,0.9906497142555792,0.9521285597753693,0.5490328884676612,0.15470606884448787,0.8579545454543017,0.0,0.11142701927150678
0.059753440164261894,0.0006598526461272817,0.020756777823612717,0.03928629100259991,0.47345000073014504,0.05113636363634909,0.0,0.11280367795889903
0.9996968201222234,0.9961692211745564,0.9469767116596481,0.5731342726089622,0.00892618530504039,0.9999999999997159,0.0,0.11418770830613181
0.9538830348872008,0.9996670173322043,0.9482815693797078,0.5331172637713775,0.05437803947615415,0.9545454545451835,0.0,0.11557908396326205
0.9131890904081983,0.9943840418467661,0.9473142173520044,0.5648549460896619,0.09863982582161218,0.9119318181815591,0.0,0.1169777784405025
0.8712517516561694,0.9962681944938665,0.9556094201666175,0.6287396330031381,0.12766431554481716,0.8721590909088431,0.0,0.11838376510872684
0.06684157453524743,0.0013494344272703006,0.021676743882567382,0.03312236002341167,0.479805033412006,0.05681818181816566,0.0,0.11979701719997626
0.08649258848221797,0.0015852727943374708,0.02416353146082421,0.10550710281427401,0.4895863643973459,0.07386363636361538,0.0,0.12121750780796677
0.10914433359870918,0.00632285298373459,0.0324730523934784,0.0838875554942484,0.5115190445723604,0.09374999999997338,0.0,0.12264520988860536
0.06602127954510627,0.0009984295980581192,0.012578549002294341,0.10924327086506112,0.47672069356196595,0.05681818181816566,0.0,0.12408009626050226
0.9970841022648237,0.9953137459600122,0.9413439134246142,0.6576314063369871,0.007427491224896919,0.9971590909088075,0.0,0.12552213960548989
0.9441621801637002,0.9972747486605352,0.9426674263205829,0.6052116186842306,0.06366204972063261,0.9431818181815503,0.0,0.12697131246914095
0.8951881559529163,0.9944196014138214,0.9496009834522549,0.6729749431393891,0.10516555628641112,0.8948863636361095,0.0,0.12842761159157
0.8481671358210189,0.9934358971478644,0.9559825676013294,0.6325529765897703,0.15205280989887957,0.8494318181815769,0.0,0.12989093625657497
0.8041361845758417,0.9903973301174281,0.9532738177064218,0.6512936015867754,0.1992407123780564,0.8039772727270443,0.0,0.13136133159492885
0.7692113408004237,0.9926085820970768,0.9609522084231008,0.5524794453169575,0.23683736694668484,0.7698863636361449,0.0,0.13283874528214798
0.05954139433541348,0.0036562527349446802,0.02316999498204647,0.1428673359553343,0.46574231610976896,0.05113636363634909,0.0,0.13432314919040528
0.08823994441197792,0.0013537980611490435,0.03021135952233141,0.057248523233601474,0.4910637936363612,0.07386363636361538,0.0,0.13581451505878997
0.11581537926323276,0.0065877968726542595,0.038919277557841435,0.09012303685968982,0.5141142583979291,0.09943181818178996,0.0,0.13731281449384622
0.13726981716602277,0.009549695441569285,0.03631962963030632,0.07459862752106336,0.5387253012025894,0.11931818181814796,0.0,0.13881801897011212
0.1613685523718271,0.011165726340346592,0.036630682555693676,0.11583518077076818,0.556074324916825,0.1392045454545059,0.0,0.1403300998306641
0.17456121656107892,0.011743596562537465,0.03618230856872308,0.14383849552664565,0.5655911385533107,0.15056818181813905,0.0,0.14184902828766294
0.19095709690033263,0.014451359804177038,0.033588263332095775,0.041180794309660596,0.5919598298564608,0.16477272727268047,0.0,0.14337480090867977
0.20318113993573547,0.011606532901468342,0.03636506867732393,0.11373973103998974,0.5935043653764688,0.17613636363631363,0.0,0.14490731218834713
0.21793236726441675,0.01018449453478243,0.04213517374318689,0.06420368024273242,0.6084164695943978,0.19034090909085505,0.0,0.14644660940671583
0.23620130653058855,0.009973759771116503,0.03943817406502467,0.00934192994520154,0.628337468571133,0.2045454545453964,0.0,0.14799263777200516
0.9873445291321079,0.9998897830835913,0.9464222970394748,0.6743029804718055,0.011514730795699464,0.9857954545451744,0.0,0.14954536785006373
0.06320951852266707,0.002424446447041363,0.012077260952551,0.12378617984875745,0.4739605790835466,0.05397727272725738,0.0,0.15110477007914888
0.09022967939639222,0.006611139743618302,0.02087387814524075,0.13321945028919868,0.4953646522350218,0.07670454545452367,0.0,0.15267084092642438
0.10938727199032791,0.004391571124921201,0.017872224072549656,0.01584395237884073,0.522120830203216,0.09374999999997338,0.0,0.1542434721088544
0.9959960968256462,0.9973822392395977,0.9386584134944667,0.644800974145621,0.010877952893545557,0.9943181818178993,0.0,0.15582271215311208
0.9510701151363057,0.999865397955944,0.9477911679125057,0.5884018986748091,0.05242304962386655,0.9517045454542751,0.0,0.15740850483680918
0.06158376044767772,0.004171864391662985,0.015525478708829558,0.06811201050697768,0.47592432821827524,0.05113636363634909,0.0,0.15900081996873938
0.08359024473021232,0.003722170594020565,0.02068242032422028,0.0806799111481316,0.49209371354759274,0.07102272727270709,0.0,0.1605996272335175
0.11102904888777669,0.004839248801879039,0.029171130671012596,0.02314868362900977,0.5198835821583117,0.09659090909088167,0.0,0.16220489619215817
0.1365180470377573,0.006109245654014331,0.03684609065226472,0.05128364571919405,0.5349874808708562,0.11647727272723968,0.0,0.1638166231977457
0.15547104165315476,0.0065617875905664,0.04294880938845877,0.08607845890729826,0.5466974419219808,0.13352272727268932,0.0,0.16543472384206823
0.16701373644341982,0.007826901352231295,0.05090151123776798,0.13989699911795608,0.5509447569275918,0.14488636363632248,0.0,0.16705916699957105
0.06349072023650856,0.0064508371056587015,0.02268789520158095,0.01287042978780256,0.4823583237073636,0.05397727272725738,0.0,0.16868997589211926
0.08558571560822743,0.007402252478093953,0.031585838403708655,0.012887138582615015,0.4991514636649984,0.07386363636361538,0.0,0.17032709244995356
0.10349323755119266,0.009927286300666973,0.03344572144908883,0.03648142367700304,0.5124484236601256,0.08806818181815682,0.0,0.17197048550473404
0.1298470956411433,0.00989371500199096,0.028700189775285906,0.05816713606254206,0.5351709970606892,0.1107954545454231,0.0,0.1736201237686263
0.15533867078870922,0.011030196822105544,0.02927984623006717,0.11381791148461973,0.5535955725317498,0.13352272727268932,0.0,0.17527597583489554
0.06095552274789646,0.005119152216055813,0.01880735273485657,0.1031590743052491,0.472220177699588,0.05113636363634909,0.0,0.17693801017850577
0.09181339689962012,0.0033829058962777537,0.021827306597723407,0.09744394929787713,0.49836320930875005,0.07954545454543195,0.0,0.1786061951567179
0.10883439822062967,0.006792028662382798,0.016299422749305455,0.09404420343941744,0.5178481702401476,0.09374999999997338,0.0,0.18028049900969487
0.13111556635439778,0.010017410654995963,0.011947534632285072,0.09204367184857662,0.5422267622090859,0.1136363636363314,0.0,0.181960889861105
0.15367859672753403,0.01069701081521301,0.02026296259990998,0.11293977750069252,0.557225140627373,0.13352272727268932,0.0,0.18364733571872888
0.16967792451325894,0.010297881654384663,0.02472589978809645,0.01106951436240379,0.5780776278545748,0.14772727272723077,0.0,0.1853398044750679
0.18393085602684778,0.008269006120918226,0.0276168191902774,0.08325604490193916,0.5802525708223955,0.1590909090908639,0.0,0.18703826390795678
0.05630733543965534,0.001631273413716771,0.008764159905648938,0.05113707591156977,0.47542932914752667,0.04829545454544087,0.0,0.1887426816811764
0.08370874310893646,0.007011840490860954,0.013044586822087185,0.018401968599860475,0.5033783774639984,0.07102272727270709,0.0,0.19045302534506964
0.10864300376853217,0.00333039979454917,0.01583198915456953,0.07659627436408895,0.5168307821363342,0.09374999999997338,0.0,0.19216926233715736
0.1292255587330525,0.00710798577703031,0.013380491375267319,0.07819916944507428,0.5376974828458929,0.1107954545454231,0.0,0.1938913599827616
0.14264034988017424,0.008190432549652635,0.009323374147333183,0.05368892508577867,0.5537341025503715,0.12215909090905619,0.0,0.19561928549562574
0.15846224523385918,0.005298621642060985,0.014129221197073999,0.08225349829300825,0.5610599058304999,0.1363636363635976,0.0,0.19735300597853858
0.0561905875017048,0.007025160853870768,0.013674211129134235,0.12446072989529738,0.4712095950918549,0.04829545454544087,0.0,0.19909248842396146
0.08400347971003819,0.00756128178052065,0.015309241565132336,0.1300459081002807,0.49309069973029784,0.07102272727270709,0.0,0.2008376997146558
0.10637427734054604,0.004310817336165698,0.020474129034060578,0.06008411045552023,0.514256752700026,0.0909090909090651,0.0,0.20258860662431527
0.12247018820880311,0.007397945070274594,0.029261315701493748,0.1418082927679093,0.5199827295706518,0.10511363636360653,0.0,0.2043452051413481
0.14007689845126664,0.003694014580535552,0.027754897989468733,0.032253822158105405,0.5414169186595614,0.11931818181814796,0.0,0.20610737385374886
0.15426547333788523,0.007270753590561824,0.03516265203422938,0.026984668660402965,0.5557227881980714,0.13352272727268932,0.0,0.20787519669093169
0.17374418107624234,0.005400606506137359,0.043041627324842326,0.012233007874461556,0.5691748616119024,0.15056818181813905,0.0,0.20964852214451518
0.05518994270641221,0.004509774324180815,0.01116556962826817,0.0810540465838867,0.4712461860602887,0.04545454545453258,0.0,0.2114274049813679
0.08511492509370869,0.006450794130631526,0.017090317396746692,0.07716989309814294,0.49891152854938753,0.07386363636361538,0.0,0.21321178182446168
0.10987989049333136,0.006520017813175456,0.018930405179391704,0.11558292113051205,0.5146354005470979,0.09374999999997338,0.0,0.21500161870183263
0.989006761756567,0.9993753036670817,0.9434786367357166,0.6403497952440782,0.01330796860011865,0.9886363636360828,0.0,0.21679688153756857
0.9969614974817141,0.9973525979695552,0.9388201275061612,0.6217169510033935,0.010022231119178491,0.9971590909088075,0.0,0.21859753615245037
0.9436388252143134,0.9975176561523218,0.9447902731635744,0.6318175703239032,0.0602442348549303,0.9431818181815503,0.0,0.22040354826461098
0.9032700229884465,0.9979496426385216,0.9392686105563287,0.6094184931031458,0.10381323331801551,0.9034090909088341,0.0,0.22221488349018298
0.8661587688780145,0.9978209516242651,0.9420685728569732,0.6244022233957227,0.13820481766673834,0.8664772727270265,0.0,0.22403150734395486
0.9900095526990841,0.9977923186775969,0.937051915769622,0.670653619158984,0.014631448833168527,0.9886363636360828,0.0,0.2258534156482504
0.9410542841944518,0.9948297021601451,0.9451997541252882,0.6625504451158066,0.0623412486453438,0.9403409090906419,0.0,0.2276804824924699
0.8988070910215493,0.9962329308638854,0.9428739949293167,0.6308819583889207,0.10742871779682726,0.8977272727270177,0.0,0.22951276431598708
0.8585016414500828,0.9948395333047543,0.9413363284248663,0.5799431331107907,0.15325292793616035,0.8579545454543017,0.0,0.23135022649315037
0.8253636667313125,0.993941251898498,0.9374296340772273,0.6610353550876596,0.17965167433639465,0.8267045454543106,0.0,0.2331927420421776
0.7863370438969995,0.9953594714889963,0.9327396371067929,0.5935221811849428,0.22603327544199905,0.7869318181815946,0.0,0.2350403678833808
0.7486071252433758,0.9953535027798237,0.9332972987016065,0.6103185988431817,0.26111825082028506,0.749999999999787,0.0,0.23689303817404825
0.7131493612040566,0.9940693321718027,0.9401686212216936,0.6370137052421451,0.29084764470313956,0.7159090909088875,0.0,0.23875071764200834
0.6815371732583714,0.9945647574130969,0.9454208316827584,0.6560250490331859,0.31486586878048817,0.6874999999998046,0.0,0.2406133709197218
0.6580522700698644,0.9949632268102279,0.9452851680320397,0.6748646557743473,0.33559716369928444,0.6647727272725383,0.0,0.2424809937124387
0.6324401697163262,0.9927115219993532,0.9403410884968683,0.5928086624648828,0.3721161731993813,0.6392045454543639,0.0,0.24435348821035563
0.6124849487009665,0.9902639880120656,0.9445307889626272,0.5802052236959045,0.39319068062625356,0.6193181818180059,0.0,0.24623081851963038
0.05633843629509802,0.006796386984277873,0.007932273377186516,0.0031398852378239452,0.48406937460423793,0.04829545454544087,0.0,0.24811301147721923
0.9963333349297238,0.9978874156258283,0.9382128918864026,0.5882812471989265,0.015609615226997239,0.9943181818178993,0.0,0.24999999999998215
0.05784417849269161,0.002504941045390288,0.012271079996951536,0.12087875720914258,0.46853728754911933,0.04829545454544087,0.0,0.25189177973097826
0.07707513038281039,0.005104595875162606,0.014951495400481497,0.11648520903627682,0.4868234372173766,0.06534090909089052,0.0,0.2537882199482482
0.10434396580507896,0.007310170183898294,0.022638786220763436,0.0026592626582520175,0.5207379355421264,0.0909090909090651,0.0,0.25568937925150387
0.9991954710006076,0.9929525387057316,0.9511658882404901,0.5748340577255627,0.01238123181883464,0.9971590909088075,0.0,0.25759518987681346
0.9485679354882111,0.9922753837570768,0.9570923291626213,0.5522234918965379,0.06331990126225506,0.9460227272724585,0.0,0.25950561554028795
0.9051312951161834,0.9886136703487358,0.9599474037146563,0.5494668834238493,0.10769671810611402,0.9034090909088341,0.0,0.26142061987017723
0.8645528227216874,0.9905169765607834,0.9546078355624779,0.5992124730204633,0.1437138677982425,0.8636363636361183,0.0,0.2633401664075594
0.8305806489428627,0.9871718889939448,0.9593576663746596,0.5421288705818821,0.1833003944726504,0.8295454545452189,0.0,0.2652642186070356
0.7883360147722193,0.9847337439624054,0.9634303041990971,0.5679995669175554,0.22085958840071945,0.7897727272725029,0.0,0.2671927398374251
0.06568988342095769,0.0006538436713863362,0.021761852692589165,0.06454151881030072,0.47647031197152684,0.05681818181816566,0.0,0.2691256933824636
0.09341594956580264,0.006980189663229594,0.019078244578794964,0.02226907718384612,0.5089501228163456,0.07954545454543195,0.0,0.27106304244150176
0.1160374517961266,0.00605467260095281,0.02503248269581877,0.01940181850057551,0.5257551709516364,0.09943181818178996,0.0,0.27300475013020736
0.13330221812220644,0.009179549653587023,0.030122266290424922,0.08748661081712061,0.5342689350066192,0.1136363636363314,0.0,0.2749507794812633
0.14679547431182968,0.01204668738057946,0.031947634462981975,0.07463832130501774,0.5510386207162215,0.12784090909087276,0.0,0.27690109344507596
0.16664678268906855,0.013897856164605796,0.03660510890297701,0.12333069892080001,0.5632524075188112,0.14488636363632248,0.0,0.2788556548904794
0.06530647368489456,0.006911473159018684,0.014439621309451584,0.13800634758227323,0.47809982201811413,0.05681818181816566,0.0,0.2808144266054412
0.9900231792003588,0.9936877026346449,0.9380040227408494,0.6118460217660833,0.022622046109027495,0.9886363636360828,0.0,0.2827773712977711
0.9391419125448875,0.9948845940279027,0.938524711005815,0.6167824621913649,0.07195558521568471,0.9374999999997335,0.0,0.28474445159583184
0.8965045617740676,0.993862193301836,0.9418865347405285,0.6194570652753095,0.11355287341562335,0.8948863636361095,0.0,0.2867156300492506
0.06575535173705535,0.0027766771610311224,0.009102748360891207,0.041905811323183564,0.48548930313366406,0.05681818181816566,0.0,0.28869086912962993
0.09220637856133221,0.002471912901349753,0.00851080118087893,0.12147945703066694,0.5011762318185149,0.07954545454543195,0.0,0.29067016425228387
0.10830745560790261,0.002839357578392032,0.01143406372645933,0.08380862846465315,0.5176726801349812,0.09374999999997338,0.0,0.29265337867185975
0.1263887688207618,0.005292140468596241,0.018373889749650436,0.09770108445588081,0.5296107244770851,0.10795454545451481,0.0,0.2946405736932403
0.14939455659676906,0.007554996595136189,0.018637474106081204,0.09712008638616393,0.551149347782757,0.12784090909087276,0.0,0.29663167846207855
0.16664859100802062,0.010044666911987788,0.019154098700496603,0.09364875759958229,0.5701836230542981,0.14488636363632248,0.0,0.2986266550706098
0.1815000616617525,0.00826231179857876,0.019311032854466233,0.13286769025359696,0.5765943004177833,0.15624999999995562,0.0,0.3006254988826011
0.9919025308849775,0.9941829675351104,0.9369327119900894,0.6052663267067447,0.02042912445725585,0.991477272726991,0.0,0.3026280718078453
0.9414637888560708,0.9921138511979125,0.9359132356746718,0.6293185160395376,0.07132904167285933,0.9403409090906419,0.0,0.30463443575534155
0.8992222278369153,0.9932754661063767,0.9389823036438116,0.6406673416379519,0.11056212479217312,0.8977272727270177,0.0,0.3066445191815679
0.8609594702888445,0.9919842235110571,0.9394662894923662,0.5531004255138837,0.15582352493528562,0.86079545454521,0.0,0.30865828381743315
0.8179888019462636,0.9902372493343007,0.9413102481334119,0.577880755624529,0.19670373232852797,0.8181818181815856,0.0,0.3106756913237612
0.7876117896098696,0.9931133507420192,0.9443631000479548,0.6532054394896141,0.2148425926732754,0.7897727272725029,0.0,0.3126967032920214
0.7572525426654169,0.9944625753783282,0.9383698509651368,0.6564313871777189,0.2471548201643449,0.7585227272725117,0.0,0.31472128124505905
0.7255106886043194,0.9942360476925624,0.9404338386385673,0.5901713654467559,0.28055193765956243,0.730113636363429,0.0,0.31674938663782914
0.693122709356069,0.9922100637980924,0.9424104260699475,0.6519538085076158,0.3098718930197819,0.6960227272725296,0.0,0.3187809808581266
0.05518877021506825,0.006616701416243468,0.022936181678659285,0.0410026121214508,0.4714352688083512,0.04545454545453258,0.0,0.3208160252273271
0.08443460080966406,0.005424021624649941,0.022590343927350025,0.03804143737817774,0.49636290115792053,0.07102272727270709,0.0,0.32285448100111913
0.105248388929633,0.007710382200691101,0.03135013693965792,0.02133597376935565,0.5157341330702441,0.0909090909090651,0.0,0.32489630937024305
0.9938927114507189,0.9930848578502747,0.9457017996057007,0.644859341963469,0.014124230701868485,0.991477272726991,0.0,0.32694147146123015
0.938688697101366,0.9964370442263961,0.9513956671815589,0.6742066453498584,0.06025605517121188,0.9374999999997335,0.0,0.32898992833714197
0.8880315287515368,0.9942528012051962,0.9569754371116059,0.6311393290059083,0.11432401549052323,0.8863636363633846,0.0,0.33104164099831235
0.8467269060261609,0.9932625094526439,0.957413148994771,0.6347543173831717,0.15422169610913747,0.8465909090906686,0.0,0.33309657038309104
0.8086119027981206,0.9954639294064038,0.9632910983137876,0.6595596560108878,0.18460628841080035,0.8096590909088609,0.0,0.3351546773685826
0.7703034910519733,0.9981150962111058,0.9577440383383982,0.6272711447248257,0.22446398059468997,0.7727272727270532,0.0,0.33721592277139756
0.7417521629701402,0.9927383228916729,0.9645913708201649,0.6068154424140497,0.2559088568898594,0.7443181818179704,0.0,0.33928026734839495
0.7084358661158641,0.9917122442927652,0.970048767495545,0.6395432355698274,0.2826751037013356,0.7130681818179792,0.0,0.3413477062794514
0.9936130576332032,0.9982758378896751,0.9424757176286878,0.6188680533301107,0.013652249798588981,0.991477272726991,0.0,0.3434180967581004
0.9383772513281662,0.9929467259726811,0.9400022054104171,0.6240157280203519,0.07223215713456933,0.9374999999997335,0.0,0.3454915028125013
0.8991067148635243,0.9904334011951378,0.9398979618785682,0.5769445114547272,0.11799823418709782,0.8977272727270177,0.0,0.34756785048597016
0.8573881637557395,0.9881904074801545,0.9476425955066391,0.5899111546213788,0.1549771985066807,0.8579545454543017,0.0,0.3496471002478388
0.8222887301192805,0.9911981552171545,0.952863903863524,0.5598149468969574,0.1869731770004115,0.8238636363634024,0.0,0.3517292125121894
0.7911276895913875,0.9915388732373273,0.9618640226495297,0.5678342612875885,0.21331850148072626,0.7926136363634112,0.0,0.3538141476386064
0.9879484488809399,0.9947449295005888,0.9480713245000414,0.5424418622148045,0.026423232462798027,0.9857954545451744,0.0,0.35590190075120764
0.9436053052192143,0.9958816033897726,0.9431944450212093,0.6570721991492708,0.060006541786101285,0.9431818181815503,0.0,0.3579923276480128
0.8944458033864937,0.996854176568053,0.9443574062317618,0.537520366016254,0.11730376763248217,0.8948863636361095,0.0,0.36008549298447806
0.8482757503377685,0.996248826834904,0.9462802937060407,0.6478747054096428,0.15259200198842332,0.8494318181815769,0.0,0.36218132209147413
0.06089018546530874,0.0025930728224290594,0.015321452446490557,0.055300754547932464,0.4758809194529847,0.05113636363634909,0.0,0.3642797750674372
0.0615985283450214,0.005561476964353473,0.021850102639675146,0.0079683018944412,0.47960776475545963,0.05113636363634909,0.0,0.3663808119608457
0.0898265841841728,0.0037545439679890656,0.02104215700700419,0.03320989462642538,0.5017780086735872,0.07670454545452367,0.0,0.3684843927709863
0.11094662964025721,0.006413979708365811,0.020730352658900157,0.010340730947397481,0.5258235118016881,0.09659090909088167,0.0,0.3705904774487131
0.13207786065203506,0.0048127058039516965,0.026811923745891482,0.11217190322606566,0.530053146276828,0.1136363636363314,0.0,0.3726990258972095
0.15649321338413663,0.004863268568442724,0.024139395662503525,0.10411895857097325,0.5545657913584104,0.1363636363635976,0.0,0.3748099979727523
0.173578834099459,0.0012486693237538028,0.020510138661589596,0.05630268548778333,0.5715697382379843,0.15056818181813905,0.0,0.37692335348547623
0.19489941832344676,0.007183787422895497,0.020222595653523075,0.027834618487362253,0.5958589671613683,0.16761363636358875,0.0,0.37903905220013945
0.2132814885985923,0.006600579424535378,0.0244809813744544,0.04447770817075782,0.6091169135410852,0.18465909090903848,0.0,0.38115708915588054
0.2227316276387954,0.007698918528050556,0.021028988109496712,0.1400339011612093,0.6115795275616838,0.19318181818176328,0.0,0.3832773180720202
0.05439160632953268,0.006990288907924072,0.00917120731416133,0.026194136203295,0.47885258867920505,0.04545454545453258,0.0,0.3853998045387655
0.0822498556399793,0.00796629326739781,0.019973449368213977,0.10846618712089436,0.4933245120942514,0.07102272727270709,0.0,0.38752447282803965
0.058922919946375184,0.004651415734212565,0.017411901619017456,0.03722849440941836,0.47820662686566634,0.05113636363634909,0.0,0.38965128248922154
0.0842725960388087,0.004047784944890013,0.024221317587580796,0.030408684459799783,0.4952502809223721,0.07102272727270709,0.0,0.3917801930309204
0.11145903237090332,0.0019901846218842046,0.029671780831300506,0.051879659322555255,0.5149027757487276,0.09659090909088167,0.0,0.39391116392174835
0.9933799710692047,0.9931928276320092,0.948012429595015,0.5834296791435399,0.018433242469209254,0.991477272726991,0.0,0.3960441545910924
0.94726009917517,0.9897016002732966,0.9541035472127847,0.6506419235385155,0.058015593136655635,0.9460227272724585,0.0,0.39817912442988296
0.8956199420470905,0.9931334084545893,0.9592578208013931,0.6177334302069933,0.10692791884019306,0.8948863636361095,0.0,0.40031603279137284
0.8532734544036752,0.9909193709862362,0.9544202305935297,0.6521578393904299,0.15016265639514959,0.8522727272724852,0.0,0.40245483899190704
0.8168410829976585,0.9873690886893771,0.9568129668748101,0.5754606778944671,0.19262474118514983,0.8181818181815856,0.0,0.4045955023116985
0.05555248969789862,0.006005934834593011,0.014034077690906274,0.04172442464338969,0.47748615020457813,0.04829545454544087,0.0,0.40673801771850837
0.07492842679033766,0.009590923579265095,0.016878742866914015,0.11759256023033192,0.4894634877880878,0.06534090909089052,0.0,0.4088822372538967
0.09975069743067246,0.008810730374870457,0.023998337220563947,0.09076788090759164,0.5079856285996655,0.08522727272724852,0.0,0.4110282272630503
0.12035926722682246,0.006014094855221324,0.032288522137404026,0.053596179222162726,0.5224907974585552,0.10227272727269825,0.0,0.4131759111665057
0.13798191321568212,0.0042016912014821335,0.027064072514475023,0.012918183727923034,0.5438024124720626,0.11931818181814796,0.0,0.4153252480754581
0.15403753162163888,0.004812967209329564,0.02620595483307206,0.03619998629607804,0.5567616864220983,0.13352272727268932,0.0,0.41747619706963146
0.16746074182843526,0.005462298423973466,0.028892831486729546,0.08624804565260963,0.5630800203080428,0.14488636363632248,0.0,0.4196287171980568
0.18439159439958136,0.005931682664965037,0.027596613148043698,0.06527441255573675,0.5799828793255601,0.1590909090908639,0.0,0.42178276747985427
0.19774311021649915,0.0062008586488706136,0.03610013602666784,0.04806188586445546,0.589420643369314,0.17045454545449704,0.0,0.423938306905011
0.20887054115705664,0.0077653987667225385,0.03270774108950945,0.10579079455877871,0.5983651594422366,0.1818181818181302,0.0,0.42609529443516386
0.21843808647781796,0.004805122072081617,0.03344780170032368,0.0879325238227882,0.6057584819577838,0.19034090909085505,0.0,0.42825368900438004
0.2366264091086704,0.0028729989485503167,0.03193157257480027,0.04287580384035082,0.6229590189652686,0.2045454545453964,0.0,0.4304134495199369
0.24725543136375824,0.006113289238365857,0.037935454923839165,0.061176270789136504,0.6327016839089034,0.21590909090902957,0.0,0.4325745348631077
0.26352919636573147,0.0026559968817762556,0.03563625154089868,0.06343357823635606,0.6448878664642713,0.230113636363571,0.0,0.43473690388994324
0.2764905246959152,0.00238168357710205,0.04080296603568029,0.05507054769101713,0.6545336713778143,0.24147727272720415,0.0,0.4369005154320537
0.9881212664719443,0.9985961650262006,0.9474266905337545,0.62587004748674,0.01352022328333933,0.9886363636360828,0.0,0.4390653282973946
0.9336516538007074,0.9995947435219357,0.9423234698417867,0.6342838742525502,0.06791676804357423,0.9346590909088254,0.0,0.44123130127104937
0.9903319655504662,0.9989460511783045,0.949761862949964,0.5414994491196558,0.01963365502344806,0.9886363636360828,0.0,0.4433983931160154
0.9353378601825861,0.9934292864363211,0.9467502269727867,0.5624828416408586,0.0772049686657857,0.9346590909088254,0.0,0.44556656257398625
0.8864779048628981,0.9924864962730786,0.952230690323849,0.6315115608479223,0.11769849750817006,0.8863636363633846,0.0,0.44773576836614154
0.06513596099312233,0.006732026717924898,0.0173905161345322,0.06937978086189099,0.4798810179268707,0.05397727272725738,0.0,0.4499059691939299
0.06267512624806226,0.00027518143569042514,0.0105580922910784,0.10379431829041427,0.47465009147302756,0.05397727272725738,0.0,0.4520771237398556
0.9990874600452584,0.993360275698405,0.9497051189543303,0.5894947960899294,0.011394452124829722,0.9971590909088075,0.0,0.45424919066826625
0.9519585817734243,0.9923491360450974,0.9440697751684809,0.6155452937478348,0.05757630840223024,0.9517045454542751,0.0,0.45642212862613807
0.9030440976257548,0.989181964066038,0.9412506641104097,0.5451651229746403,0.11836640161666406,0.900568181817926,0.0,0.4585958962438646
0.8562016892852067,0.992554215044801,0.9382537080468587,0.6709758151370906,0.15123549108378667,0.8551136363633933,0.0,0.46077045213604484
0.816051381857412,0.9924341369409813,0.9347172173123829,0.608749407318682,0.19505498728577028,0.8181818181815856,0.0,0.4629457549022676
0.7809600704771027,0.9899480695466688,0.935777518559719,0.5634326574301096,0.2373234782555656,0.7812499999997781,0.0,0.46512176312790415
0.7487788170102474,0.9903278500647863,0.9449587271045246,0.5886869446740675,0.2620538757606586,0.749999999999787,0.0,0.467298435384895
0.724256835118473,0.9878101492278831,0.9404164807598517,0.6048336838435338,0.28719514539828533,0.7272727272725207,0.0,0.46947573023253797
0.6926328972436082,0.9900838882948355,0.938336984218389,0.5480570045979617,0.3223664095144688,0.6960227272725296,0.0,0.4716536062182773
0.6626320638508287,0.9914265691903917,0.9460838112598331,0.5709434212589156,0.3443188911960609,0.6676136363634467,0.0,0.4738320218784939
0.6339372692511894,0.9882448306833521,0.9425386815447866,0.5489899057735799,0.3785554099687975,0.6392045454543639,0.0,0.47601093573929454
0.6115606223575557,0.9870889327000932,0.9457116631240776,0.5921706503704053,0.3941586458053247,0.6193181818180059,0.0,0.47819030631729814
0.5868088261737517,0.9864222007294617,0.948084309775125,0.576006111323602,0.42056279824407977,0.5937499999998312,0.0,0.48037009212043147
0.5726585978255768,0.9839102708519213,0.9500794931383314,0.5614440393756159,0.4371292068463544,0.5795454545452899,0.0,0.4825502516487152
0.5590818077897619,0.9875970321792975,0.9453909100721671,0.6097694923470751,0.443286354945727,0.5681818181816567,0.0,0.4847307433950541
0.546242387446645,0.986561192925252,0.9450456877622695,0.5769199891016469,0.45844425657920423,0.5568181818180236,0.0,0.48691152584602854
0.5320066207961935,0.9833407872457743,0.950721262032432,0.5618670524143694,0.4740568122935886,0.5426136363634823,0.0,0.48909255748268426
0.5151622026979209,0.982856648572194,0.9564564893925478,0.6544529994792428,0.4808930228605235,0.5255681818180326,0.0,0.49127379678132266
0.5079508792215628,0.9830160051331447,0.9635473986831586,0.5731133180723192,0.4905385468276306,0.519886363636216,0.0,0.49345520221429295
0.4950470051705995,0.9808454305592589,0.9716406573994626,0.6580628518658278,0.4842318095029253,0.5056818181816746,0.0,0.49563673225077776
0.9905358952732424,0.9955566231419505,0.9425501445274453,0.628988756910767,0.01771854599527199,0.9886363636360828,0.0,0.4978183453575912
0.9456645794223935,0.9943901480411139,0.945732750928076,0.5392675096550106,0.06758657709717929,0.9460227272724585,0.0,0.4999999999999643
0.9058453408879059,0.9937546636860757,0.9414111555817842,0.6599135943217752,0.09898242826095591,0.9062499999997425,0.0,0.5021816546423371
0.8584866161748314,0.9921410358620046,0.9464135415960202,0.6317247205551393,0.14871203711608583,0.8579545454543017,0.0,0.5043632677491507
0.06371662840750324,0.002706918816837489,0.018836562052441976,0.07769251097781851,0.475354507143427,0.05397727272725738,0.0,0.5065447977856357
0.059954885578218396,0.0028011762185722144,0.019636370823047384,0.10314224197207032,0.47003517969414577,0.05113636363634909,0.0,0.508726203218606
0.07988266947568635,0.0010764225212612944,0.01991244028978049,0.02942944231771564,0.4919771481065211,0.0681818181817988,0.0,0.5109074425172443
0.10649083928265778,0.006820987299630292,0.01652881185456314,0.02352768779494337,0.5211116334208842,0.0909090909090651,0.0,0.5130884741538998
0.1228712320718368,0.006180543172689587,0.017238215998912204,0.029415192135350505,0.5339374766035445,0.10511363636360653,0.0,0.5152692566048747
0.1394205894433636,0.004061879860472363,0.022178090879244293,0.10137271880550071,0.5380237137185924,0.11931818181814796,0.0,0.5174497483512134
0.15319977102212012,0.004737050568283955,0.028290545220013837,0.0797962116163383,0.5520063595059979,0.13352272727268932,0.0,0.5196299078794971
0.16491405420072971,0.0010252190596696366,0.022230592036858298,0.033207991140911185,0.5641954827765698,0.14204545454541417,0.0,0.5218096936826304
0.1864564403729415,0.005983188446846551,0.030722079269244282,0.08446678644125255,0.5798518396852723,0.16193181818177219,0.0,0.5239891005797866
0.20580680251082512,0.007011264784394459,0.03181429485991701,0.0716858730624928,0.5982992707381221,0.17897727272722191,0.0,0.5261679781214347
0.21757132547578356,0.0034850965773775026,0.03621277891728098,0.07269730880649908,0.6020456425399874,0.18749999999994676,0.0,0.5283463937816513
0.9974147074860267,0.9932231530570552,0.9460663766720173,0.6114680878342034,0.011121473162766423,0.9971590909088075,0.0,0.5305242697673906
0.9478489900121982,0.9932707164007469,0.9535318189429813,0.6689561563733796,0.053829530798456315,0.9460227272724585,0.0,0.5327015646150333
0.9054392188517978,0.9921339541479064,0.9489093979183919,0.6517195686017326,0.10063830465232436,0.9034090909088341,0.0,0.5348782368720244
0.8623814746456789,0.9895709329694227,0.9560650871066804,0.5834374458215993,0.14805550379665222,0.86079545454521,0.0,0.5370542813587011
0.8230590819948419,0.9893965406430707,0.9623650234706544,0.6578206619765415,0.17580684528789126,0.8238636363634024,0.0,0.5392295478638837
0.06179767870724342,0.002086670388611366,0.020195693112151313,0.11713457065109266,0.46800888040724903,0.05113636363634909,0.0,0.5414041399922077
0.9913505907732818,0.9998396856287342,0.9380951560059375,0.5858172107641435,0.017158615900562814,0.991477272726991,0.0,0.5435778713737905
0.9362492577014354,0.9944785166935047,0.9455642652098011,0.5798842453868094,0.0753541875247658,0.9346590909088254,0.0,0.5457508093316621
0.06461354634708749,0.007132829203905269,0.02196855725451887,0.05738990921508821,0.4793092563423452,0.05397727272725738,0.0,0.547922876260073
0.08560309478247224,0.0035398591731187635,0.021211850323199704,0.08936205564924408,0.49379556043810474,0.07386363636361538,0.0,0.5500940308059987
0.11072685577899269,0.004938048042567147,0.01584513061854944,0.08465841958434617,0.5173931883220446,0.09374999999997338,0.0,0.552264231633787
0.06528869333604743,0.0010324675235317104,0.00948860241390436,0.027014623861957233,0.48241749196382044,0.05397727272725738,0.0,0.5544334374259423
0.08763669348888341,0.006456632911529576,0.02103967196814848,0.03652952090474535,0.5007988355500854,0.07386363636361538,0.0,0.5566016068839131
0.10506217048558912,0.0041857367904520135,0.02387271027045764,0.06952948136946469,0.5118930950891916,0.0909090909090651,0.0,0.5587686987288792
0.12419442616005637,0.004801922930451291,0.018444349915183053,0.11239793588437391,0.5279073417135371,0.10795454545451481,0.0,0.560934671702534
0.14123800702446873,0.0029539274717538017,0.017485230510452518,0.14131618294756876,0.5384689546159969,0.12215909090905619,0.0,0.5630994845678748
0.16552204136979734,0.0021534886298653737,0.015900870314904156,0.03200069013188297,0.5678737368947515,0.14204545454541417,0.0,0.565263132159938
0.060315190356950585,0.003030988819211151,0.009982613632517921,0.07464548488016293,0.47679563047374585,0.05113636363634909,0.0,0.5674254651368209
0.08463472091286858,0.002217507625704209,0.01822926630349641,0.028572701836196288,0.4964977652007967,0.07102272727270709,0.0,0.5695865504799917
0.11173588716328835,0.0060846282752530555,0.020709438555863297,0.05230349100340596,0.521901559540004,0.09659090909088167,0.0,0.5717463109955485
0.1367501368642598,0.005121083107583441,0.026696797294100703,0.09859332834080438,0.5343632730042083,0.11647727272723968,0.0,0.5739047055647647
0.15588767606332138,0.005428154746215144,0.024901576400423193,0.09531054508637732,0.5526312373470109,0.13352272727268932,0.0,0.5760616930949178
0.17016019392962592,0.006459509584661746,0.029402581089977446,0.03804250274724231,0.570699549559111,0.14772727272723077,0.0,0.5782172325200741
0.19063469103239628,0.010063084444401918,0.03751944732075079,0.13050406178335053,0.5790087849337852,0.16477272727268047,0.0,0.5803712828018718
0.2033154827311677,0.013733893281799772,0.04336512831784627,0.04279807300029505,0.5984304898229715,0.17613636363631363,0.0,0.5825238029302974
0.2182687180982462,0.010343471108211067,0.04667782029685428,0.07809310443172277,0.6054048293133288,0.19034090909085505,0.0,0.5846747877603
0.2303776322397707,0.007483532616815962,0.04982753295937857,0.12300125826537218,0.6063682129139307,0.19886363636357984,0.0,0.5868240888334229
0.24328026945639972,0.0065714837511101735,0.05684228869115878,0.14134616683838747,0.612390943305576,0.210227272727213,0.0,0.5889717727368783
0.25206491613768467,0.005025133321005253,0.06593985827928849,0.06233091567943195,0.6227151077039639,0.21874999999993786,0.0,0.5911177627460319
0.9968329390238007,0.9947130066691812,0.9508138063547296,0.6221227849072509,0.009830012186978758,0.9943181818178993,0.0,0.593262018004325
0.9482587682156826,0.9961338333204006,0.9515017494031389,0.5940384223424777,0.058973736055320775,0.9460227272724585,0.0,0.59540449768823
0.9042947833082168,0.9942918300070238,0.950125606449938,0.6585353471877878,0.0978186304200479,0.9034090909088341,0.0,0.5975451610080216
0.8559817486854121,0.9926980527178118,0.9493642243813397,0.6253062343948556,0.1504129845606323,0.8551136363633933,0.0,0.5996839672085557
0.823256441479578,0.9899790820152493,0.9495575744738457,0.6566179954146248,0.18087178378472535,0.8238636363634024,0.0,0.6018208755700456
0.7844176409604839,0.987291495021536,0.9534138024065137,0.6730517622140556,0.21954544642216287,0.7840909090906862,0.0,0.6039558454088362
0.7527763002475156,0.989211476215279,0.9531334441996429,0.6668692561611566,0.24698079407217172,0.7556818181816035,0.0,0.6060888360781802
0.7273702720426095,0.9910505016335149,0.952970686417733,0.5686310177630264,0.27965188361405124,0.730113636363429,0.0,0.6082198069690082
0.6984195162080648,0.9940945141038415,0.9610885832913922,0.6089905532382373,0.29857187238594834,0.7017045454543461,0.0,0.6103487529751547
0.06077317794822007,0.0005653197928447767,0.01188312994859581,0.051135495021976785,0.47609481367404505,0.05113636363634909,0.0,0.6124755271718889
0.08305393524051943,0.0030747483040631184,0.020599848052443994,0.07443034057596,0.49216255837241885,0.07102272727270709,0.0,0.6146001954611631
0.10350694581385807,0.0033624133111011417,0.02163654852173879,0.07713090482224139,0.5086931820803176,0.08806818181815682,0.0,0.6167226819279086
0.9987569895005944,0.9935777471647375,0.9410408237919895,0.5637207588217182,0.01714376743564292,0.9971590909088075,0.0,0.618842946163042
0.9431588651113862,0.9925715244832948,0.9417239020447831,0.646215612824863,0.06419968308554408,0.9431818181815503,0.0,0.620960947799789
0.8977043357739282,0.9910186576057113,0.939658331142996,0.5855491057361941,0.1168836642308653,0.8977272727270177,0.0,0.6230766465144524
0.8608603866885491,0.9873256264029285,0.942634279353022,0.5825795698293491,0.15559346681780928,0.86079545454521,0.0,0.6251900020271766
0.060683486513600816,0.001436939053279664,0.02243115550031694,0.14462998690321338,0.46414344981198147,0.05113636363634909,0.0,0.6273009741027191
0.08525529685081099,0.005697006816996192,0.03169757686589206,0.13560607620815882,0.48702100694936495,0.07386363636361538,0.0,0.6294095225512157
0.10978276996097672,0.00914640416589908,0.03798099505716809,0.023453427813472396,0.5167090738365675,0.09374999999997338,0.0,0.6315156072289423
0.13180667449689534,0.0070470595475444235,0.03935964707195819,0.046941677752881494,0.5322163023110016,0.1136363636363314,0.0,0.6336191880390826
0.15315255394276897,0.0058405448006483025,0.04697776231774037,0.059545320252541965,0.5467414963868595,0.13352272727268932,0.0,0.6357202249324914
0.17665648390076338,0.003348484755164266,0.045136561819939344,0.015731521700763317,0.5691867501914427,0.15340909090904734,0.0,0.6378187128609148
0.992881659431603,0.9942523044537438,0.938175165584609,0.5980297173266803,0.020481221715019374,0.991477272726991,0.0,0.6399145070154505
0.9416009614220701,0.9909720305617452,0.9362852630223268,0.6391643299977389,0.07121466247145199,0.9403409090906419,0.0,0.6420076723519157
0.8996602598960121,0.9910730751393539,0.9426001265293249,0.5863289186945818,0.1155271850852648,0.8977272727270177,0.0,0.6440981340669988
0.8512946585018,0.9945603998407655,0.95173526651103,0.5612076985316814,0.1563702143081636,0.8522727272724852,0.0,0.6461858523613225
0.8130294211965912,0.9974097054813239,0.9542633751047128,0.5591307477974689,0.19001073922226341,0.8153409090906775,0.0,0.648270787487739
0.7755848926379318,0.9946232308651722,0.9595190862629024,0.5346434761307892,0.228919596713187,0.7784090909088698,0.0,0.6503528997520898
0.741415918245074,0.992504547597694,0.9602142657745859,0.6297133975827025,0.2559440758033664,0.7443181818179704,0.0,0.6524321495139583
0.7172690577669198,0.9889184437571658,0.9638878430911261,0.5780547514888491,0.28438400361581756,0.7215909090907041,0.0,0.6545084971874273
0.6937081095950279,0.9873954301740099,0.9622855573291126,0.5587934966579478,0.31058991435154903,0.6988636363634378,0.0,0.6565819032418283
0.6662577955111327,0.9900047069100718,0.9655624448195796,0.6723091315742631,0.32550512041040125,0.670454545454355,0.0,0.658652328202499
0.6462983151610091,0.9890899221613926,0.9640676135291628,0.5467448952859183,0.3576513550585649,0.650568181817997,0.0,0.6607197326515336
0.6211814703285465,0.9853899844447976,0.9653343678961345,0.5519502828919268,0.38222693345561315,0.6278409090907306,0.0,0.6627840772285309
0.603040124815822,0.9843852157836009,0.9664666023829168,0.6560383516106576,0.3904177925941114,0.610795454545281,0.0,0.6648453569593915
0.5843840813324631,0.9840142287099971,0.9664908869441153,0.6711124643665569,0.40919039309643096,0.5909090909089231,0.0,0.6669034296168375
0.5610348817470173,0.9876900452007363,0.9692112830161899,0.6225964414136493,0.4291786927790122,0.5710227272725651,0.0,0.6689583932237406
0.9878072280746658,0.9940819976170957,0.9464767007701482,0.6670891024082766,0.016721710367654564,0.9857954545451744,0.0,0.6710100716627867
0.9394081041968863,0.9971074961805316,0.9446932528728555,0.5944659070770876,0.06953609139474069,0.9374999999997335,0.0,0.6730585285386987
0.8938887512807161,0.9937699256934938,0.9470581773071011,0.5874278733025272,0.11706777606785547,0.8920454545452011,0.0,0.6751036906296854
0.8526778260073905,0.9930446455027473,0.9437634612418481,0.6347037914084608,0.15451692230442615,0.8522727272724852,0.0,0.6771455189988095
0.8171693411241151,0.9903341700390749,0.9477222483878177,0.5446678625283622,0.19681769623602702,0.8181818181815856,0.0,0.6791839747726015
0.7858235331655048,0.9936696015177047,0.954160048108062,0.551507898208378,0.22197925571221583,0.7869318181815946,0.0,0.6812190191418018
0.7489716027436696,0.9933810058151377,0.95747894363388,0.6597721305703929,0.24529001322504732,0.7528409090906951,0.0,0.683250613362099
0.7217912928339498,0.9945271566218506,0.9524479778916164,0.5401576148484178,0.2852695374141859,0.7244318181816123,0.0,0.6852787187548696
0.6984832762999906,0.9943510087585262,0.95546903325431,0.6250624017179507,0.2993417494877675,0.7017045454543461,0.0,0.6873032967079071
0.6750760028076674,0.9915711448670331,0.9547941634391208,0.5560055719574939,0.33050543098519447,0.6789772727270799,0.0,0.6893243086761672
0.6530765947968731,0.9942032044592931,0.9531852613527404,0.652901971227815,0.3404352045690238,0.6590909090907219,0.0,0.6913417161824955
0.990551019922661,0.9977511229828893,0.9478048161904823,0.5502639867510959,0.020641734128913514,0.9886363636360828,0.0,0.6933554808183607
0.9449368614395913,0.9990035783067348,0.9544166742470398,0.5470106769204944,0.062410027757882604,0.9431818181815503,0.0,0.6953655977150875
0.9015669511745988,0.9957743424492331,0.9619840612275417,0.5942555270703258,0.10007672474580198,0.900568181817926,0.0,0.6973719616002743
0.8625965877742632,0.9966968733246578,0.9698684493730992,0.560112029123404,0.13578034736664205,0.8636363636361183,0.0,0.6993745678078177
0.05509631037296981,0.006027157386604575,0.01923063228150035,0.06448298307701884,0.47048332502668316,0.04545454545453258,0.0,0.7013733449293188
0.07609404249183824,0.009218849459546008,0.016072040047483298,0.11758069617415491,0.48951134216940606,0.06534090909089052,0.0,0.7033683215378504
0.0653552067259109,0.0036265785067411136,0.009822855900317255,0.12376193831768716,0.47586887955302004,0.05397727272725738,0.0,0.7053594263066882
0.08416086954038068,0.0034638784441673315,0.00868532193456723,0.06431017708355098,0.4983989071747033,0.07102272727270709,0.0,0.7073466544151942
0.11118970606795275,0.006993542391352239,0.012118156576156934,0.09727618213547166,0.5223245403335983,0.09659090909088167,0.0,0.7093298687686632
0.13665935018311762,0.007121704270096336,0.009605408436155769,0.035251228023787586,0.5487216736717884,0.11647727272723968,0.0,0.7113091308702987
0.15434328860655389,0.005955838267231743,0.01423834522999469,0.09741378222853796,0.5573786244744315,0.13352272727268932,0.0,0.7132843699506779
0.16724266225929055,0.00825196698766365,0.015570064666592368,0.1203141211369848,0.5679489305603899,0.14488636363632248,0.0,0.7152555484040968
0.1777338681113777,0.009296252281707834,0.017632455756284002,0.03290438036429444,0.5840365552215028,0.15340909090904734,0.0,0.7172226287021576
0.1990669909094033,0.01209241237088778,0.02128578967021403,0.03866604142157464,0.6040079816105446,0.17329545454540535,0.0,0.7191856060755609
0.2089744622528871,0.011765754164485344,0.028324230991038354,0.09879851751206824,0.6039999366530796,0.1818181818181302,0.0,0.7211443451094492
0.06256100861724478,0.004964523073565991,0.014544718311210082,0.09585940240557708,0.47737004645767067,0.05397727272725738,0.0,0.7230989065548526
0.0862635933932119,0.002949865566770318,0.019354609389499528,0.021609458918265993,0.5000400104702909,0.07386363636361538,0.0,0.7250492205186654
0.10657370931043508,0.0005932820606513905,0.01374029639368115,0.14115214835976858,0.5070730699435326,0.0909090909090651,0.0,0.7269952498697212
0.12931668368343463,0.0019233027153400012,0.018341284284185706,0.11793047168920344,0.528017203319783,0.1107954545454231,0.0,0.7289369575584266
0.9909291204401546,0.9936737549065766,0.9461236767398713,0.6350227525795351,0.017169252349437066,0.9886363636360828,0.0,0.730874306617465
0.9378483530010849,0.9935111284627033,0.9493160229696623,0.668852062653449,0.06392160399994234,0.9374999999997335,0.0,0.7328072601625033
0.8923202161452468,0.9903417714176229,0.9479160100038259,0.577062139718317,0.12032594923846109,0.8920454545452011,0.0,0.7347357813928929
0.8470357763072189,0.991069969983571,0.9418369077458888,0.5956064220456255,0.16597476438215797,0.8465909090906686,0.0,0.7366598335923689
0.9910991325818007,0.9956134482255729,0.9513116057904494,0.5755810665001894,0.01863600015133758,0.9886363636360828,0.0,0.7385793801297513
0.9388059977611605,0.9948206603681791,0.9452010700568848,0.6415134556411096,0.06701735042841316,0.9374999999997335,0.0,0.7404943844596407
0.9941504557829483,0.9939427550375057,0.9443564281253719,0.6180628676674258,0.016357913542122564,0.991477272726991,0.0,0.742404810123115
0.9437269415560632,0.9918243360643089,0.949464674929103,0.58547327915283,0.06682732989368574,0.9431818181815503,0.0,0.7443106207484247
0.9023798444553212,0.9907212663433171,0.9564207056268466,0.6500503117421177,0.10155327576482925,0.900568181817926,0.0,0.7462117800516805
0.8556067508568239,0.991395026918169,0.9594524861418887,0.6582587640582053,0.14429275481948173,0.8551136363633933,0.0,0.7481082518375508
