Temperature,Humidity,AirQuality,HVACSetpoint,LightingLevel,OccupantCount,EnergyConsumption,OverallSatisfaction,ThermalComfort,VisualComfort,AirQualityIndex,HVACPower,LightingPower
21.5,47.5,408,22,0.8,4,46.52,72.76,94.36,80,18,139.57,60
22.66,44.3,376,22,0.8,1,46.97,74.03,93.57,80,25,140.9,60
22.0,48.42,410,22,0.8,1,47.23,72.68,94.34,80,18,141.68,60
22.11,41.08,437,22,0.8,1,50.4,71.53,94.95,80,13,151.2,60
22.15,44.49,376,28,1.0,1,47.11,74.02,95.09,100,25,141.32,75
21.69,41.59,390,28,1.0,1,48.98,73.44,98.91,100,22,146.95,75
21.78,49.16,408,18,0.2,1,46.88,72.76,94.81,20,18,140.64,15
21.9,42.01,371,22,0.8,4,47.33,74.21,95.35,80,26,141.99,60
22.32,48.78,354,22,0.8,2,43.01,74.98,93.35,80,29,129.04,60
22.0,43.06,370,22,0.8,2,47.34,74.26,95.28,80,26,142.03,60
21.52,50.61,399,18,0.2,4,45.83,73.13,95.95,20,20,137.48,15
21.65,41.95,358,22,0.8,2,46.65,74.75,94.37,80,28,139.96,60
22.24,47.82,392,22,0.8,2,42.99,73.48,95.87,80,22,128.97,60
22.27,43.03,378,22,0.8,2,45.38,73.96,95.01,80,24,136.15,60
22.49,44.38,367,28,1.0,1,48.66,74.33,96.16,100,27,145.98,75
21.19,45.35,388,28,1.0,4,48.81,73.51,95.48,100,22,146.44,75
21.97,41.34,385,22,0.8,2,46.4,73.69,96.89,80,23,139.2,60
21.22,48.38,474,22,0.8,6,46.03,70.13,95.88,80,5,138.1,60
21.68,42.6,398,22,0.8,2,45.97,73.16,96.94,80,20,137.92,60
22.4,42.14,418,22,0.8,1,49.22,72.31,92.34,80,16,147.66,60
22.03,46.77,341,22,0.8,2,45.23,75.45,95.81,80,32,135.7,60
22.13,46.95,408,28,1.0,1,46.0,72.75,94.8,100,18,138.0,75
21.51,44.36,442,22,0.8,1,48.81,71.34,94.13,80,12,146.43,60
22.45,38.63,390,22,0.8,2,50.63,73.4,95.69,80,22,151.88,60
21.98,46.83,366,22,0.8,1,44.66,74.47,94.74,80,27,133.99,60
21.95,43.49,427,22,0.8,0,46.07,72.01,96.57,80,15,138.2,60
20.93,43.47,382,28,1.0,2,47.08,73.78,96.5,100,24,141.24,75
23.13,45.94,410,22,0.8,3,49.97,72.59,93.04,80,18,149.91,60
20.94,43.58,375,22,0.8,4,49.27,74.03,96.26,80,25,147.82,60
22.63,45.43,397,18,0.2,2,45.84,73.21,93.13,20,21,137.52,15
21.5,45.16,413,22,0.8,2,48.81,72.52,94.92,80,17,146.43,60
22.03,44.95,390,28,1.0,1,49.77,73.4,95.46,100,22,149.3,75
21.06,45.23,400,18,0.2,1,48.01,73.05,96.03,20,20,144.04,15
22.26,46.43,375,22,0.8,3,45.67,74.08,94.45,80,25,137.0,60
20.98,47.67,404,22,0.8,4,47.34,72.9,95.36,80,19,142.03,60
22.49,42.47,404,22,0.8,0,46.27,72.9,96.11,80,19,138.81,60
20.86,47.0,422,22,0.8,3,44.2,72.23,96.6,80,16,132.6,60
21.62,45.89,375,18,0.2,2,46.54,74.07,94.57,20,25,139.63,15
21.55,41.95,347,22,0.8,1,47.21,75.2,96.14,80,31,141.63,60
22.46,44.28,379,22,0.8,2,48.25,73.87,93.97,80,24,144.74,60
21.67,44.4,417,28,1.0,3,49.43,72.32,93.53,100,17,148.3,75
23.56,46.09,373,22,0.8,4,47.2,74.15,92.15,80,25,141.6,60
21.5,47.97,391,18,0.2,1,46.57,73.41,95.68,20,22,139.72,15
21.83,44.61,400,22,0.8,0,45.44,73.09,95.01,80,20,136.31,60
22.35,47.15,388,22,0.8,3,42.33,73.64,94.34,80,22,127.0,60
22.42,45.66,394,22,0.8,2,47.31,73.29,93.51,80,21,141.94,60
21.74,42.77,374,22,0.8,1,46.81,74.12,94.98,80,25,140.43,60
21.68,46.34,379,22,0.8,3,43.06,73.96,97.32,80,24,129.17,60
21.39,41.66,397,22,0.8,2,48.32,73.14,97.27,80,21,144.96,60
21.8,48.35,403,28,1.0,3,45.09,72.99,98.18,100,19,135.27,75
22.78,43.8,416,22,0.8,1,48.79,72.4,95.29,80,17,146.37,60
22.6,44.85,390,22,0.8,1,46.26,73.48,95.44,80,22,138.77,60
22.57,44.6,360,22,0.8,1,47.55,74.66,93.28,80,28,142.64,60
21.38,44.16,425,22,0.8,0,47.58,72.04,94.95,80,15,142.75,60
23.05,43.36,427,22,0.8,3,49.48,71.92,93.38,80,15,148.45,60
22.33,45.58,424,22,0.8,3,50.48,72.02,92.89,80,15,151.43,60
21.1,47.82,384,18,0.2,6,47.87,73.68,95.64,20,23,143.6,15
21.63,48.56,393,28,1.0,3,46.19,73.37,95.58,100,21,138.57,75
21.9,39.41,367,18,0.2,2,50.34,74.29,95.06,20,27,151.02,15
21.76,45.28,380,22,0.8,3,48.32,73.82,94.34,80,24,144.96,60
22.17,44.64,399,22,0.8,3,43.9,73.17,94.98,80,20,131.71,60
21.66,47.71,447,22,0.8,1,49.77,71.11,92.51,80,11,149.3,60
21.46,46.66,419,22,0.8,5,44.19,72.37,96.57,80,16,132.58,60
21.39,42.65,348,22,0.8,3,48.54,75.1,96.48,80,30,145.61,60
21.51,44.62,418,22,0.8,4,50.01,72.3,95.82,80,16,150.03,60
21.25,46.28,430,22,0.8,3,42.99,71.94,97.49,80,14,128.96,60
22.2,48.49,392,28,1.0,4,46.05,73.39,92.99,100,22,138.16,75
21.51,43.15,414,22,0.8,1,45.6,72.54,96.46,80,17,136.81,60
21.84,52.15,404,18,0.2,1,44.66,72.94,96.77,20,19,133.97,15
22.58,49.98,386,22,0.8,2,42.08,73.72,96.09,80,23,126.24,60
21.91,42.2,405,22,0.8,0,49.65,72.79,93.76,80,19,148.95,60
22.14,43.29,430,28,1.0,2,47.26,71.85,97.3,100,14,141.79,75
22.89,47.92,384,18,0.2,0,45.98,73.73,94.75,20,23,137.93,15
22.0,46.14,416,22,0.8,0,49.31,72.39,93.42,80,17,147.93,60
21.57,44.67,387,22,0.8,2,46.88,73.57,94.3,80,23,140.65,60
22.59,41.9,367,22,0.8,4,44.3,74.44,95.27,80,27,132.89,60
22.87,41.8,403,22,0.8,3,48.9,72.92,93.92,80,19,146.71,60
22.13,51.05,366,18,0.2,3,43.08,74.51,95.36,20,27,129.23,15
22.42,44.46,469,22,0.8,1,47.17,70.31,94.94,80,6,141.52,60
22.01,44.78,428,28,1.0,1,47.34,71.95,96.04,100,14,142.03,75
22.18,38.66,394,22,0.8,0,50.75,73.24,95.03,80,21,152.26,60
22.26,38.19,395,22,0.8,1,49.82,73.19,97.37,80,21,149.47,60
22.3,44.82,357,22,0.8,0,45.51,74.82,94.79,80,29,136.53,60
21.72,41.98,389,18,0.2,4,53.32,73.36,95.54,20,22,159.95,15
22.17,46.07,434,22,0.8,3,48.65,71.66,93.73,80,13,145.95,60
21.47,44.61,432,22,0.8,1,49.86,71.71,94.89,80,14,149.57,60
22.5,41.75,381,22,0.8,4,46.38,73.83,95.55,80,24,139.15,60
21.76,44.52,367,22,0.8,1,45.18,74.4,95.27,80,27,135.55,60
21.79,44.32,408,22,0.8,2,47.58,72.74,93.46,80,18,142.74,60
22.01,41.09,380,22,0.8,3,49.09,73.83,94.96,80,24,147.27,60
21.53,40.87,377,28,1.0,2,47.64,73.96,95.56,100,25,142.92,75
22.26,46.47,360,22,0.8,0,42.55,74.74,96.98,80,28,127.66,60
21.05,45.68,389,22,0.8,1,47.32,73.5,95.34,80,22,141.95,60
22.66,43.43,433,22,0.8,7,52.28,71.65,94.53,80,13,156.85,60
23.33,45.87,355,22,0.8,0,48.43,74.81,93.09,80,29,145.29,60
22.0,49.31,368,22,0.8,0,43.25,74.42,96.75,80,26,129.76,60
22.32,44.15,467,22,0.8,3,49.01,70.35,94.96,80,7,147.04,60
21.82,41.54,413,22,0.8,1,50.8,72.45,93.04,80,17,152.4,60
21.33,50.7,386,18,0.2,2,45.35,73.64,97.08,20,23,136.06,15
22.45,47.43,362,28,1.0,4,44.84,74.6,96.58,100,28,134.51,75
22.29,47.72,378,18,0.2,2,45.1,73.97,93.4,20,24,135.31,15
22.23,46.18,399,22,0.8,0,48.91,73.07,94.37,80,20,146.73,60
21.53,45.16,428,22,0.8,0,46.68,71.94,97.83,80,14,140.04,60
21.98,48.62,426,22,0.8,4,46.1,72.04,94.06,80,15,138.29,60
22.28,45.05,378,22,0.8,2,48.13,73.9,96.42,80,24,144.4,60
22.95,51.18,414,22,0.8,2,46.63,72.51,92.52,80,17,139.9,60
22.29,46.66,399,22,0.8,3,48.07,73.06,91.51,80,20,144.22,60
21.81,41.34,406,22,0.8,3,53.36,72.7,94.19,80,19,160.07,60
21.43,45.24,371,22,0.8,2,44.67,74.25,94.03,80,26,134.02,60
21.76,45.6,379,18,0.2,1,44.01,73.95,97.4,20,24,132.04,15
20.91,46.4,429,22,0.8,2,48.53,71.85,94.51,80,14,145.58,60
21.94,49.81,382,28,1.0,2,44.49,73.85,97.09,100,24,133.47,75
21.65,45.38,401,22,0.8,4,47.06,73.03,95.53,80,20,141.17,60
22.19,50.51,442,22,0.8,2,46.9,71.38,93.87,80,12,140.71,60
22.45,43.56,393,22,0.8,3,51.02,73.26,92.89,80,21,153.07,60
22.63,45.48,404,22,0.8,1,51.98,72.81,93.42,80,19,155.93,60
22.01,43.86,369,22,0.8,1,48.28,74.28,94.09,80,26,144.84,60
21.55,44.66,421,28,1.0,3,50.21,72.14,93.55,100,16,150.62,75
21.71,50.2,356,22,0.8,4,41.29,74.94,95.42,80,29,123.86,60
22.37,48.0,407,22,0.8,2,46.9,72.76,94.65,80,19,140.71,60
22.26,47.07,441,22,0.8,1,47.24,71.4,94.92,80,12,141.72,60
21.34,49.53,410,22,0.8,2,44.74,72.72,93.23,80,18,134.21,60
21.68,43.71,382,22,0.8,1,46.67,73.78,98.13,80,24,140.01,60
22.02,40.97,427,28,1.0,4,50.88,71.91,95.01,100,15,152.65,75
21.3,43.73,398,22,0.8,1,45.33,73.18,98.03,80,20,135.98,60
22.75,40.22,432,22,0.8,2,52.69,71.67,94.1,80,14,158.08,60
23.11,48.97,388,22,0.8,1,47.3,73.54,93.95,80,22,141.9,60
21.32,46.79,422,22,0.8,1,52.08,72.07,93.97,80,16,156.25,60
21.32,47.47,409,18,0.2,0,43.35,72.77,97.64,20,18,130.05,15
21.75,47.98,407,22,0.8,0,42.48,72.86,95.16,80,19,127.43,60
21.23,42.62,368,22,0.8,4,46.86,74.34,96.12,80,26,140.59,60
21.75,42.03,397,22,0.8,3,47.33,73.18,95.83,80,21,142.0,60
21.65,42.92,391,28,1.0,0,46.82,73.43,98.26,100,22,140.46,75
22.13,45.47,397,22,0.8,3,47.07,73.16,96.43,80,21,141.2,60
22.49,43.66,415,22,0.8,4,47.09,72.45,95.09,80,17,141.27,60
21.54,40.77,438,22,0.8,1,49.97,71.48,97.39,80,12,149.9,60
21.48,47.73,390,22,0.8,1,44.46,73.51,93.43,80,22,133.38,60
21.88,47.12,417,22,0.8,3,46.08,72.41,93.82,80,17,138.25,60
21.9,40.9,353,22,0.8,6,47.26,74.93,96.19,80,29,141.78,60
21.42,44.47,420,22,0.8,1,47.75,72.25,96.45,80,16,143.24,60
21.66,44.54,386,22,0.8,1,44.63,73.67,98.15,80,23,133.9,60
22.25,44.74,387,22,0.8,5,46.97,73.57,95.52,80,23,140.92,60
21.46,47.0,409,22,0.8,6,49.07,72.68,94.87,80,18,147.2,60
21.81,38.63,427,22,0.8,6,52.05,71.86,93.68,80,15,156.15,60
22.33,46.97,398,22,0.8,5,45.08,73.19,95.04,80,20,135.25,60
21.93,45.11,435,18,0.2,3,47.76,71.64,96.05,20,13,143.27,15
22.06,43.8,368,22,0.8,1,48.32,74.32,94.86,80,26,144.95,60
21.32,45.38,417,22,0.8,1,51.05,72.29,93.56,80,17,153.16,60
22.62,43.0,436,18,0.2,3,49.3,71.56,95.92,20,13,147.89,15
21.55,41.75,398,22,0.8,0,50.53,73.05,97.08,80,20,151.6,60
22.14,42.12,410,22,0.8,4,50.13,72.59,93.53,80,18,150.4,60
22.0,45.19,452,22,0.8,4,49.54,70.92,95.57,80,10,148.61,60
22.67,42.46,427,28,1.0,1,48.66,71.96,95.29,100,15,145.97,75
21.73,46.44,430,22,0.8,1,45.38,71.87,95.11,80,14,136.14,60
22.01,47.03,417,22,0.8,5,46.89,72.39,98.12,80,17,140.66,60
21.59,47.75,436,22,0.8,2,46.54,71.64,96.94,80,13,139.61,60
22.33,45.0,375,22,0.8,2,44.67,74.11,96.89,80,25,134.02,60
22.11,47.43,426,22,0.8,4,44.75,72.07,94.58,80,15,134.26,60
21.88,49.92,395,22,0.8,2,48.32,73.24,94.61,80,21,144.96,60
21.7,43.34,418,22,0.8,3,45.69,72.36,98.8,80,16,137.06,60
22.26,43.36,422,22,0.8,2,45.59,72.22,94.22,80,16,136.77,60
22.47,44.64,369,22,0.8,3,48.77,74.26,93.49,80,26,146.3,60
23.08,43.76,377,22,0.8,0,46.52,74.0,94.08,80,25,139.55,60
22.67,43.59,404,22,0.8,0,46.62,72.93,95.18,80,19,139.85,60
21.85,47.93,393,18,0.2,5,46.16,73.34,95.93,20,21,138.47,15
21.98,46.61,341,22,0.8,2,43.42,75.5,97.22,80,32,130.25,60
21.96,52.59,424,22,0.8,6,44.03,72.17,94.61,80,15,132.09,60
22.32,40.92,392,28,1.0,0,49.03,73.33,93.3,100,22,147.08,75
22.33,39.71,399,18,0.2,5,47.14,73.1,97.07,20,20,141.42,15
21.96,39.66,380,22,0.8,0,49.83,73.8,94.82,80,24,149.48,60
22.17,50.2,397,22,0.8,4,47.71,73.15,95.18,80,21,143.12,60
21.36,41.88,398,18,0.2,2,48.58,73.11,94.0,20,20,145.75,15
22.44,50.65,414,22,0.8,5,44.91,72.55,94.55,80,17,134.73,60
21.61,46.71,458,22,0.8,2,47.38,70.72,95.39,80,8,142.14,60
21.73,46.69,345,22,0.8,2,42.84,75.34,94.73,80,31,128.51,60
23.09,47.39,393,28,1.0,5,45.61,73.36,94.03,100,21,136.84,75
22.03,46.94,417,22,0.8,0,47.09,72.36,94.75,80,17,141.27,60
22.98,44.37,363,22,0.8,3,47.44,74.52,92.42,80,27,142.33,60
22.96,40.51,428,22,0.8,1,51.49,71.83,94.54,80,14,154.48,60
21.83,42.06,364,28,1.0,3,45.5,74.52,95.28,100,27,136.49,75
21.68,46.1,368,22,0.8,1,50.29,74.28,94.73,80,26,150.88,60
21.68,43.05,435,28,1.0,3,51.47,71.56,92.92,100,13,154.4,75
22.13,47.25,393,22,0.8,0,46.59,73.35,94.94,80,21,139.77,60
21.58,45.43,356,22,0.8,3,47.31,74.81,93.97,80,29,141.94,60
21.72,46.21,386,22,0.8,3,44.21,73.68,97.42,80,23,132.63,60
21.88,47.93,383,22,0.8,1,42.12,73.86,94.9,80,23,126.35,60
22.1,45.83,389,22,0.8,1,47.45,73.47,95.24,80,22,142.35,60
22.86,43.86,449,22,0.8,1,50.79,71.04,93.13,80,10,152.38,60
22.43,50.59,371,22,0.8,1,46.66,74.23,94.29,80,26,139.98,60
21.3,50.65,390,22,0.8,0,43.82,73.51,95.55,80,22,131.46,60
22.79,43.73,436,18,0.2,2,48.76,71.6,95.24,20,13,146.27,15
22.89,47.05,374,22,0.8,3,46.15,74.13,94.1,80,25,138.45,60
21.42,48.02,422,22,0.8,2,45.08,72.21,94.71,80,16,135.23,60
23.23,42.44,423,22,0.8,6,50.13,72.09,93.47,80,15,150.4,60
22.32,43.64,397,22,0.8,4,46.27,73.19,96.83,80,21,138.82,60
21.42,43.45,396,22,0.8,0,47.1,73.21,95.09,80,21,141.3,60
21.78,45.0,396,22,0.8,0,47.76,73.2,95.02,80,21,143.27,60
23.08,48.04,400,22,0.8,5,46.27,73.06,94.07,80,20,138.81,60
21.26,47.67,379,22,0.8,4,44.82,73.95,92.9,80,24,134.46,60
21.78,41.16,362,22,0.8,1,46.7,74.59,98.06,80,28,140.09,60
21.41,46.01,355,22,0.8,2,48.14,74.82,95.31,80,29,144.41,60
21.89,41.9,334,18,0.2,4,47.86,75.68,94.87,20,33,143.58,15
22.47,43.3,403,28,1.0,0,46.81,72.94,95.56,100,19,140.43,75
21.89,44.8,408,22,0.8,1,47.47,72.73,96.42,80,18,142.42,60
21.82,39.69,422,22,0.8,5,49.25,72.13,94.93,80,16,147.76,60
22.42,48.07,404,18,0.2,4,46.76,72.91,92.6,20,19,140.28,15
21.89,46.28,363,28,1.0,3,46.48,74.56,96.76,100,27,139.44,75
22.0,47.79,384,22,0.8,6,47.08,73.7,97.31,80,23,141.24,60
21.58,41.85,360,18,0.2,1,46.92,74.67,97.01,20,28,140.77,15
22.13,43.65,378,28,1.0,1,47.07,73.93,95.96,100,24,141.22,75
22.84,43.0,423,22,0.8,1,52.71,72.01,93.85,80,15,158.12,60
22.83,45.54,374,22,0.8,0,46.39,74.13,94.21,80,25,139.16,60
22.37,49.35,415,22,0.8,2,43.52,72.51,93.75,80,17,130.56,60
21.18,47.7,413,22,0.8,2,49.72,72.47,95.03,80,17,149.16,60
21.56,42.28,397,22,0.8,0,48.2,73.17,93.95,80,21,144.6,60
22.02,40.66,392,22,0.8,1,51.97,73.27,94.4,80,22,155.9,60
21.68,47.46,391,22,0.8,2,49.57,73.36,94.25,80,22,148.7,60
22.19,41.34,418,22,0.8,3,50.72,72.28,96.19,80,16,152.15,60
21.5,44.83,410,22,0.8,5,45.65,72.68,94.38,80,18,136.96,60
21.94,49.98,412,22,0.8,2,41.98,72.69,95.9,80,18,125.95,60
21.73,44.29,425,22,0.8,2,47.89,72.03,94.79,80,15,143.67,60
22.85,47.28,369,22,0.8,2,44.48,74.35,93.96,80,26,133.43,60
21.93,45.62,418,18,0.2,3,47.93,72.32,93.95,20,16,143.78,15
20.99,45.37,400,22,0.8,3,48.88,73.04,94.27,80,20,146.64,60
21.41,42.62,401,22,0.8,2,49.64,72.98,96.86,80,20,148.92,60
21.97,46.2,399,22,0.8,3,44.55,73.14,97.43,80,20,133.64,60
21.35,46.54,383,22,0.8,2,44.33,73.8,96.59,80,23,133.0,60
22.35,43.43,413,22,0.8,1,51.09,72.47,93.81,80,17,153.26,60
21.87,40.25,396,22,0.8,4,48.61,73.18,96.17,80,21,145.84,60
22.32,44.46,406,22,0.8,1,45.66,72.86,96.29,80,19,136.97,60
22.04,42.99,407,22,0.8,4,47.68,72.79,95.92,80,19,143.04,60
21.99,46.86,407,22,0.8,2,51.25,72.68,92.78,80,19,153.76,60
22.18,44.39,410,22,0.8,3,48.5,72.64,94.62,80,18,145.51,60
21.98,45.02,421,22,0.8,2,47.95,72.2,94.14,80,16,143.86,60
21.05,47.6,409,28,1.0,4,48.11,72.69,97.62,100,18,144.32,75
22.05,45.35,423,22,0.8,1,47.08,72.14,95.09,80,15,141.23,60
22.35,47.38,350,22,0.8,2,43.36,75.14,96.42,80,30,130.09,60
22.05,43.61,394,18,0.2,5,49.18,73.27,95.57,20,21,147.54,15
22.52,47.7,369,22,0.8,2,43.57,74.36,94.97,80,26,130.7,60
23.66,42.56,442,28,1.0,2,55.63,71.21,91.75,100,12,166.89,75
21.64,40.7,352,22,0.8,1,49.21,74.92,96.99,80,30,147.63,60
21.87,39.41,338,22,0.8,0,49.94,75.48,96.35,80,32,149.83,60
21.76,41.49,418,22,0.8,2,50.35,72.26,96.97,80,16,151.05,60
22.18,45.96,400,22,0.8,1,48.34,73.05,93.67,80,20,145.02,60
22.53,49.95,440,18,0.2,4,45.06,71.5,95.11,20,12,135.17,15
21.86,42.11,395,22,0.8,2,49.45,73.22,97.58,80,21,148.34,60
21.4,42.43,405,22,0.8,1,48.2,72.85,96.21,80,19,144.61,60
21.37,40.72,417,22,0.8,0,48.23,72.37,97.11,80,17,144.68,60
22.39,46.18,416,22,0.8,3,46.81,72.42,95.49,80,17,140.43,60
21.49,40.23,382,22,0.8,1,47.67,73.75,93.94,80,24,143.02,60
20.98,47.02,394,22,0.8,2,46.93,73.29,96.23,80,21,140.79,60
21.61,46.08,367,22,0.8,3,47.48,74.37,95.02,80,27,142.43,60
22.53,44.43,397,22,0.8,1,46.53,73.18,96.28,80,21,139.58,60
22.24,47.35,380,22,0.8,2,43.82,73.92,95.09,80,24,131.45,60
22.47,47.37,384,28,1.0,4,45.52,73.73,96.53,100,23,136.55,75
20.82,42.25,357,22,0.8,2,48.65,74.73,95.31,80,29,145.94,60
22.2,45.58,408,22,0.8,1,47.5,72.74,94.89,80,18,142.51,60
22.5,45.4,402,22,0.8,2,47.98,72.96,94.7,80,20,143.93,60
22.81,49.76,380,22,0.8,0,45.43,73.91,94.13,80,24,136.28,60
22.3,50.94,387,18,0.2,2,43.33,73.64,96.92,20,23,129.99,15
21.63,41.19,389,22,0.8,4,51.18,73.42,96.17,80,22,153.55,60
22.32,46.12,394,22,0.8,4,46.38,73.3,93.78,80,21,139.15,60
22.54,45.26,392,28,1.0,3,47.93,73.36,94.49,100,22,143.79,75
22.43,44.07,367,22,0.8,2,47.98,74.36,93.62,80,27,143.94,60
22.76,42.21,417,22,0.8,2,45.86,72.4,94.4,80,17,137.58,60
21.62,49.95,369,22,0.8,3,45.92,74.34,95.86,80,26,137.77,60
22.01,48.76,404,22,0.8,3,49.31,72.84,94.57,80,19,147.94,60
22.14,45.71,430,22,0.8,3,49.04,71.82,95.75,80,14,147.13,60
22.67,43.92,352,22,0.8,2,46.98,74.97,95.62,80,30,140.95,60
22.01,45.23,351,22,0.8,3,43.54,75.1,95.53,80,30,130.61,60
21.18,45.69,416,22,0.8,2,47.5,72.39,94.0,80,17,142.51,60
21.57,45.73,411,22,0.8,4,46.65,72.62,94.61,80,18,139.94,60
22.59,41.42,405,22,0.8,4,47.62,72.87,94.92,80,19,142.86,60
21.86,46.28,386,22,0.8,1,47.89,73.6,94.53,80,23,143.68,60
22.29,43.97,371,22,0.8,5,44.85,74.28,93.71,80,26,134.56,60
22.71,45.51,423,22,0.8,2,47.84,72.11,95.55,80,15,143.51,60
21.61,43.3,417,22,0.8,1,49.46,72.31,96.92,80,17,148.39,60
21.9,45.09,381,22,0.8,1,48.37,73.8,93.45,80,24,145.12,60
21.74,47.27,395,22,0.8,1,44.4,73.33,96.23,80,21,133.2,60
22.24,43.17,402,22,0.8,3,49.14,72.94,94.12,80,20,147.41,60
22.03,41.83,411,22,0.8,1,50.04,72.57,94.95,80,18,150.12,60
22.56,44.52,415,22,0.8,5,50.86,72.37,93.23,80,17,152.59,60
21.65,44.62,431,22,0.8,5,45.19,71.84,96.23,80,14,135.58,60
22.65,47.88,372,18,0.2,0,47.96,74.15,93.58,20,26,143.87,15
22.52,46.75,424,22,0.8,1,49.29,72.04,92.59,80,15,147.88,60
22.41,46.83,395,18,0.2,2,44.52,73.29,93.94,20,21,133.57,15
21.78,45.52,385,22,0.8,6,47.31,73.65,95.94,80,23,141.94,60
21.23,40.22,357,22,0.8,3,48.12,74.74,97.5,80,29,144.36,60
21.74,43.02,387,22,0.8,1,49.25,73.52,98.49,80,23,147.76,60
22.52,42.38,371,22,0.8,0,48.77,74.19,96.28,80,26,146.32,60
22.1,45.79,376,18,0.2,2,46.52,74.04,94.74,20,25,139.57,15
22.29,43.77,400,18,0.2,1,45.81,73.09,96.03,20,20,137.43,15
21.64,45.16,376,22,0.8,3,47.65,74.01,94.99,80,25,142.95,60
20.81,44.72,372,22,0.8,1,47.46,74.18,94.12,80,26,142.39,60
21.31,42.55,392,28,1.0,2,47.1,73.4,97.71,100,22,141.29,75
23.45,49.2,410,22,0.8,1,49.08,72.62,92.6,80,18,147.25,60
21.02,47.38,369,22,0.8,0,44.53,74.33,95.77,80,26,133.6,60
21.96,42.82,385,22,0.8,1,45.91,73.66,96.64,80,23,137.72,60
22.24,45.43,416,22,0.8,2,50.96,72.33,92.52,80,17,152.88,60
22.06,43.61,378,18,0.2,3,50.14,73.87,95.46,20,24,150.42,15
22.53,48.88,375,18,0.2,2,44.82,74.1,95.95,20,25,134.46,15
20.73,44.81,411,22,0.8,5,48.98,72.6,92.47,80,18,146.93,60
22.36,41.55,393,22,0.8,3,48.59,73.29,92.78,80,21,145.78,60
21.78,46.12,394,22,0.8,3,42.94,73.36,96.73,80,21,128.81,60
22.19,45.19,411,22,0.8,1,48.45,72.61,95.07,80,18,145.34,60
21.96,41.37,404,22,0.8,4,50.65,72.82,94.22,80,19,151.94,60
22.79,39.05,421,22,0.8,0,49.88,72.15,95.23,80,16,149.65,60
21.54,43.92,419,22,0.8,2,47.94,72.28,97.87,80,16,143.83,60
22.05,44.11,366,22,0.8,0,43.11,74.51,97.04,80,27,129.33,60
21.95,43.7,422,22,0.8,4,47.3,72.15,95.1,80,16,141.9,60
22.01,47.12,337,22,0.8,1,45.24,75.63,96.6,80,33,135.71,60
22.51,45.79,411,18,0.2,3,48.31,72.58,94.02,20,18,144.92,15
21.83,43.8,392,18,0.2,5,48.96,73.34,93.86,20,22,146.89,15
22.16,44.5,438,22,0.8,3,51.42,71.46,94.76,80,12,154.26,60
21.89,48.14,402,22,0.8,2,47.63,72.98,94.59,80,20,142.89,60
22.14,47.07,445,22,0.8,3,50.27,71.19,93.19,80,11,150.82,60
22.0,45.43,336,22,0.8,2,46.19,75.64,95.79,80,33,138.58,60
23.13,41.27,373,28,1.0,5,48.26,74.12,93.89,100,25,144.77,75
22.84,49.35,414,28,1.0,2,48.45,72.49,93.41,100,17,145.34,75
22.7,45.87,423,22,0.8,2,48.74,72.13,93.89,80,15,146.23,60
21.83,45.93,415,22,0.8,1,48.57,72.44,95.19,80,17,145.71,60
22.25,43.7,413,22,0.8,3,48.9,72.51,94.68,80,17,146.7,60
21.94,48.22,425,22,0.8,0,49.14,72.0,95.51,80,15,147.43,60
21.52,45.63,362,22,0.8,2,45.61,74.59,95.29,80,28,136.84,60
22.13,48.0,362,22,0.8,1,47.2,74.56,94.3,80,28,141.6,60
22.03,48.73,394,22,0.8,3,44.68,73.36,94.5,80,21,134.05,60
22.84,47.48,427,22,0.8,4,47.8,71.96,95.03,80,15,143.41,60
21.28,42.61,387,22,0.8,0,50.35,73.52,94.41,80,23,151.06,60
21.74,43.69,374,22,0.8,0,46.63,74.11,96.16,80,25,139.9,60
21.99,47.25,418,22,0.8,0,47.8,72.32,94.13,80,16,143.39,60
22.28,47.27,409,22,0.8,3,46.56,72.73,95.05,80,18,139.67,60
21.2,47.54,381,22,0.8,5,46.48,73.84,97.45,80,24,139.45,60
21.99,47.78,441,18,0.2,4,45.05,71.47,95.45,20,12,135.14,15
20.82,47.82,407,28,1.0,2,47.8,72.77,95.79,100,19,143.4,75
21.56,47.44,385,18,0.2,2,43.74,73.74,96.82,20,23,131.21,15
20.92,39.24,411,18,0.2,2,52.7,72.51,97.12,20,18,158.1,15
21.93,38.76,420,22,0.8,2,51.9,72.16,94.14,80,16,155.7,60
21.78,43.49,448,22,0.8,0,50.58,71.07,93.36,80,10,151.74,60
22.45,45.97,378,22,0.8,6,42.95,74.0,96.58,80,24,128.86,60
22.82,44.02,398,18,0.2,0,47.69,73.12,95.11,20,20,143.08,15
22.23,41.34,427,22,0.8,3,51.5,71.89,95.64,80,15,154.51,60
21.71,45.02,404,22,0.8,2,48.1,72.88,92.98,80,19,144.29,60
22.98,47.97,386,28,1.0,4,45.12,73.66,94.47,100,23,135.35,75
22.48,46.47,372,22,0.8,1,47.08,74.17,93.67,80,26,141.23,60
22.78,47.07,362,22,0.8,0,45.82,74.6,95.28,80,28,137.45,60
22.87,47.07,408,22,0.8,0,46.33,72.74,94.9,80,18,139.0,60
22.52,44.36,368,22,0.8,3,47.97,74.33,93.27,80,26,143.92,60
21.82,43.21,359,18,0.2,2,47.82,74.69,94.77,20,28,143.47,15
21.44,45.17,402,22,0.8,1,46.71,72.99,95.12,80,20,140.12,60
22.8,42.4,455,22,0.8,1,52.11,70.75,92.61,80,9,156.33,60
22.06,40.14,389,22,0.8,2,50.21,73.42,96.05,80,22,150.63,60
21.27,43.42,375,22,0.8,3,48.59,74.04,94.9,80,25,145.76,60
21.95,47.66,377,22,0.8,3,45.16,74.02,95.92,80,25,135.48,60
22.41,47.0,407,28,1.0,3,47.8,72.76,95.02,100,19,143.4,75
22.3,45.3,396,18,0.2,1,43.88,73.29,94.33,20,21,131.65,15
21.15,43.64,417,22,0.8,3,48.74,72.34,96.98,80,17,146.23,60
22.23,46.49,410,18,0.2,6,48.84,72.63,96.58,20,18,146.53,15
23.13,46.17,391,22,0.8,3,45.76,73.43,93.87,80,22,137.27,60
22.19,45.67,410,22,0.8,3,49.89,72.62,95.22,80,18,149.66,60
22.71,41.56,363,22,0.8,1,47.67,74.54,92.96,80,27,143.02,60
22.04,43.61,339,22,0.8,2,45.27,75.54,93.79,80,32,135.81,60
21.68,41.36,408,22,0.8,3,50.42,72.68,93.96,80,18,151.25,60
21.37,41.11,376,22,0.8,1,49.74,73.98,95.1,80,25,149.21,60
21.77,46.82,409,22,0.8,4,45.43,72.72,95.51,80,18,136.28,60
21.8,46.65,361,22,0.8,3,42.03,74.72,96.56,80,28,126.08,60
22.36,45.38,418,22,0.8,1,52.03,72.26,94.94,80,16,156.08,60
21.95,46.06,402,22,0.8,1,46.57,73.0,96.43,80,20,139.71,60
22.45,46.1,399,22,0.8,0,49.11,73.05,93.05,80,20,147.34,60
22.63,43.63,388,28,1.0,0,50.31,73.46,93.51,100,22,150.93,75
21.65,45.48,433,18,0.2,4,46.26,71.75,95.48,20,13,138.78,15
23.11,41.83,418,28,1.0,3,53.5,72.19,93.82,100,16,160.5,75
21.64,44.53,420,18,0.2,3,50.46,72.19,96.69,20,16,151.39,15
23.42,43.37,408,18,0.2,2,51.01,72.68,92.72,20,18,153.04,15
23.19,45.69,400,22,0.8,1,48.38,73.04,93.57,80,20,145.15,60
22.46,45.56,395,18,0.2,5,46.71,73.25,94.07,20,21,140.14,15
21.37,43.83,415,22,0.8,1,46.89,72.45,96.64,80,17,140.66,60
21.4,45.84,425,22,0.8,2,44.88,72.1,97.71,80,15,134.64,60
22.4,48.34,369,18,0.2,3,44.34,74.35,95.5,20,26,133.01,15
21.3,43.54,462,22,0.8,0,49.82,70.54,96.46,80,8,149.46,60
22.37,43.82,379,22,0.8,1,43.91,73.94,95.91,80,24,131.73,60
22.06,42.48,394,28,1.0,0,45.55,73.31,95.98,100,21,136.64,75
22.13,44.41,435,22,0.8,3,48.89,71.61,93.28,80,13,146.68,60
22.43,49.06,429,22,0.8,0,49.23,71.87,95.31,80,14,147.68,60
22.23,46.05,403,22,0.8,2,46.88,72.92,95.58,80,19,140.65,60
21.79,46.53,374,22,0.8,3,46.77,74.11,94.36,80,25,140.31,60
20.82,41.52,380,22,0.8,2,52.3,73.77,95.54,80,24,156.9,60
20.52,47.55,462,22,0.8,1,50.85,70.52,95.51,80,8,152.56,60
22.62,45.74,397,28,1.0,0,49.58,73.13,93.33,100,21,148.73,75
20.77,47.83,387,22,0.8,1,47.38,73.58,95.5,80,23,142.14,60
21.67,45.14,372,22,0.8,1,46.17,74.2,93.19,80,26,138.52,60
21.54,42.27,338,22,0.8,3,46.14,75.56,95.49,80,32,138.42,60
22.14,39.35,434,22,0.8,5,54.8,71.55,94.09,80,13,164.41,60
20.79,47.73,419,22,0.8,2,46.8,72.32,96.14,80,16,140.39,60
21.83,50.67,417,22,0.8,1,45.15,72.41,94.46,80,17,135.44,60
21.76,43.76,373,22,0.8,3,47.23,74.13,95.75,80,25,141.68,60
22.24,48.79,376,22,0.8,1,46.11,74.06,94.73,80,25,138.34,60
21.9,41.04,379,22,0.8,3,45.45,73.93,96.63,80,24,136.35,60
22.35,43.08,403,22,0.8,2,48.79,72.91,94.04,80,19,146.36,60
21.7,50.85,430,22,0.8,3,48.01,71.82,96.19,80,14,144.02,60
21.9,40.07,416,22,0.8,1,50.47,72.35,97.73,80,17,151.42,60
21.7,44.63,418,28,1.0,3,50.29,72.28,96.15,100,16,150.87,75
22.7,44.95,376,22,0.8,3,46.28,74.02,95.15,80,25,138.85,60
21.58,42.18,397,22,0.8,3,49.09,73.12,97.52,80,21,147.27,60
22.21,40.36,366,22,0.8,1,48.59,74.37,96.63,80,27,145.76,60
21.82,48.3,426,22,0.8,5,45.91,72.06,95.55,80,15,137.72,60
21.81,48.86,448,22,0.8,2,46.85,71.16,96.19,80,10,140.56,60
21.33,50.55,414,22,0.8,2,47.94,72.47,94.13,80,17,143.83,60
21.93,48.0,378,18,0.2,3,45.28,73.96,96.94,20,24,135.84,15
21.68,45.62,454,22,0.8,1,48.81,70.87,95.63,80,9,146.44,60
21.47,44.8,416,18,0.2,1,47.32,72.4,97.32,20,17,141.95,15
21.56,47.03,360,22,0.8,2,44.58,74.69,97.41,80,28,133.73,60
22.16,45.8,399,22,0.8,3,46.93,73.1,94.96,80,20,140.78,60
22.25,40.49,378,22,0.8,0,49.06,73.9,95.0,80,24,147.18,60
21.75,44.89,361,22,0.8,1,45.61,74.63,97.43,80,28,136.82,60
21.92,45.99,361,22,0.8,4,46.25,74.62,97.44,80,28,138.76,60
21.76,40.8,358,22,0.8,0,49.6,74.68,96.21,80,28,148.8,60
21.76,42.53,384,22,0.8,0,50.53,73.63,92.02,80,23,151.6,60
22.3,46.28,409,22,0.8,0,49.98,72.63,94.91,80,18,149.94,60
21.65,47.76,392,22,0.8,1,47.36,73.38,93.84,80,22,142.07,60
22.13,51.29,395,22,0.8,2,47.53,73.24,95.43,80,21,142.59,60
21.19,47.32,440,22,0.8,4,50.05,71.39,96.56,80,12,150.16,60
21.25,44.32,358,22,0.8,2,44.89,74.78,97.2,80,28,134.66,60
22.86,43.63,340,18,0.2,2,47.65,75.45,93.47,20,32,142.96,15
21.44,46.22,397,22,0.8,1,46.09,73.18,96.28,80,21,138.27,60
21.5,39.76,429,18,0.2,6,52.06,71.78,93.94,20,14,156.18,15
22.05,44.09,349,22,0.8,2,43.59,75.16,95.56,80,30,130.78,60
21.84,43.0,391,22,0.8,2,47.51,73.4,93.74,80,22,142.54,60
22.11,44.3,380,22,0.8,1,46.02,73.88,95.34,80,24,138.06,60
21.24,43.18,374,22,0.8,4,46.14,74.11,97.8,80,25,138.42,60
21.38,42.86,414,28,1.0,4,50.67,72.42,96.12,100,17,152.02,75
21.92,40.93,405,28,1.0,1,51.1,72.76,95.46,100,19,153.29,75
21.73,44.45,374,22,0.8,2,45.91,74.14,94.3,80,25,137.74,60
22.12,43.54,387,22,0.8,3,47.8,73.56,96.35,80,23,143.4,60
22.66,45.33,382,28,1.0,0,48.63,73.75,92.67,100,24,145.89,75
22.33,45.47,389,18,0.2,3,46.13,73.52,92.98,20,22,138.38,15
22.37,46.72,393,22,0.8,2,43.65,73.4,96.04,80,21,130.95,60
22.2,50.76,410,18,0.2,2,44.83,72.71,97.58,20,18,134.48,15
21.97,40.05,439,22,0.8,2,53.4,71.37,95.14,80,12,160.2,60
21.6,44.72,343,22,0.8,1,45.06,75.39,94.47,80,31,135.17,60
23.39,42.45,413,18,0.2,0,50.48,72.45,92.83,20,17,151.43,15
21.84,46.11,404,18,0.2,4,48.29,72.85,93.55,20,19,144.88,15
21.72,44.95,391,22,0.8,5,47.49,73.4,94.59,80,22,142.48,60
21.73,47.59,417,22,0.8,0,43.16,72.45,94.74,80,17,129.47,60
21.85,46.23,418,22,0.8,1,49.23,72.31,96.89,80,16,147.68,60
21.64,49.27,447,22,0.8,2,48.45,71.17,95.84,80,11,145.35,60
22.22,47.21,402,22,0.8,1,43.07,73.05,94.79,80,20,129.21,60
22.62,44.91,389,22,0.8,5,49.17,73.46,93.45,80,22,147.5,60
22.71,42.37,369,22,0.8,1,51.38,74.23,92.45,80,26,154.13,60
21.02,40.87,411,22,0.8,4,50.55,72.56,95.6,80,18,151.64,60
21.3,43.98,415,18,0.2,5,50.94,72.39,93.2,20,17,152.81,15
21.58,40.15,407,22,0.8,0,49.02,72.74,94.75,80,19,147.05,60
22.67,44.65,392,22,0.8,3,46.97,73.4,95.71,80,22,140.92,60
21.71,46.9,391,22,0.8,1,45.92,73.44,93.56,80,22,137.77,60
21.96,45.98,404,22,0.8,4,48.12,72.87,93.83,80,19,144.36,60
21.54,45.34,361,28,1.0,5,46.76,74.61,95.35,100,28,140.28,75
21.92,44.05,338,22,0.8,2,48.5,75.51,92.8,80,32,145.51,60
21.44,42.03,471,18,0.2,5,50.7,70.14,93.97,20,6,152.11,15
22.73,40.69,424,22,0.8,1,51.23,72.01,93.73,80,15,153.7,60
22.01,43.32,409,18,0.2,2,49.31,72.64,95.78,20,18,147.94,15
21.73,42.03,403,28,1.0,1,47.32,72.93,95.3,100,19,141.95,75
22.64,41.58,391,28,1.0,2,46.65,73.42,94.36,100,22,139.95,75
22.54,40.89,395,22,0.8,0,49.41,73.22,94.97,80,21,148.22,60
21.88,47.53,454,22,0.8,4,49.59,70.86,95.48,80,9,148.78,60
21.86,38.38,443,22,0.8,4,54.31,71.18,97.86,80,11,162.94,60
21.97,42.68,410,22,0.8,0,50.39,72.59,95.22,80,18,151.17,60
21.89,44.51,436,22,0.8,5,51.61,71.52,95.42,80,13,154.84,60
21.27,45.51,408,22,0.8,4,50.19,72.66,97.01,80,18,150.58,60
20.89,42.55,368,22,0.8,4,48.23,74.33,94.8,80,26,144.68,60
21.54,40.39,387,22,0.8,1,46.69,73.57,96.78,80,23,140.06,60
21.5,40.62,393,22,0.8,3,50.03,73.27,96.12,80,21,150.1,60
22.43,44.37,361,18,0.2,2,46.24,74.64,95.23,20,28,138.73,15
22.08,44.04,416,22,0.8,2,48.03,72.41,93.65,80,17,144.1,60
21.74,39.42,393,18,0.2,3,48.55,73.3,94.27,20,21,145.65,15
22.12,44.8,410,22,0.8,3,43.87,72.71,97.74,80,18,131.6,60
22.4,44.13,417,22,0.8,0,50.64,72.31,95.21,80,17,151.91,60
21.86,48.56,414,22,0.8,3,48.44,72.46,93.14,80,17,145.32,60
21.73,46.93,417,18,0.2,1,47.6,72.39,95.67,20,17,142.79,15
22.17,45.87,410,22,0.8,2,50.78,72.6,94.61,80,18,152.35,60
22.24,49.62,431,22,0.8,1,47.38,71.82,94.17,80,14,142.13,60
22.31,42.7,396,22,0.8,1,46.79,73.2,96.33,80,21,140.38,60
22.61,45.7,355,22,0.8,5,48.31,74.85,93.05,80,29,144.93,60
21.63,45.22,418,22,0.8,2,47.34,72.33,96.31,80,16,142.02,60
21.63,46.05,393,22,0.8,1,45.21,73.38,96.3,80,21,135.62,60
22.14,42.99,387,22,0.8,3,45.92,73.61,95.01,80,23,137.75,60
21.61,44.46,420,22,0.8,2,49.0,72.21,97.46,80,16,147.01,60
22.6,44.18,431,22,0.8,2,48.04,71.79,93.95,80,14,144.13,60
21.84,47.68,425,18,0.2,1,45.67,72.1,95.72,20,15,137.01,15
22.32,44.03,424,22,0.8,5,49.19,72.04,95.87,80,15,147.56,60
21.93,43.92,394,22,0.8,1,48.66,73.25,93.68,80,21,145.99,60
21.56,46.06,383,22,0.8,4,47.29,73.73,96.42,80,23,141.87,60
22.16,46.28,408,22,0.8,0,46.49,72.76,95.86,80,18,139.46,60
22.95,44.2,373,22,0.8,1,46.65,74.14,94.34,80,25,139.95,60
21.94,41.33,426,22,0.8,3,50.67,71.94,96.69,80,15,152.01,60
22.61,48.66,407,28,1.0,2,45.73,72.81,95.96,100,19,137.2,75
21.64,43.96,369,22,0.8,5,45.53,74.32,95.44,80,26,136.59,60
21.83,40.91,400,22,0.8,0,47.09,73.05,94.67,80,20,141.26,60
21.51,45.74,386,22,0.8,3,45.79,73.64,93.9,80,23,137.38,60
21.85,44.21,402,18,0.2,7,48.99,72.95,94.38,20,20,146.97,15
21.85,45.17,367,22,0.8,2,45.46,74.4,95.77,80,27,136.38,60
21.29,41.46,396,22,0.8,2,48.2,73.21,96.48,80,21,144.61,60
22.96,46.3,414,22,0.8,1,49.66,72.45,94.07,80,17,148.99,60
21.43,45.22,402,22,0.8,3,47.46,72.98,95.49,80,20,142.38,60
22.52,46.41,399,22,0.8,0,47.39,73.1,94.21,80,20,142.16,60
21.5,40.44,378,22,0.8,1,47.86,73.93,95.77,80,24,143.57,60
22.58,45.02,437,22,0.8,2,49.85,71.54,93.47,80,13,149.54,60
22.84,49.04,418,28,1.0,3,45.85,72.35,93.21,100,16,137.56,75
22.41,50.92,416,22,0.8,3,44.27,72.49,95.91,80,17,132.8,60
22.56,40.95,381,22,0.8,3,49.42,73.79,95.28,80,24,148.27,60
22.37,43.52,405,22,0.8,1,46.28,72.89,96.93,80,19,138.84,60
21.96,46.84,424,22,0.8,1,46.26,72.13,95.36,80,15,138.79,60
22.44,41.08,364,22,0.8,1,51.74,74.39,92.66,80,27,155.23,60
21.85,41.17,410,22,0.8,6,48.89,72.63,94.82,80,18,146.66,60
21.79,49.44,438,22,0.8,2,47.19,71.56,94.75,80,12,141.56,60
21.57,46.63,407,22,0.8,0,46.7,72.8,95.61,80,19,140.11,60
22.1,43.42,384,18,0.2,2,47.49,73.7,95.75,20,23,142.46,15
21.83,43.9,446,18,0.2,2,49.14,71.19,95.96,20,11,147.42,15
23.35,47.52,427,22,0.8,2,47.85,71.97,93.0,80,15,143.54,60
22.1,42.34,463,22,0.8,4,49.3,70.51,95.21,80,7,147.89,60
21.97,43.44,370,22,0.8,2,47.16,74.26,95.78,80,26,141.49,60
20.82,46.41,383,28,1.0,3,45.6,73.77,96.88,100,23,136.8,75
21.94,45.07,419,22,0.8,3,48.67,72.25,96.02,80,16,146.02,60
21.53,41.42,400,22,0.8,6,51.77,72.95,95.6,80,20,155.32,60
22.05,42.85,415,22,0.8,1,47.82,72.42,96.02,80,17,143.47,60
22.7,45.0,404,22,0.8,4,45.51,72.94,94.35,80,19,136.52,60
22.96,40.42,400,22,0.8,5,53.53,72.94,92.07,80,20,160.59,60
22.44,42.04,436,22,0.8,1,51.69,71.51,92.73,80,13,155.06,60
21.56,47.55,402,22,0.8,2,45.36,73.01,98.11,80,20,136.08,60
22.42,44.94,394,22,0.8,0,46.02,73.32,94.25,80,21,138.07,60
21.31,48.73,375,18,0.2,1,45.26,74.11,95.1,20,25,135.78,15
21.84,45.88,369,22,0.8,0,44.71,74.33,96.18,80,26,134.13,60
22.17,45.29,406,22,0.8,2,48.28,72.79,94.58,80,19,144.84,60
22.36,42.08,421,22,0.8,4,55.23,72.06,92.22,80,16,165.7,60
21.96,47.07,390,22,0.8,2,46.52,73.45,94.4,80,22,139.56,60
22.14,47.53,394,22,0.8,3,46.99,73.29,94.79,80,21,140.96,60
22.29,48.86,431,22,0.8,3,47.81,71.79,93.33,80,14,143.42,60
22.4,47.26,414,22,0.8,1,46.26,72.52,96.79,80,17,138.79,60
23.1,43.48,387,22,0.8,7,48.29,73.57,93.47,80,23,144.87,60
21.78,46.82,409,22,0.8,5,51.27,72.63,96.28,80,18,153.81,60
22.73,45.5,426,22,0.8,2,52.41,71.9,92.36,80,15,157.22,60
22.02,47.74,367,28,1.0,1,43.73,74.43,97.38,100,27,131.2,75
22.33,40.12,408,22,0.8,1,51.51,72.63,91.84,80,18,154.52,60
22.32,46.47,371,22,0.8,1,45.83,74.25,96.31,80,26,137.48,60
21.46,40.37,426,22,0.8,2,52.75,71.9,92.34,80,15,158.26,60
22.17,42.93,447,22,0.8,1,49.86,71.13,93.15,80,11,149.57,60
22.38,45.34,421,22,0.8,2,44.62,72.27,95.54,80,16,133.87,60
22.21,48.48,411,22,0.8,0,43.43,72.68,95.47,80,18,130.28,60
21.66,43.1,387,28,1.0,5,49.51,73.53,96.99,100,23,148.54,75
22.14,41.5,391,22,0.8,1,50.04,73.37,94.89,80,22,150.13,60
21.8,41.38,364,22,0.8,3,47.61,74.5,94.17,80,27,142.83,60
21.73,48.98,452,22,0.8,1,46.72,70.97,96.42,80,10,140.15,60
21.71,45.0,379,22,0.8,4,45.61,73.92,96.81,80,24,136.84,60
21.22,47.86,393,22,0.8,5,45.43,73.39,96.73,80,21,136.3,60
22.37,48.94,444,22,0.8,3,45.97,71.32,94.83,80,11,137.9,60
21.43,42.38,434,22,0.8,1,51.36,71.62,96.09,80,13,154.09,60
22.25,45.94,418,22,0.8,2,49.45,72.3,96.47,80,16,148.34,60
21.09,42.79,400,22,0.8,3,51.34,72.99,91.85,80,20,154.02,60
21.13,40.24,398,28,1.0,4,50.5,73.07,97.15,100,20,151.51,75
22.18,44.45,370,18,0.2,1,45.52,74.28,93.36,20,26,136.56,15
21.52,48.36,398,22,0.8,4,48.16,73.11,95.21,80,20,144.49,60
20.89,41.41,369,22,0.8,5,49.14,74.26,96.97,80,26,147.42,60
21.3,40.83,351,22,0.8,3,46.94,75.02,93.58,80,30,140.83,60
22.12,42.04,353,22,0.8,0,45.74,74.98,96.07,80,29,137.23,60
22.67,43.84,371,28,1.0,3,48.83,74.19,93.03,100,26,146.48,75
22.03,44.21,361,18,0.2,2,42.88,74.7,96.61,20,28,128.65,15
21.66,43.48,414,22,0.8,4,48.34,72.49,94.37,80,17,145.02,60
22.9,46.03,408,22,0.8,2,47.5,72.71,93.58,80,18,142.51,60
21.59,45.03,372,22,0.8,1,43.82,74.24,95.0,80,26,131.45,60
22.48,42.17,396,22,0.8,1,50.54,73.16,93.43,80,21,151.63,60
21.66,47.29,387,22,0.8,1,47.15,73.59,94.04,80,23,141.46,60
22.43,47.19,359,22,0.8,2,46.74,74.69,93.92,80,28,140.21,60
22.12,45.71,428,22,0.8,2,47.96,71.94,96.4,80,14,143.89,60
22.09,43.85,431,22,0.8,2,48.76,71.77,95.38,80,14,146.29,60
22.06,45.07,404,22,0.8,2,47.75,72.88,96.56,80,19,143.26,60
22.29,44.58,419,22,0.8,3,48.69,72.27,93.61,80,16,146.06,60
22.78,41.8,360,22,0.8,1,48.02,74.64,94.61,80,28,144.07,60
22.0,45.82,392,22,0.8,2,47.87,73.36,94.84,80,22,143.61,60
21.91,50.61,381,28,1.0,4,41.9,73.92,97.57,100,24,125.71,75
21.87,45.66,374,22,0.8,1,47.0,74.11,96.28,80,25,141.0,60
21.35,43.74,412,22,0.8,2,50.5,72.53,94.67,80,18,151.49,60
21.95,46.28,380,22,0.8,2,46.14,73.88,96.32,80,24,138.43,60
21.39,37.65,382,22,0.8,2,49.92,73.71,94.05,80,24,149.75,60
21.32,47.49,435,22,0.8,2,44.36,71.71,95.23,80,13,133.08,60
22.61,46.47,396,22,0.8,2,45.68,73.23,94.67,80,21,137.03,60
21.73,44.9,379,22,0.8,3,43.85,73.97,98.55,80,24,131.54,60
22.27,46.66,376,22,0.8,3,47.28,74.01,92.87,80,25,141.84,60
22.63,40.45,421,22,0.8,3,50.55,72.15,95.89,80,16,151.66,60
21.93,44.6,358,18,0.2,1,43.24,74.81,97.5,20,28,129.73,15
21.04,42.94,381,28,1.0,4,50.01,73.76,96.46,100,24,150.02,75
22.18,46.77,423,28,1.0,3,49.06,72.09,93.53,100,15,147.18,75
22.34,41.13,391,28,1.0,2,48.87,73.39,94.87,100,22,146.6,75
22.14,45.75,386,28,1.0,2,47.09,73.61,93.99,100,23,141.28,75
21.71,44.56,372,22,0.8,5,47.83,74.18,97.03,80,26,143.48,60
22.8,49.69,398,28,1.0,2,44.45,73.2,94.17,100,20,133.36,75
22.35,47.35,398,22,0.8,4,43.78,73.19,96.08,80,20,131.33,60
21.4,41.44,334,22,0.8,2,47.26,75.68,95.1,80,33,141.78,60
22.39,44.41,388,22,0.8,3,45.84,73.56,95.4,80,22,137.53,60
22.34,47.44,381,22,0.8,1,43.99,73.88,93.88,80,24,131.98,60
22.21,44.86,371,28,1.0,2,46.06,74.26,94.35,100,26,138.19,75
21.67,45.51,377,28,1.0,3,45.05,74.04,95.25,100,25,135.16,75
21.85,47.21,374,18,0.2,4,47.06,74.09,94.64,20,25,141.18,15
21.63,44.48,364,28,1.0,4,44.26,74.57,97.66,100,27,132.77,75
22.39,46.52,413,22,0.8,1,47.94,72.54,94.88,80,17,143.82,60
22.43,46.91,409,28,1.0,2,47.62,72.67,93.18,100,18,142.86,75
22.5,39.29,442,18,0.2,5,51.54,71.3,95.27,20,12,154.63,15
21.58,44.34,375,28,1.0,1,45.43,74.08,96.61,100,25,136.3,75
21.63,45.25,399,22,0.8,0,48.17,73.07,97.39,80,20,144.51,60
21.51,47.61,402,22,0.8,3,45.17,73.02,97.7,80,20,135.52,60
20.98,43.5,371,22,0.8,1,48.85,74.19,92.63,80,26,146.56,60
22.38,45.46,423,22,0.8,1,44.59,72.18,95.02,80,15,133.78,60
22.25,40.09,381,22,0.8,5,50.03,73.76,94.84,80,24,150.09,60
21.85,46.97,425,18,0.2,5,47.11,72.05,96.51,20,15,141.32,15
21.89,43.24,379,22,0.8,3,46.31,73.93,96.24,80,24,138.92,60
22.57,48.26,386,22,0.8,4,44.28,73.69,95.62,80,23,132.84,60
21.52,45.83,426,18,0.2,2,46.12,72.04,95.79,20,15,138.35,15
21.77,44.68,365,22,0.8,6,43.23,74.52,95.54,80,27,129.69,60
22.97,46.89,426,22,0.8,3,46.04,72.04,94.51,80,15,138.13,60
21.73,42.98,432,18,0.2,2,50.38,71.7,95.51,20,14,151.14,15
22.35,40.95,389,22,0.8,4,51.19,73.4,93.43,80,22,153.56,60
21.71,45.85,414,22,0.8,1,45.1,72.55,95.33,80,17,135.31,60
22.65,42.37,382,22,0.8,5,49.43,73.72,93.12,80,24,148.28,60
21.36,46.89,356,28,1.0,0,44.8,74.87,93.63,100,29,134.39,75
22.2,43.27,377,22,0.8,3,45.95,74.0,94.38,80,25,137.86,60
21.67,44.18,408,22,0.8,3,49.55,72.71,97.01,80,18,148.66,60
22.17,46.84,399,22,0.8,2,46.3,73.13,94.74,80,20,138.91,60
21.73,44.99,376,22,0.8,5,48.95,73.99,95.47,80,25,146.85,60
21.51,50.37,397,22,0.8,1,45.84,73.19,95.36,80,21,137.52,60
22.89,42.28,462,22,0.8,3,51.06,70.48,92.6,80,8,153.18,60
21.88,44.19,411,22,0.8,1,48.16,72.59,97.26,80,18,144.47,60
22.44,40.89,391,18,0.2,1,49.22,73.39,94.45,20,22,147.67,15
22.26,45.88,373,22,0.8,2,45.97,74.14,94.34,80,25,137.92,60
22.22,42.67,392,22,0.8,1,47.6,73.36,95.66,80,22,142.8,60
21.66,47.27,434,22,0.8,2,47.72,71.69,95.56,80,13,143.15,60
22.84,47.12,380,22,0.8,6,44.51,73.9,95.02,80,24,133.52,60
22.72,43.85,398,22,0.8,4,47.92,73.13,93.96,80,20,143.75,60
22.06,43.07,402,28,1.0,1,48.3,72.97,96.12,100,20,144.9,75
21.73,45.09,387,22,0.8,1,48.88,73.56,94.08,80,23,146.65,60
22.97,46.52,404,22,0.8,1,47.03,72.92,94.35,80,19,141.08,60
22.1,47.21,409,22,0.8,3,44.6,72.74,96.43,80,18,133.79,60
22.52,45.0,420,22,0.8,3,48.13,72.22,96.02,80,16,144.4,60
21.2,46.97,395,22,0.8,1,45.55,73.3,98.11,80,21,136.66,60
22.19,48.69,428,18,0.2,0,49.02,71.89,94.05,20,14,147.06,15
22.44,44.04,397,22,0.8,1,46.43,73.19,95.9,80,21,139.28,60
23.22,47.25,403,22,0.8,2,45.77,72.95,93.52,80,19,137.32,60
22.61,46.57,456,22,0.8,4,52.31,70.72,93.17,80,9,156.94,60
21.31,43.52,389,28,1.0,3,50.48,73.44,93.88,100,22,151.45,75
22.1,38.75,377,22,0.8,1,45.46,74.03,97.06,80,25,136.39,60
22.46,43.88,395,22,0.8,1,46.52,73.27,93.86,80,21,139.57,60
22.67,44.49,402,22,0.8,2,46.86,72.99,95.39,80,20,140.59,60
21.6,41.8,467,22,0.8,3,50.7,70.29,93.92,80,7,152.11,60
22.02,45.51,342,22,0.8,1,47.49,75.35,93.23,80,32,142.46,60
22.48,45.1,443,18,0.2,1,48.11,71.33,94.24,20,11,144.34,15
22.4,38.99,413,22,0.8,4,48.13,72.52,95.04,80,17,144.39,60
22.23,45.41,350,22,0.8,0,49.05,75.02,95.74,80,30,147.16,60
22.76,42.34,423,22,0.8,2,50.55,72.08,95.36,80,15,151.65,60
21.83,43.74,387,22,0.8,2,46.39,73.58,94.33,80,23,139.16,60
22.11,48.46,436,28,1.0,3,45.98,71.63,94.05,100,13,137.95,75
22.54,42.42,435,22,0.8,2,47.3,71.67,94.4,80,13,141.9,60
22.09,46.64,420,22,0.8,1,45.25,72.29,95.16,80,16,135.74,60
22.05,46.83,419,22,0.8,1,42.68,72.4,96.32,80,16,128.04,60
22.63,45.55,385,22,0.8,1,44.15,73.7,95.74,80,23,132.46,60
22.45,44.71,399,22,0.8,3,49.15,73.07,93.62,80,20,147.45,60
21.03,40.28,428,22,0.8,1,48.6,71.91,95.84,80,14,145.79,60
21.88,45.05,364,22,0.8,2,41.71,74.62,96.28,80,27,125.14,60
22.4,41.31,339,22,0.8,4,46.76,75.49,94.76,80,32,140.29,60
22.88,41.49,398,28,1.0,5,51.92,73.04,94.44,100,20,155.75,75
23.19,43.37,362,28,1.0,2,46.38,74.6,93.63,100,28,139.15,75
22.04,43.18,380,22,0.8,2,43.79,73.92,96.2,80,24,131.37,60
21.97,44.85,387,28,1.0,2,48.03,73.55,95.73,100,23,144.08,75
21.88,47.39,361,28,1.0,0,43.2,74.68,96.76,100,28,129.59,75
21.73,47.63,438,22,0.8,1,48.25,71.53,94.45,80,12,144.74,60
22.27,43.88,401,28,1.0,3,46.96,73.04,94.67,100,20,140.87,75
21.48,39.93,391,22,0.8,3,49.54,73.38,95.33,80,22,148.61,60
21.7,39.94,418,18,0.2,4,49.31,72.31,94.13,20,16,147.93,15
20.55,44.13,384,22,0.8,0,50.27,73.61,93.64,80,23,150.82,60
21.7,39.25,453,22,0.8,0,52.37,70.84,96.74,80,9,157.1,60
21.91,45.56,403,22,0.8,2,50.38,72.87,94.14,80,19,151.14,60
21.7,46.53,394,28,1.0,3,48.67,73.26,93.52,100,21,146.02,75
21.79,44.81,346,22,0.8,2,44.98,75.27,96.32,80,31,134.95,60
22.52,49.72,411,22,0.8,1,44.54,72.66,96.31,80,18,133.62,60
21.14,45.68,363,22,0.8,4,47.84,74.5,96.27,80,27,143.53,60
22.06,42.83,374,22,0.8,0,46.63,74.12,95.04,80,25,139.88,60
21.56,43.18,455,22,0.8,2,48.33,70.82,96.07,80,9,144.99,60
21.41,46.31,389,28,1.0,2,49.45,73.45,93.99,100,22,148.36,75
22.37,42.47,358,22,0.8,5,48.72,74.69,93.28,80,28,146.16,60
21.51,43.26,358,22,0.8,5,48.21,74.71,96.32,80,28,144.64,60
21.44,51.41,365,22,0.8,4,41.3,74.59,95.75,80,27,123.9,60
22.84,45.25,426,22,0.8,1,46.92,72.02,94.1,80,15,140.75,60
21.89,44.84,415,22,0.8,2,47.5,72.45,93.59,80,17,142.51,60
20.66,48.15,388,22,0.8,1,48.58,73.5,94.74,80,22,145.75,60
22.56,41.37,433,28,1.0,3,51.3,71.64,96.15,100,13,153.89,75
21.76,45.72,398,22,0.8,5,49.26,73.08,95.82,80,20,147.78,60
22.22,48.71,404,22,0.8,5,44.0,72.95,95.9,80,19,132.01,60
21.85,40.9,391,22,0.8,2,49.23,73.38,96.16,80,22,147.7,60
21.76,44.58,362,22,0.8,2,47.28,74.59,94.47,80,28,141.85,60
22.3,43.85,403,28,1.0,4,50.11,72.89,94.23,100,19,150.32,75
22.11,40.16,356,22,0.8,1,50.15,74.76,95.42,80,29,150.45,60
21.91,47.07,432,22,0.8,2,46.89,71.8,95.08,80,14,140.68,60
21.44,47.51,423,22,0.8,1,46.52,72.14,95.4,80,15,139.56,60
21.86,48.09,375,28,1.0,1,44.64,74.09,95.3,100,25,133.91,75
21.54,45.12,357,22,0.8,2,44.4,74.84,95.11,80,29,133.21,60
21.8,43.24,423,22,0.8,1,48.33,72.11,96.43,80,15,144.99,60
21.15,43.27,446,18,0.2,2,51.47,71.14,94.23,20,11,154.42,15
21.62,44.83,396,22,0.8,0,48.95,73.19,94.28,80,21,146.86,60
22.02,41.36,421,28,1.0,1,52.37,72.12,93.93,100,16,157.11,75
22.58,46.35,413,18,0.2,2,49.11,72.48,92.55,20,17,147.34,15
22.49,44.5,442,22,0.8,3,47.73,71.36,94.13,80,12,143.18,60
22.0,50.57,418,22,0.8,1,43.2,72.4,95.73,80,16,129.59,60
20.97,48.86,359,22,0.8,3,46.48,74.73,97.16,80,28,139.43,60
22.01,43.03,376,22,0.8,1,43.31,74.1,95.26,80,25,129.94,60
21.88,47.21,392,22,0.8,7,45.62,73.4,95.91,80,22,136.86,60
21.7,45.12,444,22,0.8,2,46.81,71.3,98.33,80,11,140.42,60
20.95,45.76,368,22,0.8,1,47.44,74.32,93.54,80,26,142.33,60
21.68,44.66,379,22,0.8,4,48.24,73.86,94.95,80,24,144.71,60
21.45,44.09,439,22,0.8,7,49.71,71.46,97.29,80,12,149.13,60
22.23,45.38,416,22,0.8,1,45.54,72.44,95.38,80,17,136.63,60
21.74,46.46,431,22,0.8,3,46.69,71.84,96.33,80,14,140.08,60
22.16,45.52,406,22,0.8,1,47.5,72.82,94.9,80,19,142.49,60
21.75,48.99,410,22,0.8,1,44.11,72.7,97.23,80,18,132.32,60
21.96,38.55,446,28,1.0,2,52.97,71.08,94.29,100,11,158.92,75
22.58,41.67,386,22,0.8,0,50.35,73.56,94.24,80,23,151.04,60
22.58,41.38,401,22,0.8,1,51.26,72.94,93.77,80,20,153.78,60
22.35,47.06,339,28,1.0,3,44.59,75.54,95.73,100,32,133.77,75
23.15,42.5,400,18,0.2,4,47.37,73.05,93.8,20,20,142.12,15
21.5,44.41,370,22,0.8,3,45.2,74.31,97.65,80,26,135.61,60
21.17,47.38,437,22,0.8,1,50.03,71.5,94.16,80,13,150.08,60
21.81,43.53,410,22,0.8,3,48.01,72.64,97.67,80,18,144.04,60
21.54,42.61,379,28,1.0,2,48.34,73.86,94.2,100,24,145.02,75
22.13,44.8,437,22,0.8,2,51.13,71.49,93.02,80,13,153.39,60
22.29,50.31,402,22,0.8,3,46.43,72.99,95.55,80,20,139.29,60
22.34,44.89,401,28,1.0,1,48.13,73.01,97.01,100,20,144.38,75
21.45,46.18,372,28,1.0,1,45.52,74.21,94.82,100,26,136.56,75
22.08,40.79,445,22,0.8,1,47.91,71.25,95.88,80,11,143.73,60
22.09,45.14,390,22,0.8,5,49.44,73.42,95.97,80,22,148.32,60
21.86,44.03,388,22,0.8,2,46.41,73.55,96.67,80,22,139.23,60
22.2,49.79,358,22,0.8,1,42.47,74.84,95.27,80,28,127.4,60
21.76,42.42,405,22,0.8,3,50.03,72.78,95.64,80,19,150.1,60
21.18,47.28,387,22,0.8,3,49.95,73.53,96.46,80,23,149.85,60
21.64,44.5,389,22,0.8,2,45.06,73.55,96.03,80,22,135.18,60
21.93,45.42,403,22,0.8,2,46.88,72.93,94.87,80,19,140.64,60
21.51,44.66,403,22,0.8,2,48.19,72.92,95.79,80,19,144.57,60
21.77,45.86,434,22,0.8,4,49.32,71.64,95.55,80,13,147.97,60
21.97,43.2,417,22,0.8,1,48.04,72.35,95.57,80,17,144.12,60
21.78,46.68,391,22,0.8,1,47.27,73.4,96.52,80,22,141.8,60
22.07,45.83,394,22,0.8,3,49.32,73.27,93.74,80,21,147.97,60
21.89,45.54,363,22,0.8,1,44.35,74.59,95.19,80,27,133.06,60
22.78,45.55,393,22,0.8,1,46.39,73.37,94.58,80,21,139.17,60
22.0,47.93,427,22,0.8,2,45.39,72.02,95.62,80,15,136.18,60
21.57,42.44,418,22,0.8,0,48.65,72.29,93.49,80,16,145.95,60
22.06,47.68,437,22,0.8,3,47.54,71.59,94.87,80,13,142.62,60
22.32,44.27,433,22,0.8,3,48.58,71.69,96.7,80,13,145.74,60
21.66,43.4,413,28,1.0,2,48.19,72.52,95.6,100,17,144.57,75
22.85,47.75,372,22,0.8,1,44.3,74.24,95.01,80,26,132.9,60
22.02,48.12,452,22,0.8,1,50.42,70.92,96.61,80,10,151.25,60
22.23,43.59,391,22,0.8,1,46.49,73.42,93.97,80,22,139.46,60
21.92,44.94,410,28,1.0,1,46.1,72.67,95.3,100,18,138.29,75
22.38,47.63,382,22,0.8,3,46.0,73.81,93.44,80,24,138.01,60
21.67,46.13,422,22,0.8,6,46.11,72.2,96.84,80,16,138.33,60
21.14,45.28,377,22,0.8,3,46.95,73.97,95.64,80,25,140.85,60
21.8,44.18,359,22,0.8,4,46.65,74.71,94.52,80,28,139.94,60
22.75,51.29,434,22,0.8,6,45.66,71.72,93.29,80,13,136.97,60
21.66,48.85,424,28,1.0,4,46.21,72.12,94.77,100,15,138.62,75
22.63,45.29,341,22,0.8,2,48.9,75.4,93.49,80,32,146.69,60
22.15,48.71,407,22,0.8,1,47.77,72.76,95.48,80,19,143.3,60
22.27,48.23,387,22,0.8,0,46.25,73.59,95.17,80,23,138.75,60
22.02,45.44,386,18,0.2,3,49.18,73.59,95.62,20,23,147.54,15
21.53,40.34,408,22,0.8,9,48.73,72.7,96.77,80,18,146.18,60
22.7,51.62,439,22,0.8,1,45.62,71.51,94.06,80,12,136.85,60
21.76,47.67,383,22,0.8,4,45.87,73.76,95.15,80,23,137.6,60
21.99,47.46,387,22,0.8,3,46.18,73.6,97.79,80,23,138.55,60
22.22,47.65,423,22,0.8,3,49.33,72.09,93.14,80,15,147.98,60
21.95,41.96,351,28,1.0,3,49.46,74.98,94.55,100,30,148.37,75
22.17,48.53,395,22,0.8,3,47.28,73.24,93.4,80,21,141.85,60
22.27,42.7,464,28,1.0,2,50.34,70.42,93.25,100,7,151.02,75
22.94,46.51,407,22,0.8,1,46.87,72.78,94.63,80,19,140.61,60
22.03,42.73,376,22,0.8,2,49.26,73.98,96.6,80,25,147.79,60
22.58,50.67,380,28,1.0,3,46.29,73.87,96.08,100,24,138.88,75
21.74,41.81,408,22,0.8,2,48.46,72.7,94.7,80,18,145.37,60
21.26,42.51,358,22,0.8,2,48.0,74.73,96.87,80,28,143.99,60
21.8,46.95,396,22,0.8,1,44.21,73.27,97.75,80,21,132.62,60
22.08,44.17,437,22,0.8,2,47.15,71.59,95.23,80,13,141.46,60
22.12,41.2,395,22,0.8,1,48.54,73.24,94.96,80,21,145.62,60
22.37,44.64,425,22,0.8,2,49.87,72.02,94.37,80,15,149.62,60
22.2,49.18,399,22,0.8,2,42.2,73.19,95.61,80,20,126.59,60
22.3,40.91,435,22,0.8,3,50.96,71.59,93.9,80,13,152.89,60
22.13,39.63,376,28,1.0,3,47.32,74.01,94.99,100,25,141.95,75
22.36,45.65,393,22,0.8,0,45.0,73.39,95.71,80,21,134.99,60
22.55,44.72,403,22,0.8,6,44.83,72.98,95.67,80,19,134.49,60
21.72,43.45,415,22,0.8,4,48.37,72.45,96.41,80,17,145.1,60
22.07,48.2,414,22,0.8,1,45.99,72.52,95.93,80,17,137.97,60
22.18,42.54,399,22,0.8,0,47.78,73.07,94.02,80,20,143.35,60
21.53,41.29,390,28,1.0,2,46.8,73.48,94.82,100,22,140.41,75
22.27,43.5,394,22,0.8,2,49.06,73.26,94.24,80,21,147.17,60
21.38,47.51,462,22,0.8,6,49.38,70.52,92.96,80,8,148.15,60
22.62,50.03,434,22,0.8,1,46.03,71.72,94.48,80,13,138.08,60
21.29,46.43,427,18,0.2,2,49.42,71.92,96.6,20,15,148.25,15
21.65,46.76,413,22,0.8,3,43.36,72.63,96.31,80,17,130.08,60
21.59,43.95,422,22,0.8,4,47.05,72.17,94.05,80,16,141.14,60
21.92,46.61,438,22,0.8,5,44.72,71.57,94.19,80,12,134.16,60
21.85,48.55,375,22,0.8,5,44.02,74.13,94.92,80,25,132.05,60
22.09,43.38,395,22,0.8,2,48.27,73.23,96.17,80,21,144.82,60
21.5,44.73,381,22,0.8,3,45.24,73.86,98.47,80,24,135.72,60
22.14,44.59,390,28,1.0,1,45.39,73.47,96.04,100,22,136.18,75
21.54,44.72,409,22,0.8,1,46.61,72.71,95.61,80,18,139.82,60
22.56,43.08,407,22,0.8,4,49.78,72.71,95.24,80,19,149.35,60
22.23,45.19,388,22,0.8,2,45.51,73.56,95.28,80,22,136.53,60
21.79,46.38,416,22,0.8,3,43.75,72.49,97.29,80,17,131.25,60
21.77,45.82,409,22,0.8,2,46.85,72.72,96.88,80,18,140.55,60
21.52,46.85,394,22,0.8,1,46.37,73.3,95.23,80,21,139.11,60
21.84,43.59,382,22,0.8,0,47.48,73.76,96.44,80,24,142.44,60
22.71,41.71,416,28,1.0,1,48.38,72.38,94.77,100,17,145.15,75
21.85,45.78,395,22,0.8,0,45.34,73.29,94.68,80,21,136.02,60
21.83,44.85,379,22,0.8,0,48.76,73.85,95.41,80,24,146.29,60
22.27,46.21,372,28,1.0,1,48.95,74.14,94.61,100,26,146.85,75
21.8,37.48,348,22,0.8,1,48.61,75.12,98.34,80,30,145.82,60
22.94,45.72,387,22,0.8,5,48.31,73.54,93.64,80,23,144.94,60
21.88,48.23,373,22,0.8,5,45.26,74.17,96.02,80,25,135.79,60
21.87,40.66,426,22,0.8,1,50.74,71.93,97.49,80,15,152.23,60
21.67,45.36,345,22,0.8,1,46.57,75.25,97.07,80,31,139.71,60
21.59,41.89,410,18,0.2,0,50.79,72.58,93.59,20,18,152.36,15
21.71,43.9,355,22,0.8,2,46.06,74.89,97.6,80,29,138.17,60
22.24,47.78,362,22,0.8,2,42.46,74.68,94.24,80,28,127.38,60
22.02,45.54,424,18,0.2,1,48.37,72.05,96.88,20,15,145.12,15
21.77,43.5,429,22,0.8,4,48.36,71.86,96.09,80,14,145.07,60
21.79,46.95,384,22,0.8,4,44.46,73.76,97.37,80,23,133.38,60
22.32,45.25,394,22,0.8,2,45.93,73.32,97.11,80,21,137.78,60
21.92,41.57,372,22,0.8,4,47.38,74.15,94.87,80,26,142.13,60
21.21,43.68,377,22,0.8,0,49.11,73.95,94.44,80,25,147.34,60
21.52,43.32,391,22,0.8,3,47.26,73.42,94.52,80,22,141.79,60
21.47,46.9,423,22,0.8,1,46.2,72.15,95.81,80,15,138.6,60
21.0,44.86,431,22,0.8,1,49.71,71.76,96.7,80,14,149.14,60
23.34,44.1,430,22,0.8,3,51.75,71.75,92.98,80,14,155.26,60
21.6,47.11,360,22,0.8,3,44.19,74.7,98.32,80,28,132.57,60
21.96,46.71,421,28,1.0,5,50.34,72.14,94.61,100,16,151.02,75
22.11,46.58,411,28,1.0,1,43.98,72.69,97.94,100,18,131.94,75
21.47,42.9,427,22,0.8,0,49.59,71.93,95.62,80,15,148.77,60
21.87,46.84,441,22,0.8,3,46.45,71.45,94.0,80,12,139.36,60
21.08,45.17,404,22,0.8,4,47.12,72.9,96.89,80,19,141.35,60
21.58,39.99,423,22,0.8,0,50.29,72.08,96.41,80,15,150.87,60
22.84,47.3,358,22,0.8,0,48.22,74.7,93.6,80,28,144.65,60
22.78,48.76,433,22,0.8,1,45.33,71.76,93.24,80,13,135.99,60
21.72,45.34,404,18,0.2,3,48.44,72.87,93.26,20,19,145.32,15
22.5,47.96,381,22,0.8,2,42.78,73.89,95.2,80,24,128.33,60
22.4,47.79,382,28,1.0,2,45.29,73.83,95.47,100,24,135.87,75
21.29,46.12,400,22,0.8,0,45.18,73.1,97.24,80,20,135.55,60
21.56,40.68,391,28,1.0,3,49.51,73.36,97.16,100,22,148.54,75
21.18,48.07,389,22,0.8,2,48.49,73.49,95.62,80,22,145.47,60
22.24,43.02,417,18,0.2,1,50.6,72.3,94.53,20,17,151.8,15
22.3,45.93,409,22,0.8,1,47.62,72.68,96.33,80,18,142.85,60
22.64,43.99,386,22,0.8,2,49.33,73.57,94.21,80,23,147.98,60
23.15,40.16,427,22,0.8,4,52.18,71.88,93.05,80,15,156.53,60
22.11,43.24,404,18,0.2,2,45.92,72.93,96.03,20,19,137.77,15
21.15,44.04,374,22,0.8,5,46.66,74.12,96.18,80,25,139.97,60
21.05,44.63,400,22,0.8,5,45.51,73.1,94.73,80,20,136.53,60
21.72,43.63,402,22,0.8,3,50.73,72.9,95.47,80,20,152.2,60
23.07,44.27,374,22,0.8,2,47.82,74.08,94.14,80,25,143.46,60
22.44,44.05,384,28,1.0,2,46.92,73.69,96.65,100,23,140.76,75
22.23,42.96,338,18,0.2,5,46.16,75.54,94.18,20,32,138.49,15
21.68,41.93,386,22,0.8,1,50.2,73.55,95.48,80,23,150.61,60
21.95,46.76,424,22,0.8,2,47.17,72.1,95.2,80,15,141.5,60
22.7,45.07,412,18,0.2,3,45.43,72.6,95.6,20,18,136.29,15
22.63,42.21,355,22,0.8,0,48.59,74.82,95.88,80,29,145.78,60
21.5,42.57,405,22,0.8,1,48.22,72.83,95.26,80,19,144.65,60
22.3,40.58,424,22,0.8,3,49.55,72.06,95.7,80,15,148.64,60
22.22,45.27,384,22,0.8,3,45.19,73.73,94.69,80,23,135.58,60
21.89,48.74,401,22,0.8,3,43.54,73.1,96.36,80,20,130.61,60
22.25,44.02,408,22,0.8,5,45.76,72.78,96.09,80,18,137.27,60
21.87,43.44,392,28,1.0,4,46.55,73.38,97.57,100,22,139.64,75
22.02,39.29,400,28,1.0,1,51.56,72.98,95.37,100,20,154.69,75
21.71,46.1,391,22,0.8,3,47.17,73.4,96.15,80,22,141.51,60
22.34,45.61,394,22,0.8,3,46.66,73.31,97.04,80,21,139.99,60
22.3,42.76,400,22,0.8,4,48.04,73.03,95.7,80,20,144.11,60
21.02,44.62,459,22,0.8,6,51.29,70.61,96.43,80,8,153.87,60
22.34,49.79,369,22,0.8,1,44.67,74.34,93.86,80,26,134.01,60
22.51,49.21,395,22,0.8,2,44.67,73.32,95.95,80,21,134.02,60
22.69,39.87,339,18,0.2,3,46.07,75.51,95.66,20,32,138.21,15
22.96,45.36,372,28,1.0,1,46.54,74.18,94.57,100,26,139.63,75
21.53,43.33,422,22,0.8,0,48.05,72.14,95.9,80,16,144.15,60
21.8,45.3,396,22,0.8,0,50.05,73.16,94.72,80,21,150.16,60
21.68,46.43,391,18,0.2,2,44.49,73.47,96.7,20,22,133.48,15
22.56,48.37,415,22,0.8,2,49.19,72.43,91.93,80,17,147.56,60
22.27,40.63,361,22,0.8,1,49.07,74.57,94.45,80,28,147.22,60
22.24,49.89,418,22,0.8,5,44.91,72.38,95.32,80,16,134.73,60
22.28,43.78,433,18,0.2,2,47.54,71.75,95.78,20,13,142.63,15
21.68,45.31,402,28,1.0,4,48.43,72.93,95.93,100,20,145.29,75
21.59,44.8,395,22,0.8,4,47.94,73.25,93.13,80,21,143.83,60
21.88,46.49,382,28,1.0,3,46.28,73.78,97.39,100,24,138.83,75
21.6,46.38,389,22,0.8,0,43.81,73.56,97.37,80,22,131.44,60
21.56,44.69,386,22,0.8,1,48.26,73.58,94.74,80,23,144.77,60
22.38,43.26,341,18,0.2,2,46.28,75.45,92.87,20,32,138.85,15
22.46,42.91,423,22,0.8,1,51.08,72.07,93.43,80,15,153.24,60
21.99,42.71,383,22,0.8,1,48.94,73.7,95.46,80,23,146.81,60
21.75,46.05,371,22,0.8,0,46.93,74.2,94.04,80,26,140.8,60
21.37,49.5,397,22,0.8,3,45.1,73.21,94.71,80,21,135.31,60
22.33,51.08,387,22,0.8,3,46.41,73.6,92.76,80,23,139.23,60
22.4,46.92,427,22,0.8,1,49.75,71.94,94.06,80,15,149.25,60
22.19,43.17,427,22,0.8,1,46.22,72.0,95.43,80,15,138.67,60
21.28,48.21,369,22,0.8,1,44.73,74.35,96.62,80,26,134.18,60
21.92,45.91,389,22,0.8,1,46.13,73.51,95.95,80,22,138.39,60
22.34,48.88,359,18,0.2,3,43.24,74.79,94.4,20,28,129.72,15
22.2,41.68,391,18,0.2,2,45.07,73.46,97.42,20,22,135.21,15
22.37,48.04,430,22,0.8,2,43.78,71.94,96.25,80,14,131.33,60
21.25,45.61,385,18,0.2,2,44.14,73.72,96.66,20,23,132.41,15
21.88,45.37,424,28,1.0,2,47.43,72.1,94.89,100,15,142.28,75
22.16,45.85,402,22,0.8,0,46.3,73.01,96.97,80,20,138.91,60
21.37,46.18,387,22,0.8,2,49.27,73.55,95.26,80,23,147.81,60
21.92,43.85,394,22,0.8,1,46.68,73.3,96.47,80,21,140.05,60
22.36,43.4,357,22,0.8,4,46.37,74.78,94.19,80,29,139.12,60
21.61,43.45,393,22,0.8,1,48.59,73.31,93.88,80,21,145.76,60
21.91,44.86,416,22,0.8,1,48.56,72.38,95.14,80,17,145.69,60
21.79,48.3,408,22,0.8,3,47.92,72.73,95.52,80,18,143.77,60
22.65,46.26,451,22,0.8,4,48.37,70.98,94.45,80,10,145.11,60
21.5,43.45,429,22,0.8,6,54.41,71.74,91.5,80,14,163.22,60
22.13,46.87,416,22,0.8,1,45.99,72.43,96.62,80,17,137.96,60
21.37,41.98,405,22,0.8,1,46.06,72.86,97.79,80,19,138.17,60
22.51,46.7,348,22,0.8,6,44.98,75.17,95.78,80,30,134.93,60
21.42,44.97,392,22,0.8,3,47.45,73.37,94.57,80,22,142.35,60
22.14,46.52,414,22,0.8,1,46.57,72.5,97.83,80,17,139.7,60
21.62,42.38,391,22,0.8,7,48.49,73.38,95.76,80,22,145.47,60
22.21,41.16,441,22,0.8,1,51.43,71.32,97.53,80,12,154.29,60
22.41,46.95,398,28,1.0,1,45.67,73.18,95.3,100,20,137.01,75
21.59,43.87,459,22,0.8,0,49.45,70.64,94.75,80,8,148.36,60
22.38,47.06,407,22,0.8,1,42.68,72.85,94.72,80,19,128.04,60
22.04,43.19,429,22,0.8,0,48.07,71.86,93.06,80,14,144.21,60
21.61,45.0,396,22,0.8,2,47.4,73.2,95.75,80,21,142.21,60
22.12,41.06,442,22,0.8,0,51.64,71.27,95.06,80,12,154.92,60
22.24,51.6,418,18,0.2,4,44.48,72.38,96.35,20,16,133.45,15
22.29,41.74,421,22,0.8,1,48.12,72.19,94.7,80,16,144.35,60
22.07,42.96,390,22,0.8,3,45.37,73.51,96.05,80,22,136.1,60
22.66,43.04,407,22,0.8,5,46.82,72.8,95.29,80,19,140.47,60
21.78,48.91,378,22,0.8,3,45.2,73.97,96.9,80,24,135.61,60
22.28,47.57,392,28,1.0,1,47.97,73.35,92.88,100,22,143.9,75
22.31,43.53,375,22,0.8,4,49.08,74.02,96.44,80,25,147.24,60
22.39,45.64,417,22,0.8,1,44.71,72.41,95.83,80,17,134.12,60
21.21,40.05,407,22,0.8,0,52.71,72.67,97.3,80,19,158.12,60
21.59,44.01,401,28,1.0,2,44.52,73.05,97.07,100,20,133.57,75
22.05,46.09,394,22,0.8,0,44.93,73.34,97.74,80,21,134.78,60
22.34,43.23,416,18,0.2,5,49.26,72.37,94.32,20,17,147.77,15
21.62,46.16,418,22,0.8,4,44.08,72.39,95.29,80,16,132.25,60
21.75,47.16,441,28,1.0,7,50.45,71.36,93.98,100,12,151.35,75
22.14,48.24,409,22,0.8,3,47.54,72.67,97.76,80,18,142.63,60
22.47,45.42,412,22,0.8,0,49.69,72.54,94.25,80,18,149.06,60
22.44,49.12,358,22,0.8,1,46.44,74.76,95.2,80,28,139.33,60
22.14,40.76,396,22,0.8,2,47.65,73.22,95.31,80,21,142.94,60
21.51,40.04,407,22,0.8,1,49.47,72.75,96.17,80,19,148.42,60
21.99,46.64,417,22,0.8,1,49.7,72.34,93.94,80,17,149.11,60
22.21,38.98,435,18,0.2,2,55.11,71.51,93.46,20,13,165.34,15
21.64,44.72,379,28,1.0,4,47.19,73.9,94.58,100,24,141.56,75
22.06,44.86,378,22,0.8,1,45.72,73.97,96.97,80,24,137.16,60
21.52,42.15,347,22,0.8,4,46.79,75.18,96.34,80,31,140.36,60
23.02,42.92,440,22,0.8,1,50.34,71.41,93.77,80,12,151.01,60
21.44,40.81,400,22,0.8,3,48.53,73.04,96.4,80,20,145.59,60
22.39,41.16,412,22,0.8,4,50.19,72.53,96.83,80,18,150.56,60
21.88,46.22,389,28,1.0,0,43.28,73.59,94.02,100,22,129.84,75
21.43,44.86,396,22,0.8,1,45.57,73.27,95.39,80,21,136.72,60
21.6,44.91,370,22,0.8,3,45.33,74.28,96.41,80,26,135.98,60
22.67,48.63,439,22,0.8,3,46.65,71.53,94.19,80,12,139.94,60
22.65,43.45,410,22,0.8,4,49.85,72.61,92.67,80,18,149.54,60
22.74,45.09,394,18,0.2,1,45.26,73.32,94.27,20,21,135.78,15
22.58,46.4,410,28,1.0,6,44.17,72.73,94.93,100,18,132.5,75
21.51,45.06,431,22,0.8,0,48.25,71.78,96.85,80,14,144.75,60
21.55,46.71,379,18,0.2,3,43.59,73.97,96.51,20,24,130.77,15
22.05,45.94,367,22,0.8,1,48.76,74.34,93.72,80,27,146.28,60
22.22,44.28,384,22,0.8,1,49.43,73.67,95.3,80,23,148.28,60
22.26,47.09,391,22,0.8,1,44.94,73.45,97.32,80,22,134.83,60
22.3,46.23,467,22,0.8,6,50.46,70.31,94.99,80,7,151.38,60
21.52,46.49,396,22,0.8,1,43.5,73.28,97.01,80,21,130.51,60
22.23,46.24,416,22,0.8,3,49.62,72.37,92.77,80,17,148.87,60
21.26,42.83,393,22,0.8,1,48.37,73.33,95.58,80,21,145.1,60
21.65,49.37,408,22,0.8,1,47.94,72.73,93.31,80,18,143.81,60
21.96,45.43,422,22,0.8,3,49.46,72.13,94.72,80,16,148.39,60
21.77,41.77,395,22,0.8,3,50.51,73.18,93.18,80,21,151.52,60
22.73,46.52,414,22,0.8,1,46.02,72.53,95.48,80,17,138.05,60
22.32,43.22,375,22,0.8,6,47.6,74.04,95.5,80,25,142.81,60
22.13,43.17,461,22,0.8,2,49.8,70.57,93.51,80,8,149.41,60
20.94,44.49,422,18,0.2,3,49.35,72.14,94.54,20,16,148.05,15
21.7,43.9,419,22,0.8,3,46.95,72.31,96.17,80,16,140.86,60
21.77,48.08,423,22,0.8,2,44.84,72.18,96.48,80,15,134.52,60
22.71,46.9,402,18,0.2,1,49.77,72.91,93.85,20,20,149.3,15
22.31,47.39,388,22,0.8,0,47.76,73.51,94.44,80,22,143.27,60
21.75,46.16,413,22,0.8,2,46.56,72.55,96.77,80,17,139.68,60
22.34,45.48,366,22,0.8,7,43.66,74.47,94.65,80,27,130.98,60
23.04,49.96,410,22,0.8,3,45.4,72.67,94.24,80,18,136.21,60
22.14,44.84,381,28,1.0,3,48.04,73.81,94.66,100,24,144.13,75
21.18,45.45,402,18,0.2,1,45.73,73.01,96.26,20,20,137.2,15
22.47,45.1,397,22,0.8,0,47.56,73.17,94.1,80,21,142.69,60
22.22,51.04,433,22,0.8,3,47.59,71.73,93.92,80,13,142.77,60
22.39,46.41,430,22,0.8,3,48.22,71.85,93.65,80,14,144.66,60
22.59,42.98,413,22,0.8,7,50.89,72.44,94.73,80,17,152.66,60
22.93,41.68,404,22,0.8,3,49.45,72.85,94.69,80,19,148.35,60
21.93,42.96,430,22,0.8,1,52.55,71.74,95.39,80,14,157.66,60
21.9,43.6,422,22,0.8,3,47.54,72.18,96.2,80,16,142.61,60
21.88,46.64,392,22,0.8,4,44.03,73.45,94.7,80,22,132.08,60
22.57,42.99,445,22,0.8,0,50.01,71.2,91.76,80,11,150.02,60
22.51,39.39,418,22,0.8,0,51.24,72.26,96.2,80,16,153.71,60
21.83,43.23,403,22,0.8,1,46.73,72.93,96.07,80,19,140.19,60
21.19,44.34,404,18,0.2,4,47.18,72.88,98.05,20,19,141.53,15
22.29,41.02,428,22,0.8,4,50.64,71.85,94.26,80,14,151.92,60
22.58,47.39,399,28,1.0,1,44.36,73.16,96.09,100,20,133.09,75
22.46,46.53,426,22,0.8,4,47.15,72.04,93.02,80,15,141.44,60
21.46,45.84,372,22,0.8,0,47.34,74.18,93.21,80,26,142.02,60
21.77,49.48,395,28,1.0,4,47.16,73.25,96.13,100,21,141.49,75
22.3,42.64,437,22,0.8,3,49.29,71.54,95.7,80,13,147.88,60
22.8,43.07,349,22,0.8,6,48.71,75.08,95.21,80,30,146.14,60
21.35,42.35,410,22,0.8,2,45.16,72.68,95.64,80,18,135.47,60
21.88,45.85,413,22,0.8,0,43.86,72.6,95.13,80,17,131.59,60
22.4,41.79,404,22,0.8,3,49.12,72.85,94.49,80,19,147.36,60
22.87,43.12,400,22,0.8,3,50.09,72.98,94.41,80,20,150.28,60
21.76,49.06,367,22,0.8,2,42.81,74.46,94.91,80,27,128.42,60
21.52,45.06,413,22,0.8,0,48.42,72.53,95.07,80,17,145.25,60
22.15,47.25,412,22,0.8,3,46.08,72.6,95.43,80,18,138.23,60
22.61,46.97,376,22,0.8,2,45.83,74.04,94.86,80,25,137.48,60
22.51,42.75,418,22,0.8,1,50.29,72.26,94.12,80,16,150.86,60
21.82,45.07,371,22,0.8,4,50.12,74.16,92.66,80,26,150.36,60
22.13,48.78,364,18,0.2,6,43.29,74.56,94.48,20,27,129.87,15
21.93,48.06,338,22,0.8,2,47.93,75.53,95.78,80,32,143.8,60
22.11,43.52,423,22,0.8,2,49.5,72.09,95.15,80,15,148.5,60
22.16,44.03,386,28,1.0,5,48.16,73.59,94.49,100,23,144.49,75
20.92,41.57,423,22,0.8,1,52.31,72.04,94.96,80,15,156.94,60
22.45,47.52,391,22,0.8,1,44.86,73.45,95.94,80,22,134.58,60
22.15,42.87,372,18,0.2,5,45.72,74.21,95.04,20,26,137.16,15
21.68,48.31,389,22,0.8,1,43.83,73.58,96.19,80,22,131.48,60
22.58,44.91,354,22,0.8,1,48.52,74.88,92.92,80,29,145.56,60
21.84,44.27,395,22,0.8,1,44.57,73.32,95.33,80,21,133.7,60
21.39,50.38,417,22,0.8,0,45.57,72.42,96.24,80,17,136.7,60
22.72,45.18,424,22,0.8,3,48.98,72.07,92.55,80,15,146.94,60
22.01,48.44,419,22,0.8,4,43.16,72.36,95.76,80,16,129.49,60
21.86,45.44,427,22,0.8,2,43.97,72.05,96.39,80,15,131.92,60
21.99,44.79,452,22,0.8,2,52.83,70.87,93.58,80,10,158.5,60
21.84,46.29,382,22,0.8,2,45.23,73.83,95.48,80,24,135.69,60
21.72,44.71,374,22,0.8,2,49.73,74.05,95.55,80,25,149.19,60
22.21,42.44,352,18,0.2,3,48.85,74.94,93.96,20,30,146.55,15
21.86,44.32,388,22,0.8,1,46.94,73.53,94.25,80,22,140.81,60
22.09,45.89,379,22,0.8,4,45.31,73.93,96.59,80,24,135.93,60
21.38,44.6,372,28,1.0,4,47.98,74.18,97.76,100,26,143.94,75
21.5,41.22,355,18,0.2,1,48.24,74.84,94.64,20,29,144.72,15
22.14,45.92,408,22,0.8,3,42.85,72.83,96.84,80,18,128.54,60
22.75,43.53,392,22,0.8,0,48.64,73.35,95.41,80,22,145.93,60
22.24,45.5,428,22,0.8,2,48.51,71.91,94.96,80,14,145.52,60
21.53,43.81,427,18,0.2,3,47.09,71.99,96.38,20,15,141.28,15
21.69,44.21,352,22,0.8,1,47.02,75.0,96.38,80,30,141.05,60
21.41,46.83,382,22,0.8,5,45.3,73.81,94.09,80,24,135.9,60
20.81,44.01,380,22,0.8,2,48.56,73.82,95.19,80,24,145.68,60
22.78,44.99,376,22,0.8,2,45.99,74.04,95.27,80,25,137.97,60
22.23,47.51,358,22,0.8,6,43.19,74.83,95.72,80,28,129.56,60
21.92,48.06,394,22,0.8,1,45.72,73.32,95.58,80,21,137.15,60
21.02,45.21,384,22,0.8,1,47.07,73.68,95.74,80,23,141.21,60
21.61,42.8,427,22,0.8,1,50.64,71.91,97.34,80,15,151.91,60
21.89,42.66,396,18,0.2,1,47.91,73.18,93.94,20,21,143.73,15
22.6,42.02,382,22,0.8,4,49.0,73.76,93.16,80,24,146.99,60
22.54,43.93,399,18,0.2,3,47.53,73.07,95.45,20,20,142.6,15
22.09,40.63,392,22,0.8,4,48.53,73.35,96.3,80,22,145.59,60
22.16,42.73,392,22,0.8,0,47.45,73.39,93.58,80,22,142.36,60
22.44,42.22,355,22,0.8,6,45.11,74.91,96.48,80,29,135.33,60
21.7,44.38,393,22,0.8,1,47.54,73.33,96.33,80,21,142.63,60
21.93,45.56,380,22,0.8,1,45.23,73.91,96.9,80,24,135.7,60
22.31,42.52,422,22,0.8,1,48.36,72.14,96.14,80,16,145.08,60
21.79,43.81,425,22,0.8,2,48.94,72.02,95.74,80,15,146.83,60
22.43,44.49,404,22,0.8,2,47.25,72.89,96.67,80,19,141.74,60
22.21,46.62,374,22,0.8,3,47.32,74.1,96.09,80,25,141.97,60
22.76,44.38,391,22,0.8,2,48.63,73.38,95.36,80,22,145.89,60
22.48,45.21,416,22,0.8,2,45.34,72.47,95.06,80,17,136.01,60
21.99,46.76,350,22,0.8,2,44.77,75.09,96.32,80,30,134.31,60
22.63,39.37,356,22,0.8,1,47.58,74.83,95.45,80,29,142.75,60
22.65,41.01,422,22,0.8,2,51.6,72.1,92.97,80,16,154.81,60
22.22,39.79,382,22,0.8,3,47.27,73.76,95.2,80,24,141.8,60
22.75,40.63,401,22,0.8,3,51.31,72.95,92.55,80,20,153.92,60
22.51,44.58,380,22,0.8,3,48.93,73.83,93.42,80,24,146.8,60
22.95,45.01,389,28,1.0,3,46.47,73.52,94.61,100,22,139.41,75
21.55,42.69,424,22,0.8,1,49.05,72.05,97.15,80,15,147.14,60
20.89,47.23,373,22,0.8,2,45.11,74.17,95.12,80,25,135.34,60
22.5,44.13,378,22,0.8,0,48.46,73.9,94.13,80,24,145.37,60
21.69,42.64,397,22,0.8,3,48.13,73.15,98.75,80,21,144.38,60
21.62,49.34,402,18,0.2,2,44.35,73.05,96.91,20,20,133.06,15
22.2,44.05,407,18,0.2,0,50.25,72.7,96.6,20,19,150.75,15
22.07,43.5,413,22,0.8,2,48.59,72.51,96.09,80,17,145.78,60
22.72,42.93,366,22,0.8,1,46.03,74.44,95.46,80,27,138.09,60
21.53,48.43,362,22,0.8,1,43.42,74.65,93.38,80,28,130.25,60
22.1,46.58,419,22,0.8,3,44.32,72.36,95.82,80,16,132.95,60
21.77,46.35,445,22,0.8,3,48.4,71.22,94.04,80,11,145.2,60
22.09,47.42,451,22,0.8,7,43.41,71.09,96.45,80,10,130.23,60
21.48,43.62,400,22,0.8,0,50.18,73.0,96.8,80,20,150.55,60
22.34,49.45,362,18,0.2,3,46.54,74.6,93.69,20,28,139.63,15
21.59,43.48,385,22,0.8,2,46.8,73.68,95.64,80,23,140.41,60
21.83,46.17,419,22,0.8,5,50.11,72.24,95.41,80,16,150.34,60
22.33,45.27,378,22,0.8,6,46.44,73.96,96.6,80,24,139.33,60
22.43,46.28,406,22,0.8,1,45.65,72.85,96.67,80,19,136.95,60
22.46,45.16,380,22,0.8,1,48.26,73.84,93.92,80,24,144.79,60
22.39,50.86,403,28,1.0,0,45.11,72.98,96.82,100,19,135.33,75
21.08,44.57,426,22,0.8,1,49.61,71.97,95.14,80,15,148.84,60
21.43,44.25,357,22,0.8,1,46.04,74.8,95.55,80,29,138.13,60
22.44,46.55,445,22,0.8,4,49.55,71.22,95.4,80,11,148.64,60
22.21,43.72,408,22,0.8,4,48.85,72.72,92.82,80,18,146.55,60
22.46,48.13,340,22,0.8,5,43.23,75.53,96.55,80,32,129.7,60
21.71,44.19,400,22,0.8,0,49.0,73.04,94.32,80,20,146.99,60
22.36,42.75,387,22,0.8,2,48.03,73.54,94.68,80,23,144.09,60
21.73,49.83,399,28,1.0,1,47.36,73.08,94.49,100,20,142.09,75
21.57,41.64,426,22,0.8,0,53.08,71.91,96.52,80,15,159.23,60
21.87,42.18,392,28,1.0,2,52.03,73.27,92.8,100,22,156.08,75
22.62,47.87,391,22,0.8,2,43.27,73.48,95.28,80,22,129.81,60
22.91,41.31,400,22,0.8,7,51.42,72.98,92.49,80,20,154.26,60
22.13,43.48,348,18,0.2,1,46.43,75.13,96.39,20,30,139.3,15
22.16,46.35,364,22,0.8,1,44.6,74.55,95.64,80,27,133.8,60
22.01,42.82,412,22,0.8,0,49.0,72.54,94.08,80,18,146.99,60
21.83,46.06,396,22,0.8,2,46.06,73.23,97.94,80,21,138.19,60
21.53,44.13,369,22,0.8,2,44.59,74.33,96.9,80,26,133.78,60
21.57,44.4,431,28,1.0,8,48.29,71.81,95.71,100,14,144.88,75
21.19,45.11,371,22,0.8,3,44.3,74.27,96.25,80,26,132.89,60
21.23,46.53,444,22,0.8,2,48.49,71.25,93.96,80,11,145.48,60
21.27,43.27,425,22,0.8,1,48.15,72.04,94.03,80,15,144.46,60
22.25,42.16,379,28,1.0,3,48.18,73.87,95.26,100,24,144.53,75
22.31,43.72,369,22,0.8,0,46.21,74.33,94.39,80,26,138.64,60
23.27,40.32,427,22,0.8,1,53.49,71.87,93.31,80,15,160.47,60
21.16,38.08,380,22,0.8,1,49.38,73.83,96.17,80,24,148.14,60
22.51,41.76,417,22,0.8,6,48.91,72.34,94.33,80,17,146.72,60
21.53,48.81,404,22,0.8,2,48.17,72.87,94.23,80,19,144.51,60
21.55,43.22,435,22,0.8,3,51.0,71.58,93.66,80,13,152.99,60
22.9,43.45,387,18,0.2,0,47.19,73.59,94.82,20,23,141.57,15
20.93,45.55,334,22,0.8,2,46.33,75.73,94.07,80,33,138.98,60
21.96,44.86,409,22,0.8,0,46.18,72.7,95.82,80,18,138.55,60
22.63,46.69,398,28,1.0,2,45.86,73.18,94.28,100,20,137.59,75
22.2,42.17,436,22,0.8,2,47.63,71.63,93.26,80,13,142.9,60
21.21,46.34,410,22,0.8,4,47.33,72.67,95.73,80,18,142.0,60
21.21,42.97,436,22,0.8,3,49.71,71.57,93.41,80,13,149.12,60
21.33,41.55,369,22,0.8,0,47.14,74.31,96.89,80,26,141.42,60
21.63,48.5,377,22,0.8,4,42.02,74.09,97.04,80,25,126.05,60
20.75,45.68,353,22,0.8,5,45.36,74.96,96.38,80,29,136.08,60
22.35,41.26,448,18,0.2,4,49.08,71.12,95.29,20,10,147.24,15
21.57,47.92,383,22,0.8,4,47.26,73.75,96.5,80,23,141.79,60
21.95,39.4,362,22,0.8,1,49.94,74.53,93.66,80,28,149.81,60
22.35,42.07,357,22,0.8,2,48.15,74.74,96.99,80,29,144.45,60
21.4,44.12,400,22,0.8,1,45.73,73.07,96.99,80,20,137.2,60
22.16,45.01,409,22,0.8,1,47.91,72.67,93.23,80,18,143.72,60
22.48,44.37,391,18,0.2,1,47.13,73.41,94.72,20,22,141.4,15
21.88,44.89,412,22,0.8,2,48.57,72.55,92.54,80,18,145.71,60
21.62,48.1,395,22,0.8,1,44.09,73.34,94.82,80,21,132.27,60
21.7,43.84,387,18,0.2,1,51.01,73.51,97.07,20,23,153.02,15
22.28,42.75,403,22,0.8,4,49.01,72.91,95.02,80,19,147.04,60
21.17,44.64,375,22,0.8,1,45.78,74.08,93.21,80,25,137.33,60
22.34,49.29,408,22,0.8,1,44.45,72.78,94.89,80,18,133.34,60
21.71,48.97,399,22,0.8,5,47.04,73.09,95.47,80,20,141.13,60
21.42,43.16,418,22,0.8,3,46.26,72.36,96.37,80,16,138.78,60
22.23,41.8,392,22,0.8,4,50.51,73.33,91.74,80,22,151.54,60
22.54,45.6,377,22,0.8,2,46.84,73.99,94.25,80,25,140.53,60
22.28,42.33,397,22,0.8,3,48.01,73.15,96.14,80,21,144.03,60
22.49,44.14,426,22,0.8,3,51.24,71.95,95.1,80,15,153.72,60
21.3,45.38,377,22,0.8,2,45.97,74.01,96.59,80,25,137.9,60
22.28,48.93,410,22,0.8,2,44.67,72.71,95.01,80,18,134.02,60
22.26,48.42,391,22,0.8,3,47.14,73.41,95.16,80,22,141.42,60
21.92,44.31,395,22,0.8,4,49.69,73.19,91.99,80,21,149.06,60
21.45,42.5,412,22,0.8,6,46.14,72.6,96.3,80,18,138.43,60
22.37,48.64,401,22,0.8,3,46.0,73.04,93.92,80,20,137.99,60
21.31,45.87,455,22,0.8,2,47.21,70.84,95.99,80,9,141.63,60
22.5,47.27,442,22,0.8,1,46.48,71.38,96.0,80,12,139.43,60
21.19,45.13,403,22,0.8,0,45.42,72.97,97.6,80,19,136.27,60
21.88,41.82,396,22,0.8,0,48.12,73.18,96.86,80,21,144.35,60
22.2,47.94,380,22,0.8,5,43.07,73.95,94.38,80,24,129.22,60
22.05,41.93,414,28,1.0,0,52.22,72.4,96.07,100,17,156.67,75
21.58,45.03,386,22,0.8,1,43.94,73.67,95.71,80,23,131.83,60
21.5,41.57,378,22,0.8,0,46.56,73.95,96.23,80,24,139.67,60
21.34,41.0,374,18,0.2,5,51.41,74.01,96.05,20,25,154.24,15
21.78,44.11,399,22,0.8,2,43.99,73.16,96.34,80,20,131.98,60
21.96,40.88,383,28,1.0,5,48.72,73.72,94.65,100,23,146.16,75
22.42,50.57,428,22,0.8,3,46.1,71.98,93.86,80,14,138.29,60
21.46,45.91,397,22,0.8,5,48.26,73.15,95.33,80,21,144.77,60
21.11,44.32,414,28,1.0,5,49.48,72.44,95.45,100,17,148.43,75
22.0,44.58,428,22,0.8,0,49.33,71.89,94.99,80,14,147.99,60
22.21,46.44,355,22,0.8,0,43.26,74.94,95.2,80,29,129.79,60
23.36,44.14,339,22,0.8,1,46.9,75.51,92.97,80,32,140.71,60
22.34,47.73,396,18,0.2,5,44.2,73.29,96.15,20,21,132.59,15
21.81,43.23,384,22,0.8,1,48.23,73.67,94.28,80,23,144.69,60
21.35,42.85,410,22,0.8,7,48.63,72.65,96.45,80,18,145.89,60
22.4,46.09,360,22,0.8,2,47.37,74.64,94.9,80,28,142.12,60
21.7,45.31,427,22,0.8,6,48.81,71.93,95.22,80,15,146.43,60
21.76,45.3,392,22,0.8,4,42.03,73.49,96.3,80,22,126.1,60
21.73,45.05,384,22,0.8,1,46.24,73.7,94.1,80,23,138.73,60
22.14,43.63,379,22,0.8,1,43.6,73.97,95.66,80,24,130.8,60
21.8,42.3,401,22,0.8,1,48.2,73.01,94.7,80,20,144.6,60
22.35,44.78,402,28,1.0,1,48.32,72.94,94.73,100,20,144.96,75
21.88,44.72,415,22,0.8,2,47.88,72.45,94.78,80,17,143.64,60
21.59,45.59,436,22,0.8,0,50.0,71.55,97.18,80,13,150.0,60
21.7,43.78,417,22,0.8,4,46.85,72.38,94.0,80,17,140.54,60
23.16,47.08,454,22,0.8,2,49.57,70.83,93.75,80,9,148.72,60
21.35,44.95,391,22,0.8,3,45.38,73.45,96.95,80,22,136.15,60
22.5,41.95,394,22,0.8,1,52.41,73.19,93.43,80,21,157.22,60
22.74,45.3,356,28,1.0,0,47.72,74.8,92.78,100,29,143.17,75
22.17,44.8,374,22,0.8,2,47.67,74.07,94.0,80,25,143.02,60
22.36,47.23,417,22,0.8,1,46.09,72.39,94.76,80,17,138.26,60
21.58,43.18,429,18,0.2,2,48.88,71.85,96.49,20,14,146.65,15
21.36,47.17,365,22,0.8,0,47.19,74.45,96.3,80,27,141.56,60
21.72,45.34,478,22,0.8,5,49.28,69.9,97.09,80,4,147.85,60
22.18,48.71,439,18,0.2,3,49.92,71.43,94.41,20,12,149.75,15
21.61,39.71,447,22,0.8,1,52.82,71.05,94.14,80,11,158.46,60
22.33,43.55,410,22,0.8,0,50.42,72.59,97.1,80,18,151.27,60
22.78,46.46,443,22,0.8,1,49.88,71.26,92.79,80,11,149.65,60
22.0,46.28,391,18,0.2,1,47.02,73.44,93.95,20,22,141.06,15
21.68,46.16,414,22,0.8,3,47.41,72.48,95.94,80,17,142.24,60
21.89,41.46,384,22,0.8,0,50.33,73.64,95.33,80,23,151.0,60
21.39,47.35,346,22,0.8,3,43.32,75.28,95.68,80,31,129.96,60
22.18,47.89,354,22,0.8,3,42.02,75.0,97.06,80,29,126.05,60
22.27,42.38,360,28,1.0,0,49.52,74.62,94.35,100,28,148.56,75
21.74,46.47,374,22,0.8,0,48.26,74.09,94.97,80,25,144.78,60
22.21,43.93,357,18,0.2,6,46.95,74.78,95.35,20,29,140.86,15
21.96,40.72,445,18,0.2,1,50.91,71.19,95.77,20,11,152.73,15
21.92,49.22,448,22,0.8,0,45.07,71.18,95.98,80,10,135.2,60
23.01,42.06,425,22,0.8,1,51.24,71.98,93.88,80,15,153.72,60
22.28,47.39,417,22,0.8,0,46.7,72.4,93.9,80,17,140.09,60
22.57,48.55,389,22,0.8,6,48.13,73.48,95.84,80,22,144.39,60
21.67,44.47,396,22,0.8,2,47.75,73.21,95.28,80,21,143.26,60
22.38,42.3,326,22,0.8,2,48.73,76.0,94.43,80,35,146.19,60
22.37,42.33,419,22,0.8,4,47.86,72.27,95.47,80,16,143.58,60
22.52,43.34,436,22,0.8,1,48.79,71.59,95.81,80,13,146.37,60
22.19,46.65,420,22,0.8,2,49.19,72.23,96.26,80,16,147.56,60
22.17,43.12,392,28,1.0,0,50.72,73.32,93.21,100,22,152.15,75
22.63,40.96,434,22,0.8,5,47.92,71.7,94.33,80,13,143.76,60
21.88,38.87,338,22,0.8,2,49.69,75.48,94.2,80,32,149.08,60
21.31,50.15,419,22,0.8,5,45.92,72.34,95.27,80,16,137.75,60
22.64,41.5,422,18,0.2,2,48.74,72.16,95.85,20,16,146.23,15
21.86,49.18,427,22,0.8,1,46.25,72.01,93.96,80,15,138.74,60
22.66,43.14,402,22,0.8,2,48.04,72.97,93.84,80,20,144.11,60
20.95,47.56,405,22,0.8,3,49.11,72.82,93.68,80,19,147.33,60
21.56,44.25,410,22,0.8,1,44.97,72.69,95.91,80,18,134.91,60
22.35,45.3,387,28,1.0,1,47.0,73.59,95.5,100,23,141.0,75
22.53,43.16,392,22,0.8,2,46.59,73.38,95.02,80,22,139.78,60
22.66,51.16,374,22,0.8,0,45.55,74.14,92.57,80,25,136.64,60
22.49,49.32,379,22,0.8,4,46.99,73.91,93.35,80,24,140.98,60
22.21,42.77,363,22,0.8,5,44.19,74.6,94.24,80,27,132.58,60
21.84,43.14,406,22,0.8,6,46.54,72.84,96.64,80,19,139.62,60
21.93,44.95,427,22,0.8,2,46.81,71.99,94.14,80,15,140.42,60
20.88,44.44,384,22,0.8,2,45.7,73.72,93.48,80,23,137.11,60
22.29,48.67,385,22,0.8,1,43.35,73.72,95.55,80,23,130.04,60
22.6,42.32,381,22,0.8,0,48.87,73.78,93.06,80,24,146.61,60
21.93,45.21,367,22,0.8,1,46.04,74.4,95.96,80,27,138.12,60
21.97,46.66,407,22,0.8,2,44.36,72.83,96.74,80,19,133.08,60
21.78,45.98,402,18,0.2,3,46.31,73.01,96.59,20,20,138.92,15
21.18,48.02,435,22,0.8,2,46.87,71.66,95.9,80,13,140.62,60
21.4,42.2,382,22,0.8,0,46.23,73.81,96.61,80,24,138.7,60
22.93,46.19,355,22,0.8,1,47.75,74.83,93.58,80,29,143.25,60
21.8,43.21,376,22,0.8,3,46.97,74.01,95.78,80,25,140.9,60
22.14,41.97,400,22,0.8,1,48.61,73.02,94.29,80,20,145.84,60
23.02,45.48,424,28,1.0,3,51.34,72.0,92.25,100,15,154.02,75
21.95,47.13,386,22,0.8,1,47.0,73.62,92.22,80,23,141.01,60
22.49,43.17,410,22,0.8,3,44.59,72.72,95.01,80,18,133.78,60
22.57,45.72,389,22,0.8,6,44.59,73.57,95.59,80,22,133.78,60
21.36,46.86,393,22,0.8,3,49.11,73.29,94.2,80,21,147.34,60
22.13,45.64,419,22,0.8,1,48.65,72.27,96.25,80,16,145.94,60
22.47,43.35,331,22,0.8,1,47.9,75.81,96.5,80,34,143.69,60
21.75,40.18,376,28,1.0,3,48.49,73.98,96.71,100,25,145.47,75
21.67,45.11,401,18,0.2,1,47.6,73.03,95.99,20,20,142.79,15
21.49,46.23,439,22,0.8,0,43.72,71.56,94.66,80,12,131.17,60
21.22,43.32,357,22,0.8,2,49.19,74.76,93.28,80,29,147.58,60
21.51,43.84,419,22,0.8,4,51.93,72.19,93.9,80,16,155.79,60
22.26,41.98,406,22,0.8,0,47.65,72.8,94.02,80,19,142.96,60
22.79,45.13,394,28,1.0,0,45.37,73.35,95.24,100,21,136.11,75
21.75,40.24,438,28,1.0,2,49.66,71.48,95.06,100,12,148.97,75
21.94,44.28,427,22,0.8,3,48.71,71.93,94.91,80,15,146.13,60
21.83,44.48,441,22,0.8,1,51.15,71.35,95.54,80,12,153.45,60
21.62,45.66,381,22,0.8,1,44.83,73.85,95.05,80,24,134.49,60
22.3,49.35,391,22,0.8,2,46.77,73.41,96.5,80,22,140.32,60
22.13,45.79,388,18,0.2,2,44.7,73.61,96.45,20,22,134.1,15
22.46,43.92,415,22,0.8,5,50.33,72.41,93.0,80,17,150.99,60
21.81,44.27,422,22,0.8,5,47.93,72.16,96.27,80,16,143.8,60
21.93,44.62,396,22,0.8,1,48.62,73.19,92.99,80,21,145.85,60
22.34,41.83,406,22,0.8,3,48.25,72.81,94.35,80,19,144.74,60
22.18,48.73,433,22,0.8,1,44.98,71.77,94.77,80,13,134.94,60
23.26,51.09,420,18,0.2,1,46.63,72.27,93.36,20,16,139.89,15
23.16,48.07,378,18,0.2,0,43.45,74.01,93.76,20,24,130.36,15
22.22,45.73,380,22,0.8,2,45.14,73.91,95.15,80,24,135.41,60
22.41,44.96,433,22,0.8,2,49.38,71.71,93.83,80,13,148.14,60
22.78,47.93,415,22,0.8,4,46.41,72.47,93.52,80,17,139.24,60
21.6,46.02,465,22,0.8,6,45.81,70.49,96.94,80,7,137.42,60
22.14,43.95,397,22,0.8,0,47.87,73.17,95.29,80,21,143.6,60
22.16,40.26,409,22,0.8,1,50.38,72.61,95.46,80,18,151.14,60
22.25,43.23,414,22,0.8,2,50.03,72.44,95.18,80,17,150.08,60
22.37,43.59,396,18,0.2,1,47.4,73.2,96.93,20,21,142.19,15
21.58,45.45,431,22,0.8,1,49.24,71.78,96.61,80,14,147.73,60
21.69,45.08,372,28,1.0,0,44.41,74.23,93.99,100,26,133.22,75
22.13,45.43,405,22,0.8,5,50.73,72.8,95.55,80,19,152.19,60
22.62,44.57,420,22,0.8,3,48.4,72.24,95.92,80,16,145.21,60
23.02,46.89,446,28,1.0,0,47.39,71.21,94.31,100,11,142.18,75
22.56,42.21,413,22,0.8,4,50.55,72.47,94.98,80,17,151.64,60
22.84,40.74,383,22,0.8,0,50.03,73.66,92.88,80,23,150.1,60
22.06,45.63,414,22,0.8,2,46.61,72.49,96.8,80,17,139.82,60
22.67,42.04,385,22,0.8,3,48.72,73.61,95.74,80,23,146.15,60
21.91,44.76,404,18,0.2,2,48.73,72.88,97.76,20,19,146.2,15
22.24,47.36,410,22,0.8,3,46.07,72.69,93.85,80,18,138.21,60
22.09,44.01,396,22,0.8,2,48.38,73.19,92.96,80,21,145.14,60
22.22,42.3,386,18,0.2,2,46.6,73.65,93.24,20,23,139.79,15
22.44,47.58,422,22,0.8,2,49.15,72.12,93.71,80,16,147.46,60
22.31,49.84,386,18,0.2,6,48.09,73.58,95.24,20,23,144.26,15
21.43,46.21,355,18,0.2,2,43.91,74.91,95.81,20,29,131.73,15
21.85,49.27,363,22,0.8,4,43.38,74.6,97.27,80,27,130.14,60
21.95,40.35,412,28,1.0,3,50.54,72.51,94.72,100,18,151.62,75
22.8,45.9,395,22,0.8,2,45.25,73.28,94.55,80,21,135.75,60
21.96,43.44,429,22,0.8,3,50.44,71.81,96.05,80,14,151.31,60
21.78,45.31,388,22,0.8,2,46.74,73.55,96.19,80,22,140.23,60
21.86,43.91,437,22,0.8,3,49.8,71.52,97.24,80,13,149.39,60
22.01,46.57,434,28,1.0,1,44.69,71.75,97.8,100,13,134.06,75
21.63,43.57,403,28,1.0,1,50.5,72.89,94.01,100,19,151.49,75
22.74,47.48,403,22,0.8,3,50.1,72.89,93.78,80,19,150.31,60
22.26,44.27,400,22,0.8,1,47.3,73.07,94.72,80,20,141.89,60
21.7,43.52,377,18,0.2,1,45.8,73.99,95.22,20,25,137.4,15
21.66,43.83,375,22,0.8,2,45.47,74.09,95.68,80,25,136.42,60
21.92,42.15,360,18,0.2,1,49.87,74.6,94.23,20,28,149.61,15
22.33,50.41,448,22,0.8,4,44.91,71.2,96.12,80,10,134.72,60
21.14,44.92,414,22,0.8,4,46.03,72.53,97.2,80,17,138.1,60
23.13,48.51,400,22,0.8,1,50.63,72.98,92.21,80,20,151.88,60
22.04,45.85,391,22,0.8,2,46.86,73.42,93.13,80,22,140.58,60
21.74,45.82,363,22,0.8,1,44.15,74.6,99.15,80,27,132.45,60
21.63,44.42,398,22,0.8,3,45.69,73.17,94.19,80,20,137.08,60
21.82,45.24,414,22,0.8,5,50.72,72.43,93.68,80,17,152.16,60
21.64,50.27,416,18,0.2,0,47.21,72.43,95.44,20,17,141.63,15
22.07,43.47,416,22,0.8,2,49.72,72.36,93.32,80,17,149.17,60
21.0,43.06,431,22,0.8,2,50.73,71.73,96.79,80,14,152.2,60
21.89,46.32,401,22,0.8,1,46.35,73.02,96.92,80,20,139.04,60
22.55,42.93,388,22,0.8,4,47.05,73.55,95.75,80,22,141.16,60
21.86,44.95,385,22,0.8,2,45.22,73.71,98.54,80,23,135.67,60
22.5,41.2,336,22,0.8,1,46.23,75.65,95.69,80,33,138.7,60
22.21,41.92,425,22,0.8,5,52.99,71.95,93.96,80,15,158.97,60
21.6,43.35,403,18,0.2,4,48.85,72.89,95.18,20,19,146.55,15
20.84,42.48,421,18,0.2,1,49.7,72.16,96.87,20,16,149.1,15
21.88,47.52,427,22,0.8,4,44.05,72.02,95.36,80,15,132.15,60
23.08,43.99,370,28,1.0,2,48.84,74.22,93.3,100,26,146.51,75
21.19,48.81,421,22,0.8,1,47.1,72.22,95.96,80,16,141.29,60
21.77,43.42,366,22,0.8,1,45.85,74.44,96.38,80,27,137.56,60
21.88,41.5,444,22,0.8,3,47.12,71.28,98.28,80,11,141.36,60
21.82,42.13,395,22,0.8,3,47.83,73.26,94.93,80,21,143.49,60
21.8,40.61,402,28,1.0,4,46.52,72.97,96.01,100,20,139.56,75
22.74,45.98,425,22,0.8,2,51.45,71.97,92.43,80,15,154.35,60
22.1,46.09,425,22,0.8,1,49.79,72.02,93.67,80,15,149.38,60
21.76,47.14,419,22,0.8,1,48.72,72.28,97.38,80,16,146.16,60
22.01,44.56,431,22,0.8,2,51.33,71.73,93.3,80,14,153.99,60
21.88,44.13,428,22,0.8,2,45.79,71.97,95.27,80,14,137.37,60
22.86,40.81,392,22,0.8,2,51.82,73.27,93.32,80,22,155.45,60
22.94,48.15,415,22,0.8,0,45.84,72.47,93.63,80,17,137.52,60
22.22,44.25,380,22,0.8,2,45.82,73.88,97.48,80,24,137.47,60
21.3,45.51,389,22,0.8,3,44.46,73.54,97.39,80,22,133.39,60
21.63,43.95,409,28,1.0,1,45.16,72.75,95.33,100,18,135.49,75
21.61,47.99,397,22,0.8,2,45.05,73.23,92.94,80,21,135.16,60
22.43,47.15,355,18,0.2,6,43.37,74.94,95.5,20,29,130.1,15
20.47,44.05,375,18,0.2,5,48.55,74.03,95.24,20,25,145.66,15
22.0,42.87,368,22,0.8,1,49.4,74.3,93.09,80,26,148.21,60
22.52,39.93,450,22,0.8,2,53.73,70.91,95.18,80,10,161.2,60
22.07,48.49,417,22,0.8,3,44.92,72.41,94.62,80,17,134.76,60
22.53,42.03,425,22,0.8,0,51.17,71.96,93.14,80,15,153.5,60
22.79,39.62,385,22,0.8,5,51.81,73.56,93.36,80,23,155.42,60
22.39,47.97,447,22,0.8,2,48.51,71.17,94.39,80,11,145.52,60
21.95,44.71,360,22,0.8,1,47.86,74.65,96.75,80,28,143.58,60
22.92,43.76,399,22,0.8,2,52.95,73.0,92.18,80,20,158.86,60
20.97,42.38,378,22,0.8,1,49.34,73.9,94.67,80,24,148.01,60
22.09,50.52,405,18,0.2,1,45.33,72.89,94.32,20,19,135.99,15
21.91,48.39,422,22,0.8,2,46.28,72.21,94.22,80,16,138.84,60
22.27,50.59,354,22,0.8,3,45.32,74.94,95.16,80,29,135.97,60
22.14,44.44,419,22,0.8,5,47.18,72.3,95.68,80,16,141.54,60
22.05,43.99,418,22,0.8,2,49.83,72.29,93.89,80,16,149.48,60
22.39,47.18,354,22,0.8,2,45.92,74.91,95.4,80,29,137.77,60
22.45,40.91,392,22,0.8,1,48.39,73.34,94.81,80,22,145.17,60
23.03,49.4,362,22,0.8,3,45.65,74.59,94.27,80,28,136.96,60
21.82,42.18,438,22,0.8,1,50.87,71.45,97.29,80,12,152.6,60
21.84,45.75,434,22,0.8,2,48.0,71.69,95.88,80,13,143.99,60
21.6,43.07,396,22,0.8,3,46.48,73.22,94.64,80,21,139.45,60
21.06,43.75,404,22,0.8,1,50.22,72.83,96.78,80,19,150.67,60
22.71,42.65,413,22,0.8,4,50.04,72.49,95.56,80,17,150.11,60
21.5,46.59,390,22,0.8,5,45.56,73.49,94.18,80,22,136.68,60
21.99,44.07,396,22,0.8,1,46.96,73.21,95.15,80,21,140.88,60
21.37,39.86,416,22,0.8,0,51.84,72.32,96.85,80,17,155.51,60
21.73,43.91,378,28,1.0,0,51.22,73.85,92.42,100,24,153.67,75
22.08,41.3,389,22,0.8,1,48.35,73.46,95.96,80,22,145.05,60
22.29,43.16,386,22,0.8,1,46.79,73.62,97.2,80,23,140.37,60
22.64,44.24,357,28,1.0,2,46.12,74.79,95.84,100,29,138.37,75
21.29,46.27,404,22,0.8,1,48.26,72.87,95.93,80,19,144.78,60
21.9,47.21,367,22,0.8,4,46.57,74.39,97.16,80,27,139.71,60
21.08,45.18,387,28,1.0,2,48.0,73.55,92.42,100,23,143.99,75
20.95,45.53,447,22,0.8,2,48.68,71.16,95.4,80,11,146.04,60
22.67,48.07,392,22,0.8,2,45.7,73.4,95.21,80,22,137.1,60
21.55,49.58,385,22,0.8,3,44.6,73.7,96.25,80,23,133.8,60
21.34,45.29,349,22,0.8,3,46.84,75.09,97.05,80,30,140.52,60
21.98,49.39,431,22,0.8,2,48.51,71.78,95.51,80,14,145.52,60
22.87,42.27,438,22,0.8,4,49.4,71.5,94.72,80,12,148.2,60
22.24,49.32,399,22,0.8,3,43.86,73.18,95.73,80,20,131.58,60
21.93,42.92,410,22,0.8,3,47.7,72.65,95.04,80,18,143.1,60
22.82,48.75,380,28,1.0,3,46.54,73.86,95.11,100,24,139.63,75
22.11,46.49,398,22,0.8,5,47.61,73.12,94.09,80,20,142.84,60
22.31,44.87,410,22,0.8,4,49.17,72.61,94.45,80,18,147.51,60
22.65,41.65,414,22,0.8,1,49.36,72.47,93.5,80,17,148.07,60
21.17,41.03,418,22,0.8,1,50.57,72.26,96.84,80,16,151.71,60
23.04,46.49,423,22,0.8,3,46.38,72.16,93.06,80,15,139.14,60
21.85,46.92,428,22,0.8,1,45.53,71.97,95.06,80,14,136.59,60
22.42,45.03,405,28,1.0,1,46.64,72.88,96.72,100,19,139.93,75
22.61,47.86,441,22,0.8,0,47.25,71.4,95.98,80,12,141.74,60
22.5,41.4,421,22,0.8,1,48.64,72.17,95.31,80,16,145.91,60
21.59,43.92,418,22,0.8,4,47.31,72.35,95.95,80,16,141.94,60
21.93,45.15,388,18,0.2,2,48.92,73.49,96.75,20,22,146.76,15
22.55,45.71,415,28,1.0,5,48.43,72.42,94.23,100,17,145.29,75
22.18,43.4,411,22,0.8,4,48.56,72.59,95.3,80,18,145.68,60
22.29,49.2,453,22,0.8,2,43.96,70.99,97.25,80,9,131.89,60
21.78,44.85,412,22,0.8,1,48.63,72.56,93.16,80,18,145.9,60
21.83,43.57,456,22,0.8,2,48.98,70.79,96.14,80,9,146.94,60
22.2,42.99,369,22,0.8,1,49.28,74.27,94.41,80,26,147.85,60
22.19,43.18,373,22,0.8,3,43.71,74.21,96.58,80,25,131.13,60
22.21,39.54,395,22,0.8,3,48.52,73.23,94.7,80,21,145.56,60
22.21,44.08,404,28,1.0,1,49.51,72.85,94.9,100,19,148.54,75
22.29,46.77,433,28,1.0,0,50.49,71.68,92.95,100,13,151.47,75
23.19,40.74,379,18,0.2,1,52.36,73.8,93.22,20,24,157.07,15
22.1,43.14,430,22,0.8,5,47.86,71.82,96.98,80,14,143.59,60
22.12,46.74,430,22,0.8,2,47.43,71.84,95.58,80,14,142.29,60
22.89,45.72,375,22,0.8,2,47.14,74.06,94.35,80,25,141.42,60
23.22,46.04,418,22,0.8,2,46.56,72.35,93.54,80,16,139.69,60
22.66,43.4,440,22,0.8,2,50.84,71.37,93.36,80,12,152.53,60
21.39,44.8,386,22,0.8,2,45.06,73.68,97.11,80,23,135.18,60
22.56,41.85,349,22,0.8,2,49.07,75.04,94.65,80,30,147.22,60
21.19,42.83,418,22,0.8,3,49.07,72.28,98.0,80,16,147.22,60
21.77,43.14,391,28,1.0,0,49.97,73.38,93.46,100,22,149.91,75
21.52,46.98,437,22,0.8,1,46.66,71.59,95.19,80,13,139.97,60
22.71,49.13,416,18,0.2,3,48.72,72.37,92.99,20,17,146.17,15
22.68,48.68,389,22,0.8,4,46.58,73.52,93.64,80,22,139.75,60
21.8,46.05,421,22,0.8,2,47.9,72.22,93.88,80,16,143.71,60
22.24,44.98,403,18,0.2,2,45.31,72.96,95.96,20,19,135.93,15
21.98,44.78,390,28,1.0,1,45.5,73.5,96.39,100,22,136.5,75
22.27,44.99,362,22,0.8,1,45.8,74.61,94.62,80,28,137.41,60
21.68,48.45,415,22,0.8,4,45.07,72.49,95.88,80,17,135.2,60
21.66,45.36,390,22,0.8,2,48.39,73.43,94.91,80,22,145.18,60
21.31,45.0,413,22,0.8,3,47.4,72.51,96.08,80,17,142.19,60
21.92,44.21,396,18,0.2,3,49.41,73.16,95.05,20,21,148.23,15
22.04,47.05,368,28,1.0,3,50.86,74.25,93.25,100,26,152.57,75
21.54,43.6,407,22,0.8,3,46.15,72.78,95.2,80,19,138.45,60
22.32,42.56,392,22,0.8,1,45.53,73.4,95.3,80,22,136.59,60
22.22,49.98,405,18,0.2,2,41.79,72.95,97.34,20,19,125.38,15
21.79,46.53,399,22,0.8,7,47.17,73.09,93.99,80,20,141.5,60
22.62,47.91,364,22,0.8,5,43.74,74.56,93.19,80,27,131.21,60
22.18,45.22,370,22,0.8,3,45.82,74.28,92.74,80,26,137.45,60
22.18,41.81,400,22,0.8,2,49.57,72.99,95.07,80,20,148.72,60
22.18,41.39,384,22,0.8,2,49.04,73.66,97.08,80,23,147.11,60
21.51,45.74,429,22,0.8,1,48.25,71.87,96.74,80,14,144.74,60
22.0,49.34,378,22,0.8,3,46.63,73.94,93.97,80,24,139.89,60
22.29,44.16,421,28,1.0,1,48.72,72.18,96.7,100,16,146.17,75
21.13,46.35,389,18,0.2,3,48.62,73.48,96.09,20,22,145.85,15
22.02,48.16,410,22,0.8,1,47.66,72.67,92.53,80,18,142.99,60
22.38,44.84,384,22,0.8,5,48.55,73.66,94.71,80,23,145.66,60
22.03,46.05,416,22,0.8,0,46.66,72.43,96.1,80,17,139.97,60
21.47,47.36,408,22,0.8,3,47.84,72.74,96.84,80,18,143.53,60
21.35,46.73,382,22,0.8,0,45.41,73.83,94.77,80,24,136.23,60
21.55,42.84,407,18,0.2,3,50.65,72.7,92.77,20,19,151.94,15
22.36,42.78,411,22,0.8,2,49.82,72.56,95.69,80,18,149.47,60
21.13,40.54,431,22,0.8,2,51.7,71.72,95.41,80,14,155.11,60
21.36,44.32,420,22,0.8,1,48.12,72.25,95.59,80,16,144.36,60
22.49,48.05,345,28,1.0,2,42.26,75.34,95.22,100,31,126.78,75
21.15,45.89,417,22,0.8,5,48.35,72.36,95.96,80,17,145.04,60
21.74,48.63,376,22,0.8,4,44.16,74.08,96.0,80,25,132.48,60
21.61,46.44,462,22,0.8,3,48.44,70.55,95.56,80,8,145.31,60
22.56,45.77,384,22,0.8,0,47.24,73.71,93.55,80,23,141.72,60
21.88,48.0,338,22,0.8,3,45.42,75.56,96.31,80,32,136.25,60
23.15,49.87,424,22,0.8,3,47.38,72.09,93.79,80,15,142.15,60
22.16,46.03,409,22,0.8,1,46.02,72.74,95.03,80,18,138.05,60
21.46,43.65,347,22,0.8,3,43.67,75.24,97.21,80,31,131.02,60
21.95,45.67,343,18,0.2,4,45.5,75.37,95.06,20,31,136.51,15
21.72,43.67,394,22,0.8,3,47.92,73.28,95.76,80,21,143.77,60
22.21,48.98,433,22,0.8,3,46.2,71.74,96.17,80,13,138.61,60
22.31,42.15,365,22,0.8,3,50.08,74.4,94.72,80,27,150.23,60
21.82,43.31,446,22,0.8,4,50.09,71.14,96.57,80,11,150.26,60
22.46,44.48,409,22,0.8,1,48.35,72.67,94.51,80,18,145.06,60
21.84,47.09,377,22,0.8,2,42.65,74.08,97.76,80,25,127.94,60
21.42,45.0,352,22,0.8,3,46.23,74.98,93.42,80,30,138.69,60
22.0,43.97,359,28,1.0,4,46.73,74.71,93.46,100,28,140.18,75
21.81,41.53,411,22,0.8,7,50.91,72.53,95.99,80,18,152.73,60
22.31,43.25,367,22,0.8,1,45.73,74.4,96.53,80,27,137.2,60
21.98,40.63,416,18,0.2,1,49.62,72.36,94.55,20,17,148.87,15
21.93,45.97,376,22,0.8,1,42.55,74.1,97.16,80,25,127.64,60
21.41,47.16,364,22,0.8,5,45.49,74.51,97.27,80,27,136.46,60
21.71,45.65,394,22,0.8,0,48.39,73.29,94.14,80,21,145.18,60
22.58,42.53,428,22,0.8,0,49.64,71.89,94.7,80,14,148.91,60
22.17,43.59,392,22,0.8,4,46.64,73.38,94.77,80,22,139.91,60
22.17,41.87,437,22,0.8,4,51.39,71.48,93.78,80,13,154.17,60
21.68,45.33,356,22,0.8,0,46.22,74.82,96.86,80,29,138.67,60
22.17,46.99,429,22,0.8,2,45.52,71.93,95.67,80,14,136.56,60
21.45,47.04,415,22,0.8,6,45.95,72.48,95.87,80,17,137.86,60
22.55,48.65,433,22,0.8,0,49.89,71.68,96.19,80,13,149.67,60
21.95,44.52,390,22,0.8,5,47.95,73.42,95.43,80,22,143.86,60
21.81,46.51,429,22,0.8,4,45.3,71.95,95.0,80,14,135.9,60
22.19,46.5,396,22,0.8,1,45.04,73.24,95.61,80,21,135.13,60
22.21,51.06,388,22,0.8,2,43.88,73.62,95.88,80,22,131.65,60
21.46,47.45,411,22,0.8,3,47.74,72.61,95.47,80,18,143.23,60
22.78,45.57,378,28,1.0,2,45.48,73.98,95.26,100,24,136.44,75
21.36,45.23,411,22,0.8,1,52.35,72.53,95.22,80,18,157.04,60
22.2,41.35,456,18,0.2,1,48.32,70.79,97.11,20,9,144.96,15
21.92,43.94,388,22,0.8,1,47.02,73.55,96.79,80,22,141.06,60
22.32,44.73,370,22,0.8,4,43.31,74.33,96.18,80,26,129.93,60
22.08,46.63,444,22,0.8,0,51.38,71.21,92.1,80,11,154.14,60
21.59,43.12,350,22,0.8,2,45.25,75.09,95.52,80,30,135.76,60
22.07,46.42,423,22,0.8,3,48.42,72.12,95.15,80,15,145.27,60
21.56,42.6,409,22,0.8,1,50.95,72.62,95.84,80,18,152.86,60
22.06,46.55,392,22,0.8,3,42.96,73.45,96.72,80,22,128.88,60
22.3,43.54,412,22,0.8,1,44.66,72.62,97.2,80,18,133.97,60
22.35,42.54,424,22,0.8,5,49.92,72.05,94.68,80,15,149.77,60
22.24,42.2,418,18,0.2,4,46.32,72.35,96.89,20,16,138.96,15
22.45,37.21,402,22,0.8,3,49.86,72.94,94.95,80,20,149.59,60
22.17,43.76,369,22,0.8,5,47.98,74.27,93.68,80,26,143.93,60
22.16,44.73,389,22,0.8,1,48.09,73.47,95.27,80,22,144.28,60
21.8,44.89,389,22,0.8,2,47.04,73.51,94.3,80,22,141.13,60
21.44,46.75,400,22,0.8,4,47.45,73.05,95.24,80,20,142.36,60
21.38,43.61,336,22,0.8,3,44.28,75.69,94.65,80,33,132.84,60
21.48,45.4,399,22,0.8,3,46.14,73.12,96.01,80,20,138.43,60
21.99,44.21,432,22,0.8,4,52.02,71.68,93.2,80,14,156.07,60
22.66,42.17,404,18,0.2,3,49.51,72.87,94.43,20,19,148.54,15
21.82,46.62,381,22,0.8,2,47.79,73.81,92.97,80,24,143.37,60
22.88,47.1,430,22,0.8,6,45.3,71.9,94.43,80,14,135.91,60
22.04,44.45,426,22,0.8,2,47.3,72.0,96.96,80,15,141.9,60
21.81,45.93,395,22,0.8,3,47.42,73.24,94.71,80,21,142.26,60
21.12,42.87,419,22,0.8,4,47.81,72.29,94.79,80,16,143.43,60
21.24,43.45,397,22,0.8,2,47.15,73.19,95.94,80,21,141.44,60
21.93,40.61,401,22,0.8,1,48.19,73.0,95.05,80,20,144.57,60
21.18,45.55,404,22,0.8,8,46.94,72.88,96.89,80,19,140.83,60
21.24,46.0,379,22,0.8,4,46.16,73.91,96.24,80,24,138.47,60
21.81,47.07,407,22,0.8,2,47.0,72.78,94.3,80,19,141.0,60
21.72,41.31,419,18,0.2,2,48.62,72.28,97.28,20,16,145.85,15
22.08,45.78,399,28,1.0,2,46.69,73.11,95.15,100,20,140.07,75
21.98,46.01,431,18,0.2,2,47.18,71.84,95.49,20,14,141.54,15
21.14,43.65,365,22,0.8,0,46.18,74.46,96.92,80,27,138.55,60
22.56,41.82,380,22,0.8,1,51.26,73.77,92.02,80,24,153.78,60
21.96,41.78,374,22,0.8,2,45.85,74.11,98.01,80,25,137.54,60
21.75,42.77,405,22,0.8,1,46.95,72.85,96.49,80,19,140.84,60
22.82,48.77,395,18,0.2,3,45.5,73.3,94.7,20,21,136.51,15
22.05,45.04,365,22,0.8,4,45.54,74.47,95.22,80,27,136.61,60
21.91,46.39,399,22,0.8,5,45.82,73.11,96.42,80,20,137.46,60
22.86,45.05,410,28,1.0,0,45.0,72.7,94.98,100,18,135.0,75
22.31,41.39,375,22,0.8,4,45.76,74.07,97.16,80,25,137.29,60
22.37,44.85,402,22,0.8,3,48.27,72.97,95.45,80,20,144.82,60
21.24,50.51,388,22,0.8,4,44.44,73.58,96.43,80,22,133.33,60
22.45,45.31,404,22,0.8,5,49.38,72.86,93.98,80,19,148.14,60
22.41,46.05,390,22,0.8,1,46.36,73.47,94.41,80,22,139.08,60
21.61,45.31,388,22,0.8,1,47.3,73.52,92.25,80,22,141.89,60
22.07,46.93,414,22,0.8,2,48.52,72.45,95.4,80,17,145.55,60
22.13,42.93,337,22,0.8,3,45.13,75.63,96.16,80,33,135.39,60
22.27,43.89,414,22,0.8,4,48.33,72.49,95.1,80,17,144.99,60
21.49,46.7,381,22,0.8,1,45.65,73.87,95.94,80,24,136.95,60
21.82,42.34,426,22,0.8,2,51.01,71.94,93.58,80,15,153.04,60
21.65,41.6,389,28,1.0,2,50.37,73.45,94.29,100,22,151.1,75
21.66,46.75,383,28,1.0,1,45.7,73.77,94.46,100,23,137.09,75
22.2,46.38,394,22,0.8,2,47.36,73.28,96.94,80,21,142.07,60
21.95,43.52,377,28,1.0,2,47.51,73.95,96.36,100,25,142.53,75
22.09,41.23,405,22,0.8,5,47.51,72.86,93.8,80,19,142.52,60
22.52,46.36,422,22,0.8,1,48.11,72.15,94.48,80,16,144.33,60
22.55,44.01,418,28,1.0,0,46.01,72.37,94.98,100,16,138.03,75
21.98,39.15,409,22,0.8,1,52.1,72.6,96.07,80,18,156.3,60
20.86,49.27,406,22,0.8,5,47.1,72.8,95.14,80,19,141.3,60
22.63,45.41,426,22,0.8,1,50.17,71.95,95.48,80,15,150.52,60
22.18,47.88,401,22,0.8,5,45.84,73.03,94.9,80,20,137.53,60
21.12,42.26,406,22,0.8,1,48.39,72.77,96.65,80,19,145.18,60
23.17,43.93,391,22,0.8,1,47.82,73.42,93.72,80,22,143.45,60
22.29,46.14,400,18,0.2,1,47.72,73.05,94.19,20,20,143.16,15
23.25,46.4,417,22,0.8,3,48.59,72.36,93.39,80,17,145.76,60
22.86,47.53,343,22,0.8,0,45.68,75.36,94.94,80,31,137.03,60
22.38,43.01,360,22,0.8,0,49.77,74.62,95.49,80,28,149.3,60
21.55,41.17,403,22,0.8,2,49.03,72.91,97.25,80,19,147.08,60
22.47,44.47,398,22,0.8,5,47.13,73.13,94.1,80,20,141.38,60
21.12,44.62,413,22,0.8,4,49.19,72.48,96.96,80,17,147.58,60
20.91,45.58,406,22,0.8,5,48.2,72.79,96.17,80,19,144.59,60
21.65,45.69,377,22,0.8,2,48.13,73.94,97.82,80,25,144.39,60
22.0,48.17,412,22,0.8,0,43.18,72.64,96.07,80,18,129.55,60
21.53,44.76,403,22,0.8,3,48.06,72.93,93.66,80,19,144.18,60
21.18,42.95,429,22,0.8,5,50.02,71.83,95.74,80,14,150.06,60
21.62,46.93,373,22,0.8,3,44.91,74.2,96.52,80,25,134.74,60
22.63,46.16,445,22,0.8,4,46.66,71.28,95.86,80,11,139.99,60
21.4,46.47,390,22,0.8,3,44.88,73.52,96.15,80,22,134.63,60
21.15,48.11,440,22,0.8,1,49.77,71.38,92.62,80,12,149.32,60
22.22,42.5,430,22,0.8,3,49.3,71.82,94.83,80,14,147.89,60
21.13,43.1,356,22,0.8,1,48.73,74.8,96.0,80,29,146.2,60
22.39,44.02,400,22,0.8,1,50.28,73.0,93.57,80,20,150.83,60
22.36,46.02,386,18,0.2,3,45.13,73.64,95.35,20,23,135.38,15
21.06,46.34,438,22,0.8,1,49.85,71.47,95.79,80,12,149.56,60
22.4,42.14,438,22,0.8,3,50.46,71.48,94.63,80,12,151.38,60
21.55,43.88,376,22,0.8,3,45.81,74.04,94.75,80,25,137.43,60
23.21,46.6,382,28,1.0,2,48.55,73.74,93.53,100,24,145.65,75
21.36,45.07,402,22,0.8,0,46.9,72.99,95.12,80,20,140.69,60
22.47,45.6,408,22,0.8,0,48.43,72.72,96.01,80,18,145.29,60
22.21,40.75,359,22,0.8,3,49.81,74.64,93.86,80,28,149.43,60
21.04,41.63,409,18,0.2,2,50.05,72.65,93.67,20,18,150.14,15
21.12,42.62,415,18,0.2,5,48.79,72.41,95.25,20,17,146.38,15
21.78,48.98,448,22,0.8,5,49.9,71.07,93.87,80,10,149.71,60
21.36,48.7,441,22,0.8,0,47.29,71.41,94.82,80,12,141.88,60
22.08,48.92,403,22,0.8,1,46.79,72.94,95.52,80,19,140.38,60
22.17,46.31,358,22,0.8,2,44.4,74.8,97.06,80,28,133.2,60
21.88,45.68,414,22,0.8,2,49.12,72.46,93.47,80,17,147.37,60
22.49,42.2,374,22,0.8,2,48.92,74.07,95.21,80,25,146.76,60
22.57,44.3,394,22,0.8,2,49.46,73.24,96.1,80,21,148.38,60
22.2,45.57,401,22,0.8,3,48.34,73.01,94.29,80,20,145.02,60
22.52,46.13,417,28,1.0,4,49.7,72.31,95.32,100,17,149.11,75
22.75,44.49,471,22,0.8,3,50.85,70.15,93.75,80,6,152.55,60
22.08,45.81,428,22,0.8,3,47.24,71.92,94.85,80,14,141.73,60
21.49,47.07,372,22,0.8,1,45.84,74.19,96.05,80,26,137.51,60
21.91,47.7,369,22,0.8,0,43.54,74.38,97.13,80,26,130.62,60
21.98,43.23,358,22,0.8,3,45.99,74.78,97.77,80,28,137.98,60
21.23,44.03,458,22,0.8,4,50.9,70.68,95.37,80,8,152.69,60
21.97,47.87,374,28,1.0,3,45.49,74.12,96.03,100,25,136.47,75
21.49,43.49,433,28,1.0,1,46.04,71.76,95.33,100,13,138.11,75
21.85,47.79,453,22,0.8,2,47.77,70.92,95.81,80,9,143.32,60
21.8,50.43,419,22,0.8,2,44.85,72.35,97.84,80,16,134.56,60
22.94,40.87,422,22,0.8,3,49.7,72.14,94.64,80,16,149.11,60
22.19,44.73,376,18,0.2,1,44.19,74.09,97.26,20,25,132.56,15
21.1,45.77,347,18,0.2,4,48.72,75.14,93.73,20,31,146.16,15
22.15,49.12,423,22,0.8,3,47.09,72.15,95.82,80,15,141.27,60
22.08,48.34,362,28,1.0,0,46.94,74.58,95.94,100,28,140.81,75
22.05,47.4,410,22,0.8,1,44.78,72.7,93.2,80,18,134.35,60
22.22,45.11,372,22,0.8,3,46.68,74.18,95.31,80,26,140.05,60
22.25,42.05,384,22,0.8,4,49.41,73.66,94.64,80,23,148.23,60
21.21,47.38,395,18,0.2,5,46.26,73.26,94.51,20,21,138.78,15
21.51,39.91,410,22,0.8,1,48.26,72.62,95.98,80,18,144.77,60
22.33,43.18,417,18,0.2,0,48.16,72.35,96.08,20,17,144.47,15
21.84,48.34,383,22,0.8,2,47.36,73.75,94.63,80,23,142.09,60
22.1,48.48,378,22,0.8,1,44.12,74.01,95.2,80,24,132.37,60
22.45,42.37,420,22,0.8,6,48.95,72.21,95.53,80,16,146.84,60
22.05,47.14,398,22,0.8,3,46.94,73.13,97.26,80,20,140.82,60
21.81,40.53,371,22,0.8,1,49.87,74.18,96.6,80,26,149.62,60
21.76,46.34,398,22,0.8,3,48.98,73.08,93.26,80,20,146.93,60
21.94,44.94,397,22,0.8,0,44.61,73.23,95.29,80,21,133.83,60
21.79,46.21,439,22,0.8,4,47.47,71.51,93.34,80,12,142.4,60
21.7,45.58,420,22,0.8,1,50.26,72.19,95.44,80,16,150.77,60
22.29,47.32,394,22,0.8,3,44.2,73.35,94.81,80,21,132.59,60
21.63,43.81,398,22,0.8,0,48.36,73.1,93.54,80,20,145.09,60
21.47,45.13,395,22,0.8,1,47.77,73.26,95.82,80,21,143.32,60
21.54,47.3,373,22,0.8,1,43.93,74.21,94.87,80,25,131.79,60
22.78,45.42,452,22,0.8,3,47.74,70.98,94.91,80,10,143.22,60
22.37,41.54,424,18,0.2,2,49.0,72.07,96.44,20,15,146.99,15
21.72,42.33,390,22,0.8,6,49.14,73.43,94.42,80,22,147.43,60
22.44,44.52,394,22,0.8,1,46.55,73.3,95.27,80,21,139.64,60
21.76,42.31,411,28,1.0,5,47.22,72.63,93.59,100,18,141.66,75
23.57,46.42,412,22,0.8,1,48.89,72.55,92.11,80,18,146.66,60
21.28,43.99,424,22,0.8,1,48.61,72.07,96.9,80,15,145.82,60
22.6,42.15,368,22,0.8,1,50.52,74.29,94.75,80,26,151.57,60
22.34,43.56,314,18,0.2,2,46.49,76.49,95.28,20,37,139.46,15
22.58,45.75,375,22,0.8,2,45.85,74.07,95.33,80,25,137.54,60
22.89,46.95,359,22,0.8,4,44.54,74.74,94.86,80,28,133.63,60
22.79,47.09,414,22,0.8,0,48.49,72.45,92.51,80,17,145.46,60
21.5,42.73,402,22,0.8,3,46.28,73.0,96.57,80,20,138.83,60
21.97,48.53,430,22,0.8,2,47.34,71.85,95.89,80,14,142.02,60
22.56,46.15,397,22,0.8,1,46.15,73.19,94.88,80,21,138.44,60
22.61,45.32,398,22,0.8,2,45.09,73.19,94.36,80,20,135.27,60
21.28,45.44,399,22,0.8,1,49.19,73.06,95.86,80,20,147.56,60
21.82,41.03,413,28,1.0,2,51.4,72.46,95.09,100,17,154.2,75
22.88,45.84,392,22,0.8,2,48.25,73.34,94.02,80,22,144.74,60
20.71,45.8,402,22,0.8,2,47.69,72.99,95.13,80,20,143.07,60
21.7,45.05,373,22,0.8,5,45.89,74.17,96.27,80,25,137.67,60
22.01,43.69,415,22,0.8,1,47.28,72.44,94.75,80,17,141.83,60
22.27,45.93,335,22,0.8,0,41.56,75.77,95.97,80,33,124.69,60
22.39,48.87,374,22,0.8,4,44.77,74.14,95.22,80,25,134.31,60
21.61,42.16,427,18,0.2,2,50.37,71.89,96.34,20,15,151.1,15
21.43,51.86,443,22,0.8,2,45.29,71.37,95.78,80,11,135.86,60
22.54,45.09,335,28,1.0,3,48.1,75.64,95.78,100,33,144.31,75
22.21,44.57,395,22,0.8,5,48.45,73.25,94.1,80,21,145.34,60
21.51,48.02,408,22,0.8,2,47.34,72.74,96.8,80,18,142.02,60
22.17,41.21,420,22,0.8,1,49.36,72.22,95.85,80,16,148.08,60
21.98,46.79,393,18,0.2,3,46.99,73.34,93.37,20,21,140.96,15
22.43,39.43,432,22,0.8,3,51.65,71.68,95.03,80,14,154.94,60
22.08,43.74,393,22,0.8,1,45.21,73.39,95.59,80,21,135.64,60
21.8,45.34,406,22,0.8,1,47.3,72.83,96.76,80,19,141.91,60
21.6,41.24,439,18,0.2,3,54.44,71.33,94.34,20,12,163.32,15
22.86,41.92,389,22,0.8,3,46.49,73.5,94.96,80,22,139.48,60
21.42,46.24,462,22,0.8,1,48.01,70.57,94.72,80,8,144.04,60
22.1,42.95,408,22,0.8,3,49.46,72.7,95.9,80,18,148.38,60
21.82,44.18,374,22,0.8,3,44.83,74.15,95.1,80,25,134.48,60
21.9,44.88,452,22,0.8,2,51.01,70.89,96.93,80,10,153.02,60
22.07,41.0,367,22,0.8,2,45.08,74.42,96.48,80,27,135.23,60
23.28,43.61,413,22,0.8,2,49.79,72.49,93.27,80,17,149.38,60
22.05,49.56,362,22,0.8,2,43.11,74.68,96.64,80,28,129.34,60
22.04,43.79,429,22,0.8,2,46.4,71.9,98.25,80,14,139.21,60
22.51,45.92,413,22,0.8,6,48.37,72.49,94.47,80,17,145.12,60
22.72,47.78,403,22,0.8,2,45.41,72.98,94.9,80,19,136.22,60
21.38,50.11,411,22,0.8,1,44.52,72.67,97.44,80,18,133.57,60
22.26,44.76,420,22,0.8,1,47.41,72.25,94.27,80,16,142.22,60
22.1,42.13,410,28,1.0,1,51.2,72.56,95.19,100,18,153.61,75
20.91,41.73,424,22,0.8,4,50.1,72.03,94.54,80,15,150.29,60
22.35,47.42,439,22,0.8,4,49.17,71.47,94.05,80,12,147.5,60
21.99,41.66,419,22,0.8,1,46.89,72.31,98.43,80,16,140.68,60
21.18,42.4,448,22,0.8,1,49.55,71.1,95.58,80,10,148.66,60
22.14,40.37,388,22,0.8,2,51.32,73.44,93.92,80,22,153.97,60
22.58,48.0,358,22,0.8,2,45.63,74.77,93.89,80,28,136.88,60
22.41,43.2,443,22,0.8,3,49.6,71.29,95.21,80,11,148.81,60
21.47,48.41,434,18,0.2,2,49.78,71.64,93.75,20,13,149.35,15
21.76,42.89,405,22,0.8,4,49.33,72.82,94.43,80,19,148.0,60
21.85,46.24,428,28,1.0,3,44.51,71.98,95.92,100,14,133.54,75
22.08,49.89,395,22,0.8,1,44.81,73.3,95.42,80,21,134.42,60
22.18,44.38,440,22,0.8,3,48.48,71.43,95.47,80,12,145.45,60
22.34,43.68,366,22,0.8,4,48.13,74.38,92.34,80,27,144.39,60
21.58,43.67,413,22,0.8,2,48.19,72.51,93.65,80,17,144.58,60
22.68,46.67,377,22,0.8,2,46.4,74.01,93.08,80,25,139.21,60
22.43,48.8,376,28,1.0,4,41.94,74.11,94.37,100,25,125.83,75
21.55,46.84,432,22,0.8,3,50.63,71.69,96.04,80,14,151.9,60
22.23,42.95,416,22,0.8,1,47.28,72.42,94.69,80,17,141.85,60
23.07,47.14,389,22,0.8,4,49.61,73.44,91.89,80,22,148.82,60
22.99,47.72,390,22,0.8,3,47.34,73.44,94.46,80,22,142.02,60
21.9,45.81,395,22,0.8,2,48.1,73.23,93.2,80,21,144.29,60
20.86,42.19,385,28,1.0,4,47.58,73.63,96.86,100,23,142.73,75
22.16,45.57,378,22,0.8,4,44.65,74.0,96.74,80,24,133.96,60
23.11,42.38,376,22,0.8,2,51.32,73.93,92.05,80,25,153.97,60
21.34,42.4,383,28,1.0,4,48.41,73.7,96.02,100,23,145.24,75
21.6,40.42,411,22,0.8,3,50.19,72.54,97.08,80,18,150.58,60
21.68,49.17,367,18,0.2,5,44.6,74.43,96.46,20,27,133.8,15
22.16,45.47,369,18,0.2,2,46.89,74.3,97.33,20,26,140.66,15
22.42,45.6,376,28,1.0,3,49.14,73.97,93.87,100,25,147.41,75
21.21,42.53,437,22,0.8,1,50.12,71.53,95.37,80,13,150.37,60
21.95,42.55,398,22,0.8,2,50.49,73.07,93.42,80,20,151.48,60
23.26,50.01,389,22,0.8,2,46.19,73.5,93.38,80,22,138.56,60
21.47,42.05,383,22,0.8,2,49.0,73.69,97.52,80,23,146.99,60
22.33,43.22,414,22,0.8,4,49.47,72.46,94.46,80,17,148.4,60
22.73,50.53,390,22,0.8,3,44.25,73.52,95.48,80,22,132.75,60
22.23,44.0,400,22,0.8,1,45.56,73.1,94.95,80,20,136.69,60
22.2,47.79,429,28,1.0,4,48.2,71.87,96.19,100,14,144.59,75
21.55,39.18,411,22,0.8,0,50.4,72.54,95.67,80,18,151.2,60
21.65,43.63,423,22,0.8,1,49.55,72.07,97.01,80,15,148.65,60
21.42,45.2,362,22,0.8,1,48.22,74.55,95.07,80,28,144.65,60
22.13,37.26,387,22,0.8,3,51.0,73.51,97.89,80,23,152.99,60
21.04,45.62,349,28,1.0,4,47.65,75.08,96.27,100,30,142.94,75
22.62,46.39,381,18,0.2,2,46.53,73.82,93.4,20,24,139.58,15
21.71,46.44,425,22,0.8,1,49.34,72.02,94.89,80,15,148.02,60
22.33,45.1,406,22,0.8,6,44.45,72.87,96.59,80,19,133.34,60
21.76,49.25,437,18,0.2,1,47.72,71.56,96.67,20,13,143.17,15
21.78,43.59,385,22,0.8,1,46.74,73.67,95.49,80,23,140.22,60
22.43,40.67,391,18,0.2,6,48.58,73.39,95.92,20,22,145.73,15
21.94,47.93,412,22,0.8,3,45.36,72.62,95.8,80,18,136.07,60
21.78,44.36,391,22,0.8,3,46.85,73.42,94.16,80,22,140.54,60
21.73,46.04,409,22,0.8,4,49.09,72.64,94.83,80,18,147.26,60
21.59,45.06,379,28,1.0,0,45.04,73.95,94.99,100,24,135.13,75
22.41,44.93,389,28,1.0,2,46.4,73.5,94.14,100,22,139.2,75
22.19,45.55,361,22,0.8,3,45.98,74.65,94.43,80,28,137.94,60
21.92,44.28,404,28,1.0,4,48.78,72.88,95.53,100,19,146.35,75
21.44,42.91,420,22,0.8,1,49.22,72.21,93.26,80,16,147.65,60
22.25,45.98,400,18,0.2,1,46.84,73.08,94.69,20,20,140.52,15
21.9,46.68,394,22,0.8,5,44.16,73.38,93.31,80,21,132.47,60
22.69,45.14,420,22,0.8,2,49.59,72.22,93.43,80,16,148.77,60
21.54,48.27,400,22,0.8,2,45.14,73.09,97.56,80,20,135.43,60
21.78,49.23,425,22,0.8,0,45.93,72.09,96.87,80,15,137.8,60
21.55,47.14,385,22,0.8,3,44.47,73.71,93.89,80,23,133.4,60
22.53,42.97,444,22,0.8,3,49.0,71.26,92.63,80,11,146.99,60
22.66,41.83,382,22,0.8,6,49.66,73.73,93.29,80,24,148.97,60
22.22,44.34,393,22,0.8,4,48.84,73.3,95.79,80,21,146.53,60
22.9,42.83,425,28,1.0,3,48.64,72.03,94.66,100,15,145.92,75
21.72,44.63,370,22,0.8,5,44.3,74.3,98.88,80,26,132.91,60
22.32,49.48,397,22,0.8,2,45.33,73.2,94.53,80,21,135.99,60
22.71,46.08,400,28,1.0,2,46.59,73.08,94.24,100,20,139.76,75
21.35,41.53,345,22,0.8,1,47.63,75.26,95.62,80,31,142.88,60
21.73,45.49,365,22,0.8,1,45.79,74.47,94.2,80,27,137.36,60
22.55,48.21,420,22,0.8,0,46.37,72.25,94.52,80,16,139.12,60
21.87,50.52,370,22,0.8,5,45.51,74.27,96.43,80,26,136.53,60
21.78,43.07,404,22,0.8,5,50.37,72.82,98.57,80,19,151.1,60
21.85,47.78,424,18,0.2,0,45.28,72.15,95.83,20,15,135.84,15
21.84,45.73,410,22,0.8,2,46.65,72.66,96.0,80,18,139.95,60
21.49,45.65,373,22,0.8,0,47.95,74.1,95.15,80,25,143.86,60
21.89,44.95,367,18,0.2,2,47.77,74.35,96.24,20,27,143.3,15
21.98,46.5,418,22,0.8,3,49.18,72.29,94.95,80,16,147.55,60
21.91,42.82,444,22,0.8,2,49.37,71.24,94.94,80,11,148.1,60
22.75,50.48,390,28,1.0,3,43.07,73.56,95.39,100,22,129.21,75
23.06,45.08,401,22,0.8,4,45.82,73.04,94.17,80,20,137.46,60
22.01,44.51,407,22,0.8,5,46.6,72.8,95.58,80,19,139.81,60
21.36,51.52,356,18,0.2,2,41.34,74.91,95.16,20,29,124.03,15
21.89,46.95,396,22,0.8,2,47.7,73.22,93.97,80,21,143.09,60
22.7,44.37,380,22,0.8,4,47.29,73.84,93.66,80,24,141.86,60
22.18,46.48,417,22,0.8,1,46.11,72.41,95.02,80,17,138.32,60
22.15,46.54,374,22,0.8,4,43.31,74.17,95.77,80,25,129.94,60
21.85,46.27,423,22,0.8,3,48.21,72.13,96.16,80,15,144.64,60
21.64,45.72,390,28,1.0,2,48.17,73.45,92.42,100,22,144.52,75
21.38,45.47,390,22,0.8,6,45.09,73.51,94.11,80,22,135.27,60
21.98,44.98,358,22,0.8,1,46.76,74.75,92.92,80,28,140.27,60
21.97,47.68,431,22,0.8,4,44.26,71.87,94.5,80,14,132.78,60
21.42,42.71,406,18,0.2,0,47.8,72.81,95.85,20,19,143.39,15
22.16,47.89,406,22,0.8,1,47.16,72.81,97.06,80,19,141.48,60
21.85,46.09,393,28,1.0,1,48.33,73.3,95.64,100,21,145.0,75
22.26,41.63,396,22,0.8,1,50.58,73.16,93.16,80,21,151.73,60
22.13,41.34,441,22,0.8,3,51.98,71.33,95.57,80,12,155.94,60
22.78,45.89,409,22,0.8,0,47.81,72.69,93.33,80,18,143.44,60
21.98,47.67,414,22,0.8,2,47.61,72.48,93.38,80,17,142.83,60
21.79,43.93,418,22,0.8,1,46.04,72.36,95.98,80,16,138.12,60
21.97,40.58,382,22,0.8,1,46.89,73.78,97.57,80,24,140.66,60
22.18,45.52,372,22,0.8,3,45.61,74.21,96.53,80,26,136.84,60
21.42,45.7,354,22,0.8,2,45.14,74.95,96.09,80,29,135.42,60
22.72,44.09,426,22,0.8,1,48.65,72.0,95.52,80,15,145.96,60
21.79,49.37,417,22,0.8,1,46.13,72.41,96.98,80,17,138.4,60
20.58,44.68,359,22,0.8,1,48.27,74.68,95.17,80,28,144.8,60
21.57,46.25,464,22,0.8,2,50.4,70.44,94.09,80,7,151.19,60
21.98,47.22,402,22,0.8,3,47.13,72.98,96.48,80,20,141.39,60
21.62,45.82,397,22,0.8,2,44.51,73.24,96.18,80,21,133.53,60
22.24,45.93,388,22,0.8,1,47.26,73.52,93.69,80,22,141.77,60
21.95,44.42,370,18,0.2,3,46.13,74.26,96.61,20,26,138.38,15
22.47,44.16,434,22,0.8,3,48.43,71.67,94.38,80,13,145.3,60
21.86,41.63,379,22,0.8,1,49.57,73.86,96.07,80,24,148.71,60
22.38,41.39,386,22,0.8,3,48.02,73.61,94.93,80,23,144.07,60
21.65,43.31,387,22,0.8,1,48.71,73.56,95.84,80,23,146.14,60
22.49,42.32,415,22,0.8,3,47.88,72.44,94.74,80,17,143.65,60
22.42,49.19,417,22,0.8,2,45.88,72.39,94.6,80,17,137.65,60
22.02,45.3,456,22,0.8,2,46.82,70.84,94.11,80,9,140.45,60
21.7,42.36,419,18,0.2,2,49.14,72.25,94.18,20,16,147.43,15
21.79,46.99,414,22,0.8,2,47.34,72.5,95.97,80,17,142.01,60
21.74,46.54,359,28,1.0,2,44.65,74.75,95.29,100,28,133.95,75
22.29,41.44,372,22,0.8,4,50.31,74.11,94.24,80,26,150.93,60
23.22,46.26,401,22,0.8,6,47.58,72.99,93.36,80,20,142.74,60
21.39,47.7,354,22,0.8,0,41.66,75.01,96.13,80,29,124.97,60
21.5,48.03,410,18,0.2,1,45.53,72.68,94.61,20,18,136.58,15
22.74,45.94,419,18,0.2,3,44.46,72.37,94.65,20,16,133.38,15
22.58,46.12,388,22,0.8,0,44.46,73.58,95.71,80,22,133.39,60
22.27,41.19,413,18,0.2,2,48.62,72.5,96.27,20,17,145.86,15
22.02,46.0,345,18,0.2,1,45.63,75.27,96.6,20,31,136.89,15
21.85,43.6,367,18,0.2,6,43.98,74.45,95.33,20,27,131.93,15
21.54,47.81,423,22,0.8,2,47.2,72.15,94.22,80,15,141.61,60
21.73,43.26,376,22,0.8,3,49.1,73.96,93.27,80,25,147.29,60
22.78,48.45,433,22,0.8,3,48.6,71.71,95.26,80,13,145.79,60
21.02,39.3,382,22,0.8,3,47.41,73.79,94.81,80,24,142.22,60
21.86,51.4,439,22,0.8,3,44.74,71.55,95.23,80,12,134.22,60
22.42,45.71,378,22,0.8,4,47.79,73.92,95.63,80,24,143.38,60
22.26,45.12,409,22,0.8,1,48.24,72.67,95.7,80,18,144.71,60
21.84,48.06,398,28,1.0,4,46.21,73.16,94.82,100,20,138.64,75
21.72,41.21,431,28,1.0,1,51.18,71.75,93.6,100,14,153.54,75
22.2,43.92,419,18,0.2,3,50.64,72.23,93.99,20,16,151.92,15
21.58,47.04,428,22,0.8,1,47.48,71.94,95.54,80,14,142.44,60
22.21,40.99,403,22,0.8,3,49.02,72.89,95.56,80,19,147.06,60
21.26,43.92,408,22,0.8,3,46.45,72.77,97.72,80,18,139.35,60
22.18,45.58,398,18,0.2,1,42.82,73.21,97.08,20,20,128.45,15
22.57,47.56,400,18,0.2,0,45.3,73.08,94.32,20,20,135.91,15
21.23,46.83,391,22,0.8,5,46.72,73.42,96.96,80,22,140.17,60
22.18,45.35,381,22,0.8,1,49.89,73.77,91.96,80,24,149.67,60
21.29,43.0,411,22,0.8,5,46.86,72.63,96.05,80,18,140.59,60
21.18,48.56,419,22,0.8,1,46.97,72.32,94.06,80,16,140.92,60
21.69,45.86,422,22,0.8,4,45.41,72.2,98.76,80,16,136.23,60
22.36,44.26,400,22,0.8,3,48.48,73.05,95.29,80,20,145.43,60
21.38,43.43,382,28,1.0,1,47.28,73.77,98.05,100,24,141.85,75
21.78,42.69,422,22,0.8,2,48.56,72.14,96.98,80,16,145.69,60
21.65,41.54,399,22,0.8,0,47.72,73.07,96.51,80,20,143.15,60
21.58,44.72,366,22,0.8,2,44.35,74.49,98.05,80,27,133.05,60
21.99,44.55,413,22,0.8,1,47.21,72.53,94.72,80,17,141.62,60
22.59,45.8,390,18,0.2,2,47.56,73.46,96.03,20,22,142.68,15
22.4,46.49,362,22,0.8,2,46.45,74.61,95.72,80,28,139.35,60
21.51,45.06,387,22,0.8,2,46.48,73.61,96.78,80,23,139.43,60
21.87,45.51,364,22,0.8,1,47.39,74.5,93.66,80,27,142.16,60
21.59,46.21,421,22,0.8,5,46.72,72.24,96.22,80,16,140.17,60
21.96,42.56,409,22,0.8,2,49.77,72.64,94.29,80,18,149.31,60
21.56,44.49,397,22,0.8,5,46.72,73.18,94.77,80,21,140.17,60
21.63,47.35,395,22,0.8,1,42.93,73.35,95.45,80,21,128.8,60
21.95,48.57,422,22,0.8,2,44.46,72.24,95.48,80,16,133.38,60
21.74,45.49,406,22,0.8,3,50.78,72.75,94.31,80,19,152.33,60
21.1,46.07,363,28,1.0,4,43.93,74.59,94.82,100,27,131.79,75
21.53,48.46,426,22,0.8,2,44.7,72.08,93.66,80,15,134.1,60
22.31,48.72,395,22,0.8,2,47.37,73.26,96.3,80,21,142.1,60
22.43,42.71,422,22,0.8,2,49.0,72.13,92.96,80,16,146.99,60
22.95,41.21,385,22,0.8,2,49.35,73.63,94.36,80,23,148.04,60
22.4,42.32,405,22,0.8,3,50.87,72.79,93.87,80,19,152.62,60
21.77,48.51,421,22,0.8,3,47.04,72.24,94.38,80,16,141.11,60
22.06,44.95,424,22,0.8,4,51.71,72.01,92.58,80,15,155.12,60
21.63,43.42,339,22,0.8,2,44.52,75.54,97.78,80,32,133.55,60
21.47,43.88,419,22,0.8,4,46.86,72.3,95.59,80,16,140.59,60
21.21,42.9,404,28,1.0,3,47.89,72.9,96.35,100,19,143.67,75
21.79,44.04,383,28,1.0,1,49.7,73.7,94.66,100,23,149.09,75
22.96,45.56,384,22,0.8,2,45.76,73.73,94.57,80,23,137.29,60
21.83,44.52,408,22,0.8,1,47.62,72.71,96.28,80,18,142.85,60
21.8,43.08,412,22,0.8,2,49.67,72.54,93.28,80,18,149.01,60
22.49,43.97,398,22,0.8,5,48.65,73.1,94.63,80,20,145.95,60
21.77,48.21,395,22,0.8,4,46.42,73.29,94.93,80,21,139.27,60
21.02,47.72,396,22,0.8,2,46.53,73.24,96.59,80,21,139.58,60
21.64,42.38,358,22,0.8,2,46.04,74.75,98.04,80,28,138.11,60
22.67,43.77,438,22,0.8,3,50.23,71.49,95.74,80,12,150.68,60
21.53,40.31,380,22,0.8,2,48.69,73.83,96.0,80,24,146.06,60
22.62,42.96,414,22,0.8,2,47.18,72.48,95.56,80,17,141.53,60
22.48,42.48,375,22,0.8,3,49.47,74.0,95.31,80,25,148.41,60
21.67,41.3,333,22,0.8,2,45.55,75.76,95.25,80,33,136.66,60
22.95,48.21,415,22,0.8,3,48.81,72.41,94.12,80,17,146.43,60
23.06,50.48,372,22,0.8,2,46.98,74.19,92.39,80,26,140.93,60
21.5,44.56,356,28,1.0,2,48.04,74.8,96.66,100,29,144.11,75
22.08,41.33,388,22,0.8,3,47.43,73.54,95.6,80,22,142.29,60
22.69,46.99,376,22,0.8,3,47.94,74.01,95.65,80,25,143.81,60
22.24,39.27,410,22,0.8,2,50.04,72.59,94.74,80,18,150.11,60
22.51,44.63,398,18,0.2,3,47.45,73.13,93.21,20,20,142.35,15
22.82,46.08,370,28,1.0,3,46.4,74.25,95.1,100,26,139.21,75
22.38,43.78,385,28,1.0,1,51.24,73.56,93.22,100,23,153.71,75
22.07,40.11,345,22,0.8,3,47.02,75.27,94.73,80,31,141.07,60
21.38,44.9,449,22,0.8,5,47.95,71.07,96.98,80,10,143.86,60
22.15,48.98,448,22,0.8,1,45.94,71.17,97.24,80,10,137.82,60
22.7,42.19,412,22,0.8,0,48.66,72.55,94.69,80,18,145.99,60
21.96,49.06,413,22,0.8,5,43.81,72.59,97.17,80,17,131.44,60
21.91,46.71,377,22,0.8,2,47.66,73.96,93.88,80,25,142.98,60
21.67,41.93,428,22,0.8,3,47.94,71.92,97.14,80,14,143.83,60
20.97,46.6,415,22,0.8,1,48.27,72.45,96.97,80,17,144.81,60
22.79,45.58,396,22,0.8,1,44.95,73.27,95.24,80,21,134.84,60
21.24,43.55,427,22,0.8,1,48.82,71.94,97.94,80,15,146.45,60
22.19,44.43,392,22,0.8,2,50.73,73.31,94.64,80,22,152.2,60
21.77,46.16,410,22,0.8,3,52.46,72.54,96.59,80,18,157.39,60
22.1,46.58,417,22,0.8,1,44.63,72.41,97.51,80,17,133.89,60
21.94,42.87,391,22,0.8,2,46.05,73.42,93.69,80,22,138.14,60
22.41,44.0,405,22,0.8,3,47.87,72.85,95.27,80,19,143.61,60
21.23,48.51,394,28,1.0,1,46.48,73.31,93.85,100,21,139.45,75
21.99,45.43,405,22,0.8,2,48.43,72.85,93.32,80,19,145.3,60
21.86,41.29,427,18,0.2,2,53.29,71.85,94.33,20,15,159.87,15
22.01,40.67,361,22,0.8,1,44.89,74.66,97.42,80,28,134.66,60
21.23,39.97,397,22,0.8,1,50.56,73.09,95.94,80,21,151.68,60
22.39,45.02,429,22,0.8,2,50.85,71.82,93.83,80,14,152.56,60
22.08,38.1,415,18,0.2,3,54.58,72.3,92.92,20,17,163.74,15
21.23,48.62,407,22,0.8,1,45.33,72.82,96.67,80,19,135.98,60
21.89,50.47,401,22,0.8,1,46.42,73.03,94.29,80,20,139.25,60
22.55,43.31,422,22,0.8,3,51.65,72.1,93.47,80,16,154.95,60
22.64,43.93,407,22,0.8,3,49.8,72.71,93.46,80,19,149.39,60
21.4,50.39,412,22,0.8,4,43.34,72.66,97.1,80,18,130.01,60
21.63,45.85,382,22,0.8,4,44.63,73.83,99.08,80,24,133.88,60
21.91,46.47,348,28,1.0,4,45.72,75.18,94.34,100,30,137.15,75
21.34,40.82,418,22,0.8,2,49.79,72.27,93.78,80,16,149.37,60
22.38,49.46,386,22,0.8,3,42.37,73.72,96.33,80,23,127.11,60
21.03,45.24,395,22,0.8,1,45.1,73.3,96.14,80,21,135.31,60
22.27,46.46,425,18,0.2,2,49.21,72.03,95.62,20,15,147.63,15
22.63,44.49,418,22,0.8,3,45.53,72.39,95.47,80,16,136.6,60
21.84,47.99,397,18,0.2,2,47.53,73.16,94.95,20,21,142.6,15
22.24,46.23,373,22,0.8,5,47.88,74.12,94.14,80,25,143.65,60
21.94,46.78,354,22,0.8,2,43.63,74.96,97.25,80,29,130.89,60
22.48,45.05,408,22,0.8,1,45.6,72.77,95.44,80,18,136.81,60
22.12,46.91,418,22,0.8,1,48.92,72.31,94.35,80,16,146.75,60
21.24,46.36,414,22,0.8,4,45.59,72.53,96.53,80,17,136.78,60
22.88,42.85,370,28,1.0,4,50.3,74.21,93.4,100,26,150.9,75
22.26,44.82,407,22,0.8,3,48.41,72.77,95.28,80,19,145.23,60
22.02,48.99,393,22,0.8,4,45.73,73.37,95.35,80,21,137.19,60
21.3,43.42,385,22,0.8,5,44.07,73.72,95.49,80,23,132.21,60
21.37,43.29,428,22,0.8,2,48.23,71.93,96.38,80,14,144.68,60
22.5,48.01,410,22,0.8,2,46.39,72.68,94.96,80,18,139.18,60
22.21,48.85,420,22,0.8,3,45.71,72.3,96.25,80,16,137.13,60
22.42,47.29,387,22,0.8,4,46.63,73.58,93.41,80,23,139.9,60
21.76,46.06,359,22,0.8,2,47.62,74.68,95.2,80,28,142.85,60
21.15,46.58,385,22,0.8,3,45.6,73.68,95.42,80,23,136.81,60
22.5,42.91,413,22,0.8,3,46.51,72.54,94.95,80,17,139.52,60
21.9,46.73,415,22,0.8,2,47.43,72.47,94.21,80,17,142.29,60
22.18,44.28,404,18,0.2,1,47.43,72.89,95.27,20,19,142.3,15
21.73,45.97,368,22,0.8,1,46.02,74.37,93.29,80,26,138.05,60
21.61,38.73,418,22,0.8,2,51.05,72.27,93.89,80,16,153.15,60
21.48,43.88,386,22,0.8,4,48.15,73.59,95.61,80,23,144.44,60
21.95,42.69,380,18,0.2,5,47.88,73.86,93.83,20,24,143.63,15
21.72,41.16,370,22,0.8,1,47.22,74.27,97.02,80,26,141.67,60
22.57,43.39,375,22,0.8,0,48.49,74.02,93.34,80,25,145.47,60
22.27,45.81,406,22,0.8,1,46.08,72.84,96.38,80,19,138.23,60
22.1,48.7,428,18,0.2,2,44.99,71.99,96.54,20,14,134.96,15
22.33,48.59,408,22,0.8,4,47.17,72.72,94.27,80,18,141.5,60
22.57,45.58,418,22,0.8,4,47.4,72.34,94.72,80,16,142.19,60
22.29,44.2,403,22,0.8,1,47.97,72.92,92.81,80,19,143.9,60
21.29,44.37,430,22,0.8,3,47.76,71.83,97.9,80,14,143.29,60
22.42,48.35,423,22,0.8,1,46.68,72.16,94.21,80,15,140.04,60
22.19,44.26,423,22,0.8,3,45.66,72.18,94.21,80,15,136.99,60
21.42,46.38,415,22,0.8,2,44.21,72.52,97.0,80,17,132.62,60
21.79,43.55,376,22,0.8,4,45.86,74.05,96.56,80,25,137.58,60
21.8,50.02,415,22,0.8,1,45.85,72.5,94.42,80,17,137.56,60
22.03,45.79,431,18,0.2,3,51.17,71.75,93.1,20,14,153.52,15
22.74,42.76,413,18,0.2,1,48.26,72.5,93.89,20,17,144.77,15
21.57,48.04,387,22,0.8,2,47.74,73.57,95.23,80,23,143.23,60
21.3,44.18,386,22,0.8,1,48.14,73.59,97.15,80,23,144.41,60
21.69,43.52,423,22,0.8,0,46.23,72.14,96.25,80,15,138.7,60
22.52,44.09,397,22,0.8,3,46.92,73.18,93.33,80,21,140.75,60
22.48,42.73,397,22,0.8,4,46.44,73.18,93.81,80,21,139.33,60
21.73,45.03,418,22,0.8,1,47.01,72.34,95.43,80,16,141.03,60
21.56,40.53,411,28,1.0,4,46.98,72.63,96.64,100,18,140.95,75
21.87,45.5,416,22,0.8,2,47.26,72.43,94.53,80,17,141.79,60
21.63,40.41,415,22,0.8,2,50.06,72.42,96.96,80,17,150.18,60
21.36,40.17,394,18,0.2,4,49.69,73.25,96.21,20,21,149.07,15
21.66,45.34,385,22,0.8,5,43.26,73.73,95.51,80,23,129.77,60
22.52,40.47,384,22,0.8,1,46.44,73.71,95.65,80,23,139.33,60
21.56,44.92,396,22,0.8,1,46.73,73.24,95.51,80,21,140.2,60
22.79,47.97,447,22,0.8,2,46.29,71.21,93.54,80,11,138.87,60
22.67,48.18,398,22,0.8,1,43.53,73.2,95.55,80,20,130.6,60
21.84,45.28,415,22,0.8,0,45.95,72.47,94.95,80,17,137.85,60
21.29,45.9,375,22,0.8,4,45.22,74.08,96.18,80,25,135.66,60
21.51,47.17,430,22,0.8,2,45.36,71.88,94.92,80,14,136.08,60
21.77,46.4,374,22,0.8,3,44.55,74.13,94.84,80,25,133.64,60
21.58,46.15,400,28,1.0,4,41.99,73.18,95.87,100,20,125.98,75
21.58,47.74,403,22,0.8,6,45.71,72.98,95.64,80,19,137.13,60
21.99,45.38,354,22,0.8,5,44.46,74.95,95.72,80,29,133.37,60
21.67,47.04,393,22,0.8,2,40.8,73.45,97.76,80,21,122.41,60
22.38,43.99,449,22,0.8,3,48.08,71.08,94.76,80,10,144.24,60
21.24,47.85,384,22,0.8,4,44.86,73.74,96.57,80,23,134.59,60
21.11,44.32,385,28,1.0,5,46.64,73.67,93.16,100,23,139.93,75
22.8,48.08,375,22,0.8,4,43.02,74.14,94.91,80,25,129.05,60
21.49,45.9,372,22,0.8,3,42.29,74.25,95.1,80,26,126.88,60
22.34,41.67,413,18,0.2,3,47.86,72.53,95.3,20,17,143.59,15
22.1,45.49,378,18,0.2,2,41.69,74.06,93.39,20,24,125.07,15
22.1,44.81,444,22,0.8,1,52.47,71.19,92.6,80,11,157.41,60
22.48,44.19,391,22,0.8,2,47.49,73.41,95.09,80,22,142.48,60
21.73,45.74,412,22,0.8,0,43.23,72.66,96.79,80,18,129.7,60
21.37,46.15,384,22,0.8,4,48.14,73.69,95.3,80,23,144.41,60
22.08,43.62,401,22,0.8,1,48.82,72.97,96.69,80,20,146.47,60
22.22,48.66,381,22,0.8,1,43.15,73.91,95.81,80,24,129.44,60
22.05,46.26,386,22,0.8,4,43.39,73.68,95.64,80,23,130.17,60
22.36,44.28,408,22,0.8,2,48.19,72.71,96.25,80,18,144.56,60
22.27,48.43,422,22,0.8,1,51.14,72.09,91.01,80,16,153.41,60
21.73,48.16,408,28,1.0,5,46.83,72.75,95.68,100,18,140.48,75
21.74,41.96,421,22,0.8,2,50.22,72.17,94.13,80,16,150.67,60
22.7,47.08,387,22,0.8,3,42.62,73.68,95.42,80,23,127.87,60
21.98,41.74,394,22,0.8,0,43.99,73.34,95.11,80,21,131.98,60
22.76,46.81,409,28,1.0,2,45.85,72.73,95.21,100,18,137.54,75
21.63,46.86,394,18,0.2,3,45.91,73.32,96.16,20,21,137.72,15
22.95,46.88,396,22,0.8,6,44.56,73.27,93.51,80,21,133.67,60
23.05,46.02,370,22,0.8,2,44.38,74.32,94.19,80,26,133.14,60
21.52,45.2,383,22,0.8,1,45.28,73.76,96.17,80,23,135.84,60
21.27,44.38,390,22,0.8,4,46.5,73.47,93.87,80,22,139.51,60
21.77,46.4,387,22,0.8,1,46.29,73.61,93.73,80,23,138.86,60
21.26,38.69,379,28,1.0,3,47.95,73.87,95.35,100,24,143.85,75
22.06,46.86,409,22,0.8,0,43.16,72.76,98.17,80,18,129.48,60
22.66,44.03,445,28,1.0,1,48.59,71.23,95.56,100,11,145.78,75
23.02,45.03,398,22,0.8,3,43.76,73.19,94.32,80,20,131.29,60
21.85,43.96,425,22,0.8,1,47.1,72.05,93.67,80,15,141.3,60
22.37,50.74,378,22,0.8,0,42.34,74.05,95.88,80,24,127.01,60
22.51,45.48,423,18,0.2,6,47.78,72.12,94.32,20,15,143.34,15
23.54,44.01,440,18,0.2,2,48.32,71.42,92.25,20,12,144.95,15
21.26,41.39,386,22,0.8,0,48.21,73.6,95.83,80,23,144.62,60
