Temperature,Humidity,AirQuality,EnergyConsumption,OverallSatisfaction,Satisfaction
0.2954545454545454,0.2954545454545454,0.95,0.8993344593666504,0.588170510812667,0.588170510812667
0.15520823663752767,0.8958489112521275,0.614937247764276,0.808063770182518,0.5323583245963497,0.5323583245963497
0.6227272727272727,0.21363636363636362,0.21363636363636362,0.8961946941600449,0.6898077061167992,0.6898077061167992
0.95,0.3772727272727272,0.95,0.8879729663899202,0.43445414067220156,0.43445414067220156
0.3772727272727272,0.6227272727272727,0.868181818181818,1.0221333114877575,0.6323080200756865,0.6323080200756865
0.7045454545454545,0.6227272727272727,0.2954545454545454,1.0113289964273708,0.6081181257394201,0.6081181257394201
0.5409090909090909,0.1318181818181818,0.95,0.8956579773135221,0.6644196404537297,0.6644196404537297
0.05,0.3772727272727272,0.3772727272727272,0.8893695704246112,0.4356930085915077,0.4356930085915077
0.2954545454545454,0.7863636363636363,0.2954545454545454,0.8512286356946074,0.6318902272861078,0.6318902272861078
0.12572596849554393,0.19546584268515238,0.8586987696743712,0.9014175463018483,0.48088804907396304,0.48088804907396304
0.05,0.2954545454545454,0.7045454545454545,0.8917982665688754,0.43161083466862243,0.43161083466862243
0.7045454545454545,0.3772727272727272,0.5409090909090909,0.8869099534156526,0.5972198009316869,0.5972198009316869
0.06492904603507053,0.5108837524693528,0.25384619767814415,0.895437478019631,0.4907072504396075,0.4907072504396075
0.05,0.6227272727272727,0.5409090909090909,1.0101901935808772,0.44320333919988314,0.44320333919988314
0.2954545454545454,0.21363636363636362,0.6227272727272727,0.896019663283261,0.5851032067343348,0.5851032067343348
0.2954545454545454,0.1318181818181818,0.5409090909090909,0.888261103878166,0.5827915779224366,0.5827915779224366
0.3772727272727272,0.7045454545454545,0.1318181818181818,0.9148440936338388,0.7143519181273231,0.7143519181273231
0.6227272727272727,0.1318181818181818,0.2954545454545454,0.88924870420529,0.666000225915894,0.666000225915894
0.7863636363636363,0.5409090909090909,0.5409090909090909,0.9331543086079173,0.5400905138278417,0.5400905138278417
0.95,0.6227272727272727,0.3772727272727272,1.0121007168943865,0.41120335672622865,0.41120335672622865
0.7863636363636363,0.6227272727272727,0.459090909090909,1.0127273106546877,0.5334428776805995,0.5334428776805995
0.868181818181818,0.2954545454545454,0.05,0.8901950887767114,0.6064804982244657,0.6064804982244657
0.21363636363636362,0.5409090909090909,0.868181818181818,0.9338201291016124,0.5515779974179678,0.5515779974179678
0.21363636363636362,0.05,0.2954545454545454,0.8957426230255676,0.5579275475394886,0.5579275475394886
0.25899142563213556,0.8596171159471115,0.39550209923589025,0.8094717921138515,0.591234564157723,0.591234564157723
0.868181818181818,0.21363636363636362,0.5409090909090909,0.8964732499371202,0.5075885350012576,0.5075885350012576
0.7863636363636363,0.95,0.6227272727272727,0.8099694500488961,0.5164858109990221,0.5164858109990221
0.7863636363636363,0.05,0.868181818181818,0.88918628864466,0.5699386742271068,0.5699386742271068
0.2954545454545454,0.05,0.459090909090909,0.9049080011250126,0.5793250399774997,0.5793250399774997
0.5409090909090909,0.6227272727272727,0.21363636363636362,1.0053515719067494,0.7025733196351933,0.7025733196351933
0.1318181818181818,0.7045454545454545,0.7045454545454545,0.9126038573982714,0.5066659228520346,0.5066659228520346
0.868181818181818,0.7045454545454545,0.05,0.9120429283642326,0.5754083414327154,0.5754083414327154
0.23841439100303927,0.38342489251224376,0.48607068667191916,0.9049550259042018,0.560589299481916,0.560589299481916
0.729088586676214,0.14281148195233934,0.8622976160116099,0.9048223839026142,0.5952947523219476,0.5952947523219476
0.2743630062339874,0.41934463073206674,0.7299960246887437,0.9022013405960335,0.5815459731880793,0.5815459731880793
0.3772727272727272,0.21363636363636362,0.2954545454545454,0.9059247005405588,0.6481647059891887,0.6481647059891887
0.05,0.459090909090909,0.2954545454545454,0.8842312606375634,0.4643185747872487,0.4643185747872487
0.868181818181818,0.868181818181818,0.2954545454545454,0.8088800698707775,0.4859267986025844,0.4859267986025844
0.1318181818181818,0.7045454545454545,0.95,0.8980179582977182,0.5069576408340456,0.5069576408340456
0.6227272727272727,0.7863636363636363,0.6227272727272727,0.8401924333247401,0.6192561513335051,0.6192561513335051
0.1318181818181818,0.05,0.05,0.8927752390437833,0.5828940952191243,0.5828940952191243
0.21363636363636362,0.2954545454545454,0.7045454545454545,0.9009665368165528,0.5426010692636689,0.5426010692636689
0.1318181818181818,0.2954545454545454,0.3772727272727272,0.8977332542027835,0.48962893491594434,0.48962893491594434
0.1318181818181818,0.459090909090909,0.21363636363636362,0.890729956275851,0.548205400874483,0.548205400874483
0.459090909090909,0.05,0.7863636363636363,0.8900102918558359,0.6475965941628833,0.6475965941628833
0.21363636363636362,0.05,0.868181818181818,0.9044172230745798,0.5322980555385084,0.5322980555385084
0.6227272727272727,0.21363636363636362,0.3772727272727272,0.8893790107789993,0.6383080197844201,0.6383080197844201
0.1318181818181818,0.21363636363636362,0.5409090909090909,0.8915538639801825,0.4860189227203964,0.4860189227203964
0.7045454545454545,0.459090909090909,0.7863636363636363,0.8822003542740198,0.5932135929145197,0.5932135929145197
0.868181818181818,0.3772727272727272,0.1318181818181818,0.9053428937305381,0.5737971421253892,0.5737971421253892
0.05,0.1318181818181818,0.21363636363636362,0.8881128247150879,0.4762201435056983,0.4762201435056983
0.868181818181818,0.7863636363636363,0.459090909090909,0.837881300215007,0.4663911739956999,0.4663911739956999
0.44522141771319657,0.38924998648241677,0.46641180710264574,0.893038670584543,0.6514032265883091,0.6514032265883091
0.3772727272727272,0.459090909090909,0.3772727272727272,0.8870933429250722,0.6303861331414985,0.6303861331414985
0.1318181818181818,0.3772727272727272,0.21363636363636362,0.9011634214101715,0.5442631315717965,0.5442631315717965
0.459090909090909,0.3772727272727272,0.95,0.8924030944715414,0.6549831381105692,0.6549831381105692
0.7863636363636363,0.21363636363636362,0.05,0.8879550164887567,0.6649292996702251,0.6649292996702251
0.95,0.868181818181818,0.7863636363636363,0.8137112357281211,0.3945369752854376,0.3945369752854376
0.3772727272727272,0.6227272727272727,0.5409090909090909,1.015293010655058,0.6325003589885696,0.6325003589885696
0.1318181818181818,0.3772727272727272,0.95,0.8920108366607933,0.49281018326678405,0.49281018326678405
0.6227272727272727,0.7045454545454545,0.1318181818181818,0.9022439175297556,0.6993355216494049,0.6993355216494049
0.3772727272727272,0.5409090909090909,0.868181818181818,0.9366977565037845,0.6316276448699243,0.6316276448699243
0.2954545454545454,0.5409090909090909,0.2954545454545454,0.9479353642990557,0.6214552927140189,0.6214552927140189
0.5409090909090909,0.1318181818181818,0.3772727272727272,0.901275692542654,0.664307286149147,0.664307286149147
0.7662134024924909,0.8510048076358095,0.3541956411663822,0.841522092258782,0.5429787581548243,0.5429787581548243
0.2954545454545454,0.7045454545454545,0.6227272727272727,0.9173824376933468,0.6022775512461331,0.6022775512461331
0.1318181818181818,0.3772727272727272,0.05,0.887820881150773,0.5968939823769844,0.5968939823769844
0.05,0.3772727272727272,0.2954545454545454,0.8883052316330964,0.461170295367338,0.461170295367338
0.7684656610700976,0.6349675376999886,0.6817701895319329,1.0154068325505021,0.5444057750037721,0.5444057750037721
0.459090909090909,0.2954545454545454,0.2954545454545454,0.8988214303746618,0.6783771713925068,0.6783771713925068
0.868181818181818,0.3772727272727272,0.7863636363636363,0.9054029381105593,0.4959759412377888,0.4959759412377888
0.95,0.7863636363636363,0.5409090909090909,0.8485144238964094,0.40064131152207183,0.40064131152207183
0.05,0.7045454545454545,0.5409090909090909,0.9115916541134412,0.44914936691773116,0.44914936691773116
0.2954545454545454,0.6227272727272727,0.1318181818181818,1.0002829919470766,0.675419967041135,0.675419967041135
0.3772727272727272,0.2954545454545454,0.3772727272727272,0.8954183408065981,0.625452433183868,0.625452433183868
0.6227272727272727,0.459090909090909,0.95,0.8855456821308664,0.6304170863573826,0.6304170863573826
0.1318181818181818,0.7863636363636363,0.3772727272727272,0.8515014440806806,0.5116215711183864,0.5116215711183864
0.2954545454545454,0.3772727272727272,0.5409090909090909,0.8882546198423548,0.591225707603153,0.591225707603153
0.6227272727272727,0.3772727272727272,0.3772727272727272,0.8897218636331959,0.6328671627273361,0.6328671627273361
0.459090909090909,0.7863636363636363,0.95,0.8497632046915865,0.6643707359061684,0.6643707359061684
0.05,0.95,0.5409090909090909,0.8081483426691892,0.46138543314661623,0.46138543314661623
0.7863636363636363,0.2954545454545454,0.3772727272727272,0.8954328602917444,0.5557793427941652,0.5557793427941652
0.21363636363636362,0.21363636363636362,0.7863636363636363,0.891506952943188,0.5390566609411362,0.5390566609411362
0.8964127259176228,0.9085357193023286,0.8733779511984036,0.8067418645927098,0.4351787627081458,0.4351787627081458
0.7045454545454545,0.7045454545454545,0.6227272727272727,0.9038806660194457,0.5812123866796111,0.5812123866796111
0.868181818181818,0.7045454545454545,0.3772727272727272,0.9023027332866274,0.4716031453342675,0.4716031453342675
0.1318181818181818,0.7045454545454545,0.5409090909090909,0.916099286566428,0.5065960142686714,0.5065960142686714
0.5409090909090909,0.6227272727272727,0.1318181818181818,1.0006049424744987,0.7288967793766176,0.7288967793766176
0.1318181818181818,0.2954545454545454,0.05,0.884920851640678,0.5938851829671864,0.5938851829671864
0.7045454545454545,0.2954545454545454,0.21363636363636362,0.8982181162304704,0.6520632376753907,0.6520632376753907
0.2954545454545454,0.868181818181818,0.459090909090909,0.8076390975980731,0.6091728180480386,0.6091728180480386
0.329884089544096,0.34266498982407234,0.7066455605042576,0.8980187481642331,0.6060984250367153,0.6060984250367153
0.30788712691545594,0.5817499345121097,0.07745022494514449,0.9798255145198066,0.6978114897096038,0.6978114897096038
0.459090909090909,0.21363636363636362,0.21363636363636362,0.9053841541471859,0.7027923169170563,0.7027923169170563
0.7863636363636363,0.5409090909090909,0.7863636363636363,0.9524645542858684,0.5397043089142827,0.5397043089142827
0.459090909090909,0.7045454545454545,0.2954545454545454,0.9062950620261221,0.6873624987594775,0.6873624987594775
0.868181818181818,0.6227272727272727,0.6227272727272727,1.0042378315149292,0.4749691727310455,0.4749691727310455
0.7045454545454545,0.868181818181818,0.2954545454545454,0.7961943095424392,0.6006881138091512,0.6006881138091512
0.3704870533080616,0.9378637239136817,0.5951973374211984,0.8148421886242723,0.6420323562275146,0.6420323562275146
0.21791305299743224,0.85330309864098,0.5354080177240856,0.8230971308640953,0.5681268573827181,0.5681268573827181
0.7863636363636363,0.868181818181818,0.1318181818181818,0.797566792694928,0.5994874641461015,0.5994874641461015
0.21363636363636362,0.459090909090909,0.7863636363636363,0.8764678260435725,0.5492914434791285,0.5492914434791285
0.6486774986265801,0.5207588822922073,0.3729474357111522,0.9062677724128396,0.6173238445517433,0.6173238445517433
0.2937490261358668,0.4450742786350725,0.12061074320803936,0.8988016858205782,0.6736855662835884,0.6736855662835884
0.6227272727272727,0.1318181818181818,0.7863636363636363,0.9002796742454322,0.6403236065150913,0.6403236065150913
0.95,0.05,0.3772727272727272,0.8987815557556174,0.4614395688848877,0.4614395688848877
0.05,0.2954545454545454,0.7863636363636363,0.8973858039256826,0.43149908392148634,0.43149908392148634
0.6227272727272727,0.05,0.21363636363636362,0.8999049287155008,0.69486750142569,0.69486750142569
0.459090909090909,0.2954545454545454,0.05,0.8916878610233222,0.7570638427795336,0.7570638427795336
0.7045454545454545,0.6227272727272727,0.1318181818181818,1.0224536404084088,0.6607379499820725,0.6607379499820725
0.95,0.868181818181818,0.95,0.798445402676409,0.3948422919464718,0.3948422919464718
0.2954545454545454,0.05,0.3772727272727272,0.8899001849293726,0.5796251963014124,0.5796251963014124
0.5409090909090909,0.868181818181818,0.6227272727272727,0.8121697664532448,0.6491534046709352,0.6491534046709352
0.3772727272727272,0.95,0.868181818181818,0.7943437526612113,0.6453427249467757,0.6453427249467757
0.05,0.6227272727272727,0.7863636363636363,1.0151788278495375,0.4434339669916815,0.4434339669916815
0.95,0.868181818181818,0.05,0.79161947906596,0.49897881041868075,0.49897881041868075
0.21363636363636362,0.868181818181818,0.5409090909090909,0.8119664040546524,0.566482671918907,0.566482671918907
0.6227272727272727,0.05,0.868181818181818,0.8932579866965424,0.6433644402660691,0.6433644402660691
0.05,0.2954545454545454,0.95,0.8899075152042357,0.43164864969591527,0.43164864969591527
0.7045454545454545,0.868181818181818,0.5409090909090909,0.7982032872638589,0.5751919342547228,0.5751919342547228
0.3772727272727272,0.7045454545454545,0.6227272727272727,0.9134214581411948,0.6365603708371761,0.6365603708371761
0.2512362546675074,0.9169002854965501,0.06093902722083471,0.7822695994892116,0.6904118080102158,0.6904118080102158
0.7045454545454545,0.5409090909090909,0.3772727272727272,0.9379486956897327,0.5886650260862054,0.5886650260862054
0.05,0.05,0.05,0.8901896769611158,0.5248090064607777,0.5248090064607777
0.5204595464437947,0.43478691652269463,0.07287721406968567,0.8903943491634267,0.7595713130167314,0.7595713130167314
0.5409090909090909,0.5409090909090909,0.3772727272727272,0.9414727897410833,0.6546685442051783,0.6546685442051783
0.459090909090909,0.95,0.459090909090909,0.8070911522256796,0.6681913769554865,0.6681913769554865
0.868181818181818,0.05,0.3772727272727272,0.8958222204975602,0.5194023555900489,0.5194023555900489
0.2954545454545454,0.05,0.1318181818181818,0.8968664645156249,0.6573058707096874,0.6573058707096874
0.459090909090909,0.2954545454545454,0.6227272727272727,0.8965032850330924,0.6529675342993382,0.6529675342993382
0.9410484650938369,0.17607561371287161,0.5164966871273631,0.8980123386654101,0.4583881532266918,0.4583881532266918
0.459090909090909,0.7863636363636363,0.6227272727272727,0.8519574401286397,0.6643268511974273,0.6643268511974273
0.7045454545454545,0.95,0.21363636363636362,0.7994049255992267,0.6221035014880155,0.6221035014880155
0.2954545454545454,0.5409090909090909,0.6227272727272727,0.93412673048167,0.5962754653903667,0.5962754653903667
0.3772727272727272,0.7045454545454545,0.868181818181818,0.9102187266972751,0.6366244254660545,0.6366244254660545
0.1318181818181818,0.868181818181818,0.21363636363636362,0.8122497212150538,0.567109405575699,0.567109405575699
0.7045454545454545,0.2954545454545454,0.7045454545454545,0.8970228065911805,0.6004511438681763,0.6004511438681763
0.7863636363636363,0.1318181818181818,0.459090909090909,0.893189127536507,0.5651582174492699,0.5651582174492699
0.7863636363636363,0.7045454545454545,0.5409090909090909,0.9171434907520883,0.5304767301849582,0.5304767301849582
0.21363636363636362,0.5409090909090909,0.7045454545454545,0.9518483539004027,0.551217432921992,0.551217432921992
0.7863636363636363,0.3772727272727272,0.5409090909090909,0.8932988493349245,0.5508216230133015,0.5508216230133015
0.5324867297097083,0.3285748546576949,0.7824155177362537,0.8887374324823264,0.6622576513503534,0.6622576513503534
0.6227272727272727,0.05,0.3772727272727272,0.8876568957094758,0.6434764620858104,0.6434764620858104
0.868181818181818,0.21363636363636362,0.459090909090909,0.9056995665966564,0.5074040086680669,0.5074040086680669
0.6462700559185837,0.33053996848046985,0.5180612190600297,0.8954329818935787,0.6247853403621285,0.6247853403621285
0.21363636363636362,0.868181818181818,0.7045454545454545,0.8008036391214638,0.5667059272175706,0.5667059272175706
0.14904673207490907,0.2551416462877475,0.43439700976363066,0.8957251593710943,0.4999030968125781,0.4999030968125781
0.49497827423232327,0.10180288401497985,0.5445759940913619,0.9059521372561459,0.6586461572548772,0.6586461572548772
0.868181818181818,0.459090909090909,0.2954545454545454,0.8832113442921338,0.5156753731141572,0.5156753731141572
0.32124008674772786,0.722848442158626,0.5024483510832312,0.8863879672413825,0.6145318406551723,0.6145318406551723
0.868181818181818,0.21363636363636362,0.05,0.895764841602464,0.6116027031679507,0.6116027031679507
0.21363636363636362,0.21363636363636362,0.21363636363636362,0.8963257328961403,0.5905962853420772,0.5905962853420772
0.459090909090909,0.868181818181818,0.95,0.8015609816331106,0.6669683803673379,0.6669683803673379
0.05,0.868181818181818,0.21363636363636362,0.8067218568837349,0.5099831628623254,0.5099831628623254
0.13430729104528322,0.38094422275349016,0.2886821309135529,0.8988945500218065,0.5221593089995639,0.5221593089995639
0.2954545454545454,0.2954545454545454,0.2954545454545454,0.8912910780959529,0.6137873784380808,0.6137873784380808
0.05,0.05,0.459090909090909,0.8954234548010858,0.4207043309039783,0.4207043309039783
0.3241523922560336,0.13790490260574548,0.6658097238609412,0.8949540993932521,0.596758918012135,0.596758918012135
0.868181818181818,0.1318181818181818,0.2954545454545454,0.8898673780424703,0.5390770524391506,0.5390770524391506
0.7045454545454545,0.5409090909090909,0.95,0.9495648706861128,0.5884327025862778,0.5884327025862778
0.1318181818181818,0.868181818181818,0.5409090909090909,0.7988622758368196,0.5157411544832636,0.5157411544832636
0.1318181818181818,0.05,0.7045454545454545,0.8938450553078183,0.47887269889384365,0.47887269889384365
0.5409090909090909,0.7863636363636363,0.5409090909090909,0.8393938555622629,0.6505425228887547,0.6505425228887547
0.21363636363636362,0.3772727272727272,0.7863636363636363,0.9067812525385451,0.5459183749492291,0.5459183749492291
0.5409090909090909,0.459090909090909,0.2954545454545454,0.8860502693817884,0.6828665946123641,0.6828665946123641
0.21363636363636362,0.868181818181818,0.05,0.8056030609543806,0.6706099387809124,0.6706099387809124
0.868181818181818,0.21363636363636362,0.3772727272727272,0.8953791089369405,0.5076104178212613,0.5076104178212613
0.1318181818181818,0.3772727272727272,0.3772727272727272,0.8961055655797862,0.4927282886884042,0.4927282886884042
0.3772727272727272,0.459090909090909,0.5409090909090909,0.8796396878877165,0.6305352062422456,0.6305352062422456
0.21363636363636362,0.6227272727272727,0.5409090909090909,1.009262930172995,0.553327083794451,0.553327083794451
0.3772727272727272,0.7045454545454545,0.3772727272727272,0.9104957949124457,0.636618884101751,0.636618884101751
0.1318181818181818,0.21363636363636362,0.6227272727272727,0.8983312168585715,0.4858833756628285,0.4858833756628285
0.3772727272727272,0.05,0.868181818181818,0.8978659795435553,0.6178026804091288,0.6178026804091288
0.95,0.459090909090909,0.1318181818181818,0.8929742072020709,0.5053737158559586,0.5053737158559586
0.6227272727272727,0.1318181818181818,0.1318181818181818,0.8938280767921286,0.7182726384641575,0.7182726384641575
0.7045454545454545,0.6227272727272727,0.05,1.0051563500181029,0.6870207993194188,0.6870207993194188
0.95,0.7863636363636363,0.1318181818181818,0.8446017203055818,0.47853956559388844,0.47853956559388844
0.05,0.459090909090909,0.6227272727272727,0.8896712649023074,0.4387537747019538,0.4387537747019538
0.2954545454545454,0.95,0.21363636363636362,0.8090230245640463,0.6636147395087191,0.6636147395087191
0.868181818181818,0.2954545454545454,0.868181818181818,0.8955789930046965,0.502372820139906,0.502372820139906
0.7045454545454545,0.6227272727272727,0.21363636363636362,1.0214125827611484,0.634653036695129,0.634653036695129
0.459090909090909,0.05,0.2954545454545454,0.9022229268165158,0.6728083414636697,0.6728083414636697
0.3772727272727272,0.1318181818181818,0.5409090909090909,0.8920112132031541,0.6204533757359368,0.6204533757359368
0.1652412550619952,0.1867124241610649,0.17494445538446912,0.9040682924919767,0.5708526341501604,0.5708526341501604
0.21363636363636362,0.459090909090909,0.7045454545454545,0.8881444818827071,0.5490579103623459,0.5490579103623459
0.3772727272727272,0.5409090909090909,0.05,0.9322512558608658,0.7357165748827827,0.7357165748827827
0.459090909090909,0.1318181818181818,0.05,0.8851919180751568,0.753626561638497,0.753626561638497
0.21363636363636362,0.21363636363636362,0.868181818181818,0.8927536337908769,0.5390317273241825,0.5390317273241825
0.8143010694447601,0.641851603070309,0.5614777430019244,1.014904635257243,0.5133974414292916,0.5133974414292916
0.21363636363636362,0.05,0.459090909090909,0.8958177240079382,0.5324700455198412,0.5324700455198412
0.868181818181818,0.7863636363636363,0.5409090909090909,0.8524068047741022,0.466100663904518,0.466100663904518
0.7061064512368885,0.7441433120173511,0.11664018656068133,0.8695858740317765,0.6614406825193645,0.6614406825193645
0.7863636363636363,0.95,0.21363636363636362,0.8120130199762553,0.5680809396004749,0.5680809396004749
0.6227272727272727,0.05,0.7863636363636363,0.9011526963990305,0.6432065460720193,0.6432065460720193
0.7045454545454545,0.05,0.868181818181818,0.888764220396644,0.6116507155920672,0.6116507155920672
0.459090909090909,0.2954545454545454,0.95,0.8995549790647555,0.6529065004187049,0.6529065004187049
0.05,0.868181818181818,0.3772727272727272,0.803666677860205,0.45840826644279586,0.45840826644279586
0.1318181818181818,0.21363636363636362,0.868181818181818,0.9060033613420846,0.4857299327731583,0.4857299327731583
0.95,0.1318181818181818,0.5409090909090909,0.8897782136941228,0.4548192357261176,0.4548192357261176
0.7863636363636363,0.7045454545454545,0.7045454545454545,0.9131252268030553,0.5305570954639388,0.5305570954639388
0.1318181818181818,0.459090909090909,0.6227272727272727,0.8774086817241088,0.4968358263655178,0.4968358263655178
0.7863636363636363,0.459090909090909,0.868181818181818,0.8913238227383466,0.5462275235452331,0.5462275235452331
0.7863636363636363,0.5409090909090909,0.6227272727272727,0.940910161917973,0.5399353967616406,0.5399353967616406
0.6227272727272727,0.1318181818181818,0.459090909090909,0.9066603016425354,0.6401959939671493,0.6401959939671493
0.7863636363636363,0.7045454545454545,0.3772727272727272,0.9158017757093527,0.5305035644858129,0.5305035644858129
0.7863636363636363,0.3772727272727272,0.6227272727272727,0.8980985501759726,0.5507256289964806,0.5507256289964806
0.5409090909090909,0.7045454545454545,0.7863636363636363,0.8998741553918115,0.6512665168921637,0.6512665168921637
0.05,0.05,0.3772727272727272,0.9037573211392074,0.4205376535772159,0.4205376535772159
0.5409090909090909,0.6227272727272727,0.3772727272727272,1.0186754333477617,0.6511339776123388,0.6511339776123388
0.7045454545454545,0.3772727272727272,0.3772727272727272,0.8958752054320186,0.5970404958913597,0.5970404958913597
0.6227272727272727,0.5409090909090909,0.1318181818181818,0.942578085461481,0.7038960382907703,0.7038960382907703
0.23570034656521324,0.3778428749432679,0.5030755437693711,0.8912353922824273,0.5592968921543514,0.5592968921543514
0.7045454545454545,0.7863636363636363,0.7863636363636363,0.8442841753409421,0.5780039164931812,0.5780039164931812
0.6227272727272727,0.5409090909090909,0.3772727272727272,0.9335983059168814,0.6262556338816624,0.6262556338816624
0.2954545454545454,0.05,0.6227272727272727,0.8893239720964339,0.5796367205580713,0.5796367205580713
0.7863636363636363,0.21363636363636362,0.1318181818181818,0.8982502382875122,0.6385433952342497,0.6385433952342497
0.34131131276381926,0.43289279475477505,0.5068493408160095,0.8884320205114022,0.614490959589772,0.614490959589772
0.7487716646677971,0.35672318622771604,0.8876815930432082,0.9063041990660274,0.5742967160186794,0.5742967160186794
0.459090909090909,0.95,0.21363636363636362,0.8103698345086099,0.7197618033098279,0.7197618033098279
0.459090909090909,0.459090909090909,0.7863636363636363,0.8747657686761245,0.6569694846264775,0.6569694846264775
0.6227272727272727,0.3772727272727272,0.459090909090909,0.8980834807289176,0.6326999303854216,0.6326999303854216
0.2954545454545454,0.7045454545454545,0.3772727272727272,0.9172454627596206,0.6022802907448077,0.6022802907448077
0.5957861536936309,0.05827734645496668,0.1413243885794289,0.8905936016292099,0.7262281279674156,0.7262281279674156
0.95,0.95,0.1318181818181818,0.810751962653891,0.4656157607469222,0.4656157607469222
0.2954545454545454,0.6227272727272727,0.95,1.0107877624592414,0.5973804301193085,0.5973804301193085
0.5409090909090909,0.868181818181818,0.7045454545454545,0.8045163776154602,0.6493064724476909,0.6493064724476909
0.21363636363636362,0.05,0.1318181818181818,0.89171497644303,0.6103721004711394,0.6103721004711394
0.05,0.5409090909090909,0.7045454545454545,0.9350309115398814,0.4415801817692024,0.4415801817692024
0.05,0.21363636363636362,0.7045454545454545,0.8925646932443178,0.42786190613511366,0.42786190613511366
0.459090909090909,0.459090909090909,0.3772727272727272,0.8911381396692611,0.6566420372066148,0.6566420372066148
0.459090909090909,0.459090909090909,0.868181818181818,0.8890201733763545,0.656684396532473,0.656684396532473
0.1318181818181818,0.868181818181818,0.05,0.7952678119050021,0.6198130437618999,0.6198130437618999
0.2954545454545454,0.3772727272727272,0.459090909090909,0.8915523238265581,0.5911597535234688,0.5911597535234688
0.7863636363636363,0.7863636363636363,0.7863636363636363,0.8393725113299826,0.5264317497734003,0.5264317497734003
0.7045454545454545,0.7863636363636363,0.7045454545454545,0.8498068722857692,0.5778934625542846,0.5778934625542846
0.2954545454545454,0.7863636363636363,0.5409090909090909,0.8518045937466797,0.6064227081250664,0.6064227081250664
0.2954545454545454,0.7863636363636363,0.05,0.8363436885083358,0.7107319262298333,0.7107319262298333
0.2954545454545454,0.21363636363636362,0.95,0.9008243570344047,0.5850071128593118,0.5850071128593118
0.05,0.95,0.6227272727272727,0.8059729967882866,0.46142894006423424,0.46142894006423424
0.6227272727272727,0.1318181818181818,0.6227272727272727,0.8984661798950739,0.6403598764020986,0.6403598764020986
0.7863636363636363,0.3772727272727272,0.868181818181818,0.8964228455986541,0.550759143088027,0.550759143088027
0.05,0.6227272727272727,0.3772727272727272,1.0111730492515223,0.443541741293842,0.443541741293842
0.868181818181818,0.05,0.7045454545454545,0.9030893960992168,0.5192570120780158,0.5192570120780158
0.1544653764562246,0.09140237781957747,0.08665592208707312,0.9016026157300234,0.5880239476853996,0.5880239476853996
0.2954545454545454,0.459090909090909,0.868181818181818,0.882004360939087,0.5944843127812183,0.5944843127812183
0.6227272727272727,0.95,0.7045454545454545,0.8062348399397483,0.6136013032012051,0.6136013032012051
0.1318181818181818,0.7863636363636363,0.21363636363636362,0.8488298024577332,0.5633110039508454,0.5633110039508454
0.9093787525968746,0.7141072250261916,0.5489186472602605,0.8998014664883549,0.43855117067023286,0.43855117067023286
0.95,0.1318181818181818,0.95,0.9059022819623884,0.4544967543607523,0.4544967543607523
0.95,0.1318181818181818,0.868181818181818,0.8891922860748026,0.454830954278504,0.454830954278504
0.7045454545454545,0.05,0.5409090909090909,0.8982081312851649,0.6114618373742967,0.6114618373742967
0.1522018329796661,0.6544158760335196,0.518276930813414,1.011254408431979,0.5167126033547685,0.5167126033547685
0.2954545454545454,0.2954545454545454,0.868181818181818,0.892615132904227,0.5883048973419155,0.5883048973419155
0.7863636363636363,0.868181818181818,0.459090909090909,0.812463747505408,0.5213695250498919,0.5213695250498919
0.6227272727272727,0.7863636363636363,0.21363636363636362,0.8463073416519875,0.6707698531669603,0.6707698531669603
0.21363636363636362,0.7863636363636363,0.1318181818181818,0.855932034456737,0.6402897593108654,0.6402897593108654
0.05,0.95,0.7863636363636363,0.8078579005871451,0.4613912419882571,0.4613912419882571
0.8512374055018246,0.4600910775071416,0.608119338021383,0.88505395761906,0.5028833208476188,0.5028833208476188
0.7863636363636363,0.05,0.7863636363636363,0.8966280712627323,0.5697898385747453,0.5697898385747453
0.2824199494690625,0.46322218061443515,0.9320293177569292,0.8709695386592377,0.5881378092268152,0.5881378092268152
0.7045454545454545,0.7863636363636363,0.3772727272727272,0.8404166748668424,0.5780812665026631,0.5780812665026631
0.6227272727272727,0.5409090909090909,0.868181818181818,0.9497406666347982,0.625932786667304,0.625932786667304
0.868181818181818,0.7863636363636363,0.868181818181818,0.8477396939324773,0.4661940061213505,0.4661940061213505
0.3772727272727272,0.7863636363636363,0.6227272727272727,0.8370368637460348,0.6403216627250792,0.6403216627250792
0.05,0.868181818181818,0.5409090909090909,0.8081472438854393,0.4583186551222912,0.4583186551222912
0.2954545454545454,0.95,0.2954545454545454,0.8085026904998253,0.6374451461900035,0.6374451461900035
0.7045454545454545,0.868181818181818,0.1318181818181818,0.8093260651766996,0.652789478696466,0.652789478696466
0.1318181818181818,0.21363636363636362,0.7863636363636363,0.9037589579725275,0.4857748208405494,0.4857748208405494
0.459090909090909,0.21363636363636362,0.7863636363636363,0.8873030378025364,0.6515179392439492,0.6515179392439492
0.7045454545454545,0.868181818181818,0.3772727272727272,0.8125279627872561,0.5749054407442549,0.5749054407442549
0.95,0.6227272727272727,0.2954545454545454,1.0047947890569693,0.4366020713956539,0.4366020713956539
0.5409090909090909,0.7863636363636363,0.3772727272727272,0.842975501346578,0.6504708899730685,0.6504708899730685
0.5409090909090909,0.2954545454545454,0.1318181818181818,0.9015531011235142,0.7381877379775297,0.7381877379775297
0.8349115180497363,0.888906454235251,0.558619865230288,0.8050420970233553,0.48498235805953294,0.48498235805953294
0.3772727272727272,0.21363636363636362,0.459090909090909,0.9050363506013896,0.6227264729879721,0.6227264729879721
0.2954545454545454,0.2954545454545454,0.3772727272727272,0.8951879204194364,0.5882534415916113,0.5882534415916113
0.7863636363636363,0.459090909090909,0.7863636363636363,0.8776195426117482,0.546501609147765,0.546501609147765
0.1318181818181818,0.459090909090909,0.05,0.8761887963742633,0.6008602240725147,0.6008602240725147
0.868181818181818,0.2954545454545454,0.7045454545454545,0.8898473479461237,0.5024874530410774,0.5024874530410774
0.3772727272727272,0.7045454545454545,0.7045454545454545,0.9002101016414003,0.636824597967172,0.636824597967172
0.95,0.7863636363636363,0.05,0.8357805706631528,0.5048959885867369,0.5048959885867369
0.3772727272727272,0.21363636363636362,0.05,0.8899029757959184,0.7270291404840816,0.7270291404840816
0.6227272727272727,0.868181818181818,0.1318181818181818,0.8028350183287989,0.694989699633424,0.694989699633424
0.7045454545454545,0.7863636363636363,0.868181818181818,0.84378205568559,0.5780139588862881,0.5780139588862881
0.1318181818181818,0.1318181818181818,0.5409090909090909,0.8889894275226642,0.48203661144954674,0.48203661144954674
0.7045454545454545,0.459090909090909,0.459090909090909,0.884183653422746,0.5931739269315451,0.5931739269315451
0.95,0.868181818181818,0.5409090909090909,0.8135456213398383,0.39454028757320325,0.39454028757320325
0.6227272727272727,0.5409090909090909,0.95,0.94453802882651,0.6260368394234699,0.6260368394234699
0.459090909090909,0.95,0.05,0.7904711585435292,0.7725237768291295,0.7725237768291295
0.95,0.05,0.6227272727272727,0.8937336955628445,0.4615405260887432,0.4615405260887432
0.459090909090909,0.3772727272727272,0.7045454545454545,0.9031541993552262,0.6547681160128954,0.6547681160128954
0.05,0.21363636363636362,0.5409090909090909,0.9053328377421761,0.4276065432451565,0.4276065432451565
0.3772727272727272,0.3772727272727272,0.95,0.8921949705082034,0.6277505005898358,0.6277505005898358
0.2954545454545454,0.95,0.1318181818181818,0.804117803928216,0.6898968439214357,0.6898968439214357
0.1318181818181818,0.21363636363636362,0.459090909090909,0.9059516821463616,0.48573096635707275,0.48573096635707275
0.11242517078764891,0.140700201239684,0.06639964308639476,0.8922422528140868,0.5683895549437182,0.5683895549437182
0.21363636363636362,0.05,0.7045454545454545,0.897960004412429,0.5324271999117515,0.5324271999117515
0.7045454545454545,0.05,0.6227272727272727,0.8909036888416189,0.6116079262231677,0.6116079262231677
0.459090909090909,0.95,0.95,0.8135893020916827,0.6680614139581664,0.6680614139581664
0.6227272727272727,0.3772727272727272,0.868181818181818,0.8876091598869449,0.6329094168022611,0.6329094168022611
0.2954545454545454,0.21363636363636362,0.1318181818181818,0.8947197782362487,0.662949204435275,0.662949204435275
0.5409090909090909,0.21363636363636362,0.1318181818181818,0.9067411489617979,0.740384377020764,0.740384377020764
0.6227272727272727,0.95,0.3772727272727272,0.8019218938936125,0.6136875621221277,0.6136875621221277
0.7045454545454545,0.3772727272727272,0.6227272727272727,0.9038772208356356,0.5968804555832873,0.5968804555832873
0.21363636363636362,0.2954545454545454,0.05,0.890872944804574,0.6468029411039086,0.6468029411039086
0.3772727272727272,0.1318181818181818,0.6227272727272727,0.8873436770764003,0.6205467264584719,0.6205467264584719
0.2954545454545454,0.05,0.95,0.8873281719239116,0.5796766365615217,0.5796766365615217
0.21363636363636362,0.459090909090909,0.5409090909090909,0.8885250915721139,0.5490502981685578,0.5490502981685578
0.05,0.5409090909090909,0.1318181818181818,0.9432916233016568,0.5192349675339669,0.5192349675339669
0.6227272727272727,0.2954545454545454,0.05,0.8842091346742518,0.7395110173065151,0.7395110173065151
0.95,0.868181818181818,0.6227272727272727,0.797204214726653,0.3948671157054669,0.3948671157054669
0.2954545454545454,0.05,0.05,0.8821618945865143,0.6837799621082696,0.6837799621082696
0.7045454545454545,0.2954545454545454,0.3772727272727272,0.8898376566688876,0.6005948468666222,0.6005948468666222
0.868181818181818,0.868181818181818,0.5409090909090909,0.8082447409584798,0.4604835051808304,0.4604835051808304
0.95,0.21363636363636362,0.21363636363636362,0.8872457042703578,0.49970548591459285,0.49970548591459285
0.21363636363636362,0.2954545454545454,0.5409090909090909,0.8877472398800461,0.542865455202399,0.542865455202399
0.95,0.5409090909090909,0.2954545454545454,0.9433325219223463,0.44490214956155305,0.44490214956155305
0.95,0.2954545454545454,0.1318181818181818,0.9009216367993441,0.5188155672640131,0.5188155672640131
0.21363636363636362,0.3772727272727272,0.6227272727272727,0.8941776501363974,0.546170446997272,0.546170446997272
0.05,0.7045454545454545,0.868181818181818,0.907733805771985,0.44922652388456025,0.44922652388456025
0.868181818181818,0.5409090909090909,0.05,0.936958972836935,0.5869440205432613,0.5869440205432613
0.7045454545454545,0.05,0.459090909090909,0.902855384945492,0.6113688923010901,0.6113688923010901
0.2954545454545454,0.7863636363636363,0.868181818181818,0.8566686039405882,0.6063254279211882,0.6063254279211882
0.95,0.95,0.7863636363636363,0.7978630398218419,0.38805353920356317,0.38805353920356317
0.9150715074415227,0.8648155777604573,0.22621202131036677,0.8104334075315878,0.4712829318493683,0.4712829318493683
0.95,0.2954545454545454,0.95,0.9038790835699393,0.44093641832860114,0.44093641832860114
0.21363636363636362,0.868181818181818,0.2954545454545454,0.8126381293333622,0.5919252374133328,0.5919252374133328
0.5409090909090909,0.459090909090909,0.21363636363636362,0.8923076437539279,0.7089214471249214,0.7089214471249214
0.05,0.5409090909090909,0.459090909090909,0.948119772159393,0.44131840455681215,0.44131840455681215
0.21363636363636362,0.2954545454545454,0.6227272727272727,0.893059327936369,0.5427592134412725,0.5427592134412725
0.6227272727272727,0.6227272727272727,0.868181818181818,1.0178563421332563,0.622015012994498,0.622015012994498
0.95,0.459090909090909,0.05,0.887451110813805,0.5316641777837239,0.5316641777837239
0.1318181818181818,0.6227272727272727,0.95,1.0122689281370811,0.5009498659498733,0.5009498659498733
0.2954545454545454,0.95,0.3772727272727272,0.8112135484793376,0.6119349290304134,0.6119349290304134
0.7863636363636363,0.868181818181818,0.5409090909090909,0.8022590535928422,0.5215736189281432,0.5215736189281432
0.95,0.5409090909090909,0.1318181818181818,0.9515333453471784,0.49710213309305645,0.49710213309305645
0.459090909090909,0.3772727272727272,0.3772727272727272,0.8913018555989096,0.6550051628880218,0.6550051628880218
0.6227272727272727,0.868181818181818,0.5409090909090909,0.8129673668780613,0.6169670526624388,0.6169670526624388
0.5293555398095208,0.2682234532712567,0.29231890785444287,0.905585872916036,0.6906770825416794,0.6906770825416794
0.3831428302298999,0.06391095487598068,0.8854867063289528,0.8884019583466567,0.6208255608330668,0.6208255608330668
0.7862132893302437,0.824657524930709,0.056256917478071634,0.8184845664738887,0.6269787086705222,0.6269787086705222
0.7045454545454545,0.459090909090909,0.05,0.8785416223376852,0.6972867675532464,0.6972867675532464
0.7045454545454545,0.5409090909090909,0.459090909090909,0.9423555528208688,0.5885768889435827,0.5885768889435827
0.22571868901824002,0.7002069037353548,0.3026951261967702,0.91889058645224,0.5887469882709552,0.5887469882709552
0.459090909090909,0.6227272727272727,0.7045454545454545,1.0012701468235639,0.6583723316804612,0.6583723316804612
0.7863636363636363,0.7863636363636363,0.95,0.8386952328358241,0.5264452953432835,0.5264452953432835
0.5409090909090909,0.2954545454545454,0.2954545454545454,0.8975137188551772,0.6859045256228963,0.6859045256228963
0.459090909090909,0.95,0.7045454545454545,0.8138962269964537,0.668055275460071,0.668055275460071
0.2695906790411752,0.9257094992772009,0.40378795220008434,0.8008220039835112,0.5992415599203298,0.5992415599203298
0.868181818181818,0.95,0.21363636363636362,0.8022973382841498,0.5057380532343171,0.5057380532343171
0.2954545454545454,0.868181818181818,0.21363636363636362,0.8047430073784786,0.6608667398524305,0.6608667398524305
0.2954545454545454,0.95,0.05,0.8048810717402375,0.7160615785651953,0.7160615785651953
0.5409090909090909,0.6227272727272727,0.868181818181818,1.0134563481672882,0.6509327896415534,0.6509327896415534
0.7045454545454545,0.21363636363636362,0.3772727272727272,0.8971772930757834,0.6042484541384843,0.6042484541384843
0.3772727272727272,0.21363636363636362,0.21363636363636362,0.8931695615822539,0.6745998087683549,0.6745998087683549
0.7863636363636363,0.5409090909090909,0.21363636363636362,0.9413797564800451,0.5915620048703991,0.5915620048703991
0.21363636363636362,0.95,0.2954545454545454,0.8012568773029924,0.5952864624539401,0.5952864624539401
0.5409090909090909,0.05,0.05,0.8935621070114567,0.769795157859771,0.769795157859771
0.05,0.5409090909090909,0.2954545454545454,0.9454730831221643,0.46682733833755674,0.46682733833755674
0.05,0.7863636363636363,0.05,0.8498500509939528,0.5577509989801209,0.5577509989801209
0.6227272727272727,0.5409090909090909,0.7045454545454545,0.945590243759249,0.6260157951248151,0.6260157951248151
0.7863636363636363,0.459090909090909,0.2954545454545454,0.8904588521242889,0.5717008229575142,0.5717008229575142
0.21363636363636362,0.21363636363636362,0.5409090909090909,0.8942268940623584,0.5390022621187529,0.5390022621187529
0.6227272727272727,0.21363636363636362,0.7863636363636363,0.8885983218888769,0.6383236335622224,0.6383236335622224
0.3772727272727272,0.7045454545454545,0.95,0.900896247507311,0.6368108750498537,0.6368108750498537
0.9379756206510578,0.3868437161805083,0.38357793236020177,0.9058090759371688,0.4424646184812567,0.4424646184812567
0.7045454545454545,0.21363636363636362,0.21363636363636362,0.8920431622363981,0.6559871367552721,0.6559871367552721
0.3873835215713336,0.30714087765367465,0.8317392153705142,0.8877510780874853,0.6294061784382503,0.6294061784382503
0.3993529335858697,0.6289593965981178,0.46242760144236494,1.0003447527194747,0.6400513544301251,0.6400513544301251
0.09090174230731209,0.30286687063300727,0.9053703356689028,0.8880660825624247,0.4613538783487515,0.4613538783487515
0.95,0.5409090909090909,0.05,0.9453016505359015,0.5234067669892819,0.5234067669892819
0.3772727272727272,0.7863636363636363,0.1318181818181818,0.8454947541103037,0.7179725049177939,0.7179725049177939
0.6227272727272727,0.05,0.2954545454545454,0.8918998723972532,0.6688476025520548,0.6688476025520548
0.7045454545454545,0.21363636363636362,0.6227272727272727,0.9035205948938883,0.6041215881021222,0.6041215881021222
0.3888170301902446,0.7794979977036496,0.9385485163834499,0.8603936066961707,0.6433549278660766,0.6433549278660766
0.459090909090909,0.6227272727272727,0.2954545454545454,1.0039151298432758,0.683793081769338,0.683793081769338
0.7045454545454545,0.95,0.95,0.8111717879393459,0.570232164241213,0.570232164241213
0.7815196105317522,0.9025237196454727,0.9374009574405837,0.8194735529452387,0.5227961289410952,0.5227961289410952
0.868181818181818,0.21363636363636362,0.6227272727272727,0.9005016799098204,0.5075079664018036,0.5075079664018036
0.459090909090909,0.2954545454545454,0.868181818181818,0.899769944305724,0.6529022011138855,0.6529022011138855
0.801772246030314,0.33870205847456225,0.2178666593598688,0.9012093605261094,0.5944470127894779,0.5944470127894779
0.05,0.459090909090909,0.868181818181818,0.8734733047690301,0.4390777339046194,0.4390777339046194
0.2954545454545454,0.7045454545454545,0.7863636363636363,0.9115821801131392,0.6023935563977373,0.6023935563977373
0.2954545454545454,0.6227272727272727,0.7045454545454545,1.0222300836238662,0.5976285508103039,0.5976285508103039
0.2954545454545454,0.868181818181818,0.868181818181818,0.8017312498282188,0.6092909750034357,0.6092909750034357
0.05,0.3772727272727272,0.7045454545454545,0.894545131179042,0.4355894973764191,0.4355894973764191
0.95,0.21363636363636362,0.05,0.8855200383874454,0.5521039992322511,0.5521039992322511
0.3772727272727272,0.5409090909090909,0.95,0.9432122657406034,0.6314973546851879,0.6314973546851879
0.95,0.21363636363636362,0.7863636363636363,0.8950852458035905,0.4479126950839282,0.4479126950839282
0.39980956072053375,0.2942141285965063,0.7958637582367364,0.8909723540525977,0.6338089529189481,0.6338089529189481
0.7991983767203795,0.24110519961044852,0.21364247048639054,0.8961300149436684,0.6033677997011266,0.6033677997011266
0.21363636363636362,0.1318181818181818,0.7863636363636363,0.894745437592079,0.5355582912481583,0.5355582912481583
0.459090909090909,0.7863636363636363,0.2954545454545454,0.843451091591386,0.6899529781681722,0.6899529781681722
0.7045454545454545,0.3772727272727272,0.05,0.8995666852571093,0.7009666662948579,0.7009666662948579
0.7863636363636363,0.05,0.21363636363636362,0.9008917166401197,0.6213405656671975,0.6213405656671975
0.3772727272727272,0.21363636363636362,0.868181818181818,0.9040231433582874,0.6227467371328342,0.6227467371328342
0.95,0.05,0.459090909090909,0.8883742838845303,0.46164771432230944,0.46164771432230944
0.21363636363636362,0.7045454545454545,0.7863636363636363,0.9060110415539506,0.5587013791689209,0.5587013791689209
0.95,0.2954545454545454,0.7045454545454545,0.9053248730247871,0.44090750253950417,0.44090750253950417
0.21363636363636362,0.7863636363636363,0.5409090909090909,0.8423410730291225,0.5627415785394176,0.5627415785394176
0.868181818181818,0.6227272727272727,0.7045454545454545,1.0015964546006975,0.4750830093143445,0.4750830093143445
0.95,0.21363636363636362,0.5409090909090909,0.9033521954963394,0.4477473560900732,0.4477473560900732
0.05,0.868181818181818,0.95,0.8087526139521833,0.45830654772095636,0.45830654772095636
0.3772727272727272,0.05,0.459090909090909,0.8949003386860199,0.6178619932262795,0.6178619932262795
0.459090909090909,0.95,0.868181818181818,0.8071218157039395,0.6681907636859213,0.6681907636859213
0.459090909090909,0.7863636363636363,0.1318181818181818,0.8432890067987232,0.7423202198640255,0.7423202198640255
0.5409090909090909,0.6227272727272727,0.459090909090909,1.0051457097417227,0.6508655347712056,0.6508655347712056
0.459090909090909,0.868181818181818,0.3772727272727272,0.8076035016143105,0.6668475299677138,0.6668475299677138
0.43875051677790416,0.3121062261782377,0.6006676052501415,0.8947194697185092,0.6475024106056299,0.6475024106056299
0.1318181818181818,0.7045454545454545,0.21363636363636362,0.9155033281367494,0.558243933437265,0.558243933437265
0.459090909090909,0.6227272727272727,0.5409090909090909,1.001361766396429,0.6581234857531614,0.6581234857531614
0.27660406624282774,0.49752365530314685,0.32079047883509265,0.9165191478617949,0.6030080170427641,0.6030080170427641
0.05,0.1318181818181818,0.6227272727272727,0.8964630673779759,0.42441713865244046,0.42441713865244046
0.95,0.459090909090909,0.6227272727272727,0.8837003958512487,0.427739192082975,0.427739192082975
0.05,0.868181818181818,0.05,0.798953425566462,0.5625025314886707,0.5625025314886707
0.6227272727272727,0.95,0.459090909090909,0.812607822103478,0.6134738435579304,0.6134738435579304
0.459090909090909,0.7045454545454545,0.1318181818181818,0.9047350484931087,0.7397576990301379,0.7397576990301379
0.36552880292593726,0.5809259181691697,0.40301964058975903,0.9914545472022492,0.6270321090559551,0.6270321090559551
0.868181818181818,0.459090909090909,0.5409090909090909,0.8780449808611059,0.49032270038277787,0.49032270038277787
0.21363636363636362,0.21363636363636362,0.1318181818181818,0.8965125515088281,0.6167765489698236,0.6167765489698236
0.5409090909090909,0.7045454545454545,0.459090909090909,0.9101303301777007,0.651061393396446,0.651061393396446
0.1318181818181818,0.6227272727272727,0.459090909090909,1.0095370602469829,0.5008911623443311,0.5008911623443311
0.3772727272727272,0.3772727272727272,0.05,0.8865874151487491,0.7318626516970251,0.7318626516970251
0.3772727272727272,0.7863636363636363,0.7863636363636363,0.8438912867479591,0.6401845742650407,0.6401845742650407
0.3772727272727272,0.1318181818181818,0.95,0.8955130742054342,0.6203833385158912,0.6203833385158912
0.3772727272727272,0.459090909090909,0.868181818181818,0.8919442900008911,0.6302891141999821,0.6302891141999821
0.05,0.7863636363636363,0.2954545454545454,0.852935360539485,0.4791452927892103,0.4791452927892103
0.3772727272727272,0.1318181818181818,0.868181818181818,0.8904603959910531,0.6204843920801789,0.6204843920801789
0.4317176041721474,0.7127998120622505,0.8909303132921133,0.8970536905922712,0.6545901261881545,0.6545901261881545
0.21363636363636362,0.868181818181818,0.21363636363636362,0.8100379494214881,0.6181572410115702,0.6181572410115702
0.1318181818181818,0.5409090909090909,0.21363636363636362,0.9339352612448788,0.5510748947751023,0.5510748947751023
0.95,0.2954545454545454,0.868181818181818,0.8942531320845479,0.441128937358309,0.441128937358309
0.27261329156887787,0.45548972177908414,0.16624347363634548,0.8792381975294242,0.6491092360494116,0.6491092360494116
0.5289021367387841,0.14645481020579845,0.45267113014110916,0.8923205201003611,0.6664867895979928,0.6664867895979928
0.4461372443656411,0.15983441136030094,0.4956592191001431,0.9050425352895998,0.6453623492942079,0.6453623492942079
0.6227272727272727,0.868181818181818,0.05,0.7950250504714558,0.7213258989905708,0.7213258989905708
0.6227272727272727,0.1318181818181818,0.7045454545454545,0.9030603401601074,0.6402679931967978,0.6402679931967978
0.2954545454545454,0.1318181818181818,0.459090909090909,0.9003086665624507,0.5825506266687509,0.5825506266687509
0.6227272727272727,0.6227272727272727,0.6227272727272727,1.0003698549390847,0.6221967512686678,0.6221967512686678
0.2954545454545454,0.459090909090909,0.2954545454545454,0.8825352717654107,0.6199296945646918,0.6199296945646918
0.459090909090909,0.459090909090909,0.459090909090909,0.8892509980448127,0.6566797800391038,0.6566797800391038
0.21363636363636362,0.7045454545454545,0.2954545454545454,0.916940806087912,0.5839387838782417,0.5839387838782417
0.6227272727272727,0.7045454545454545,0.95,0.917272526222921,0.6212149494755416,0.6212149494755416
0.2954545454545454,0.868181818181818,0.2954545454545454,0.8128436551718116,0.6345247268965637,0.6345247268965637
0.459090909090909,0.459090909090909,0.1318181818181818,0.8905614617743178,0.7344735707645137,0.7344735707645137
0.3772727272727272,0.459090909090909,0.21363636363636362,0.8836232521430218,0.6820915349571395,0.6820915349571395
0.8396357647351598,0.716691755978784,0.6773141668957411,0.8943016863019453,0.49186436627396113,0.49186436627396113
0.5128109945722504,0.5831731119758382,0.09180537144799795,0.9986883831832407,0.7506826323363351,0.7506826323363351
0.7045454545454545,0.1318181818181818,0.21363636363636362,0.9015913270167445,0.6592297734596652,0.6592297734596652
0.868181818181818,0.6227272727272727,0.868181818181818,1.0193358861790478,0.4748537785962111,0.4748537785962111
0.05,0.95,0.2954545454545454,0.7954172892507644,0.48709605421498475,0.48709605421498475
0.7045454545454545,0.5409090909090909,0.5409090909090909,0.9408039965361281,0.5886079200692774,0.5886079200692774
0.1318181818181818,0.6227272727272727,0.05,1.0115445439170714,0.6048828076364221,0.6048828076364221
0.868181818181818,0.868181818181818,0.3772727272727272,0.7989218465760639,0.4606699630684787,0.4606699630684787
0.1318181818181818,0.95,0.3772727272727272,0.8035130892870194,0.5190817382142595,0.5190817382142595
0.21363636363636362,0.5409090909090909,0.5409090909090909,0.9417826533005443,0.5514187469339891,0.5514187469339891
0.5409090909090909,0.21363636363636362,0.6227272727272727,0.8894398928141218,0.6629104021437174,0.6629104021437174
0.868181818181818,0.3772727272727272,0.7045454545454545,0.9052526553261138,0.49597894689347777,0.49597894689347777
0.05,0.21363636363636362,0.459090909090909,0.9000226310096672,0.4277127473798067,0.4277127473798067
0.21363636363636362,0.868181818181818,0.3772727272727272,0.7966412399941586,0.5667891752001168,0.5667891752001168
0.05,0.1318181818181818,0.868181818181818,0.8970348153731332,0.42440570369253733,0.42440570369253733
0.6227272727272727,0.2954545454545454,0.7863636363636363,0.9019982560236951,0.6351552348795262,0.6351552348795262
0.5409090909090909,0.459090909090909,0.7045454545454545,0.8782413950821651,0.6575667720983567,0.6575667720983567
0.7863636363636363,0.868181818181818,0.95,0.8076852121393151,0.5214650957572138,0.5214650957572138
0.868181818181818,0.3772727272727272,0.5409090909090909,0.9059057342460649,0.4959658853150787,0.4959658853150787
0.1318181818181818,0.2954545454545454,0.2954545454545454,0.9014321120713825,0.5150109577585724,0.5150109577585724
0.459090909090909,0.868181818181818,0.459090909090909,0.7997998180073224,0.6670036036398536,0.6670036036398536
0.1318181818181818,0.2954545454545454,0.7045454545454545,0.8986957199744263,0.4896096856005115,0.4896096856005115
0.21363636363636362,0.95,0.05,0.7905517207348105,0.6740445655853038,0.6740445655853038
0.1318181818181818,0.21363636363636362,0.21363636363636362,0.8974155754599358,0.5375376884908013,0.5375376884908013
0.7227238443203808,0.08301488260153811,0.27719324990961863,0.900932085309532,0.6326397582938094,0.6326397582938094
0.2954545454545454,0.21363636363636362,0.3772727272727272,0.8964305916189617,0.5850949881676207,0.5850949881676207
0.05,0.2954545454545454,0.6227272727272727,0.892093415639934,0.4316049316872013,0.4316049316872013
0.05,0.6227272727272727,0.2954545454545454,1.016330881622478,0.46883532421709206,0.46883532421709206
0.459090909090909,0.21363636363636362,0.95,0.9024148195820634,0.6512157036083588,0.6512157036083588
0.459090909090909,0.2954545454545454,0.7863636363636363,0.8924291252554732,0.6530490174948905,0.6530490174948905
0.7045454545454545,0.95,0.7045454545454545,0.8116775855890411,0.5702220482882192,0.5702220482882192
0.5409090909090909,0.2954545454545454,0.95,0.9020887588666495,0.660357024822667,0.660357024822667
0.1318181818181818,0.95,0.5409090909090909,0.8087883246262579,0.5189762335074748,0.5189762335074748
0.3772727272727272,0.2954545454545454,0.05,0.9015987679308356,0.7293288246413833,0.7293288246413833
0.6227272727272727,0.6227272727272727,0.2954545454545454,1.0190815941154794,0.6473994255368969,0.6473994255368969
0.3772727272727272,0.2954545454545454,0.95,0.8904960709183324,0.6255508785816333,0.6255508785816333
0.6227272727272727,0.7045454545454545,0.868181818181818,0.9160523132882433,0.6212393537342351,0.6212393537342351
0.1318181818181818,0.7863636363636363,0.459090909090909,0.8374706958979939,0.5119021860820401,0.5119021860820401
0.7863636363636363,0.21363636363636362,0.21363636363636362,0.8972569285116815,0.6123792614297665,0.6123792614297665
0.1318181818181818,0.868181818181818,0.3772727272727272,0.7969073825772746,0.5157802523484546,0.5157802523484546
0.7863636363636363,0.459090909090909,0.459090909090909,0.8850716877234595,0.5463525662455307,0.5463525662455307
0.459090909090909,0.459090909090909,0.6227272727272727,0.8927792117466679,0.6566092157650667,0.6566092157650667
0.7045454545454545,0.459090909090909,0.868181818181818,0.8770224190551911,0.5933171516188963,0.5933171516188963
0.4131345795911573,0.17061370560557665,0.07590440868200507,0.8844101118248843,0.7309189977635024,0.7309189977635024
0.1318181818181818,0.6227272727272727,0.5409090909090909,1.017308507165315,0.5009314255013205,0.5009314255013205
0.1318181818181818,0.05,0.459090909090909,0.8887089273478552,0.47897542145304284,0.47897542145304284
0.8160230043651712,0.3352298046406499,0.20254347201748324,0.8969980642258375,0.5901012387154833,0.5901012387154833
0.1318181818181818,0.7863636363636363,0.2954545454545454,0.84418614882149,0.5372238770235702,0.5372238770235702
0.1318181818181818,0.3772727272727272,0.868181818181818,0.8905749774900792,0.4928389004501984,0.4928389004501984
0.868181818181818,0.05,0.95,0.8889600334582296,0.5195395993308355,0.5195395993308355
0.1318181818181818,0.6227272727272727,0.6227272727272727,1.020820164200363,0.5010352412785157,0.5010352412785157
0.7863636363636363,0.7863636363636363,0.7045454545454545,0.8497335072595428,0.5262245298548092,0.5262245298548092
0.05,0.95,0.21363636363636362,0.8138154363001451,0.5129080912739972,0.5129080912739972
0.6227272727272727,0.2954545454545454,0.21363636363636362,0.8950579429779927,0.6869300411404403,0.6869300411404403
0.2954545454545454,0.7863636363636363,0.3772727272727272,0.8375978675868306,0.6067068426482634,0.6067068426482634
0.7863636363636363,0.459090909090909,0.21363636363636362,0.8919755570243286,0.5978504888595135,0.5978504888595135
0.3772727272727272,0.868181818181818,0.5409090909090909,0.8105690779369534,0.6430846184412609,0.6430846184412609
0.6227272727272727,0.6227272727272727,0.1318181818181818,1.0117014739120116,0.7001365002810683,0.7001365002810683
0.2954545454545454,0.5409090909090909,0.21363636363636362,0.9469741933483923,0.6476545161330323,0.6476545161330323
0.24166774535801963,0.17273432802809277,0.06309019910109374,0.8968964905296984,0.6539952701894061,0.6539952701894061
0.868181818181818,0.21363636363636362,0.7045454545454545,0.9003798967707775,0.5075104020645845,0.5075104020645845
0.2020415567649481,0.3007313051287627,0.20930943584907213,0.9063836856690781,0.5883455262866184,0.5883455262866184
0.21363636363636362,0.95,0.868181818181818,0.8035756779227914,0.5697840864415442,0.5697840864415442
0.1318181818181818,0.6227272727272727,0.3772727272727272,1.001117395952164,0.500871094667233,0.500871094667233
0.9381982429404655,0.7450202923669916,0.22884411338075514,0.8704781916212024,0.4602708361675759,0.4602708361675759
0.5409090909090909,0.95,0.6227272727272727,0.7996702997313859,0.6465029940053723,0.6465029940053723
0.868181818181818,0.868181818181818,0.7863636363636363,0.7980354707367519,0.46068769058526493,0.46068769058526493
0.1318181818181818,0.5409090909090909,0.459090909090909,0.9332310282577423,0.49945297943484507,0.49945297943484507
0.7045454545454545,0.3772727272727272,0.7045454545454545,0.9060371592792401,0.5968372568144152,0.5968372568144152
0.05,0.7863636363636363,0.3772727272727272,0.8454156314755674,0.4538396873704887,0.4538396873704887
0.2954545454545454,0.95,0.7045454545454545,0.8140351319509503,0.611878497360981,0.611878497360981
0.2954545454545454,0.7045454545454545,0.05,0.9009893099161627,0.7066054138016769,0.7066054138016769
0.5024111209059753,0.09633087612499042,0.30078181781295027,0.8942607710963837,0.6842615845780722,0.6842615845780722
0.7863636363636363,0.7045454545454545,0.1318181818181818,0.9078463063045803,0.6084826738739084,0.6084826738739084
0.3772727272727272,0.5409090909090909,0.2954545454545454,0.9465331346562668,0.6568869373068746,0.6568869373068746
0.2954545454545454,0.7045454545454545,0.459090909090909,0.9105396483626208,0.6024144070327476,0.6024144070327476
0.3772727272727272,0.2954545454545454,0.2954545454545454,0.9054954229696004,0.6507068915406079,0.6507068915406079
0.95,0.21363636363636362,0.868181818181818,0.8967870157188139,0.44787865968562374,0.44787865968562374
0.1318181818181818,0.868181818181818,0.7045454545454545,0.800566709303747,0.5157070658139251,0.5157070658139251
0.2954545454545454,0.6227272727272727,0.459090909090909,1.001739561641006,0.5976762626930389,0.5976762626930389
0.7863636363636363,0.2954545454545454,0.21363636363636362,0.9051168851191815,0.6072216622976164,0.6072216622976164
0.7045454545454545,0.459090909090909,0.7045454545454545,0.8797231330401849,0.5932631373391964,0.5932631373391964
0.868181818181818,0.95,0.2954545454545454,0.8101137348470187,0.47940172530305963,0.47940172530305963
0.7863636363636363,0.7045454545454545,0.6227272727272727,0.9041171758254317,0.5307372564834913,0.5307372564834913
0.5409090909090909,0.7045454545454545,0.05,0.904283009730724,0.7551783398053855,0.7551783398053855
0.7863636363636363,0.6227272727272727,0.868181818181818,1.0004097468751498,0.533176785301106,0.533176785301106
0.868181818181818,0.7863636363636363,0.2954545454545454,0.8535463437043346,0.49153387312591335,0.49153387312591335
0.2954545454545454,0.3772727272727272,0.6227272727272727,0.8972352296246052,0.5910460954075079,0.5910460954075079
0.5409090909090909,0.7863636363636363,0.6227272727272727,0.8374883553138948,0.6505806328937221,0.6505806328937221
0.21363636363636362,0.5409090909090909,0.7863636363636363,0.9479672373605282,0.5512950552527894,0.5512950552527894
0.4437274298213561,0.8637428250443735,0.36342992032097027,0.8102392116036847,0.6658980157679263,0.6658980157679263
0.6227272727272727,0.7045454545454545,0.21363636363636362,0.9004686053254197,0.6731870278934916,0.6731870278934916
0.95,0.1318181818181818,0.7045454545454545,0.8972832518410604,0.45466913496317884,0.45466913496317884
0.6227272727272727,0.6227272727272727,0.05,1.0014619840756607,0.7262139937523469,0.7262139937523469
0.1318181818181818,0.21363636363636362,0.05,0.8996858799668915,0.5898562824006621,0.5898562824006621
0.7863636363636363,0.21363636363636362,0.7863636363636363,0.891791789042506,0.5608525642191499,0.5608525642191499
0.95,0.05,0.05,0.8822707866857376,0.5657697842662853,0.5657697842662853
0.3772727272727272,0.6227272727272727,0.6227272727272727,1.0023933750600933,0.6321908402725033,0.6321908402725033
0.600548671610917,0.4276400561850109,0.2729578905510417,0.893703342839827,0.6718403331432033,0.6718403331432033
0.7045454545454545,0.5409090909090909,0.868181818181818,0.9501922179774465,0.5884201556404511,0.5884201556404511
0.21363636363636362,0.3772727272727272,0.05,0.8859096945679678,0.6503358061086406,0.6503358061086406
0.5409090909090909,0.459090909090909,0.459090909090909,0.8772055699002435,0.6575874886019952,0.6575874886019952
0.21363636363636362,0.5409090909090909,0.6227272727272727,0.9428293766415224,0.5513978124671696,0.5513978124671696
0.459090909090909,0.3772727272727272,0.21363636363636362,0.8989891454849502,0.706487417090301,0.706487417090301
0.05,0.95,0.459090909090909,0.8025586838090422,0.4614972263238192,0.4614972263238192
0.7170085843610531,0.5670258018619206,0.8076458990824448,0.9922017221534891,0.5794459655569303,0.5794459655569303
0.7863636363636363,0.3772727272727272,0.05,0.8865926888823427,0.6549557462223531,0.6549557462223531
0.21363636363636362,0.459090909090909,0.2954545454545454,0.8817844683238156,0.5746411106335237,0.5746411106335237
0.7863636363636363,0.1318181818181818,0.1318181818181818,0.9002527985735209,0.6428369440285295,0.6428369440285295
0.7863636363636363,0.7863636363636363,0.2954545454545454,0.8381336166327473,0.5519125276673451,0.5519125276673451
0.459090909090909,0.6227272727272727,0.459090909090909,1.0187665559977537,0.6579524407479256,0.6579524407479256
0.6770634488277355,0.6160485621018955,0.8397248121743476,1.0025743096179422,0.5977604598229687,0.5977604598229687
0.2954545454545454,0.7045454545454545,0.95,0.8991417221321931,0.6026423655573562,0.6026423655573562
0.2954545454545454,0.459090909090909,0.5409090909090909,0.891964997838964,0.5942851000432207,0.5942851000432207
0.95,0.3772727272727272,0.2954545454545454,0.8918701057659593,0.45983219788468077,0.45983219788468077
0.1318181818181818,0.459090909090909,0.5409090909090909,0.8785803885073549,0.4968123922298529,0.4968123922298529
0.5409090909090909,0.459090909090909,0.5409090909090909,0.8791029233844422,0.6575495415323112,0.6575495415323112
0.054969905411242165,0.7839152856093506,0.6861716094628554,0.8495418862795013,0.45749076227441,0.45749076227441
0.1318181818181818,0.5409090909090909,0.95,0.9385884874749146,0.49934583025050167,0.49934583025050167
0.21363636363636362,0.5409090909090909,0.459090909090909,0.952143866596971,0.5512115226680606,0.5512115226680606
0.5409090909090909,0.1318181818181818,0.459090909090909,0.8974335254020541,0.6643841294919589,0.6643841294919589
0.3408826388186797,0.5169115595690295,0.68271706300566,0.903216790890447,0.6167288641821911,0.6167288641821911
0.8514745526659054,0.5842332081986438,0.6611920872300405,0.9891629391960884,0.4908671412160782,0.4908671412160782
0.3772727272727272,0.21363636363636362,0.1318181818181818,0.9030749215157741,0.7005857015696845,0.7005857015696845
0.3772727272727272,0.459090909090909,0.7045454545454545,0.8907304912730961,0.630313390174538,0.630313390174538
0.21363636363636362,0.7863636363636363,0.95,0.8401301336403507,0.562785797327193,0.562785797327193
0.12983228038135006,0.1585722839905407,0.4647008912294532,0.906141032069363,0.48236037935861276,0.48236037935861276
0.5409090909090909,0.5409090909090909,0.5409090909090909,0.9511124082647241,0.6544757518347055,0.6544757518347055
0.7863636363636363,0.05,0.2954545454545454,0.8904631163108878,0.5953691376737822,0.5953691376737822
0.5409090909090909,0.3772727272727272,0.6227272727272727,0.897260193613581,0.6591199961277284,0.6591199961277284
0.2954545454545454,0.5409090909090909,0.05,0.9341999601268819,0.7002740007974624,0.7002740007974624
0.868181818181818,0.459090909090909,0.459090909090909,0.8898331205618473,0.49008693758876304,0.49008693758876304
0.05,0.05,0.6227272727272727,0.8951502202965765,0.4207097955940685,0.4207097955940685
0.868181818181818,0.1318181818181818,0.459090909090909,0.8947616592497603,0.5135231668150049,0.5135231668150049
0.7045454545454545,0.3772727272727272,0.868181818181818,0.8935970097238516,0.597086059805523,0.597086059805523
0.868181818181818,0.95,0.3772727272727272,0.800822431403691,0.4541315513719262,0.4541315513719262
0.21363636363636362,0.868181818181818,0.6227272727272727,0.7973586611727791,0.5667748267765443,0.5667748267765443
0.8787851604786318,0.10497016386937737,0.2991898833324833,0.9042224049127148,0.5326603519017457,0.5326603519017457
0.3772727272727272,0.7045454545454545,0.5409090909090909,0.9044839090929584,0.6367391218181407,0.6367391218181407
0.3772727272727272,0.2954545454545454,0.7863636363636363,0.8936351928301606,0.6254880961433967,0.6254880961433967
0.3772727272727272,0.868181818181818,0.3772727272727272,0.8123877995057305,0.6430482440098854,0.6430482440098854
0.1318181818181818,0.3772727272727272,0.6227272727272727,0.8904334962753667,0.4928417300744926,0.4928417300744926
0.1318181818181818,0.95,0.6227272727272727,0.7967391599341133,0.5192172168013177,0.5192172168013177
0.1318181818181818,0.6227272727272727,0.2954545454545454,1.0114557752920397,0.5264810737421954,0.5264810737421954
0.3772727272727272,0.3772727272727272,0.1318181818181818,0.8924613605499802,0.7055651727890003,0.7055651727890003
0.790283518630852,0.9048199219627315,0.703147557549524,0.8062343130389119,0.5168605137392217,0.5168605137392217
0.05,0.7045454545454545,0.05,0.8998899339744773,0.5533834013205103,0.5533834013205103
0.868181818181818,0.5409090909090909,0.2954545454545454,0.9496699078019827,0.5081458018439604,0.5081458018439604
0.2954545454545454,0.868181818181818,0.6227272727272727,0.8020494202722035,0.6092846115945559,0.6092846115945559
0.7863636363636363,0.6227272727272727,0.7045454545454545,1.0207361706690041,0.533179889068907,0.533179889068907
0.7045454545454545,0.05,0.3772727272727272,0.8961357568166742,0.6115032848636666,0.6115032848636666
0.6227272727272727,0.5409090909090909,0.05,0.9452544025162571,0.730022511949675,0.730022511949675
0.6227272727272727,0.7863636363636363,0.95,0.8388164808591412,0.6192836703828172,0.6192836703828172
0.21363636363636362,0.7045454545454545,0.7045454545454545,0.9135934460686432,0.5585497310786272,0.5585497310786272
0.05,0.7863636363636363,0.95,0.8492008028179194,0.45376398394364165,0.45376398394364165
0.7863636363636363,0.7863636363636363,0.1318181818181818,0.8371710045076434,0.6042957799098473,0.6042957799098473
0.7863636363636363,0.5409090909090909,0.7045454545454545,0.9459953429464266,0.5398336931410715,0.5398336931410715
0.05,0.7045454545454545,0.7045454545454545,0.9067916187048358,0.4492453676259032,0.4492453676259032
0.6227272727272727,0.2954545454545454,0.7045454545454545,0.8994089817573729,0.6352070203648527,0.6352070203648527
0.3772727272727272,0.7863636363636363,0.95,0.8524970615302289,0.6400124587693954,0.6400124587693954
0.5409090909090909,0.95,0.7863636363636363,0.8080849679200659,0.6463347006415987,0.6463347006415987
0.5409090909090909,0.459090909090909,0.3772727272727272,0.8854200649542076,0.6574231987009158,0.6574231987009158
0.3772727272727272,0.5409090909090909,0.21363636363636362,0.9433062236883442,0.6831314755262331,0.6831314755262331
0.6080654803356621,0.5301149827786893,0.8545033247458618,0.8480129282362847,0.6340013414352743,0.6340013414352743
0.1318181818181818,0.5409090909090909,0.868181818181818,0.944669592480277,0.49922420815039437,0.49922420815039437
0.459090909090909,0.1318181818181818,0.3772727272727272,0.8907631821153246,0.6495151363576936,0.6495151363576936
0.95,0.1318181818181818,0.3772727272727272,0.9065183892208242,0.45448443221558354,0.45448443221558354
0.868181818181818,0.95,0.6227272727272727,0.7989237264661672,0.4541695254706767,0.4541695254706767
0.3772727272727272,0.459090909090909,0.1318181818181818,0.8775416375271519,0.7083971672494569,0.7083971672494569
0.5409090909090909,0.05,0.2954545454545454,0.8900793787287016,0.691320812425426,0.691320812425426
0.868181818181818,0.6227272727272727,0.1318181818181818,1.0194431456806052,0.5528665399769506,0.5528665399769506
0.7045454545454545,0.868181818181818,0.868181818181818,0.804499694285691,0.5750660061142862,0.5750660061142862
0.95,0.1318181818181818,0.05,0.8878626674910776,0.5588575466501785,0.5588575466501785
0.2954545454545454,0.21363636363636362,0.7045454545454545,0.9033166275577598,0.5849572674488448,0.5849572674488448
0.5409090909090909,0.868181818181818,0.95,0.8085870528336327,0.6492250589433275,0.6492250589433275
0.3772727272727272,0.868181818181818,0.21363636363636362,0.7995182978695828,0.6949416340426083,0.6949416340426083
0.7045454545454545,0.868181818181818,0.459090909090909,0.8144580271984327,0.5748668394560313,0.5748668394560313
0.7863636363636363,0.21363636363636362,0.6227272727272727,0.8876584896582116,0.5609352302068359,0.5609352302068359
0.95,0.05,0.2954545454545454,0.8961780938559878,0.48694763812288033,0.48694763812288033
0.5409090909090909,0.2954545454545454,0.05,0.8839558895013516,0.764719682209973,0.764719682209973
0.1318181818181818,0.459090909090909,0.7045454545454545,0.8763930581649788,0.49685613883670043,0.49685613883670043
0.05,0.1318181818181818,0.05,0.8834591908419582,0.5286772161831608,0.5286772161831608
0.05,0.459090909090909,0.3772727272727272,0.8814164539620499,0.438918870920759,0.438918870920759
0.21363636363636362,0.95,0.21363636363636362,0.7974153000864669,0.6215432939982707,0.6215432939982707
0.5409090909090909,0.95,0.459090909090909,0.804103185583993,0.6464143362883202,0.6464143362883202
0.7863636363636363,0.05,0.95,0.9004087838403738,0.5697142243231925,0.5697142243231925
0.1318181818181818,0.7045454545454545,0.459090909090909,0.8975946621350512,0.5069661067572989,0.5069661067572989
0.6227272727272727,0.2954545454545454,0.2954545454545454,0.9012868829712443,0.6606254623405752,0.6606254623405752
0.6109683141448021,0.34780822236738423,0.10720251525742126,0.9053080460219418,0.7236854390795611,0.7236854390795611
0.868181818181818,0.95,0.95,0.7985218153285157,0.45417756369342965,0.45417756369342965
0.95,0.1318181818181818,0.459090909090909,0.9032823548726148,0.45454915290254777,0.45454915290254777
0.2954545454545454,0.5409090909090909,0.459090909090909,0.9409758818437405,0.5961384823631252,0.5961384823631252
0.3772727272727272,0.1318181818181818,0.7863636363636363,0.8927023912505782,0.6204395521749884,0.6204395521749884
0.5409090909090909,0.5409090909090909,0.7863636363636363,0.9349761506810762,0.6547984769863785,0.6547984769863785
0.459090909090909,0.05,0.6227272727272727,0.8931991682473129,0.6475328166350538,0.6475328166350538
0.9409642091509506,0.34011846047725064,0.7788870012691713,0.9015291784244378,0.44471701643151124,0.44471701643151124
0.1318181818181818,0.05,0.868181818181818,0.894515015842249,0.478859299683155,0.478859299683155
0.2954545454545454,0.6227272727272727,0.21363636363636362,1.0168679957467466,0.6492503087497867,0.6492503087497867
0.459090909090909,0.868181818181818,0.21363636363636362,0.8064189374219513,0.718507221251561,0.718507221251561
0.2954545454545454,0.95,0.7863636363636363,0.8062901004526981,0.612033397990946,0.612033397990946
0.3772727272727272,0.3772727272727272,0.2954545454545454,0.8961465205221952,0.653127469589556,0.653127469589556
0.6227272727272727,0.6227272727272727,0.95,1.0056349746854427,0.6219870952612963,0.6219870952612963
0.8864383902148272,0.5510866037125367,0.5644514205229099,0.9746752861286749,0.46798889427742646,0.46798889427742646
0.868181818181818,0.6227272727272727,0.2954545454545454,1.0187609534324638,0.5006119257069134,0.5006119257069134
0.7863636363636363,0.868181818181818,0.868181818181818,0.8064040369395249,0.5214907192612095,0.5214907192612095
0.5409090909090909,0.95,0.2954545454545454,0.8138342132815999,0.6716757157343679,0.6716757157343679
0.868181818181818,0.1318181818181818,0.3772727272727272,0.9040688887223288,0.5133370222255534,0.5133370222255534
0.1318181818181818,0.5409090909090909,0.3772727272727272,0.9364552311576542,0.4993884953768468,0.4993884953768468
0.21363636363636362,0.6227272727272727,0.6227272727272727,1.0060959007432182,0.553455403384605,0.553455403384605
0.21363636363636362,0.459090909090909,0.868181818181818,0.8803521669933602,0.5492137566601327,0.5492137566601327
0.459090909090909,0.21363636363636362,0.05,0.888492885150938,0.7554941422969813,0.7554941422969813
0.936357079066101,0.8050082778013407,0.16219641308294017,0.835764382058294,0.4782595123588342,0.4782595123588342
0.95,0.5409090909090909,0.459090909090909,0.9351281845083754,0.41961023630983246,0.41961023630983246
0.1318181818181818,0.7863636363636363,0.6227272727272727,0.8410622739061141,0.5118303545218778,0.5118303545218778
0.3772727272727272,0.21363636363636362,0.7045454545454545,0.8938800157799741,0.6229495996844004,0.6229495996844004
0.459090909090909,0.5409090909090909,0.21363636363636362,0.9488404812512848,0.7087575903749743,0.7087575903749743
0.05,0.5409090909090909,0.6227272727272727,0.9505071500273857,0.44127065699945234,0.44127065699945234
0.7045454545454545,0.459090909090909,0.3772727272727272,0.8806491685737172,0.5932446166285257,0.5932446166285257
0.95,0.05,0.7863636363636363,0.8939329065666055,0.46153654186866794,0.46153654186866794
0.1318181818181818,0.2954545454545454,0.7863636363636363,0.8931352800231528,0.489720894399537,0.489720894399537
0.7045454545454545,0.459090909090909,0.1318181818181818,0.8755587853223641,0.6711664242935528,0.6711664242935528
0.868181818181818,0.3772727272727272,0.05,0.9000759337514327,0.6000824813249713,0.6000824813249713
0.95,0.3772727272727272,0.868181818181818,0.8888842301480311,0.4344359153970394,0.4344359153970394
0.05,0.7045454545454545,0.21363636363636362,0.9167665539632485,0.500681868920735,0.500681868920735
0.05,0.5409090909090909,0.868181818181818,0.9499703451602973,0.44128139309679404,0.44128139309679404
0.2954545454545454,0.21363636363636362,0.05,0.885776224004702,0.6893080755199059,0.6893080755199059
0.2954545454545454,0.21363636363636362,0.5409090909090909,0.9046316287752599,0.5849309674244948,0.5849309674244948
0.05,0.3772727272727272,0.6227272727272727,0.8893588236259942,0.4356932235274801,0.4356932235274801
0.3772727272727272,0.95,0.7045454545454545,0.811884195416742,0.6449919160916651,0.6449919160916651
0.21363636363636362,0.6227272727272727,0.7863636363636363,1.0098569527544476,0.5533524766432673,0.5533524766432673
0.459090909090909,0.7863636363636363,0.868181818181818,0.8442250611756887,0.6644814987764862,0.6644814987764862
0.5409090909090909,0.7045454545454545,0.3772727272727272,0.9155680270758247,0.6509526394584835,0.6509526394584835
0.868181818181818,0.2954545454545454,0.2954545454545454,0.905538868762098,0.527629622624758,0.527629622624758
0.459090909090909,0.459090909090909,0.2954545454545454,0.8782621610166055,0.6823555567796679,0.6823555567796679
0.459090909090909,0.6227272727272727,0.1318181818181818,1.0124164560471245,0.7362105691596936,0.7362105691596936
0.6872653200164409,0.0685260448662222,0.9229188669457948,0.8878271644706881,0.6183034567105862,0.6183034567105862
0.459090909090909,0.2954545454545454,0.7045454545454545,0.8916143441308629,0.6530653131173827,0.6530653131173827
0.5409090909090909,0.2954545454545454,0.6227272727272727,0.8999519247794799,0.6603997615044104,0.6603997615044104
0.95,0.05,0.5409090909090909,0.890113176057861,0.4616129364788428,0.4616129364788428
0.5409090909090909,0.1318181818181818,0.1318181818181818,0.8883316428169379,0.7423861671436613,0.7423861671436613
0.6227272727272727,0.05,0.6227272727272727,0.8936157225506685,0.6433572855489865,0.6433572855489865
0.7863636363636363,0.868181818181818,0.05,0.7983580705823353,0.6256516385883534,0.6256516385883534
0.21363636363636362,0.7045454545454545,0.459090909090909,0.8979137728395371,0.5588633245432092,0.5588633245432092
0.2954545454545454,0.1318181818181818,0.21363636363636362,0.9044022265727476,0.634104755468545,0.634104755468545
0.5409090909090909,0.05,0.6227272727272727,0.8994998251964265,0.6656764034960715,0.6656764034960715
0.7045454545454545,0.21363636363636362,0.2954545454545454,0.9066831414808408,0.6295143371703831,0.6295143371703831
0.2954545454545454,0.7863636363636363,0.21363636363636362,0.8389408903350508,0.6583159821932989,0.6583159821932989
0.3772727272727272,0.868181818181818,0.7863636363636363,0.8144134293214158,0.6430077314135716,0.6430077314135716
0.7045454545454545,0.7863636363636363,0.1318181818181818,0.8436703546641346,0.6558361929067174,0.6558361929067174
0.95,0.21363636363636362,0.2954545454545454,0.8892206266936061,0.47348598746612786,0.47348598746612786
0.15787883060031452,0.35385365426326515,0.8986187335212672,0.8922408669289261,0.5092399826614215,0.5092399826614215
0.459090909090909,0.1318181818181818,0.7863636363636363,0.8887267521679304,0.6495558649566413,0.6495558649566413
0.1318181818181818,0.21363636363636362,0.3772727272727272,0.8913789520327191,0.48602242095934556,0.48602242095934556
0.459090909090909,0.95,0.6227272727272727,0.8061713253787158,0.6682097734924258,0.6682097734924258
0.7863636363636363,0.7045454545454545,0.2954545454545454,0.9058077248911001,0.556159445502178,0.556159445502178
0.3772727272727272,0.95,0.7863636363636363,0.8036735491771655,0.6451561290164567,0.6451561290164567
0.21363636363636362,0.7045454545454545,0.6227272727272727,0.9094325204366437,0.5586329495912671,0.5586329495912671
0.95,0.7863636363636363,0.6227272727272727,0.838046426642568,0.4008506714671487,0.4008506714671487
0.6227272727272727,0.2954545454545454,0.6227272727272727,0.9049395351732246,0.6350964092965357,0.6350964092965357
0.3772727272727272,0.5409090909090909,0.3772727272727272,0.9453629885694979,0.6314543402286099,0.6314543402286099
0.95,0.7045454545454545,0.3772727272727272,0.9159696111483775,0.4063926077770325,0.4063926077770325
0.5409090909090909,0.21363636363636362,0.7045454545454545,0.8916129245515607,0.6628669415089687,0.6628669415089687
0.2954545454545454,0.05,0.2954545454545454,0.8885086701148234,0.6051090265977035,0.6051090265977035
0.6186534909528193,0.45360096978048775,0.31388969452825805,0.8816005026503716,0.6516187899469926,0.6516187899469926
0.1318181818181818,0.6227272727272727,0.7863636363636363,1.0176862453754962,0.500951495457233,0.500951495457233
0.2821125443404458,0.20379882865105922,0.6517788979319878,0.8887055762710275,0.5783822884745794,0.5783822884745794
0.05,0.7863636363636363,0.1318181818181818,0.8408629137059307,0.5317507417258814,0.5317507417258814
0.05,0.6227272727272727,0.868181818181818,1.0141676713449816,0.44351607333864207,0.44351607333864207
0.1318181818181818,0.1318181818181818,0.6227272727272727,0.8945556092611556,0.4819252878147769,0.4819252878147769
0.21363636363636362,0.05,0.05,0.8990985188307096,0.636404429623386,0.636404429623386
0.1318181818181818,0.7863636363636363,0.05,0.8477732795402302,0.6156961344091954,0.6156961344091954
0.5629007163841848,0.7362128171666215,0.8390890730855745,0.8691197702414146,0.6441472045951717,0.6441472045951717
0.868181818181818,0.7863636363636363,0.95,0.8404477135944961,0.4663398457281101,0.4663398457281101
0.7863636363636363,0.1318181818181818,0.5409090909090909,0.8990444580286797,0.5650411108394264,0.5650411108394264
0.7045454545454545,0.1318181818181818,0.7045454545454545,0.8971593573373883,0.6076824128532523,0.6076824128532523
0.5771980231461169,0.8962072172824618,0.567926760088291,0.8226695413956865,0.6345082091720863,0.6345082091720863
0.459090909090909,0.2954545454545454,0.459090909090909,0.8954080747505011,0.65298943850499,0.65298943850499
0.7863636363636363,0.7045454545454545,0.459090909090909,0.9027623124976161,0.5307643537500477,0.5307643537500477
0.21363636363636362,0.7863636363636363,0.7045454545454545,0.849703450750853,0.562594330984983,0.562594330984983
0.5409090909090909,0.95,0.21363636363636362,0.8140729155111522,0.6978509416897769,0.6978509416897769
0.459090909090909,0.868181818181818,0.6227272727272727,0.8140456858409625,0.6667186862831808,0.6667186862831808
0.7045454545454545,0.05,0.2954545454545454,0.8911819478584994,0.6370583610428301,0.6370583610428301
0.7045454545454545,0.5409090909090909,0.2954545454545454,0.9505349291768791,0.6138693014164625,0.6138693014164625
0.459090909090909,0.7863636363636363,0.05,0.848828598390422,0.7683894280321917,0.7683894280321917
0.05,0.95,0.1318181818181818,0.8018122679927221,0.5393321546401456,0.5393321546401456
0.2954545454545454,0.21363636363636362,0.459090909090909,0.8907899101954062,0.5852078017960919,0.5852078017960919
0.3680170052234475,0.5752905006657848,0.11996117326848635,0.9608520982818745,0.7098561580343623,0.7098561580343623
0.8559709056465804,0.40028151086074676,0.059753886332268524,0.8953726430526914,0.6038569471389461,0.6038569471389461
0.1318181818181818,0.1318181818181818,0.1318181818181818,0.906582381771335,0.5595047523645733,0.5595047523645733
0.18236613283613412,0.8839288626453449,0.4929046637715843,0.8223756125254621,0.5485064877494907,0.5485064877494907
0.95,0.2954545454545454,0.3772727272727272,0.9052128835005603,0.44090974232998875,0.44090974232998875
0.3772727272727272,0.7045454545454545,0.459090909090909,0.9109041918066246,0.6366107161638674,0.6366107161638674
0.95,0.7045454545454545,0.459090909090909,0.9009600110805198,0.4066927997783896,0.4066927997783896
0.459090909090909,0.868181818181818,0.05,0.8002741843298282,0.7709941163134034,0.7709941163134034
0.1318181818181818,0.6227272727272727,0.868181818181818,1.0090402071894196,0.5009324164845768,0.5009324164845768
0.8199145256099064,0.6832920734420213,0.47675644617859264,0.9171911395675116,0.5084409772086498,0.5084409772086498
0.6227272727272727,0.6227272727272727,0.459090909090909,1.0209380752046573,0.6223839320486196,0.6223839320486196
0.3578735738443167,0.7891315742048115,0.1495685632596865,0.8544070924707841,0.7044466581505843,0.7044466581505843
0.05,0.7045454545454545,0.3772727272727272,0.9064816188076601,0.4492515676238467,0.4492515676238467
0.21363636363636362,0.21363636363636362,0.2954545454545454,0.9042238177521544,0.564258323644957,0.564258323644957
0.459090909090909,0.7045454545454545,0.6227272727272727,0.8999216636199135,0.6620339667276017,0.6620339667276017
0.7863636363636363,0.21363636363636362,0.868181818181818,0.9019003382542778,0.5606503932349145,0.5606503932349145
0.06021828029067716,0.4717945777947136,0.10067294811365361,0.8742689449387673,0.5352130211012246,0.5352130211012246
0.95,0.2954545454545454,0.05,0.884847395328028,0.5453170520934394,0.5453170520934394
0.1318181818181818,0.7863636363636363,0.7863636363636363,0.8474251031307247,0.5117030979373856,0.5117030979373856
0.5409090909090909,0.95,0.05,0.7958334403332229,0.7505797311933355,0.7505797311933355
0.95,0.459090909090909,0.5409090909090909,0.8894525654621765,0.4276241486907565,0.4276241486907565
0.1318181818181818,0.3772727272727272,0.2954545454545454,0.8874787720481722,0.5183568245590365,0.5183568245590365
0.6201767396848051,0.5321972156672826,0.13126079304896746,0.8534383942369022,0.7071216321152619,0.7071216321152619
0.9050557703457244,0.9055464322438004,0.5660940993109574,0.8119626729450254,0.42827394654109946,0.42827394654109946
0.08094966900369656,0.8683883618709037,0.2829019834400152,0.8192706688457417,0.5098361866230852,0.5098361866230852
0.1318181818181818,0.21363636363636362,0.95,0.8932237503282359,0.4859855249934353,0.4859855249934353
0.2954545454545454,0.1318181818181818,0.3772727272727272,0.9024836600413494,0.582507126799173,0.582507126799173
0.21363636363636362,0.3772727272727272,0.3772727272727272,0.8938702314135782,0.5461765953717284,0.5461765953717284
0.6227272727272727,0.3772727272727272,0.7045454545454545,0.8893215698415353,0.6328751686031693,0.6328751686031693
0.95,0.868181818181818,0.21363636363636362,0.8086273351230472,0.446274653297539,0.446274653297539
0.459090909090909,0.21363636363636362,0.3772727272727272,0.8886457994970733,0.6514910840100586,0.6514910840100586
0.6227272727272727,0.459090909090909,0.459090909090909,0.8839777400166723,0.6304484451996665,0.6304484451996665
0.3772727272727272,0.6227272727272727,0.21363636363636362,1.0136020488217463,0.6840799867143604,0.6840799867143604
0.2954545454545454,0.3772727272727272,0.05,0.8988981362920909,0.6950128372741582,0.6950128372741582
0.3772727272727272,0.5409090909090909,0.459090909090909,0.9437243273872872,0.6314871134522542,0.6314871134522542
0.5409090909090909,0.1318181818181818,0.2954545454545454,0.8975803214951762,0.6898371935700964,0.6898371935700964
0.7863636363636363,0.3772727272727272,0.1318181818181818,0.9038090517769808,0.6284314189644604,0.6284314189644604
0.2954545454545454,0.459090909090909,0.6227272727272727,0.8895513825000928,0.5943333723499982,0.5943333723499982
0.2954545454545454,0.7863636363636363,0.7863636363636363,0.856541215506212,0.6063279756898757,0.6063279756898757
0.6227272727272727,0.868181818181818,0.6227272727272727,0.7962791030425458,0.617300817939149,0.617300817939149
0.1318181818181818,0.1318181818181818,0.3772727272727272,0.8927490605469401,0.4819614187890612,0.4819614187890612
0.459090909090909,0.1318181818181818,0.868181818181818,0.8907156617054387,0.6495160867658913,0.6495160867658913
0.2954545454545454,0.1318181818181818,0.95,0.9062423714204303,0.5824319525715914,0.5824319525715914
0.95,0.868181818181818,0.7045454545454545,0.8070433211608598,0.3946703335767828,0.3946703335767828
0.7863636363636363,0.459090909090909,0.1318181818181818,0.8747707459057102,0.6243785850818857,0.6243785850818857
0.459090909090909,0.7863636363636363,0.459090909090909,0.8461574616770473,0.6644428507664591,0.6644428507664591
0.5125905402438297,0.7552877114670287,0.4068885040891431,0.8720353189203991,0.6586576936215921,0.6586576936215921
0.459090909090909,0.5409090909090909,0.5409090909090909,0.9345942422457486,0.6574065151550851,0.6574065151550851
0.21363636363636362,0.21363636363636362,0.7045454545454545,0.897766398473256,0.5389314720305349,0.5389314720305349
0.868181818181818,0.05,0.459090909090909,0.9040725540495722,0.5192373489190085,0.5192373489190085
0.1318181818181818,0.7045454545454545,0.6227272727272727,0.9090607198936108,0.5067367856021278,0.5067367856021278
0.7045454545454545,0.1318181818181818,0.7863636363636363,0.9050922104676257,0.6075237557906475,0.6075237557906475
0.95,0.7863636363636363,0.95,0.8404155035602011,0.400803289928796,0.400803289928796
0.05,0.7045454545454545,0.6227272727272727,0.8979063812073291,0.4494230723758534,0.4494230723758534
0.3772727272727272,0.3772727272727272,0.21363636363636362,0.8871665369250655,0.6794870692614987,0.6794870692614987
0.21363636363636362,0.3772727272727272,0.95,0.8911558350178194,0.5462308832996436,0.5462308832996436
0.1318181818181818,0.95,0.21363636363636362,0.8063522495738665,0.5706609550085227,0.5706609550085227
0.2676670618104065,0.1337924910253093,0.857494182157994,0.8994009694694804,0.5675675806106104,0.5675675806106104
0.2954545454545454,0.7863636363636363,0.1318181818181818,0.8550168961365127,0.6841784620772696,0.6841784620772696
0.3772727272727272,0.5409090909090909,0.6227272727272727,0.9382760991042501,0.631596078017915,0.631596078017915
0.868181818181818,0.7863636363636363,0.7045454545454545,0.8369219962055696,0.46641036007588865,0.46641036007588865
0.459090909090909,0.868181818181818,0.5409090909090909,0.7976291190215185,0.6670470176195695,0.6670470176195695
0.21363636363636362,0.7863636363636363,0.2954545454545454,0.845894843059952,0.5881265031388011,0.5881265031388011
0.3772727272727272,0.5409090909090909,0.7045454545454545,0.9433744312578889,0.6314941113748421,0.6314941113748421
0.6227272727272727,0.3772727272727272,0.7863636363636363,0.8995221551795385,0.6326711568964092,0.6326711568964092
0.95,0.95,0.05,0.7971479280392971,0.49206784143921406,0.49206784143921406
0.5409090909090909,0.3772727272727272,0.868181818181818,0.8877800168703041,0.6593095996625941,0.6593095996625941
0.6227272727272727,0.7863636363636363,0.7045454545454545,0.8422642929976892,0.6192147141400461,0.6192147141400461
0.2954545454545454,0.1318181818181818,0.1318181818181818,0.9052165360644662,0.6602724692787106,0.6602724692787106
0.3772727272727272,0.2954545454545454,0.459090909090909,0.8962574515607007,0.625435650968786,0.625435650968786
0.3569597159452326,0.15212616911653015,0.8822242564507065,0.8883817645636037,0.6119583647087279,0.6119583647087279
0.6227272727272727,0.459090909090909,0.6227272727272727,0.8925488283686882,0.6302770234326261,0.6302770234326261
0.26350411256239503,0.14160422535836337,0.1875732252658988,0.8964737385419664,0.6250685252291607,0.6250685252291607
0.49050748424980667,0.9370854086995406,0.26784974436035036,0.8016594489427483,0.6966536110211449,0.6966536110211449
0.868181818181818,0.868181818181818,0.7045454545454545,0.8007892506792311,0.4606326149864154,0.4606326149864154
0.2954545454545454,0.1318181818181818,0.7045454545454545,0.8968024033690248,0.5826207519326194,0.5826207519326194
0.2954545454545454,0.7863636363636363,0.6227272727272727,0.8527876499819107,0.6064030470003617,0.6064030470003617
0.39806181167048366,0.893056989863061,0.17376884973139392,0.7863793592985822,0.7150280128140284,0.7150280128140284
0.868181818181818,0.459090909090909,0.868181818181818,0.8882169679962401,0.49011926064007516,0.49011926064007516
0.1318181818181818,0.7863636363636363,0.95,0.8462821894567185,0.5117259562108657,0.5117259562108657
0.95,0.7045454545454545,0.05,0.907802668478601,0.5105559466304279,0.5105559466304279
0.459090909090909,0.5409090909090909,0.459090909090909,0.9451197565440078,0.6571960048691199,0.6571960048691199
0.922890944036875,0.0888439207555185,0.852028802328264,0.9045552493329719,0.47865849501334057,0.47865849501334057
0.21363636363636362,0.459090909090909,0.459090909090909,0.8897058715343646,0.5490266825693128,0.5490266825693128
0.5409090909090909,0.05,0.868181818181818,0.8953393328369746,0.6657596133432605,0.6657596133432605
0.1318181818181818,0.459090909090909,0.3772727272727272,0.8848846131489093,0.4966863077370218,0.4966863077370218
0.3772727272727272,0.2954545454545454,0.1318181818181818,0.8955487886511435,0.7032698242269771,0.7032698242269771
0.5409090909090909,0.1318181818181818,0.05,0.8882508831565167,0.7685677823368698,0.7685677823368698
0.6227272727272727,0.21363636363636362,0.05,0.888753703429918,0.7423205259314016,0.7423205259314016
0.868181818181818,0.459090909090909,0.3772727272727272,0.8919050299635773,0.4900454994007284,0.4900454994007284
0.6227272727272727,0.95,0.1318181818181818,0.8013030554483059,0.6915199388910338,0.6915199388910338
0.15763482134447152,0.6919203085006954,0.7347065437552076,0.9280368518116802,0.5227916629637663,0.5227916629637663
0.868181818181818,0.459090909090909,0.6227272727272727,0.8775427710684379,0.49033274457863124,0.49033274457863124
0.05,0.3772727272727272,0.7863636363636363,0.8878311368052814,0.43572377726389433,0.43572377726389433
0.6227272727272727,0.95,0.5409090909090909,0.7995550383273279,0.6137348992334535,0.6137348992334535
0.459090909090909,0.6227272727272727,0.6227272727272727,1.0099981864829948,0.6579954521659094,0.6579954521659094
0.05,0.459090909090909,0.5409090909090909,0.8790436682673303,0.4389663266346534,0.4389663266346534
0.2954545454545454,0.868181818181818,0.7863636363636363,0.804485942014152,0.6092358811597169,0.6092358811597169
0.3772727272727272,0.95,0.2954545454545454,0.8102809116112611,0.6704799817677747,0.6704799817677747
0.1318181818181818,0.6227272727272727,0.1318181818181818,1.005201977037748,0.5789233398222391,0.5789233398222391
0.459090909090909,0.3772727272727272,0.6227272727272727,0.8958132704069791,0.6549149345918603,0.6549149345918603
0.17554447458683764,0.31293018368169634,0.3797256589643225,0.8906874306582457,0.5198050513868351,0.5198050513868351
0.868181818181818,0.5409090909090909,0.6227272727272727,0.9514493584264108,0.48265421283147175,0.48265421283147175
0.95,0.3772727272727272,0.5409090909090909,0.8971125721646118,0.43427134855670774,0.43427134855670774
0.67455360002039,0.5384519990128365,0.27661915301625745,0.9404563704667233,0.6351628725906655,0.6351628725906655
0.6808722183132079,0.11548670572777417,0.7896740533613206,0.8937879205369113,0.6191510415892618,0.6191510415892618
0.3772727272727272,0.459090909090909,0.459090909090909,0.8839696136903603,0.6304486077261927,0.6304486077261927
0.6227272727272727,0.7045454545454545,0.5409090909090909,0.905789080650775,0.6214446183869845,0.6214446183869845
0.5409090909090909,0.21363636363636362,0.7863636363636363,0.9038542051637082,0.6626221158967257,0.6626221158967257
0.6227272727272727,0.3772727272727272,0.2954545454545454,0.8960976374493864,0.6581956472510122,0.6581956472510122
0.3772727272727272,0.868181818181818,0.95,0.7975260278069632,0.6433454794438606,0.6433454794438606
0.21363636363636362,0.95,0.3772727272727272,0.8046060798052299,0.5697634784038954,0.5697634784038954
0.05,0.459090909090909,0.7863636363636363,0.8926433679405769,0.43869433264118846,0.43869433264118846
0.868181818181818,0.3772727272727272,0.868181818181818,0.8871348696780578,0.4963413026064389,0.4963413026064389
0.95,0.459090909090909,0.868181818181818,0.8895822663632965,0.427621554672734,0.427621554672734
0.95,0.7863636363636363,0.21363636363636362,0.8415646753016504,0.452416306493967,0.452416306493967
0.7045454545454545,0.2954545454545454,0.05,0.9003718710973354,0.7043841625780533,0.7043841625780533
0.7045454545454545,0.7045454545454545,0.05,0.9029924221510772,0.6852301515569785,0.6852301515569785
0.459090909090909,0.1318181818181818,0.7045454545454545,0.8875196437639872,0.6495800071247203,0.6495800071247203
0.6227272727272727,0.459090909090909,0.2954545454545454,0.8845645542019349,0.6558927089159612,0.6558927089159612
0.868181818181818,0.7045454545454545,0.6227272727272727,0.9068768758097573,0.47151166248380494,0.47151166248380494
0.3772727272727272,0.2954545454545454,0.7045454545454545,0.8904687130143762,0.6255514257397125,0.6255514257397125
0.6227272727272727,0.21363636363636362,0.459090909090909,0.8953501820675851,0.6381885963586483,0.6381885963586483
0.9185242195998612,0.16186750113699025,0.7077807276832798,0.9046327900808047,0.47619014419838396,0.47619014419838396
0.5409090909090909,0.05,0.459090909090909,0.9032839810255585,0.6656007203794888,0.6656007203794888
0.6227272727272727,0.21363636363636362,0.5409090909090909,0.9031392445147693,0.6380328151097047,0.6380328151097047
0.868181818181818,0.459090909090909,0.95,0.8737662240935232,0.49040827551812954,0.49040827551812954
0.5409090909090909,0.3772727272727272,0.05,0.9006414917773984,0.7630523701644522,0.7630523701644522
0.5410551103843414,0.8973183278988726,0.3974923740206968,0.8170774654022489,0.648088450691955,0.648088450691955
0.21363636363636362,0.1318181818181818,0.1318181818181818,0.8992381593063482,0.613288436813873,0.613288436813873
0.332920382968694,0.5077136220482324,0.8668098265334836,0.9049260259682089,0.6128942794806358,0.6128942794806358
0.1318181818181818,0.95,0.2954545454545454,0.8036791713010264,0.5445344165739794,0.5445344165739794
0.5409090909090909,0.7045454545454545,0.21363636363636362,0.9106765717287444,0.7026864685654252,0.7026864685654252
0.868181818181818,0.459090909090909,0.7863636363636363,0.8901566030731481,0.490080467938537,0.490080467938537
0.7863636363636363,0.3772727272727272,0.7045454545454545,0.9035591419456469,0.5506164171610871,0.5506164171610871
0.747619541025003,0.8955490474077701,0.8553446153848838,0.816611031118939,0.5464549793776213,0.5464549793776213
0.95,0.459090909090909,0.95,0.8763307798727967,0.42788658440254407,0.42788658440254407
0.2954545454545454,0.868181818181818,0.1318181818181818,0.8146612312428555,0.6868523753751429,0.6868523753751429
0.459090909090909,0.7863636363636363,0.5409090909090909,0.8409494708339524,0.6645470105833209,0.6645470105833209
0.6227272727272727,0.2954545454545454,0.95,0.8892723700924757,0.6354097525981506,0.6354097525981506
0.3772727272727272,0.1318181818181818,0.7045454545454545,0.9046054165202192,0.6202014916695956,0.6202014916695956
0.95,0.05,0.1318181818181818,0.8957495347047026,0.5393202093059061,0.5393202093059061
0.459090909090909,0.5409090909090909,0.868181818181818,0.9337434874566496,0.657423530250867,0.657423530250867
0.21363636363636362,0.21363636363636362,0.6227272727272727,0.88888577520889,0.5391090844958222,0.5391090844958222
0.459090909090909,0.3772727272727272,0.1318181818181818,0.8954763860716787,0.7327416722785663,0.7327416722785663
0.1318181818181818,0.7863636363636363,0.1318181818181818,0.8471609833447283,0.5895283803331055,0.5895283803331055
0.2954545454545454,0.05,0.7045454545454545,0.9006178550436438,0.579410842899127,0.579410842899127
0.2954545454545454,0.5409090909090909,0.3772727272727272,0.934837093954685,0.5962612581209064,0.5962612581209064
0.05,0.5409090909090909,0.3772727272727272,0.9432448132430552,0.44141590373513895,0.44141590373513895
0.546716154897037,0.5548441743818476,0.8389882423925105,0.9860129054863045,0.6511773418902739,0.6511773418902739
0.3772727272727272,0.5409090909090909,0.1318181818181818,0.9430093977227184,0.7093214120455456,0.7093214120455456
0.2954545454545454,0.6227272727272727,0.5409090909090909,1.0130692744619452,0.5974148263861351,0.5974148263861351
0.868181818181818,0.3772727272727272,0.459090909090909,0.8910499410401627,0.49626300117919675,0.49626300117919675
0.6227272727272727,0.2954545454545454,0.3772727272727272,0.8875014486839287,0.6354451710263216,0.6354451710263216
0.27364022583301917,0.7195516633154092,0.08017919126220144,0.8805458950608763,0.6869906820987824,0.6869906820987824
0.3772727272727272,0.5409090909090909,0.5409090909090909,0.9369465784977872,0.6316226684300442,0.6316226684300442
0.95,0.21363636363636362,0.3772727272727272,0.8890527874368693,0.44803334425126257,0.44803334425126257
0.868181818181818,0.7045454545454545,0.7863636363636363,0.8991896755370576,0.47166540648925886,0.47166540648925886
0.9229229580331428,0.8079070308221378,0.804495834240024,0.8370454474930011,0.42097189105013993,0.42097189105013993
0.95,0.5409090909090909,0.21363636363636362,0.9335174807782615,0.47127845038443483,0.47127845038443483
0.3772727272727272,0.3772727272727272,0.5409090909090909,0.8878775101131943,0.627836849797736,0.627836849797736
0.7045454545454545,0.7863636363636363,0.05,0.8511116499472559,0.6818673670010549,0.6818673670010549
0.95,0.21363636363636362,0.7045454545454545,0.8880998404181534,0.4480524031916369,0.4480524031916369
0.7863636363636363,0.05,0.5409090909090909,0.9053759245758749,0.5696148815084825,0.5696148815084825
0.2954545454545454,0.3772727272727272,0.21363636363636362,0.8916072689980433,0.6427946546200392,0.6427946546200392
0.6064292943772663,0.3820222756127951,0.46628124451983305,0.8918708824675514,0.638558182350649,0.638558182350649
0.6227272727272727,0.7863636363636363,0.2954545454545454,0.8513062614796693,0.6444898747704064,0.6444898747704064
0.3772727272727272,0.05,0.3772727272727272,0.8948676814096713,0.6178626463718065,0.6178626463718065
0.6227272727272727,0.6227272727272727,0.21363636363636362,1.0223424597232906,0.6738953843100384,0.6738953843100384
0.2954545454545454,0.05,0.5409090909090909,0.8871860273365633,0.5796794794532686,0.5796794794532686
0.6920146272960971,0.8556861539184794,0.5105096979040995,0.8229682808850498,0.582530634382299,0.582530634382299
0.868181818181818,0.7045454545454545,0.95,0.9142621000640078,0.4713639579987199,0.4713639579987199
0.459090909090909,0.95,0.3772727272727272,0.8065922983524644,0.6682013540329508,0.6682013540329508
0.5052998109960194,0.600308811891183,0.06629916543875645,0.9866784798528384,0.7604164304029432,0.7604164304029432
0.1318181818181818,0.1318181818181818,0.868181818181818,0.8954373412586526,0.4819076531748269,0.4819076531748269
0.05,0.3772727272727272,0.95,0.8880438260941067,0.4357195234781178,0.4357195234781178
0.3772727272727272,0.21363636363636362,0.95,0.898638404377073,0.6228544319124585,0.6228544319124585
0.2954545454545454,0.7045454545454545,0.21363636363636362,0.9043874603204345,0.6541734507935913,0.6541734507935913
0.95,0.868181818181818,0.868181818181818,0.8118872413707365,0.39457345517258524,0.39457345517258524
0.05,0.3772727272727272,0.1318181818181818,0.8930516906170887,0.5134393661876583,0.5134393661876583
0.868181818181818,0.2954545454545454,0.95,0.8944876323467537,0.5023946473530649,0.5023946473530649
0.6227272727272727,0.1318181818181818,0.05,0.8942716512057551,0.744443766975885,0.744443766975885
0.459090909090909,0.95,0.5409090909090909,0.7963321590729143,0.6684065568185418,0.6684065568185418
0.95,0.7863636363636363,0.459090909090909,0.8473401755195726,0.40066479648960857,0.40066479648960857
0.05,0.3772727272727272,0.05,0.8839681332907374,0.5398010373341853,0.5398010373341853
0.3772727272727272,0.95,0.95,0.8102046783423922,0.645025506433152,0.645025506433152
0.7045454545454545,0.21363636363636362,0.1318181818181818,0.8902051649669649,0.6822078967006607,0.6822078967006607
0.7045454545454545,0.868181818181818,0.95,0.8051652457674514,0.575052695084651,0.575052695084651
0.3772727272727272,0.7045454545454545,0.7863636363636363,0.9169873146394082,0.6364890537072118,0.6364890537072118
0.95,0.1318181818181818,0.1318181818181818,0.9041185826573495,0.532352428346853,0.532352428346853
0.3772727272727272,0.3772727272727272,0.7045454545454545,0.894245890506913,0.6277094821898617,0.6277094821898617
0.7863636363636363,0.05,0.3772727272727272,0.8922223435266042,0.5698779531294679,0.5698779531294679
0.05,0.05,0.7863636363636363,0.8964650282917421,0.42068349943416516,0.42068349943416516
0.5047271352030714,0.7938117194969674,0.33804464092755054,0.8427842494147768,0.6727003150117045,0.6727003150117045
0.95,0.459090909090909,0.3772727272727272,0.8839412710588591,0.4277343745788228,0.4277343745788228
0.05,0.21363636363636362,0.1318181818181818,0.8912966397405246,0.5057072672051895,0.5057072672051895
0.5630550530804285,0.1374588443936917,0.6035065040292528,0.8929450874194039,0.658239498251612,0.658239498251612
0.1318181818181818,0.5409090909090909,0.2954545454545454,0.9481753898598022,0.5246100922028039,0.5246100922028039
0.7045454545454545,0.95,0.3772727272727272,0.7947271916040972,0.5705610561679181,0.5705610561679181
0.1318181818181818,0.95,0.05,0.7975439780736612,0.6232011204385267,0.6232011204385267
0.05,0.7863636363636363,0.7863636363636363,0.8369071147240662,0.4540098577055187,0.4540098577055187
0.7045454545454545,0.7045454545454545,0.2954545454545454,0.9091424391742059,0.6065631512165158,0.6065631512165158
0.7045454545454545,0.6227272727272727,0.459090909090909,1.01771618911076,0.5828223641963471,0.5828223641963471
0.5409090909090909,0.868181818181818,0.5409090909090909,0.8064369542653389,0.6492680609146934,0.6492680609146934
0.6227272727272727,0.6227272727272727,0.7045454545454545,1.0215737916251688,0.6219635097501776,0.6219635097501776
0.2954545454545454,0.868181818181818,0.5409090909090909,0.8134042222946347,0.6090575155541074,0.6090575155541074
0.21363636363636362,0.5409090909090909,0.1318181818181818,0.9471191754286542,0.6291320164914269,0.6291320164914269
0.36398143988869575,0.8865762298230432,0.7975574670089561,0.8281296910359989,0.63826620617928,0.63826620617928
0.95,0.21363636363636362,0.459090909090909,0.8987534792500813,0.44783933041499835,0.44783933041499835
0.95,0.6227272727272727,0.868181818181818,1.013161621758056,0.41146620616822127,0.41146620616822127
0.21363636363636362,0.7045454545454545,0.05,0.9117626093907251,0.6625863478121855,0.6625863478121855
0.6227272727272727,0.2954545454545454,0.459090909090909,0.8957676903225766,0.6352798461935486,0.6352798461935486
0.6042650882469948,0.6215842857808793,0.09077360879484006,1.0041059727552466,0.7205355350853405,0.7205355350853405
0.6227272727272727,0.7863636363636363,0.3772727272727272,0.8494821621152034,0.6190703567576958,0.6190703567576958
0.7830216343300421,0.3036692972960599,0.15634834485949062,0.9003872366063509,0.627215055267873,0.627215055267873
0.7863636363636363,0.21363636363636362,0.2954545454545454,0.8908562255620351,0.5863272754887593,0.5863272754887593
0.05,0.21363636363636362,0.95,0.8939130638920034,0.42783493872215994,0.42783493872215994
0.21363636363636362,0.05,0.7863636363636363,0.8878778011955459,0.5326288439760891,0.5326288439760891
0.7863636363636363,0.95,0.868181818181818,0.812639548536354,0.516432409029273,0.516432409029273
0.5409090909090909,0.5409090909090909,0.1318181818181818,0.9484280295363079,0.7323494394092738,0.7323494394092738
0.1318181818181818,0.7045454545454545,0.05,0.9022278333015972,0.610873443333968,0.610873443333968
0.7045454545454545,0.2954545454545454,0.7863636363636363,0.8873480110066662,0.6006446397798667,0.6006446397798667
0.3772727272727272,0.05,0.5409090909090909,0.8885272142626193,0.6179894557147475,0.6179894557147475
0.7863636363636363,0.1318181818181818,0.868181818181818,0.8904416856217361,0.5652131662875653,0.5652131662875653
0.7045454545454545,0.3772727272727272,0.7863636363636363,0.9051948262866606,0.5968541034742668,0.5968541034742668
0.7863636363636363,0.2954545454545454,0.7045454545454545,0.8968595509891603,0.5557508089802169,0.5557508089802169
0.7863636363636363,0.7045454545454545,0.05,0.8977272893325627,0.6348650542133487,0.6348650542133487
0.95,0.6227272727272727,0.95,1.013908131015185,0.411133030112821,0.411133030112821
0.21363636363636362,0.459090909090909,0.21363636363636362,0.8836521129661951,0.600783757740676,0.600783757740676
0.1318181818181818,0.7863636363636363,0.868181818181818,0.8426159851446254,0.5117992802971075,0.5117992802971075
0.7045454545454545,0.5409090909090909,0.21363636363636362,0.9373653659944615,0.6403126926801108,0.6403126926801108
0.21363636363636362,0.459090909090909,0.1318181818181818,0.8864663885849032,0.6269114722283019,0.6269114722283019
0.6227272727272727,0.459090909090909,0.05,0.8701875192280784,0.7347242496154385,0.7347242496154385
0.868181818181818,0.6227272727272727,0.7863636363636363,1.0047796009396155,0.4748506155321086,0.4748506155321086
0.3772727272727272,0.459090909090909,0.6227272727272727,0.890631600263917,0.6303153679947217,0.6303153679947217
0.6227272727272727,0.3772727272727272,0.1318181818181818,0.8883754289320939,0.7107140914213581,0.7107140914213581
0.5409090909090909,0.5409090909090909,0.7045454545454545,0.9463854689855691,0.6545702906202887,0.6545702906202887
0.95,0.7045454545454545,0.868181818181818,0.9031080525662963,0.4066498389486741,0.4066498389486741
0.3772727272727272,0.5409090909090909,0.7863636363636363,0.9475331782116909,0.6314109364357661,0.6314109364357661
0.26613105690037375,0.11827699529779752,0.1659917497195843,0.8986736256097301,0.6328993274878053,0.6328993274878053
0.7045454545454545,0.1318181818181818,0.868181818181818,0.8932327501988246,0.6077609449960236,0.6077609449960236
0.7045454545454545,0.6227272727272727,0.5409090909090909,1.0224216549386076,0.5825852538216116,0.5825852538216116
0.05,0.95,0.95,0.8053578382382686,0.4614412432352346,0.4614412432352346
0.3772727272727272,0.459090909090909,0.95,0.8869436525315184,0.6303891269493697,0.6303891269493697
0.95,0.3772727272727272,0.7863636363636363,0.9050923692315371,0.4341117526153693,0.4341117526153693
0.6227272727272727,0.7863636363636363,0.05,0.8367321524659296,0.7233253569506815,0.7233253569506815
0.95,0.868181818181818,0.2954545454545454,0.7972235757192264,0.42032272848561547,0.42032272848561547
0.6227272727272727,0.459090909090909,0.868181818181818,0.8794953896851122,0.6305380922062978,0.6305380922062978
0.2954545454545454,0.7045454545454545,0.868181818181818,0.9013925266498453,0.6025973494670032,0.6025973494670032
0.7863636363636363,0.868181818181818,0.2954545454545454,0.8001476799847143,0.5470718464003057,0.5470718464003057
0.868181818181818,0.5409090909090909,0.868181818181818,0.9497158600843847,0.4826888827983123,0.4826888827983123
0.21363636363636362,0.6227272727272727,0.05,1.0022516014010732,0.6575244540282654,0.6575244540282654
0.868181818181818,0.7045454545454545,0.21363636363636362,0.9022328252594077,0.523240543494812,0.523240543494812
0.95,0.868181818181818,0.1318181818181818,0.8020832371349645,0.4725895352573007,0.4725895352573007
0.6227272727272727,0.7045454545454545,0.7863636363636363,0.9025913862439227,0.6215085722751216,0.6215085722751216
0.459090909090909,0.5409090909090909,0.7863636363636363,0.9433295266452517,0.657231809467095,0.657231809467095
0.459090909090909,0.459090909090909,0.5409090909090909,0.8760725765063802,0.6569433484698725,0.6569433484698725
0.2954545454545454,0.2954545454545454,0.1318181818181818,0.9008089714726988,0.665961020570546,0.665961020570546
0.05,0.95,0.7045454545454545,0.8138004062287646,0.46127239187542474,0.46127239187542474
0.459090909090909,0.459090909090909,0.7045454545454545,0.8815295722248223,0.6568342085555037,0.6568342085555037
0.868181818181818,0.7863636363636363,0.05,0.8367673849694127,0.5704134523006118,0.5704134523006118
0.868181818181818,0.2954545454545454,0.7863636363636363,0.896800429325085,0.5023483914134982,0.5023483914134982
0.05,0.3772727272727272,0.21363636363636362,0.8897357655930022,0.48732168468813997,0.48732168468813997
0.3772727272727272,0.95,0.5409090909090909,0.8129708873564233,0.6449701822528715,0.6449701822528715
0.459090909090909,0.5409090909090909,0.95,0.9447791048491767,0.6572028179030166,0.6572028179030166
0.7863636363636363,0.1318181818181818,0.7045454545454545,0.905566245562031,0.5649106750887594,0.5649106750887594
0.868181818181818,0.7045454545454545,0.459090909090909,0.9138987434607043,0.47137122513078594,0.47137122513078594
0.05,0.868181818181818,0.2954545454545454,0.8040196701968964,0.4838572065960621,0.4838572065960621
0.868181818181818,0.05,0.21363636363636362,0.8996366068584963,0.5709620678628301,0.5709620678628301
0.5146703134710757,0.34066082564712136,0.7656675752918333,0.9044023359481734,0.6655783532810366,0.6655783532810366
0.868181818181818,0.95,0.1318181818181818,0.8019390396030757,0.5319292192079385,0.5319292192079385
0.3772727272727272,0.2954545454545454,0.5409090909090909,0.8975343407116425,0.6254101131857671,0.6254101131857671
0.21363636363636362,0.7863636363636363,0.868181818181818,0.84830003551477,0.5626223992897047,0.5626223992897047
0.868181818181818,0.7045454545454545,0.1318181818181818,0.9000472403813756,0.5494682551923726,0.5494682551923726
0.6227272727272727,0.95,0.7863636363636363,0.8022224088113817,0.6136815518237724,0.6136815518237724
0.7624211393532636,0.7606563285150985,0.13208549274382134,0.8538737304155424,0.6215749253916891,0.6215749253916891
0.6227272727272727,0.868181818181818,0.95,0.8077530692311864,0.6170713386153763,0.6170713386153763
0.9039969835279998,0.9190688297671034,0.777557613304815,0.7830791711373531,0.4285516165772529,0.4285516165772529
0.2954545454545454,0.459090909090909,0.459090909090909,0.8761127562405548,0.5946021448751889,0.5946021448751889
0.95,0.6227272727272727,0.21363636363636362,1.0120345101871648,0.4630634287930468,0.4630634287930468
0.21363636363636362,0.2954545454545454,0.1318181818181818,0.9018453028132696,0.6204034939437346,0.6204034939437346
0.21363636363636362,0.3772727272727272,0.5409090909090909,0.894572414576725,0.5461625517084655,0.5461625517084655
0.11351187266038686,0.628177350385684,0.07386017948745963,1.0007556784051805,0.5857855629385809,0.5857855629385809
0.05,0.2954545454545454,0.5409090909090909,0.8948608023554727,0.4315495839528905,0.4315495839528905
0.459090909090909,0.459090909090909,0.21363636363636362,0.8873298834779603,0.7083542023304409,0.7083542023304409
0.459090909090909,0.1318181818181818,0.6227272727272727,0.901759252895129,0.6492952149420975,0.6492952149420975
0.21363636363636362,0.05,0.95,0.8955547561426357,0.5324753048771472,0.5324753048771472
0.868181818181818,0.21363636363636362,0.2954545454545454,0.9016411890591516,0.532941176218817,0.532941176218817
0.6227272727272727,0.95,0.95,0.7984597359950611,0.6137568052800988,0.6137568052800988
0.21363636363636362,0.1318181818181818,0.2954545454545454,0.9016346571646318,0.5608765068567073,0.5608765068567073
0.7045454545454545,0.6227272727272727,0.6227272727272727,1.0052415515986386,0.5830120670922423,0.5830120670922423
0.6227272727272727,0.7863636363636363,0.7863636363636363,0.8536252099583815,0.6189874958008323,0.6189874958008323
0.95,0.5409090909090909,0.6227272727272727,0.9464866649084361,0.41938306670183123,0.41938306670183123
0.3772727272727272,0.6227272727272727,0.3772727272727272,1.010424124814104,0.6322521400889803,0.6322521400889803
0.95,0.3772727272727272,0.1318181818181818,0.8885423241649043,0.5122627535167019,0.5122627535167019
0.868181818181818,0.1318181818181818,0.7863636363636363,0.8946594017080126,0.5135252119658398,0.5135252119658398
0.7863636363636363,0.95,0.5409090909090909,0.8010606199807145,0.5166639876003858,0.5166639876003858
0.868181818181818,0.21363636363636362,0.1318181818181818,0.9028529307036922,0.5852809413859262,0.5852809413859262
0.05,0.6227272727272727,0.05,1.0086286953678543,0.5474628620743678,0.5474628620743678
0.6227272727272727,0.1318181818181818,0.5409090909090909,0.8946967198552939,0.6404352656028941,0.6404352656028941
0.5409090909090909,0.5409090909090909,0.459090909090909,0.9490835767164165,0.6545163284656716,0.6545163284656716
0.5409090909090909,0.7045454545454545,0.1318181818181818,0.8996049613223134,0.7290919007735538,0.7290919007735538
0.459090909090909,0.868181818181818,0.1318181818181818,0.8040904272070061,0.7447377914558598,0.7447377914558598
0.676985741489203,0.880249443059566,0.6865147708820587,0.8287776051599935,0.5892816478968002,0.5892816478968002
0.5409090909090909,0.7045454545454545,0.6227272727272727,0.906260351532171,0.6511387929693566,0.6511387929693566
0.7045454545454545,0.05,0.7863636363636363,0.9059918948132446,0.6113061621037352,0.6113061621037352
0.7045454545454545,0.7863636363636363,0.95,0.8434540846547856,0.5780205183069043,0.5780205183069043
0.21363636363636362,0.05,0.21363636363636362,0.8967550639505348,0.5840872987209893,0.5840872987209893
0.5438604104299275,0.6727056779234238,0.6367651335523404,0.9269331634857033,0.6507253367302859,0.6507253367302859
0.6227272727272727,0.7863636363636363,0.1318181818181818,0.8564921961648285,0.6967501560767033,0.6967501560767033
0.3772727272727272,0.21363636363636362,0.3772727272727272,0.9018830061275064,0.6227895398774499,0.6227895398774499
0.459090909090909,0.7045454545454545,0.95,0.916583543556198,0.661700729128876,0.661700729128876
0.5409090909090909,0.3772727272727272,0.3772727272727272,0.9045018727984435,0.6589751625440313,0.6589751625440313
0.7045454545454545,0.6227272727272727,0.7045454545454545,1.0055811221826527,0.5830074280233785,0.5830074280233785
0.95,0.3772727272727272,0.7045454545454545,0.9039469556116392,0.43413466088776714,0.43413466088776714
0.459090909090909,0.05,0.3772727272727272,0.8984608116682571,0.6474275837666349,0.6474275837666349
0.7863636363636363,0.459090909090909,0.7045454545454545,0.8900122060481033,0.546253755879038,0.546253755879038
0.459090909090909,0.7045454545454545,0.459090909090909,0.901160038478188,0.6620091992304363,0.6620091992304363
0.459090909090909,0.868181818181818,0.868181818181818,0.8006685137968923,0.6669862297240621,0.6669862297240621
0.5409090909090909,0.95,0.3772727272727272,0.7988692626728603,0.6465190147465428,0.6465190147465428
0.95,0.5409090909090909,0.5409090909090909,0.9354126966318694,0.41960454606736264,0.41960454606736264
0.05,0.1318181818181818,0.5409090909090909,0.9039206663236885,0.4242679866735262,0.4242679866735262
0.08669762739928752,0.5818036488694176,0.6598079256580541,0.9877179830204839,0.4686280403395903,0.4686280403395903
0.7045454545454545,0.459090909090909,0.21363636363636362,0.8898111319022253,0.6446973773619555,0.6446973773619555
0.95,0.459090909090909,0.21363636363636362,0.8788302073124014,0.479472595853752,0.479472595853752
0.7045454545454545,0.7045454545454545,0.459090909090909,0.9105321523752291,0.5810793569524955,0.5810793569524955
0.34579809083292434,0.6552666104693345,0.7271370764939119,1.0098266830434468,0.6210299523873162,0.6210299523873162
0.7863636363636363,0.95,0.459090909090909,0.8135876745897742,0.5164134465082045,0.5164134465082045
0.95,0.2954545454545454,0.7863636363636363,0.8912436435887328,0.4411891271282253,0.4411891271282253
0.8118070625610663,0.16473979609878417,0.4075585615043305,0.8997167369500333,0.5482264652609993,0.5482264652609993
0.7863636363636363,0.459090909090909,0.6227272727272727,0.8891392536437985,0.546271214927124,0.546271214927124
0.654530615965271,0.6063154164121062,0.3723464462295564,1.0066922887844723,0.6097028517336092,0.6097028517336092
0.21363636363636362,0.5409090909090909,0.05,0.9384630510192725,0.6554851389796147,0.6554851389796147
0.3880246573759496,0.1345837458567821,0.5704521268965566,0.8929605773807358,0.6245347884523853,0.6245347884523853
0.7045454545454545,0.7045454545454545,0.5409090909090909,0.9110747035373612,0.5810685059292527,0.5810685059292527
0.22638457617723065,0.09070456001948426,0.3427972976869379,0.9045581351683454,0.5525332372966332,0.5525332372966332
0.21363636363636362,0.3772727272727272,0.7045454545454545,0.892649692214477,0.5462010061557104,0.5462010061557104
0.5409090909090909,0.868181818181818,0.21363636363636362,0.7969390971008723,0.7010940180579825,0.7010940180579825
0.868181818181818,0.5409090909090909,0.5409090909090909,0.9438515335565049,0.48280616932886994,0.48280616932886994
0.95,0.95,0.3772727272727272,0.7955458081836274,0.38809988383632743,0.38809988383632743
0.868181818181818,0.6227272727272727,0.3772727272727272,1.0109775583196854,0.4748247455062654,0.4748247455062654
0.1007379469858344,0.8282501386295478,0.7816109082170697,0.8349537275069168,0.49275132544986167,0.49275132544986167
0.6227272727272727,0.5409090909090909,0.7863636363636363,0.9357278815870527,0.626213042368259,0.626213042368259
0.868181818181818,0.95,0.868181818181818,0.81389151175205,0.453870169764959,0.453870169764959
0.05,0.6227272727272727,0.1318181818181818,1.004942727354423,0.5210297279976237,0.5210297279976237
0.2954545454545454,0.6227272727272727,0.05,1.0163924268857505,0.7014704929531753,0.7014704929531753
0.3772727272727272,0.6227272727272727,0.7045454545454545,1.005134047849409,0.6323792207188347,0.6323792207188347
0.6227272727272727,0.05,0.5409090909090909,0.8938225436203537,0.6433531491275929,0.6433531491275929
0.05,0.868181818181818,0.7045454545454545,0.8088043327340005,0.45830551334532005,0.45830551334532005
0.15693612464126472,0.15577362209939438,0.6342892719044572,0.902126583200067,0.5003750683359987,0.5003750683359987
0.7045454545454545,0.05,0.05,0.8939556744916295,0.7155468865101675,0.7155468865101675
0.5409090909090909,0.21363636363636362,0.2954545454545454,0.9018988848738597,0.6881172223025227,0.6881172223025227
0.24423892474715883,0.6106014282371002,0.12681271849439119,1.003941445793249,0.6502172201450865,0.6502172201450865
0.21363636363636362,0.1318181818181818,0.6227272727272727,0.9013762116446881,0.5354256757671062,0.5354256757671062
0.21363636363636362,0.6227272727272727,0.95,1.0088552969719786,0.5532801515682868,0.5532801515682868
0.13805074458590133,0.4924542876051491,0.4761245937025091,0.9135896352176455,0.5023126072956471,0.5023126072956471
0.6227272727272727,0.868181818181818,0.459090909090909,0.8083393671910528,0.6170596126561789,0.6170596126561789
0.21363636363636362,0.95,0.5409090909090909,0.805408967039629,0.5697474206592075,0.5697474206592075
0.2954545454545454,0.459090909090909,0.21363636363636362,0.8827327316948554,0.6461057453661029,0.6461057453661029
0.868181818181818,0.95,0.05,0.7987792342217485,0.558172415315565,0.558172415315565
0.1318181818181818,0.5409090909090909,0.05,0.9408812902828039,0.6032999741943439,0.6032999741943439
0.05,0.868181818181818,0.459090909090909,0.7957928587416189,0.4585657428251676,0.4585657428251676
0.7045454545454545,0.7045454545454545,0.7863636363636363,0.8999445640544667,0.5812911087189108,0.5812911087189108
0.6306555113685048,0.20692978610449228,0.6718439642922193,0.8876839077847373,0.6351415218443054,0.6351415218443054
0.1318181818181818,0.868181818181818,0.95,0.8016425294598716,0.5156855494108026,0.5156855494108026
0.2954545454545454,0.3772727272727272,0.7863636363636363,0.9004209947687376,0.5909823801046252,0.5909823801046252
0.7045454545454545,0.3772727272727272,0.95,0.8886557238752759,0.5971848855224945,0.5971848855224945
0.3772727272727272,0.7863636363636363,0.5409090909090909,0.8539319846667692,0.6399837603066646,0.6399837603066646
0.7863636363636363,0.1318181818181818,0.7863636363636363,0.8949566201114607,0.5651228675977708,0.5651228675977708
0.868181818181818,0.2954545454545454,0.3772727272727272,0.9008996191959306,0.5022664076160814,0.5022664076160814
0.7045454545454545,0.2954545454545454,0.6227272727272727,0.8977641859291049,0.6004363162814179,0.6004363162814179
0.2954545454545454,0.3772727272727272,0.3772727272727272,0.8979844617489233,0.5910311107650216,0.5910311107650216
0.1318181818181818,0.3772727272727272,0.459090909090909,0.8881217968621076,0.4928879640627578,0.4928879640627578
0.6227272727272727,0.3772727272727272,0.21363636363636362,0.9044771344714969,0.68420805731057,0.68420805731057
0.05,0.7863636363636363,0.868181818181818,0.8542330666167425,0.4536633386676652,0.4536633386676652
0.6227272727272727,0.1318181818181818,0.3772727272727272,0.8946745340659155,0.6404357093186818,0.6404357093186818
0.7863636363636363,0.2954545454545454,0.459090909090909,0.8968362149647156,0.5557512757007058,0.5557512757007058
0.1318181818181818,0.95,0.459090909090909,0.8049024704079472,0.519053950591841,0.519053950591841
0.95,0.6227272727272727,0.7045454545454545,1.0065401136209498,0.41118324012079216,0.41118324012079216
0.2954545454545454,0.5409090909090909,0.5409090909090909,0.9332265082690345,0.5962934698346194,0.5962934698346194
0.1872851386228352,0.5686595241501318,0.5960435417445703,0.9758056064086496,0.535803887871827,0.535803887871827
0.7045454545454545,0.05,0.21363636363636362,0.9066885620442595,0.6629282287591148,0.6629282287591148
0.95,0.95,0.95,0.8082520381800671,0.38784575923639864,0.38784575923639864
0.95,0.21363636363636362,0.1318181818181818,0.9036637471016351,0.5255611250579674,0.5255611250579674
0.12221037109547798,0.5220602506132291,0.4193571442906953,0.9068909582196453,0.49251258083560706,0.49251258083560706
0.21363636363636362,0.1318181818181818,0.3772727272727272,0.9022303732252988,0.535408592535494,0.535408592535494
0.13499866468033556,0.6647060960747211,0.11406978361420608,0.9786522662847229,0.5891409546743056,0.5891409546743056
0.7863636363636363,0.459090909090909,0.5409090909090909,0.8924040625087772,0.5462059187498245,0.5462059187498245
0.7863636363636363,0.5409090909090909,0.2954545454545454,0.9403195375452822,0.5654032092490944,0.5654032092490944
0.2954545454545454,0.95,0.95,0.809740848948724,0.6119643830210255,0.6119643830210255
0.30976749791623015,0.573114399280351,0.18892644374678208,0.9615808407542277,0.6628043831849155,0.6628043831849155
0.2954545454545454,0.5409090909090909,0.7045454545454545,0.9391310859010379,0.5961753782819792,0.5961753782819792
0.5409090909090909,0.7045454545454545,0.95,0.8983839683805102,0.6512963206323898,0.6512963206323898
0.7863636363636363,0.868181818181818,0.6227272727272727,0.8077573541616584,0.5214636529167669,0.5214636529167669
0.7045454545454545,0.21363636363636362,0.95,0.8901552372706633,0.6043888952545867,0.6043888952545867
0.459090909090909,0.868181818181818,0.2954545454545454,0.8057213719491989,0.692341172561016,0.692341172561016
0.7045454545454545,0.7863636363636363,0.2954545454545454,0.8406977389797785,0.6035316452204045,0.6035316452204045
0.1318181818181818,0.868181818181818,0.459090909090909,0.8062184864406328,0.5155940302711874,0.5155940302711874
0.3772727272727272,0.3772727272727272,0.459090909090909,0.8963191466545619,0.6276680170669087,0.6276680170669087
0.6227272727272727,0.21363636363636362,0.1318181818181818,0.8869553101817502,0.716176493796365,0.716176493796365
0.1318181818181818,0.95,0.868181818181818,0.8006706781725673,0.5191385864365485,0.5191385864365485
0.5409090909090909,0.3772727272727272,0.5409090909090909,0.8985130308995208,0.6590949393820097,0.6590949393820097
0.21363636363636362,0.1318181818181818,0.05,0.8998071471711471,0.639457057056577,0.639457057056577
0.868181818181818,0.2954545454545454,0.1318181818181818,0.8880321970814227,0.5803437560583715,0.5803437560583715
0.8719164973008241,0.510208158974844,0.5013646652184796,0.9100668272335918,0.48318186345532815,0.48318186345532815
0.05,0.459090909090909,0.459090909090909,0.8847452028039184,0.43885229594392156,0.43885229594392156
0.05,0.21363636363636362,0.2954545454545454,0.892945934939284,0.4533102813012143,0.4533102813012143
0.5409090909090909,0.21363636363636362,0.21363636363636362,0.8920687198004336,0.7144938256039913,0.7144938256039913
0.37726664214136457,0.9246038744488645,0.9162025654479,0.8061845103666401,0.6441391097926672,0.6441391097926672
0.5967903667112945,0.20347171131856237,0.10854643368675156,0.8865089137735354,0.7329306217245294,0.7329306217245294
0.7045454545454545,0.5409090909090909,0.1318181818181818,0.9505862727647961,0.6662322745447041,0.6662322745447041
0.1318181818181818,0.6227272727272727,0.21363636363636362,1.019520176099952,0.5526998915218893,0.5526998915218893
0.2954545454545454,0.459090909090909,0.95,0.8926220874383223,0.5942719582512336,0.5942719582512336
0.7045454545454545,0.459090909090909,0.2954545454545454,0.888155492495345,0.6185504901500932,0.6185504901500932
0.7863636363636363,0.459090909090909,0.05,0.8723126103161628,0.6506077477936768,0.6506077477936768
0.868181818181818,0.05,0.868181818181818,0.9063320773166409,0.5191921584536672,0.5191921584536672
0.5391975750025897,0.8658248998680922,0.6118141963225928,0.7973565928201061,0.6494496681435978,0.6494496681435978
0.5409090909090909,0.95,0.7045454545454545,0.81089069431986,0.6462785861136028,0.6462785861136028
0.459090909090909,0.7863636363636363,0.7045454545454545,0.8453824838149749,0.6644583503237006,0.6644583503237006
0.09651354905174693,0.5282191684113331,0.5365716094490958,0.848123774383732,0.47605352451232524,0.47605352451232524
0.21363636363636362,0.6227272727272727,0.21363636363636362,1.0140179981343982,0.6049188380614912,0.6049188380614912
0.7863636363636363,0.6227272727272727,0.95,1.019859187548527,0.5331602529557612,0.5331602529557612
0.21363636363636362,0.2954545454545454,0.7863636363636363,0.8881075792127519,0.5428582484157449,0.5428582484157449
0.8483777818386055,0.7518879912718615,0.627828481538859,0.8646962983115928,0.4837892740337682,0.4837892740337682
0.8177085099206239,0.3150040028626271,0.3965879557417327,0.8984386360413273,0.5351844272791735,0.5351844272791735
0.2954545454545454,0.2954545454545454,0.7863636363636363,0.8955562265911406,0.5882460754681772,0.5882460754681772
0.459090909090909,0.21363636363636362,0.6227272727272727,0.9060315575012106,0.6511433688499758,0.6511433688499758
0.05,0.7045454545454545,0.2954545454545454,0.906852991738205,0.4747001401652359,0.4747001401652359
0.10227525095137951,0.8295585311974416,0.5910035105688879,0.8502085733980056,0.4933462285320398,0.4933462285320398
0.5409090909090909,0.05,0.21363636363636362,0.9015760935279578,0.7172708781294409,0.7172708781294409
0.5409090909090909,0.2954545454545454,0.868181818181818,0.9007421725468368,0.6603839565490632,0.6603839565490632
0.7863636363636363,0.21363636363636362,0.5409090909090909,0.9049215672838506,0.5605899686543231,0.5605899686543231
0.2954545454545454,0.7045454545454545,0.1318181818181818,0.9109848430194668,0.6802255031396106,0.6802255031396106
0.3772727272727272,0.459090909090909,0.05,0.868974082396792,0.7347485183520642,0.7347485183520642
0.1318181818181818,0.2954545454545454,0.459090909090909,0.9031856072587252,0.48951988785482553,0.48951988785482553
0.7863636363636363,0.95,0.1318181818181818,0.8011894775166205,0.5944814104496676,0.5944814104496676
0.7863636363636363,0.7863636363636363,0.5409090909090909,0.8484614920489821,0.5262499701590204,0.5262499701590204
0.5409090909090909,0.459090909090909,0.6227272727272727,0.8901158113988523,0.657329283772023,0.657329283772023
0.07188436978830845,0.630925066316451,0.20939961146634403,1.0026805390816578,0.5127043551476619,0.5127043551476619
0.3772727272727272,0.05,0.1318181818181818,0.8991017511969324,0.6955979649760613,0.6955979649760613
0.7863636363636363,0.7045454545454545,0.868181818181818,0.9052992846783406,0.5307136143064333,0.5307136143064333
0.6227272727272727,0.95,0.05,0.8056273884158297,0.7176134522316835,0.7176134522316835
0.21363636363636362,0.868181818181818,0.95,0.797891968712199,0.566764160625756,0.566764160625756
0.3772727272727272,0.21363636363636362,0.6227272727272727,0.9006138614848281,0.6228149227703034,0.6228149227703034
0.7863636363636363,0.3772727272727272,0.3772727272727272,0.8979997270826362,0.5507276054583472,0.5507276054583472
0.1318181818181818,0.05,0.6227272727272727,0.8923155850193909,0.4789032882996122,0.4789032882996122
0.7045454545454545,0.95,0.459090909090909,0.7981955901568739,0.5704916881968626,0.5704916881968626
0.2954545454545454,0.7045454545454545,0.2954545454545454,0.9046756002887801,0.6279876879942244,0.6279876879942244
0.459090909090909,0.05,0.95,0.8964064548990178,0.6474686709020198,0.6474686709020198
0.7863636363636363,0.2954545454545454,0.95,0.8984439082667922,0.5557191218346642,0.5557191218346642
0.95,0.1318181818181818,0.7863636363636363,0.9006863861414921,0.4546010722771702,0.4546010722771702
0.21363636363636362,0.7863636363636363,0.6227272727272727,0.848134015788033,0.5626257196842395,0.5626257196842395
0.05,0.1318181818181818,0.95,0.8935089639664837,0.4244762207206703,0.4244762207206703
0.95,0.6227272727272727,0.05,1.013557498625739,0.5154848624226005,0.5154848624226005
0.1318181818181818,0.1318181818181818,0.21363636363636362,0.8870399594884164,0.5337116008102317,0.5337116008102317
0.459090909090909,0.95,0.7863636363636363,0.7979812571005966,0.6683735748579882,0.6683735748579882
0.5409090909090909,0.2954545454545454,0.21363636363636362,0.8968110783976203,0.7120985784320476,0.7120985784320476
0.7863636363636363,0.95,0.7045454545454545,0.8122281050362113,0.5164406378992757,0.5164406378992757
0.05,0.6227272727272727,0.7045454545454545,1.0175636660241123,0.4433082653514647,0.4433082653514647
0.2954545454545454,0.1318181818181818,0.05,0.8852149999173602,0.6868525000016529,0.6868525000016529
0.05,0.21363636363636362,0.868181818181818,0.8959939010290863,0.4277933219794183,0.4277933219794183
0.459090909090909,0.21363636363636362,0.868181818181818,0.8959095956977977,0.6513458080860441,0.6513458080860441
0.5409090909090909,0.3772727272727272,0.95,0.8893127169158742,0.6592789456616827,0.6592789456616827
0.6227272727272727,0.5409090909090909,0.21363636363636362,0.9331492523707512,0.677900614952585,0.677900614952585
0.5409090909090909,0.05,0.7045454545454545,0.9059230588418273,0.6655479388231634,0.6655479388231634
0.21363636363636362,0.1318181818181818,0.95,0.8992139746358526,0.5354689205072829,0.5354689205072829
0.2954545454545454,0.7863636363636363,0.7045454545454545,0.8411357857624365,0.6066360842847512,0.6066360842847512
0.9225233899478319,0.8289564133045821,0.7853648638543519,0.8403358525271437,0.41963928294945707,0.41963928294945707
0.868181818181818,0.1318181818181818,0.868181818181818,0.8980449785006193,0.5134575004299876,0.5134575004299876
0.21363636363636362,0.1318181818181818,0.5409090909090909,0.8935637057213071,0.5355819258855739,0.5355819258855739
0.1318181818181818,0.95,0.95,0.8006241479153939,0.519139517041692,0.519139517041692
0.3772727272727272,0.7863636363636363,0.868181818181818,0.850104141370576,0.6400603171725884,0.6400603171725884
0.21363636363636362,0.1318181818181818,0.7045454545454545,0.8963608077053842,0.5355259838458922,0.5355259838458922
0.3772727272727272,0.7863636363636363,0.05,0.8493115284265771,0.7440761694314685,0.7440761694314685
0.459090909090909,0.21363636363636362,0.459090909090909,0.8919227300382739,0.6514255453992345,0.6514255453992345
0.868181818181818,0.05,0.05,0.900338792745753,0.623312024145085,0.623312024145085
0.4604629857953323,0.7566583652537122,0.22970640394252376,0.8661681608132109,0.7105346367837359,0.7105346367837359
0.5409090909090909,0.2954545454545454,0.7045454545454545,0.903150649505434,0.6603357870098913,0.6603357870098913
0.6164587743217362,0.6761738200861553,0.4590869582909959,1.0179081389422642,0.622362677061622,0.622362677061622
0.6227272727272727,0.21363636363636362,0.2954545454545454,0.8963549232264156,0.6636245015354716,0.6636245015354716
0.8648437787773372,0.1321580091075202,0.33738227383137337,0.8915502064296098,0.5277901958714079,0.5277901958714079
0.5409090909090909,0.7863636363636363,0.459090909090909,0.8453667109245195,0.6504230657815097,0.6504230657815097
0.5409090909090909,0.7045454545454545,0.868181818181818,0.9106987126120342,0.6510500257477594,0.6510500257477594
0.05,0.1318181818181818,0.1318181818181818,0.8938007965032869,0.5022903840699342,0.5022903840699342
0.5409090909090909,0.05,0.7863636363636363,0.88683270422172,0.6659297459155656,0.6659297459155656
0.459090909090909,0.6227272727272727,0.3772727272727272,1.0013520455962241,0.6581635835984084,0.6581635835984084
0.6227272727272727,0.95,0.868181818181818,0.8074925171887993,0.613576149656224,0.613576149656224
0.2954545454545454,0.5409090909090909,0.868181818181818,0.9436289800929538,0.5960854203981409,0.5960854203981409
0.5409090909090909,0.21363636363636362,0.5409090909090909,0.8962588508815348,0.6627740229823692,0.6627740229823692
0.21363636363636362,0.868181818181818,0.1318181818181818,0.8110536888077701,0.6443209262238446,0.6443209262238446
0.7863636363636363,0.5409090909090909,0.1318181818181818,0.9415804849649639,0.6177419903007008,0.6177419903007008
0.5409090909090909,0.21363636363636362,0.95,0.8911438636757127,0.6628763227264857,0.6628763227264857
0.868181818181818,0.05,0.2954545454545454,0.8922545090373536,0.5449297098192529,0.5449297098192529
0.7045454545454545,0.5409090909090909,0.6227272727272727,0.9461053435483909,0.5885018931290322,0.5885018931290322
0.7863636363636363,0.5409090909090909,0.868181818181818,0.9482488690576524,0.539788622618847,0.539788622618847
0.5881099809299766,0.8796868115208051,0.12964325184672754,0.8281287578908377,0.7091146248421833,0.7091146248421833
0.21363636363636362,0.6227272727272727,0.868181818181818,1.0201144653288101,0.5536701414054801,0.5536701414054801
0.868181818181818,0.95,0.459090909090909,0.8047807784122579,0.45405238443175483,0.45405238443175483
0.05,0.7863636363636363,0.21363636363636362,0.8368173286605505,0.5056476534267891,0.5056476534267891
0.7863636363636363,0.21363636363636362,0.95,0.9012593572474874,0.5606632128550504,0.5606632128550504
0.7863636363636363,0.459090909090909,0.3772727272727272,0.8869750196747859,0.5463144996065042,0.5463144996065042
0.2954545454545454,0.868181818181818,0.05,0.7971171851309801,0.7133832562973805,0.7133832562973805
0.1318181818181818,0.5409090909090909,0.5409090909090909,0.9510252558222991,0.49909709488355397,0.49909709488355397
0.6227272727272727,0.6227272727272727,0.3772727272727272,1.01738185718343,0.6223451246922636,0.6223451246922636
0.459090909090909,0.3772727272727272,0.459090909090909,0.8948490649506665,0.6549342187009866,0.6549342187009866
0.05,0.05,0.7045454545454545,0.8922219528167138,0.4207683609436657,0.4207683609436657
0.868181818181818,0.2954545454545454,0.5409090909090909,0.9017718291862147,0.5022489634162757,0.5022489634162757
0.21363636363636362,0.21363636363636362,0.3772727272727272,0.9051763932799194,0.5387832721344017,0.5387832721344017
0.21363636363636362,0.95,0.6227272727272727,0.8138684203102445,0.5695782315937952,0.5695782315937952
0.7863636363636363,0.2954545454545454,0.5409090909090909,0.9052583982908632,0.5555828320341828,0.5555828320341828
0.05,0.7045454545454545,0.7863636363636363,0.8990315095020737,0.44940056980995846,0.44940056980995846
0.868181818181818,0.5409090909090909,0.459090909090909,0.9450983749048489,0.482781232501903,0.482781232501903
0.05,0.95,0.868181818181818,0.7974417596561826,0.4615995648068763,0.4615995648068763
0.05,0.868181818181818,0.1318181818181818,0.814481423943534,0.5360119715211293,0.5360119715211293
0.05,0.6227272727272727,0.459090909090909,1.020441340403294,0.443458764036974,0.443458764036974
0.5409090909090909,0.05,0.5409090909090909,0.8967720792796038,0.6657309584144079,0.6657309584144079
0.7045454545454545,0.2954545454545454,0.1318181818181818,0.9056906504044892,0.6780977869919103,0.6780977869919103
0.9086459245328501,0.595557171005792,0.2557785249531164,1.000439694835052,0.485228441201698,0.485228441201698
0.6227272727272727,0.7863636363636363,0.868181818181818,0.8530700248121726,0.6189985995037565,0.6189985995037565
0.7863636363636363,0.5409090909090909,0.459090909090909,0.9516886981227917,0.5397198260375442,0.5397198260375442
0.05,0.7863636363636363,0.6227272727272727,0.8449852101184138,0.45384829579763175,0.45384829579763175
0.7863636363636363,0.7863636363636363,0.6227272727272727,0.8436520009549692,0.5263461599809007,0.5263461599809007
0.7045454545454545,0.868181818181818,0.05,0.7950973239007572,0.679254053521985,0.679254053521985
0.1318181818181818,0.5409090909090909,0.7045454545454545,0.935533195978029,0.49940693608043935,0.49940693608043935
0.05,0.05,0.1318181818181818,0.9001910946010127,0.4984289781079798,0.4984289781079798
0.1318181818181818,0.7045454545454545,0.1318181818181818,0.9122167880511332,0.5844936642389773,0.5844936642389773
0.95,0.1318181818181818,0.6227272727272727,0.899585393237614,0.45462309213524776,0.45462309213524776
0.8528418996594019,0.6180247633975365,0.7653301731874835,1.0155530483766935,0.48755861552296537,0.48755861552296537
0.3772727272727272,0.7045454545454545,0.05,0.9088303708286454,0.7406521925834271,0.7406521925834271
0.7863636363636363,0.95,0.7863636363636363,0.8107868314570226,0.5164694633708595,0.5164694633708595
0.95,0.3772727272727272,0.459090909090909,0.8893658895112211,0.4344262822097755,0.4344262822097755
0.3772727272727272,0.1318181818181818,0.2954545454545454,0.8913810598098446,0.645921978803803,0.645921978803803
0.7863636363636363,0.7863636363636363,0.3772727272727272,0.8535316198859989,0.5261485676022801,0.5261485676022801
0.5409090909090909,0.21363636363636362,0.05,0.8878524923178093,0.7669421501536438,0.7669421501536438
0.147102284293974,0.07828626711806083,0.6227693701374023,0.8979064682792216,0.4905254706344156,0.4905254706344156
0.3703754107861354,0.7320614994179322,0.06295413976678028,0.8584595454077948,0.7355820090918442,0.7355820090918442
0.8225714766587106,0.43609462463751647,0.7257839610123475,0.9025499385548749,0.5236014012289025,0.5236014012289025
0.1318181818181818,0.459090909090909,0.7863636363636363,0.8884019610688901,0.4966159607786222,0.4966159607786222
0.459090909090909,0.3772727272727272,0.868181818181818,0.9067874213848881,0.6546954515723021,0.6546954515723021
0.95,0.6227272727272727,0.6227272727272727,1.0136225532787775,0.4111474247531651,0.4111474247531651
0.459090909090909,0.5409090909090909,0.7045454545454545,0.9484344224408464,0.6571297115511832,0.6571297115511832
0.459090909090909,0.05,0.7045454545454545,0.9042294472152248,0.6473122110556956,0.6473122110556956
0.868181818181818,0.6227272727272727,0.21363636363636362,1.013797814532716,0.5267427825034093,0.5267427825034093
0.1318181818181818,0.1318181818181818,0.7863636363636363,0.8926133612102253,0.4819641327757955,0.4819641327757955
0.3772727272727272,0.21363636363636362,0.5409090909090909,0.8909465943048326,0.6230082681139033,0.6230082681139033
0.21363636363636362,0.3772727272727272,0.1318181818181818,0.9020054117430489,0.623833891765139,0.623833891765139
0.1318181818181818,0.868181818181818,0.7863636363636363,0.7981995886166707,0.5157544082276666,0.5157544082276666
0.05,0.459090909090909,0.95,0.8836818371533323,0.43887356325693333,0.43887356325693333
0.6471515921972502,0.05455542546159682,0.19472724627574878,0.8899455905031762,0.6918174881899365,0.6918174881899365
0.6227272727272727,0.5409090909090909,0.6227272727272727,0.9356118253118626,0.6262153634937628,0.6262153634937628
0.21363636363636362,0.7045454545454545,0.868181818181818,0.9043174623613652,0.5587352507527726,0.5587352507527726
0.3772727272727272,0.05,0.6227272727272727,0.8927367068549582,0.6179052658629007,0.6179052658629007
0.3514150531913775,0.17534486539704852,0.7646226703432663,0.9003715561468502,0.610151768877063,0.610151768877063
0.3611263941535275,0.21343794512128308,0.8676055052002655,0.906542316938269,0.6153955536612347,0.6153955536612347
0.2954545454545454,0.459090909090909,0.7045454545454545,0.8780651893368991,0.5945630962132621,0.5945630962132621
0.6227272727272727,0.05,0.459090909090909,0.902337631661268,0.6431828473667746,0.6431828473667746
0.459090909090909,0.05,0.459090909090909,0.898558414237125,0.6474256317152576,0.6474256317152576
0.5409090909090909,0.6227272727272727,0.6227272727272727,1.0069659497445826,0.6508360059971652,0.6508360059971652
0.6227272727272727,0.05,0.7045454545454545,0.8931570002606227,0.6433664599947875,0.6433664599947875
0.868181818181818,0.21363636363636362,0.95,0.8873865144213599,0.5077702697115728,0.5077702697115728
0.7045454545454545,0.7045454545454545,0.95,0.9060636044907323,0.5811687279101854,0.5811687279101854
0.3710779940242303,0.30284105871864264,0.5384264748424236,0.8993365807302877,0.6228404683853942,0.6228404683853942
0.1318181818181818,0.459090909090909,0.1318181818181818,0.8863570992128114,0.5744768580157438,0.5744768580157438
0.459090909090909,0.1318181818181818,0.1318181818181818,0.8988859770770898,0.7271726804584582,0.7271726804584582
0.4353657334855829,0.9199893371393025,0.9172579793803275,0.7961914655158023,0.6618081706896839,0.6618081706896839
0.2954545454545454,0.6227272727272727,0.868181818181818,1.0046618758970185,0.5973976776983981,0.5973976776983981
0.7863636363636363,0.6227272727272727,0.1318181818181818,1.0041375182065924,0.6109156178080173,0.6109156178080173
0.5409090909090909,0.21363636363636362,0.868181818181818,0.8961916295598197,0.6627753674088035,0.6627753674088035
0.21363636363636362,0.6227272727272727,0.459090909090909,1.000423787726269,0.5533914722562994,0.5533914722562994
0.21506405886809044,0.32381801866358395,0.522280788469014,0.9047336232512129,0.5443925275349758,0.5443925275349758
0.5409090909090909,0.6227272727272727,0.95,1.0165179235041366,0.6510919883017173,0.6510919883017173
0.95,0.05,0.21363636363636362,0.8892524236448516,0.5132661515271031,0.5132661515271031
0.21363636363636362,0.7045454545454545,0.21363636363636362,0.916837595898597,0.610120848082028,0.610120848082028
0.1318181818181818,0.3772727272727272,0.5409090909090909,0.9000416045445815,0.4926495679091083,0.4926495679091083
0.6227272727272727,0.2954545454545454,0.5409090909090909,0.8975991896981784,0.6352432162060366,0.6352432162060366
0.3772727272727272,0.1318181818181818,0.21363636363636362,0.889222509640832,0.6721451498071833,0.6721451498071833
0.2954545454545454,0.6227272727272727,0.2954545454545454,1.021767286251224,0.6231804241912814,0.6231804241912814
0.5409090909090909,0.868181818181818,0.05,0.8006681806743648,0.7533834363865128,0.7533834363865128
0.21363636363636362,0.95,0.7863636363636363,0.7964277510655684,0.5699270449786886,0.5699270449786886
0.6227272727272727,0.5409090909090909,0.2954545454545454,0.9340215527140459,0.6517031689457191,0.6517031689457191
0.1318181818181818,0.459090909090909,0.2954545454545454,0.8796080540126907,0.5222478389197461,0.5222478389197461
0.2954545454545454,0.3772727272727272,0.95,0.8894473637447041,0.591201852725106,0.591201852725106
0.9025550056506337,0.18801626280447217,0.5776068488151175,0.896656525666088,0.4856168694866782,0.4856168694866782
0.459090909090909,0.459090909090909,0.95,0.8752913531487109,0.6569589729370259,0.6569589729370259
0.459090909090909,0.5409090909090909,0.05,0.9418658394168749,0.7612610832116625,0.7612610832116625
0.6227272727272727,0.05,0.05,0.8881157630138738,0.7474672847397226,0.7474672847397226
0.7045454545454545,0.21363636363636362,0.868181818181818,0.9062923369911915,0.6040661532601761,0.6040661532601761
0.7045454545454545,0.21363636363636362,0.7863636363636363,0.9026093064898438,0.6041398138702031,0.6041398138702031
0.7766961396476562,0.8564821699311438,0.33620312747467745,0.8346320850735022,0.54110935829853,0.54110935829853
0.868181818181818,0.05,0.5409090909090909,0.90018241927092,0.5193151516145816,0.5193151516145816
0.7045454545454545,0.868181818181818,0.7045454545454545,0.8048789323629254,0.5750584213527415,0.5750584213527415
0.05,0.5409090909090909,0.95,0.9458838653863185,0.4413631226922737,0.4413631226922737
0.5409090909090909,0.05,0.3772727272727272,0.8917931108227865,0.6658305377835443,0.6658305377835443
0.21363636363636362,0.1318181818181818,0.21363636363636362,0.9043053199513637,0.5870030936009727,0.5870030936009727
0.05,0.1318181818181818,0.7045454545454545,0.9061960002088522,0.42422247999582297,0.42422247999582297
0.533395887636693,0.5781570062187912,0.720895526765897,0.9825749392641417,0.6548133012147173,0.6548133012147173
0.868181818181818,0.868181818181818,0.459090909090909,0.8012259094847455,0.46062388181030506,0.46062388181030506
0.37677406675877156,0.6313255171984411,0.5637004742020206,1.014468603748852,0.6318696733777321,0.6318696733777321
0.6227272727272727,0.2954545454545454,0.1318181818181818,0.8941739550009735,0.7131317208999807,0.7131317208999807
0.4384935916067114,0.16482227251600737,0.305398315218852,0.8883772872895962,0.666034054254208,0.666034054254208
0.5409090909090909,0.7863636363636363,0.1318181818181818,0.8475525677637122,0.7281993486447257,0.7281993486447257
0.7045454545454545,0.05,0.1318181818181818,0.8937277376154432,0.6893714452476912,0.6893714452476912
0.5409090909090909,0.1318181818181818,0.6227272727272727,0.8984379167330736,0.6643640416653386,0.6643640416653386
0.6227272727272727,0.6227272727272727,0.5409090909090909,1.0066925219333605,0.6221603159439162,0.6221603159439162
0.1318181818181818,0.1318181818181818,0.05,0.8921124416220799,0.5859741511675584,0.5859741511675584
0.459090909090909,0.5409090909090909,0.3772727272727272,0.9512214934172527,0.657073970131655,0.657073970131655
0.5409090909090909,0.1318181818181818,0.868181818181818,0.901848500133984,0.6642958299973203,0.6642958299973203
0.7045454545454545,0.95,0.868181818181818,0.8069901137246189,0.5703157977255077,0.5703157977255077
0.95,0.1318181818181818,0.21363636363636362,0.8985812729584346,0.5062791745408314,0.5062791745408314
0.21363636363636362,0.7863636363636363,0.05,0.8331979181327092,0.6669244416373459,0.6669244416373459
0.868181818181818,0.459090909090909,0.21363636363636362,0.8767321117214218,0.5419849577655715,0.5419849577655715
0.2954545454545454,0.5409090909090909,0.95,0.9397821779492012,0.596162356441016,0.596162356441016
0.19079333840397744,0.2752186083481358,0.5443039982355083,0.8991753178418476,0.527402493643163,0.527402493643163
0.868181818181818,0.2954545454545454,0.21363636363636362,0.8953773568883245,0.5540128528622335,0.5540128528622335
0.2954545454545454,0.95,0.459090909090909,0.8061026341998416,0.6120371473160032,0.6120371473160032
0.2954545454545454,0.21363636363636362,0.21363636363636362,0.8972236034473542,0.6367151279310529,0.6367151279310529
0.18537520199317536,0.5847176438169216,0.39280177096791935,0.9579399678935675,0.5355612006421286,0.5355612006421286
0.05,0.5409090909090909,0.5409090909090909,0.9366865921650482,0.44154706815669903,0.44154706815669903
0.5409090909090909,0.1318181818181818,0.21363636363636362,0.9002189798515796,0.7159644204029685,0.7159644204029685
0.6227272727272727,0.3772727272727272,0.05,0.8864072306484416,0.7369334553870311,0.7369334553870311
0.5409090909090909,0.2954545454545454,0.5409090909090909,0.8871845133499512,0.6606551097330009,0.6606551097330009
0.868181818181818,0.868181818181818,0.868181818181818,0.8022074992668996,0.460604250014662,0.460604250014662
0.6227272727272727,0.1318181818181818,0.868181818181818,0.9023915994677745,0.6402813680106445,0.6402813680106445
0.2954545454545454,0.21363636363636362,0.2954545454545454,0.8975328025979921,0.6105289439480401,0.6105289439480401
0.21363636363636362,0.6227272727272727,0.7045454545454545,1.0057374942307904,0.5533668480325454,0.5533668480325454
0.5409090909090909,0.5409090909090909,0.95,0.9377912503378225,0.6547421749932435,0.6547421749932435
0.95,0.95,0.2954545454545454,0.7989085058115987,0.413488629883768,0.413488629883768
0.8945064111389339,0.2131097595490941,0.10984664063009975,0.9006220947215933,0.5744191581055681,0.5744191581055681
0.3772727272727272,0.95,0.6227272727272727,0.8079866705480834,0.6450698665890383,0.6450698665890383
0.4933562845935826,0.3458764492587574,0.6200607688850531,0.8987468308480127,0.6633910633830398,0.6633910633830398
0.3772727272727272,0.7863636363636363,0.21363636363636362,0.8523657377923091,0.6916510852441538,0.6916510852441538
0.3772727272727272,0.868181818181818,0.6227272727272727,0.8127535210739657,0.6430409295785207,0.6430409295785207
0.7045454545454545,0.95,0.7863636363636363,0.8116786737052856,0.5702220265258944,0.5702220265258944
0.21363636363636362,0.1318181818181818,0.459090909090909,0.8978828486970671,0.5354955430260586,0.5354955430260586
0.1318181818181818,0.459090909090909,0.459090909090909,0.8755851034933805,0.4968722979301324,0.4968722979301324
0.868181818181818,0.3772727272727272,0.2954545454545454,0.8924999798191783,0.5216900004036165,0.5216900004036165
0.2954545454545454,0.2954545454545454,0.459090909090909,0.8913109343115684,0.5883309813137686,0.5883309813137686
0.05,0.1318181818181818,0.7863636363636363,0.9065163640068569,0.42421607271986284,0.42421607271986284
0.868181818181818,0.7045454545454545,0.7045454545454545,0.9152651374906522,0.471343897250187,0.471343897250187
0.5409090909090909,0.1318181818181818,0.7863636363636363,0.9044447810674469,0.6642439043786511,0.6642439043786511
0.95,0.7045454545454545,0.5409090909090909,0.9026439212326359,0.40665912157534734,0.40665912157534734
0.5409090909090909,0.3772727272727272,0.459090909090909,0.8993480812660173,0.6590782383746797,0.6590782383746797
0.95,0.6227272727272727,0.459090909090909,1.0008709908275133,0.41123770317482683,0.41123770317482683
0.8294575005503675,0.09069680309557046,0.0737302770475268,0.8833183468597176,0.6390620330628057,0.6390620330628057
0.1318181818181818,0.2954545454545454,0.95,0.90344028963056,0.48951479420738886,0.48951479420738886
0.3726191556898453,0.15428215357261674,0.8267930832880341,0.906773003128007,0.6188913399374399,0.6188913399374399
0.7863636363636363,0.3772727272727272,0.2954545454545454,0.8960688638461615,0.5762222227230768,0.5762222227230768
0.7045454545454545,0.7863636363636363,0.459090909090909,0.855169185750394,0.577786216284992,0.577786216284992
0.2954545454545454,0.3772727272727272,0.2954545454545454,0.8974364256282201,0.6164980714874355,0.6164980714874355
0.5409090909090909,0.3772727272727272,0.2954545454545454,0.8927927409112368,0.6846653451817752,0.6846653451817752
0.7045454545454545,0.459090909090909,0.6227272727272727,0.8896444958577198,0.5930647100828457,0.5930647100828457
0.1318181818181818,0.95,0.1318181818181818,0.8115239000738977,0.596741521998522,0.596741521998522
0.5409090909090909,0.868181818181818,0.3772727272727272,0.8067869773515315,0.6492610604529695,0.6492610604529695
0.868181818181818,0.1318181818181818,0.7045454545454545,0.8916760229541015,0.513584879540918,0.513584879540918
0.4718238438154732,0.4233375521038986,0.2960663647376356,0.8924982088971185,0.6844752358220577,0.6844752358220577
0.95,0.3772727272727272,0.21363636363636362,0.8882739471493305,0.48608412105701343,0.48608412105701343
0.2954545454545454,0.95,0.6227272727272727,0.7962310527235652,0.6122345789455287,0.6122345789455287
0.5409090909090909,0.868181818181818,0.7863636363636363,0.7976959445776867,0.6494428811084463,0.6494428811084463
0.08361336987429298,0.7903405045936923,0.37417157727013656,0.856399283015877,0.47801881433968246,0.47801881433968246
0.7863636363636363,0.7863636363636363,0.21363636363636362,0.8477246032528919,0.5779007079349422,0.5779007079349422
0.3772727272727272,0.05,0.7863636363636363,0.9001252973684243,0.6177574940526314,0.6177574940526314
0.868181818181818,0.95,0.5409090909090909,0.8047607462340394,0.45405278507531927,0.45405278507531927
0.2954545454545454,0.21363636363636362,0.868181818181818,0.8897608391028108,0.5852283832179438,0.5852283832179438
0.7863636363636363,0.3772727272727272,0.459090909090909,0.8925952612139385,0.5508356947757213,0.5508356947757213
0.5409090909090909,0.95,0.95,0.8122521067236227,0.6462513578655276,0.6462513578655276
0.3772727272727272,0.7045454545454545,0.21363636363636362,0.9098861593352072,0.6882670768132958,0.6882670768132958
0.19509915852860396,0.8867278871083156,0.7773083416079752,0.8104220956016976,0.5568795580879661,0.5568795580879661
0.459090909090909,0.95,0.2954545454545454,0.8099577329459823,0.6935900453410804,0.6935900453410804
0.2954545454545454,0.1318181818181818,0.2954545454545454,0.887672135925952,0.6082593572814808,0.6082593572814808
0.7863636363636363,0.868181818181818,0.7863636363636363,0.8014296711124176,0.5215902065777517,0.5215902065777517
0.95,0.6227272727272727,0.5409090909090909,1.0214740061809895,0.4111902284310178,0.4111902284310178
0.95,0.2954545454545454,0.2954545454545454,0.8985460543608522,0.4664990789127829,0.4664990789127829
0.21363636363636362,0.459090909090909,0.95,0.8751814311862919,0.5493171713762741,0.5493171713762741
0.05,0.1318181818181818,0.3772727272727272,0.8918097831822558,0.42451020433635483,0.42451020433635483
0.7045454545454545,0.7045454545454545,0.7045454545454545,0.9006164724196395,0.5812776705516073,0.5812776705516073
0.95,0.95,0.6227272727272727,0.8132500684015399,0.3877457986319692,0.3877457986319692
0.6227272727272727,0.459090909090909,0.1318181818181818,0.892466752816493,0.70809866494367,0.70809866494367
0.7045454545454545,0.6227272727272727,0.95,1.0224683015324727,0.5828288988474387,0.5828288988474387
0.21363636363636362,0.05,0.5409090909090909,0.8985096922724893,0.5324162061545502,0.5324162061545502
0.3772727272727272,0.1318181818181818,0.05,0.8936094675379758,0.7244214106492405,0.7244214106492405
0.7045454545454545,0.868181818181818,0.7863636363636363,0.8019900924315188,0.5751161981513696,0.5751161981513696
0.7863636363636363,0.95,0.05,0.8030921272025133,0.6206233574559498,0.6206233574559498
0.07281566907391177,0.9163835732101324,0.8023821084609851,0.7848692577142694,0.4770186148457145,0.4770186148457145
0.7863636363636363,0.95,0.3772727272727272,0.8094666087851646,0.5164958678242967,0.5164958678242967
0.3772727272727272,0.6227272727272727,0.95,1.0018038233740172,0.6322519907803629,0.6322519907803629
0.21363636363636362,0.95,0.459090909090909,0.8048944685770506,0.569757710628459,0.569757710628459
0.2954545454545454,0.7045454545454545,0.5409090909090909,0.9086074444364702,0.6024530511112707,0.6024530511112707
0.6227272727272727,0.2954545454545454,0.868181818181818,0.8876395609246067,0.6354424087815079,0.6354424087815079
0.606396256984635,0.14101040851051122,0.12569612550349768,0.8949262065651058,0.7253406758686978,0.7253406758686978
0.459090909090909,0.7045454545454545,0.7863636363636363,0.9086534435101165,0.6618593311297977,0.6618593311297977
0.7863636363636363,0.95,0.2954545454545454,0.8036996899612354,0.5420672062007753,0.5420672062007753
0.05,0.95,0.05,0.8018958150819782,0.5655104836983604,0.5655104836983604
0.82084085706949,0.6428242684570504,0.1966409843732867,1.010315271898056,0.5657758490996201,0.5657758490996201
0.6763767854843281,0.41805764997284284,0.20596488806376118,0.891873434733958,0.6628469313053208,0.6628469313053208
0.21363636363636362,0.95,0.1318181818181818,0.7963782749078754,0.6477480345018425,0.6477480345018425
0.1318181818181818,0.2954545454545454,0.868181818181818,0.9021593454902321,0.48954041309019536,0.48954041309019536
0.21363636363636362,0.459090909090909,0.6227272727272727,0.884372494874284,0.5491333501025143,0.5491333501025143
0.868181818181818,0.95,0.7045454545454545,0.8076904361943678,0.4539941912761127,0.4539941912761127
0.7863636363636363,0.5409090909090909,0.05,0.94072444836085,0.6439391110327831,0.6439391110327831
0.2954545454545454,0.868181818181818,0.3772727272727272,0.8140262604939826,0.6090450747901204,0.6090450747901204
0.21363636363636362,0.5409090909090909,0.21363636363636362,0.9340841761419617,0.6032087164771608,0.6032087164771608
0.2713619555460573,0.19461323593360008,0.2179103216461752,0.8960196216217444,0.6219368075675651,0.6219368075675651
0.459090909090909,0.6227272727272727,0.95,1.0153449350526194,0.6583100565192355,0.6583100565192355
0.2954545454545454,0.95,0.5409090909090909,0.8042153944067221,0.6120748921118656,0.6120748921118656
0.21363636363636362,0.459090909090909,0.3772727272727272,0.8877356807357876,0.5490660863852842,0.5490660863852842
0.05,0.6227272727272727,0.6227272727272727,1.0135366082244197,0.44321584158703536,0.44321584158703536
0.7045454545454545,0.2954545454545454,0.2954545454545454,0.9066199738472395,0.6257152005230552,0.6257152005230552
0.21363636363636362,0.2954545454545454,0.95,0.896831871133048,0.542683762577339,0.542683762577339
0.7045454545454545,0.1318181818181818,0.5409090909090909,0.8990767577985068,0.6076440648440299,0.6076440648440299
0.868181818181818,0.3772727272727272,0.6227272727272727,0.8899397692911789,0.4962852046141764,0.4962852046141764
0.7045454545454545,0.95,0.1318181818181818,0.7964729342211304,0.6483461413155774,0.6483461413155774
0.95,0.868181818181818,0.459090909090909,0.8041017916259754,0.3947291641674805,0.3947291641674805
0.868181818181818,0.21363636363636362,0.868181818181818,0.9048459189936037,0.5074210816201279,0.5074210816201279
0.868181818181818,0.1318181818181818,0.1318181818181818,0.8909266638893137,0.5914198667222138,0.5914198667222138
0.868181818181818,0.2954545454545454,0.6227272727272727,0.8900196740735198,0.5024840065185295,0.5024840065185295
0.3772727272727272,0.868181818181818,0.1318181818181818,0.8098581611467517,0.7209188367770649,0.7209188367770649
0.05,0.7863636363636363,0.5409090909090909,0.8418053692174456,0.4539118926156511,0.4539118926156511
0.21363636363636362,0.459090909090909,0.05,0.8846672616302116,0.6531274547673958,0.6531274547673958
0.868181818181818,0.868181818181818,0.6227272727272727,0.8001982780045442,0.4606444344399091,0.4606444344399091
0.1318181818181818,0.5409090909090909,0.6227272727272727,0.950756061002044,0.49910247877995906,0.49910247877995906
0.7863636363636363,0.21363636363636362,0.3772727272727272,0.8945141192458158,0.5607981176150837,0.5607981176150837
0.6227272727272727,0.3772727272727272,0.6227272727272727,0.8995548617484814,0.6326705027650303,0.6326705027650303
0.6227272727272727,0.868181818181818,0.7863636363636363,0.7992889270603334,0.6172406214587933,0.6172406214587933
0.5023733837946729,0.5692134961637232,0.4932659244369775,0.9895303105574164,0.6632089937888517,0.6632089937888517
0.95,0.6227272727272727,0.7863636363636363,1.0091939472843154,0.41121681098184903,0.41121681098184903
0.459090909090909,0.5409090909090909,0.2954545454545454,0.9335714508618662,0.6828829709827626,0.6828829709827626
0.5409090909090909,0.7863636363636363,0.05,0.832046179868412,0.7546894764026318,0.7546894764026318
0.7863636363636363,0.2954545454545454,0.6227272727272727,0.8898534887575011,0.55589093022485,0.55589093022485
0.05,0.2954545454545454,0.05,0.8849579277632279,0.5357476414447354,0.5357476414447354
0.2954545454545454,0.1318181818181818,0.7863636363636363,0.8873758039191327,0.5828092839216172,0.5828092839216172
0.5409090909090909,0.3772727272727272,0.1318181818181818,0.8936930166036994,0.7370113396679261,0.7370113396679261
0.7045454545454545,0.2954545454545454,0.95,0.8920785573285869,0.6005500288534282,0.6005500288534282
0.7045454545454545,0.868181818181818,0.21363636363636362,0.804404221197496,0.6267039155760501,0.6267039155760501
0.6856180044408465,0.12321390257770978,0.12635394267667271,0.8905452882540146,0.6962502942349197,0.6962502942349197
0.05,0.2954545454545454,0.1318181818181818,0.8999037185853566,0.5092687256282928,0.5092687256282928
0.5409090909090909,0.7863636363636363,0.21363636363636362,0.842792912583771,0.7021105417483247,0.7021105417483247
0.6227272727272727,0.95,0.6227272727272727,0.7970320715666639,0.6137853585686667,0.6137853585686667
0.5409090909090909,0.7863636363636363,0.95,0.844772326311937,0.6504349534737612,0.6504349534737612
0.5511211362125151,0.8925392967447028,0.6764268170074756,0.7902173795286578,0.6454252524094268,0.6454252524094268
0.17579513896366053,0.765740580673901,0.23146458804297007,0.8470180731909153,0.5855784385361816,0.5855784385361816
0.7863636363636363,0.868181818181818,0.21363636363636362,0.8145902021262167,0.5729629959574758,0.5729629959574758
0.7045454545454545,0.95,0.05,0.7914170848265077,0.6746272583034699,0.6746272583034699
0.05,0.2954545454545454,0.2954545454545454,0.8977337214791004,0.456948125570418,0.456948125570418
0.36428861715139477,0.7033601109832154,0.8573992339573193,0.9107689688239362,0.6314794206235212,0.6314794206235212
0.1318181818181818,0.21363636363636362,0.1318181818181818,0.888885140664043,0.5638922971867192,0.5638922971867192
0.7863636363636363,0.3772727272727272,0.95,0.8915945287970278,0.5508557094240595,0.5508557094240595
0.459090909090909,0.1318181818181818,0.459090909090909,0.895735801263567,0.6494156839747286,0.6494156839747286
0.868181818181818,0.7863636363636363,0.7863636363636363,0.8470048462107616,0.46620870307578477,0.46620870307578477
0.7045454545454545,0.459090909090909,0.5409090909090909,0.8790615355831206,0.5932763692883377,0.5932763692883377
0.7420886736624593,0.9002891568941851,0.8146826516096702,0.8263126073515643,0.5493945478529687,0.5493945478529687
0.3772727272727272,0.3772727272727272,0.868181818181818,0.8991005371570117,0.6276123892568597,0.6276123892568597
0.7863636363636363,0.3772727272727272,0.21363636363636362,0.8932610962794864,0.6024583780744104,0.6024583780744104
0.20508788408146683,0.22306011692780367,0.08678175463983098,0.9019280661060185,0.6267426386778795,0.6267426386778795
0.7045454545454545,0.95,0.5409090909090909,0.8141431582748049,0.5701727368345039,0.5701727368345039
0.7863636363636363,0.6227272727272727,0.05,1.0021467325269753,0.6372558286146444,0.6372558286146444
0.3772727272727272,0.05,0.2954545454545454,0.8942641658448461,0.6433307166831029,0.6433307166831029
0.21363636363636362,0.2954545454545454,0.3772727272727272,0.903902669460607,0.5425423466107878,0.5425423466107878
0.95,0.459090909090909,0.459090909090909,0.8759163830648902,0.42789487233870216,0.42789487233870216
0.5409090909090909,0.21363636363636362,0.3772727272727272,0.8900320611167962,0.662898558777664,0.662898558777664
0.20969558940175054,0.7255532764767725,0.7761512653405376,0.8777357934942913,0.5580000841301141,0.5580000841301141
0.459090909090909,0.459090909090909,0.05,0.8848107899089028,0.760768584201822,0.760768584201822
0.1318181818181818,0.1318181818181818,0.2954545454545454,0.8943783364635746,0.5073848332707285,0.5073848332707285
0.8394804867317974,0.40320059668037184,0.7849394955244193,0.9055827281351466,0.514573545437297,0.514573545437297
0.95,0.5409090909090909,0.3772727272727272,0.9409210350389943,0.4194943792992201,0.4194943792992201
0.7045454545454545,0.1318181818181818,0.3772727272727272,0.8868954115925992,0.607887691768148,0.607887691768148
0.05,0.459090909090909,0.1318181818181818,0.8891287738255087,0.5165846245234899,0.5165846245234899
0.459090909090909,0.868181818181818,0.7863636363636363,0.8112959129013844,0.6667736817419723,0.6667736817419723
0.3772727272727272,0.7863636363636363,0.459090909090909,0.8488059620702575,0.6400862807585948,0.6400862807585948
0.21363636363636362,0.868181818181818,0.868181818181818,0.8139000215265151,0.5664439995694697,0.5664439995694697
0.6227272727272727,0.21363636363636362,0.95,0.8940349167869328,0.6382149016642614,0.6382149016642614
0.6227272727272727,0.7863636363636363,0.5409090909090909,0.8509336008202862,0.6190413279835942,0.6190413279835942
0.7602541147466044,0.4985979790361515,0.1282282592786813,0.920876327431031,0.6382720734513794,0.6382720734513794
0.95,0.2954545454545454,0.5409090909090909,0.8919779414278275,0.4411744411714434,0.4411744411714434
0.6227272727272727,0.459090909090909,0.21363636363636362,0.8824584533081871,0.6821148309338362,0.6821148309338362
0.05,0.3772727272727272,0.459090909090909,0.8933158498175447,0.4356140830036491,0.4356140830036491
0.1318181818181818,0.7863636363636363,0.5409090909090909,0.838103301954089,0.5118895339609183,0.5118895339609183
0.2954545454545454,0.5409090909090909,0.1318181818181818,0.9528473203539393,0.6737210535929212,0.6737210535929212
0.459090909090909,0.21363636363636362,0.7045454545454545,0.8971685379203569,0.6513206292415928,0.6513206292415928
0.7000273115537596,0.6980328828914668,0.6270328695967675,0.9208992354492306,0.5837056152910154,0.5837056152910154
0.1318181818181818,0.5409090909090909,0.1318181818181818,0.9374848035574721,0.5771879039288506,0.5771879039288506
0.459090909090909,0.7045454545454545,0.7045454545454545,0.9158738952401329,0.6617149220951974,0.6617149220951974
0.95,0.7863636363636363,0.2954545454545454,0.8517448071809253,0.42603270385638153,0.42603270385638153
0.6227272727272727,0.868181818181818,0.21363636363636362,0.8065567640400757,0.6687312647191984,0.6687312647191984
0.7863636363636363,0.3772727272727272,0.7863636363636363,0.9035314546178038,0.5506169709076439,0.5506169709076439
0.7863636363636363,0.6227272727272727,0.7863636363636363,1.0169655953050398,0.5331773596455434,0.5331773596455434
0.868181818181818,0.5409090909090909,0.3772727272727272,0.9427819833495233,0.48282756033300955,0.48282756033300955
0.7045454545454545,0.7863636363636363,0.5409090909090909,0.8368353141652729,0.5781528937166945,0.5781528937166945
0.5409090909090909,0.1318181818181818,0.7045454545454545,0.8884496780938379,0.6645638064381234,0.6645638064381234
0.95,0.95,0.21363636363636362,0.7999135414493247,0.43964852917101355,0.43964852917101355
0.459090909090909,0.3772727272727272,0.2954545454545454,0.8946081667316292,0.6803950366653673,0.6803950366653673
0.2954545454545454,0.868181818181818,0.95,0.7955928345722324,0.6094137433085554,0.6094137433085554
0.2559183489424602,0.11928191884591369,0.3107763076223912,0.8883140029524861,0.5811741199409503,0.5811741199409503
0.1318181818181818,0.5409090909090909,0.7863636363636363,0.943421215253594,0.49924917569492805,0.49924917569492805
0.6227272727272727,0.5409090909090909,0.459090909090909,0.9426653990966015,0.626074292018068,0.626074292018068
0.95,0.95,0.868181818181818,0.8124022778041305,0.38776275444391733,0.38776275444391733
0.95,0.05,0.95,0.9017500500107964,0.4613801989997841,0.4613801989997841
0.7863636363636363,0.21363636363636362,0.459090909090909,0.9058540251374108,0.5605713194972518,0.5605713194972518
0.7863636363636363,0.2954545454545454,0.868181818181818,0.9055801080014825,0.5555763978399704,0.5555763978399704
0.868181818181818,0.868181818181818,0.21363636363636362,0.801391062085127,0.5122565787582974,0.5122565787582974
0.95,0.95,0.459090909090909,0.7948000580218326,0.3881147988395634,0.3881147988395634
0.24030320629689017,0.3447476169601232,0.15778591863732608,0.9052948709547198,0.6291237025809057,0.6291237025809057
0.6148022720756571,0.5758828807307902,0.86104220944189,0.9884451774668976,0.6273922964506621,0.6273922964506621
0.95,0.7045454545454545,0.6227272727272727,0.9175656132489898,0.40636068773502027,0.40636068773502027
0.95,0.7045454545454545,0.7045454545454545,0.905772292939084,0.40659655414121837,0.40659655414121837
0.95,0.95,0.5409090909090909,0.797782180921201,0.388055156381576,0.388055156381576
0.7045454545454545,0.05,0.95,0.8918763338163715,0.6115884733236726,0.6115884733236726
0.5409090909090909,0.7045454545454545,0.2954545454545454,0.8994539728471348,0.6767309205430573,0.6767309205430573
0.7863636363636363,0.459090909090909,0.95,0.8766803453595954,0.5465203930928081,0.5465203930928081
0.95,0.6227272727272727,0.1318181818181818,1.0204217996580396,0.4893198747485472,0.4893198747485472
0.21363636363636362,0.7863636363636363,0.21363636363636362,0.849559447000875,0.6142332110599826,0.6142332110599826
0.3772727272727272,0.05,0.7045454545454545,0.8928924453590709,0.6179021510928185,0.6179021510928185
0.5409090909090909,0.6227272727272727,0.05,1.0155143577543162,0.7549750215990342,0.7549750215990342
0.3772727272727272,0.868181818181818,0.7045454545454545,0.8112785218432691,0.6430704295631345,0.6430704295631345
0.21363636363636362,0.95,0.95,0.8096919319752749,0.5696617613604945,0.5696617613604945
0.21363636363636362,0.05,0.3772727272727272,0.8881961875719087,0.5326224762485618,0.5326224762485618
0.1318181818181818,0.05,0.1318181818181818,0.8992668064171935,0.5565842638716562,0.5565842638716562
0.21363636363636362,0.21363636363636362,0.95,0.8970654266526467,0.5389454914669471,0.5389454914669471
0.21363636363636362,0.6227272727272727,0.2954545454545454,1.0009777430078466,0.5788926263961519,0.5788926263961519
0.7045454545454545,0.1318181818181818,0.1318181818181818,0.9030749931826049,0.6853841001363479,0.6853841001363479
0.868181818181818,0.1318181818181818,0.05,0.8834661371953012,0.617749077256094,0.617749077256094
0.05,0.05,0.21363636363636362,0.8921753389708753,0.4724052932205825,0.4724052932205825
0.3772727272727272,0.05,0.05,0.8981888894048098,0.7217962222119039,0.7217962222119039
0.21363636363636362,0.7045454545454545,0.3772727272727272,0.9001065130484944,0.5588194697390301,0.5588194697390301
0.21363636363636362,0.3772727272727272,0.2954545454545454,0.887079888119579,0.5717684022376084,0.5717684022376084
0.8396054180428828,0.28214746494364,0.6439856414307611,0.893381065611986,0.5228847786877603,0.5228847786877603
0.95,0.5409090909090909,0.7863636363636363,0.9511383404746412,0.41929003319050717,0.41929003319050717
0.5409090909090909,0.459090909090909,0.1318181818181818,0.8910566683426194,0.7351304666331475,0.7351304666331475
0.1318181818181818,0.868181818181818,0.1318181818181818,0.8082375093196523,0.593373649813607,0.593373649813607
0.21363636363636362,0.6227272727272727,0.3772727272727272,1.019977736150457,0.5535318458322677,0.5535318458322677
0.15536031478484527,0.17869251384755225,0.7353595685457249,0.9054576801845642,0.5000084463963086,0.5000084463963086
0.868181818181818,0.1318181818181818,0.95,0.9027990567410155,0.5133624188651796,0.5133624188651796
0.1318181818181818,0.868181818181818,0.6227272727272727,0.8002792372441495,0.515712815255117,0.515712815255117
0.3772727272727272,0.868181818181818,0.05,0.8070747552063419,0.7471545048958731,0.7471545048958731
0.459090909090909,0.21363636363636362,0.2954545454545454,0.8963578585411378,0.6767928428291772,0.6767928428291772
0.1318181818181818,0.7045454545454545,0.3772727272727272,0.9137252560145106,0.5066434948797097,0.5066434948797097
0.21363636363636362,0.21363636363636362,0.459090909090909,0.8909325197705755,0.5390681496045885,0.5390681496045885
0.2954545454545454,0.2954545454545454,0.7045454545454545,0.9004605109782089,0.5881479897804358,0.5881479897804358
0.95,0.7863636363636363,0.868181818181818,0.8543287742911287,0.40052502451417743,0.40052502451417743
0.5887926357773329,0.19041677639819285,0.19039506830258238,0.9010543916109974,0.7083813121677801,0.7083813121677801
0.7115639394234972,0.7731328373463636,0.30383111531417584,0.8489714203691023,0.5972525715926179,0.5972525715926179
0.95,0.7045454545454545,0.2954545454545454,0.9088575178360988,0.43199084964327805,0.43199084964327805
0.7863636363636363,0.95,0.95,0.7969784063686808,0.5167456318726265,0.5167456318726265
0.7863636363636363,0.05,0.1318181818181818,0.8976648230854148,0.6475891035382917,0.6475891035382917
0.615110350541817,0.12358312875398471,0.8362207616960994,0.9044304151936831,0.6434409916961263,0.6434409916961263
0.749432224334693,0.5525638247622245,0.4317998083222786,0.9803369138768175,0.5615484617224636,0.5615484617224636
0.1318181818181818,0.7045454545454545,0.868181818181818,0.8998486849200572,0.5069210263015989,0.5069210263015989
0.21363636363636362,0.868181818181818,0.459090909090909,0.811076439836838,0.5665004712032632,0.5665004712032632
0.2954545454545454,0.7863636363636363,0.459090909090909,0.8443526492929077,0.6065717470141417,0.6065717470141417
0.7045454545454545,0.2954545454545454,0.459090909090909,0.8949339672374262,0.6004929206552514,0.6004929206552514
0.459090909090909,0.1318181818181818,0.5409090909090909,0.9026640627502812,0.6492771187449944,0.6492771187449944
0.21363636363636362,0.1318181818181818,0.868181818181818,0.9065221322506649,0.5353227573549867,0.5353227573549867
0.20588168291901365,0.4404664843141757,0.4086542609576361,0.9007234833807201,0.5441727303323857,0.5441727303323857
0.5409090909090909,0.21363636363636362,0.459090909090909,0.894428720194294,0.6628106255961141,0.6628106255961141
0.6227272727272727,0.868181818181818,0.2954545454545454,0.8109531100386973,0.642463337799226,0.642463337799226
0.868181818181818,0.05,0.7863636363636363,0.8913127978106359,0.5194925440437873,0.5194925440437873
0.2954545454545454,0.459090909090909,0.05,0.8706119583834915,0.6987121608323302,0.6987121608323302
0.05,0.1318181818181818,0.2954545454545454,0.9063239526107927,0.4496759209477841,0.4496759209477841
0.2681687591735722,0.15335314226528318,0.5995580381974693,0.8905327999451833,0.5686449440010963,0.5686449440010963
0.459090909090909,0.05,0.1318181818181818,0.895978763629736,0.7252972247274053,0.7252972247274053
0.7863636363636363,0.868181818181818,0.3772727272727272,0.8119399548132996,0.521380000903734,0.521380000903734
0.5409090909090909,0.3772727272727272,0.7045454545454545,0.8894451288186955,0.6592762974236263,0.6592762974236263
0.5409090909090909,0.7863636363636363,0.7863636363636363,0.8552744961978334,0.6502249100760433,0.6502249100760433
0.7214403913388809,0.5750318885874436,0.9159552936270876,0.9611118957913305,0.5769341620841734,0.5769341620841734
0.868181818181818,0.7045454545454545,0.2954545454545454,0.9080361840099386,0.4969444763198013,0.4969444763198013
0.2954545454545454,0.459090909090909,0.3772727272727272,0.8867752504382959,0.594388894991234,0.594388894991234
0.868181818181818,0.7863636363636363,0.21363636363636362,0.8463407826158654,0.5178579843476827,0.5178579843476827
0.05,0.2954545454545454,0.21363636363636362,0.9045423264921868,0.4829919534701563,0.4829919534701563
0.21363636363636362,0.5409090909090909,0.2954545454545454,0.9362176536454726,0.5769860469270907,0.5769860469270907
0.5409090909090909,0.7863636363636363,0.868181818181818,0.8525389929558979,0.650279620140882,0.650279620140882
0.1318181818181818,0.2954545454545454,0.21363636363636362,0.9061814598794683,0.5410959708024107,0.5410959708024107
0.5409090909090909,0.868181818181818,0.1318181818181818,0.8109423285367598,0.7269979534292648,0.7269979534292648
0.878757694355635,0.8329067258559154,0.5169542514134648,0.8408568080664263,0.4539308638386715,0.4539308638386715
0.7045454545454545,0.2954545454545454,0.5409090909090909,0.894797435622004,0.6004956512875599,0.6004956512875599
0.3063564449397208,0.08319825261907951,0.5986079005819072,0.902324411098259,0.5859439117780348,0.5859439117780348
0.95,0.7045454545454545,0.21363636363636362,0.9037370118769076,0.4582732597624619,0.4582732597624619
0.6227272727272727,0.7863636363636363,0.459090909090909,0.8544271545724963,0.6189714569085499,0.6189714569085499
0.1318181818181818,0.2954545454545454,0.6227272727272727,0.9027724511713672,0.4895281509765727,0.4895281509765727
0.3772727272727272,0.2954545454545454,0.6227272727272727,0.8934217802375025,0.6254923643952499,0.6254923643952499
0.95,0.21363636363636362,0.95,0.9017661313021302,0.4477790773739574,0.4477790773739574
0.7045454545454545,0.1318181818181818,0.95,0.8993543003526002,0.6076385139929481,0.6076385139929481
0.7045454545454545,0.21363636363636362,0.5409090909090909,0.8913402822745337,0.6043651943545093,0.6043651943545093
0.868181818181818,0.7863636363636363,0.1318181818181818,0.8494506374820355,0.5439797872503593,0.5439797872503593
0.7863636363636363,0.05,0.05,0.8917187557675984,0.673888024884648,0.673888024884648
0.3772727272727272,0.2954545454545454,0.21363636363636362,0.888852353999592,0.6772197529200082,0.6772197529200082
0.868181818181818,0.5409090909090909,0.1318181818181818,0.9443956129587181,0.5606152877408257,0.5606152877408257
0.868181818181818,0.21363636363636362,0.21363636363636362,0.8996657693704573,0.5591606846125908,0.5591606846125908
0.21363636363636362,0.7863636363636363,0.459090909090909,0.8390997890717691,0.5628064042185646,0.5628064042185646
0.5409090909090909,0.868181818181818,0.868181818181818,0.8079270633353569,0.6492382587332929,0.6492382587332929
0.5409090909090909,0.459090909090909,0.868181818181818,0.8852690243220204,0.6574262195135596,0.6574262195135596
0.21363636363636362,0.5409090909090909,0.95,0.9367031553289074,0.551520336893422,0.551520336893422
0.6713553457664287,0.08538092585698905,0.7694693590181383,0.8973510677633217,0.6241469786447336,0.6241469786447336
0.7045454545454545,0.6227272727272727,0.868181818181818,1.0070933532336637,0.583002734157154,0.583002734157154
0.3772727272727272,0.1318181818181818,0.459090909090909,0.9063484191074351,0.6201666316178512,0.6201666316178512
0.6098780302050861,0.8261273378720706,0.9045685612918778,0.8250205705772852,0.6233599885884543,0.6233599885884543
0.459090909090909,0.05,0.5409090909090909,0.8986391494163712,0.6474240170116726,0.6474240170116726
0.459090909090909,0.7045454545454545,0.868181818181818,0.909554584544927,0.6618413083091015,0.6618413083091015
0.95,0.7045454545454545,0.1318181818181818,0.9015894203013981,0.4845002115939721,0.4845002115939721
0.3772727272727272,0.7863636363636363,0.2954545454545454,0.8415691475012663,0.6656870170499745,0.6656870170499745
0.5409090909090909,0.1318181818181818,0.5409090909090909,0.9008539945226484,0.6643157201095471,0.6643157201095471
0.05,0.95,0.3772727272727272,0.8082946294151061,0.4613825074116979,0.4613825074116979
0.868181818181818,0.7045454545454545,0.5409090909090909,0.9120478863925982,0.47140824227214806,0.47140824227214806
0.3772727272727272,0.3772727272727272,0.3772727272727272,0.8908749304471733,0.6277769013910565,0.6277769013910565
0.21363636363636362,0.2954545454545454,0.868181818181818,0.8877418930298164,0.5428655621394036,0.5428655621394036
0.21363636363636362,0.7045454545454545,0.5409090909090909,0.8993655260836094,0.5588342894783278,0.5588342894783278
0.1318181818181818,0.7045454545454545,0.7863636363636363,0.9128495575901632,0.5066610088481966,0.5066610088481966
0.6227272727272727,0.7045454545454545,0.459090909090909,0.9169156851105674,0.6212220862977886,0.6212220862977886
0.5420392514089516,0.2163690099729743,0.9226261649881026,0.9000343927707015,0.6620317121445861,0.6620317121445861
0.21363636363636362,0.7863636363636363,0.3772727272727272,0.8390946821214392,0.5628065063575713,0.5628065063575713
0.3772727272727272,0.95,0.21363636363636362,0.8121534977932237,0.6966225300441354,0.6966225300441354
0.6227272727272727,0.21363636363636362,0.6227272727272727,0.8930502459355765,0.6382345950812884,0.6382345950812884
0.2996430646830194,0.21930904375138516,0.4673285644459839,0.9032508933596151,0.5877921821328077,0.5877921821328077
0.7280403667330474,0.38863362697782416,0.12515064502880188,0.8970958457045399,0.6641336830859091,0.6641336830859091
0.05,0.2954545454545454,0.868181818181818,0.9055072448389089,0.43133665510322183,0.43133665510322183
0.868181818181818,0.868181818181818,0.1318181818181818,0.7958984197976966,0.538550431604046,0.538550431604046
0.2954545454545454,0.3772727272727272,0.7045454545454545,0.8920903226912351,0.5911489935461752,0.5911489935461752
0.95,0.05,0.868181818181818,0.8992300430426855,0.46143059913914636,0.46143059913914636
0.7045454545454545,0.95,0.6227272727272727,0.8123036114937788,0.5702095277701245,0.5702095277701245
0.6227272727272727,0.7045454545454545,0.7045454545454545,0.8986114028036138,0.6215881719439278,0.6215881719439278
0.2954545454545454,0.21363636363636362,0.7863636363636363,0.8877650091862651,0.5852682998162747,0.5852682998162747
0.868181818181818,0.868181818181818,0.05,0.7947959696001955,0.5647524806079961,0.5647524806079961
0.7045454545454545,0.459090909090909,0.95,0.8737754407109874,0.5933820911857803,0.5933820911857803
0.3529438503745285,0.1709732092450768,0.10703747342549097,0.8896868942842431,0.6970802621143152,0.6970802621143152
0.5409090909090909,0.7863636363636363,0.2954545454545454,0.8518794603046684,0.6757488107939067,0.6757488107939067
0.21363636363636362,0.6227272727272727,0.1318181818181818,1.020322288443777,0.6314025128213291,0.6314025128213291
0.868181818181818,0.459090909090909,0.7045454545454545,0.8876906867139871,0.49012978626572024,0.49012978626572024
0.6227272727272727,0.7045454545454545,0.05,0.9117965592632035,0.725324468814736,0.725324468814736
0.8830116616160986,0.45575543426371884,0.1519142412566797,0.892992729428473,0.5505777454114306,0.5505777454114306
0.21363636363636362,0.3772727272727272,0.21363636363636362,0.8889398938727012,0.597911202122546,0.597911202122546
0.1318181818181818,0.459090909090909,0.95,0.8834449296988954,0.4967151014060221,0.4967151014060221
0.95,0.21363636363636362,0.6227272727272727,0.8939409061566732,0.44793558187686655,0.44793558187686655
0.626787270322893,0.21369207595923034,0.36110055499147686,0.9061306370796534,0.6404873872584069,0.6404873872584069
0.05,0.05,0.95,0.8934901158725546,0.4207429976825489,0.4207429976825489
0.868181818181818,0.5409090909090909,0.7045454545454545,0.9508145011341972,0.4826669099773161,0.4826669099773161
0.95,0.05,0.7045454545454545,0.9033685242329053,0.4613478295153419,0.4613478295153419
0.38715135316382404,0.6132739241428127,0.5028226327220789,1.0003067159128498,0.6360289696174238,0.6360289696174238
0.95,0.7045454545454545,0.95,0.9002410857108388,0.40670717828578323,0.40670717828578323
0.5409090909090909,0.6227272727272727,0.7045454545454545,1.01649407858696,0.6509664399204245,0.6509664399204245
0.459090909090909,0.7045454545454545,0.05,0.8989402439854328,0.7660535951202914,0.7660535951202914
0.6227272727272727,0.3772727272727272,0.95,0.8909293912204553,0.6328430121755908,0.6328430121755908
0.95,0.3772727272727272,0.3772727272727272,0.8888591558417714,0.43443641688316453,0.43443641688316453
0.1318181818181818,0.868181818181818,0.868181818181818,0.8140550986368268,0.5154372980272635,0.5154372980272635
0.2954545454545454,0.6227272727272727,0.6227272727272727,1.0007602651625935,0.5977689524864136,0.5977689524864136
0.5409090909090909,0.05,0.1318181818181818,0.9053255305989815,0.7433798893880205,0.7433798893880205
0.05,0.7045454545454545,0.459090909090909,0.9043889588814453,0.44929342082237106,0.44929342082237106
0.868181818181818,0.459090909090909,0.1318181818181818,0.8814572981920419,0.5680744540361592,0.5680744540361592
0.868181818181818,0.1318181818181818,0.5409090909090909,0.8989393492654488,0.5134396130146911,0.5134396130146911
0.1318181818181818,0.21363636363636362,0.2954545454545454,0.895572985308197,0.511394540293836,0.511394540293836
0.05,0.7045454545454545,0.95,0.9121701555234419,0.44913779688953115,0.44913779688953115
0.4473774512360393,0.8489337644824697,0.3658235112968708,0.8397538769509261,0.6655065224609814,0.6655065224609814
0.868181818181818,0.5409090909090909,0.7863636363636363,0.946911022179534,0.4827449795564093,0.4827449795564093
0.05,0.868181818181818,0.868181818181818,0.795683255222097,0.458567934895558,0.458567934895558
0.6227272727272727,0.3772727272727272,0.5409090909090909,0.903579104952852,0.6325900179009429,0.6325900179009429
0.2791765892873874,0.6633524500015363,0.7342050739007179,0.9861981924197326,0.5911336361516054,0.5911336361516054
0.5096725723198091,0.42566990283390105,0.2498970294236572,0.8933127093079957,0.70583214581384,0.70583214581384
0.95,0.3772727272727272,0.6227272727272727,0.8929464911100876,0.4343546701777982,0.4343546701777982
0.19729034857913405,0.19783921813789362,0.7831172482082438,0.8880450596487482,0.5288918988070249,0.5288918988070249
0.05,0.459090909090909,0.05,0.8685560150181557,0.5431760796996368,0.5431760796996368
0.7045454545454545,0.6227272727272727,0.3772727272727272,1.0018769966907575,0.5827936917452385,0.5827936917452385
0.95,0.5409090909090909,0.7045454545454545,0.9506759513681224,0.4192992809726375,0.4192992809726375
0.6200633808593811,0.8343145311689458,0.7733048692092029,0.8427028480428619,0.6189059430391427,0.6189059430391427
0.21363636363636362,0.05,0.6227272727272727,0.8883474929561516,0.532619450140877,0.532619450140877
0.3772727272727272,0.95,0.3772727272727272,0.7968727174847389,0.6452921456503051,0.6452921456503051
0.05,0.5409090909090909,0.05,0.9336489911311788,0.5456078201773764,0.5456078201773764
0.4830260916693357,0.5293304892964272,0.09664118314018422,0.8570831797298375,0.7542671364054033,0.7542671364054033
0.868181818181818,0.21363636363636362,0.7863636363636363,0.9059017644121359,0.5073999647117573,0.5073999647117573
0.1318181818181818,0.05,0.7863636363636363,0.9036298512739107,0.47867700297452176,0.47867700297452176
0.1318181818181818,0.3772727272727272,0.7045454545454545,0.8896591159130078,0.4928572176817398,0.4928572176817398
0.2954545454545454,0.3772727272727272,0.1318181818181818,0.9059859642201263,0.6686910807155974,0.6686910807155974
0.21363636363636362,0.5409090909090909,0.3772727272727272,0.9356044815813296,0.5515423103683734,0.5515423103683734
0.868181818181818,0.6227272727272727,0.5409090909090909,1.0041311316018882,0.47488161575792703,0.47488161575792703
0.5409090909090909,0.6227272727272727,0.7863636363636363,1.0016135591949655,0.6509397079574814,0.6509397079574814
0.868181818181818,0.5409090909090909,0.21363636363636362,0.9458854475435213,0.5344014910491296,0.5344014910491296
0.7045454545454545,0.7863636363636363,0.6227272727272727,0.8420581205493657,0.5780484375890127,0.5780484375890127
0.868181818181818,0.3772727272727272,0.21363636363636362,0.8903179675532326,0.5479136406489353,0.5479136406489353
0.7045454545454545,0.1318181818181818,0.6227272727272727,0.8971912629963383,0.6076817747400733,0.6076817747400733
0.459090909090909,0.21363636363636362,0.5409090909090909,0.8922126120309842,0.6514197477593804,0.6514197477593804
0.6931363304300561,0.644177639045958,0.3019405072513485,1.0170740001281688,0.6110761717983518,0.6110761717983518
0.7863636363636363,0.1318181818181818,0.3772727272727272,0.8926469468836182,0.5651690610623276,0.5651690610623276
0.7863636363636363,0.2954545454545454,0.2954545454545454,0.8957954830054606,0.5812280903398909,0.5812280903398909
0.05,0.459090909090909,0.7045454545454545,0.8899608969731722,0.43874798206053656,0.43874798206053656
0.21363636363636362,0.7863636363636363,0.7863636363636363,0.8446987972700742,0.5626944240545986,0.5626944240545986
0.459090909090909,0.2954545454545454,0.1318181818181818,0.8889631637043616,0.7309383367259127,0.7309383367259127
0.5860748665470598,0.4744185696951425,0.4206568227325416,0.8670781433138748,0.6432212371337225,0.6432212371337225
0.3772727272727272,0.2954545454545454,0.868181818181818,0.9007057165820155,0.6253466856683596,0.6253466856683596
0.5484688559611887,0.922372282057189,0.5207880597531339,0.8197617390810434,0.644834365218379,0.644834365218379
0.05,0.7045454545454545,0.1318181818181818,0.9086233019701503,0.527028733960597,0.527028733960597
0.7863636363636363,0.2954545454545454,0.1318181818181818,0.8874596374241469,0.6337588072515171,0.6337588072515171
0.7045454545454545,0.7045454545454545,0.21363636363636362,0.9156710804953561,0.6326125783900929,0.6326125783900929
0.459090909090909,0.1318181818181818,0.95,0.8943873410506756,0.6494426531789865,0.6494426531789865
0.459090909090909,0.6227272727272727,0.21363636363636362,1.0100693630138367,0.7099269830284998,0.7099269830284998
0.1318181818181818,0.2954545454545454,0.5409090909090909,0.8886430044106487,0.48981073991178703,0.48981073991178703
0.30658565182446235,0.20603623576527932,0.8570888821637825,0.8887427325254363,0.5909159453494912,0.5909159453494912
0.3772727272727272,0.7045454545454545,0.2954545454545454,0.9077000593989386,0.6621307988120211,0.6621307988120211
0.868181818181818,0.6227272727272727,0.95,1.0024079778295778,0.4748623549251073,0.4748623549251073
0.05,0.05,0.868181818181818,0.898887050243541,0.4206350589951292,0.4206350589951292
0.7863636363636363,0.1318181818181818,0.95,0.8988206764847128,0.5650455864703057,0.5650455864703057
0.1318181818181818,0.05,0.3772727272727272,0.8872024513052348,0.4790055509738953,0.4790055509738953
0.6549219926652906,0.7354576537958457,0.26387378959315966,0.8712229695120152,0.6415943406097595,0.6415943406097595
0.459090909090909,0.5409090909090909,0.1318181818181818,0.9329895315646836,0.7352586093687062,0.7352586093687062
0.7450865525620753,0.518147151000794,0.816963350286686,0.8991015715786287,0.5678735685684274,0.5678735685684274
0.7863636363636363,0.1318181818181818,0.6227272727272727,0.8998653866501036,0.5650246922669979,0.5650246922669979
0.3772727272727272,0.7863636363636363,0.7045454545454545,0.8565171666979137,0.6399320566660417,0.6399320566660417
0.459090909090909,0.7045454545454545,0.21363636363636362,0.9159260634038364,0.7133498787319233,0.7133498787319233
0.3870861069626262,0.9056428757689244,0.7087945476302645,0.8070640047959646,0.6473219199040807,0.6473219199040807
0.7863636363636363,0.6227272727272727,0.5409090909090909,1.0107203963572446,0.5332037905153834,0.5332037905153834
0.6227272727272727,0.05,0.95,0.8892969068925177,0.6434436618621495,0.6434436618621495
0.05,0.868181818181818,0.7863636363636363,0.7976885312524291,0.4585278293749514,0.4585278293749514
0.95,0.1318181818181818,0.2954545454545454,0.888093900897702,0.48030892198204606,0.48030892198204606
0.868181818181818,0.95,0.7863636363636363,0.8098647822911167,0.45395070435417767,0.45395070435417767
0.3772727272727272,0.3772727272727272,0.7863636363636363,0.9028611962264399,0.6275371760754712,0.6275371760754712
0.3772727272727272,0.868181818181818,0.459090909090909,0.8067401546030782,0.6431611969079384,0.6431611969079384
0.5249309981776699,0.9436683165073703,0.11641690826185898,0.8013392471456652,0.7350184150570869,0.7350184150570869
0.5409090909090909,0.7863636363636363,0.7045454545454545,0.8433037258997609,0.6504643254820048,0.6504643254820048
0.5409090909090909,0.3772727272727272,0.7863636363636363,0.8940601423288382,0.6591839971534234,0.6591839971534234
0.7863636363636363,0.868181818181818,0.7045454545454545,0.7979883959060949,0.5216590320818781,0.5216590320818781
0.95,0.868181818181818,0.3772727272727272,0.8058313310010885,0.39469457337997826,0.39469457337997826
0.5409090909090909,0.2954545454545454,0.459090909090909,0.9047530849894485,0.6603037383002109,0.6603037383002109
0.2954545454545454,0.1318181818181818,0.868181818181818,0.8990166123087231,0.5825764677538254,0.5825764677538254
0.459090909090909,0.7045454545454545,0.3772727272727272,0.9175471060390162,0.6616814578792197,0.6616814578792197
0.1318181818181818,0.868181818181818,0.2954545454545454,0.8068829855860425,0.5410367402882792,0.5410367402882792
0.8674392973699883,0.26560570160027513,0.18040538488210078,0.8903998495183879,0.5672152030096322,0.5672152030096322
0.1318181818181818,0.1318181818181818,0.95,0.8973341643756543,0.4818697167124869,0.4818697167124869
0.459090909090909,0.05,0.868181818181818,0.8960017335850411,0.6474767653282992,0.6474767653282992
0.3772727272727272,0.459090909090909,0.7863636363636363,0.8889014706602094,0.6303499705867958,0.6303499705867958
0.7863636363636363,0.1318181818181818,0.21363636363636362,0.9060393374089126,0.6165372132518218,0.6165372132518218
0.05,0.21363636363636362,0.21363636363636362,0.8985241838167132,0.47937871632366574,0.47937871632366574
0.38955574679416033,0.06806407799995373,0.33987124902486043,0.8983663177383715,0.6340998736452325,0.6340998736452325
0.95,0.459090909090909,0.7045454545454545,0.8930482821735876,0.4275522343565282,0.4275522343565282
0.95,0.2954545454545454,0.21363636363636362,0.9021217574907229,0.49260756485018553,0.49260756485018553
0.3772727272727272,0.05,0.95,0.9048542915861271,0.6176629141682775,0.6176629141682775
0.7863636363636363,0.7045454545454545,0.7863636363636363,0.9125165311515737,0.5305692693769685,0.5305692693769685
0.5409090909090909,0.95,0.1318181818181818,0.7979256350579191,0.7243578872988415,0.7243578872988415
0.7045454545454545,0.21363636363636362,0.05,0.882059570692399,0.708550808586152,0.708550808586152
0.95,0.7863636363636363,0.7045454545454545,0.8448654234706062,0.40071429153058796,0.40071429153058796
0.6227272727272727,0.21363636363636362,0.7045454545454545,0.90003086935697,0.6380949826128606,0.6380949826128606
0.05,0.21363636363636362,0.7863636363636363,0.9024500055512817,0.4276641998889744,0.4276641998889744
0.6822356755883983,0.37354203609777964,0.314232659838044,0.89372562953533,0.6268950874092934,0.6268950874092934
0.05,0.2954545454545454,0.3772727272727272,0.9045452976392505,0.431355894047215,0.431355894047215
0.7863636363636363,0.5409090909090909,0.95,0.9430344880617274,0.5398929102387655,0.5398929102387655
0.05,0.2954545454545454,0.459090909090909,0.9000888036608194,0.43144502392678363,0.43144502392678363
0.2518423785145038,0.6909612992127823,0.26352417874712003,0.914410621183884,0.6151069875763223,0.6151069875763223
0.7045454545454545,0.1318181818181818,0.459090909090909,0.8919196032929004,0.607787207934142,0.607787207934142
0.459090909090909,0.7863636363636363,0.7863636363636363,0.8520044247354359,0.6643259115052913,0.6643259115052913
0.7597374901020776,0.18650739175947606,0.3305498610159934,0.8919642972046037,0.5912743140559078,0.5912743140559078
0.7784250399306621,0.7791020552112626,0.8303650867220933,0.8536663242102505,0.5323462735157949,0.5323462735157949
0.34285972834334094,0.7218422646062217,0.6346696091424932,0.8843463686332185,0.6237402726273357,0.6237402726273357
0.3772727272727272,0.21363636363636362,0.7863636363636363,0.9040257144249477,0.622746685711501,0.622746685711501
0.6227272727272727,0.868181818181818,0.3772727272727272,0.798545948966739,0.6172554810206652,0.6172554810206652
0.05,0.21363636363636362,0.3772727272727272,0.8961545504161252,0.4277901089916775,0.4277901089916775
0.2954545454545454,0.05,0.7863636363636363,0.9052004898901386,0.5793191902021971,0.5793191902021971
0.9341407552177456,0.1508350119512471,0.40807003914116746,0.9038936354479946,0.46507092729104016,0.46507092729104016
0.05,0.05,0.2954545454545454,0.8906931758477978,0.44625493648304404,0.44625493648304404
0.2954545454545454,0.459090909090909,0.1318181818181818,0.8838523377747233,0.6722673532445055,0.6722673532445055
0.7045454545454545,0.7045454545454545,0.868181818181818,0.909857115816356,0.5810928576836729,0.5810928576836729
0.7863636363636363,0.05,0.459090909090909,0.888754244576059,0.5699473151084787,0.5699473151084787
0.7053947137506735,0.3810048194473279,0.6190752475342215,0.8992252842518773,0.5966734943149625,0.5966734943149625
0.7045454545454545,0.5409090909090909,0.05,0.929197323991447,0.6928400535201712,0.6928400535201712
0.7863636363636363,0.6227272727272727,0.21363636363636362,1.0097359520252989,0.5847298766268871,0.5847298766268871
0.7863636363636363,0.05,0.7045454545454545,0.9062900319444073,0.5695965993611118,0.5695965993611118
0.1318181818181818,0.6227272727272727,0.7045454545454545,1.0028088413667327,0.5010877815280347,0.5010877815280347
0.2954545454545454,0.7863636363636363,0.95,0.8433758428412236,0.6065912831431755,0.6065912831431755
0.2954545454545454,0.6227272727272727,0.3772727272727272,1.0044776710698802,0.5973522973365434,0.5973522973365434
0.2954545454545454,0.6227272727272727,0.7863636363636363,1.0156226879156125,0.5974625346608767,0.5974625346608767
0.7045454545454545,0.5409090909090909,0.7045454545454545,0.9379248785480963,0.5886655024290381,0.5886655024290381
0.6227272727272727,0.868181818181818,0.868181818181818,0.8024640703215608,0.6171771185935687,0.6171771185935687
0.459090909090909,0.05,0.05,0.8851131357570398,0.7516945372848594,0.7516945372848594
0.459090909090909,0.1318181818181818,0.2954545454545454,0.8941173714616505,0.6749040525707669,0.6749040525707669
0.05,0.868181818181818,0.6227272727272727,0.8075212373933265,0.45833117525213346,0.45833117525213346
0.17683180247728636,0.7719772826786356,0.11709557931179373,0.8467075862962962,0.6227806482740741,0.6227806482740741
0.05,0.3772727272727272,0.868181818181818,0.9006284570457397,0.43546783085908514,0.43546783085908514
0.3772727272727272,0.3772727272727272,0.6227272727272727,0.9065562193133371,0.6274632756137332,0.6274632756137332
0.7045454545454545,0.21363636363636362,0.459090909090909,0.8880795485447092,0.6044304090291058,0.6044304090291058
0.3772727272727272,0.95,0.459090909090909,0.8138444384373524,0.644952711231253,0.644952711231253
0.3772727272727272,0.1318181818181818,0.3772727272727272,0.8958735282004718,0.6203761294359905,0.6203761294359905
0.7863636363636363,0.05,0.6227272727272727,0.8903203551895602,0.5699159928962088,0.5699159928962088
0.7863636363636363,0.6227272727272727,0.6227272727272727,1.019485902420685,0.5334262672731225,0.5334262672731225
0.459090909090909,0.95,0.1318181818181818,0.8128890440555624,0.7458954191188889,0.7458954191188889
0.868181818181818,0.6227272727272727,0.459090909090909,1.0102626832215749,0.475003055470651,0.475003055470651
0.33707806726438516,0.810387779872509,0.07094474216224328,0.8389805065776812,0.7226103898684464,0.7226103898684464
0.5409090909090909,0.5409090909090909,0.2954545454545454,0.9415688069103532,0.6801226238617929,0.6801226238617929
0.6227272727272727,0.459090909090909,0.7045454545454545,0.8897097013649713,0.6303338059727005,0.6303338059727005
0.7045454545454545,0.7045454545454545,0.1318181818181818,0.8993308670540352,0.6591233826589193,0.6591233826589193
0.5409090909090909,0.2954545454545454,0.3772727272727272,0.8918114653769148,0.6605625706924616,0.6605625706924616
0.6238017242196917,0.8484914683186938,0.47499343264575433,0.8396739721529037,0.6164329205569419,0.6164329205569419
0.7045454545454545,0.868181818181818,0.6227272727272727,0.8057474434514147,0.5750410511309717,0.5750410511309717
0.5409090909090909,0.459090909090909,0.7863636363636363,0.8896284332208637,0.6573390313355827,0.6573390313355827
0.459090909090909,0.6227272727272727,0.05,1.0156675823400465,0.7622560810877549,0.7622560810877549
0.1318181818181818,0.7863636363636363,0.7045454545454545,0.8520426112859079,0.511610747774282,0.511610747774282
0.868181818181818,0.7863636363636363,0.6227272727272727,0.8475245456155274,0.46619830908768944,0.46619830908768944
0.21363636363636362,0.7045454545454545,0.95,0.9069579385403359,0.5586824412291932,0.5586824412291932
0.6227272727272727,0.95,0.21363636363636362,0.8135458080897425,0.6650910838382051,0.6650910838382051
0.2954545454545454,0.2954545454545454,0.21363636363636362,0.8978092560977263,0.6398370148780455,0.6398370148780455
0.3772727272727272,0.868181818181818,0.868181818181818,0.8107457024551649,0.6430810859508966,0.6430810859508966
0.7863636363636363,0.7863636363636363,0.459090909090909,0.8425669294871581,0.5263678614102569,0.5263678614102569
0.6227272727272727,0.1318181818181818,0.21363636363636362,0.8902668025825036,0.6921598639483499,0.6921598639483499
0.459090909090909,0.21363636363636362,0.1318181818181818,0.902453997400097,0.7290349200519981,0.7290349200519981
0.868181818181818,0.7045454545454545,0.868181818181818,0.8977328554963742,0.47169454289007257,0.47169454289007257
0.3772727272727272,0.95,0.05,0.803604453006777,0.7491575109398645,0.7491575109398645
0.459090909090909,0.6227272727272727,0.868181818181818,1.0019694999218907,0.6583678567009247,0.6583678567009247
0.2954545454545454,0.5409090909090909,0.7863636363636363,0.9528010608202648,0.5959019787835947,0.5959019787835947
0.05,0.5409090909090909,0.7863636363636363,0.9354482956833928,0.44157183408633216,0.44157183408633216
0.3772727272727272,0.868181818181818,0.2954545454545454,0.8036490222009307,0.6686790195559813,0.6686790195559813
0.7863636363636363,0.1318181818181818,0.05,0.8995125990107042,0.6690317480197859,0.6690317480197859
0.868181818181818,0.868181818181818,0.95,0.7997511806363121,0.4606533763872737,0.4606533763872737
0.5409090909090909,0.3772727272727272,0.21363636363636362,0.8917154920963126,0.7108668901580739,0.7108668901580739
0.7863636363636363,0.7863636363636363,0.05,0.8377596403434109,0.6304640071931319,0.6304640071931319
0.95,0.459090909090909,0.2954545454545454,0.8834997173494635,0.45319920565301075,0.45319920565301075
0.1318181818181818,0.05,0.21363636363636362,0.893893362070564,0.5305077327585888,0.5305077327585888
0.6227272727272727,0.7045454545454545,0.3772727272727272,0.9004248872998756,0.6215519022540025,0.6215519022540025
0.1318181818181818,0.05,0.5409090909090909,0.9044849093117839,0.47865990181376433,0.47865990181376433
0.95,0.7863636363636363,0.3772727272727272,0.8512252920354196,0.40058709415929167,0.40058709415929167
0.459090909090909,0.3772727272727272,0.5409090909090909,0.8892033494285687,0.6550471330114286,0.6550471330114286
0.21363636363636362,0.2954545454545454,0.459090909090909,0.8966165954608905,0.5426880680907822,0.5426880680907822
0.05,0.05,0.5409090909090909,0.8955501411748351,0.42070179717650336,0.42070179717650336
0.5409090909090909,0.5409090909090909,0.6227272727272727,0.9332624565162846,0.6548327508696744,0.6548327508696744
0.459090909090909,0.7045454545454545,0.5409090909090909,0.900332845927628,0.6620257430814475,0.6620257430814475
0.459090909090909,0.1318181818181818,0.21363636363636362,0.9036621480958525,0.700893157038083,0.700893157038083
0.5409090909090909,0.2954545454545454,0.7863636363636363,0.8935593638456897,0.6605276127230861,0.6605276127230861
0.2954545454545454,0.2954545454545454,0.05,0.8822019495046081,0.6925131610099079,0.6925131610099079
0.1318181818181818,0.2954545454545454,0.1318181818181818,0.906779091666145,0.5672680181666772,0.5672680181666772
0.1318181818181818,0.1318181818181818,0.7045454545454545,0.8914530218698898,0.4819873395626022,0.4819873395626022
0.868181818181818,0.5409090909090909,0.95,0.939445636115688,0.48289428727768624,0.48289428727768624
0.2954545454545454,0.1318181818181818,0.6227272727272727,0.8910795729181235,0.5827352085416375,0.5827352085416375
0.2954545454545454,0.3772727272727272,0.868181818181818,0.8949750235274331,0.5910912995294513,0.5910912995294513
0.459090909090909,0.6227272727272727,0.7863636363636363,1.0071101378033187,0.6581171929439011,0.6581171929439011
0.6227272727272727,0.95,0.2954545454545454,0.7951036100092109,0.6392799277998157,0.6392799277998157
0.7863636363636363,0.1318181818181818,0.2954545454545454,0.9024112956990414,0.5904297740860192,0.5904297740860192
0.6227272727272727,0.6227272727272727,0.7863636363636363,1.0016952658193299,0.6220854221988259,0.6220854221988259
0.6227272727272727,0.7045454545454545,0.6227272727272727,0.9166308510396699,0.6212277829792066,0.6212277829792066
0.05,0.6227272727272727,0.95,1.0025183007722607,0.44328696614864627,0.44328696614864627
0.7675658292015982,0.18492568461389639,0.25632625570937734,0.905341217256279,0.6110251756548745,0.6110251756548745
0.868181818181818,0.05,0.1318181818181818,0.8918365201639203,0.5973020695967217,0.5973020695967217
0.6020736763422109,0.42641873266155694,0.8894556350186118,0.9040816028041851,0.6389807679439162,0.6389807679439162
0.5409090909090909,0.95,0.868181818181818,0.8016691329904512,0.6464630173401908,0.6464630173401908
0.95,0.2954545454545454,0.6227272727272727,0.8935499234010905,0.44114300153197816,0.44114300153197816
0.95,0.3772727272727272,0.05,0.8954815706781336,0.5383039685864373,0.5383039685864373
0.6227272727272727,0.459090909090909,0.5409090909090909,0.8839551906424267,0.6304488961871514,0.6304488961871514
0.3772727272727272,0.05,0.21363636363636362,0.899902539497564,0.6693979492100486,0.6693979492100486
0.7045454545454545,0.7045454545454545,0.3772727272727272,0.9001009236941662,0.5812879815261167,0.5812879815261167
0.7045454545454545,0.7863636363636363,0.21363636363636362,0.8441697528473768,0.6296422049430523,0.6296422049430523
0.459090909090909,0.2954545454545454,0.3772727272727272,0.9053872383699267,0.6527898552326015,0.6527898552326015
0.6227272727272727,0.459090909090909,0.7863636363636363,0.892628335678971,0.6302754332864205,0.6302754332864205
0.21363636363636362,0.2954545454545454,0.2954545454545454,0.898687728110009,0.5681026454377998,0.5681026454377998
0.7854999801810941,0.549680730439516,0.5266855205204058,0.9757007046952272,0.5392395859060954,0.5392395859060954
0.2954545454545454,0.05,0.868181818181818,0.9019484117947365,0.5793842317641051,0.5793842317641051
0.9414546278006058,0.4213559092202838,0.3848162772135048,0.8956546179989009,0.43676730764002203,0.43676730764002203
0.459090909090909,0.2954545454545454,0.21363636363636362,0.8992215731953153,0.7045491685360937,0.7045491685360937
0.5750526152895084,0.41076627508727587,0.4658052232797194,0.8903138269924266,0.6485573234601515,0.6485573234601515
0.459090909090909,0.7863636363636363,0.3772727272727272,0.8501173225741941,0.6643636535485161,0.6643636535485161
0.6227272727272727,0.1318181818181818,0.95,0.8889866053896216,0.6405494678922077,0.6405494678922077
0.7863636363636363,0.5409090909090909,0.3772727272727272,0.9457027995741888,0.5398395440085162,0.5398395440085162
0.7863636363636363,0.7863636363636363,0.868181818181818,0.8472881657026702,0.5262734366859466,0.5262734366859466
0.7045454545454545,0.3772727272727272,0.1318181818181818,0.9040387686732372,0.6746972246265353,0.6746972246265353
0.08234804641706787,0.4690382163192141,0.5383801712368189,0.8797551476900871,0.4630868970461982,0.4630868970461982
0.868181818181818,0.3772727272727272,0.95,0.8931539942623149,0.4962209201147537,0.4962209201147537
0.6662580552984912,0.19635524541040217,0.8698344660444581,0.9005344615122293,0.6218497107697555,0.6218497107697555
0.05,0.6227272727272727,0.21363636363636362,1.0118410019536839,0.4950199032830544,0.4950199032830544
0.7863636363636363,0.7045454545454545,0.95,0.8986267973503296,0.5308470640529934,0.5308470640529934
0.1318181818181818,0.1318181818181818,0.459090909090909,0.8893870152110653,0.48202865969577874,0.48202865969577874
0.868181818181818,0.2954545454545454,0.459090909090909,0.8971071176222566,0.5023422576475549,0.5023422576475549
0.459090909090909,0.3772727272727272,0.7863636363636363,0.8870196880991696,0.6550908062380165,0.6550908062380165
0.459090909090909,0.5409090909090909,0.6227272727272727,0.9347999245527476,0.657402401508945,0.657402401508945
0.95,0.5409090909090909,0.868181818181818,0.9504328999815841,0.4193041420003683,0.4193041420003683
0.9269553268995497,0.9375896700316425,0.6783455426177706,0.810415186996289,0.4079036962600743,0.4079036962600743
0.05,0.3772727272727272,0.5409090909090909,0.8960794842976528,0.435558810314047,0.435558810314047
0.5409090909090909,0.459090909090909,0.05,0.8687834608396799,0.7617559307832065,0.7617559307832065
0.7045454545454545,0.95,0.2954545454545454,0.797607218895219,0.5959594556220956,0.5959594556220956
0.95,0.5409090909090909,0.95,0.9473110449979493,0.419366579100041,0.419366579100041
0.459090909090909,0.7863636363636363,0.21363636363636362,0.838075365694943,0.7162404926861012,0.7162404926861012
0.5409090909090909,0.5409090909090909,0.868181818181818,0.940271812545955,0.654692563749081,0.654692563749081
0.95,0.7863636363636363,0.7863636363636363,0.841976931852298,0.40077206136295407,0.40077206136295407
0.7045454545454545,0.6227272727272727,0.7863636363636363,1.0095242424280926,0.5827132677779294,0.5827132677779294
0.05,0.7863636363636363,0.459090909090909,0.8539798430092301,0.45366840313981543,0.45366840313981543
0.6227272727272727,0.868181818181818,0.7045454545454545,0.8016490867654232,0.6171934182646915,0.6171934182646915
0.5409090909090909,0.868181818181818,0.2954545454545454,0.8062031151760243,0.6747287376964795,0.6747287376964795
0.2954545454545454,0.459090909090909,0.7863636363636363,0.883683539924164,0.5944507292015168,0.5944507292015168
0.1318181818181818,0.3772727272727272,0.1318181818181818,0.9022599332459338,0.5704252013350813,0.5704252013350813
0.6227272727272727,0.05,0.1318181818181818,0.8999868698150337,0.7210498626036993,0.7210498626036993
0.7045454545454545,0.2954545454545454,0.868181818181818,0.901830141147569,0.6003549971770485,0.6003549971770485
0.7863636363636363,0.7045454545454545,0.21363636363636362,0.8978671538993089,0.5824982569220138,0.5824982569220138
0.3772727272727272,0.1318181818181818,0.1318181818181818,0.9050279896291639,0.6980130402074167,0.6980130402074167
0.459090909090909,0.3772727272727272,0.05,0.8885223185739086,0.7590607536285219,0.7590607536285219
0.05,0.1318181818181818,0.459090909090909,0.8870631790101311,0.42460513641979736,0.42460513641979736
0.6227272727272727,0.21363636363636362,0.868181818181818,0.8996802172091624,0.6381019956558167,0.6381019956558167
0.868181818181818,0.05,0.6227272727272727,0.9056355932238599,0.5192060881355228,0.5192060881355228
0.7045454545454545,0.1318181818181818,0.2954545454545454,0.9050652169910158,0.6329802956601797,0.6329802956601797
0.1318181818181818,0.95,0.7863636363636363,0.7945736928750651,0.5192605261424986,0.5192605261424986
0.868181818181818,0.459090909090909,0.05,0.8719053031997582,0.5944454939360049,0.5944454939360049
0.21363636363636362,0.95,0.7045454545454545,0.8043654729270545,0.5697682905414589,0.5697682905414589
0.7863636363636363,0.21363636363636362,0.7045454545454545,0.8979619614056946,0.5607291607718862,0.5607291607718862
0.30198118429425574,0.7425436398727432,0.21833937370177103,0.8632965918596862,0.6569248681628062,0.6569248681628062
0.3772727272727272,0.6227272727272727,0.7863636363636363,1.0098881134724202,0.6325873732611602,0.6325873732611602
0.05,0.21363636363636362,0.6227272727272727,0.9061448490017662,0.4275903030199647,0.4275903030199647
0.7863636363636363,0.2954545454545454,0.7863636363636363,0.8935468702948218,0.5558170625941036,0.5558170625941036
0.459090909090909,0.05,0.21363636363636362,0.9031471850866605,0.6989698562982669,0.6989698562982669
0.5409090909090909,0.6227272727272727,0.2954545454545454,1.004896720129015,0.6765458462093418,0.6765458462093418
0.729623530106257,0.6082785962181182,0.6836717912893011,1.015957174640864,0.5693702547713648,0.5693702547713648
0.2954545454545454,0.05,0.21363636363636362,0.8905027864474393,0.6312491442710512,0.6312491442710512
0.1318181818181818,0.459090909090909,0.868181818181818,0.8824363063794114,0.4967352738724118,0.4967352738724118
0.5409090909090909,0.868181818181818,0.459090909090909,0.8151666778764262,0.6490934664424715,0.6490934664424715
0.7045454545454545,0.1318181818181818,0.05,0.900921558337258,0.7116071688332549,0.7116071688332549
0.5551494778125465,0.7438704619591048,0.49441603672795165,0.8588222879882909,0.6462867542402342,0.6462867542402342
0.8603762514469974,0.6197913115459411,0.3551268119438306,1.0168831549008375,0.48794127543812843,0.48794127543812843
0.21363636363636362,0.2954545454545454,0.21363636363636362,0.887730134926567,0.5945017973014687,0.5945017973014687
0.2954545454545454,0.868181818181818,0.7045454545454545,0.8092704478917179,0.6091401910421657,0.6091401910421657
0.7863636363636363,0.6227272727272727,0.2954545454545454,1.0021411335667358,0.5588356115316998,0.5588356115316998
0.95,0.95,0.7045454545454545,0.803307860129771,0.3879446427974046,0.3879446427974046
0.6227272727272727,0.5409090909090909,0.5409090909090909,0.9399986317882751,0.6261276273642346,0.6261276273642346
0.2954545454545454,0.2954545454545454,0.6227272727272727,0.906788162023505,0.5880214367595298,0.5880214367595298
0.21363636363636362,0.3772727272727272,0.459090909090909,0.8890316340945974,0.546273367318108,0.546273367318108
0.95,0.459090909090909,0.7863636363636363,0.8913513832648224,0.42758617233470353,0.42758617233470353
0.1318181818181818,0.05,0.2954545454545454,0.9018092696938378,0.5041694146061232,0.5041694146061232
0.3772727272727272,0.7863636363636363,0.3772727272727272,0.8564635574298045,0.6399331288514039,0.6399331288514039
0.7863636363636363,0.6227272727272727,0.3772727272727272,1.0108701763777947,0.5334382388844648,0.5334382388844648
0.6227272727272727,0.7045454545454545,0.2954545454545454,0.9051518272954044,0.6469133634540918,0.6469133634540918
0.459090909090909,0.868181818181818,0.7045454545454545,0.8053930619039411,0.6668917387619211,0.6668917387619211
0.5409090909090909,0.7045454545454545,0.5409090909090909,0.9056988008672906,0.6511500239826542,0.6511500239826542
0.6227272727272727,0.459090909090909,0.3772727272727272,0.8768939697927423,0.6305901206041451,0.6305901206041451
0.868181818181818,0.3772727272727272,0.3772727272727272,0.8889819825597378,0.49630436034880526,0.49630436034880526
0.9497459059575174,0.9469731533665148,0.5498885350423647,0.8077260662938714,0.38815627867412256,0.38815627867412256
0.1318181818181818,0.05,0.95,0.9024069337375057,0.4787014613252499,0.4787014613252499
0.3772727272727272,0.6227272727272727,0.459090909090909,1.018459815603224,0.6321667881436178,0.6321667881436178
0.3772727272727272,0.6227272727272727,0.1318181818181818,1.013558568493387,0.7103876402851305,0.7103876402851305
0.5409090909090909,0.95,0.5409090909090909,0.8113603917611695,0.6462691921647766,0.6462691921647766
0.05,0.459090909090909,0.21363636363636362,0.8855505394249741,0.49047218921150054,0.49047218921150054
0.1318181818181818,0.95,0.7045454545454545,0.8078382842255084,0.5189952343154898,0.5189952343154898
0.1318181818181818,0.21363636363636362,0.7045454545454545,0.8996834855798714,0.4858563302884026,0.4858563302884026
0.7045454545454545,0.21363636363636362,0.7045454545454545,0.8920104714983073,0.6043517905700339,0.6043517905700339
0.8657189465852623,0.1500777340755362,0.49336259386177317,0.9004521461011162,0.5143761570779776,0.5143761570779776
0.868181818181818,0.6227272727272727,0.05,1.004770121294698,0.5789843665610589,0.5789843665610589
0.3772727272727272,0.95,0.1318181818181818,0.8065693435902817,0.7229182131281943,0.7229182131281943
0.7045454545454545,0.3772727272727272,0.2954545454545454,0.9054520765215567,0.6223049584695688,0.6223049584695688
0.05,0.21363636363636362,0.05,0.8946935927344808,0.5318193281453104,0.5318193281453104
0.3772727272727272,0.6227272727272727,0.2954545454545454,1.0046077499708423,0.6579442922063656,0.6579442922063656
0.7045454545454545,0.3772727272727272,0.459090909090909,0.8875853011400376,0.5972062939771993,0.5972062939771993
0.7045454545454545,0.3772727272727272,0.21363636363636362,0.8916726034978639,0.6487605479300427,0.6487605479300427
0.459090909090909,0.2954545454545454,0.5409090909090909,0.89326107444009,0.6530323785111982,0.6530323785111982
0.5409090909090909,0.05,0.95,0.8959437862649463,0.6657475242747012,0.6657475242747012
0.5409090909090909,0.6227272727272727,0.5409090909090909,1.0070812549396746,0.651050670572016,0.651050670572016
0.5409090909090909,0.5409090909090909,0.21363636363636362,0.9493807813373798,0.7061463843732524,0.7061463843732524
0.3772727272727272,0.459090909090909,0.2954545454545454,0.8890277171550416,0.655803445656899,0.655803445656899
0.868181818181818,0.7863636363636363,0.3772727272727272,0.853260082631631,0.4660835983473674,0.4660835983473674
0.21363636363636362,0.3772727272727272,0.868181818181818,0.8896263148085193,0.5462614737038296,0.5462614737038296
0.21363636363636362,0.868181818181818,0.7863636363636363,0.812296507070458,0.5664760698585909,0.5664760698585909
0.2954545454545454,0.2954545454545454,0.5409090909090909,0.9023893702832814,0.5881094125943344,0.5881094125943344
0.7045454545454545,0.5409090909090909,0.7863636363636363,0.9425251811220654,0.5885734963775587,0.5885734963775587
0.8571095689154106,0.4765654762365851,0.6508019646689244,0.865803508846553,0.4970679298230689,0.4970679298230689
0.21363636363636362,0.7045454545454545,0.1318181818181818,0.9070153800895754,0.6365012923982084,0.6365012923982084
0.6236869113483858,0.7034822003503953,0.9282668715162811,0.9023359578426638,0.6208468808431467,0.6208468808431467
0.05,0.5409090909090909,0.21363636363636362,0.9517172440357636,0.4928824551192848,0.4928824551192848
0.95,0.2954545454545454,0.459090909090909,0.8990114065460811,0.44103377186907833,0.44103377186907833
0.2954545454545454,0.7045454545454545,0.7045454545454545,0.8978607120635026,0.60266798575873,0.60266798575873
0.1318181818181818,0.7045454545454545,0.2954545454545454,0.9140343122212484,0.532093313755575,0.532093313755575
0.2954545454545454,0.95,0.868181818181818,0.8097477041765159,0.6119642459164697,0.6119642459164697
0.1643544613866963,0.5200189340493239,0.7429941977887496,0.9082283005022144,0.5207210339899556,0.5207210339899556
0.5409090909090909,0.5409090909090909,0.05,0.9405127281706999,0.758687745436586,0.758687745436586
0.95,0.7045454545454545,0.7863636363636363,0.9048143416563612,0.4066157131668728,0.4066157131668728
0.05,0.7863636363636363,0.7045454545454545,0.8372045600937177,0.4540039087981257,0.4540039087981257
0.21363636363636362,0.21363636363636362,0.05,0.8834883996659579,0.643217032006681,0.643217032006681
0.868181818181818,0.1318181818181818,0.6227272727272727,0.9067555276843458,0.5132832894463131,0.5132832894463131
0.1318181818181818,0.3772727272727272,0.7863636363636363,0.9052933726257697,0.49254453254748454,0.49254453254748454
0.7045454545454545,0.05,0.7045454545454545,0.887257409006192,0.6116808518198762,0.6116808518198762
0.7863636363636363,0.2954545454545454,0.05,0.9015323560539781,0.6596573528789206,0.6596573528789206
0.5409090909090909,0.7045454545454545,0.7045454545454545,0.9114038405432362,0.6510359231891353,0.6510359231891353
0.868181818181818,0.1318181818181818,0.21363636363636362,0.8983699944436594,0.5650870001111269,0.5650870001111269
0.3772727272727272,0.6227272727272727,0.05,1.0087784701275273,0.7362950855130493,0.7362950855130493
0.7755811518137551,0.7234337213452925,0.21606891742073958,0.8914630439526072,0.5877467391209478,0.5877467391209478
0.5409090909090909,0.459090909090909,0.95,0.8897780769006728,0.6573360384619865,0.6573360384619865
