OutdoorTemp,SolarRadiation,Occupancy,WindowPosition,Temperature,Humidity,CO2,LightLevel,NoiseDB,AirQuality,PMV,HVACPower,LightingPower,EnergyConsumption,Satisfaction
7,0,0,0,21.82,45.1,449.6,144.2,29.9,80.8,-0.088,50,30,48.18,89.16
7,0,0,0,21.85,45.03,452.8,166.7,29.4,83.3,-0.073,50,30,48.18,90.17
7,0,0,0.012,21.81,45.28,453.8,151,29.2,83.9,-0.095,50,30,48.18,89.69
7,0,0,0,21.9,45.62,452.9,160.7,29.5,82.7,-0.051,50,30,48.18,90.33
7,0,0,0.023,21.76,45.66,452.9,146.2,30.2,82.2,-0.12,50,30,48.18,89.34
7,0,0,0.004,21.86,45.25,455.3,150.8,29.9,81.7,-0.07,50,30,48.18,89.65
7,0,0,0.001,21.91,45.54,453.6,145.4,30.9,81.8,-0.046,50,30,48.18,89.78
7,0,0,0,22.06,45.5,457.8,148.4,31.7,82.2,0.027,50,30,48.18,90.04
7.01,0,0,0,22.06,45.21,458.1,157.7,29.9,81.5,0.032,50,30,48.18,90.11
7.01,0,0,0,21.97,45.57,460.5,156.9,30.6,81.8,-0.016,50,30,48.18,90.36
7.01,0,0,0,22.12,45.84,461.4,147.4,30.6,82.4,0.06,50,30,48.18,89.91
7.01,0,0,0,22.09,45.75,464.3,159,30.1,82.2,0.045,50,30,48.18,90.32
7.01,0,0,0,21.9,45.97,462.5,0,28.9,82.8,-0.05,0,0,0,81.39
7.01,0,0,0.012,21.82,45.98,463.8,140,30.9,81.7,-0.089,50,30,48.18,89.45
7.02,0,0,0,21.86,46.17,463.9,157.7,29.7,81.3,-0.072,50,30,48.18,90.14
7.02,0,0,0.014,21.84,46.31,461.7,162,30.3,82.7,-0.078,50,30,48.18,90.42
7.02,0,0,0.002,22,46.09,459.3,155,31.1,83.6,0.001,50,30,48.18,90.79
7.02,0,0,0.014,22.03,45.82,457.1,142.2,31.3,83,0.016,50,30,48.18,90.13
7.03,0,0,0,22.07,45.3,459.8,148.4,27.4,82,0.035,50,30,48.18,89.89
7.03,0,0,0,22.06,45.64,462.9,143.3,28.4,82.4,0.028,50,30,48.18,89.95
7.03,0,0,0,22.07,45.89,461.4,146,30.6,81.9,0.036,50,30,48.18,90.02
7.04,0,0,0,22.1,45.55,458.7,143.2,30.6,81.6,0.051,50,30,48.18,89.66
7.04,0,0,0.012,22.05,45.39,457.1,147.2,29.9,81.6,0.024,50,30,48.18,89.93
7.04,0,0,0.019,22.01,46.05,458.5,0,30.3,81.3,0.004,0,0,0,81.62
7.05,0,0,0.022,22.06,45.69,457.2,144.5,31,80.9,0.03,50,30,48.18,89.84
7.05,0,0,0.029,21.77,45.69,458,142.3,28.2,80.6,-0.115,50,30,48.18,89.11
7.06,0,0,0.009,21.89,45.74,459.7,169.4,29.8,81.7,-0.055,50,30,48.18,90.5
7.06,0,0,0,21.91,46.17,458.2,146.6,28.7,84.7,-0.045,50,30,48.18,90.35
7.06,0,0,0,21.86,45.92,455.6,151.4,30.2,84.4,-0.071,50,30,48.18,90.18
7.07,0,0,0,21.89,46.24,456.4,146.6,30.4,85.9,-0.055,50,30,48.18,90.42
7.07,0,0,0.013,21.96,46.05,457.5,138.4,30.5,87.2,-0.021,50,30,48.18,90.49
7.08,0,0,0,21.89,46.24,457.6,159,28.7,84.8,-0.055,50,30,48.18,90.68
7.08,0,0,0,22.07,45.78,454.6,137.3,29.5,84.2,0.035,50,30,48.18,89.95
7.09,0,0,0.008,21.91,45.76,455.8,157,29.4,84,-0.045,50,30,48.18,90.44
7.09,0,0,0.016,22.06,45.9,454.8,161.4,30.5,85.5,0.028,50,30,48.18,90.9
7.1,0,0,0.029,21.83,45.67,453.2,141.7,28.7,85.5,-0.084,50,30,48.18,89.81
7.1,0,0,0.021,21.99,45.1,455.3,138.9,30.7,86.1,-0.005,50,30,48.18,90.16
7.11,0,0,0,22,45.31,456.1,149.8,29.5,86,0.001,50,30,48.18,90.59
7.12,0,0,0,22.05,45.05,452.8,496.6,28.4,88.5,0.025,100,100,100,95.85
7.12,0,0,0,22.12,45.37,454.4,159.7,29.5,89.1,0.06,50,30,48.18,90.77
7.13,0,0,0.016,21.98,45.91,455.9,168.1,28.5,88.8,-0.007,50,30,48.18,91.6
7.13,0,0,0.021,21.97,46.24,456.8,144.7,31.2,89.7,-0.014,50,30,48.18,91.05
7.14,0,0,0.016,21.93,46.22,455,154.1,30.1,91.7,-0.036,50,30,48.18,91.36
7.15,0,0,0.009,21.92,45.6,455.2,142.6,32.7,92.6,-0.038,50,30,48.18,90.86
7.15,0,0,0.015,21.97,45.79,457,143.7,29.3,93.8,-0.017,50,30,48.18,91.25
7.16,0,0,0.021,22.01,45.8,454,514.8,31.4,95.2,0.006,100,100,100,96.75
7.17,0,0,0.016,21.85,45.85,455.4,136.2,30.2,93.7,-0.074,50,30,48.18,90.6
7.17,0,0,0.025,21.66,45.44,455.8,136.6,32.4,93.4,-0.169,50,30,48.18,89.72
7.18,0,0,0.002,21.84,45.01,455.3,141.5,30,93.5,-0.08,50,30,48.18,90.38
7.19,0,0,0.008,21.76,45.45,456.7,145.2,31,93.9,-0.121,50,30,48.18,90.39
7.2,0,0,0.024,21.75,45.32,454.6,148.9,30.3,94.4,-0.125,50,30,48.18,90.48
7.21,0,0,0.041,21.78,44.85,454.1,134.1,29.3,91.1,-0.109,50,30,48.18,89.64
7.21,0,0,0.034,21.93,45.12,458,502,30.7,93.5,-0.035,100,100,100,96.24
7.22,0,0,0.037,21.93,45.68,459.3,151.3,30.8,94.5,-0.034,50,30,48.18,91.37
7.23,0,0,0.022,21.93,45.58,458.3,150.2,29.2,95.4,-0.034,50,30,48.18,91.39
7.24,0,0,0.023,21.84,45.53,456.7,130.1,29,97.7,-0.081,50,30,48.18,90.65
7.25,0,0,0.007,21.85,45.34,452.8,159.9,30.9,98.4,-0.074,50,30,48.18,91.59
7.25,0,0,0.026,21.74,45.69,452.7,131.7,30,96.8,-0.129,50,30,48.18,90.31
7.26,0,0,0.038,21.68,45.7,452.2,140,29,97.2,-0.161,50,30,48.18,90.36
7.27,0,0,0.039,21.53,45.99,447.9,135.4,31.7,97,-0.232,50,30,48.18,89.77
7.28,0,0,0.046,21.47,46.18,445.1,169.1,30.8,99.3,-0.265,50,30,48.18,90.85
7.29,0,0,0.045,21.41,46.27,444.3,131.1,29.8,98.2,-0.291,50,30,48.18,89.44
7.3,0,0,0.058,21.3,46.2,445.2,138.8,31.4,98.8,-0.349,50,30,48.18,89.25
7.31,0,0,0.048,21.31,46.51,449.1,146.3,28.9,98.7,-0.344,50,30,48.18,89.63
7.32,0,0,0.039,21.4,46.67,449.6,149.9,31.1,97.2,-0.296,50,30,48.18,90.01
7.33,0,0,0.01,21.58,46.54,447.5,148.4,31.3,96.5,-0.209,50,30,48.18,90.5
7.34,0,0,0.005,21.69,46.37,444.6,150,30,98.3,-0.154,50,30,48.18,91.07
7.35,0,0,0,21.63,46.74,443.6,158.1,30.6,98.8,-0.185,50,30,48.18,91.27
7.36,0,0,0.022,21.8,46.47,445.2,154.1,28.8,98.4,-0.097,50,30,48.18,91.67
7.37,0,0,0.022,21.99,46.33,446.9,180.4,28.7,98.2,-0.005,50,30,48.18,93.08
7.38,0,0,0.035,21.88,46.11,447.5,147.2,30.8,97.9,-0.06,50,30,48.18,91.56
7.39,0,0,0.01,21.95,46.41,447.9,157.9,29.8,99.2,-0.025,50,30,48.18,92.38
7.4,0,0,0.013,21.75,46.78,449.5,146.6,30.7,100,-0.126,50,30,48.18,91.51
7.41,0,0,0.005,21.87,46.69,452.5,155.3,31.2,99.1,-0.062,50,30,48.18,92.12
7.42,0,0,0,21.87,46.71,453.9,167,31.4,97.4,-0.065,50,30,48.18,92.29
7.44,0,0,0.015,21.84,46.8,455.6,135.6,30.9,97.2,-0.082,50,30,48.18,91.23
7.45,0,0,0.014,21.77,46.24,455.2,499.2,29.8,96,-0.116,100,100,100,96.33
7.46,0,0,0,21.93,46.22,455.4,156.6,29.4,94.6,-0.037,50,30,48.18,91.72
7.47,0,0,0,21.99,46.06,452.3,142.6,30.4,94.9,-0.006,50,30,48.18,91.51
7.48,0,0,0,21.98,45.94,454.3,167,31.2,94.1,-0.012,50,30,48.18,92.07
7.49,0,0,0,22.02,45.5,452.9,143.8,29.9,95.7,0.01,50,30,48.18,91.38
7.51,0,0,0,21.8,44.96,452,147,30.5,96.4,-0.097,50,30,48.18,90.68
7.52,0,0,0.02,21.89,45.31,450.4,503.9,31.5,97.5,-0.056,100,100,100,96.53
7.53,0,0,0.031,21.94,45.17,453.8,7.6,29.4,95.4,-0.028,0,0,0,83.09
7.54,0,0,0.05,21.7,44.78,451.8,144.7,30.7,95.4,-0.15,50,30,48.18,90.06
7.56,0,0,0.049,21.8,44.6,452.5,144.6,30.2,94.2,-0.101,50,30,48.18,90.23
7.57,0,0,0.063,21.78,44.83,450.4,150.1,31.7,94.9,-0.11,50,30,48.18,90.49
7.58,0,0,0.035,21.83,44.41,453.2,162.4,28,95,-0.083,50,30,48.18,90.91
7.6,0,0,0.046,21.59,44.41,451.2,121,28.6,93.2,-0.201,50,30,48.18,88.59
7.61,0,0,0.057,21.44,44.28,450.3,144.3,31.8,93.6,-0.278,50,30,48.18,88.72
7.62,0,0,0.039,21.56,44.24,449.7,158.8,30.1,94.6,-0.218,50,30,48.18,89.68
7.64,0,0,0.058,21.51,43.99,449.3,168.7,29.2,93.7,-0.243,50,30,48.18,89.62
7.65,0,0,0.04,21.56,44.72,449.4,158,28.2,94.5,-0.218,50,30,48.18,89.84
7.66,0,0,0.038,21.67,44.62,450.7,143,29,96.7,-0.161,50,30,48.18,89.99
7.68,0,0,0.012,21.82,44.72,448.7,146.7,30.6,96.3,-0.091,50,30,48.18,90.63
7.69,0,0,0.009,21.64,44.57,449.5,182.3,31,96.8,-0.176,50,30,48.18,91.05
7.71,0,0,0,21.64,45.01,448.7,144.4,30,96.8,-0.179,50,30,48.18,90.06
7.72,0,0,0.014,21.77,45.18,449.4,143,28.6,96.1,-0.113,50,30,48.18,90.5
7.73,0,0,0,21.66,45.17,449.9,160.3,29.6,94.6,-0.167,50,30,48.18,90.47
7.75,0,0,0.023,21.8,45.32,446.8,144.9,28.1,96.5,-0.1,50,30,48.18,90.75
7.76,0,0,0.035,21.79,45.44,447.3,503.5,29.8,97.6,-0.102,100,100,100,96.25
7.78,0,0,0.041,21.71,45.47,447.3,141.8,30,98.6,-0.142,50,30,48.18,90.6
7.79,0,0,0.024,21.99,45.81,444.1,143.2,31.2,100,-0.007,50,30,48.18,91.93
7.81,0,0,0.016,22.14,45.77,442.4,150.2,30.2,100,0.072,50,30,48.18,91.64
7.83,0,0,0.015,21.94,45.95,442.6,158.7,30,100,-0.029,50,30,48.18,92.28
7.84,0,0,0,22.01,46.17,441.2,136.3,29.8,98.1,0.004,50,30,48.18,91.68
7.86,0,0,0.024,21.79,45.96,442,156.8,29.1,98.5,-0.103,50,30,48.18,91.53
7.87,0,0,0.011,21.73,45.97,441.2,131.6,30.3,96.9,-0.134,50,30,48.18,90.38
7.89,0,0,0.015,21.72,46.6,442.7,142.7,30,96.8,-0.138,50,30,48.18,90.92
7.9,0,0,0.016,21.8,46.9,444.1,512.1,30.9,98.6,-0.099,100,100,100,96.83
7.92,0,0,0.016,21.7,46.76,443.9,170.5,30.2,98.1,-0.151,50,30,48.18,91.84
7.94,0,0,0.028,21.8,46.72,444.4,158.6,29.1,98,-0.098,50,30,48.18,91.86
7.95,0,0,0.004,21.88,46.76,443.8,153.5,29.1,97.3,-0.059,50,30,48.18,91.94
7.97,0,0,0,21.93,46.48,444.8,139.4,28.9,96.8,-0.033,50,30,48.18,91.55
7.99,0,0,0.019,21.84,46.37,446.1,145.3,29.9,98.5,-0.081,50,30,48.18,91.5
8,0,0,0,22,46.02,447.6,495.6,32.1,99.4,-0.002,100,100,100,97.48
8.02,0,0,0,22.09,46.16,448.1,152.8,31,98.5,0.044,50,30,48.18,91.93
8.04,0,0,0.008,22.12,46.74,446.2,141.2,28.9,99.1,0.061,50,30,48.18,91.72
8.05,0,0,0,22.17,46.85,446.7,146.5,30.8,99.3,0.085,50,30,48.18,91.77
8.07,0,0,0,22.17,46.37,446.2,153.1,31.6,99.4,0.082,50,30,48.18,91.81
8.09,0,0,0.012,22.05,46.48,444.5,142.8,28.9,99.2,0.026,50,30,48.18,91.94
8.11,0,0,0,22.11,45.95,443.9,143.4,31.4,99.8,0.056,50,30,48.18,91.6
8.12,0,0,0,21.98,45.64,442.5,169.8,30.5,99,-0.008,50,30,48.18,92.56
8.14,0,0,0.009,21.93,46.01,442.4,147.8,30.3,99.8,-0.034,50,30,48.18,91.92
8.16,0,0,0.021,22.05,46.46,439.6,129,29.4,100,0.025,50,30,48.18,91.61
8.18,0,0,0.019,21.99,46.36,436.3,149.8,31,98.6,-0.003,50,30,48.18,92.22
8.2,0,0,0.019,21.87,46.52,436.7,154,31,97.2,-0.063,50,30,48.18,91.82
8.22,0,0,0.014,22.06,46.14,437.5,145.4,30.4,97,0.03,50,30,48.18,91.64
8.23,0,0,0.036,21.91,46.36,436.6,160.9,31.4,95.3,-0.047,50,30,48.18,91.9
8.25,0,0,0.055,21.64,46.22,434,158.4,30.6,95.3,-0.176,50,30,48.18,90.8
8.27,0,0,0.039,21.74,46.13,435.9,155.2,28.8,96,-0.128,50,30,48.18,91.11
8.29,0,0,0.046,21.8,46.3,435.7,155.2,30.7,97.1,-0.101,50,30,48.18,91.48
8.31,0,0,0.033,21.77,46.48,436.7,140.1,30.9,96,-0.114,50,30,48.18,90.89
8.33,0,0,0.024,21.84,45.88,433.7,143.6,30.7,97.8,-0.081,50,30,48.18,91.19
8.35,0,0,0.004,21.77,45.84,437.1,151.7,31.1,98,-0.115,50,30,48.18,91.19
8.37,0,0,0.016,21.92,45.22,436.8,0,29,98,-0.038,0,0,0,82.72
8.39,0,0,0.019,21.95,45.95,431.3,146.3,30.1,98.7,-0.023,50,30,48.18,91.82
8.41,0,0,0.037,21.86,45.57,428.9,157.3,31,100,-0.069,50,30,48.18,91.8
8.43,0,0,0.025,21.89,45.32,428.5,0,30.3,99.7,-0.055,0,0,0,82.8
8.45,0,0,0.04,21.78,45.35,428.8,160.8,30,99.9,-0.111,50,30,48.18,91.5
8.47,0,0,0.023,21.72,45.39,430.6,162.5,30,99.4,-0.137,50,30,48.18,91.32
8.49,0,0,0.021,21.65,44.95,429.8,140.5,29.8,100,-0.174,50,30,48.18,90.27
8.51,0,0,0.013,21.67,44.85,431.1,132.8,30.5,99.2,-0.165,50,30,48.18,90
8.53,0,0,0,21.7,44.49,432.4,144.1,30.4,100,-0.148,50,30,48.18,90.4
8.55,0,0,0.007,21.87,44.26,431.8,174.1,30.8,99.3,-0.065,50,30,48.18,91.77
8.57,0,0,0.008,21.68,44.47,429.1,158.6,29,100,-0.16,50,30,48.18,90.74
8.59,0,0,0.023,21.86,44.54,429.2,152,29.6,100,-0.069,50,30,48.18,91.25
8.61,0,0,0.004,21.78,44.95,430,141.7,30.2,99.5,-0.111,50,30,48.18,90.74
8.63,0,0,0,21.88,45.1,428.9,140.7,31.2,100,-0.058,50,30,48.18,91.21
8.65,0,0,0.01,21.88,44.88,429.8,133.9,30.5,100,-0.057,50,30,48.18,90.93
8.67,0,0,0.016,21.9,45.07,430.4,150.7,29.5,99.5,-0.048,50,30,48.18,91.52
8.7,0,0,0,22.07,44.83,431.8,144.1,29.7,100,0.033,50,30,48.18,91.39
8.72,0,0,0.014,22.05,44.47,434.1,507.8,31.3,100,0.023,100,100,100,96.67
8.74,0,0,0,22.18,44.4,432.4,158.5,31.3,99.5,0.091,50,30,48.18,91.18
8.76,0,0,0.006,22.21,44.02,434.5,152,29.3,100,0.102,50,30,48.18,90.81
8.78,0,0,0,22.28,44.06,432.4,158.2,30.4,100,0.136,50,30,48.18,90.75
8.8,0,0,0,22.31,43.88,432.4,170.4,29.3,100,0.154,50,30,48.18,90.92
8.83,0,0,0,22.13,43.6,433.6,138.1,30.1,99.3,0.063,50,30,48.18,90.46
8.85,0,0,0,22.15,43.73,432,151.8,28.5,100,0.076,50,30,48.18,90.89
8.87,0,0,0.005,22.1,44.11,433.4,149.2,30.4,100,0.052,50,30,48.18,91.14
8.89,0,0,0.011,22.12,43.93,429.9,168.8,28.8,99.5,0.06,50,30,48.18,91.55
8.92,0,0,0.026,22.05,44.07,434.4,157.2,31.2,99.5,0.027,50,30,48.18,91.5
8.94,0,0,0.027,22.1,44.23,437.2,2.6,29.6,100,0.048,0,0,0,82.68
8.96,0,0,0.015,22.15,44.66,435.2,171.9,31.5,98,0.072,50,30,48.18,91.68
8.99,0,0,0.022,22.08,44.86,435.3,153.4,31.7,98.9,0.038,50,30,48.18,91.54
9.01,0,0,0.011,21.88,45.51,435.7,142.3,31.2,98.2,-0.058,50,30,48.18,91.22
9.03,0,0,0.015,21.87,45.29,434.6,156.5,29.7,98,-0.062,50,30,48.18,91.52
9.05,0,0,0,22.07,45.12,436.1,153.2,30.5,98.7,0.033,50,30,48.18,91.65
9.08,0,0,0.021,21.83,45.11,434.2,158.4,29.7,100,-0.086,50,30,48.18,91.53
9.1,0,0,0,21.87,44.96,433.1,144.7,30.4,100,-0.063,50,30,48.18,91.24
9.13,0,0,0,21.92,45.14,437.8,149.6,29,97.7,-0.038,50,30,48.18,91.41
9.15,0,0,0,21.91,45.37,434.5,149.7,31.7,98.5,-0.044,50,30,48.18,91.53
9.17,0,0,0,21.97,45.32,434.7,152.7,30.8,99.6,-0.014,50,30,48.18,91.94
9.2,0,0,0,22.08,44.97,440.4,157.6,27.7,99.9,0.041,50,30,48.18,91.79
9.22,0,0,0,22.22,45.17,438,149.4,30.5,100,0.11,50,30,48.18,91.11
9.25,0,0,0.017,22.16,45.09,438.6,143.2,28.7,100,0.078,50,30,48.18,91.13
9.27,0,0,0.033,22.23,45.01,437.9,3.2,31.1,99.8,0.114,0,0,0,82.48
9.29,0,0,0.012,22.19,44.75,436,151,29.6,99.5,0.092,50,30,48.18,91.08
9.32,0,0,0.016,22.07,44.73,437.1,150.1,30.3,97.7,0.034,50,30,48.18,91.3
9.34,0,0,0.012,21.94,44.3,436,131.1,32.3,97.2,-0.03,50,30,48.18,90.55
9.37,0,0,0.026,22.23,44.35,435.6,152.6,29.9,96.5,0.114,50,30,48.18,90.51
9.39,0,0,0.025,22.06,44.14,431.3,135.1,30.2,97.2,0.03,50,30,48.18,90.61
9.42,0,0,0.031,21.82,44.23,430.8,146.6,29.8,99.9,-0.088,50,30,48.18,90.82
9.44,0,0,0.033,21.65,44.07,427.7,163,31,98.5,-0.175,50,30,48.18,90.46
9.47,0,0,0.052,21.72,44.06,430.1,158.1,30,98.7,-0.136,50,30,48.18,90.62
9.49,0,0,0.035,21.63,44.39,431.9,138.4,29.7,99.1,-0.182,50,30,48.18,89.85
9.52,0,0,0.019,21.84,43.69,431.1,151.9,31.2,98.5,-0.081,50,30,48.18,90.69
9.54,0,0,0.013,21.9,43.8,431.6,155.5,29.7,99.6,-0.048,50,30,48.18,91.2
9.57,0,0,0.003,21.81,43.78,434.2,137.3,29.9,99.9,-0.096,50,30,48.18,90.31
9.6,0,0,0.008,21.58,43.47,431.5,156.4,29.3,100,-0.205,50,30,48.18,89.96
9.62,0,0,0.031,21.72,44.17,432.7,156.3,29.9,99.5,-0.138,50,30,48.18,90.68
9.65,0,0,0.024,21.75,43.96,434.8,128.6,29.5,98.3,-0.123,50,30,48.18,89.76
9.67,0,0,0.039,21.7,44.07,436.2,154.7,30.3,97.1,-0.149,50,30,48.18,90.26
9.7,0,0,0.052,21.75,43.88,434.9,141,31.2,98.3,-0.122,50,30,48.18,90.11
9.73,0,0,0.067,21.62,44.13,437.5,1.4,29.3,97.2,-0.187,0,0,0,81.22
9.75,0,0,0.05,21.68,44.92,437,514.5,30,99.1,-0.16,100,100,100,95.67
9.78,0,0,0.027,21.76,45.11,437.2,150.7,32,100,-0.119,50,30,48.18,91.06
9.8,0,0,0.012,21.91,45.01,440.2,142,32,100,-0.045,50,30,48.18,91.31
9.83,0,0,0.024,21.85,45.17,438.8,154.5,31.1,100,-0.073,50,30,48.18,91.53
9.86,0,0,0,21.87,45.04,436.5,149.7,30.1,99.8,-0.062,50,30,48.18,91.4
9.88,0,0,0.023,21.9,44.88,435.2,161.1,28.9,100,-0.05,50,30,48.18,91.79
9.91,0,0,0.034,21.95,44.5,437.5,141.1,30.8,99.9,-0.023,50,30,48.18,91.25
9.94,0,0,0.042,21.93,44.47,437.2,144.1,28.7,100,-0.037,50,30,48.18,91.23
9.97,0,0,0.024,21.98,44.3,438.5,145.4,30.7,99.2,-0.01,50,30,48.18,91.34
9.99,0,0,0,21.99,44.11,439.9,163.3,29.6,100,-0.006,50,30,48.18,91.9
10.02,0,0,0,22,44,439.2,0,30.3,100,0.001,0,0,0,82.74
10.05,0,0,0.007,22.04,44.03,437.8,146.3,30.4,100,0.022,50,30,48.18,91.25
10.07,0,0,0.012,21.86,44.28,438.7,162.4,29.4,100,-0.07,50,30,48.18,91.46
10.1,0,0,0,21.84,43.79,439.4,141.1,28.8,100,-0.081,50,30,48.18,90.56
10.13,0,0,0,21.95,43.83,439.7,154.3,30.4,100,-0.026,50,30,48.18,91.38
10.16,0,0,0,22.07,44.26,441.3,146,30,100,0.033,50,30,48.18,91.24
10.19,0,0,0,22.25,44.59,440.5,141,29.1,99.5,0.124,50,30,48.18,90.48
10.21,0,0,0,22.22,44.83,439.8,148.3,31,100,0.11,50,30,48.18,90.95
10.24,0,0,0.003,22.17,44.84,438.7,141.5,29.9,100,0.083,50,30,48.18,90.95
10.27,0,0,0,22.37,45.24,438.8,140.6,31.1,99.3,0.181,50,30,48.18,90.27
10.3,0,0,0.018,22.32,45.15,436.8,9.5,31.9,97.1,0.158,0,0,0,82.42
10.33,0,0,0.04,22.06,45.02,433.1,154.1,30.2,96.3,0.032,50,30,48.18,91.41
10.35,0,0,0.028,21.89,45.18,431.7,157.2,30,96,-0.054,50,30,48.18,91.37
10.38,0,0,0.02,21.82,44.82,432.7,145.4,28.9,97,-0.088,50,30,48.18,90.72
10.41,0,0,0,21.98,44.74,433.2,161.3,29.9,96.7,-0.01,50,30,48.18,91.72
10.44,0,0,0,21.95,44.7,436.1,162.3,30.5,99.5,-0.025,50,30,48.18,91.9
10.47,0,0,0,22.21,44.84,434,161.9,29.9,99.1,0.105,50,30,48.18,91.31
10.5,0,0,0.014,22.07,44.44,435.4,146,31.9,99.6,0.035,50,30,48.18,91.25
10.53,0,0,0.024,21.91,44.11,434.5,152.7,31,97.6,-0.042,50,30,48.18,91.07
10.56,0,0,0.026,21.85,44.22,434.3,163.7,29.8,96.6,-0.072,50,30,48.18,91.12
10.58,0,0,0.005,21.92,44.51,432.6,144.7,30.9,97.1,-0.04,50,30,48.18,90.95
10.61,0,0,0.005,22.06,44.4,434.6,148.2,29.7,98.9,0.029,50,30,48.18,91.27
10.64,0,0,0.014,22.09,44.02,435.8,161.1,30.1,99.4,0.043,50,30,48.18,91.47
10.67,0,0,0.036,22.05,44,434.8,148.5,29.9,100,0.026,50,30,48.18,91.27
10.7,0,0,0.053,21.84,44.02,437.5,151.7,29.5,100,-0.078,50,30,48.18,90.98
10.73,0,0,0.043,21.63,44.4,438.2,140.8,31,99.6,-0.183,50,30,48.18,89.96
10.76,0,0,0.021,21.72,44.3,438.2,148.1,30.8,100,-0.139,50,30,48.18,90.52
10.79,0,0,0.014,21.71,44.33,435.3,146.3,27.4,100,-0.141,50,30,48.18,90.46
10.82,0,0,0,21.77,44.02,436.5,149.1,31,100,-0.113,50,30,48.18,90.64
10.85,0,0,0,21.8,43.74,437.2,0,28.6,100,-0.101,0,0,0,81.89
10.88,0,0,0.008,21.89,44.26,438.1,145.2,27.5,100,-0.053,50,30,48.18,91.07
10.91,0,0,0.02,21.92,44.32,438.4,148.4,30.4,100,-0.042,50,30,48.18,91.27
10.94,0,0,0.002,21.96,44.22,441.7,142.7,30.1,99.3,-0.022,50,30,48.18,91.14
10.97,0,0,0.004,22.07,43.96,443.6,156.9,30,100,0.034,50,30,48.18,91.45
11,0,0,0,21.91,43.87,442.8,156,31.5,100,-0.047,50,30,48.18,91.29
11.03,0,0,0,21.87,44.11,439.9,163.5,31,100,-0.063,50,30,48.18,91.48
11.06,0,0,0.01,21.7,43.67,442.3,162.8,27.7,99.3,-0.147,50,30,48.18,90.59
11.09,0,0,0.005,21.62,44.07,445.4,154.5,30.1,98.1,-0.188,50,30,48.18,90.07
11.12,0,0,0.02,21.61,44.19,444.7,160.1,29.2,99.2,-0.19,50,30,48.18,90.38
11.15,0,0,0.014,21.78,43.98,444.6,136.5,28.6,98.6,-0.11,50,30,48.18,90.13
11.18,0,0,0,21.87,44.12,442.4,155.4,29.8,97.2,-0.065,50,30,48.18,90.95
11.21,0,0,0.02,21.68,44.17,441.6,151.9,31.3,97.3,-0.157,50,30,48.18,90.18
11.24,0,0,0.024,21.64,44.94,440.7,150.3,29.9,96.6,-0.178,50,30,48.18,90.2
11.28,0,0,0.033,21.66,44.95,440.1,152.8,29.6,96.7,-0.169,50,30,48.18,90.36
11.31,0,0,0.049,21.65,45.27,444.7,503.6,30.9,97.2,-0.174,100,100,100,95.61
11.34,0,0,0.031,21.9,45.67,443,152.9,31.4,99.6,-0.05,50,30,48.18,91.81
11.37,0,0,0.046,21.84,45.47,444.2,144,30.2,98.6,-0.078,50,30,48.18,91.16
11.4,0,0,0.044,21.8,45.8,444.4,147.6,30.8,99,-0.098,50,30,48.18,91.28
11.43,0,0,0.046,21.72,46.05,445.2,156.8,30.6,100,-0.139,50,30,48.18,91.44
11.46,0,0,0.042,21.59,45.94,445.2,164.6,31.4,100,-0.202,50,30,48.18,91.16
11.49,0,0,0.041,21.45,46.25,446.6,0,29.3,100,-0.273,0,0,0,81.54
11.52,0,0,0.045,21.61,45.82,448,154.3,31.3,100,-0.193,50,30,48.18,90.88
11.56,0,0,0.053,21.55,45.94,444.6,167.4,31.4,100,-0.222,50,30,48.18,91.1
11.59,0,0,0.042,21.49,45.44,446.9,144.3,29.5,100,-0.253,50,30,48.18,89.98
11.62,0,0,0.055,21.51,45.69,440.7,146.9,29.6,100,-0.245,50,30,48.18,90.21
11.65,0,0,0.028,21.61,45.25,441.4,165.9,30.5,99.8,-0.195,50,30,48.18,90.98
11.68,0,0,0.001,21.62,45.35,444.1,138.1,28.8,100,-0.189,50,30,48.18,90.24
11.71,0,0,0,21.7,45.92,441.4,126.9,31.4,99.9,-0.148,50,30,48.18,90.42
11.75,0,0,0,21.69,45.42,441.7,142.4,30.5,99.8,-0.153,50,30,48.18,90.65
11.78,0,0,0.008,21.66,45.39,440.7,146.8,31.4,99.1,-0.168,50,30,48.18,90.59
11.81,0,0,0.01,21.77,45.72,439.1,149.7,29.7,99.7,-0.116,50,30,48.18,91.24
11.84,0,0,0,21.86,45.57,435.8,143.4,28.6,100,-0.068,50,30,48.18,91.39
11.87,0,0,0,22.11,45.51,432.7,502.6,31,99.9,0.054,100,100,100,96.87
11.91,0,0,0.01,22.05,45,430.6,160.1,29.7,100,0.026,50,30,48.18,92
11.94,0,0,0.017,22.06,45.17,431,159.2,29.8,100,0.029,50,30,48.18,92
11.97,0,0,0.027,21.86,44.8,433.3,132.4,30.5,100,-0.068,50,30,48.18,90.77
12,0,0,0.025,21.84,45.01,435.2,162.9,30.2,98.8,-0.077,50,30,48.18,91.58
12.04,0,0,0.017,21.86,45.49,436.1,160.3,30.2,98.4,-0.069,50,30,48.18,91.7
12.07,0,0,0.016,21.86,46.04,433.3,164.9,30.3,98.2,-0.07,50,30,48.18,92.01
12.1,0,0,0,21.82,45.88,431,148.4,28.9,97,-0.09,50,30,48.18,91.19
12.13,0,0,0,21.72,45.38,430.6,162.8,31,97.9,-0.141,50,30,48.18,91.14
12.17,0,0,0,21.8,45.78,427.1,165.3,31,98.7,-0.099,50,30,48.18,91.77
12.2,0,0,0,21.97,45.23,426,148.5,29.6,98.5,-0.014,50,30,48.18,91.67
12.23,0,0,0.004,21.96,45.13,427.4,153.2,29.5,98.1,-0.019,50,30,48.18,91.69
12.26,0,0,0,22.05,44.96,427.6,156.3,31.4,99.7,0.027,50,30,48.18,91.83
12.3,0,0,0.024,22.11,44.76,427.7,516.8,31.3,100,0.052,100,100,100,96.47
12.33,0,0,0.003,22.1,44.29,429.4,160.6,29.2,100,0.051,50,30,48.18,91.56
12.36,0,0,0.002,22.1,44.61,426.6,151.9,30.4,100,0.052,50,30,48.18,91.4
12.4,0,0,0.004,22.05,44.31,429.1,166.3,30.6,99.3,0.026,50,30,48.18,91.85
12.43,0,0,0.021,22.03,44.93,433.5,155.7,32.5,100,0.016,50,30,48.18,91.91
12.46,0,0,0.031,21.98,45.28,436,130.6,30,99.6,-0.012,50,30,48.18,91.28
12.49,0,0,0.03,21.87,44.57,438.1,160.2,30.2,99.9,-0.064,50,30,48.18,91.54
12.53,0,0,0.02,21.7,44.56,440.7,146.3,29,99.5,-0.149,50,30,48.18,90.45
12.56,0,0,0.02,21.64,44.37,437.8,135.3,30.8,99.6,-0.177,50,30,48.18,89.84
12.59,0,0,0.006,21.67,44.3,439.9,142.5,29.4,100,-0.165,50,30,48.18,90.16
12.63,0,0,0.022,21.69,44.34,440.2,161.8,31,98.7,-0.151,50,30,48.18,90.73
12.66,0,0,0.04,21.79,44.05,436.6,142.9,30.4,98.8,-0.105,50,30,48.18,90.4
12.69,0,0,0.039,21.65,44.3,436.4,140.5,29.3,97.1,-0.173,50,30,48.18,89.75
12.73,0,0,0.049,21.48,44.38,434,139,31.2,97.6,-0.257,50,30,48.18,89.16
12.76,0,0,0.057,21.6,44.18,434.3,151.2,28.7,98,-0.2,50,30,48.18,89.91
12.79,0,0,0.026,21.56,44.31,433.5,143.9,29.8,98.1,-0.219,50,30,48.18,89.61
12.83,0,0,0.027,21.59,44.47,429.6,7.1,30.6,97.8,-0.204,0,0,0,81.72
12.86,0,0,0.035,21.53,44.19,429.4,142.1,31.1,98.5,-0.23,50,30,48.18,89.47
12.9,0,0,0.034,21.68,44.52,431.8,137.8,31.4,100,-0.158,50,30,48.18,90.15
12.93,0,0,0.031,21.77,44.32,431.4,146,30.9,100,-0.113,50,30,48.18,90.65
12.96,0,0,0.03,21.82,44.29,431.6,145.5,30.5,99.2,-0.091,50,30,48.18,90.73
13,0,0,0.043,21.87,44.19,430.1,157.9,29.6,99.2,-0.063,50,30,48.18,91.27
13.03,0,0,0.029,21.92,44.32,427.2,138.2,30.3,99.3,-0.038,50,30,48.18,90.92
13.06,0,0,0.036,21.73,44.29,428.5,146.8,30.3,100,-0.134,50,30,48.18,90.52
13.1,0,0,0.02,21.63,44.07,429.2,128.4,30.4,100,-0.184,50,30,48.18,89.51
13.13,0,0,0.005,21.67,43.75,425.4,135.6,30.3,99.8,-0.162,50,30,48.18,89.75
13.17,0,0,0,21.76,43.74,425.7,160.9,30.5,100,-0.118,50,30,48.18,90.85
13.2,0,0,0.015,21.91,43.52,429.7,159.8,30.4,100,-0.042,50,30,48.18,91.31
13.23,0,0,0.02,22.08,43.05,431.4,152.7,30.3,100,0.039,50,30,48.18,90.94
13.27,0,0,0.009,22.13,43.25,432.8,149.8,30.1,100,0.063,50,30,48.18,90.75
13.3,0,0,0.01,22.02,43.12,430.7,160.5,30.9,100,0.01,50,30,48.18,91.42
13.34,0,0,0.006,21.92,43.06,431.2,156.7,31.1,100,-0.038,50,30,48.18,91.07
13.37,0,0,0.025,21.87,43.74,429.5,153.5,30.3,100,-0.064,50,30,48.18,91.04
13.41,0,0,0.043,21.78,43.83,428.1,140.8,30.5,100,-0.107,50,30,48.18,90.37
13.44,0,0,0.019,21.99,44.12,425.9,154,31.5,99.1,-0.005,50,30,48.18,91.54
13.47,0,0,0.01,22,43.35,425.7,143,30.2,99.3,0,50,30,48.18,90.99
13.51,0,0,0.031,22.05,42.86,426.4,0,29.7,99.2,0.023,0,0,0,82.07
13.54,0,0,0.005,21.93,42.66,425.2,165.6,30.6,98.5,-0.035,50,30,48.18,91.06
13.58,0,0,0.023,21.94,42.92,427,142.1,30.1,97.7,-0.028,50,30,48.18,90.43
13.61,0,0,0.04,21.9,42.46,427.7,135,32.7,99.7,-0.049,50,30,48.18,90.08
13.65,0,0,0.029,21.96,42.39,426.4,167.2,29.4,98.3,-0.021,50,30,48.18,91.09
13.68,0,0,0.053,21.85,42.18,424.7,13.4,30.1,96.9,-0.074,0,0,0,82.21
13.71,0,0,0.072,21.93,42.3,425.8,145.2,30.2,96.1,-0.036,50,30,48.18,90.07
13.75,0,0,0.048,21.91,42.33,427.4,139.5,29.9,95.8,-0.044,50,30,48.18,89.82
13.78,0,0,0.051,22,42.32,424.1,141.1,30.9,96.3,-0.002,50,30,48.18,90.23
13.82,0,0,0.035,22.13,42.01,423,133.3,30.7,96.5,0.062,50,30,48.18,89.44
13.85,0,0,0.017,21.99,41.86,426.3,152.3,30.3,96,-0.003,50,30,48.18,90.35
13.89,0,0,0.016,22.06,42.36,425.6,147.9,29.3,95.1,0.028,50,30,48.18,90.13
13.92,0,0,0.027,21.96,42.59,427.6,156.4,29,94.4,-0.022,50,30,48.18,90.45
13.96,0,0,0.031,21.88,42.79,428.2,130,31.2,94.3,-0.059,50,30,48.18,89.44
13.99,0,0,0.024,21.9,42.9,427.8,162.2,30.2,95.8,-0.052,50,30,48.18,90.66
14.03,0,0,0.011,21.94,43.45,429.2,149.7,31,95.4,-0.03,50,30,48.18,90.62
14.06,0,0,0.015,21.83,43.83,430.9,147.7,31.9,96.9,-0.085,50,30,48.18,90.43
14.09,0,0,0.043,21.6,43.89,430.4,159.1,30.1,96.4,-0.199,50,30,48.18,89.89
14.13,0,0,0.018,21.51,44.31,434.3,151.5,30,95.4,-0.243,50,30,48.18,89.39
14.16,0,0,0.025,21.41,44.28,433.8,163.7,30.3,96,-0.293,50,30,48.18,89.43
14.2,0,0,0.004,21.47,44.29,434.7,146,28.6,97.7,-0.262,50,30,48.18,89.31
14.23,0,0,0.013,21.62,44.34,431.8,153.6,30.7,98.3,-0.185,50,30,48.18,90.19
14.27,0,0,0.04,21.84,44.68,431.7,499.7,31.4,100,-0.079,100,100,100,96.42
14.3,0,0,0.021,21.96,44.98,431,144,30.9,99.8,-0.022,50,30,48.18,91.51
14.34,0,0,0.045,21.96,44.94,428.4,0,29.2,98,-0.022,0,0,0,82.74
14.37,0,0,0.035,22.09,44.89,430.6,145.4,30.5,96.5,0.045,50,30,48.18,91.02
14.41,0,0,0.036,21.88,45.19,431.4,155,30.1,96.4,-0.059,50,30,48.18,91.29
14.44,0,0,0.035,21.87,45.23,435.1,139.3,31.2,97.6,-0.063,50,30,48.18,90.93
14.48,0,0,0.055,21.84,45.33,432.7,165.7,31.9,98.1,-0.082,50,30,48.18,91.67
14.51,0,0,0.054,21.91,44.84,433.5,146.6,29.5,97.7,-0.042,50,30,48.18,91.18
14.55,0,0,0.041,21.93,44.57,433.3,151.9,29.1,96.8,-0.034,50,30,48.18,91.2
14.58,0,0,0.02,22,44.5,432.4,161.4,29.4,98.5,-0.001,50,30,48.18,91.88
14.62,0,0,0.05,22,44.03,432.2,161.4,31.3,97.5,0.002,50,30,48.18,91.6
14.65,0,0,0.054,21.93,43.81,434.5,163.4,31.7,98,-0.032,50,30,48.18,91.4
14.69,0,0,0.075,21.95,44.27,438.1,509.1,30.2,100,-0.027,100,100,100,96.56
14.72,0,0,0.067,21.95,44.16,433.4,163.6,30.1,100,-0.025,50,30,48.18,91.79
14.76,0,0,0.058,21.93,44.25,430.8,152.7,31.5,100,-0.036,50,30,48.18,91.41
14.79,0,0,0.082,21.95,44.53,428.2,0,29.8,97.4,-0.026,0,0,0,82.49
14.83,0,0,0.094,22.06,44.01,428.9,148.3,30.5,97.2,0.03,50,30,48.18,90.96
14.86,0,0,0.095,21.87,43.91,430.6,149.8,29.4,96.9,-0.063,50,30,48.18,90.69
14.9,0,0,0.104,21.75,43.38,432.8,146.8,29.8,97.2,-0.125,50,30,48.18,89.96
14.93,0,0,0.097,21.77,43.32,432.3,161.9,28.8,96.2,-0.114,50,30,48.18,90.38
14.97,0,0,0.078,21.84,43.28,432.8,141.7,30.6,96.6,-0.077,50,30,48.18,90.07
15,0,0,0.075,21.82,43.01,433.8,140.6,30.6,97.8,-0.087,50,30,48.18,89.98
15.03,3.5,0,0.052,21.74,43.02,432.5,159.8,31.2,98.2,-0.128,50,30,48.18,90.3
15.07,7,0,0.041,21.88,43.33,433.8,152.4,29.8,97.7,-0.057,50,30,48.18,90.68
15.1,10.5,0,0.03,21.98,43.61,436.9,138,29.1,96.6,-0.012,50,30,48.18,90.58
15.14,14,0,0.058,21.83,43.05,434.9,158.1,29.8,96.4,-0.085,50,30,48.18,90.39
15.17,17.5,0,0.051,21.84,43.22,429.9,143.3,29.5,97,-0.08,50,30,48.18,90.12
15.21,20.9,0,0.075,21.71,43.66,425.6,162.6,29.5,97.6,-0.143,50,30,48.18,90.44
15.24,24.4,0,0.071,21.81,43.71,423.7,164.7,29.6,99.1,-0.094,50,30,48.18,91.04
15.28,27.9,0,0.053,21.7,43.93,423.5,163,29.5,100,-0.148,50,30,48.18,90.77
15.31,31.4,0,0.074,21.49,44.03,426.2,6.2,30.1,99.1,-0.251,0,0,0,81.25
15.35,34.9,0,0.073,21.54,44.21,421.8,158.5,30.6,99.8,-0.227,50,30,48.18,90.12
15.38,38.4,0,0.09,21.65,44.38,423.6,133.6,28.8,100,-0.173,50,30,48.18,89.86
15.42,41.9,0,0.111,21.51,44.22,425.5,148.6,30.7,97.2,-0.241,50,30,48.18,89.46
15.45,45.4,0,0.111,21.61,44,421.1,143.4,30.8,95.7,-0.194,50,30,48.18,89.43
15.49,48.8,0,0.096,21.58,44.19,418.2,153.2,30.6,95.2,-0.208,50,30,48.18,89.64
15.52,52.3,0,0.105,21.72,44.21,418.1,157.9,30.5,96.3,-0.14,50,30,48.18,90.41
15.56,55.8,0,0.078,21.69,44.39,415.3,169.7,32,96.7,-0.153,50,30,48.18,90.77
15.59,59.3,0,0.096,21.61,43.79,420.6,139.5,28.6,99,-0.191,50,30,48.18,89.58
15.63,62.8,0,0.071,21.75,44.16,420.1,159,29.3,99.6,-0.124,50,30,48.18,90.88
15.66,66.2,0,0.057,21.7,44.9,418.5,152.7,30.9,98.5,-0.148,50,30,48.18,90.67
15.7,69.7,0,0.043,21.7,44.94,419.8,159.3,27.9,98.9,-0.149,50,30,48.18,90.91
15.73,73.2,0,0.038,21.7,44.84,420.4,154.9,28.3,100,-0.15,50,30,48.18,90.85
15.77,76.7,0,0.034,21.82,44.43,419.3,165.6,28.3,100,-0.088,50,30,48.18,91.48
15.8,80.2,0,0.058,21.73,44.06,416.5,154.3,30.8,100,-0.134,50,30,48.18,90.65
15.84,83.6,0,0.06,21.68,44,417.5,153.6,28.8,100,-0.16,50,30,48.18,90.42
15.87,87.1,0,0.08,21.64,44.16,419.6,138.3,29.3,100,-0.179,50,30,48.18,89.88
15.91,90.6,0,0.087,21.71,44.45,419.6,154.5,30.4,99.7,-0.144,50,30,48.18,90.7
15.94,94,0,0.078,21.73,44.48,419.1,142.5,31.7,99.1,-0.131,50,30,48.18,90.39
15.97,97.5,0,0.096,21.61,44.86,422.5,150.2,31.2,97.2,-0.192,50,30,48.18,90.12
16.01,101,0,0.08,21.57,44.86,425.5,0,30.3,95.9,-0.213,0,0,0,81.07
16.04,104.4,0,0.058,21.8,45.63,425.1,158.5,29.3,97.5,-0.101,50,30,48.18,91.37
16.08,107.9,0,0.066,21.67,45.45,424.5,151.9,29.6,98.4,-0.166,50,30,48.18,90.71
16.11,111.3,0,0.044,21.69,45.46,421.6,173.1,31.5,98.1,-0.152,50,30,48.18,91.42
16.15,114.8,0,0.06,21.67,45.76,422.5,133,31.2,96.4,-0.163,50,30,48.18,90.08
16.18,118.2,0,0.072,21.69,45.24,423.2,148.3,30.7,97.1,-0.156,50,30,48.18,90.47
16.22,121.7,0,0.074,21.72,44.97,425.3,514.9,29.6,98,-0.141,100,100,100,95.71
16.25,125.1,0,0.087,21.58,44.79,423.4,169.5,30.5,97.8,-0.206,50,30,48.18,90.63
16.29,128.6,0,0.092,21.62,45.09,423.4,155.4,29.4,98.5,-0.189,50,30,48.18,90.51
16.32,132,0,0.083,21.55,44.67,424.1,156.3,30.9,98.7,-0.224,50,30,48.18,90.14
16.35,135.5,0,0.085,21.58,44.71,424.4,160.9,29.1,99.8,-0.207,50,30,48.18,90.52
16.39,138.9,0,0.078,21.54,44.84,424,166,28.9,99.2,-0.228,50,30,48.18,90.51
16.42,142.4,0,0.089,21.63,45.13,426.1,144.2,28.9,100,-0.184,50,30,48.18,90.38
16.46,145.8,0,0.099,21.79,44.46,426.6,152.9,30.5,100,-0.106,50,30,48.18,90.97
16.49,149.2,0,0.075,21.81,44.04,427.2,518.8,31.2,99.9,-0.093,100,100,100,95.87
16.53,152.6,0,0.102,21.78,44.04,427.1,156.8,30,100,-0.109,50,30,48.18,90.91
16.56,156.1,0,0.091,21.87,44.35,424.7,141,30.6,100,-0.066,50,30,48.18,90.87
16.59,159.5,0,0.096,21.79,44.31,425.4,174.8,28.6,100,-0.102,50,30,48.18,91.61
16.63,162.9,0,0.08,21.99,44.41,427.1,163.8,30.1,100,-0.007,50,30,48.18,92.03
16.66,166.3,0,0.066,21.85,44.37,424.9,152.9,30,100,-0.075,50,30,48.18,91.18
16.7,169.7,0,0.051,21.83,43.89,425.7,503.8,28.4,100,-0.084,100,100,100,96.04
16.73,173.2,0,0.066,21.85,44.41,424.8,170.6,32.4,100,-0.075,50,30,48.18,91.72
16.77,176.6,0,0.092,22.01,44.04,425.2,162.5,30.5,100,0.005,50,30,48.18,91.86
16.8,180,0,0.093,21.98,44.1,423.8,166.8,30.3,99,-0.008,50,30,48.18,91.89
16.83,183.4,0,0.09,21.95,44.23,423.6,147.1,29.8,100,-0.024,50,30,48.18,91.33
16.87,186.8,0,0.095,21.95,43.97,425.8,149.1,28.1,100,-0.025,50,30,48.18,91.28
16.9,190.1,0,0.09,21.77,43.58,427.9,153.2,30,100,-0.114,50,30,48.18,90.6
16.94,193.5,0,0.1,21.68,43.63,427.3,161.2,30.2,100,-0.157,50,30,48.18,90.53
16.97,196.9,0,0.096,21.78,43.37,429.1,164.6,29.7,100,-0.111,50,30,48.18,90.88
17,200.3,0,0.089,21.85,43.02,426.6,151.1,30.4,100,-0.075,50,30,48.18,90.61
17.04,203.7,0,0.076,21.66,43.05,428.6,153.8,29,100,-0.169,50,30,48.18,90
17.07,207.1,0,0.085,21.75,42.62,426.5,155.1,29.8,100,-0.124,50,30,48.18,90.21
17.1,210.4,0,0.095,21.63,42.86,421.6,160.7,29.2,100,-0.181,50,30,48.18,90.04
17.14,213.8,0,0.086,21.45,43.11,423,167.9,30.1,99.5,-0.274,50,30,48.18,89.62
17.17,217.2,0,0.094,21.46,43.36,425.7,141.7,31.4,99.3,-0.265,50,30,48.18,88.97
17.21,220.5,0,0.106,21.47,43.56,423.4,177.6,29.3,98.6,-0.261,50,30,48.18,90.08
17.24,223.9,0,0.105,21.68,44.18,423.9,168.8,29.5,99,-0.157,50,30,48.18,90.87
17.27,227.2,0,0.116,21.6,44.38,421.8,154.9,30,99.2,-0.196,50,30,48.18,90.25
17.31,230.6,0,0.132,21.67,44.23,420.5,160.4,30.3,99.4,-0.161,50,30,48.18,90.64
17.34,233.9,0,0.138,21.86,44.28,419,167.6,30,99.4,-0.068,50,30,48.18,91.57
17.37,237.2,0,0.123,21.76,44.17,420.8,171.3,30.1,100,-0.121,50,30,48.18,91.31
17.41,240.6,0,0.113,21.91,44.17,421.4,527,29.8,100,-0.042,100,100,100,96.23
17.44,243.9,0,0.102,21.79,43.52,417.3,159.9,32,100,-0.102,50,30,48.18,90.86
17.47,247.2,0,0.116,21.86,43.88,417.2,171.7,30,100,-0.067,50,30,48.18,91.61
17.51,250.5,1,0.136,21.83,43.89,422.1,171,41.3,98.5,-0.085,50,30,48.18,90.92
17.54,253.8,1,0.136,21.85,43.91,427.5,167.2,41.2,98,-0.076,50,30,48.18,90.88
17.57,257.2,1,0.107,21.95,43.83,429.9,175.2,42,98.9,-0.024,50,30,48.18,91.32
17.6,260.5,1,0.109,21.76,43.97,427.3,171.6,40.8,98.8,-0.121,50,30,48.18,90.87
17.64,263.8,1,0.107,21.84,43.72,431.9,28.2,39.8,96.9,-0.079,0,0,0,83.86
17.67,267,1,0.122,21.87,43.92,433.4,170,40.2,97.6,-0.064,50,30,48.18,91.29
17.7,270.3,1,0.113,21.73,44.79,437.1,177.1,41.5,96.2,-0.134,50,30,48.18,90.8
17.74,273.6,1,0.106,21.8,45.35,440.3,153.9,38.8,95.4,-0.099,50,30,48.18,90.93
17.77,276.9,1,0.117,21.91,44.82,439.8,170.7,42.7,94.1,-0.044,50,30,48.18,90.71
17.8,280.2,1,0.133,21.83,45.05,442.3,154.2,38.7,93.9,-0.082,50,30,48.18,90.8
17.83,283.4,1,0.148,21.82,44.71,442.7,162.7,39.8,94.3,-0.09,50,30,48.18,90.91
17.87,286.7,1,0.163,21.81,44.72,445.1,184.5,40.7,94.5,-0.094,50,30,48.18,91.36
17.9,290,1,0.13,21.74,44.76,445.6,167.1,39.5,95.5,-0.13,50,30,48.18,90.88
17.93,293.2,1,0.118,21.83,44.99,448,147.7,39.7,92.7,-0.086,50,30,48.18,90.44
17.96,296.4,1,0.135,21.85,44.8,447.7,161.1,41.4,91.1,-0.072,50,30,48.18,90.27
18,299.7,1,0.122,21.94,44.78,450.7,178.2,41.2,91.2,-0.029,50,30,48.18,91.2
18.03,302.9,1,0.108,21.91,44.98,449.6,524.5,40.3,93.1,-0.044,100,100,100,95.76
18.06,306.1,1,0.122,22.08,45.29,452.6,165.9,40.1,93.7,0.038,50,30,48.18,91.52
18.09,309.4,1,0.106,22.16,45.62,456.1,178.1,40.1,94,0.079,50,30,48.18,91.75
18.13,312.6,1,0.121,21.96,46.1,459.2,175.8,40.1,95,-0.02,50,30,48.18,92.38
18.16,315.8,1,0.13,22,46.38,458.3,174.4,39.8,95.5,0.002,50,30,48.18,92.67
18.19,319,1,0.101,22.17,46.16,459.4,522.5,42.1,95.8,0.084,100,100,100,95.66
18.22,322.2,1,0.076,22.17,45.73,465.5,151.6,39.8,95.5,0.083,50,30,48.18,91.13
18.25,325.4,1,0.084,22.11,45.54,466.1,162.9,41.4,94.2,0.055,50,30,48.18,91.07
18.29,328.6,2,0.087,22.09,45.97,472.3,164.5,43.5,92.9,0.042,50,30,48.18,90.6
18.32,331.8,2,0.085,22.1,46.25,478.6,164.1,43.7,92,0.048,50,30,48.18,90.52
18.35,334.9,2,0.072,22.17,46.85,480.2,144.9,43.6,90,0.084,50,30,48.18,89.71
18.38,338.1,2,0.059,21.97,47.02,479.2,160.4,44.2,89,-0.016,50,30,48.18,90.49
18.41,341.3,2,0.055,22.07,46.8,483.9,167.2,43.7,86.4,0.033,50,30,48.18,90.36
18.44,344.4,2,0.053,22.11,46.97,493,174.2,44.2,84.5,0.053,50,30,48.18,90.15
18.48,347.6,2,0.068,22.29,46.45,494.2,159.2,42.8,82.7,0.144,50,30,48.18,89.05
18.51,350.7,2,0.071,22.36,46.59,498.4,157.8,43.6,81.6,0.181,50,30,48.18,88.44
18.54,353.8,2,0.09,22.27,46.26,498.9,177.7,43.8,80,0.134,50,30,48.18,89.03
18.57,357,2,0.091,22.29,46.6,504.9,163.7,43.4,79.6,0.145,50,30,48.18,88.75
18.6,360.1,2,0.101,22.42,46.4,508.8,166.6,41.2,78.5,0.206,50,30,48.18,88.86
18.63,363.2,2,0.125,22.38,46.45,513.3,172,43.9,78.8,0.19,50,30,48.18,88.38
18.66,366.3,2,0.135,22.2,46.91,515.6,180,41.1,78,0.102,50,30,48.18,90.22
18.69,369.4,2,0.143,22.24,47.38,518.5,196.1,43.3,77.2,0.118,50,30,48.18,90.01
18.72,372.5,3,0.161,22.3,47.85,525.1,173.4,44.8,74.3,0.151,50,30,48.18,88.51
18.76,375.6,3,0.168,22.32,47.63,527.5,184.1,45.4,71.6,0.161,50,30,48.18,88.22
18.79,378.7,3,0.158,22.31,47.74,532.6,179,44.4,70.4,0.153,50,30,48.18,88.34
18.82,381.7,3,0.131,22.33,47.86,539,167.1,44.1,66.3,0.163,50,30,48.18,87.65
18.85,384.8,3,0.143,22.24,48.06,540.9,164,45.1,66,0.119,50,30,48.18,87.63
18.88,387.8,3,0.128,22.36,47.89,544.4,181,44.3,64.2,0.181,50,30,48.18,87.66
18.91,390.9,3,0.123,22.29,48.33,545.5,175.7,45,61.8,0.144,50,30,48.18,87.5
18.94,393.9,3,0.123,22.46,48.63,551.7,175.3,45.5,58.9,0.23,50,30,48.18,86.53
18.97,397,3,0.124,22.34,48.87,555.4,168.9,47.3,56.5,0.171,50,30,48.18,86.07
19,400,3,0.214,22.34,48.6,561.1,209.9,45.5,55.3,0.169,50,30,48.18,87.63
19.03,403,3,0.267,22.22,49.14,566.7,202.8,45.7,51.1,0.11,50,30,48.18,87.59
19.06,406,3,0.351,21.93,49.35,570.3,221.3,43.3,50.9,-0.037,50,30,48.18,89.46
19.09,409,3,0.416,22.13,49.22,572.5,222.3,44.3,49.3,0.063,50,30,48.18,88.81
19.12,412,3,0.466,22.04,48.51,573.7,257.5,45.5,48.8,0.018,50,30,48.18,89.54
19.15,415,3,0.48,21.93,48.46,575.6,250.1,44.2,47.4,-0.033,50,30,48.18,89.43
19.18,418,3,0.519,22.03,48.26,577.7,245.5,43.7,46.9,0.016,50,30,48.18,89.41
19.21,421,3,0.557,21.71,47.86,580.8,282.4,45.2,46.4,-0.142,50,30,48.18,88.95
19.24,423.9,3,0.588,21.62,47.36,584.7,646.4,46.7,46.3,-0.187,100,100,100,89.02
19.27,426.9,3,0.627,21.65,47.1,587.2,280.8,44.1,46.4,-0.174,50,30,48.18,88.71
19.3,429.8,3,0.656,21.79,47.44,588.7,288,45,44.9,-0.102,50,30,48.18,89.16
19.33,432.8,3,0.644,21.43,47.56,587.7,290.4,45.5,44.3,-0.283,50,30,48.18,87.7
19.36,435.7,3,0.652,21.19,47.29,591.6,297,43.2,44.7,-0.402,50,30,48.18,87.63
19.39,438.6,3,0.669,21.34,47.28,592,314.4,45.6,44.7,-0.327,50,30,48.18,87.72
19.42,441.5,3,0.666,21.31,47.43,592,287.1,44,45.9,-0.342,50,30,48.18,87.74
19.44,444.5,3,0.666,21.57,47.36,591.4,282.7,44,45.1,-0.214,50,30,48.18,88.45
19.47,447.4,3,0.675,21.66,47.25,590.8,287.8,43.8,44.7,-0.167,50,30,48.18,88.92
19.5,450.2,3,0.693,21.58,47.76,590.5,329.4,44.1,45.3,-0.208,50,30,48.18,89.45
19.53,453.1,3,0.695,21.7,47.72,591.6,312,46.6,43.9,-0.149,50,30,48.18,88.83
19.56,456,3,0.692,21.7,46.76,594.5,314.8,44.5,41.7,-0.15,50,30,48.18,88.9
19.59,458.9,4,0.692,21.79,46.5,598.5,282.4,47.4,41,-0.104,50,30,48.18,87.51
19.62,461.7,4,0.686,21.89,46.73,603.7,324.2,47.7,39.9,-0.055,50,30,48.18,88.56
19.65,464.6,4,0.686,21.93,46.8,605.3,315.4,46.1,38.6,-0.036,50,30,48.18,88.98
19.67,467.4,4,0.695,22.09,46.25,609.2,284.3,45.8,36.6,0.045,50,30,48.18,87.98
19.7,470.2,4,0.707,22.12,46.57,610.9,313.3,46.5,35.4,0.058,50,30,48.18,88.25
19.73,473,4,0.685,22.09,46.24,611.2,322.8,45.8,34.8,0.047,50,30,48.18,88.45
19.76,475.9,4,0.708,22.21,45.98,612.8,313.6,46.9,33.2,0.105,50,30,48.18,87.35
19.79,478.7,4,0.726,22.02,46.1,619.5,315.2,47.8,33.5,0.011,50,30,48.18,87.89
19.81,481.5,4,0.746,21.88,46.45,622.8,334.5,45.3,34.6,-0.058,50,30,48.18,88.71
19.84,484.2,4,0.748,21.8,45.99,624.9,334.6,47.7,34.4,-0.098,50,30,48.18,87.48
19.87,487,4,0.735,21.86,45.86,623.4,316.4,45.1,33.9,-0.072,50,30,48.18,88.18
19.9,489.8,4,0.749,21.98,46.48,624.6,338.6,44.8,33.2,-0.008,50,30,48.18,89.13
19.93,492.5,4,0.765,21.84,46.44,625.8,341.1,44.6,32.9,-0.079,50,30,48.18,88.66
19.95,495.3,4,0.77,21.74,47.02,625.9,321.8,44.9,32.7,-0.131,50,30,48.18,88.17
19.98,498,4,0.738,21.87,46.65,627.7,679,48.1,31.6,-0.064,100,100,100,87.3
20.01,500.7,4,0.752,21.82,46.74,631.6,330.7,46.1,29.7,-0.091,50,30,48.18,87.78
20.03,503.5,4,0.751,21.96,46.6,632.4,351.2,46.6,27.7,-0.019,50,30,48.18,88.13
20.06,506.2,5,0.758,22.23,46.28,635,324.6,46.3,24.7,0.117,50,30,48.18,86.83
20.09,508.9,5,0.755,22.14,46.57,638.9,339.1,48,22.9,0.07,50,30,48.18,86.73
20.12,511.6,5,0.768,22.07,46.6,643,345.7,46.6,21.1,0.034,50,30,48.18,87.31
20.14,514.2,5,0.75,22.11,46.74,647.3,341.5,46.7,18.9,0.053,50,30,48.18,86.94
20.17,516.9,5,0.723,22.09,46.72,649.6,333.5,45.9,14,0.044,50,30,48.18,86.68
20.2,519.6,5,0.741,22.15,46.75,651,195.6,48,11.2,0.073,0,0,0,82.32
20.22,522.2,5,0.724,22.04,46.87,655.1,359.3,47.6,9.8,0.021,50,30,48.18,86.22
20.25,524.8,5,0.741,21.93,47.08,658.1,351.7,46.1,7.2,-0.037,50,30,48.18,86.3
20.27,527.5,5,0.728,22,47.37,658.5,352.1,48.4,6.3,-0.002,50,30,48.18,85.9
20.3,530.1,5,0.729,22.01,47.71,662.6,350,48.3,4.6,0.004,50,30,48.18,85.83
20.33,532.7,5,0.741,21.93,47.66,664.7,352.8,48,2.5,-0.034,50,30,48.18,85.51
20.35,535.3,5,0.722,21.95,47.35,667.2,335,47.3,3.5,-0.025,50,30,48.18,85.58
20.38,537.9,6,0.721,22.09,47.7,671.7,346.7,48.4,2.1,0.042,50,30,48.18,85.24
20.4,540.5,5,0.735,22.3,47.38,674.7,356.3,47.3,0,0.147,50,30,48.18,84.54
20.43,543,5,0.719,22.37,47.57,676.8,358.5,48.1,0,0.186,50,30,48.18,84.1
20.46,545.6,5,0.732,22.07,47.28,679.3,338.9,45.1,0,0.035,50,30,48.18,85.84
20.48,548.1,5,0.738,22.04,47.01,679.3,356,44.6,0,0.021,50,30,48.18,86.16
20.51,550.7,5,0.747,22.14,47.63,683,366.9,46.5,0,0.072,50,30,48.18,85.54
20.53,553.2,6,0.756,22.1,47.92,685.6,355.7,47.9,0,0.05,50,30,48.18,85.29
20.56,555.7,6,0.731,22.2,48.37,688.9,341.9,48.4,0,0.098,50,30,48.18,84.82
20.58,558.2,6,0.714,22.27,48.9,693.8,199.8,48,0,0.137,0,0,0,81.67
20.61,560.7,6,0.712,22.32,48.77,695,348.7,47.7,0,0.162,50,30,48.18,84.77
20.63,563.2,6,0.688,22.39,48.87,697.1,335.2,46.8,0,0.195,50,30,48.18,84.69
20.66,565.7,6,0.679,22.47,48.73,702.9,347.5,47.4,0,0.233,50,30,48.18,84.3
20.68,568.1,6,0.704,22.51,48.16,706.7,350.1,47.8,0,0.252,50,30,48.18,83.84
20.71,570.6,6,0.701,22.47,48.41,708.4,356.6,47.9,0,0.235,50,30,48.18,84.11
20.73,573,6,0.686,22.32,48.75,708.1,323.7,48.2,0,0.158,50,30,48.18,84.39
20.75,575.5,6,0.67,22.31,49.33,710.5,329,46.1,0,0.156,50,30,48.18,85.3
20.78,577.9,6,0.661,22.41,49.9,713.7,345.7,46.2,0,0.204,50,30,48.18,85.28
20.8,580.3,6,0.643,22.49,49.46,714.8,347.7,49.2,0,0.247,50,30,48.18,83.91
20.83,582.7,6,0.657,22.57,49.06,721.1,182.5,45.8,0,0.282,0,0,0,80.77
20.85,585.1,6,0.66,22.63,49.5,724.3,340.9,48.4,0,0.313,50,30,48.18,83.61
20.87,587.5,6,0.663,22.46,49.6,725.4,338.9,47.5,0,0.229,50,30,48.18,84.52
20.9,589.8,6,0.674,22.55,50.39,726.5,341.8,46.7,0,0.273,50,30,48.18,84.46
20.92,592.2,6,0.699,22.52,50.53,729.3,363.3,46.7,0,0.258,50,30,48.18,84.76
20.95,594.5,6,0.719,22.72,50.08,732,370.5,49,0,0.361,50,30,48.18,83.54
20.97,596.8,6,0.724,22.6,49.78,733.8,358.1,50.7,0,0.3,50,30,48.18,83.29
20.99,599.2,6,0.705,22.45,49.91,732,348.3,46.5,0,0.227,50,30,48.18,85.05
21.01,601.5,6,0.707,22.47,49.4,736.4,370.4,48.3,0,0.236,50,30,48.18,84.47
21.04,603.8,6,0.717,22.45,49.52,739.8,377.9,48.5,0,0.223,50,30,48.18,84.64
21.06,606.1,6,0.727,22.48,49.36,744.8,365,48,0,0.242,50,30,48.18,84.46
21.08,608.3,6,0.731,22.55,49.25,743.7,378.9,46.9,0,0.273,50,30,48.18,84.66
21.11,610.6,6,0.708,22.39,49.28,744.1,387.9,49.6,0,0.196,50,30,48.18,84.53
21.13,612.8,6,0.712,22.41,49.55,744.9,357,46.9,0,0.206,50,30,48.18,85.05
21.15,615.1,6,0.715,22.43,49.59,745.4,366.3,47.6,0,0.213,50,30,48.18,84.87
21.17,617.3,6,0.697,22.45,49.31,750.5,357.2,47.5,0,0.225,50,30,48.18,84.64
21.2,619.5,6,0.686,22.49,49.34,756.1,369.4,48.1,0,0.243,50,30,48.18,84.46
21.22,621.7,6,0.694,22.5,49.29,756.2,372.4,48.4,0,0.251,50,30,48.18,84.32
21.24,623.9,6,0.703,22.51,49.03,760.6,361.7,48.6,0,0.253,50,30,48.18,84.02
21.26,626.1,6,0.694,22.66,49.23,766,367.9,47.2,0,0.328,50,30,48.18,84.03
21.28,628.3,6,0.705,22.42,49.22,766.4,362.1,46.9,0,0.209,50,30,48.18,84.94
21.3,630.4,6,0.702,22.39,49.37,769.1,368.2,48.4,0,0.197,50,30,48.18,84.7
21.33,632.6,6,0.703,22.55,49.24,771.6,377.5,49.3,0,0.276,50,30,48.18,83.88
21.35,634.7,6,0.721,22.68,49.23,770.7,372.9,47.4,0,0.337,50,30,48.18,83.94
21.37,636.8,6,0.706,22.8,48.89,771,379,46.7,0,0.399,50,30,48.18,83.63
21.39,638.9,6,0.69,22.88,49.13,772.3,362.6,47.6,0,0.44,50,30,48.18,82.97
21.41,641,6,0.687,22.75,48.84,772.8,372.4,47.3,0,0.374,50,30,48.18,83.55
21.43,643.1,6,0.676,22.73,49.26,774.9,374.5,51,0,0.365,50,30,48.18,82.68
21.45,645.2,6,0.661,22.56,49.2,778.2,345.9,47.1,0,0.282,50,30,48.18,84.18
21.47,647.2,6,0.662,22.59,49.42,778.9,358.2,46.1,0,0.296,50,30,48.18,84.57
21.49,649.3,6,0.656,22.6,49.26,776.9,368,47.2,0,0.3,50,30,48.18,84.26
21.51,651.3,6,0.649,22.62,49.48,779.9,370.4,50,0,0.311,50,30,48.18,83.43
21.53,653.3,6,0.651,22.63,49.98,782.3,370.8,48.9,0,0.317,50,30,48.18,83.93
21.55,655.3,6,0.68,22.66,49.78,782,379.6,49.1,0,0.328,50,30,48.18,83.8
21.57,657.3,6,0.661,22.72,49.64,783.8,349.9,48.7,0,0.361,50,30,48.18,83.3
21.59,659.3,6,0.659,22.53,50.09,786.3,379.3,49,0,0.264,50,30,48.18,84.35
21.61,661.3,6,0.653,22.8,50.25,789.2,227.1,48.3,0,0.402,0,0,0,80.71
21.63,663.2,6,0.652,22.71,49.22,792.7,699.9,46.1,0,0.357,100,100,100,83.2
21.65,665.2,6,0.661,22.76,48.75,796.2,369,48.7,0,0.378,50,30,48.18,83.04
21.67,667.1,6,0.682,22.85,48.92,797.6,373.7,47.8,0,0.422,50,30,48.18,83.1
21.69,669,6,0.69,22.89,49.18,800.2,374.3,47.8,0,0.444,50,30,48.18,83.02
21.71,670.9,6,0.68,22.74,49.39,801.5,382.4,49.8,0,0.368,50,30,48.18,83.12
21.73,672.8,6,0.708,22.89,49.38,801.8,387.4,48.7,0,0.444,50,30,48.18,82.94
21.75,674.7,6,0.721,22.84,48.88,801,386.7,48.8,0,0.419,50,30,48.18,82.92
21.77,676.6,6,0.74,22.96,48.6,797.8,392.3,47.9,0,0.479,50,30,48.18,82.7
21.78,678.4,6,0.743,22.89,48.71,795.9,390.4,48.6,0,0.444,50,30,48.18,82.76
21.8,680.3,6,0.75,22.87,48.49,797.6,412.5,48,0,0.435,50,30,48.18,83.15
21.82,682.1,6,0.746,22.5,48.26,794.4,750.4,48.5,0.1,0.248,100,100,100,82.18
21.84,683.9,6,0.758,22.55,48.25,789.4,409.2,49.2,0,0.272,50,30,48.18,83.89
21.86,685.7,6,0.774,22.56,48.44,790.5,422.5,49,0,0.278,50,30,48.18,84.11
21.88,687.5,6,0.77,22.7,48.64,789.9,416,48.1,0,0.35,50,30,48.18,83.86
21.89,689.3,6,0.767,22.79,48.46,789.9,410.1,48.5,0,0.392,50,30,48.18,83.3
21.91,691.1,6,0.747,22.91,48.7,790,391.1,48.1,0,0.453,50,30,48.18,82.85
21.93,692.8,6,0.754,23.38,48.95,792.1,290.8,47.8,0,0.687,0,0,0,80.35
21.95,694.6,6,0.747,22.97,48.97,794.4,403.2,49.6,0,0.482,50,30,48.18,82.42
21.96,696.3,6,0.721,22.79,49.09,792.8,409.7,46.1,0,0.397,50,30,48.18,84.22
21.98,698,6,0.723,22.61,48.83,794.6,748.1,47.3,0,0.304,100,100,100,82.36
22,699.7,6,0.725,22.59,48.9,796.7,414.7,47.1,0,0.293,50,30,48.18,84.66
22.01,701.4,6,0.702,22.56,48.96,794.6,408.3,46.9,0,0.279,50,30,48.18,84.78
22.03,703.1,6,0.679,22.76,49.29,795.4,378.3,47.4,0,0.378,50,30,48.18,83.71
22.05,704.7,6,0.697,22.76,49.15,798.5,386.4,46.9,0,0.38,50,30,48.18,83.89
22.06,706.4,6,0.7,23.01,49.31,795.2,233.1,49.1,0,0.504,0,0,0,79.74
22.08,708,6,0.675,23.03,49.42,798.3,383.7,48.3,0,0.512,50,30,48.18,82.56
22.1,709.6,6,0.673,23.01,49.37,799.9,362.4,48.3,0,0.506,50,30,48.18,82.35
22.11,711.2,6,0.693,22.88,48.8,803,735.1,47.8,0,0.438,100,100,100,81.37
22.13,712.8,6,0.697,22.77,48.75,807.6,398.4,47.5,0,0.386,50,30,48.18,83.53
22.14,714.4,6,0.69,22.79,49.08,806.7,399.2,48.3,0,0.393,50,30,48.18,83.37
22.16,715.9,6,0.676,23,48.93,809.7,396.8,46.5,0.3,0.499,50,30,48.18,83.03
22.17,717.5,6,0.66,23,48.44,810.4,379.3,49.4,0,0.501,50,30,48.18,81.75
22.19,719,6,0.645,22.93,48.96,812.5,396.5,47.5,0,0.465,50,30,48.18,82.93
22.21,720.6,6,0.677,22.96,49.1,812.7,386.6,48.9,0,0.481,50,30,48.18,82.36
22.22,722.1,6,0.674,23.02,49.79,811.4,401.5,47,0,0.509,50,30,48.18,83.12
22.24,723.6,6,0.661,23.15,49.68,812.4,244.7,49.2,0,0.576,0,0,0,79.48
22.25,725,6,0.665,23.02,49.71,814.2,396.8,49.2,0,0.508,50,30,48.18,82.36
22.27,726.5,6,0.676,23.02,49.93,814.1,385.5,47,0,0.51,50,30,48.18,82.97
22.28,728,6,0.661,22.98,49.92,811.1,388.5,48.2,0,0.491,50,30,48.18,82.83
22.29,729.4,6,0.658,23.02,49.67,813.3,403.3,47.1,0,0.509,50,30,48.18,83.04
22.31,730.8,6,0.67,22.98,49.48,816.3,383.8,47.8,0,0.488,50,30,48.18,82.69
22.32,732.2,6,0.685,22.91,50.06,814.3,401.4,46.5,0,0.456,50,30,48.18,83.7
22.34,733.6,6,0.665,22.99,49.96,813.1,404,47.4,0,0.497,50,30,48.18,83.18
22.35,735,6,0.688,22.98,49.88,811.2,395.9,48.8,0,0.49,50,30,48.18,82.72
22.36,736.4,6,0.696,22.9,49.88,813.5,411.8,48.1,0,0.45,50,30,48.18,83.37
22.38,737.8,6,0.688,22.92,50.16,812.8,407.2,47.8,0,0.46,50,30,48.18,83.33
22.39,739.1,6,0.681,22.87,50.36,814.1,401.2,48.4,0,0.435,50,30,48.18,83.19
22.4,740.4,6,0.691,22.84,50.34,815.1,405.3,47.7,0,0.42,50,30,48.18,83.52
22.42,741.7,6,0.68,22.95,50.16,812.1,397.4,48.5,0,0.477,50,30,48.18,82.89
22.43,743,6,0.683,23.06,50.65,812.4,410.6,47.6,0,0.533,50,30,48.18,82.68
22.44,744.3,6,0.67,23.15,50.55,815.8,403.2,49,0,0.575,50,30,48.18,81.87
22.46,745.6,6,0.696,22.86,50.21,815.2,408.8,46.3,0,0.43,50,30,48.18,83.96
22.47,746.9,6,0.716,22.91,49.72,813,418.5,48.3,0,0.456,50,30,48.18,83.26
22.48,748.1,6,0.726,22.8,50.12,806.3,408.8,49.8,0,0.402,50,30,48.18,83.26
22.49,749.3,6,0.739,22.72,50.1,805.9,788.2,47.6,0,0.358,100,100,100,81.59
22.51,750.6,6,0.713,22.81,50.45,805.7,410.6,47.6,0,0.406,50,30,48.18,83.79
22.52,751.8,6,0.687,22.81,50.59,807.8,421.9,48.1,0,0.406,50,30,48.18,83.69
22.53,752.9,6,0.704,22.9,50.54,806.1,403,48.5,0,0.452,50,30,48.18,83.08
22.54,754.1,6,0.713,22.71,49.68,811.2,420.9,47,0,0.354,50,30,48.18,84.46
22.55,755.3,6,0.709,22.8,49.65,810.9,416.9,46.7,0,0.399,50,30,48.18,84.17
22.56,756.4,6,0.723,22.8,50.01,810.4,436.8,47.6,0,0.4,50,30,48.18,84.21
22.58,757.5,6,0.699,22.85,50.23,813.3,421,47,0,0.427,50,30,48.18,83.92
22.59,758.7,6,0.683,22.79,50.3,813.2,401.7,45.6,0,0.394,50,30,48.18,84.37
22.6,759.8,6,0.692,22.68,50.13,813.2,420.8,45.6,0,0.342,50,30,48.18,84.99
22.61,760.8,6,0.701,22.87,49.82,814.4,413.9,48,0,0.436,50,30,48.18,83.48
22.62,761.9,6,0.723,23.04,49.82,815.9,412.1,47.5,0,0.519,50,30,48.18,82.96
22.63,763,6,0.701,22.98,49.45,818.1,419.4,48.1,0,0.49,50,30,48.18,82.93
22.64,764,6,0.702,23.02,49.3,818.4,427.8,46.9,0,0.51,50,30,48.18,83.15
22.65,765,6,0.697,23.05,49.01,815.7,409,47.7,0,0.522,50,30,48.18,82.56
22.66,766.1,6,0.705,23.05,48.62,817.8,414.4,48.3,0,0.521,50,30,48.18,82.27
22.67,767.1,6,0.729,22.76,48.69,816.7,425.9,47.2,0,0.38,50,30,48.18,83.82
22.68,768,6,0.749,22.79,48.92,817.7,435.2,48,0,0.392,50,30,48.18,83.63
22.69,769,6,0.755,22.81,49.15,817.6,429.3,47.6,0,0.404,50,30,48.18,83.7
22.7,770,6,0.762,22.9,49.38,817.2,454.5,46.3,0,0.451,50,30,48.18,83.99
22.71,770.9,6,0.751,23.15,50.13,813.8,296.1,48.3,0,0.575,0,0,0,81.36
22.72,771.8,6,0.724,23.23,49.94,811.3,428.1,48.9,0,0.617,50,30,48.18,82.08
22.73,772.7,6,0.708,23.38,50.69,813.5,433.3,48.1,0,0.69,50,30,48.18,81.55
22.74,773.6,6,0.705,23.12,50.83,811.7,426.4,47.8,0,0.561,50,30,48.18,82.52
22.75,774.5,6,0.713,23.13,50.72,810.4,414.8,47.7,0,0.568,50,30,48.18,82.45
22.75,775.4,6,0.696,23.1,51.3,815,427.3,47.4,0,0.551,50,30,48.18,82.51
22.76,776.2,6,0.696,23.21,50.68,814,419.1,46.3,0,0.606,50,30,48.18,82.58
22.77,777.1,6,0.672,23.1,49.98,812.2,420.4,47.2,0,0.548,50,30,48.18,83.02
22.78,777.9,6,0.686,23.15,49.99,814.1,426.6,46.9,0,0.576,50,30,48.18,82.97
22.79,778.7,6,0.672,23.13,50.09,810.8,414.7,48.5,0,0.567,50,30,48.18,82.44
22.79,779.5,6,0.675,23.17,50.22,809.2,416,48.2,0,0.586,50,30,48.18,82.35
22.8,780.3,6,0.682,23.04,49.95,809.3,408.5,48.5,0,0.52,50,30,48.18,82.75
22.81,781,6,0.675,22.98,49.57,804.6,400.1,46.8,0,0.492,50,30,48.18,83.32
22.82,781.8,6,0.658,22.77,49.47,804.2,412.8,47.8,0,0.384,50,30,48.18,83.93
22.83,782.5,6,0.641,22.88,49.71,803,395.5,48.4,0,0.44,50,30,48.18,83.25
22.83,783.2,6,0.67,23.19,50.01,806.9,250.1,48.7,0,0.596,0,0,0,79.82
22.84,783.9,6,0.694,23.16,49.86,805.9,434.5,47.2,0,0.578,50,30,48.18,82.97
22.85,784.6,6,0.708,23.21,49.63,807.3,431.2,47,0,0.605,50,30,48.18,82.71
22.85,785.3,6,0.716,23.31,49.73,805.8,438.7,47.2,0,0.656,50,30,48.18,82.39
22.86,786,6,0.731,23.26,49.54,807,454.1,46.3,0,0.628,50,30,48.18,82.87
22.87,786.6,6,0.719,22.96,49.58,805.4,436.3,47.9,0,0.478,50,30,48.18,83.45
22.87,787.2,6,0.723,23.02,49.01,809.3,443.5,47.9,0,0.51,50,30,48.18,83
22.88,787.8,6,0.707,22.92,49.72,807.5,438,47.3,0,0.459,50,30,48.18,83.8
22.88,788.4,6,0.689,22.93,49.3,805.3,428.2,47.3,0,0.465,50,30,48.18,83.53
22.89,789,6,0.687,23.04,48.87,806.4,422.6,48.7,0,0.519,50,30,48.18,82.47
22.9,789.6,6,0.701,23.23,49.17,804.1,427.3,45.5,0,0.612,50,30,48.18,82.93
22.9,790.2,6,0.677,23.21,49.26,805.6,418.5,48.2,0,0.602,50,30,48.18,82.12
22.91,790.7,6,0.668,23.06,49.69,806.3,425.5,49.9,0,0.529,50,30,48.18,82.39
22.91,791.2,6,0.69,23.07,49.3,805.4,421.7,48.4,0,0.534,50,30,48.18,82.63
22.92,791.7,6,0.686,23.11,49.68,808.1,433,49.5,0,0.556,50,30,48.18,82.34
22.92,792.2,6,0.695,23.01,49.3,808.8,436.5,48.8,0,0.507,50,30,48.18,82.82
22.93,792.7,6,0.706,23.05,49.09,806.2,447.8,45.6,0,0.527,50,30,48.18,83.7
22.93,793.2,6,0.689,23.09,49.43,806.4,422.3,48.2,0,0.543,50,30,48.18,82.66
22.94,793.6,6,0.699,23.02,49.3,804,426.3,46.6,0,0.508,50,30,48.18,83.41
22.94,794,6,0.714,23.06,49.62,801.3,433.5,47.6,0,0.53,50,30,48.18,83.17
22.94,794.5,6,0.729,23.25,49.65,799.5,276.8,48.6,0,0.623,0,0,0,80.41
22.95,794.9,6,0.708,23.27,49.51,802.2,442.1,46.6,0,0.632,50,30,48.18,82.75
22.95,795.2,6,0.708,23.48,49.51,803.4,280.4,47.6,0,0.737,0,0,0,79.88
22.96,795.6,6,0.699,23.68,49.87,799.9,258.9,47.3,0,0.84,0,0,0,78.74
22.96,796,6,0.709,23.44,49.5,796.6,415.3,48,0,0.719,50,30,48.18,81.45
22.96,796.3,6,0.701,23.24,49.47,795.8,421.6,48,0,0.617,50,30,48.18,82.23
22.97,796.6,6,0.714,23.31,49.4,794.8,415.6,47.9,0,0.653,50,30,48.18,81.94
22.97,797,6,0.707,23.21,49.12,794.5,425.3,48.1,0,0.605,50,30,48.18,82.2
22.97,797.3,6,0.69,23.42,48.8,796.4,414.5,48.8,0,0.709,50,30,48.18,81
22.98,797.5,6,0.713,22.88,48.06,798.2,779.1,48,0,0.438,100,100,100,80.41
22.98,797.8,6,0.7,22.89,47.85,795.9,412.6,50,0,0.444,50,30,48.18,82.26
22.98,798.1,6,0.682,23.05,47.42,800.3,407.6,48.6,0,0.522,50,30,48.18,81.87
22.98,798.3,6,0.694,23.1,47.58,799.6,439.3,47.3,0,0.546,50,30,48.18,82.46
22.99,798.5,6,0.697,23.23,48.24,797.7,423.2,48,0,0.611,50,30,48.18,81.85
22.99,798.7,6,0.713,23.19,48.58,799.4,430.5,48.3,0,0.595,50,30,48.18,82.07
22.99,798.9,6,0.729,23.16,49.29,798,431.6,46.9,0,0.579,50,30,48.18,82.89
22.99,799.1,6,0.703,23.21,49.59,795.9,433.9,48.1,0,0.604,50,30,48.18,82.47
22.99,799.2,6,0.712,22.98,49.44,797.2,433.9,47.3,0,0.491,50,30,48.18,83.5
22.99,799.4,6,0.705,22.9,49.81,800.6,417,45.9,0,0.451,50,30,48.18,84.21
23,799.5,6,0.714,22.96,50.04,803.1,431.8,47.6,0,0.482,50,30,48.18,83.62
23,799.6,6,0.717,23.03,50.21,803.7,416.3,47.9,0,0.517,50,30,48.18,83.06
23,799.7,6,0.739,22.93,50.2,804.8,457.5,49.5,0,0.467,50,30,48.18,83.2
23,799.8,6,0.74,22.91,49.72,804,437.1,48.7,0,0.456,50,30,48.18,83.46
23,799.9,6,0.726,22.85,49.73,805.9,414.1,46.9,0,0.427,50,30,48.18,83.97
23,799.9,6,0.714,23.02,49.51,805.5,435.1,47.7,0,0.509,50,30,48.18,83.22
23,800,6,0.72,23.12,49.47,807.6,444.6,49.8,0,0.559,50,30,48.18,82.29
23,800,6,0.694,23.07,48.87,806.3,433.1,50,0,0.535,50,30,48.18,82.08
23,800,5,0.678,23.05,49.43,805.5,403.4,46.2,0,0.526,50,30,48.18,83.2
23,800,4,0.675,23.09,48.69,803.5,424.1,46.5,0,0.543,50,30,48.18,82.94
23,800,4,0.692,23.09,48.29,799.4,412.2,46.5,0,0.542,50,30,48.18,82.72
23,799.9,4,0.682,22.99,47.8,794.7,427.8,44.2,0,0.493,50,30,48.18,83.76
23,799.9,4,0.684,22.86,47.38,790.2,441.2,44.7,0,0.429,50,30,48.18,84.07
23,799.8,4,0.667,22.94,47.09,788.6,397.5,45.1,0.1,0.466,50,30,48.18,83.11
23,799.7,4,0.68,22.86,46.72,787.7,422.8,46.1,0.6,0.427,50,30,48.18,83.28
23,799.6,4,0.665,22.82,47.46,784.4,417.6,44.4,0,0.406,50,30,48.18,84.12
23,799.5,4,0.687,22.86,48.04,781.8,434.5,45.4,0,0.429,50,30,48.18,84.04
22.99,799.4,4,0.7,22.85,48.2,777.8,437.8,46,0.9,0.423,50,30,48.18,84.09
22.99,799.2,4,0.709,22.74,48.08,776.9,423.6,48.1,2.5,0.37,50,30,48.18,83.82
22.99,799.1,4,0.692,22.67,48.31,774.4,416.6,47.3,2.6,0.335,50,30,48.18,84.33
22.99,798.9,4,0.704,23.02,48.25,770.2,283.1,45.9,1.8,0.507,0,0,0,81.95
22.99,798.7,4,0.678,22.94,48.3,767.9,426.8,47.2,0.2,0.47,50,30,48.18,83.22
22.99,798.5,4,0.676,22.96,47.91,767,399.4,47.5,0.7,0.477,50,30,48.18,82.72
22.98,798.3,4,0.691,22.96,48.11,764.3,433.8,46,1,0.479,50,30,48.18,83.6
22.98,798.1,4,0.697,22.92,48.15,762.1,438.1,47,0.7,0.458,50,30,48.18,83.5
22.98,797.8,3,0.718,22.93,48.16,756.5,425.5,44,1.8,0.462,50,30,48.18,84.32
22.98,797.5,3,0.691,22.54,47.41,748.8,758.3,44.1,2.8,0.269,100,100,100,83.19
22.97,797.3,3,0.7,22.56,47.12,744,431.6,45.3,3.2,0.28,50,30,48.18,85.13
22.97,797,3,0.681,22.5,46.89,742.3,410.7,43.8,3.8,0.247,50,30,48.18,85.58
22.97,796.6,3,0.688,22.76,46.5,738,419.9,44.7,5.1,0.377,50,30,48.18,84.42
22.96,796.3,3,0.712,22.64,46.36,734.1,435.9,45.1,6,0.32,50,30,48.18,84.93
22.96,796,3,0.73,22.64,46.54,724.8,427,44.7,6,0.317,50,30,48.18,85.06
22.96,795.6,3,0.707,22.54,46.21,723.2,780.6,45.4,7.5,0.27,100,100,100,82.47
22.95,795.2,3,0.696,22.78,46.39,719.8,263,45.6,7,0.388,0,0,0,82.13
22.95,794.9,3,0.7,22.79,46.26,716.9,417,43.2,6.8,0.392,50,30,48.18,84.79
22.94,794.5,3,0.711,22.63,45.84,711.2,450.3,45.1,6.9,0.311,50,30,48.18,85.03
22.94,794,3,0.698,22.69,46.2,709.7,436.8,45.2,7.7,0.345,50,30,48.18,84.84
22.94,793.6,3,0.673,22.75,46.26,707.3,412.6,45.2,9.7,0.373,50,30,48.18,84.58
22.93,793.2,3,0.681,22.83,46.07,705,415.5,45,10.4,0.411,50,30,48.18,84.41
22.93,792.7,3,0.68,22.55,45.83,704.2,418,44.3,12,0.275,50,30,48.18,85.73
22.92,792.2,3,0.698,22.56,45.21,703,774,45.4,14.2,0.278,100,100,100,82.79
22.92,791.7,3,0.7,22.7,44.95,702.8,268.4,43.6,13.3,0.345,0,0,0,83.32
22.91,791.2,3,0.725,22.88,45.29,699,298.7,44.2,11.8,0.436,0,0,0,83.35
22.91,790.7,3,0.729,22.78,45.15,696.2,422.8,45.9,11.4,0.386,50,30,48.18,84.13
22.9,790.2,3,0.706,22.64,45.02,692.3,433.5,44.1,11,0.317,50,30,48.18,85.2
22.9,789.6,3,0.684,22.65,45.28,688.9,406.6,43.8,11.3,0.324,50,30,48.18,85.1
22.89,789,3,0.707,22.67,45.17,688.8,428,43.2,12,0.334,50,30,48.18,85.47
22.88,788.4,3,0.7,22.71,45.17,686.7,429.4,44.2,12.4,0.351,50,30,48.18,85.1
22.88,787.8,3,0.713,22.51,45.33,681.2,444.2,45.6,11.9,0.252,50,30,48.18,85.56
22.87,787.2,3,0.709,22.46,45.09,677.4,420.5,44.4,11.5,0.227,50,30,48.18,85.75
22.87,786.6,3,0.725,22.57,44.74,678,425,45.4,12.3,0.283,50,30,48.18,85.02
22.86,786,3,0.714,22.69,45.49,672.3,412.7,44.5,13.3,0.343,50,30,48.18,85.12
22.85,785.3,3,0.716,22.57,45.37,665.9,417.6,44.8,13.7,0.281,50,30,48.18,85.53
22.85,784.6,3,0.696,22.57,44.77,662.2,426.3,45.1,14.3,0.28,50,30,48.18,85.37
22.84,783.9,3,0.694,22.49,44.77,662.6,415.4,45.6,15.3,0.245,50,30,48.18,85.46
22.83,783.2,3,0.696,22.55,44.85,661.6,456.9,44.5,13.2,0.27,50,30,48.18,85.72
22.83,782.5,3,0.718,22.51,44.63,664.2,425.2,45.5,14.3,0.253,50,30,48.18,85.39
22.82,781.8,3,0.718,22.67,45.38,661,446.5,44,14.1,0.332,50,30,48.18,85.71
22.81,781,3,0.696,22.75,45.51,659.2,406.9,45,13,0.371,50,30,48.18,84.66
22.8,780.3,3,0.702,22.49,45.2,657.4,423,44.7,13.4,0.241,50,30,48.18,85.82
22.79,779.5,3,0.682,22.58,45.41,658.6,776.5,45.7,13.7,0.286,100,100,100,82.66
22.79,778.7,3,0.674,22.68,45.45,656.9,411.6,45.8,12,0.338,50,30,48.18,84.59
22.78,777.9,3,0.692,22.83,45.32,658.2,423.2,44.9,12.8,0.412,50,30,48.18,84.46
22.77,777.1,3,0.687,22.76,45.38,657,413.9,43.9,12.3,0.375,50,30,48.18,84.92
22.76,776.2,3,0.669,22.81,45.57,653.9,409.7,44.6,11.4,0.401,50,30,48.18,84.44
22.75,775.4,3,0.664,22.89,45.7,654.6,406.4,45.9,10.8,0.44,50,30,48.18,83.72
22.75,774.5,3,0.691,22.8,46.17,652,416,44.5,11.8,0.396,50,30,48.18,84.83
22.74,773.6,3,0.675,22.87,46.43,651.9,403.1,45.4,12.1,0.433,50,30,48.18,84.3
22.73,772.7,4,0.68,22.77,46.64,653.2,404.9,47.8,10.8,0.382,50,30,48.18,83.93
22.72,771.8,4,0.704,22.86,47.22,653.2,408,46.8,11,0.426,50,30,48.18,84.18
22.71,770.9,5,0.704,22.66,46.79,658,771.4,46.4,11.3,0.329,100,100,100,82.47
22.7,770,5,0.68,22.78,47.29,660.8,425,47.4,8.9,0.387,50,30,48.18,84.26
22.69,769,6,0.666,22.76,47.21,663.9,420,49.4,7.2,0.38,50,30,48.18,83.47
22.68,768,6,0.688,22.59,47.61,668.5,756.4,48.1,5,0.292,100,100,100,82.13
22.67,767.1,6,0.669,22.83,47.35,670.4,402.7,47.8,2.5,0.413,50,30,48.18,83.11
22.66,766.1,6,0.686,22.91,47.45,671.7,406.4,47.4,0,0.454,50,30,48.18,82.74
22.65,765,6,0.677,22.96,47.69,674,434.8,48.8,0,0.477,50,30,48.18,82.51
22.64,764,6,0.695,23.16,47.98,679.2,421.6,47.7,0,0.575,50,30,48.18,82.08
22.63,763,6,0.674,23.23,47.93,687.2,410,46.5,0,0.611,50,30,48.18,82.04
22.62,761.9,6,0.674,23.27,47.82,691.7,387.1,48.1,0,0.632,50,30,48.18,81.13
22.61,760.8,6,0.691,23.52,47.96,693,246.6,47.5,0,0.756,0,0,0,78.22
22.6,759.8,6,0.693,23.31,47.94,696.6,403.2,48.7,0,0.653,50,30,48.18,81.01
22.59,758.7,6,0.696,23.09,47.63,698.3,418.5,46.3,0,0.544,50,30,48.18,82.59
22.58,757.5,6,0.711,23.13,48.02,699.1,402.1,47.4,0,0.564,50,30,48.18,82.08
22.56,756.4,6,0.733,23.16,48.28,699.5,423.3,47.4,0,0.579,50,30,48.18,82.29
22.55,755.3,6,0.735,23.07,48.16,699.1,418.3,48,0,0.532,50,30,48.18,82.37
22.54,754.1,6,0.75,23.06,48.13,704,778.7,48.1,0,0.53,100,100,100,79.71
22.53,752.9,6,0.718,23.12,47.67,703.2,407.5,47.7,0,0.557,50,30,48.18,81.97
22.52,751.8,6,0.715,23.13,47.88,707.3,404.3,45.7,0,0.562,50,30,48.18,82.57
22.51,750.6,6,0.694,23.07,47.57,709.7,437.8,48,0,0.534,50,30,48.18,82.31
22.49,749.3,6,0.69,22.95,48.47,714.5,420.5,46.8,0,0.472,50,30,48.18,83.31
22.48,748.1,6,0.704,23.02,48.72,717.2,415,46.4,0,0.508,50,30,48.18,83.19
22.47,746.9,6,0.692,23.12,49.22,717.9,401.3,49.2,0,0.557,50,30,48.18,82.05
22.46,745.6,6,0.697,23.11,49.3,720.6,423.6,47.9,0,0.555,50,30,48.18,82.69
22.44,744.3,6,0.715,23.02,49.52,724.9,422,48.7,0,0.508,50,30,48.18,82.89
22.43,743,6,0.707,23.08,49.8,729.2,409.7,46,0,0.541,50,30,48.18,83.42
22.42,741.7,6,0.721,22.91,49.7,728.3,415.7,49.1,0,0.456,50,30,48.18,83.16
22.4,740.4,6,0.734,22.84,49.59,731,430.8,48.3,0,0.419,50,30,48.18,83.78
22.39,739.1,6,0.71,22.9,49.26,732.8,409.3,47.4,0,0.449,50,30,48.18,83.5
22.38,737.8,6,0.723,22.82,49.55,731.2,425.8,48,0,0.409,50,30,48.18,83.89
22.36,736.4,6,0.732,22.92,49.36,730.7,406.9,49.2,0,0.458,50,30,48.18,82.89
22.35,735,6,0.711,23.19,49.32,733.6,260.2,48.4,0,0.595,0,0,0,80.07
22.34,733.6,6,0.731,23.09,49.44,735.9,412.5,47,0,0.543,50,30,48.18,83.02
22.32,732.2,6,0.718,23.08,49.81,738.1,419,46.7,0,0.538,50,30,48.18,83.34
22.31,730.8,6,0.718,23,49.56,737.4,433.2,49.7,0,0.5,50,30,48.18,82.76
22.29,729.4,6,0.735,22.78,49.55,741,418.1,48.5,0,0.39,50,30,48.18,83.79
22.28,728,6,0.741,22.81,49.28,742.7,407.6,46.7,0,0.402,50,30,48.18,84.04
22.27,726.5,6,0.715,22.94,49.48,745.5,404.9,47,0,0.467,50,30,48.18,83.52
22.25,725,6,0.696,22.94,49.46,746.2,392.6,47,0,0.471,50,30,48.18,83.35
22.24,723.6,6,0.7,23.12,49.23,748.3,418.5,47.9,0,0.557,50,30,48.18,82.6
22.22,722.1,6,0.694,23.03,49.06,750.6,406.2,47.5,0,0.512,50,30,48.18,82.87
22.21,720.6,6,0.679,22.88,49.36,752.7,396.3,46.2,0,0.441,50,30,48.18,83.81
22.19,719,6,0.664,23.11,49.02,755.4,392.6,48.8,0,0.556,50,30,48.18,82.02
22.17,717.5,6,0.678,22.84,48.84,753.7,405.8,46.7,0,0.419,50,30,48.18,83.72
22.16,715.9,6,0.677,22.96,49.34,754.9,385,49.1,0,0.477,50,30,48.18,82.54
22.14,714.4,6,0.698,22.88,49.43,754.6,406,49,0,0.439,50,30,48.18,83.12
22.13,712.8,6,0.677,22.63,48.93,755.5,745.8,48,0,0.313,100,100,100,82.16
22.11,711.2,6,0.661,22.8,49.23,758.2,385.8,47.6,0,0.402,50,30,48.18,83.55
22.1,709.6,6,0.655,22.53,49.73,762.6,736.6,45.4,0,0.263,100,100,100,83.76
22.08,708,6,0.662,22.55,49.69,759.7,389.7,49.2,0,0.273,50,30,48.18,84.24
22.06,706.4,6,0.657,22.61,49.79,761.4,388.2,48.4,0,0.305,50,30,48.18,84.26
22.05,704.7,6,0.681,22.65,50.22,762.5,377.5,49.5,0,0.326,50,30,48.18,83.64
22.03,703.1,6,0.69,22.74,50.69,762.2,403.1,48.3,0,0.371,50,30,48.18,83.76
22.01,701.4,6,0.685,22.76,50.25,764.9,407.9,48.8,0,0.38,50,30,48.18,83.76
22,699.7,6,0.704,22.81,49.93,767.8,395.4,48.9,0,0.406,50,30,48.18,83.48
21.98,698,6,0.728,22.84,49.97,769.2,388.1,47.5,0,0.422,50,30,48.18,83.7
21.96,696.3,6,0.713,22.89,49.47,770.1,400.2,50,0,0.443,50,30,48.18,82.73
21.95,694.6,6,0.716,22.83,49.86,773.1,398.9,47.9,0,0.413,50,30,48.18,83.72
21.93,692.8,6,0.733,22.94,49.53,771.4,391,46.7,0,0.468,50,30,48.18,83.46
21.91,691.1,6,0.716,22.97,49.21,772,399.6,49.6,0,0.482,50,30,48.18,82.46
21.89,689.3,6,0.72,22.86,49.84,773.7,402.6,47.4,0,0.429,50,30,48.18,83.78
21.88,687.5,6,0.7,22.79,49.6,773.8,381,50.9,0,0.394,50,30,48.18,82.69
21.86,685.7,6,0.69,22.86,49.67,776.1,387.2,47.4,0,0.429,50,30,48.18,83.56
21.84,683.9,6,0.714,22.48,49.63,776.6,730.5,47.6,0,0.24,100,100,100,83.32
21.82,682.1,6,0.732,22.61,49.41,779.6,396.5,47.5,0,0.303,50,30,48.18,84.49
21.8,680.3,6,0.704,22.8,49.01,780.7,385.9,48.1,0,0.398,50,30,48.18,83.34
21.78,678.4,6,0.701,22.69,49.03,780.3,381.1,47.9,0,0.345,50,30,48.18,83.74
21.77,676.6,6,0.723,22.75,48.79,782.8,417.1,48.4,0,0.374,50,30,48.18,83.66
21.75,674.7,6,0.713,22.78,48.77,780.8,366.9,47.4,0,0.39,50,30,48.18,83.34
21.73,672.8,6,0.712,22.94,48.81,784,401.1,47.2,0,0.467,50,30,48.18,83.16
21.71,670.9,6,0.727,22.75,49.14,786.3,399.5,49.2,0,0.376,50,30,48.18,83.35
21.69,669,6,0.733,22.75,49.11,786.3,398.6,45.2,0,0.372,50,30,48.18,84.56
21.67,667.1,6,0.735,22.8,49.4,789.8,381.1,48.2,0,0.401,50,30,48.18,83.39
21.65,665.2,6,0.705,22.72,49.45,787.3,386.3,47.7,0,0.36,50,30,48.18,83.9
21.63,663.2,6,0.695,22.62,49.39,789.5,376.4,48.8,0,0.311,50,30,48.18,83.83
21.61,661.3,6,0.672,22.69,49.51,789.7,365.7,47.8,0,0.346,50,30,48.18,83.8
21.59,659.3,6,0.697,22.65,49.95,793.2,383.4,49,0,0.323,50,30,48.18,83.96
21.57,657.3,6,0.699,22.61,49.55,796.2,366.2,47,0,0.305,50,30,48.18,84.35
21.55,655.3,6,0.694,22.61,50.05,796.8,387.7,48.2,0,0.305,50,30,48.18,84.37
21.53,653.3,6,0.716,22.51,49.95,797.9,397.4,49.5,0,0.257,50,30,48.18,84.44
21.51,651.3,6,0.702,22.66,50.02,798.9,375.2,49.3,0,0.331,50,30,48.18,83.73
21.49,649.3,6,0.694,22.83,49.92,797.8,374.7,45.9,0,0.417,50,30,48.18,84.08
21.47,647.2,6,0.697,22.84,49.9,798.7,369.1,48.3,0,0.42,50,30,48.18,83.27
21.45,645.2,6,0.68,22.56,49.46,799.1,722.5,47.7,0,0.28,100,100,100,83.06
21.43,643.1,6,0.662,22.45,49.77,802.6,356.9,48.6,0,0.223,50,30,48.18,84.44
21.41,641,6,0.644,22.47,49.84,801.8,360.9,48.4,0,0.234,50,30,48.18,84.5
21.39,638.9,6,0.666,22.43,49.59,802,358.6,46.9,0,0.215,50,30,48.18,85
21.37,636.8,6,0.695,22.67,49.25,800.3,391,47.7,0,0.334,50,30,48.18,84.07
21.35,634.7,6,0.707,22.73,49.26,804.5,372.3,46.4,0,0.367,50,30,48.18,83.99
21.33,632.6,6,0.723,22.8,49.41,802.3,387.2,48.5,0,0.4,50,30,48.18,83.33
21.3,630.4,6,0.701,22.6,48.89,801.2,390.6,48.4,0,0.302,50,30,48.18,83.96
21.28,628.3,6,0.705,22.59,49.55,797.4,380.3,48.7,0,0.294,50,30,48.18,84.09
21.26,626.1,6,0.68,22.62,49.42,796.1,368.7,45.8,0,0.312,50,30,48.18,84.66
21.24,623.9,6,0.698,22.7,49.45,799,362.7,48,0,0.35,50,30,48.18,83.67
21.22,621.7,6,0.711,22.72,49.5,798.7,379.6,47.4,0,0.36,50,30,48.18,83.95
21.2,619.5,6,0.702,22.73,49.61,802.3,366.2,47.4,0,0.367,50,30,48.18,83.78
21.17,617.3,6,0.701,22.98,49.83,803.7,209.2,47.4,0,0.489,0,0,0,79.77
21.15,615.1,6,0.708,22.79,49.75,806.2,386.5,48.2,0,0.396,50,30,48.18,83.51
21.13,612.8,6,0.707,22.59,50.06,806.8,366.8,50.1,0,0.295,50,30,48.18,83.56
21.11,610.6,6,0.702,22.48,49.97,805,357.2,47.6,0,0.241,50,30,48.18,84.66
21.08,608.3,6,0.694,22.45,49.69,806.3,355.9,47.7,0,0.226,50,30,48.18,84.62
21.06,606.1,6,0.678,22.57,49.7,806.8,348.2,49,0,0.287,50,30,48.18,83.7
21.04,603.8,6,0.69,22.56,49.43,805.8,358.2,47.4,0,0.279,50,30,48.18,84.23
21.01,601.5,6,0.673,22.57,49.51,808.1,381.8,49.3,0,0.283,50,30,48.18,83.89
20.99,599.2,6,0.691,22.58,49.79,808.8,367.1,49.1,0,0.292,50,30,48.18,83.81
20.97,596.8,6,0.669,22.54,50.15,810.1,340,46.6,0,0.269,50,30,48.18,84.49
20.95,594.5,6,0.657,22.55,50.45,812.1,358.1,47.9,0,0.278,50,30,48.18,84.07
20.92,592.2,6,0.653,22.59,50.5,811.2,356.3,49,0,0.295,50,30,48.18,83.57
20.9,589.8,6,0.646,22.56,50.17,811.8,345.1,48.8,0,0.278,50,30,48.18,83.76
20.87,587.5,6,0.657,22.33,49.71,811.7,341.7,46.7,0,0.165,50,30,48.18,85.17
20.85,585.1,6,0.668,22.38,49.96,812.3,338.7,48.5,0,0.192,50,30,48.18,84.5
20.83,582.7,6,0.686,22.26,49.66,812.1,708.1,49.6,0,0.131,100,100,100,83.75
20.8,580.3,6,0.678,22.51,50.41,810.9,343.2,46.3,0,0.258,50,30,48.18,84.57
20.78,577.9,6,0.661,22.5,50.44,811.6,337,47.1,0,0.248,50,30,48.18,84.32
20.75,575.5,6,0.68,22.58,50.41,815,326,46.4,0,0.291,50,30,48.18,84.08
20.73,573,6,0.665,22.68,50.61,815.4,346.7,47.6,0,0.341,50,30,48.18,83.48
20.71,570.6,6,0.661,22.63,50.8,818.3,341,50.5,0,0.316,50,30,48.18,82.62
20.68,568.1,6,0.676,22.49,49.81,818,683.9,47.5,0,0.244,100,100,100,83.86
20.66,565.7,6,0.659,22.47,49.68,818.8,325.4,47.8,0,0.236,50,30,48.18,84.04
20.63,563.2,6,0.661,22.34,49.69,819.2,324.6,46.5,0,0.17,50,30,48.18,84.93
20.61,560.7,6,0.685,22.27,49.83,821.4,339.4,48.8,0,0.137,50,30,48.18,84.67
20.58,558.2,6,0.704,22.23,49.85,821.2,342,50.2,0,0.116,50,30,48.18,84.43
20.56,555.7,6,0.724,22.27,49.64,818.6,350.5,49.8,0,0.134,50,30,48.18,84.45
20.53,553.2,6,0.745,22.34,49.6,817.3,732.6,48,0,0.169,100,100,100,83.47
20.51,550.7,6,0.755,22.46,49.35,812.8,378.3,48.6,0,0.231,50,30,48.18,84.33
20.48,548.1,6,0.745,22.55,49.33,812.2,353.6,49.7,0,0.275,50,30,48.18,83.43
20.46,545.6,6,0.762,22.62,49.43,808.2,218.5,48.1,0,0.311,0,0,0,80.98
20.43,543,6,0.748,22.32,49.37,806.7,359.5,46.8,0,0.157,50,30,48.18,85.31
20.4,540.5,6,0.734,22.28,48.99,806.9,356.4,46.6,0,0.138,50,30,48.18,85.33
20.38,537.9,6,0.748,22.35,48.87,807.6,344.7,48.4,0,0.177,50,30,48.18,84.33
20.35,535.3,6,0.739,22.4,48.89,804.8,357.3,49,0,0.2,50,30,48.18,84.15
20.33,532.7,6,0.718,22.27,49.11,807.4,330,48,0,0.136,50,30,48.18,84.71
20.3,530.1,6,0.707,22.17,48.83,808.3,344.2,47.5,0,0.083,50,30,48.18,85.27
20.27,527.5,6,0.689,22.14,49.22,807.5,339.4,49.1,0,0.068,50,30,48.18,85.02
20.25,524.8,6,0.682,22.32,49.46,805.7,330.4,46.7,0,0.158,50,30,48.18,85.11
20.22,522.2,6,0.709,22.21,49.46,808.2,347.9,48.4,0,0.105,50,30,48.18,85.12
20.2,519.6,6,0.714,22.22,48.97,810.2,318.2,47.6,0,0.108,50,30,48.18,84.83
20.17,516.9,6,0.693,22.17,48.87,811.4,330.6,49.1,0,0.086,50,30,48.18,84.62
20.14,514.2,6,0.696,22.38,49,815.5,311.8,49.1,0,0.191,50,30,48.18,83.65
20.12,511.6,6,0.675,22.31,48.75,814.7,300.7,47.5,0,0.156,50,30,48.18,84.18
20.09,508.9,6,0.68,22.42,49.47,813.4,311.2,48.6,0,0.208,50,30,48.18,83.87
20.06,506.2,6,0.671,22.4,49.25,811.9,306.4,48.8,0,0.199,50,30,48.18,83.77
20.03,503.5,6,0.691,22.34,48.83,816.8,311.8,49.1,0,0.17,50,30,48.18,83.72
20.01,500.7,6,0.673,22.3,48.78,814.2,322.6,48,0,0.149,50,30,48.18,84.32
19.98,498,6,0.678,22.35,48.45,815.2,322.9,48.1,0,0.176,50,30,48.18,83.96
19.95,495.3,6,0.699,22.33,48.12,816.5,339.3,47,0,0.163,50,30,48.18,84.41
19.93,492.5,6,0.705,22.18,48.35,817.5,335.5,49.4,0,0.088,50,30,48.18,84.29
19.9,489.8,6,0.692,22.22,48.17,817.8,683.9,47.7,0,0.107,100,100,100,84.22
19.87,487,6,0.703,22.21,48.08,813.7,303.6,46,0,0.107,50,30,48.18,84.81
19.84,484.2,6,0.685,22.26,48.39,812.9,324.9,48.3,0,0.131,50,30,48.18,84.29
19.81,481.5,6,0.689,22.2,48.87,812.5,309.9,47,0,0.099,50,30,48.18,84.92
19.79,478.7,6,0.713,22.04,48.82,814.1,332.2,47.4,0,0.02,50,30,48.18,85.58
19.76,475.9,6,0.687,22.2,48.92,812.3,310.7,47.8,0,0.1,50,30,48.18,84.7
19.73,473,6,0.709,22.2,49.32,816.8,320.6,46.5,0,0.102,50,30,48.18,85.27
19.7,470.2,6,0.693,22.14,49.35,813.9,299.3,49.5,0,0.071,50,30,48.18,84.43
19.67,467.4,6,0.689,22.02,49.23,811.8,306.4,46.2,0,0.011,50,30,48.18,85.95
19.65,464.6,6,0.679,22.04,49.52,812.7,662.5,48.7,0,0.019,100,100,100,85.47
19.62,461.7,6,0.691,22.06,49.39,814.7,313.4,48.1,0,0.03,50,30,48.18,85.33
19.59,458.9,6,0.676,22.18,49.57,817.2,319.5,48.5,0,0.088,50,30,48.18,84.87
19.56,456,6,0.69,22.21,49.7,817.6,303.2,48.6,0,0.106,50,30,48.18,84.6
19.53,453.1,6,0.678,22.23,49.79,820.8,670.9,46.8,0,0.114,100,100,100,85.19
19.5,450.2,6,0.69,22.19,50.14,820.6,305.6,47.4,0,0.094,50,30,48.18,85.09
19.47,447.4,6,0.677,22.12,49.86,821.4,637.5,48.3,0,0.059,100,100,100,85.7
19.44,444.5,6,0.697,22.03,49.37,821.2,324.7,47.1,0,0.016,50,30,48.18,85.75
19.42,441.5,6,0.716,21.98,49.26,826.1,301.9,48,0,-0.009,50,30,48.18,85.22
19.39,438.6,6,0.724,21.98,49.1,826.9,647.8,46.9,0,-0.008,100,100,100,85.96
19.36,435.7,6,0.715,22.01,48.96,824.5,656.5,49.6,0,0.004,100,100,100,85.06
19.33,432.8,6,0.727,22.11,49.31,823.7,292.1,49.1,0,0.055,50,30,48.18,84.31
19.3,429.8,6,0.735,21.91,49.1,823,308.5,50,0,-0.044,50,30,48.18,84.38
19.27,426.9,6,0.748,22.05,49.2,823.7,298.8,49,0,0.026,50,30,48.18,84.72
19.24,423.9,6,0.724,22.13,49.02,823.5,306.3,46.7,0,0.064,50,30,48.18,85.16
19.21,421,6,0.701,22.05,49.5,823.7,299.4,47.4,0,0.026,50,30,48.18,85.35
19.18,418,6,0.724,21.99,49.41,822.5,311.7,48.6,0,-0.004,50,30,48.18,85.26
19.15,415,6,0.726,21.97,49.6,824,297.2,47.4,0,-0.016,50,30,48.18,85.38
19.12,412,6,0.727,21.98,49.95,824.3,306.9,48.4,0,-0.011,50,30,48.18,85.41
19.09,409,6,0.71,21.92,49.7,825.1,282.5,48,0,-0.04,50,30,48.18,84.62
19.06,406,6,0.689,22.03,49.65,825.6,282.4,47.4,0,0.013,50,30,48.18,84.95
19.03,403,6,0.682,22.06,49.47,825.5,291.8,48.4,0,0.031,50,30,48.18,84.75
19,400,6,0.691,22.04,49.43,825.2,306.4,48.5,0,0.018,50,30,48.18,85.1
18.97,397,6,0.688,22.07,49.49,826.8,298.2,47.1,0,0.036,50,30,48.18,85.29
18.94,393.9,6,0.666,21.99,49.31,827.9,268.2,45.8,0,-0.005,50,30,48.18,84.92
18.91,390.9,6,0.664,22.06,49.7,824.7,277.3,47.5,0,0.029,50,30,48.18,84.68
18.88,387.8,6,0.668,21.97,49.72,827,262,47.2,0,-0.014,50,30,48.18,84.4
18.85,384.8,6,0.67,21.89,49.95,829,287.4,47.1,0,-0.057,50,30,48.18,84.93
18.82,381.7,6,0.663,21.98,49.66,825,281.7,47,0,-0.012,50,30,48.18,85.08
18.79,378.7,6,0.654,21.89,49.74,825.3,262.5,48.3,0,-0.056,50,30,48.18,83.81
18.76,375.6,6,0.686,22.08,50.35,823.5,268.3,46.8,0,0.04,50,30,48.18,84.54
18.72,372.5,6,0.705,22.06,50.48,820.4,282.9,48.1,0,0.028,50,30,48.18,84.67
18.69,369.4,6,0.687,22.13,50.78,819.4,277.9,46.8,0,0.065,50,30,48.18,84.52
18.66,366.3,6,0.681,22.08,50.75,818.3,269.3,48.6,0,0.038,50,30,48.18,83.96
18.63,363.2,6,0.699,22,50.71,817.4,282.6,49.3,0,-0.001,50,30,48.18,84.46
18.6,360.1,6,0.688,21.79,51.17,818,113.8,48.5,0,-0.104,0,0,0,78.92
18.57,357,6,0.674,21.72,51.11,814.9,281.2,47.1,0,-0.139,50,30,48.18,83.93
18.54,353.8,6,0.663,21.83,50.67,815,258.4,49,0,-0.086,50,30,48.18,83.24
18.51,350.7,6,0.692,21.61,50.92,815.8,261.5,48.6,0,-0.193,50,30,48.18,82.52
18.48,347.6,6,0.695,21.84,50.82,813.5,276.2,48.3,0,-0.08,50,30,48.18,83.97
18.44,344.4,6,0.712,21.85,50.78,813.6,259.5,47.1,0,-0.077,50,30,48.18,83.88
18.41,341.3,6,0.733,21.75,50.45,810.8,650.7,46.6,0,-0.127,100,100,100,85.51
18.38,338.1,6,0.715,21.81,50.54,810,274,48.1,0,-0.094,50,30,48.18,84.03
18.35,334.9,6,0.708,21.62,50.05,812.4,255.7,47.8,0,-0.191,50,30,48.18,82.98
18.32,331.8,6,0.72,21.76,50.06,811.2,274.3,48,0.4,-0.122,50,30,48.18,84.06
18.29,328.6,6,0.698,21.7,50.28,810.9,242.2,47.8,0,-0.149,50,30,48.18,82.84
18.25,325.4,6,0.715,21.66,49.77,808.3,271.8,47.3,0,-0.17,50,30,48.18,83.75
18.22,322.2,6,0.691,21.69,49.59,809.3,248.1,49.4,0,-0.155,50,30,48.18,82.45
18.19,319,6,0.676,21.56,50.05,804.7,95.4,48.7,0,-0.219,0,0,0,77.83
18.16,315.8,6,0.66,21.76,50.06,805.1,256.5,47.4,0,-0.121,50,30,48.18,83.72
18.13,312.6,6,0.646,21.67,50.12,805.4,267.5,46.5,0,-0.167,50,30,48.18,83.98
18.09,309.4,6,0.629,21.66,49.73,804.7,232.8,46.2,0,-0.172,50,30,48.18,82.93
18.06,306.1,6,0.631,21.8,50.07,802.6,235.3,48.9,0,-0.1,50,30,48.18,82.84
18.03,302.9,6,0.63,21.75,50.28,801.6,233.4,46.9,0,-0.125,50,30,48.18,83.14
18,299.7,6,0.656,21.84,49.78,800.7,587.4,48.2,0,-0.082,100,100,100,84.96
17.96,296.4,6,0.658,21.78,49.86,802.7,253.7,48.2,0,-0.111,50,30,48.18,83.5
17.93,293.2,6,0.64,21.71,49.89,806.3,242.5,47.6,0,-0.145,50,30,48.18,83.03
17.9,290,6,0.655,21.94,50.21,806.8,252.9,46.8,0,-0.03,50,30,48.18,84.42
17.87,286.7,6,0.654,21.94,50.12,810,255,48.1,0,-0.029,50,30,48.18,84.08
17.83,283.4,6,0.679,21.86,50.2,810.6,229,48.5,0,-0.068,50,30,48.18,82.87
17.8,280.2,6,0.693,21.79,50.06,809.4,249.9,48.8,0,-0.107,50,30,48.18,83.18
17.77,276.9,6,0.692,21.68,50.09,809.9,253.4,48,0,-0.158,50,30,48.18,83.11
17.74,273.6,6,0.694,21.6,50.13,811.1,256.8,48.3,0,-0.201,50,30,48.18,82.78
17.7,270.3,6,0.691,21.49,50.12,810.7,232.7,46.1,0,-0.257,50,30,48.18,82.31
17.67,267,6,0.672,21.7,50.06,812.4,584.9,46.8,0,-0.152,100,100,100,84.78
17.64,263.8,6,0.68,21.67,49.88,812.9,243.3,48.8,0,-0.165,50,30,48.18,82.49
17.6,260.5,6,0.677,21.58,49.54,811.9,241.3,48.4,0,-0.212,50,30,48.18,82.08
17.57,257.2,6,0.659,21.53,49.59,814.9,226.8,48.6,0,-0.235,50,30,48.18,81.37
17.54,253.8,6,0.686,21.52,49.48,816.3,252.5,48.5,0,-0.24,50,30,48.18,82.08
17.51,250.5,6,0.667,21.62,49.35,815.8,241.5,47,0,-0.188,50,30,48.18,82.56
17.47,247.2,6,0.693,21.24,49.54,815.9,77.9,49.5,0,-0.379,0,0,0,74.79
17.44,243.9,6,0.698,21.33,49.8,815.2,238.1,47,0,-0.333,50,30,48.18,81.53
17.41,240.6,6,0.717,21.49,49.52,815,230.7,47.7,0,-0.256,50,30,48.18,81.59
17.37,237.2,6,0.701,21.33,49.89,813.2,235,47.9,0,-0.334,50,30,48.18,81.23
17.34,233.9,6,0.704,21.44,49.88,812.6,232.3,47.3,0,-0.282,50,30,48.18,81.74
17.31,230.6,6,0.698,21.29,49.93,810.7,228.4,49.8,0,-0.354,50,30,48.18,80.34
17.27,227.2,6,0.705,21.29,49.31,811.9,217.2,48.8,0,-0.354,50,30,48.18,80.07
17.24,223.9,6,0.687,21.46,49.43,813.7,227.2,48.5,0,-0.268,50,30,48.18,81.14
17.21,220.5,6,0.676,21.64,49.26,812.8,209.4,47.6,0,-0.182,50,30,48.18,81.46
17.17,217.2,6,0.676,21.41,49.51,816.2,234.4,46.9,0,-0.294,50,30,48.18,81.63
17.14,213.8,6,0.665,21.47,49.55,815,230.5,46.9,0,-0.263,50,30,48.18,81.78
17.1,210.4,6,0.647,21.8,49.48,819.4,240.9,46.6,0,-0.101,50,30,48.18,83.31
17.07,207.1,6,0.636,21.69,49.45,821.2,234.3,46.9,0,-0.156,50,30,48.18,82.57
17.04,203.7,6,0.623,21.83,49.49,824.9,210.8,47.3,0,-0.085,50,30,48.18,82.24
17,200.3,6,0.62,21.79,49.55,825.6,197,48.3,0,-0.103,50,30,48.18,81.41
16.97,196.9,6,0.604,21.73,49.64,829,200.1,46.8,0,-0.133,50,30,48.18,81.73
16.94,193.5,6,0.628,21.77,49.52,829.4,204.7,46.6,0,-0.114,50,30,48.18,82.02
16.9,190.1,6,0.638,21.57,49.6,826.4,209.3,48.7,0,-0.214,50,30,48.18,80.85
16.87,186.8,6,0.656,21.73,48.95,829.7,222.3,48,0,-0.134,50,30,48.18,81.76
16.83,183.4,6,0.659,21.67,49.36,830,192.8,49.7,0,-0.164,50,30,48.18,80.28
16.8,180,6,0.639,21.48,49.53,831.4,194.9,46.8,0,-0.258,50,30,48.18,80.57
16.77,176.6,6,0.667,21.27,49.38,828.3,193.5,47.9,0,-0.363,50,30,48.18,79.39
16.73,173.2,6,0.66,21.4,49.66,826.1,201.4,47.4,0,-0.298,50,30,48.18,80.39
16.7,169.7,5,0.635,21.32,49.14,823,194.9,46.2,0,-0.338,50,30,48.18,80.09
16.66,166.3,5,0.626,21.26,48.9,817.5,207.5,46.6,0,-0.369,50,30,48.18,80.12
16.63,162.9,5,0.638,21.31,49.16,815.1,197.8,48.2,0,-0.346,50,30,48.18,79.65
16.59,159.5,5,0.637,21.14,49.25,814.3,219.4,46.2,0,-0.428,50,30,48.18,80.31
16.56,156.1,5,0.632,20.99,49.22,811.3,219.7,47.6,0,-0.503,50,30,48.18,79.37
16.53,152.6,5,0.641,21.34,49.52,808.5,533.1,46.4,2,-0.328,100,100,100,84.2
16.49,149.2,5,0.647,21.22,49.48,805.4,177.7,46.3,0,-0.389,50,30,48.18,79.53
16.46,145.8,5,0.665,21.2,49.39,803.6,212,47.5,0,-0.397,50,30,48.18,80.12
16.42,142.4,5,0.636,21,49.36,800.7,193.2,46.5,0,-0.498,50,30,48.18,79.12
16.39,138.9,5,0.621,20.98,49.51,799.3,192.9,47.7,0,-0.508,50,30,48.18,78.73
16.35,135.5,5,0.619,21.14,48.89,795.2,184.2,45,0,-0.429,50,30,48.18,79.67
16.32,132,5,0.597,21.06,48.92,796.1,206.5,47.5,0,-0.471,50,30,48.18,79.26
16.29,128.6,5,0.622,21.11,48.42,793.5,193.7,48.3,0,-0.441,50,30,48.18,78.67
16.25,125.1,5,0.618,21.48,47.97,789.7,555.3,47.4,0,-0.26,100,100,100,83.53
16.22,121.7,5,0.602,21.36,48.17,789.4,185.7,47.3,0,-0.318,50,30,48.18,79.56
16.18,118.2,5,0.607,21.31,48.26,789.3,180.1,48.6,0,-0.346,50,30,48.18,78.83
16.15,114.8,5,0.609,21.18,48.28,792.4,192.9,47.1,0,-0.409,50,30,48.18,79.21
16.11,111.3,5,0.62,21.27,48.67,789.3,196.5,46.7,0,-0.366,50,30,48.18,79.91
16.08,107.9,5,0.633,21.04,48.69,789.6,183.8,46.4,0.1,-0.479,50,30,48.18,78.79
16.04,104.4,5,0.649,21.05,48.35,792.2,187.7,46.8,0,-0.471,50,30,48.18,78.71
16.01,101,5,0.616,21.14,48.94,791.2,171.2,46.9,0,-0.429,50,30,48.18,78.71
15.97,97.5,5,0.608,21.12,48.67,794,174.7,48.9,0,-0.436,50,30,48.18,78.05
15.94,94,5,0.611,21.02,49.1,794.1,173.8,47.7,0,-0.487,50,30,48.18,78.16
15.91,90.6,5,0.598,21.13,49.11,795.6,181.8,48.2,0,-0.434,50,30,48.18,78.68
15.87,87.1,5,0.586,21.13,49.05,794,159.7,47,0,-0.433,50,30,48.18,78.34
15.84,83.6,5,0.597,21.22,48.99,790.5,187.6,47,0,-0.389,50,30,48.18,79.5
15.8,80.2,4,0.573,21.06,48.87,789.4,161.2,47.3,0.5,-0.467,50,30,48.18,78.03
15.77,76.7,4,0.557,21,48.79,787.8,166.9,47,0,-0.497,50,30,48.18,77.98
15.73,73.2,4,0.57,20.98,48.86,787,164.1,45.8,0.3,-0.506,50,30,48.18,78.24
15.7,69.7,4,0.567,20.97,48.81,784.3,174.2,46,0,-0.511,50,30,48.18,78.39
15.66,66.2,4,0.55,20.88,48.38,785.1,164.1,46.9,0.3,-0.556,50,30,48.18,77.37
15.63,62.8,4,0.555,21.12,47.96,787.6,167.2,46,0,-0.437,50,30,48.18,78.43
15.59,59.3,4,0.556,21.18,48.32,786.7,176.5,45.1,0,-0.409,50,30,48.18,79.34
15.56,55.8,4,0.573,21.01,48.62,785,174.1,48.5,0,-0.494,50,30,48.18,77.72
15.52,52.3,4,0.567,20.97,48.52,785.5,168,45.2,0.6,-0.516,50,30,48.18,78.37
15.49,48.8,4,0.541,21.24,48.01,783,502.1,45.5,1.4,-0.379,100,100,100,83.88
15.45,45.4,4,0.517,21.21,48.4,782.3,143,45.7,0,-0.391,50,30,48.18,78.31
15.42,41.9,4,0.51,21.3,48.67,781.9,138.6,48.3,0,-0.347,50,30,48.18,77.82
15.38,38.4,4,0.51,21.27,48.18,781.5,152.8,47.2,0,-0.363,50,30,48.18,78.29
15.35,34.9,4,0.516,21.24,48,783.1,165,46,0,-0.376,50,30,48.18,78.83
15.31,31.4,4,0.509,21.03,48.12,781.8,149.9,46.7,0,-0.486,50,30,48.18,77.41
15.28,27.9,4,0.531,21.15,48.16,781.9,161.9,47.5,0,-0.426,50,30,48.18,77.98
15.24,24.4,4,0.538,21.18,47.9,778.8,509.1,46,0.7,-0.406,100,100,100,83.34
15.21,20.9,4,0.537,21.21,47.66,779.9,174.7,47.1,0,-0.394,50,30,48.18,78.53
15.17,17.5,4,0.504,21.05,48.02,780.2,166,43.8,1.1,-0.471,50,30,48.18,78.95
15.14,14,4,0.515,21.02,48.27,776,152.8,46.8,0.1,-0.488,50,30,48.18,77.5
15.1,10.5,4,0.519,21,48.09,777,142.4,45,0,-0.5,50,30,48.18,77.57
15.07,7,3,0.512,21.16,47.77,777.1,155.8,44.1,0.1,-0.42,50,30,48.18,78.72
15.03,3.5,3,0.525,20.95,47.46,773.1,147.1,46.8,1.2,-0.524,50,30,48.18,76.86
15,0,3,0.507,21.1,47.55,771.4,487.3,43.8,0.5,-0.449,100,100,100,83.74
14.97,0,3,0.455,21.08,47.55,769.9,165.3,44.8,0,-0.457,50,30,48.18,78.42
14.93,0,3,0.411,20.95,47.51,765.6,139.7,44,0,-0.522,50,30,48.18,77.41
14.9,0,3,0.361,20.99,47.59,762.3,157.5,45,0,-0.504,50,30,48.18,77.8
14.86,0,3,0.336,21.05,47.84,763.2,152.3,42.7,0,-0.471,50,30,48.18,78.69
14.83,0,3,0.317,21.36,48.23,762,509.5,43,0,-0.32,100,100,100,84.95
14.79,0,3,0.279,21.43,47.98,760.6,147.1,44,0,-0.284,50,30,48.18,79.6
14.76,0,3,0.233,21.5,48.07,762.2,154.3,44.8,0,-0.247,50,30,48.18,79.88
14.72,0,3,0.231,21.61,48.66,760.5,133.4,45.5,2.3,-0.195,50,30,48.18,79.88
14.69,0,3,0.201,21.73,48.29,763.7,140,42.7,2.4,-0.135,50,30,48.18,81.23
14.65,0,3,0.183,21.68,48.58,766.3,131.7,44,0.6,-0.158,50,30,48.18,80.35
14.62,0,3,0.161,21.68,48.65,769.3,164.2,43.9,0,-0.161,50,30,48.18,81.3
14.58,0,3,0.146,21.81,48.87,764.8,148.8,44.2,0.8,-0.093,50,30,48.18,81.43
14.55,0,3,0.146,21.78,48.91,765.5,160.1,45.6,0.8,-0.11,50,30,48.18,81.24
14.51,0,3,0.127,21.67,49.06,767.6,141.5,45.8,0.8,-0.163,50,30,48.18,80.26
14.48,0,3,0.1,21.99,49.44,770.1,134.4,45.3,0,-0.004,50,30,48.18,81.45
14.44,0,3,0.084,22.03,49.47,771.9,161.3,44.4,0,0.017,50,30,48.18,82.46
14.41,0,3,0.099,22.14,49.58,774.7,150.9,46.5,0,0.072,50,30,48.18,81.14
14.37,0,3,0.099,22.07,49.73,775,138.9,46.5,0,0.034,50,30,48.18,81.13
14.34,0,2,0.082,22.16,49.65,772,148.2,43.7,0,0.079,50,30,48.18,81.88
14.3,0,2,0.098,22.04,49.13,774.1,153.2,42.5,0,0.022,50,30,48.18,82.61
14.27,0,2,0.07,21.96,49.73,770.7,146.9,42.5,0.7,-0.018,50,30,48.18,82.75
14.23,0,2,0.044,22.18,49.28,772.3,148.3,43.2,0.9,0.091,50,30,48.18,81.89
14.2,0,2,0.064,22.23,48.9,767.6,159,43.8,3.5,0.115,50,30,48.18,81.96
14.16,0,2,0.046,22.15,48.91,767.4,164.7,44.5,4.9,0.075,50,30,48.18,82.37
14.13,0,2,0.049,22.11,48.93,764.1,155.9,40,5.8,0.053,50,30,48.18,83.72
14.09,0,2,0.032,21.98,48.37,764.3,514.3,43.9,5.4,-0.011,100,100,100,87.51
14.06,0,2,0.025,21.99,48.86,762.5,129.7,41.9,5.5,-0.003,50,30,48.18,82.69
14.03,0,2,0.016,21.99,49.2,763.1,148,42.7,6,-0.004,50,30,48.18,83.15
13.99,0,2,0.031,22.14,48.94,766.5,157.8,44.7,5,0.071,50,30,48.18,82.17
13.96,0,2,0.048,22.27,48.74,764.5,169.9,43.5,4.2,0.136,50,30,48.18,82.25
13.92,0,2,0.041,22.16,49.03,765.6,10.9,43.7,4.5,0.08,0,0,0,74.2
13.89,0,2,0.018,22.1,49.03,768,144.9,44.2,5.1,0.051,50,30,48.18,82.1
13.85,0,2,0.039,22.22,49.32,770.9,144.9,44.7,6.2,0.11,50,30,48.18,81.73
13.82,0,1,0.027,22.28,48.79,769.1,168.8,39.3,6.6,0.14,50,30,48.18,83.48
13.78,0,1,0.05,22.08,48.87,767.4,144.5,40.3,6.4,0.037,50,30,48.18,83.44
13.75,0,1,0.056,22.31,48.68,768.4,157.5,40.9,8.3,0.154,50,30,48.18,82.91
13.71,0,1,0.069,22.33,48.36,767.3,136,41.2,8.6,0.163,50,30,48.18,82
13.68,0,1,0.049,22.25,48.29,765.4,140.7,41.5,7.6,0.126,50,30,48.18,82.21
13.65,0,1,0.026,22.07,48.05,762.1,138.8,40.2,8.3,0.033,50,30,48.18,83.21
13.61,0,1,0.029,22.16,48.28,758.8,139.1,39.8,8.9,0.08,50,30,48.18,83.08
13.58,0,1,0.012,22.22,48.04,756,168.4,40.9,9.5,0.112,50,30,48.18,83.43
13.54,0,1,0.014,22.14,48.49,752.4,153.3,39.6,11.3,0.069,50,30,48.18,83.9
13.51,0,1,0,22.13,48.27,747.8,154.8,40.1,10.4,0.063,50,30,48.18,83.8
13.47,0,1,0,21.96,47.97,746,149.9,40,11.4,-0.021,50,30,48.18,83.98
13.44,0,1,0.02,21.94,47.88,743.8,150.7,40.8,12.7,-0.029,50,30,48.18,83.79
13.41,0,1,0.006,21.94,47.85,740.2,145.3,40.1,11.5,-0.029,50,30,48.18,83.7
13.37,0,1,0.007,22.07,48.73,735.1,149.1,41.8,13.1,0.032,50,30,48.18,83.78
13.34,0,1,0.007,22.06,48.79,737.5,136.5,39.7,12.6,0.03,50,30,48.18,83.94
13.3,0,1,0.031,21.95,48.5,732,500.1,40.3,16.3,-0.025,100,100,100,89.78
13.27,0,1,0.05,22.04,48.8,731.1,141.4,39.1,16.6,0.017,50,30,48.18,84.58
13.23,0,1,0.027,22.07,48.66,730.2,149.7,40,17.2,0.037,50,30,48.18,84.69
13.2,0,1,0.019,21.96,48.66,730.7,154.1,41.1,17.7,-0.021,50,30,48.18,84.67
13.17,0,1,0.037,22.01,48.8,729.3,158.6,40.8,18.1,0.005,50,30,48.18,85.11
13.13,0,1,0.04,22.03,48.64,725.8,150.2,39.1,18.2,0.017,50,30,48.18,84.95
13.1,0,1,0.039,22.2,48.96,721.9,151.4,41.2,18.6,0.1,50,30,48.18,84.17
13.06,0,1,0.031,22.09,48.77,718,491.7,40.4,19.8,0.044,100,100,100,90.16
13.03,0,1,0.004,22.07,48.41,719.3,148.1,39.8,21.9,0.034,50,30,48.18,85.04
13,0,1,0,22.14,48.57,717.7,148,40.7,23.4,0.069,50,30,48.18,84.78
12.96,0,1,0,22.04,48.7,718.6,145.1,39.9,26.3,0.02,50,30,48.18,85.61
12.93,0,1,0,21.93,48.78,718.7,150.6,40.7,28.3,-0.033,50,30,48.18,85.7
12.9,0,1,0.005,22.07,48.72,718.7,141.5,40,28.9,0.037,50,30,48.18,85.64
12.86,0,1,0,21.99,48.85,716.1,0,40.1,28.6,-0.003,0,0,0,77.37
12.83,0,1,0.015,21.86,48.88,715.7,149.4,40.2,28.3,-0.069,50,30,48.18,85.58
12.79,0,1,0.034,21.97,48.58,711.7,172,40.1,29,-0.014,50,30,48.18,86.64
12.76,0,0,0.023,21.9,48.1,707.9,152.5,30.1,29.4,-0.052,50,30,48.18,85.67
12.73,0,0,0.044,21.88,47.62,706.5,143.3,30.3,31.9,-0.058,50,30,48.18,85.42
12.69,0,0,0.042,21.86,47.45,705.2,155.6,29.9,33.1,-0.071,50,30,48.18,85.75
12.66,0,0,0.024,21.9,47.16,701.7,153.6,31,34.8,-0.048,50,30,48.18,85.92
12.63,0,0,0.039,21.82,47.56,699.9,173.4,28.4,36.5,-0.089,50,30,48.18,86.53
12.59,0,0,0.038,21.68,47.12,694.4,155.9,31.1,38.4,-0.158,50,30,48.18,85.51
12.56,0,0,0.039,21.69,47.01,689.5,159.9,29.6,39.1,-0.152,50,30,48.18,85.7
12.53,0,0,0.011,21.81,46.67,688.1,156.3,30.3,40.2,-0.096,50,30,48.18,86
12.49,0,0,0,21.92,46.46,684.7,144.1,27.8,41.7,-0.04,50,30,48.18,86.13
12.46,0,0,0,22.04,46.64,682.7,153.1,30.1,43.7,0.018,50,30,48.18,86.83
12.43,0,0,0.014,22.07,46.71,683.8,146.1,29.3,44.3,0.033,50,30,48.18,86.58
12.4,0,0,0.025,22.08,46.63,682,151.6,30.5,42.8,0.041,50,30,48.18,86.51
12.36,0,0,0.016,21.9,46.49,681.1,156.6,29.5,45.4,-0.05,50,30,48.18,86.81
12.33,0,0,0,21.92,46.28,677.2,130.5,30.6,47.1,-0.037,50,30,48.18,86.21
12.3,0,0,0.017,22.05,46.45,672.7,138.4,29.7,48.2,0.023,50,30,48.18,86.73
12.26,0,0,0.038,21.94,46.38,670.7,141.5,30.8,49.8,-0.031,50,30,48.18,86.9
12.23,0,0,0.039,21.99,45.8,667.3,161.1,29.9,49.3,-0.003,50,30,48.18,87.43
12.2,0,0,0.042,21.98,45.4,665,143.4,30.9,48,-0.009,50,30,48.18,86.57
12.17,0,0,0.051,22.03,44.88,662.6,154.7,31,50.7,0.015,50,30,48.18,86.94
12.13,0,0,0.053,21.91,44.48,660.7,170.9,31.7,50.8,-0.045,50,30,48.18,87.06
12.1,0,0,0.021,21.94,44.68,660.2,499.5,29.5,52.5,-0.028,100,100,100,92.05
12.07,0,0,0.024,21.85,44.44,657.4,142,30.7,52.9,-0.075,50,30,48.18,86.16
12.04,0,0,0.038,21.77,44.24,656,137.2,28.6,53.2,-0.115,50,30,48.18,85.67
12,0,0,0.039,21.97,44.19,655.1,138.4,30.8,54.2,-0.016,50,30,48.18,86.53
11.97,0,0,0.051,21.98,44.24,654.4,156.7,29.3,55.3,-0.008,50,30,48.18,87.27
11.94,0,0,0.06,21.92,44.28,650.8,135,30.3,58.2,-0.038,50,30,48.18,86.7
11.91,0,0,0.026,21.96,44.53,648.9,141.2,32.1,60.5,-0.021,50,30,48.18,87.34
11.87,0,0,0.039,22.02,44.22,646.4,141.9,30.4,63.1,0.01,50,30,48.18,87.58
11.84,0,0,0.056,21.94,44.87,639,136.5,28.8,63.4,-0.028,50,30,48.18,87.56
11.81,0,0,0.058,21.82,44.3,635.5,0,30.5,62.9,-0.09,0,0,0,78.48
11.78,0,0,0.062,21.63,44.17,633.4,154.3,30.8,63.9,-0.184,50,30,48.18,86.71
11.75,0,0,0.04,21.77,44.14,632.2,511,29.7,63.4,-0.111,100,100,100,92.2
11.71,0,0,0.026,22.11,44.14,632.2,141.6,28.4,63.6,0.052,50,30,48.18,87.28
11.68,0,0,0.016,22.01,44.01,627.7,19.5,28.9,61.7,0.004,0,0,0,80.36
11.65,0,0,0.022,21.95,43.96,627.7,148.2,29.3,61.2,-0.024,50,30,48.18,87.37
11.62,0,0,0.039,21.97,44.34,624.3,164.9,29.5,62.2,-0.017,50,30,48.18,88.18
11.59,0,0,0.024,21.97,44.46,625.9,151.3,30.4,63.1,-0.014,50,30,48.18,87.93
11.56,0,0,0.026,21.89,44.43,621.5,157.7,30.3,63.4,-0.055,50,30,48.18,87.82
11.52,0,0,0.036,21.82,44.41,621.9,135.6,29.5,64,-0.09,50,30,48.18,86.96
11.49,0,0,0.054,21.84,44.5,616.7,159,27.8,65,-0.078,50,30,48.18,87.87
11.46,0,0,0.062,21.94,44.2,616.3,163.2,31.3,65,-0.032,50,30,48.18,88.24
11.43,0,0,0.072,22.08,44.01,613.9,152,28.5,66.1,0.041,50,30,48.18,87.88
11.4,0,0,0.086,22.05,44.09,612.2,151.7,30.2,65.2,0.022,50,30,48.18,87.95
11.37,0,0,0.055,21.97,44.09,607.9,138,29.2,65.3,-0.015,50,30,48.18,87.6
11.34,0,0,0.051,21.83,44.23,600.1,154.7,31.7,66.2,-0.086,50,30,48.18,87.72
11.31,0,0,0.039,21.72,43.95,597.5,152.7,29.3,66,-0.138,50,30,48.18,87.14
11.28,0,0,0.036,21.92,44.21,596.2,162.7,30.9,65.2,-0.039,50,30,48.18,88.2
11.24,0,0,0.017,22.11,44.17,595.9,131.8,29.6,66.1,0.053,50,30,48.18,87.24
11.21,0,0,0,22.09,44.02,593.8,143.1,30.8,66.8,0.047,50,30,48.18,87.63
11.18,0,0,0.006,22.04,43.65,590.2,160,30.1,67.8,0.021,50,30,48.18,88.3
11.15,0,0,0.024,21.98,43.39,590.1,142.5,30.3,67.2,-0.008,50,30,48.18,87.72
11.12,0,0,0.036,21.9,43.61,590.6,140.3,29.9,67.9,-0.049,50,30,48.18,87.49
11.09,0,0,0.042,21.92,43.9,585.5,152.8,30.6,70.3,-0.042,50,30,48.18,88.28
11.06,0,0,0.016,21.96,44.59,585.2,495.9,31.3,71.9,-0.02,100,100,100,94.05
11.03,0,0,0.01,22.1,45.05,586.2,164.4,31.1,72.5,0.049,50,30,48.18,89.22
11,0,0,0.032,22.14,45.08,582.3,168.2,30.2,73.9,0.071,50,30,48.18,89.31
10.97,0,0,0.031,22.1,44.68,580.5,137.5,29.7,75.1,0.051,50,30,48.18,88.51
10.94,0,0,0.031,22.2,44.82,580.3,150,29.5,75.9,0.098,50,30,48.18,88.67
10.91,0,0,0.038,21.9,45.17,578.3,145.9,28.6,77.2,-0.051,50,30,48.18,89.16
10.88,0,0,0.014,21.8,44.85,576.4,128.5,29.9,78.9,-0.098,50,30,48.18,88.34
10.85,0,0,0,21.84,44.68,575.7,137.4,30.1,78.1,-0.081,50,30,48.18,88.59
10.82,0,0,0.017,21.85,44.86,572.7,154.5,30.4,78.9,-0.074,50,30,48.18,89.3
10.79,0,0,0.025,22.12,45.04,570.9,149.7,31,78.3,0.057,50,30,48.18,89.29
10.76,0,0,0.012,22.3,45.33,570.9,143.1,30.7,77.7,0.147,50,30,48.18,88.47
10.73,0,0,0.028,22.18,45.48,570.9,170.3,30.1,79.4,0.091,50,30,48.18,89.92
10.7,0,0,0.041,22.03,45.14,567.6,139.7,29.2,78.5,0.017,50,30,48.18,89.35
10.67,0,0,0.02,21.96,45.49,565.8,138.3,30.2,78.8,-0.02,50,30,48.18,89.44
10.64,0,0,0.009,22.06,45.89,565.1,129.9,29.3,80.1,0.032,50,30,48.18,89.39
10.61,0,0,0,22.17,45.88,565.5,147.4,29,80.7,0.084,50,30,48.18,89.58
10.58,0,0,0.002,22.04,46.51,565,138.9,30.2,81.3,0.021,50,30,48.18,90.09
10.56,0,0,0.018,21.91,46.5,558.9,135.4,28.9,82.3,-0.044,50,30,48.18,89.91
10.53,0,0,0.007,22.12,46.05,556.3,161.5,28.6,83.3,0.058,50,30,48.18,90.52
10.5,0,0,0,22.21,45.94,555.6,158.4,30.4,85.7,0.105,50,30,48.18,90.27
10.47,0,0,0,22.15,46.46,554.6,142.8,29.6,85.1,0.074,50,30,48.18,90.17
10.44,0,0,0,22.21,46.4,554.3,149.4,29.8,84.4,0.104,50,30,48.18,90.05
10.41,0,0,0,22.27,46.74,552.5,147,30.5,82.2,0.134,50,30,48.18,89.66
10.38,0,0,0,22.23,46.91,549.9,11,30.1,81.9,0.113,0,0,0,82.01
10.35,0,0,0,22.36,46.72,546.2,0.8,31.8,81.9,0.179,0,0,0,80.68
10.33,0,0,0.008,22.24,47.05,544.5,149.2,30,80.9,0.121,50,30,48.18,89.81
10.3,0,0,0.023,22.04,47.14,543.8,159.7,29.3,79.1,0.02,50,30,48.18,90.73
10.27,0,0,0.038,21.94,47.16,540.4,171.2,29.2,78.6,-0.028,50,30,48.18,90.98
10.24,0,0,0.035,21.93,46.51,537.4,151,29.6,79.1,-0.033,50,30,48.18,90.14
10.21,0,0,0.019,22.03,45.65,537.3,149.3,30.8,79.2,0.014,50,30,48.18,89.92
10.19,0,0,0.035,21.86,45.33,539,163.4,29.4,78.9,-0.071,50,30,48.18,89.77
10.16,0,0,0.018,21.82,45.1,535.6,143.4,28.5,79.8,-0.088,50,30,48.18,89.05
10.13,0,0,0.033,21.72,45.12,533.7,128.9,30.3,79.7,-0.137,50,30,48.18,88.24
10.1,0,0,0.005,21.73,45,532.4,139.3,30.7,80.6,-0.135,50,30,48.18,88.61
10.07,0,0,0,21.82,44.28,533.5,155.5,30.9,81.5,-0.09,50,30,48.18,89.26
10.05,0,0,0,21.64,44.23,532.3,492.9,29.8,82,-0.176,100,100,100,93.79
10.02,0,0,0.023,21.7,44.53,534.4,157.9,29.7,83.1,-0.147,50,30,48.18,89.15
9.99,0,0,0.019,21.63,44.8,531.4,165.5,29.2,83.1,-0.181,50,30,48.18,89.22
9.97,0,0,0.021,21.59,45.03,528.5,0,28.9,84,-0.201,0,0,0,80.03
9.94,0,0,0.002,21.59,44.75,527.7,158.5,31.9,83.7,-0.201,50,30,48.18,88.91
9.91,0,0,0.01,21.72,45.15,527.7,150.7,29.7,85.3,-0.138,50,30,48.18,89.46
9.88,0,0,0.004,21.81,45.15,525.5,150.4,29.6,85.5,-0.094,50,30,48.18,89.79
9.86,0,0,0,22.06,45.12,522.6,138.2,31.2,85.4,0.029,50,30,48.18,89.9
9.83,0,0,0.015,21.93,44.97,525,161.9,30.2,84.6,-0.035,50,30,48.18,90.42
9.8,0,0,0.005,21.96,45.47,525.4,133.5,30.2,84.8,-0.021,50,30,48.18,89.88
9.78,0,0,0.007,22.05,45.46,529.1,148,31.1,84.5,0.027,50,30,48.18,90.24
9.75,0,0,0.002,21.94,45.02,527.6,133.5,30.9,83.8,-0.031,50,30,48.18,89.54
9.73,0,0,0.001,22.02,44.79,528.6,159.1,30.4,84.8,0.011,50,30,48.18,90.47
9.7,0,0,0,22.15,44.87,525.6,143.7,30.6,84.1,0.073,50,30,48.18,89.52
9.67,0,0,0.008,21.94,44.63,522.4,163,30.8,85.5,-0.03,50,30,48.18,90.47
9.65,0,0,0.013,21.92,44.8,521.3,150.1,30.6,85.3,-0.038,50,30,48.18,90.05
9.62,0,0,0.019,21.78,44.88,516.8,158.3,29,85.9,-0.107,50,30,48.18,89.88
9.6,0,0,0.029,21.84,44.47,513.8,149.4,29.8,86.8,-0.081,50,30,48.18,89.74
9.57,0,0,0.049,21.76,44.76,511.3,164,30.4,86.5,-0.121,50,30,48.18,89.96
9.54,0,0,0.034,21.85,44.8,511.4,146.9,29.4,85.9,-0.074,50,30,48.18,89.75
9.52,0,0,0.017,21.65,44.83,510.6,160.5,30.5,86.4,-0.171,50,30,48.18,89.49
9.49,0,0,0.008,21.73,44.64,512.3,499.5,30.9,89.4,-0.132,100,100,100,94.95
9.47,0,0,0.004,21.69,44.51,512.6,158.6,28.9,89.7,-0.154,50,30,48.18,89.77
9.44,0,0,0,21.77,44.64,516.1,159.3,28.3,89.2,-0.114,50,30,48.18,90.09
9.42,0,0,0,21.68,44.37,515.2,164.5,30,91,-0.16,50,30,48.18,89.98
9.39,0,0,0,21.75,44.29,514.8,144.1,29.1,92.5,-0.125,50,30,48.18,89.75
9.37,0,0,0,21.84,44.37,514.5,139,31,92.5,-0.081,50,30,48.18,89.97
9.34,0,0,0,22.02,44.73,512.2,145.6,27.6,92.2,0.011,50,30,48.18,90.79
9.32,0,0,0.01,22.07,44.58,506.9,494.4,29.3,95.3,0.037,100,100,100,96.28
9.29,0,0,0.021,22.1,44.24,506.3,170.7,30,95.1,0.051,50,30,48.18,91.35
9.27,0,0,0.025,22.07,44.64,503.2,157.3,30.6,95.1,0.036,50,30,48.18,91.21
9.25,0,0,0.014,22.07,44.58,503.7,0,30.2,95.6,0.036,0,0,0,82.26
9.22,0,0,0.015,21.95,44.73,503.8,142.9,30.1,95.7,-0.023,50,30,48.18,90.97
9.2,0,0,0,21.8,44.49,501.7,145.3,30.9,95.3,-0.098,50,30,48.18,90.35
9.17,0,0,0.016,22.07,45.02,506.1,155.6,29.9,97.2,0.032,50,30,48.18,91.54
9.15,0,0,0.009,22.04,45.65,503.7,148.6,31,99.4,0.022,50,30,48.18,91.86
9.13,0,0,0,21.92,45.7,503.7,135,30.1,99.4,-0.042,50,30,48.18,91.32
9.1,0,0,0.017,21.88,45.35,497.5,139,31,99.8,-0.059,50,30,48.18,91.21
9.08,0,0,0.009,21.81,45.65,499.2,139.8,30,99.3,-0.092,50,30,48.18,91.05
9.05,0,0,0.028,21.98,45.59,497.5,152.8,31.1,98,-0.011,50,30,48.18,91.91
9.03,0,0,0.007,21.89,45.92,497,155,29.7,98.3,-0.055,50,30,48.18,91.8
9.01,0,0,0.021,22.02,45.56,499.8,145.2,29.9,97.1,0.011,50,30,48.18,91.58
8.99,0,0,0,21.95,45.77,498.9,152.8,30.9,97,-0.023,50,30,48.18,91.79
8.96,0,0,0.011,21.99,44.93,496.8,504.1,29.6,97.7,-0.004,100,100,100,96.79
8.94,0,0,0.025,22.03,44.75,497,126.5,31,97,0.015,50,30,48.18,90.67
8.92,0,0,0.026,21.97,44.96,494.5,169.9,30.5,96.4,-0.016,50,30,48.18,91.99
8.89,0,0,0.02,21.95,44.93,491.6,152.3,29.3,97.7,-0.026,50,30,48.18,91.51
8.87,0,0,0.029,22.05,44.85,492.7,159.9,30.7,98.1,0.026,50,30,48.18,91.74
8.85,0,0,0.021,21.93,44.95,486.6,157.2,29.5,98.3,-0.033,50,30,48.18,91.67
8.83,0,0,0.036,21.97,45.24,486.4,160.2,29.8,99.2,-0.017,50,30,48.18,92.07
8.8,0,0,0.045,22,45.07,488.1,139.7,29.1,99.7,0,50,30,48.18,91.57
8.78,0,0,0.044,21.88,45.23,486.6,140.4,30,100,-0.061,50,30,48.18,91.22
8.76,0,0,0.029,21.89,45.02,485.7,155.7,28.1,100,-0.056,50,30,48.18,91.64
8.74,0,0,0.045,21.81,45.3,485.4,503.8,31.9,99.5,-0.096,100,100,100,96.43
8.72,0,0,0.034,21.64,45.31,482.9,151.8,31,99.5,-0.177,50,30,48.18,90.68
8.7,0,0,0.044,21.75,46.06,477.6,164.9,29.9,100,-0.122,50,30,48.18,91.82
8.67,0,0,0.029,21.9,45.55,476.5,155.3,29.1,100,-0.049,50,30,48.18,91.88
8.65,0,0,0.044,21.88,45.81,475.3,152.6,28.4,100,-0.061,50,30,48.18,91.81
8.63,0,0,0.023,21.71,45.82,472.7,145.5,32.2,99.5,-0.145,50,30,48.18,90.92
8.61,0,0,0.005,21.66,46.14,472.8,0,29.3,97.9,-0.17,0,0,0,82.07
8.59,0,0,0,21.65,46.39,473.2,150.7,29.3,100,-0.174,50,30,48.18,91.13
8.57,0,0,0.013,21.5,46.18,471.7,159.6,31.2,100,-0.246,50,30,48.18,90.77
8.55,0,0,0,21.81,45.61,470.2,509.3,30.4,100,-0.096,100,100,100,96.54
8.53,0,0,0,21.87,45.41,470.6,151.1,29.1,100,-0.063,50,30,48.18,91.6
8.51,0,0,0.006,21.72,45.55,471.1,159.3,29.2,100,-0.136,50,30,48.18,91.35
8.49,0,0,0.008,21.98,45.75,473.9,143,28.5,100,-0.009,50,30,48.18,91.89
8.47,0,0,0.03,21.88,45.49,472.4,165,27.5,99.9,-0.061,50,30,48.18,92.05
8.45,0,0,0.001,21.97,45.7,476.6,166.6,31,100,-0.015,50,30,48.18,92.53
8.43,0,0,0,22.11,45.82,480.8,503.3,29.6,100,0.054,100,100,100,96.99
8.41,0,0,0,22.07,45.59,481.5,0,29.6,98.9,0.034,0,0,0,82.98
8.39,0,0,0.024,22.05,45.39,482.3,150.8,29,99.3,0.026,50,30,48.18,91.78
8.37,0,0,0,22.02,45.36,480.5,160,29.5,100,0.008,50,30,48.18,92.26
8.35,0,0,0,22.06,45.31,483.1,156.6,28.9,100,0.029,50,30,48.18,91.98
8.33,0,0,0,21.94,44.85,478.8,155.9,29.1,100,-0.031,50,30,48.18,91.77
8.31,0,0,0,22.06,44.68,476.2,135.1,30.4,98.2,0.032,50,30,48.18,90.9
8.29,0,0,0.016,22.09,44.92,472.7,154.2,31.1,100,0.046,50,30,48.18,91.63
8.27,0,0,0.009,21.99,44.92,473.8,152.4,29.5,98.9,-0.003,50,30,48.18,91.8
8.25,0,0,0.027,21.9,44.8,473.8,140.8,30.6,99.6,-0.047,50,30,48.18,91.14
8.23,0,0,0.002,21.72,45.06,476.1,134.4,29.5,100,-0.138,50,30,48.18,90.41
8.22,0,0,0,21.8,45.02,474.5,158.9,29.4,99.9,-0.1,50,30,48.18,91.39
8.2,0,0,0,21.87,44.85,471.7,160.9,30.7,100,-0.062,50,30,48.18,91.69
8.18,0,0,0,21.65,44.71,470.6,142.6,29.6,99.6,-0.172,50,30,48.18,90.22
8.16,0,0,0,21.81,44.56,467.9,149.1,31,98.5,-0.092,50,30,48.18,90.85
8.14,0,0,0,21.85,44.54,469.9,146.6,29.9,100,-0.075,50,30,48.18,91.05
8.12,0,0,0,21.96,44.54,468.4,507.8,31.3,99,-0.02,100,100,100,96.62
8.11,0,0,0,21.92,44.87,466.9,161.4,29.1,100,-0.038,50,30,48.18,91.89
8.09,0,0,0,21.88,44.55,464.5,154.1,32.6,100,-0.061,50,30,48.18,91.38
8.07,0,0,0,21.98,44.76,462.9,144.1,31.3,100,-0.012,50,30,48.18,91.53
8.05,0,0,0.024,21.93,44.85,461.4,156.2,29,100,-0.033,50,30,48.18,91.77
8.04,0,0,0.036,21.93,44.63,461.4,158.4,30.2,99.7,-0.034,50,30,48.18,91.71
8.02,0,0,0.055,21.96,44.63,459.9,154.5,29.9,100,-0.017,50,30,48.18,91.75
8,0,0,0.068,21.97,44.82,459.8,152,30.2,100,-0.014,50,30,48.18,91.77
7.99,0,0,0.082,22.1,44.72,456.7,155.5,28.2,100,0.052,50,30,48.18,91.56
7.97,0,0,0.06,21.95,45,454,153.2,29.3,100,-0.027,50,30,48.18,91.78
7.95,0,0,0.06,21.78,44.9,453.5,156.1,28.8,100,-0.111,50,30,48.18,91.2
7.94,0,0,0.052,21.69,45.5,446.8,134.4,30.5,99.3,-0.155,50,30,48.18,90.36
7.92,0,0,0.068,21.51,45.83,447,150.8,30.2,98.7,-0.244,50,30,48.18,90.26
7.9,0,0,0.058,21.57,45.42,444.9,164.4,29.1,98.2,-0.215,50,30,48.18,90.68
7.89,0,0,0.03,21.36,45.31,443.3,143.6,30,99.9,-0.319,50,30,48.18,89.4
7.87,0,0,0.014,21.52,44.9,444,138.9,29.5,100,-0.238,50,30,48.18,89.72
7.86,0,0,0.013,21.72,45.28,441.9,131.1,29.9,100,-0.138,50,30,48.18,90.39
7.84,0,0,0.036,21.76,45.29,440.3,165.1,30.1,100,-0.116,50,30,48.18,91.57
7.83,0,0,0.035,21.69,45.69,445.5,172.3,29.7,97.8,-0.152,50,30,48.18,91.45
7.81,0,0,0.014,21.91,45.46,450.3,149.3,29.4,97,-0.046,50,30,48.18,91.39
7.79,0,0,0.033,21.83,45.36,452,160.4,30.6,97,-0.087,50,30,48.18,91.38
7.78,0,0,0.038,21.75,45.33,450.9,126.6,28.8,95.5,-0.122,50,30,48.18,89.94
7.76,0,0,0.051,21.63,46.08,452.9,150.7,28.4,95.5,-0.182,50,30,48.18,90.5
7.75,0,0,0.054,21.62,46.24,458.5,0,30.6,94.3,-0.189,0,0,0,81.61
7.73,0,0,0.054,21.58,46.2,457.3,141.5,30.8,94.6,-0.206,50,30,48.18,89.99
7.72,0,0,0.032,21.64,46.43,459.1,156.4,29.8,93.7,-0.18,50,30,48.18,90.64
7.71,0,0,0.04,21.46,46.25,462.8,141.9,28,94.6,-0.267,50,30,48.18,89.56
7.69,0,0,0.057,21.47,46.98,461.2,165.1,28.9,94.4,-0.261,50,30,48.18,90.56
7.68,0,0,0.03,21.51,46.85,464.6,162.1,30.4,95.2,-0.242,50,30,48.18,90.64
7.66,0,0,0.03,21.49,46.26,466.6,153.9,31.4,96,-0.252,50,30,48.18,90.18
7.65,0,0,0.05,21.48,46.08,466.2,151.3,29.8,96.7,-0.26,50,30,48.18,90.05
7.64,0,0,0.022,21.53,45.74,463.9,141.3,30.6,97.3,-0.232,50,30,48.18,89.89
7.62,0,0,0.027,21.66,45.55,467.4,141.2,30.8,97.2,-0.167,50,30,48.18,90.29
7.61,0,0,0.038,21.72,45.3,466.6,147.7,30.8,97,-0.141,50,30,48.18,90.57
7.6,0,0,0.047,21.6,45.07,466,160.8,29.4,96.4,-0.196,50,30,48.18,90.41
7.58,0,0,0.06,21.57,44.72,461,164.8,29.2,96.5,-0.212,50,30,48.18,90.28
7.57,0,0,0.052,21.61,44.64,460.7,146.4,30.1,95.4,-0.191,50,30,48.18,89.74
7.56,0,0,0.023,21.59,44.53,460.5,139.4,30.2,96.2,-0.203,50,30,48.18,89.49
7.54,0,0,0.036,21.65,45.19,461.9,147.1,30.7,96.7,-0.175,50,30,48.18,90.22
7.53,0,0,0.023,21.66,45.71,462.8,145.4,30.2,95.3,-0.17,50,30,48.18,90.26
7.52,0,0,0.027,21.77,45.33,459.3,137.2,31.9,96,-0.112,50,30,48.18,90.38
7.51,0,0,0.003,21.8,44.75,458.2,149.8,32.3,97.2,-0.097,50,30,48.18,90.77
7.49,0,0,0,21.69,45.11,457.3,162.2,30.8,98,-0.152,50,30,48.18,90.95
7.48,0,0,0.013,21.63,45.13,456.1,153.5,31.3,97.9,-0.181,50,30,48.18,90.47
7.47,0,0,0.026,21.73,44.6,457.4,148.4,30.2,100,-0.134,50,30,48.18,90.68
7.46,0,0,0.004,21.91,44.73,457.1,149.1,30.8,100,-0.044,50,30,48.18,91.43
7.45,0,0,0,21.83,44.51,454.2,0,29.7,99.3,-0.083,0,0,0,82.24
7.44,0,0,0,21.72,45.1,449.2,142.5,28.8,98.5,-0.139,50,30,48.18,90.5
7.42,0,0,0,21.78,44.74,449,175.9,28.9,99.3,-0.108,50,30,48.18,91.68
7.41,0,0,0.006,21.76,44.16,446.8,139.1,32.8,98.6,-0.121,50,30,48.18,90.2
7.4,0,0,0,21.77,44.51,449.4,167.5,29.9,98.6,-0.115,50,30,48.18,91.22
7.39,0,0,0,21.93,44.02,448.5,151,27.8,99.4,-0.035,50,30,48.18,91.22
7.38,0,0,0.004,21.95,44.49,450.4,142,30.5,99,-0.027,50,30,48.18,91.15
7.37,0,0,0.005,22.02,44.31,448.4,495.3,30,98.7,0.008,100,100,100,96.72
7.36,0,0,0.003,22,44.48,448.4,153.7,29.7,100,0.002,50,30,48.18,91.79
7.35,0,0,0.018,22.02,44.48,445.1,162.2,30.8,99.8,0.01,50,30,48.18,91.96
7.34,0,0,0.009,21.96,44.66,446.2,138.9,30,99.6,-0.018,50,30,48.18,91.24
7.33,0,0,0.024,21.88,44.5,444.7,135.4,28.9,99.7,-0.06,50,30,48.18,90.78
7.32,0,0,0,21.78,44.31,444.9,146.8,31.4,99.4,-0.107,50,30,48.18,90.67
7.31,0,0,0.019,21.88,44.72,445.3,141.6,31.9,99.7,-0.061,50,30,48.18,91.03
7.3,0,0,0.038,21.83,44.97,439.1,139.7,29.9,100,-0.086,50,30,48.18,90.92
7.29,0,0,0.024,21.69,44.93,440.3,143.9,30.6,100,-0.151,50,30,48.18,90.54
7.28,0,0,0.038,21.88,44.86,439.4,161.5,30.3,99.4,-0.06,50,30,48.18,91.67
7.27,0,0,0.041,21.82,44.63,440.2,153.6,30.3,98.7,-0.089,50,30,48.18,91.06
7.26,0,0,0.016,21.78,45.19,438.1,169.9,30.1,98.4,-0.107,50,30,48.18,91.59
7.25,0,0,0.036,21.68,45.08,433.4,25.1,28.1,99,-0.159,0,0,0,83.75
7.25,0,0,0.023,21.65,45.54,434,143.8,29.1,96.8,-0.173,50,30,48.18,90.28
7.24,0,0,0.024,21.75,45.8,435.1,127.2,29.6,96.3,-0.122,50,30,48.18,90.22
7.23,0,0,0.017,21.76,46.12,434.1,6.2,28.9,96.7,-0.117,0,0,0,82.8
7.22,0,0,0,22.06,45.97,433.7,161.6,29,95.7,0.029,50,30,48.18,91.95
7.21,0,0,0.021,21.81,45.94,430.8,156.4,30.1,96.3,-0.093,50,30,48.18,91.36
7.21,0,0,0.032,21.89,45.55,427.6,160,28.8,96.4,-0.055,50,30,48.18,91.62
7.2,0,0,0.018,21.85,45.68,426.6,134.5,29.6,95.3,-0.072,50,30,48.18,90.67
7.19,0,0,0.026,21.81,45.89,429,133.9,30.4,96.4,-0.094,50,30,48.18,90.67
7.18,0,0,0.012,21.91,45.74,430.1,146.5,31,96.3,-0.046,50,30,48.18,91.34
7.17,0,0,0.023,21.81,45.8,433.3,139.3,30.2,96.8,-0.096,50,30,48.18,90.83
7.17,0,0,0.027,21.77,45.85,432.8,147.4,31.5,96.4,-0.113,50,30,48.18,90.92
7.16,0,0,0.023,21.71,46,432.6,153.6,28.9,98.7,-0.142,50,30,48.18,91.17
7.15,0,0,0.044,21.69,45.76,433.8,152.3,30,98.8,-0.154,50,30,48.18,90.97
7.15,0,0,0.039,21.59,45.62,434.3,131.9,30.9,99.7,-0.204,50,30,48.18,90.01
7.14,0,0,0.049,21.75,45.21,437,143.4,28.1,100,-0.122,50,30,48.18,90.86
7.13,0,0,0.05,21.76,44.99,438.7,139,29.5,100,-0.118,50,30,48.18,90.67
7.13,0,0,0.056,21.72,45.03,438.2,153.9,29.2,99.4,-0.14,50,30,48.18,90.9
7.12,0,0,0.056,21.6,45.77,441.8,148.8,29,99.6,-0.197,50,30,48.18,90.62
7.12,0,0,0.07,21.58,45.43,442.6,167,31,99.9,-0.208,50,30,48.18,90.98
7.11,0,0,0.053,21.54,45.38,444.4,132.7,32.3,100,-0.228,50,30,48.18,89.8
7.1,0,0,0.048,21.64,45.28,446.9,136.9,30.4,96.8,-0.179,50,30,48.18,89.93
7.1,0,0,0.049,21.69,44.86,445,161.7,31.5,98.4,-0.155,50,30,48.18,90.86
7.09,0,0,0.04,21.68,44.88,444,150.8,30.7,98.6,-0.16,50,30,48.18,90.53
7.09,0,0,0.039,21.73,45.46,442.6,160.6,30.4,99.3,-0.136,50,30,48.18,91.28
7.08,0,0,0.028,21.65,45.25,441.2,137.2,29.8,99.3,-0.174,50,30,48.18,90.22
7.08,0,0,0.04,21.71,44.7,439.4,161.1,30.6,99.6,-0.142,50,30,48.18,91.01
7.07,0,0,0.033,21.54,44.41,437.4,0,30.5,99.3,-0.226,0,0,0,81.14
7.07,0,0,0.017,21.69,44.02,436.5,137.6,30,98.7,-0.153,50,30,48.18,89.87
7.06,0,0,0,21.65,43.81,438.1,139.6,29,98.7,-0.173,50,30,48.18,89.7
7.06,0,0,0.014,21.86,43.67,437.6,142.7,29.2,100,-0.069,50,30,48.18,90.65
7.06,0,0,0.027,21.92,43.37,439.4,149.5,30,100,-0.042,50,30,48.18,90.94
7.05,0,0,0.035,21.81,43.84,440.3,146.9,29.3,97.9,-0.092,50,30,48.18,90.46
7.05,0,0,0.051,21.72,43.41,438.3,153.5,30.5,97.6,-0.139,50,30,48.18,90.11
7.04,0,0,0.045,21.62,43.51,438.6,148.9,30.4,98.4,-0.189,50,30,48.18,89.72
7.04,0,0,0.035,21.62,43.39,438.3,160.1,28.8,99.2,-0.188,50,30,48.18,90.1
7.04,0,0,0.022,21.71,42.98,438.3,124.3,28.9,98.7,-0.143,50,30,48.18,89.15
7.03,0,0,0,21.93,42.92,439.7,151.5,30.9,97.6,-0.037,50,30,48.18,90.63
7.03,0,0,0,21.89,42.53,441.1,8.5,31.5,96.9,-0.053,0,0,0,82.14
7.03,0,0,0,22.09,42.51,442.4,150.9,31.2,95.6,0.045,50,30,48.18,90.2
7.02,0,0,0.02,21.95,42.65,444.4,159,28,96.1,-0.026,50,30,48.18,90.68
7.02,0,0,0.034,21.93,42.72,444.4,138.6,31.3,95.4,-0.033,50,30,48.18,89.98
7.02,0,0,0.012,21.7,42.56,446.1,153.5,30.6,96.8,-0.149,50,30,48.18,89.64
7.02,0,0,0.028,21.53,42.33,445.1,165.6,30.3,98.9,-0.231,50,30,48.18,89.5
7.01,0,0,0.02,21.6,42.23,438.7,162.6,29.6,99,-0.199,50,30,48.18,89.63
7.01,0,0,0.024,21.62,42.16,434.3,149,30.4,99,-0.189,50,30,48.18,89.27
7.01,0,0,0.009,21.77,42.34,435.5,156,30.2,98.6,-0.111,50,30,48.18,90.09
7.01,0,0,0.024,21.81,42.85,433.3,146.3,31.3,98.5,-0.092,50,30,48.18,90.12
7.01,0,0,0.009,21.81,42.36,432.3,136.9,30,98.8,-0.091,50,30,48.18,89.7
7.01,0,0,0,21.92,42.8,431.8,137.3,28.5,99.1,-0.037,50,30,48.18,90.31
7,0,0,0.02,21.91,43.07,431,136.1,29,100,-0.045,50,30,48.18,90.4
7,0,0,0.008,22.02,43.22,430.2,0,29.1,98.7,0.008,0,0,0,82.27
7,0,0,0.016,22.04,42.62,433.8,147.3,29.4,99.3,0.02,50,30,48.18,90.69
7,0,0,0.005,22.01,43.14,432.1,156.5,29.3,100,0.006,50,30,48.18,91.34
7,0,0,0,21.92,43.22,433,171,30.5,100,-0.039,50,30,48.18,91.55
7,0,0,0,22.06,43.34,432.7,149.7,29.1,100,0.028,50,30,48.18,91.04
7,0,0,0.003,22.01,43.52,432.3,156.6,28.5,100,0.006,50,30,48.18,91.48
7,0,0,0,22.03,43.35,429.7,155.9,28.2,99.7,0.014,50,30,48.18,91.31
7,0,0,0.009,22.03,43.43,429.4,140.8,29.6,99,0.013,50,30,48.18,90.83
7,0,0,0.031,21.91,43.59,429.6,142.3,31.4,99,-0.046,50,30,48.18,90.69
7,0,0,0.004,22.05,43.25,428.2,141,29.4,98.3,0.024,50,30,48.18,90.61
7,0,0,0,21.98,42.92,428.6,148.8,29.9,98.1,-0.008,50,30,48.18,90.81
7,0,0,0.022,21.97,43.18,425.4,142.8,29.5,97.3,-0.014,50,30,48.18,90.61
7,0,0,0.005,21.92,43.31,423.6,137.6,30.2,97.4,-0.037,50,30,48.18,90.34
7,0,0,0.025,21.97,43.58,420.8,147.2,30.3,96.8,-0.013,50,30,48.18,90.85
7,0,0,0.004,21.92,43.75,420.4,135.6,29.1,96,-0.04,50,30,48.18,90.28
7,0,0,0,22.11,44.17,420,134.9,30.7,94.5,0.053,50,30,48.18,90.17
7.01,0,0,0,21.97,44.06,423.8,149.3,30,94.8,-0.015,50,30,48.18,90.88
7.01,0,0,0.007,22,43.98,424.7,144.2,31.8,95.4,-0.001,50,30,48.18,90.86
7.01,0,0,0.011,22.05,44.38,423.7,159.8,30.5,95.6,0.025,50,30,48.18,91.31
7.01,0,0,0.034,21.95,44.33,422.2,141.9,30.1,96.1,-0.024,50,30,48.18,90.82
7.01,0,0,0.051,21.93,44.33,422.5,146,27.9,96.4,-0.034,50,30,48.18,90.9
7.01,0,0,0.065,21.84,44.16,416.6,145.8,27.9,95.6,-0.079,50,30,48.18,90.4
7.02,0,0,0.048,21.77,43.7,417,493,32,97.5,-0.111,100,100,100,95.63
7.02,0,0,0.053,21.81,43.76,418.9,160.3,28.6,97.6,-0.092,50,30,48.18,90.8
7.02,0,0,0.053,21.65,43.89,419.4,139.1,30.4,97.7,-0.171,50,30,48.18,89.63
7.02,0,0,0.036,21.76,43.72,417.9,160.2,29.6,97.8,-0.12,50,30,48.18,90.58
7.03,0,0,0.018,21.85,43.92,419.1,157.9,30.3,98,-0.076,50,30,48.18,90.94
7.03,0,0,0,21.88,44.21,417.8,151.9,29.7,98.1,-0.058,50,30,48.18,91.02
7.03,0,0,0.001,21.91,45.05,416.8,139.2,30.7,98.1,-0.045,50,30,48.18,91.05
7.04,0,0,0,21.85,45.82,420.7,158.9,31.2,98.8,-0.073,50,30,48.18,91.79
7.04,0,0,0,21.97,45.95,418.2,159,29.6,98.4,-0.016,50,30,48.18,92.23
7.04,0,0,0.012,21.94,45.74,419.1,141.5,29.3,99.2,-0.031,50,30,48.18,91.6
7.05,0,0,0,21.98,45.86,417.7,150.9,28.5,98.8,-0.012,50,30,48.18,92.03
7.05,0,0,0.005,21.93,45.44,416.4,165.6,31.5,98.9,-0.035,50,30,48.18,92.14
7.06,0,0,0,21.87,45.76,413.1,150.5,28.6,99.5,-0.064,50,30,48.18,91.65
7.06,0,0,0.016,21.84,45.71,414.1,163.3,30.5,100,-0.078,50,30,48.18,91.96
7.06,0,0,0.019,22.01,45.34,412.2,155.9,30.5,99.6,0.003,50,30,48.18,92.13
7.07,0,0,0.031,22.13,45.55,412,160.1,30.2,100,0.064,50,30,48.18,91.92
7.07,0,0,0.017,22.1,45.47,412.3,130.9,29.2,99.9,0.048,50,30,48.18,91.12
7.08,0,0,0.033,21.94,45.6,413.3,171.7,31.7,100,-0.029,50,30,48.18,92.54
7.08,0,0,0.041,21.78,45.74,414.8,148.6,31.1,100,-0.107,50,30,48.18,91.31
7.09,0,0,0.035,21.92,45.63,413.5,153.5,28.6,100,-0.039,50,30,48.18,91.93
7.09,0,0,0.02,21.84,45.43,411.8,151.4,31.5,98.2,-0.081,50,30,48.18,91.3
7.1,0,0,0.006,21.89,45.43,409.6,146.7,29.8,99.8,-0.055,50,30,48.18,91.51
7.1,0,0,0.025,21.78,45.23,410.1,149.4,28,100,-0.107,50,30,48.18,91.15
7.11,0,0,0,21.77,45.09,407.7,158.8,30.8,99.5,-0.114,50,30,48.18,91.28
7.12,0,0,0.006,22.01,44.89,407,154.5,30,99.9,0.007,50,30,48.18,91.92
7.12,0,0,0,22.08,45.51,409.2,157.2,30.1,100,0.041,50,30,48.18,91.99
7.13,0,0,0,22.13,45.34,411.6,146,30.3,99.4,0.064,50,30,48.18,91.35
7.13,0,0,0.012,22.18,45.18,410.8,134.4,30.4,97.6,0.088,50,30,48.18,90.58
7.14,0,0,0.029,21.92,44.78,405.8,137.3,31.3,98.8,-0.038,50,30,48.18,91.01
7.15,0,0,0.005,21.97,44.62,407.4,147,29.1,99.8,-0.013,50,30,48.18,91.53
7.15,0,0,0.029,22.02,44.78,409.3,0,30.9,99.5,0.009,0,0,0,82.93
7.16,0,0,0.023,21.81,44.37,407.5,0,30.7,98.6,-0.093,0,0,0,82.05
7.17,0,0,0.032,21.72,44.55,408,145.4,31.8,98.9,-0.138,50,30,48.18,90.43
7.17,0,0,0.051,21.9,44.59,405.3,505.1,34,98.9,-0.048,100,100,100,96.44
7.18,0,0,0.044,22.03,45.11,403.2,160.7,30.3,97.9,0.015,50,30,48.18,91.93
7.19,0,0,0.046,21.83,45.41,400,150.2,29.6,99.7,-0.085,50,30,48.18,91.37
7.2,0,0,0.055,21.87,45.28,398.9,145.5,30.1,100,-0.066,50,30,48.18,91.36
7.21,0,0,0.029,21.99,45.46,398.8,141.5,31.9,100,-0.004,50,30,48.18,91.77
7.21,0,0,0.037,21.94,45.66,395.5,151.1,29.8,100,-0.031,50,30,48.18,91.94
7.22,0,0,0.05,21.83,45.38,393,0,30.6,99.5,-0.082,0,0,0,82.6
7.23,0,0,0.047,21.54,45.14,390.9,152.8,31.5,100,-0.227,50,30,48.18,90.31
7.24,0,0,0.029,21.44,45.06,394.2,161.1,28.1,100,-0.279,50,30,48.18,90.15
7.25,0,0,0.037,21.55,44.99,395,153.7,30.6,100,-0.225,50,30,48.18,90.3
7.25,0,0,0.049,21.61,44.54,394.1,156.4,29.3,97.7,-0.193,50,30,48.18,90.22
7.26,0,0,0.043,21.57,44.63,391,155.7,31.4,97.7,-0.211,50,30,48.18,90.1
7.27,0,0,0.027,21.58,44.2,392.5,153.7,28,97.1,-0.206,50,30,48.18,89.86
7.28,0,0,0.029,21.62,44.18,390.9,144.8,31.3,96.6,-0.189,50,30,48.18,89.66
7.29,0,0,0.039,21.64,44.05,393.1,152.2,30.2,98.5,-0.177,50,30,48.18,90.13
7.3,0,0,0.018,21.85,43.88,392.9,154.9,30,98.7,-0.076,50,30,48.18,90.91
7.31,0,0,0,21.74,43.57,394.3,176.2,29.1,99.5,-0.127,50,30,48.18,91.13
7.32,0,0,0,21.95,43.67,392.9,140.5,28.7,99.5,-0.027,50,30,48.18,90.85
7.33,0,0,0.012,22.14,44.03,393.8,156.6,31,100,0.069,50,30,48.18,91.2
7.34,0,0,0.009,22.05,43.87,393.6,148.6,30.7,97.9,0.025,50,30,48.18,91.02
7.35,0,0,0.03,22.1,44.5,393.7,160.7,29.9,97.4,0.05,50,30,48.18,91.38
7.36,0,0,0.01,22.07,44.19,393.3,154.6,30.6,97.4,0.034,50,30,48.18,91.2
7.37,0,0,0.024,21.94,43.96,394.4,151.9,33,98.2,-0.032,50,30,48.18,91.13
7.38,0,0,0.017,21.92,43.7,392.8,14,28.8,97.8,-0.038,0,0,0,83.19
7.39,0,0,0.013,21.96,43.48,392.8,150.3,29.6,99.4,-0.02,50,30,48.18,91.11
7.4,0,0,0.033,21.86,43.64,391.7,490.3,29.6,100,-0.069,100,100,100,96.19
7.41,0,0,0.012,21.65,43.36,393.1,151.4,30.5,100,-0.171,50,30,48.18,90.03
7.42,0,0,0.023,21.52,43.3,394.2,157.8,31,100,-0.239,50,30,48.18,89.69
7.44,0,0,0.042,21.61,43.51,393.3,164.3,30.7,100,-0.192,50,30,48.18,90.31
7.45,0,0,0.06,21.7,43.16,390,140.4,32,100,-0.15,50,30,48.18,89.78
7.46,0,0,0.037,21.79,43.14,390.8,159.5,30.1,100,-0.103,50,30,48.18,90.7
7.47,0,0,0.02,21.92,44.15,389.4,129.6,28.9,99.6,-0.039,50,30,48.18,90.62
7.48,0,0,0.035,21.69,45.07,386.3,141.3,28.6,99.1,-0.153,50,30,48.18,90.41
7.49,0,0,0.009,21.76,45.21,385.2,139.2,30.2,99.5,-0.118,50,30,48.18,90.71
7.51,0,0,0.009,21.73,45.02,387.9,154.9,31.1,100,-0.133,50,30,48.18,91.04
7.52,0,0,0.032,21.85,45.05,390.4,141.3,29,99.8,-0.075,50,30,48.18,91.06
7.53,0,0,0.024,21.91,44.55,391.3,143.9,28.9,100,-0.046,50,30,48.18,91.19
7.54,0,0,0.042,21.75,44.78,391.3,152.6,30.2,99.2,-0.122,50,30,48.18,90.88
7.56,0,0,0.035,21.71,44.62,390.7,142.8,30.8,98.8,-0.145,50,30,48.18,90.32
7.57,0,0,0.03,21.89,44.85,388.6,142.9,30.8,98.5,-0.053,50,30,48.18,91.06
7.58,0,0,0.002,21.78,44.86,385,0,30.8,98.8,-0.109,0,0,0,82.13
7.6,0,0,0.012,21.7,45.15,386.8,0,29.6,97.1,-0.151,0,0,0,81.76
7.61,0,0,0.011,21.75,45.33,385.3,151.7,30,98.7,-0.123,50,30,48.18,91
7.62,0,0,0.027,21.67,45.53,384.5,139.9,30,98.6,-0.162,50,30,48.18,90.43
7.64,0,0,0.006,21.75,45.19,382.7,152.2,29.6,98.7,-0.122,50,30,48.18,90.98
7.65,0,0,0,21.73,45.18,384.3,151.1,30.2,100,-0.135,50,30,48.18,90.97
7.66,0,0,0.01,21.7,45.2,383.5,148.5,31.1,100,-0.151,50,30,48.18,90.79
7.68,0,0,0.019,21.8,45.51,382.3,127.5,29.7,99.6,-0.098,50,30,48.18,90.63
7.69,0,0,0.039,21.63,45.82,381.5,134.2,30.2,100,-0.185,50,30,48.18,90.33
7.71,0,0,0.056,21.64,45.72,382.3,153.8,29.5,100,-0.177,50,30,48.18,90.94
7.72,0,0,0.064,21.37,45.94,383.1,159,30.4,100,-0.313,50,30,48.18,90.16
7.73,0,0,0.057,21.43,45.99,384.5,149.5,29.9,100,-0.283,50,30,48.18,90.12
7.75,0,0,0.069,21.42,46.1,384.1,163.2,29.4,100,-0.288,50,30,48.18,90.53
7.76,0,0,0.07,21.34,46.08,382.7,1.5,30.3,100,-0.327,0,0,0,81.19
7.78,0,0,0.035,21.41,46.1,379.2,143.5,28.4,100,-0.294,50,30,48.18,89.89
7.79,0,0,0.049,21.33,45.81,380.7,149.6,30.4,99.5,-0.333,50,30,48.18,89.63
7.81,0,0,0.036,21.52,46.03,384.5,140,29.1,99.9,-0.237,50,30,48.18,90.18
7.83,0,0,0.019,21.55,46.08,383.8,155,28.7,100,-0.225,50,30,48.18,90.75
7.84,0,0,0.001,21.67,45.9,386.2,149.7,30,100,-0.166,50,30,48.18,90.97
7.86,0,0,0.017,21.76,45.53,388.4,160.1,29.8,100,-0.121,50,30,48.18,91.48
7.87,0,0,0.026,21.83,45.8,387.7,150.5,29.1,100,-0.083,50,30,48.18,91.57
7.89,0,0,0.045,21.67,45.61,390.6,155.8,28.6,100,-0.163,50,30,48.18,91.07
7.9,0,0,0.06,21.71,46.06,390.1,159.7,31.1,99,-0.142,50,30,48.18,91.41
7.92,0,0,0.058,21.69,45.81,392.9,136.2,29.1,99.6,-0.156,50,30,48.18,90.56
7.94,0,0,0.033,21.71,45.44,392.1,167.5,29.7,98.7,-0.145,50,30,48.18,91.35
7.95,0,0,0.008,21.87,45.78,395.3,150.5,29.4,98.9,-0.066,50,30,48.18,91.59
7.97,0,0,0,21.9,45.21,397.6,506.3,29.9,100,-0.052,100,100,100,96.75
7.99,0,0,0,21.73,44.87,398.1,142,28.1,99.7,-0.134,50,30,48.18,90.57
8,0,0,0.004,21.8,45.45,399.4,159.6,29.8,100,-0.101,50,30,48.18,91.58
8.02,0,0,0,21.8,45.65,401.8,140.7,28.3,100,-0.098,50,30,48.18,91.12
8.04,0,0,0.004,21.84,45.59,403.5,175.5,29.5,99.9,-0.079,50,30,48.18,92.26
8.05,0,0,0,21.76,46.02,403.7,158.4,30.5,100,-0.119,50,30,48.18,91.63
8.07,0,0,0,21.79,46.17,401.6,147.3,27.9,98.2,-0.105,50,30,48.18,91.27
8.09,0,0,0,21.88,46.3,405,151.5,29.6,98.2,-0.06,50,30,48.18,91.79
8.11,0,0,0,21.85,46.27,407.7,139.3,28.2,97.4,-0.074,50,30,48.18,91.22
8.12,0,0,0.003,21.82,45.92,409,145.9,28.8,97.3,-0.088,50,30,48.18,91.18
8.14,0,0,0,21.85,46.68,408.8,155.7,29.8,99.2,-0.073,50,30,48.18,92.06
8.16,0,0,0.009,21.72,46.54,409.5,155.2,28,98.4,-0.137,50,30,48.18,91.42
8.18,0,0,0.003,21.82,46.46,410.7,130.3,30.8,96.5,-0.091,50,30,48.18,90.8
8.2,0,0,0,21.78,45.88,407.4,154.7,30.9,96.4,-0.107,50,30,48.18,91.19
8.22,0,0,0.008,21.86,45.99,410.8,150.6,30,96.3,-0.072,50,30,48.18,91.37
8.23,0,0,0,21.86,45.94,412.4,143.3,30.1,98,-0.068,50,30,48.18,91.33
8.25,0,0,0,22.13,45.91,413.1,153.3,29.9,99.5,0.063,50,30,48.18,91.8
8.27,0,0,0.014,22.22,46,417,152.9,30.5,99.7,0.108,50,30,48.18,91.51
8.29,0,0,0.002,21.97,46.03,417.1,147.2,28.7,100,-0.015,50,30,48.18,92.08
8.31,0,0,0,21.9,45.96,417.3,501,32.1,100,-0.049,100,100,100,97.1
8.33,0,0,0.007,21.87,45.99,421.7,151.8,31.4,100,-0.064,50,30,48.18,91.83
8.35,0,0,0.007,21.76,45.91,420.1,146.8,29.9,99.3,-0.121,50,30,48.18,91.15
8.37,0,0,0.017,21.82,45.72,417.6,147.7,29.5,98.9,-0.091,50,30,48.18,91.3
8.39,0,0,0.027,21.76,45.87,420.6,156.4,29.9,100,-0.12,50,30,48.18,91.51
8.41,0,0,0.03,21.77,45.86,419.7,155.3,29.3,100,-0.116,50,30,48.18,91.49
8.43,0,0,0.032,21.91,45.97,421.2,154.2,28.6,100,-0.046,50,30,48.18,92.03
8.45,0,0,0.011,21.67,45.82,423,147.6,30.3,100,-0.165,50,30,48.18,90.88
8.47,0,0,0.021,21.76,46.1,424.1,151.2,29.8,99.2,-0.12,50,30,48.18,91.35
8.49,0,0,0.007,21.87,45.65,427.3,156.1,32,100,-0.062,50,30,48.18,91.84
8.51,0,0,0,22.01,45.78,428.4,146.4,29.4,100,0.003,50,30,48.18,92.05
8.53,0,0,0,22.31,45.54,428.6,143.1,32,100,0.152,50,30,48.18,90.74
8.55,0,0,0,22.25,45.41,427.2,145.2,30.5,100,0.124,50,30,48.18,90.96
8.57,0,0,0.008,22.34,45.36,430.4,121.3,30.6,100,0.17,50,30,48.18,89.88
8.59,0,0,0.03,22.23,45.44,429.5,147.5,29.6,100,0.115,50,30,48.18,91.11
8.61,0,0,0.011,22.14,44.9,424.6,147,29.8,100,0.07,50,30,48.18,91.23
8.63,0,0,0,22.16,45.13,427.8,136.9,30.2,99.3,0.079,50,30,48.18,90.88
8.65,0,0,0.008,22.12,45.03,427.1,162.8,30.3,98.3,0.06,50,30,48.18,91.66
8.67,0,0,0,22.09,45.3,427,149.5,31.8,99.3,0.046,50,30,48.18,91.56
8.7,0,0,0,22.11,45.16,423.8,148.4,29.9,98.6,0.055,50,30,48.18,91.34
8.72,0,0,0.018,22.05,45.08,420.4,168.8,30,98.8,0.023,50,30,48.18,92.19
8.74,0,0,0.032,22.05,45.38,419.2,134.5,29.9,97.7,0.024,50,30,48.18,91.15
8.76,0,0,0.002,22,44.8,419.3,495.9,29.5,97.3,0.002,100,100,100,96.81
8.78,0,0,0,22.16,44.8,419.6,129.8,29.7,97.6,0.078,50,30,48.18,90.37
8.8,0,0,0,22.13,45.06,421.1,160,30.3,95.1,0.063,50,30,48.18,91.25
8.83,0,0,0,22.1,45.31,421,147.1,30.9,95.6,0.048,50,30,48.18,91.12
8.85,0,0,0.011,21.94,45.67,421.2,158.6,27.8,95.8,-0.029,50,30,48.18,91.75
8.87,0,0,0,22.08,45.29,420.4,127.9,30,96.8,0.041,50,30,48.18,90.7
8.89,0,0,0,22.11,45.05,420.9,159.8,28.7,95.4,0.057,50,30,48.18,91.31
8.92,0,0,0.001,22.21,44.75,422.3,157.9,29.6,96.4,0.101,50,30,48.18,90.9
8.94,0,0,0.001,22.15,44.93,420.8,156.1,31.9,96,0.076,50,30,48.18,91.08
8.96,0,0,0,22.15,45.03,419.2,0,29.1,93.6,0.075,0,0,0,81.93
8.99,0,0,0,22.18,44.9,418.8,146.5,28.8,93,0.091,50,30,48.18,90.36
9.01,0,0,0.015,21.94,45.23,422.3,142.1,31,92.7,-0.031,50,30,48.18,90.78
9.03,0,0,0.019,21.82,45.71,421.5,152.9,30.6,91.1,-0.089,50,30,48.18,90.68
9.05,0,0,0.03,21.74,45.45,419.8,151.3,30.5,93.1,-0.128,50,30,48.18,90.44
9.08,0,0,0.021,21.9,45.21,422.7,501.4,28.8,93.2,-0.048,100,100,100,96.15
9.1,0,0,0.003,21.91,45.36,422.1,141.5,29.9,93.5,-0.044,50,30,48.18,90.79
9.13,0,0,0.003,22.16,45.62,421.4,142.2,31.4,93.2,0.08,50,30,48.18,90.6
9.15,0,0,0,22.21,46.37,422.1,137.5,28.4,94.8,0.104,50,30,48.18,90.72
9.17,0,0,0,22.08,46.3,422.8,154,29.5,94.5,0.039,50,30,48.18,91.65
9.2,0,0,0,21.91,45.76,420.8,137.1,28,94.3,-0.043,50,30,48.18,90.89
9.22,0,0,0.008,22.05,45.76,420.3,145.4,30.3,95.6,0.024,50,30,48.18,91.41
9.25,0,0,0.01,22.06,45.87,420.1,130.2,29.9,94.7,0.031,50,30,48.18,90.85
9.27,0,0,0.028,21.96,45.97,420.4,170.6,28.5,95.6,-0.02,50,30,48.18,92.28
9.29,0,0,0.015,22.11,46.46,420.7,495.7,30.7,97.2,0.054,100,100,100,97.03
9.32,0,0,0.001,22.15,46.15,419.9,145.3,29.2,97.4,0.075,50,30,48.18,91.35
9.34,0,0,0.018,22.08,45.73,422.5,138.5,29.4,96.5,0.039,50,30,48.18,91.17
9.37,0,0,0.032,21.97,45.41,423.7,157.1,30,97.1,-0.017,50,30,48.18,91.84
9.39,0,0,0.032,21.77,45.52,424.5,151.2,30.2,95.9,-0.115,50,30,48.18,90.84
9.42,0,0,0.051,21.66,45.53,424.2,171.3,32,95.5,-0.166,50,30,48.18,91.02
9.44,0,0,0.047,21.54,45.34,423.1,136.5,30.3,96.2,-0.228,50,30,48.18,89.52
9.47,0,0,0.017,21.91,45.07,424,152,28.6,96,-0.047,50,30,48.18,91.22
9.49,0,0,0,22.02,45.07,424,508.5,30.7,96.8,0.008,100,100,100,96.68
9.52,0,0,0,22.07,45.3,422,149.6,29.7,96.9,0.033,50,30,48.18,91.43
9.54,0,0,0.002,22.04,46.03,423.7,151.8,32,98.8,0.018,50,30,48.18,92.07
9.57,0,0,0,21.97,45.95,427.4,138,30.5,98.2,-0.017,50,30,48.18,91.57
9.6,0,0,0.004,21.96,46.18,424,143.5,29.9,98.9,-0.022,50,30,48.18,91.86
9.62,0,0,0,22.04,45.59,420.7,148,28.8,98.8,0.022,50,30,48.18,91.77
9.65,0,0,0,22.09,45.75,420.8,157.8,29.6,100,0.043,50,30,48.18,92.08
9.67,0,0,0.016,21.9,45.21,418.9,503.3,28.6,100,-0.047,100,100,100,96.82
9.7,0,0,0.02,21.79,44.84,420,161.3,30.1,100,-0.102,50,30,48.18,91.4
9.73,0,0,0.038,21.82,44.72,418,160.1,28.2,99.8,-0.091,50,30,48.18,91.38
9.75,0,0,0.042,21.89,44.64,416,161.7,30.4,100,-0.055,50,30,48.18,91.69
9.78,0,0,0.05,21.78,44.32,413.5,142.4,29.4,99.1,-0.107,50,30,48.18,90.51
9.8,0,0,0.053,21.75,44.39,414.1,131.2,30.5,100,-0.124,50,30,48.18,90.16
9.83,0,0,0.027,21.78,44.58,415.5,168.5,29.6,100,-0.106,50,30,48.18,91.48
9.86,0,0,0.036,21.87,44.41,413.3,148.4,33.4,100,-0.062,50,30,48.18,91.14
9.88,0,0,0.036,21.83,44.81,414.3,155,30.8,100,-0.084,50,30,48.18,91.33
9.91,0,0,0.046,21.79,44.37,415,157.5,30.6,100,-0.105,50,30,48.18,91.08
9.94,0,0,0.045,21.78,44.2,416.2,147.2,29.6,100,-0.109,50,30,48.18,90.68
9.97,0,0,0.029,21.71,44.11,418.4,172.2,30.4,99.8,-0.141,50,30,48.18,91.14
9.99,0,0,0.012,21.56,43.87,417.7,157.8,30.6,99.3,-0.215,50,30,48.18,90.01
10.02,0,0,0,21.72,43.84,416.9,159.6,29.7,96.6,-0.141,50,30,48.18,90.34
10.05,0,0,0.022,21.79,43.89,413.6,142.8,30.4,96.5,-0.106,50,30,48.18,90.1
10.07,0,0,0.001,21.77,43.54,411.8,0,30.3,95.3,-0.113,0,0,0,81.26
10.1,0,0,0.024,21.56,43.71,411.7,148.9,30.7,96.1,-0.22,50,30,48.18,89.33
10.13,0,0,0.002,21.68,43.72,412.2,154.7,29.2,97.2,-0.159,50,30,48.18,90.07
10.16,0,0,0.02,21.74,44.2,413.2,158.7,30.6,96.6,-0.129,50,30,48.18,90.53
10.19,0,0,0.011,21.67,43.6,414.9,159,28.5,96.1,-0.165,50,30,48.18,90
10.21,0,0,0.01,21.68,43.49,415.5,138,29.2,95.7,-0.159,50,30,48.18,89.33
10.24,0,0,0.004,21.64,43.54,416.1,158.6,32.5,95.1,-0.178,50,30,48.18,89.77
10.27,0,0,0.016,21.73,43.17,416.3,156.5,30.1,96.3,-0.132,50,30,48.18,90.04
10.3,0,0,0,21.9,43.32,416.9,150,31.8,95.9,-0.049,50,30,48.18,90.48
10.33,0,0,0,21.78,43.58,413.9,154.3,29.9,98,-0.107,50,30,48.18,90.48
10.35,0,0,0.021,21.91,43.58,417.8,147.6,30,98.9,-0.043,50,30,48.18,90.84
10.38,0,0,0.018,21.96,43.71,414.6,149.1,31.1,97.9,-0.02,50,30,48.18,91.01
10.41,0,0,0.007,21.9,44.13,417.5,151.3,31,97.8,-0.05,50,30,48.18,91
10.44,0,0,0.017,21.73,44.44,417.9,138.7,30.6,99,-0.132,50,30,48.18,90.24
10.47,0,0,0.018,21.75,44.47,414.6,146.4,30.8,99,-0.123,50,30,48.18,90.55
10.5,0,0,0.036,21.94,44.31,413.7,151.8,29.9,99.3,-0.027,50,30,48.18,91.41
10.53,0,0,0.013,22.13,44.15,412.4,504.3,29.5,100,0.062,100,100,100,96.3
10.56,0,0,0,21.95,44.82,413.5,158.7,30.4,99.4,-0.022,50,30,48.18,91.85
10.58,0,0,0,21.96,44.58,415.8,148.8,30.3,99.5,-0.018,50,30,48.18,91.5
10.61,0,0,0.014,21.92,44.8,418.5,140.9,29.5,100,-0.039,50,30,48.18,91.24
10.64,0,0,0.009,21.91,44.16,418.8,158.9,29.6,100,-0.043,50,30,48.18,91.51
10.67,0,0,0.008,21.78,44.39,423.4,140.4,28.9,100,-0.11,50,30,48.18,90.54
10.7,0,0,0.013,21.72,44.28,421.1,146.3,31.4,100,-0.138,50,30,48.18,90.47
10.73,0,0,0,21.78,44.17,422.3,146.3,30.9,98.9,-0.109,50,30,48.18,90.53
10.76,0,0,0.016,21.71,44.42,420.7,148.8,30.6,100,-0.144,50,30,48.18,90.55
10.79,0,0,0,21.88,44.48,415.1,153.3,28,100,-0.058,50,30,48.18,91.35
10.82,0,0,0.021,21.72,44.7,414.3,495.1,31.2,100,-0.138,100,100,100,96.02
10.85,0,0,0,21.75,44.43,414.8,7.9,28.9,99.2,-0.121,0,0,0,82.51
10.88,0,0,0.008,21.78,44.59,415.5,502.3,31.5,100,-0.107,100,100,100,96.15
10.91,0,0,0.029,21.85,44.3,415.2,499,31.2,99.2,-0.073,100,100,100,96.25
10.94,0,0,0.022,21.8,44.21,412.1,143.1,29.4,99.7,-0.1,50,30,48.18,90.61
10.97,0,0,0.02,21.78,43.88,414.1,152,29.2,100,-0.109,50,30,48.18,90.7
11,0,0,0,21.69,44.01,413.1,155.3,28.4,99.5,-0.152,50,30,48.18,90.48
11.03,0,0,0,21.86,43.92,414.1,164.3,29.4,100,-0.068,50,30,48.18,91.4
11.06,0,0,0,21.9,44.49,418.3,160.1,29.3,100,-0.05,50,30,48.18,91.62
11.09,0,0,0.008,21.88,44.51,419.4,157.5,29.5,100,-0.06,50,30,48.18,91.47
11.12,0,0,0,21.86,44.16,417.5,164.1,30.5,99.3,-0.068,50,30,48.18,91.41
11.15,0,0,0.023,21.87,44.19,419.2,151.8,29.9,98.5,-0.066,50,30,48.18,90.99
11.18,0,0,0.039,21.72,44.17,422.1,159,30.5,99.6,-0.137,50,30,48.18,90.77
11.21,0,0,0.047,21.76,44.27,418.8,149.3,28.3,99.8,-0.117,50,30,48.18,90.7
11.24,0,0,0.017,21.73,43.96,419.9,143.5,30.2,100,-0.133,50,30,48.18,90.3
11.28,0,0,0.002,21.94,44.35,419.4,148.7,29,99.7,-0.032,50,30,48.18,91.33
11.31,0,0,0,21.92,44.84,422.1,158.2,31,100,-0.038,50,30,48.18,91.78
11.34,0,0,0,21.88,45.05,420.1,172.7,30.5,100,-0.059,50,30,48.18,92.14
11.37,0,0,0.022,22.06,45.18,418.1,4.9,29,100,0.03,0,0,0,83.33
11.4,0,0,0.007,22.11,44.83,416.6,147.1,30.5,100,0.056,50,30,48.18,91.32
11.43,0,0,0,22.16,44.19,418.1,149.6,30.4,99.2,0.079,50,30,48.18,90.9
11.46,0,0,0.009,22.16,44.3,418.7,144.8,31.2,98,0.081,50,30,48.18,90.66
11.49,0,0,0.029,22.1,44.24,416.4,141.2,30.8,100,0.048,50,30,48.18,90.97
11.52,0,0,0.035,21.96,44.32,416.3,140.6,27.8,99.8,-0.019,50,30,48.18,91.18
11.56,0,0,0.048,21.99,44.37,416.4,157.9,31.4,98.9,-0.003,50,30,48.18,91.75
11.59,0,0,0.029,21.75,44.44,416.8,531.2,30.6,100,-0.125,100,100,100,95.66
11.62,0,0,0.03,21.83,44.72,415.6,147.7,31.1,100,-0.086,50,30,48.18,91.06
11.65,0,0,0.002,21.98,44.53,415.7,160.1,29.8,100,-0.008,50,30,48.18,91.95
11.68,0,0,0,22.12,45.01,416.7,140.5,29.5,99.6,0.059,50,30,48.18,91.12
11.71,0,0,0.018,22.04,44.69,418.2,140.6,28.3,99.7,0.018,50,30,48.18,91.32
11.75,0,0,0.018,22.07,44.5,417.1,128,30.7,100,0.033,50,30,48.18,90.79
11.78,0,0,0.013,22.16,44.14,416.3,149.2,29.1,100,0.08,50,30,48.18,90.94
11.81,0,0,0.015,22.09,44.43,411,143.7,31.3,99,0.045,50,30,48.18,91.04
11.84,0,0,0.022,22.02,44.48,408.1,147.2,30,99.4,0.009,50,30,48.18,91.48
11.87,0,0,0,21.99,44.66,406.8,142.7,31.4,99.3,-0.006,50,30,48.18,91.43
11.91,0,0,0,22.1,45.27,405.7,156,29.8,98.9,0.052,50,30,48.18,91.67
11.94,0,0,0,22.07,45.08,410,150.1,31.4,100,0.036,50,30,48.18,91.64
11.97,0,0,0,22.14,45.06,407.1,169.7,31,98.4,0.069,50,30,48.18,91.82
12,0,0,0,22.01,45.08,410.1,147.1,28.2,99.1,0.006,50,30,48.18,91.69
12.04,0,0,0.001,22.01,45.22,411.8,6,31.7,98.5,0.005,0,0,0,83.47
12.07,0,0,0,22.06,44.87,409.1,0,28.3,95.6,0.028,0,0,0,82.42
12.1,0,0,0,21.91,45.2,409.7,151,30.2,93.6,-0.043,50,30,48.18,91.03
12.13,0,0,0,21.78,45.09,407.4,148.9,28.7,94.2,-0.107,50,30,48.18,90.5
12.17,0,0,0,21.9,45.13,406.6,160.1,28.3,92.4,-0.052,50,30,48.18,91.09
12.2,0,0,0,22.08,45.01,405.9,161.7,30,93,0.041,50,30,48.18,91.23
12.23,0,0,0.019,22.1,44.75,405.1,159.2,29.4,91.3,0.049,50,30,48.18,90.83
12.26,0,0,0.012,22.11,45.25,406.1,147.6,29.4,90.5,0.055,50,30,48.18,90.55
12.3,0,0,0.028,22.17,45.27,405.8,166.5,30.2,92.2,0.082,50,30,48.18,91.08
12.33,0,0,0.017,22.06,45.71,404.3,159.3,30.7,95.7,0.028,50,30,48.18,91.79
12.36,0,0,0.039,21.99,45.68,406.5,159.8,30.7,95.2,-0.007,50,30,48.18,91.9
12.4,0,0,0.023,21.84,45.49,404.8,166.2,30.6,94.3,-0.078,50,30,48.18,91.39
12.43,0,0,0.02,21.97,45.11,406.3,137.5,28,95.3,-0.017,50,30,48.18,90.95
12.46,0,0,0.011,22.14,44.75,409.8,150.4,30.6,95.5,0.069,50,30,48.18,90.83
12.49,0,0,0,22.11,44.63,404.8,158.5,31.2,97,0.054,50,30,48.18,91.3
12.53,0,0,0,22,44.5,402.7,160.8,28.4,97.2,-0.002,50,30,48.18,91.72
12.56,0,0,0,22.11,44.38,405.7,0,29.4,95.5,0.054,0,0,0,82.04
12.59,0,0,0,22.11,44.73,403.8,147,31.7,95.5,0.057,50,30,48.18,90.81
12.63,0,0,0,22.04,44.59,403.3,148.1,28.6,96.7,0.02,50,30,48.18,91.19
12.66,0,0,0,21.96,44.64,403,137.7,28.3,97.9,-0.021,50,30,48.18,91.01
12.69,0,0,0.013,22.02,44.36,402.4,147.4,31.3,98.8,0.009,50,30,48.18,91.38
12.73,0,0,0.002,22.1,44.14,402.6,157.2,29.5,97.9,0.05,50,30,48.18,91.19
12.76,0,0,0,22.17,44.04,403,142.2,30.2,96.4,0.083,50,30,48.18,90.31
12.79,0,0,0,22.07,44.04,403.8,160.5,31.3,96.1,0.035,50,30,48.18,91.18
12.83,0,0,0.003,21.91,44.59,404.3,150.2,27.4,93.6,-0.046,50,30,48.18,90.76
12.86,0,0,0,21.98,44.39,403.1,134.4,30.5,93.1,-0.011,50,30,48.18,90.42
12.9,0,0,0.019,21.94,44.53,401.5,153.5,29.8,94.3,-0.031,50,30,48.18,91.01
12.93,0,0,0,22.02,44.39,403.4,167.5,29.8,95.5,0.008,50,30,48.18,91.66
12.96,0,0,0.025,22,44.35,406.9,132.1,30.3,95.9,-0.002,50,30,48.18,90.68
13,0,0,0.009,21.98,44.04,404.9,154.6,31.1,95.1,-0.008,50,30,48.18,91.12
13.03,0,0,0.019,22.01,44.19,404.5,502.2,30,95.2,0.003,100,100,100,96.3
13.06,0,0,0.021,21.99,43.43,405.5,150.3,30.7,94.1,-0.006,50,30,48.18,90.67
13.1,0,0,0.019,22.06,43.21,405.7,6.2,29.7,92.9,0.031,0,0,0,81.98
13.13,0,0,0.032,22.08,43.25,403.7,153.3,30.1,92.6,0.037,50,30,48.18,90.31
13.17,0,0,0.04,21.85,43.39,405.7,145.1,28.1,93.3,-0.074,50,30,48.18,89.9
13.2,0,0,0.057,21.73,43.53,403,9.4,30.6,94.8,-0.131,0,0,0,81.78
13.23,0,0,0.069,21.72,43.66,404.1,147.9,30.6,94.8,-0.136,50,30,48.18,89.78
13.27,0,0,0.071,21.72,43.31,407.2,164.3,31,94.5,-0.136,50,30,48.18,90.11
13.3,0,0,0.042,21.81,43.16,407.3,2.4,29.9,93.6,-0.093,0,0,0,81.28
13.34,0,0,0.045,21.78,43.1,408.3,127.5,29.8,95,-0.107,50,30,48.18,89.2
13.37,0,0,0.016,21.7,43.55,410.1,0,29.8,96.3,-0.149,0,0,0,81.09
13.41,0,0,0.027,21.77,43.93,408.5,164.3,31,95.5,-0.115,50,30,48.18,90.6
13.44,0,0,0.034,21.7,43.87,412.3,143,30.9,94,-0.146,50,30,48.18,89.56
13.47,0,0,0.011,21.77,44.18,413.6,160.3,29.3,94.9,-0.113,50,30,48.18,90.53
13.51,0,0,0.024,21.78,44.37,414.9,150,32.1,95,-0.107,50,30,48.18,90.35
13.54,0,0,0.039,21.9,43.98,416.3,134.7,31.5,95.7,-0.048,50,30,48.18,90.26
13.58,0,0,0.039,22,44.26,417.3,144.8,29.3,97.6,-0.002,50,30,48.18,91.2
13.61,0,0,0.021,21.96,44.06,416.2,163.1,31.1,98.5,-0.022,50,30,48.18,91.62
13.65,0,0,0.021,21.77,44,414,159.8,28.9,97.7,-0.112,50,30,48.18,90.74
13.68,0,0,0.004,21.77,43.93,411.7,150.4,31.6,97.5,-0.113,50,30,48.18,90.39
13.71,0,0,0.032,21.85,43.45,410.2,154.9,29.7,97.9,-0.075,50,30,48.18,90.68
13.75,0,0,0.04,21.73,43.76,408.1,142.5,30,99.3,-0.133,50,30,48.18,90.13
13.78,0,0,0.019,21.73,43.09,407.1,136.6,29.8,99,-0.133,50,30,48.18,89.67
13.82,0,0,0.008,21.92,42.9,403.4,0,30.6,97.4,-0.039,0,0,0,81.79
13.85,0,0,0.036,21.99,42.75,403.8,152,31.5,99.1,-0.007,50,30,48.18,90.95
13.89,0,0,0.018,21.97,42.94,404,151.4,29.1,100,-0.014,50,30,48.18,91.05
13.92,0,0,0.022,22,43.12,404,150.3,30,99,0.001,50,30,48.18,91.08
13.96,0,0,0.046,21.86,43.13,404.6,146.9,31.5,99.8,-0.069,50,30,48.18,90.55
13.99,0,0,0.04,21.88,42.76,405.4,150.2,30.8,99.4,-0.057,50,30,48.18,90.56
14.03,0,0,0.052,21.74,42.8,408.1,136.6,29.8,99.3,-0.129,50,30,48.18,89.62
14.06,0,0,0.071,21.63,42.5,408.5,138.5,31,100,-0.183,50,30,48.18,89.23
14.09,0,0,0.049,21.77,43.13,408.3,498.4,29.6,100,-0.111,100,100,100,95.6
14.13,0,0,0.055,21.79,43.81,409.7,165,29.6,100,-0.104,50,30,48.18,91.11
14.16,0,0,0.036,21.99,43.86,409.1,146.9,29.7,100,-0.005,50,30,48.18,91.33
14.2,0,0,0.024,22.02,43.55,405.5,157.7,31,100,0.012,50,30,48.18,91.48
14.23,0,0,0.009,22.14,44.1,403.9,141.9,30.7,100,0.07,50,30,48.18,90.78
14.27,0,0,0,22.09,44.03,405.7,145.3,29.7,100,0.045,50,30,48.18,91.04
14.3,0,0,0.013,22.03,44.05,408.4,161.3,29.1,99.2,0.015,50,30,48.18,91.67
14.34,0,0,0.043,21.9,44.34,408.3,147.8,28.6,99.6,-0.052,50,30,48.18,91.14
14.37,0,0,0.061,21.81,44,408.8,7.8,28.7,99.9,-0.095,0,0,0,82.6
14.41,0,0,0.071,21.75,44.17,409.4,140.6,29.6,100,-0.122,50,30,48.18,90.37
14.44,0,0,0.062,21.69,44.45,408.2,142.1,29.4,98.3,-0.154,50,30,48.18,90.11
14.48,0,0,0.074,21.7,44.95,407.1,167.7,29.5,99.7,-0.151,50,30,48.18,91.24
14.51,0,0,0.081,21.74,44.87,409.9,148.9,30.6,100,-0.129,50,30,48.18,90.83
14.55,0,0,0.101,21.7,45.07,409.8,151.1,30.9,100,-0.149,50,30,48.18,90.82
14.58,0,0,0.074,21.78,45.1,406.7,131.9,31.2,100,-0.107,50,30,48.18,90.58
14.62,0,0,0.079,21.61,44.58,403.1,137.6,32,100,-0.192,50,30,48.18,89.91
14.65,0,0,0.087,21.82,44.55,403.3,151.3,30,100,-0.087,50,30,48.18,91.1
14.69,0,0,0.096,21.79,44.88,402.5,163.2,29.8,99.5,-0.106,50,30,48.18,91.39
14.72,0,0,0.085,21.71,45.09,401.5,163.6,31.3,100,-0.143,50,30,48.18,91.25
14.76,0,0,0.06,21.72,44.81,402.8,147.5,29.4,100,-0.136,50,30,48.18,90.71
14.79,0,0,0.035,21.68,44.59,405.9,160.7,29.9,100,-0.159,50,30,48.18,90.86
14.83,0,0,0.024,21.79,44.36,405.9,149.4,30.3,100,-0.103,50,30,48.18,90.86
14.86,0,0,0.008,21.75,44.17,404.6,173.9,29.5,99.4,-0.123,50,30,48.18,91.3
14.9,0,0,0.012,21.73,44.18,399.8,159.9,30.3,99.4,-0.132,50,30,48.18,90.83
14.93,0,0,0.036,21.61,44.15,396.8,153.6,29.4,97.9,-0.192,50,30,48.18,90.02
14.97,0,0,0.063,21.55,44.43,395.9,148.7,30.8,98,-0.225,50,30,48.18,89.75
15,0,0,0.04,21.59,44.75,397.5,152.6,28.4,98.9,-0.203,50,30,48.18,90.24
15.03,3.5,0,0.042,21.7,44.97,395,158.3,29.6,99.9,-0.15,50,30,48.18,90.99
15.07,7,0,0.04,21.94,45.47,394.7,155.1,31.1,100,-0.03,50,30,48.18,91.99
15.1,10.5,0,0.031,21.98,45.7,396.7,155.8,29.8,100,-0.011,50,30,48.18,92.24
15.14,14,0,0.054,21.94,45.83,396.8,162.6,30.1,99.9,-0.031,50,30,48.18,92.33
15.17,17.5,0,0.077,22.07,46.07,396.6,152.2,30.6,100,0.034,50,30,48.18,92.1
15.21,20.9,0,0.052,22.04,46.36,394.8,149.5,29.5,99,0.02,50,30,48.18,92.14
15.24,24.4,0,0.038,22.08,45.85,391.9,162.4,30.1,98.4,0.041,50,30,48.18,92.11
15.28,27.9,0,0.036,22.04,45.29,393,152.9,30.4,98,0.021,50,30,48.18,91.73
15.31,31.4,0,0.061,21.77,45.6,391.2,153.3,29.5,99.5,-0.116,50,30,48.18,91.28
15.35,34.9,0,0.041,21.64,45.3,390.3,134.8,30.6,100,-0.181,50,30,48.18,90.19
15.38,38.4,0,0.044,21.71,45.11,388.6,163.9,31.1,97.5,-0.143,50,30,48.18,91.02
15.42,41.9,0,0.045,21.57,45.02,391.6,9.3,31.9,96.4,-0.211,0,0,0,81.88
15.45,45.4,0,0.042,21.74,45.04,392.9,154.1,30.3,97.3,-0.126,50,30,48.18,90.81
15.49,48.8,0,0.066,21.6,44.62,393.7,170.5,31.2,96.6,-0.196,50,30,48.18,90.55
15.52,52.3,0,0.092,21.51,45.18,393.8,147.1,30,97.9,-0.241,50,30,48.18,89.85
15.56,55.8,0,0.103,21.59,45.02,393.2,166.4,29.3,98.5,-0.205,50,30,48.18,90.69
15.59,59.3,0,0.123,21.68,44.91,395.2,156.5,30.4,99.1,-0.157,50,30,48.18,90.77
15.63,62.8,0,0.099,21.65,45.08,397.7,151.3,31.5,98.3,-0.173,50,30,48.18,90.49
15.66,66.2,0,0.084,21.65,44.97,397.9,155.6,31.1,98.1,-0.172,50,30,48.18,90.56
15.7,69.7,0,0.065,21.63,44.97,395.9,147.4,31,100,-0.185,50,30,48.18,90.41
15.73,73.2,0,0.087,21.49,44.75,397.8,159.7,31.1,99.3,-0.25,50,30,48.18,90.13
15.77,76.7,0,0.065,21.54,44.71,397.4,151.9,28.1,99.7,-0.229,50,30,48.18,90.08
15.8,80.2,0,0.055,21.65,44.78,396.9,161.1,29.1,98.3,-0.175,50,30,48.18,90.65
15.84,83.6,0,0.065,21.74,45.24,398.1,153.5,29.6,99.6,-0.129,50,30,48.18,91.08
15.87,87.1,0,0.076,21.75,45.51,396.4,162.8,30,100,-0.123,50,30,48.18,91.53
15.91,90.6,0,0.099,21.53,45.42,397.5,151.4,31.2,100,-0.231,50,30,48.18,90.35
15.94,94,0,0.094,21.45,45.19,398.6,125.5,28.4,100,-0.271,50,30,48.18,89.19
15.97,97.5,0,0.106,21.63,44.58,398,506,29.5,100,-0.184,100,100,100,95.52
16.01,101,0,0.087,21.38,44.69,397.4,176.6,29.9,100,-0.308,50,30,48.18,90.25
16.04,104.4,0,0.074,21.43,44.93,398.3,155.9,30.1,97.9,-0.28,50,30,48.18,89.72
16.08,107.9,0,0.086,21.58,45.3,398.8,130,30.2,99.6,-0.208,50,30,48.18,89.79
16.11,111.3,0,0.085,21.68,45.47,401.2,148.4,31.3,100,-0.158,50,30,48.18,90.83
16.15,114.8,0,0.108,21.59,44.89,405.1,144.2,30.2,100,-0.204,50,30,48.18,90.14
16.18,118.2,0,0.08,21.54,44.82,403.6,154.4,29.5,100,-0.229,50,30,48.18,90.23
16.22,121.7,0,0.083,21.77,44.61,404.2,164.5,29.9,100,-0.113,50,30,48.18,91.32
16.25,125.1,0,0.076,21.82,44.15,403.7,147.5,29.9,98.9,-0.087,50,30,48.18,90.73
16.29,128.6,0,0.074,21.66,44.27,400.8,149,30.1,100,-0.17,50,30,48.18,90.31
16.32,132,0,0.073,21.58,44.28,401.4,150.4,29.6,100,-0.208,50,30,48.18,90.07
16.35,135.5,0,0.057,21.62,44.5,400,136.8,29.6,99.4,-0.186,50,30,48.18,89.84
16.39,138.9,0,0.04,21.77,44.9,405.4,132.6,30.3,98.5,-0.113,50,30,48.18,90.33
16.42,142.4,0,0.049,21.73,44.66,406.9,160.3,31.1,98.3,-0.132,50,30,48.18,90.91
16.46,145.8,0,0.077,21.71,44.47,405.5,162.4,29.3,97.6,-0.146,50,30,48.18,90.72
16.49,149.2,0,0.054,21.83,44.58,405.4,504.5,29.1,96.9,-0.084,100,100,100,95.98
16.53,152.6,0,0.052,21.71,45.41,407,499.2,30.7,98,-0.142,100,100,100,96.03
16.56,156.1,0,0.057,21.44,45.27,408.5,139.7,28.8,99.4,-0.279,50,30,48.18,89.53
16.59,159.5,0,0.054,21.51,45.15,412.8,139.7,29.9,99.6,-0.241,50,30,48.18,89.78
16.63,162.9,0,0.046,21.46,45.15,413.9,145.2,30.4,99.3,-0.265,50,30,48.18,89.74
16.66,166.3,0,0.029,21.69,45.49,411,141.5,30,100,-0.155,50,30,48.18,90.65
16.7,169.7,0,0.021,21.71,45.69,411.5,148.4,28.6,100,-0.143,50,30,48.18,91.02
16.73,173.2,0,0.038,21.75,45.95,413.9,136.9,32.1,100,-0.124,50,30,48.18,90.92
16.77,176.6,0,0.042,21.9,45.82,413.3,157.2,31.4,100,-0.05,50,30,48.18,92.03
16.8,180,0,0.035,21.91,45.75,410.9,148.6,29.5,99.9,-0.046,50,30,48.18,91.77
16.83,183.4,0,0.034,22.03,45.3,411.6,493.1,30.5,99.9,0.017,100,100,100,97.18
16.87,186.8,0,0.056,21.98,45.42,413.5,8.6,27.9,99.1,-0.008,0,0,0,83.78
16.9,190.1,0,0.082,21.88,45.41,414.3,152.7,30.9,100,-0.062,50,30,48.18,91.65
16.94,193.5,0,0.083,21.91,45.1,410.4,154.8,29.7,100,-0.046,50,30,48.18,91.72
16.97,196.9,0,0.09,21.81,45.41,409.4,163.2,30.5,100,-0.094,50,30,48.18,91.73
17,200.3,0,0.071,21.88,45.31,409.7,151.1,31.1,99.6,-0.059,50,30,48.18,91.55
17.04,203.7,0,0.084,21.85,45.13,405.4,160.7,29.8,100,-0.072,50,30,48.18,91.72
17.07,207.1,0,0.082,21.65,45.37,406.3,167.3,29.9,98.8,-0.172,50,30,48.18,91.13
17.1,210.4,0,0.072,21.57,45.36,409.8,143.5,28.8,97.9,-0.211,50,30,48.18,90.03
17.14,213.8,0,0.097,21.43,45.43,410.3,164.8,29,97.7,-0.281,50,30,48.18,90.15
17.17,217.2,0,0.088,21.57,45.44,409.4,167.2,29.6,99.1,-0.214,50,30,48.18,90.87
17.21,220.5,0,0.09,21.76,45.22,410.7,166.5,28.7,98.1,-0.119,50,30,48.18,91.39
17.24,223.9,0,0.094,21.67,45.16,410.2,167.9,30.4,97.7,-0.165,50,30,48.18,91.02
17.27,227.2,0,0.115,21.9,44.97,410.3,164.2,30.2,98.5,-0.048,50,30,48.18,91.79
17.31,230.6,0,0.129,21.79,45.13,409.7,25.8,30.6,96.9,-0.106,0,0,0,84.01
17.34,233.9,0,0.104,21.8,44.64,412.1,160.7,29.3,97.9,-0.1,50,30,48.18,91.1
17.37,237.2,0,0.12,21.89,44.17,415.5,186,29.5,98.3,-0.053,50,30,48.18,92.09
17.41,240.6,0,0.128,21.97,44.27,419.1,154.3,32,99,-0.016,50,30,48.18,91.52
17.44,243.9,0,0.146,21.82,43.87,416.4,536.7,30.9,100,-0.088,100,100,100,95.67
17.47,247.2,1,0.126,21.92,43.62,420.1,162,42.4,100,-0.042,50,30,48.18,90.69
17.51,250.5,1,0.111,21.89,43.75,422.9,168.1,42.5,98,-0.055,50,30,48.18,90.59
17.54,253.8,1,0.121,21.82,44.35,423.8,177.7,40.9,95.9,-0.09,50,30,48.18,91.13
17.57,257.2,1,0.137,21.76,44.72,427.8,165.1,39,97.4,-0.117,50,30,48.18,91.09
17.6,260.5,1,0.148,21.85,44.61,432.8,166,40.2,95.8,-0.074,50,30,48.18,91.18
17.64,263.8,1,0.152,21.77,45.01,436.6,155.9,40.1,95.4,-0.112,50,30,48.18,90.73
17.67,267,1,0.15,21.83,45.13,439.4,182,41.6,94.7,-0.087,50,30,48.18,91.23
17.7,270.3,1,0.128,22.06,45.36,440.8,518.3,40.8,95.5,0.031,100,100,100,96.15
17.74,273.6,1,0.132,22,45.5,445.2,159.5,42.7,96.8,0.001,50,30,48.18,91.2
17.77,276.9,1,0.105,21.72,45.82,444.4,156.3,41.3,96.9,-0.137,50,30,48.18,90.66
17.8,280.2,1,0.099,21.89,45.85,448.2,159.2,41.7,96.3,-0.054,50,30,48.18,91.21
17.83,283.4,1,0.1,22.02,45.37,447.7,165.1,40.2,96.4,0.008,50,30,48.18,92
17.87,286.7,1,0.116,21.89,45.25,449.9,175.8,39.1,95.8,-0.057,50,30,48.18,91.9
17.9,290,1,0.138,22.03,45.43,451.1,181.3,40.5,95.5,0.013,50,30,48.18,92.3
17.93,293.2,1,0.154,21.97,45.14,450.8,191.8,40.5,95.2,-0.017,50,30,48.18,92.43
17.96,296.4,1,0.169,21.97,45.48,452.1,173.1,42,96.7,-0.017,50,30,48.18,91.69
18,299.7,1,0.147,21.95,45.72,452.4,193.1,41.5,96.7,-0.026,50,30,48.18,92.48
18.03,302.9,1,0.143,22.15,45.66,452.2,172.3,41.4,96.3,0.074,50,30,48.18,91.46
18.06,306.1,1,0.143,22.11,46.01,453.8,187.7,41.1,96.1,0.055,50,30,48.18,92.25
18.09,309.4,1,0.121,22.11,46.11,456.1,23.2,41.7,94.4,0.053,0,0,0,83.81
18.13,312.6,1,0.12,22.02,45.97,459.1,164.3,40.9,95.6,0.01,50,30,48.18,91.9
18.16,315.8,1,0.122,22.08,45.81,460.6,164.3,41.6,95.4,0.04,50,30,48.18,91.38
18.19,319,1,0.142,21.91,45.59,461,172,41,94.9,-0.042,50,30,48.18,91.65
18.22,322.2,1,0.128,22.16,46.01,460.1,171.4,42,95,0.078,50,30,48.18,91.22
18.25,325.4,1,0.127,22.17,46.37,459.9,162.9,42.2,95,0.086,50,30,48.18,90.99
18.29,328.6,1,0.103,22.14,46.07,461.7,152.1,42.1,94.7,0.07,50,30,48.18,90.68
18.32,331.8,1,0.1,21.98,46.17,462.9,169.3,40.7,93.8,-0.008,50,30,48.18,92.01
18.35,334.9,2,0.117,22.17,46.24,466.7,175.6,43.6,91.5,0.083,50,30,48.18,90.58
18.38,338.1,2,0.12,22.14,46.27,468.4,181.3,42.7,88.7,0.068,50,30,48.18,90.85
18.41,341.3,2,0.098,22.05,46.21,470.7,181.7,40.4,88.2,0.024,50,30,48.18,91.79
18.44,344.4,2,0.105,22.04,46.3,470.7,166.4,44.3,87.5,0.021,50,30,48.18,90.16
18.48,347.6,2,0.117,21.95,46.21,476.7,187.5,42.8,86.7,-0.027,50,30,48.18,91.09
18.51,350.7,2,0.122,21.99,46.04,482.9,181.2,43.3,84.7,-0.004,50,30,48.18,90.65
18.54,353.8,2,0.127,21.95,46.02,486.8,166.8,42.2,83.1,-0.024,50,30,48.18,90.24
18.57,357,2,0.1,22.17,46.31,494.3,164.3,43.1,80.9,0.085,50,30,48.18,89.32
18.6,360.1,2,0.097,22.19,46.41,498.1,172.9,42.3,79.6,0.094,50,30,48.18,89.66
18.63,363.2,2,0.116,22.07,46.62,505.9,522.1,44.4,79.2,0.035,100,100,100,93.86
18.66,366.3,2,0.116,22.4,46.73,508.5,174,42.3,77.7,0.198,50,30,48.18,88.85
18.69,369.4,2,0.09,22.31,46.65,513.7,168.4,43.2,78,0.155,50,30,48.18,88.73
18.72,372.5,2,0.071,22.32,46.84,519.3,167.8,43.5,76.8,0.159,50,30,48.18,88.55
18.76,375.6,2,0.095,22.32,47.12,521.5,153.2,43,75.6,0.158,50,30,48.18,88.26
18.79,378.7,2,0.11,22.42,47.2,525.5,187.5,42.4,72.7,0.209,50,30,48.18,88.81
18.82,381.7,2,0.092,22.31,47.31,525.5,170,42.3,71.7,0.155,50,30,48.18,88.67
18.85,384.8,2,0.104,22.22,47.6,525.2,165.8,42.9,69.8,0.107,50,30,48.18,88.65
18.88,387.8,2,0.102,22.21,47.97,528,185.1,42.8,70.5,0.104,50,30,48.18,89.48
18.91,390.9,2,0.112,22.27,48.4,531.8,174,43.5,68.7,0.133,50,30,48.18,88.7
18.94,393.9,2,0.127,22.32,47.96,534.1,191.2,43.2,68.4,0.159,50,30,48.18,88.94
18.97,397,2,0.098,22.3,47.78,534.1,179.8,43.3,66.5,0.15,50,30,48.18,88.37
19,400,3,0.196,22.16,48.43,537.6,195.9,44.4,63.1,0.082,50,30,48.18,88.93
19.03,403,3,0.254,22.37,48.67,540.5,61.2,45.5,60.4,0.182,0,0,0,82.11
19.06,406,3,0.315,22.35,48.72,541.3,226.3,45.6,58.8,0.173,50,30,48.18,88.47
19.09,409,3,0.356,22.48,49.15,543.8,77.2,44.4,57.3,0.239,0,0,0,83.11
19.12,412,3,0.422,22.35,49.13,545.6,237.1,45.9,55.2,0.176,50,30,48.18,88.47
19.15,415,3,0.468,22.06,48.87,547.5,247.7,44.4,53.7,0.03,50,30,48.18,90.1
19.18,418,3,0.5,21.85,48.37,549.4,239.6,46.5,53.3,-0.075,50,30,48.18,88.66
19.21,421,3,0.54,21.86,48.12,555.8,268.5,45.5,51.1,-0.072,50,30,48.18,89.55
19.24,423.9,3,0.586,21.56,47.79,559.8,290.4,45.2,52,-0.22,50,30,48.18,89.12
19.27,426.9,3,0.609,21.49,47.45,562.3,278,45.8,51,-0.256,50,30,48.18,88.08
19.3,429.8,4,0.614,21.59,47.33,563.9,293.9,45.3,50.6,-0.206,50,30,48.18,89.01
19.33,432.8,4,0.609,21.59,47.52,565.3,300,45.3,50.1,-0.203,50,30,48.18,89.21
19.36,435.7,4,0.63,21.74,47.77,571.3,274.3,45.9,47.9,-0.129,50,30,48.18,88.71
19.39,438.6,4,0.622,21.72,47.34,572.6,297.2,46.1,46.6,-0.141,50,30,48.18,88.96
19.42,441.5,4,0.652,21.74,47.65,572.8,296.3,45.6,46,-0.13,50,30,48.18,89.23
19.44,444.5,4,0.654,21.93,47.26,577.3,647.2,46.2,45,-0.034,100,100,100,90.14
19.47,447.4,4,0.675,21.95,47.53,580,141.1,44.6,42.1,-0.025,0,0,0,85.46
19.5,450.2,4,0.701,21.95,47.9,584.9,297.3,46.7,40.3,-0.022,50,30,48.18,89.24
19.53,453.1,4,0.685,21.77,47.88,587.1,290.6,45.7,39,-0.116,50,30,48.18,88.52
19.56,456,4,0.672,21.82,48.03,592.9,280.7,48.3,37.9,-0.089,50,30,48.18,87.58
19.59,458.9,4,0.682,21.82,47.46,597.1,319.8,45.5,36.7,-0.09,50,30,48.18,88.86
19.62,461.7,4,0.687,21.93,47.24,598.5,314.8,44.5,34.2,-0.034,50,30,48.18,89.2
19.65,464.6,4,0.691,21.82,47.74,601.2,323,45.1,34.4,-0.088,50,30,48.18,88.88
19.67,467.4,4,0.684,21.87,48.02,601.7,329.9,46.3,34.2,-0.062,50,30,48.18,88.87
19.7,470.2,4,0.67,22.02,47.99,605.1,310.6,45.2,31.8,0.01,50,30,48.18,89.15
19.73,473,4,0.691,21.96,47.71,607.3,305.1,47,32.2,-0.019,50,30,48.18,88.42
19.76,475.9,4,0.695,22.15,47.21,609.5,682,47,31.9,0.073,100,100,100,87.78
19.79,478.7,4,0.714,22.05,47.22,610.8,313.5,47.4,31.8,0.026,50,30,48.18,88.12
19.81,481.5,4,0.72,21.87,46.83,613,675.6,46.7,30.4,-0.064,100,100,100,87.72
19.84,484.2,4,0.738,21.83,46.35,613,339,46.5,29.8,-0.085,50,30,48.18,87.67
19.87,487,4,0.715,21.79,46.52,615.4,336.4,46,28.7,-0.102,50,30,48.18,87.63
19.9,489.8,4,0.714,21.78,46.5,613.7,321.4,47.5,28.5,-0.109,50,30,48.18,86.95
19.93,492.5,4,0.704,21.96,46.39,614.7,336.4,47.8,27.2,-0.021,50,30,48.18,87.49
19.95,495.3,4,0.705,21.84,46.49,617.5,336,46.7,26.2,-0.078,50,30,48.18,87.34
19.98,498,4,0.686,21.95,46.6,623.2,312.8,47.8,24.1,-0.027,50,30,48.18,86.99
20.01,500.7,4,0.672,22,46.7,626,313.7,47.1,22.5,0.002,50,30,48.18,87.27
20.03,503.5,4,0.696,22.24,46.9,630.5,657.5,45.7,21.6,0.12,100,100,100,87.03
20.06,506.2,4,0.673,22.28,47.04,630.5,309.4,46.3,21.8,0.138,50,30,48.18,86.5
20.09,508.9,4,0.682,22.13,47.22,630,346.1,45.7,22,0.064,50,30,48.18,87.68
20.12,511.6,5,0.693,22.22,47.53,634.5,329.3,47.1,18.6,0.108,50,30,48.18,86.56
20.14,514.2,5,0.687,22.07,47.36,637.9,324.9,47,17,0.037,50,30,48.18,86.85
20.17,516.9,5,0.675,22,47.58,645,299.9,47.2,14.3,0,50,30,48.18,86.61
20.2,519.6,5,0.687,21.93,47.14,649,328.8,46.8,12.2,-0.035,50,30,48.18,86.38
20.22,522.2,5,0.709,22.12,47.22,651,325.9,46.6,11.7,0.06,50,30,48.18,86.22
20.25,524.8,5,0.684,22.15,47.14,652.7,173.5,47.4,9.3,0.075,0,0,0,81.78
20.27,527.5,5,0.675,22.35,47.29,656.7,331.2,46.7,9.2,0.174,50,30,48.18,85.15
20.3,530.1,5,0.695,22.38,47.19,659.4,192.9,46.7,7.1,0.186,0,0,0,81.54
20.33,532.7,5,0.689,22.21,47.45,664.3,337.8,48.2,5.5,0.104,50,30,48.18,85
20.35,535.3,5,0.673,22.18,47.76,665.8,316.6,48.3,3.8,0.091,50,30,48.18,84.79
20.38,537.9,5,0.662,22.09,48.32,667.9,325,44.9,1.1,0.046,50,30,48.18,86.19
20.4,540.5,5,0.656,22.04,48.12,672,682,47.9,0,0.018,100,100,100,85.07
20.43,543,5,0.653,22.04,48.13,675.7,352.8,47.6,0,0.02,50,30,48.18,85.66
20.46,545.6,5,0.683,22.19,48.29,676.3,349.9,46.6,0,0.096,50,30,48.18,85.42
20.48,548.1,5,0.702,22.18,48.28,678.5,335.9,48.4,0,0.092,50,30,48.18,84.77
20.51,550.7,5,0.695,22.11,48.14,678.7,338.7,49.1,0,0.056,50,30,48.18,84.78
20.53,553.2,5,0.694,22.13,48,676.3,345.4,47.4,0,0.065,50,30,48.18,85.25
20.56,555.7,5,0.702,22.24,48.14,679,352.4,45.6,0,0.12,50,30,48.18,85.49
20.58,558.2,5,0.685,22.33,48.4,678.3,344.8,46.1,0,0.164,50,30,48.18,85.04
20.61,560.7,5,0.685,22.35,48.53,680.5,318.4,46.9,0,0.175,50,30,48.18,84.5
20.63,563.2,5,0.711,22.39,48.67,684,202,46.4,0,0.195,0,0,0,81.67
20.66,565.7,5,0.721,22.23,48.41,682.6,342.5,47.4,0,0.113,50,30,48.18,85.02
20.68,568.1,5,0.705,22.19,48.75,682.7,342.6,46.7,0,0.094,50,30,48.18,85.5
20.71,570.6,5,0.679,22.12,48.73,685.4,343.8,47.8,0,0.058,50,30,48.18,85.45
20.73,573,5,0.674,22.26,48.98,687.8,328.4,46.9,0,0.132,50,30,48.18,85.11
20.75,575.5,5,0.673,22.26,49.3,688,329.9,47.2,0,0.128,50,30,48.18,85.17
20.78,577.9,5,0.667,22.45,49.18,688.4,691.8,48.3,0,0.222,100,100,100,83.66
20.8,580.3,6,0.688,22.43,48.68,692.6,340.5,48.5,0,0.213,50,30,48.18,84.02
20.83,582.7,6,0.7,22.41,49.33,694.1,363.7,48.7,0,0.203,50,30,48.18,84.5
20.85,585.1,6,0.717,22.6,49.26,699.5,365.5,47.9,0,0.297,50,30,48.18,84.04
20.87,587.5,6,0.701,22.52,49.68,704.8,346.3,47.1,0,0.261,50,30,48.18,84.52
20.9,589.8,6,0.718,22.58,49.84,709.4,359.5,47.9,0,0.29,50,30,48.18,84.24
20.92,592.2,6,0.705,22.65,49.87,709.1,363.9,48.7,0,0.326,50,30,48.18,83.79
20.95,594.5,6,0.721,22.71,50.16,712.9,368.8,48.6,0,0.357,50,30,48.18,83.62
20.97,596.8,6,0.696,22.96,50.32,713.2,217,47.8,0,0.481,0,0,0,79.93
20.99,599.2,6,0.705,22.69,50.18,718.2,364.4,49,0,0.344,50,30,48.18,83.56
21.01,601.5,6,0.683,22.55,49.89,722.3,350.6,48.2,0,0.273,50,30,48.18,84.23
21.04,603.8,6,0.7,22.52,49.71,726.8,361.8,46.1,0,0.261,50,30,48.18,84.99
21.06,606.1,6,0.696,22.33,49.86,731.2,369.6,49.2,0,0.165,50,30,48.18,84.91
21.08,608.3,6,0.7,22.53,49.45,734,353.4,48.1,0,0.263,50,30,48.18,84.19
21.11,610.6,6,0.689,22.58,49.63,733.7,340.9,47.8,0,0.29,50,30,48.18,84
21.13,612.8,6,0.685,22.61,49.59,736.1,357.7,48.9,0,0.303,50,30,48.18,83.75
21.15,615.1,6,0.678,22.55,49.53,741.7,354.9,46.7,0,0.275,50,30,48.18,84.57
21.17,617.3,6,0.658,22.53,49.49,746.6,346.1,48.2,0,0.264,50,30,48.18,84.1
21.2,619.5,6,0.662,22.64,49.36,747.9,347.4,48.6,0,0.317,50,30,48.18,83.54
21.22,621.7,6,0.645,22.63,50.07,748.9,344.5,48.9,0,0.317,50,30,48.18,83.64
21.24,623.9,6,0.667,22.67,50.37,750,365.7,48.1,0,0.337,50,30,48.18,83.8
21.26,626.1,6,0.675,22.76,50.44,755.6,370.5,47.6,0,0.38,50,30,48.18,83.68
21.28,628.3,6,0.696,22.86,50.63,757.5,367.4,47.8,0,0.431,50,30,48.18,83.12
21.3,630.4,6,0.7,22.7,50.49,758.8,360.4,48.5,0,0.351,50,30,48.18,83.5
21.33,632.6,6,0.704,22.57,50.27,758.3,375.6,49.5,0,0.287,50,30,48.18,83.89
21.35,634.7,6,0.689,22.71,50.18,755.2,372.3,46.9,0,0.356,50,30,48.18,84.17
21.37,636.8,6,0.684,22.66,49.68,759.2,364.6,47.8,0,0.331,50,30,48.18,83.97
21.39,638.9,6,0.693,22.64,49.71,758.4,369,47.2,0,0.322,50,30,48.18,84.26
21.41,641,6,0.704,22.74,50.21,757,369.8,49.2,0,0.371,50,30,48.18,83.33
21.43,643.1,6,0.726,22.88,49.73,759.8,380.9,48.9,0,0.44,50,30,48.18,82.99
21.45,645.2,6,0.712,22.78,49.56,759.2,356.7,47.4,0,0.389,50,30,48.18,83.52
21.47,647.2,6,0.704,22.85,50.13,761.6,375.1,49,0,0.425,50,30,48.18,83.08
21.49,649.3,6,0.685,22.77,50.15,761.3,367.6,45.9,0,0.386,50,30,48.18,84.23
21.51,651.3,6,0.691,22.79,50.01,762,371.1,46.2,0,0.395,50,30,48.18,84.13
21.53,653.3,6,0.709,22.86,49.94,762.2,375.5,47.4,0,0.429,50,30,48.18,83.54
21.55,655.3,6,0.686,22.83,50.17,763.1,381.9,47.4,0,0.415,50,30,48.18,83.68
21.57,657.3,6,0.695,22.88,50.23,767,387.7,47.9,0,0.441,50,30,48.18,83.36
21.59,659.3,6,0.674,22.62,49.72,767.7,722.3,47.3,0,0.307,100,100,100,83.07
21.61,661.3,6,0.691,22.68,49.03,760.9,373.9,47.9,0,0.341,50,30,48.18,83.7
21.63,663.2,6,0.7,22.63,49.2,762.6,367.1,49.1,0,0.316,50,30,48.18,83.53
21.65,665.2,6,0.718,22.71,49.3,763.8,374.9,46.6,0,0.355,50,30,48.18,84.09
21.67,667.1,6,0.696,22.75,49.38,767.9,377.4,47.5,0,0.374,50,30,48.18,83.75
21.69,669,6,0.706,22.65,49.01,772.2,392.1,47.5,0,0.325,50,30,48.18,84.11
21.71,670.9,6,0.705,22.61,49.39,775.7,377.6,48.6,0,0.303,50,30,48.18,83.95
21.73,672.8,6,0.696,22.69,49.14,777.8,377.9,47.1,0,0.347,50,30,48.18,83.99
21.75,674.7,6,0.689,22.81,48.91,776.9,366.8,49.6,0,0.402,50,30,48.18,82.61
21.77,676.6,6,0.711,22.75,48.93,776.8,396.2,48,0,0.375,50,30,48.18,83.61
21.78,678.4,6,0.709,22.81,49.18,779,385.5,50.3,0,0.407,50,30,48.18,82.67
21.8,680.3,6,0.706,22.7,48.86,781,392.3,49.4,0,0.35,50,30,48.18,83.3
21.82,682.1,6,0.712,22.66,49.24,786.8,391,48.8,0,0.33,50,30,48.18,83.77
21.84,683.9,6,0.686,22.62,49.09,786.5,394.4,47.9,0,0.311,50,30,48.18,84.15
21.86,685.7,6,0.704,22.56,48.81,786.7,400.2,47.4,0,0.281,50,30,48.18,84.48
21.88,687.5,6,0.694,22.7,48.93,786.5,384.2,48,0,0.351,50,30,48.18,83.66
21.89,689.3,6,0.683,22.77,48.94,786.5,390.1,47.6,0,0.383,50,30,48.18,83.6
21.91,691.1,6,0.687,22.86,48.83,787,394,47.3,0,0.429,50,30,48.18,83.34
21.93,692.8,6,0.694,22.91,48.92,786.4,388.5,49.7,0,0.454,50,30,48.18,82.42
21.95,694.6,6,0.682,22.83,48.96,788.2,392.9,47.6,0,0.412,50,30,48.18,83.42
21.96,696.3,6,0.691,22.86,49.19,787.6,392.6,48.1,0,0.429,50,30,48.18,83.23
21.98,698,6,0.701,22.87,49.15,791.2,390,47.6,0,0.435,50,30,48.18,83.3
22,699.7,6,0.698,22.62,49.36,792.1,748,48.7,0,0.312,100,100,100,82.09
22.01,701.4,6,0.697,22.7,49.49,791.7,390.4,46.6,0,0.348,50,30,48.18,84.37
22.03,703.1,6,0.684,22.85,49.67,795.9,236.7,48.1,0,0.425,0,0,0,80.87
22.05,704.7,6,0.676,22.77,49.8,793.6,388.8,48.1,0,0.385,50,30,48.18,83.75
22.06,706.4,6,0.678,22.65,49.54,794.8,395.9,48.1,0,0.323,50,30,48.18,84.2
22.08,708,6,0.702,22.5,49.6,793.4,403,46.9,0,0.25,50,30,48.18,85.19
22.1,709.6,6,0.7,22.71,50,789.8,392.7,48.1,0,0.353,50,30,48.18,84.12
22.11,711.2,6,0.697,22.79,49.56,788.1,386.2,48.7,0,0.394,50,30,48.18,83.41
22.13,712.8,6,0.709,22.79,50.15,787.9,412,49.2,0,0.393,50,30,48.18,83.62
22.14,714.4,6,0.716,22.94,49.74,790,409,48.8,0,0.469,50,30,48.18,83.1
22.16,715.9,6,0.73,22.98,49.99,786.2,413.5,48,0,0.491,50,30,48.18,83.31
22.17,717.5,6,0.703,22.79,49.61,787.6,410.8,46.9,0,0.393,50,30,48.18,84.2
22.19,719,6,0.686,22.79,49.37,786.9,412.9,46.1,0,0.394,50,30,48.18,84.36
22.21,720.6,6,0.694,23.12,49.16,790.3,248.4,47.4,0,0.561,0,0,0,80.22
22.22,722.1,6,0.697,23.11,49.09,789.8,386.6,46.1,0,0.555,50,30,48.18,82.8
22.24,723.6,6,0.677,22.9,49.47,787.7,392.5,47.6,0,0.451,50,30,48.18,83.31
22.25,725,6,0.678,22.95,49.41,788.6,401,46.2,0,0.474,50,30,48.18,83.62
22.27,726.5,6,0.7,23.01,49.31,790.4,403,48.1,0,0.504,50,30,48.18,82.83
22.28,728,6,0.724,22.92,49.26,790.6,417.9,48,0,0.462,50,30,48.18,83.31
22.29,729.4,6,0.697,22.75,49.08,788.9,398.2,47.1,0,0.374,50,30,48.18,83.95
22.31,730.8,6,0.68,23.04,49.51,788.4,409.4,45.4,0,0.52,50,30,48.18,83.66
22.32,732.2,6,0.696,22.91,49.1,786.2,396,49.2,0,0.452,50,30,48.18,82.72
22.34,733.6,6,0.696,22.83,48.85,783.9,427.5,48.9,0,0.415,50,30,48.18,83.31
22.35,735,6,0.712,22.86,48.97,784.9,405.5,47.9,0,0.431,50,30,48.18,83.32
22.36,736.4,6,0.688,23.02,48.92,785.8,428.1,46.8,0,0.507,50,30,48.18,83.29
22.38,737.8,6,0.691,22.97,48.49,786.4,402.3,48.1,0,0.482,50,30,48.18,82.66
22.39,739.1,6,0.716,23.08,49.13,784.9,426.5,48.9,0,0.541,50,30,48.18,82.48
22.4,740.4,6,0.737,23.23,49.09,788.3,440.3,48.9,0,0.613,50,30,48.18,82.06
22.42,741.7,6,0.735,23.03,49.1,792.3,410.9,48.3,0,0.512,50,30,48.18,82.69
22.43,743,6,0.753,22.87,49.19,791.3,415.9,46.9,0,0.435,50,30,48.18,83.77
22.44,744.3,6,0.735,22.74,48.99,789.9,413.9,48.9,0,0.371,50,30,48.18,83.57
22.46,745.6,6,0.706,22.86,48.7,785.3,421.2,48.6,0,0.43,50,30,48.18,83.18
22.47,746.9,6,0.688,22.77,48.86,786.4,416.4,47.7,0,0.384,50,30,48.18,83.8
22.48,748.1,6,0.676,22.83,48.61,784.4,411.3,48.4,0,0.414,50,30,48.18,83.23
22.49,749.3,6,0.695,22.7,49,785.7,428.7,48.4,0,0.35,50,30,48.18,84.02
22.51,750.6,6,0.685,22.7,49.65,785.7,422,49.7,0,0.352,50,30,48.18,83.8
22.52,751.8,6,0.696,22.98,49.58,784.7,425,48.3,0,0.492,50,30,48.18,83.18
22.53,752.9,6,0.677,22.76,49.84,784.6,401,48.2,0,0.378,50,30,48.18,83.91
22.54,754.1,6,0.691,22.92,49.81,782.1,424.4,49.3,0,0.46,50,30,48.18,83.21
22.55,755.3,6,0.697,23.01,49.9,783.3,412.5,47.3,0,0.505,50,30,48.18,83.38
22.56,756.4,6,0.68,22.98,50.18,785.5,397.9,47.7,0,0.488,50,30,48.18,83.19
22.58,757.5,6,0.694,23.1,50.19,787.4,409.6,48.6,0,0.552,50,30,48.18,82.57
22.59,758.7,6,0.711,23.05,49.79,789.7,392.9,48.5,0,0.524,50,30,48.18,82.64
22.6,759.8,6,0.696,22.82,49.02,789.3,396.5,47.9,0,0.409,50,30,48.18,83.42
22.61,760.8,6,0.675,22.83,49.32,788.6,399,47.7,0,0.415,50,30,48.18,83.57
22.62,761.9,6,0.664,22.86,49.4,790,395.3,50,0,0.429,50,30,48.18,82.79
22.63,763,6,0.645,22.99,49.73,790.8,398.6,48.4,0,0.495,50,30,48.18,82.9
22.64,764,6,0.64,23.01,50.04,791.1,394.8,47.2,0,0.507,50,30,48.18,83.22
22.65,765,6,0.646,23,49.44,789.6,406.6,46.4,0,0.502,50,30,48.18,83.43
22.66,766.1,6,0.636,23.06,49.93,792.5,393.4,46.4,0,0.528,50,30,48.18,83.28
22.67,767.1,6,0.625,23.32,50.11,794.8,241.2,46,0,0.66,0,0,0,79.93
22.68,768,6,0.632,23.19,50.44,798.6,408,45.2,0,0.597,50,30,48.18,83.15
22.69,769,6,0.663,23.43,50.49,801.4,247,49.6,0,0.717,0,0,0,78.46
22.7,770,6,0.668,23.28,50.62,801.4,398.6,47.8,0,0.642,50,30,48.18,81.83
22.71,770.9,6,0.687,23.32,50.67,803,406.7,47.2,0,0.662,50,30,48.18,81.93
22.72,771.8,6,0.679,23.3,50.22,803.3,406.1,47.4,0,0.649,50,30,48.18,82.1
22.73,772.7,6,0.699,22.77,49.49,804.1,771,48.2,0,0.385,100,100,100,81.36
22.74,773.6,6,0.724,22.88,49.64,805.8,425.8,48.6,0,0.438,50,30,48.18,83.43
22.75,774.5,6,0.701,22.81,49.26,805.3,786.4,48.6,0.4,0.405,100,100,100,80.77
22.75,775.4,6,0.692,22.88,49.34,808,424.3,48.5,0,0.439,50,30,48.18,83.31
22.76,776.2,6,0.714,22.84,49.29,804.9,423.9,46.7,0,0.418,50,30,48.18,84.04
22.77,777.1,6,0.693,22.97,49.43,802.9,420.3,46.9,0,0.484,50,30,48.18,83.51
22.78,777.9,6,0.677,22.95,49.9,806.4,410.8,47.7,0,0.474,50,30,48.18,83.4
22.79,778.7,6,0.676,22.93,49.92,804,411.4,48.4,0,0.467,50,30,48.18,83.26
22.79,779.5,6,0.673,22.98,50.12,807.2,420.4,49,0,0.492,50,30,48.18,82.95
22.8,780.3,6,0.702,22.93,49.84,809.9,780.6,49.2,0,0.465,100,100,100,80.37
22.81,781,6,0.707,22.77,49.7,811,441.6,48.4,0,0.387,50,30,48.18,84.01
22.82,781.8,6,0.731,22.8,49.52,809.4,448.2,48.4,0,0.398,50,30,48.18,83.92
22.83,782.5,6,0.714,22.92,49.19,812,419.3,48.9,0,0.46,50,30,48.18,82.88
22.83,783.2,6,0.69,22.96,48.64,812.3,419.9,46.7,0,0.478,50,30,48.18,83.18
22.84,783.9,6,0.695,23.35,49.31,813.1,265.6,45.9,0,0.675,0,0,0,80.22
22.85,784.6,6,0.706,23.29,49.45,813.6,423.3,48.3,0,0.646,50,30,48.18,81.78
22.85,785.3,6,0.709,23.25,49.44,812.6,437.2,48.8,0,0.626,50,30,48.18,81.92
22.86,786,6,0.728,23.18,49.75,812.5,434.4,47.5,0,0.592,50,30,48.18,82.68
22.87,786.6,6,0.739,23.12,49.59,810.4,429.4,48.2,0,0.561,50,30,48.18,82.59
22.87,787.2,6,0.71,23.26,49.41,808.7,437.2,47,0,0.627,50,30,48.18,82.51
22.88,787.8,6,0.733,23.14,49.61,806.7,425.9,49,0,0.572,50,30,48.18,82.3
22.88,788.4,6,0.728,23.51,49.66,809.4,287.1,47.2,0,0.753,0,0,0,80.06
22.89,789,6,0.742,23.27,49.56,806.9,445.4,47.3,0,0.632,50,30,48.18,82.54
22.9,789.6,6,0.712,23.09,49.26,808.3,434.7,48.4,0,0.545,50,30,48.18,82.62
22.9,790.2,6,0.727,23.15,49.07,805.5,435.1,46.5,0,0.575,50,30,48.18,82.93
22.91,790.7,6,0.708,23.04,48.98,807.5,419.1,47.2,0,0.518,50,30,48.18,82.92
22.91,791.2,6,0.73,23.17,48.9,804.2,440,48.8,0,0.583,50,30,48.18,82.19
22.92,791.7,6,0.707,22.98,48.85,802.4,430.8,47.7,0,0.488,50,30,48.18,83.13
22.92,792.2,6,0.712,22.99,48.41,801,443.6,48.4,0,0.493,50,30,48.18,82.88
22.93,792.7,6,0.726,23.31,48.68,801.2,275.9,48.8,0,0.653,0,0,0,79.73
22.93,793.2,6,0.714,22.99,48.78,804.7,434.1,46.1,0,0.491,50,30,48.18,83.55
22.94,793.6,6,0.725,23.23,49.26,805.1,440.5,49.8,0,0.613,50,30,48.18,81.79
22.94,794,6,0.726,23.64,49.46,801.5,292.1,48,0,0.817,0,0,0,79.52
22.94,794.5,6,0.705,23.58,49.14,803.9,419.3,48.4,0,0.79,50,30,48.18,80.63
22.95,794.9,6,0.723,23.49,49.23,805,437.8,45.9,0,0.744,50,30,48.18,81.93
22.95,795.2,6,0.703,23.41,49.24,806.8,420.7,47.9,0,0.706,50,30,48.18,81.42
22.96,795.6,6,0.698,23.64,50.12,805,285.2,47,0,0.819,0,0,0,79.69
22.96,796,6,0.691,22.94,49.8,806.2,785.7,47.8,0,0.468,100,100,100,80.72
22.96,796.3,6,0.703,23,50,803.8,425.9,48.4,0,0.5,50,30,48.18,83.22
22.97,796.6,6,0.684,23.02,49.67,809,412.6,47.5,0,0.508,50,30,48.18,83.09
22.97,797,6,0.693,22.94,50.22,809.1,417.6,45.6,0,0.471,50,30,48.18,84.04
22.97,797.3,6,0.705,23.25,49.95,807.7,437.7,47.9,0,0.623,50,30,48.18,82.47
22.98,797.5,6,0.71,22.84,49.66,808.2,771.3,46.9,0,0.42,100,100,100,81.49
22.98,797.8,6,0.7,22.92,49.69,805.3,435.6,49.8,0,0.46,50,30,48.18,83.03
22.98,798.1,6,0.69,23.12,49.58,803.3,434.5,47.9,0,0.558,50,30,48.18,82.85
22.98,798.3,6,0.701,23.01,49.59,802,428.5,47.9,0,0.503,50,30,48.18,83.24
22.99,798.5,6,0.676,23.11,49.28,802.4,429.9,48.5,0,0.556,50,30,48.18,82.55
22.99,798.7,6,0.686,23.13,49.1,804.1,433.4,47.4,0,0.562,50,30,48.18,82.78
22.99,798.9,6,0.707,23.18,49.42,806.6,433.7,47.2,0,0.592,50,30,48.18,82.7
22.99,799.1,6,0.703,23.01,48.95,808.1,433.9,46.3,0,0.502,50,30,48.18,83.46
22.99,799.2,6,0.712,23.05,49.54,808,413.9,47.1,0,0.522,50,30,48.18,83.09
22.99,799.4,6,0.701,23.22,49.08,807.2,442.3,47,0,0.607,50,30,48.18,82.6
23,799.5,6,0.711,23.13,49.22,805.6,421.6,47.1,0,0.566,50,30,48.18,82.73
23,799.6,6,0.712,23.01,48.85,804.2,426.3,48.9,0,0.505,50,30,48.18,82.58
23,799.7,6,0.722,23.01,49.68,806.2,432.2,49.2,0,0.506,50,30,48.18,82.81
23,799.8,6,0.72,23.33,50.3,805.9,444.6,47.6,0,0.663,50,30,48.18,82.28
23,799.9,6,0.714,23.3,50.42,810,428.2,48.8,0,0.649,50,30,48.18,81.75
23,799.9,6,0.725,23.29,50.51,807.3,447.2,49,0,0.645,50,30,48.18,81.92
23,800,6,0.716,23.44,50.26,809.4,441.2,48.8,0,0.719,50,30,48.18,81.41
23,800,6,0.716,23.42,50.39,809.4,437.4,46.2,0,0.709,50,30,48.18,82.18
23,800,5,0.732,23.33,50.47,808,426.3,47.8,0,0.668,50,30,48.18,81.9
23,800,4,0.715,23.27,50.12,805.2,429,45.7,0,0.636,50,30,48.18,82.95
23,800,3,0.727,23.06,49.42,802.6,438.9,43.6,0.5,0.529,50,30,48.18,84.39
23,799.9,3,0.744,22.96,49.47,796.5,431.9,43.8,1.7,0.478,50,30,48.18,84.83
23,799.9,3,0.731,22.9,49.55,793.7,438.8,45.3,2.4,0.45,50,30,48.18,84.76
23,799.8,3,0.749,22.99,49.25,791.9,456.6,44.3,3.2,0.496,50,30,48.18,84.73
23,799.7,3,0.718,23,48.68,789.8,441,44.1,4.6,0.5,50,30,48.18,84.64
23,799.6,3,0.698,23.09,48.54,784.6,421.6,44.9,5,0.542,50,30,48.18,83.88
23,799.5,3,0.674,22.87,47.77,777.2,431.4,44.5,5.9,0.433,50,30,48.18,84.73
22.99,799.4,3,0.681,22.93,47.65,773.8,434.1,46.2,6,0.462,50,30,48.18,84
22.99,799.2,3,0.665,22.9,47.83,772.5,409.4,44.6,7.2,0.447,50,30,48.18,84.51
22.99,799.1,3,0.669,22.69,47.24,764.8,770.8,47.2,6.5,0.345,100,100,100,81.81
22.99,798.9,3,0.675,22.74,46.76,756.1,427.2,43.3,4.2,0.368,50,30,48.18,84.97
22.99,798.7,3,0.67,22.78,47.03,749.5,413.7,44.3,5.7,0.389,50,30,48.18,84.65
22.99,798.5,3,0.666,22.67,46.39,744.7,421.8,46,6,0.334,50,30,48.18,84.42
22.98,798.3,3,0.694,22.78,45.97,739.4,414.6,45.2,7,0.385,50,30,48.18,84.15
22.98,798.1,3,0.697,22.83,45.51,733.9,438.7,47,6.8,0.412,50,30,48.18,83.46
22.98,797.8,3,0.682,22.81,45.35,728.5,422.1,45.6,8.1,0.403,50,30,48.18,83.84
22.98,797.5,3,0.698,22.63,45.7,723.3,417.6,42.9,9.5,0.311,50,30,48.18,85.57
22.97,797.3,3,0.69,22.32,46.48,718.6,773.7,43.7,10.4,0.157,100,100,100,84.33
22.97,797,3,0.67,22.71,46.3,719,408.5,45.5,8.8,0.352,50,30,48.18,84.56
22.97,796.6,3,0.671,22.75,46.29,715.2,410.7,45.4,8.8,0.373,50,30,48.18,84.43
22.96,796.3,3,0.664,22.83,45.68,711,404.9,44.5,8.9,0.412,50,30,48.18,84.13
22.96,796,3,0.654,23,45.6,709.2,425.4,44.6,9.7,0.493,50,30,48.18,83.74
22.96,795.6,3,0.674,22.9,45.56,705.3,413,44.7,11.6,0.447,50,30,48.18,84.11
22.95,795.2,3,0.698,22.79,45.54,699.4,424.5,44.6,11.3,0.393,50,30,48.18,84.62
22.95,794.9,3,0.689,22.74,45.44,698.9,427.7,46,10.4,0.367,50,30,48.18,84.32
22.94,794.5,3,0.712,22.68,45.91,696.1,428.5,44.8,9.3,0.338,50,30,48.18,84.96
22.94,794,3,0.696,22.77,46.42,694,417.5,44.8,9.1,0.384,50,30,48.18,84.69
22.94,793.6,3,0.698,22.67,46.22,689.9,436,43.5,8.2,0.333,50,30,48.18,85.47
22.93,793.2,3,0.682,22.81,46.11,686.1,280.5,45.2,8.7,0.401,0,0,0,82.74
22.93,792.7,3,0.672,22.84,46.51,684.9,429.5,45.2,7.1,0.416,50,30,48.18,84.3
22.92,792.2,3,0.681,22.79,46.47,681.9,433.5,44.4,7.9,0.391,50,30,48.18,84.82
22.92,791.7,3,0.706,22.8,46.54,679.3,429.3,44.5,9,0.395,50,30,48.18,84.83
22.91,791.2,3,0.72,23.02,46.09,674.7,289.5,44.1,8.2,0.504,0,0,0,82.53
22.91,790.7,3,0.719,22.62,45.93,669.5,804.7,45.6,7.9,0.308,100,100,100,81.71
22.9,790.2,3,0.725,22.67,45.87,667.7,442,46,6.8,0.335,50,30,48.18,84.49
22.9,789.6,3,0.731,22.57,45.64,666,422.9,45.2,7.9,0.283,50,30,48.18,84.97
22.89,789,3,0.709,22.48,45.97,663.4,431.9,44,7.6,0.239,50,30,48.18,85.85
22.88,788.4,3,0.699,22.49,46.16,661.8,428,44.4,8,0.245,50,30,48.18,85.74
22.88,787.8,3,0.714,22.43,46.01,660.7,422.4,44.5,8.3,0.211,50,30,48.18,85.89
22.87,787.2,3,0.705,22.53,46.58,661.1,436.3,45.2,7,0.261,50,30,48.18,85.52
22.87,786.6,3,0.717,22.42,46.22,658.2,423.3,45.7,6.4,0.209,50,30,48.18,85.45
22.86,786,3,0.719,22.45,46.38,656.9,440.5,46.7,7.3,0.223,50,30,48.18,85.35
22.85,785.3,3,0.721,22.57,46.76,652.6,431.5,46.3,7.8,0.283,50,30,48.18,85.13
22.85,784.6,3,0.696,22.76,47.32,648.7,414.3,44.6,7.8,0.377,50,30,48.18,84.99
22.84,783.9,3,0.717,22.78,47.13,649.3,427,43.7,8.8,0.388,50,30,48.18,85.31
22.83,783.2,3,0.727,22.63,47.03,653.5,788.2,43.7,9.5,0.315,100,100,100,83.06
22.83,782.5,3,0.747,22.64,46.91,654.6,295,45.1,9.6,0.317,0,0,0,84.25
22.82,781.8,3,0.739,22.63,46.99,653.6,452.3,45.3,9.7,0.312,50,30,48.18,85.65
22.81,781,3,0.712,22.43,46.64,648.3,408.8,44.7,9.5,0.211,50,30,48.18,86.06
22.8,780.3,3,0.7,22.66,46.79,644.8,426,45.8,10,0.326,50,30,48.18,85.13
22.79,779.5,3,0.678,22.52,46.52,643.2,409.6,44.9,11.2,0.257,50,30,48.18,85.78
22.79,778.7,3,0.678,22.58,45.98,641.9,430.8,43.9,11.2,0.287,50,30,48.18,85.87
22.78,777.9,3,0.702,22.69,46.09,641.8,411.6,44.5,11.6,0.341,50,30,48.18,85.17
22.77,777.1,3,0.707,22.83,46,640,428.7,44.3,11.5,0.413,50,30,48.18,84.8
22.76,776.2,3,0.691,22.82,46.19,639.3,424.4,43.7,12,0.408,50,30,48.18,85.11
22.75,775.4,3,0.705,22.81,46.01,638.9,435.3,43,11.2,0.401,50,30,48.18,85.33
22.75,774.5,3,0.68,22.86,45.53,634.7,413.3,45.5,13.1,0.428,50,30,48.18,84.17
22.74,773.6,3,0.702,22.7,45.3,633.8,408.8,43.9,14.4,0.348,50,30,48.18,85.26
22.73,772.7,4,0.698,22.73,46.44,634,419.7,46.8,13.4,0.364,50,30,48.18,84.68
22.72,771.8,5,0.714,22.73,46.47,639.3,429.5,48,10.6,0.36,50,30,48.18,84.18
22.71,770.9,5,0.705,23.12,46.6,642.5,250.2,46.2,7.7,0.556,0,0,0,80.48
22.7,770,5,0.697,23.11,47.22,646.1,426.3,45.6,5.8,0.553,50,30,48.18,83.23
22.69,769,6,0.708,23.1,47.11,650.1,422.3,46.9,4.1,0.548,50,30,48.18,82.63
22.68,768,6,0.716,23.12,47.09,656.6,417.2,47.6,1.9,0.559,50,30,48.18,82.06
22.67,767.1,6,0.737,23.37,47.54,661.5,283.7,47.5,1,0.68,0,0,0,79.85
22.66,766.1,6,0.708,23.28,47.85,662.9,420.3,46.6,0,0.636,50,30,48.18,81.9
22.65,765,6,0.708,23.41,47.89,669.3,269.8,47.5,0,0.7,0,0,0,79.3
22.64,764,6,0.712,23.24,47.4,671.4,414.8,48,0,0.615,50,30,48.18,81.43
22.63,763,6,0.731,22.92,47.44,679.7,427.5,48.6,0,0.459,50,30,48.18,82.54
22.62,761.9,6,0.75,22.76,47.72,681.7,435.8,47.5,0,0.376,50,30,48.18,83.7
22.61,760.8,6,0.718,22.82,47.63,689.6,424,47.1,0,0.409,50,30,48.18,83.43
22.6,759.8,6,0.692,22.82,48.12,695.2,414.3,47.4,0,0.409,50,30,48.18,83.41
22.59,758.7,6,0.715,22.95,48.26,699.8,417,46,0,0.475,50,30,48.18,83.41
22.58,757.5,6,0.708,22.97,48.08,703.4,409.6,46.4,0,0.483,50,30,48.18,83.1
22.56,756.4,6,0.689,22.73,48.51,708.5,764.2,48.4,0,0.363,100,100,100,81.25
22.55,755.3,6,0.715,22.77,48.53,716.5,429,47.3,0,0.382,50,30,48.18,83.96
22.54,754.1,6,0.7,22.8,48.35,719,407,47.8,0,0.4,50,30,48.18,83.38
22.53,752.9,6,0.711,22.94,48.73,723.1,424.7,47.8,0,0.47,50,30,48.18,83.18
22.52,751.8,6,0.722,22.6,48.63,723.7,772.9,49.1,0,0.299,100,100,100,81.41
22.51,750.6,6,0.734,22.75,48.83,725.6,430,48.6,0,0.374,50,30,48.18,83.74
22.49,749.3,6,0.714,22.93,49.08,731.6,408.4,47.9,0,0.464,50,30,48.18,83.16
22.48,748.1,6,0.692,22.93,48.45,733.3,419.1,46,0,0.461,50,30,48.18,83.59
22.47,746.9,6,0.676,23.03,48.45,735.5,396.3,49.2,0,0.512,50,30,48.18,82.04
22.46,745.6,6,0.655,22.87,48.55,741.8,399.5,48.5,0,0.433,50,30,48.18,82.92
22.44,744.3,6,0.672,22.73,48.8,744.4,403.2,48.3,0,0.365,50,30,48.18,83.61
22.43,743,6,0.681,22.82,48.79,743.8,398.3,46.3,0,0.407,50,30,48.18,83.83
22.42,741.7,6,0.659,22.72,49.24,743.9,392.6,48,0,0.358,50,30,48.18,83.82
22.4,740.4,6,0.653,22.64,49.04,745.6,754.9,48.4,0,0.319,100,100,100,81.91
22.39,739.1,6,0.674,22.72,49.12,748.6,389.7,47.5,0,0.357,50,30,48.18,83.91
22.38,737.8,6,0.679,22.82,49.52,747.7,415.3,48.4,0,0.408,50,30,48.18,83.65
22.36,736.4,6,0.697,22.96,50.16,749.8,409.3,50,0,0.479,50,30,48.18,82.71
22.35,735,6,0.674,22.84,50.66,749.2,400.7,48.1,0,0.422,50,30,48.18,83.44
22.34,733.6,6,0.701,22.71,50.52,750.9,402.3,49.1,0,0.356,50,30,48.18,83.69
22.32,732.2,6,0.679,22.9,50.72,756.3,393.7,46.3,0,0.449,50,30,48.18,83.67
22.31,730.8,6,0.671,22.98,50.85,758.4,395.1,47.5,0,0.489,50,30,48.18,82.98
22.29,729.4,6,0.653,22.78,50.43,758,741.5,47.3,0,0.391,100,100,100,82.1
22.28,728,6,0.64,22.99,50.78,756.6,237.4,49.2,0,0.498,0,0,0,79.82
22.27,726.5,6,0.643,23,50.84,760,390.4,49.9,0,0.503,50,30,48.18,82.09
22.25,725,6,0.637,22.93,50.83,760.7,385.1,49,0,0.465,50,30,48.18,82.6
22.24,723.6,6,0.657,22.76,50.87,764.8,399.9,46.6,0,0.382,50,30,48.18,84.09
22.22,722.1,6,0.673,22.81,50.96,768.3,406.6,48.9,0,0.407,50,30,48.18,83.24
22.21,720.6,6,0.684,22.86,50.83,768.9,392,47,0,0.43,50,30,48.18,83.54
22.19,719,6,0.67,22.87,50.57,767.9,378.9,47.3,0,0.435,50,30,48.18,83.38
22.17,717.5,6,0.688,22.82,50.04,768.6,399.5,47.8,0,0.411,50,30,48.18,83.82
22.16,715.9,6,0.693,22.88,49.83,767.4,400.5,47.5,0,0.439,50,30,48.18,83.65
22.14,714.4,6,0.674,22.8,49.68,773.5,389.3,48.4,0,0.402,50,30,48.18,83.49
22.13,712.8,6,0.66,22.85,49.98,770.8,387.5,48.8,0,0.423,50,30,48.18,83.33
22.11,711.2,6,0.676,22.81,50.05,776.2,385.8,47.2,0,0.407,50,30,48.18,83.87
22.1,709.6,6,0.696,22.84,50.23,779.4,394.3,48.2,0,0.418,50,30,48.18,83.51
22.08,708,6,0.68,22.9,50.48,782,401.5,49.5,0,0.452,50,30,48.18,82.86
22.06,706.4,6,0.669,22.92,50.9,781,376.7,47.7,0,0.462,50,30,48.18,82.92
22.05,704.7,6,0.651,23.03,51.51,781.8,397.4,48.8,0,0.518,50,30,48.18,82.14
22.03,703.1,6,0.642,23,50.59,782.7,374.1,46.6,0,0.5,50,30,48.18,83.05
22.01,701.4,6,0.648,22.89,50.26,784.2,368.5,47.1,0,0.446,50,30,48.18,83.37
22,699.7,6,0.657,22.98,50.81,787.1,364.1,48.1,0,0.491,50,30,48.18,82.48
21.98,698,6,0.639,22.96,50.22,789.9,367.6,47.9,0,0.481,50,30,48.18,82.87
21.96,696.3,6,0.624,23.04,50.62,792.8,366.9,49.2,0,0.519,50,30,48.18,82.03
21.95,694.6,6,0.658,22.95,50.47,794.5,375.9,47.9,0,0.476,50,30,48.18,82.91
21.93,692.8,6,0.674,22.91,50.67,793.7,371.9,49.2,0,0.457,50,30,48.18,82.54
21.91,691.1,6,0.678,22.78,50.61,792,384.4,46.7,0,0.39,50,30,48.18,83.95
21.89,689.3,6,0.685,22.8,50.62,801.1,382.6,48.4,0,0.402,50,30,48.18,83.3
21.88,687.5,6,0.706,22.8,50.42,800.1,389.2,47.6,0,0.4,50,30,48.18,83.72
21.86,685.7,6,0.709,22.86,50.12,799.7,388.9,47.2,0,0.429,50,30,48.18,83.72
21.84,683.9,6,0.725,22.75,49.98,801.4,399.2,46.9,0,0.373,50,30,48.18,84.37
21.82,682.1,6,0.723,22.8,49.99,801.9,392.3,46.4,0,0.399,50,30,48.18,84.24
21.8,680.3,6,0.717,22.92,50.08,804.6,389.9,45.9,0,0.462,50,30,48.18,83.83
21.78,678.4,6,0.734,22.69,49.58,805.2,402.1,46,0,0.347,50,30,48.18,84.67
21.77,676.6,6,0.735,22.63,49.85,804,408.2,47.5,0,0.316,50,30,48.18,84.6
21.75,674.7,6,0.745,22.69,49.88,803.2,417.4,47,0,0.346,50,30,48.18,84.65
21.73,672.8,6,0.743,22.69,49.96,802.2,410.3,48.7,0,0.343,50,30,48.18,84.14
21.71,670.9,6,0.748,22.69,49.71,803.8,398.5,46.7,0,0.343,50,30,48.18,84.51
21.69,669,6,0.73,22.51,50,803.9,407.2,49.1,0,0.256,50,30,48.18,84.62
21.67,667.1,6,0.746,22.45,50.29,803.5,378.9,48.7,0,0.227,50,30,48.18,84.6
21.65,665.2,6,0.76,22.58,49.89,804.2,401.8,48.7,0,0.288,50,30,48.18,84.42
21.63,663.2,6,0.742,22.68,50.01,803.8,397.4,48.6,0,0.341,50,30,48.18,84.03
21.61,661.3,6,0.729,22.49,49.54,799.8,374.3,47.8,0,0.246,50,30,48.18,84.64
21.59,659.3,6,0.744,22.5,49.48,798.1,400.1,47.9,0,0.252,50,30,48.18,84.82
21.57,657.3,6,0.761,22.66,50.03,796.8,410.1,48.7,0,0.33,50,30,48.18,84.27
21.55,655.3,6,0.746,22.91,50.45,797.3,402.8,48.3,0,0.454,50,30,48.18,83.23
21.53,653.3,6,0.729,22.84,50.3,797.3,384.9,46.9,0,0.421,50,30,48.18,83.76
21.51,651.3,6,0.743,22.7,50.52,797.5,364.8,48.7,0,0.348,50,30,48.18,83.5
21.49,649.3,6,0.744,22.51,50.53,797.5,390.9,47.2,0,0.257,50,30,48.18,84.88
21.47,647.2,6,0.726,22.59,50.51,799.7,390.9,47.8,0,0.294,50,30,48.18,84.44
21.45,645.2,6,0.702,22.82,50.28,799,241.4,49.2,0,0.411,0,0,0,80.79
21.43,643.1,6,0.716,22.87,50.5,798.6,364.6,48.8,0,0.437,50,30,48.18,82.81
21.41,641,6,0.7,22.7,50.07,799.8,368.5,47.9,0,0.351,50,30,48.18,83.92
21.39,638.9,6,0.688,22.83,50.1,800.7,359.7,47.6,0,0.415,50,30,48.18,83.41
21.37,636.8,6,0.666,22.61,49.55,805.2,366.9,47.9,0,0.305,50,30,48.18,84.03
21.35,634.7,6,0.671,22.61,49.21,803.3,356.4,48,0,0.305,50,30,48.18,83.81
21.33,632.6,6,0.686,22.77,49.71,802,378,48.9,0,0.385,50,30,48.18,83.34
21.3,630.4,6,0.708,22.98,50.06,801.7,240.8,46.1,0,0.488,0,0,0,81.2
21.28,628.3,6,0.7,22.98,50.18,804.1,388.8,49.6,0,0.489,50,30,48.18,82.5
21.26,626.1,6,0.678,22.74,50.01,803.5,371.1,47.8,0,0.372,50,30,48.18,83.79
21.24,623.9,6,0.69,22.57,50.22,806.2,346.7,47.8,0,0.288,50,30,48.18,84.06
21.22,621.7,6,0.686,22.75,50.23,806.1,373.8,46.9,0,0.375,50,30,48.18,83.96
21.2,619.5,6,0.682,22.62,50.04,808.2,361.9,48.8,0,0.309,50,30,48.18,83.79
21.17,617.3,6,0.66,22.73,49.98,804.5,343.3,49.4,0,0.365,50,30,48.18,83.08
21.15,615.1,6,0.684,22.73,49.97,804.2,365.9,48.8,0,0.366,50,30,48.18,83.48
21.13,612.8,6,0.696,22.72,50.21,805,362.5,49,0,0.36,50,30,48.18,83.33
21.11,610.6,6,0.679,22.69,50.01,805.5,346.9,47.1,0,0.345,50,30,48.18,83.93
21.08,608.3,6,0.707,22.63,49.39,805.4,369.5,49.5,0,0.313,50,30,48.18,83.47
21.06,606.1,6,0.708,22.47,49.29,803,372.8,48.7,0,0.237,50,30,48.18,84.29
21.04,603.8,6,0.686,22.39,49,802.6,352.1,47.7,0,0.196,50,30,48.18,84.59
21.01,601.5,6,0.697,22.44,48.98,804.4,700.5,47.5,0,0.219,100,100,100,83.65
20.99,599.2,6,0.718,22.34,48.8,805.4,374.9,48.5,0,0.17,50,30,48.18,84.66
20.97,596.8,6,0.691,22.48,48.77,806.3,358.9,47.6,0,0.237,50,30,48.18,84.24
20.95,594.5,6,0.683,22.5,48.42,808.1,363.8,47.2,0,0.252,50,30,48.18,84.16
20.92,592.2,6,0.673,22.4,48.56,806.4,348.7,48.3,0,0.198,50,30,48.18,84.15
20.9,589.8,6,0.665,22.59,48.5,807.2,337.2,47.5,0,0.293,50,30,48.18,83.52
20.87,587.5,6,0.67,22.59,48.36,806.7,338.8,47.4,0.3,0.294,50,30,48.18,83.55
20.85,585.1,6,0.662,22.43,48.23,806.2,322.3,46.3,0,0.213,50,30,48.18,84.25
20.83,582.7,6,0.653,22.32,48.45,801.7,347.9,47.4,0,0.158,50,30,48.18,84.75
20.8,580.3,6,0.649,22.47,49.02,800.6,315.5,48.1,0,0.235,50,30,48.18,83.84
20.78,577.9,6,0.659,22.63,49.69,802.3,342.3,48.8,0,0.315,50,30,48.18,83.55
20.75,575.5,6,0.656,22.64,49.75,800.8,333.4,48.9,0,0.32,50,30,48.18,83.42
20.73,573,6,0.669,22.62,49.68,799.8,349.6,50,0,0.312,50,30,48.18,83.3
20.71,570.6,6,0.663,22.6,49.87,797.6,355.1,47.7,0,0.301,50,30,48.18,84.19
20.68,568.1,6,0.648,22.57,49.04,798.1,352,46.3,0,0.285,50,30,48.18,84.38
20.66,565.7,6,0.655,22.58,49.3,800.5,338.3,46.1,0,0.288,50,30,48.18,84.38
20.63,563.2,6,0.638,22.58,49.39,805.1,339.7,47.5,0,0.29,50,30,48.18,83.95
20.61,560.7,6,0.624,22.49,49.67,808,337.6,47.2,0,0.246,50,30,48.18,84.42
20.58,558.2,6,0.634,22.57,50.25,808.1,324.5,48.8,0,0.285,50,30,48.18,83.54
20.56,555.7,6,0.661,22.7,50.25,807.6,336,48.5,0,0.353,50,30,48.18,83.25
20.53,553.2,6,0.671,22.52,50.3,805.4,326.4,48.7,0,0.259,50,30,48.18,83.8
20.51,550.7,6,0.667,22.51,50.56,805,187.8,46.6,0,0.256,0,0,0,80.96
20.48,548.1,6,0.673,22.43,51.01,804.6,192.7,47.1,0,0.214,0,0,0,81.11
20.46,545.6,6,0.695,22.43,51.26,804.5,337.3,47.5,0,0.218,50,30,48.18,84.23
20.43,543,6,0.708,22.48,51.16,805.1,343,46.5,0,0.24,50,30,48.18,84.44
20.4,540.5,6,0.73,22.58,50.53,807.5,349,48.8,0,0.291,50,30,48.18,83.63
20.38,537.9,6,0.743,22.61,50.48,808.1,356.5,48.3,0,0.304,50,30,48.18,83.78
20.35,535.3,6,0.743,22.42,50.45,807.7,695.7,48.5,0,0.21,100,100,100,83.69
20.33,532.7,6,0.732,22.55,50.17,804.9,331.2,46.5,0,0.276,50,30,48.18,84.42
20.3,530.1,6,0.716,22.41,50.37,806.4,343.7,48.8,0,0.206,50,30,48.18,84.31
20.27,527.5,6,0.73,22.33,50.4,805.5,347.6,45.7,0,0.167,50,30,48.18,85.54
20.25,524.8,6,0.716,22.19,50.49,805.5,317.2,48.2,0,0.093,50,30,48.18,85.02
20.22,522.2,6,0.724,22.29,49.92,807.4,326.2,49.2,0,0.142,50,30,48.18,84.58
20.2,519.6,6,0.722,22.29,50.47,807.4,336,47.7,0,0.144,50,30,48.18,84.96
20.17,516.9,6,0.722,22.28,49.61,807.6,348.7,47.7,0,0.142,50,30,48.18,85.14
20.14,514.2,6,0.715,22.39,49.63,808.1,329,46.8,0,0.195,50,30,48.18,84.8
20.12,511.6,6,0.702,22.38,49.29,808.2,672,48,0,0.187,100,100,100,84.25
20.09,508.9,6,0.703,22.35,48.98,808.7,329.4,48.6,0,0.175,50,30,48.18,84.15
20.06,506.2,6,0.689,22.32,49.05,808.3,313.7,49,0,0.161,50,30,48.18,84.03
20.03,503.5,6,0.677,22.16,48.77,807.9,319.3,48.3,0,0.08,50,30,48.18,84.79
20.01,500.7,6,0.673,22.14,48.98,807.8,175.4,47.5,0,0.067,0,0,0,81.53
19.98,498,6,0.664,22.14,49.11,808.2,173.5,49.2,0,0.072,0,0,0,80.97
19.95,495.3,6,0.654,22.15,48.77,808.3,311.3,49.3,0,0.073,50,30,48.18,84.47
19.93,492.5,6,0.665,22.15,48.96,807.4,307.7,47.1,0,0.074,50,30,48.18,85.17
19.9,489.8,6,0.674,22,49.54,807.2,330.4,46.9,0,-0.002,50,30,48.18,86.22
19.87,487,6,0.662,22.05,49.26,809.1,309.2,47.9,0,0.026,50,30,48.18,85.41
19.84,484.2,6,0.674,22.11,49.54,810,312.8,47.8,0,0.053,50,30,48.18,85.35
19.81,481.5,6,0.657,22.3,49.31,808.6,309.3,46.1,0,0.148,50,30,48.18,85.03
19.79,478.7,6,0.642,22.12,49.89,811.3,288.2,46.6,0,0.061,50,30,48.18,85.27
19.76,475.9,6,0.627,22.18,50.04,811.4,288.5,47.6,0,0.092,50,30,48.18,84.78
19.73,473,6,0.617,22.18,50.06,811.6,150.5,48,0,0.09,0,0,0,80.78
19.7,470.2,6,0.614,22.3,49.82,812,311.3,48.1,0,0.149,50,30,48.18,84.61
19.67,467.4,6,0.647,22.3,50.16,810,297.9,49.1,0,0.151,50,30,48.18,84.14
19.65,464.6,6,0.656,22.26,50.03,812.7,294.8,47.7,0,0.128,50,30,48.18,84.67
19.62,461.7,6,0.678,22.17,50.06,812.5,308,47.6,0,0.086,50,30,48.18,85.24
19.59,458.9,6,0.674,22.24,50.42,816.6,302.7,49.7,0,0.119,50,30,48.18,84.12
19.56,456,6,0.684,22.14,49.74,817.4,314.7,46.7,0,0.069,50,30,48.18,85.56
19.53,453.1,6,0.703,22.19,49.86,815.4,301.4,48.6,0,0.095,50,30,48.18,84.74
19.5,450.2,6,0.677,22.24,50.21,817.3,300.4,47.7,0,0.121,50,30,48.18,84.76
19.47,447.4,6,0.687,22.13,50.24,815.4,316.6,48.5,0,0.066,50,30,48.18,85.11
19.44,444.5,6,0.694,22.07,50.09,816.7,320.8,49.2,0,0.037,50,30,48.18,85.2
19.42,441.5,6,0.688,21.99,50.23,817.8,151.7,48.2,0,-0.006,0,0,0,81.25
19.39,438.6,6,0.715,21.89,49.75,815.4,306.3,48.4,0,-0.054,50,30,48.18,85.1
19.36,435.7,6,0.693,22,49.65,817.5,307.3,49.7,0,0,50,30,48.18,85.09
19.33,432.8,6,0.718,22.06,49.5,816.1,303.4,47.9,0,0.032,50,30,48.18,85.29
19.3,429.8,6,0.7,22.13,49.62,816,320.5,45.8,0,0.066,50,30,48.18,85.89
19.27,426.9,6,0.691,22.08,49.61,815.1,285,48.5,0,0.039,50,30,48.18,84.64
19.24,423.9,6,0.672,21.97,49.91,812.2,307.1,47.9,0,-0.013,50,30,48.18,85.68
19.21,421,6,0.66,22.11,50.43,815,133.7,47.1,0,0.057,0,0,0,80.61
19.18,418,6,0.686,22.13,50.28,814.6,298.4,47,0,0.066,50,30,48.18,85.31
19.15,415,6,0.675,21.94,49.74,815.8,286.5,47.8,0,-0.028,50,30,48.18,85.01
19.12,412,6,0.685,21.97,50.01,816,290.9,48.5,0,-0.016,50,30,48.18,85.12
19.09,409,6,0.681,22.06,50.2,820.2,288.1,47.5,0,0.028,50,30,48.18,85.13
19.06,406,6,0.69,22.19,50.54,819,153.6,47.9,0,0.095,0,0,0,80.57
19.03,403,6,0.705,21.98,50.44,818.6,283.1,48.7,0,-0.009,50,30,48.18,84.67
19,400,6,0.68,21.94,50.56,818.7,301.2,47.1,0,-0.03,50,30,48.18,85.49
18.97,397,6,0.696,22.06,51.28,818.3,302.8,49.3,0,0.031,50,30,48.18,84.55
18.94,393.9,6,0.687,21.98,50.6,815.9,287.3,46,0,-0.011,50,30,48.18,85.58
18.91,390.9,6,0.69,22.17,50.23,815.1,262.3,48.6,0,0.087,50,30,48.18,83.62
18.88,387.8,6,0.711,22.14,50.58,811.5,157.4,46.7,0,0.068,0,0,0,81.35
18.85,384.8,6,0.714,21.79,50.81,811.3,287.1,48.9,0,-0.106,50,30,48.18,83.97
18.82,381.7,6,0.717,21.86,50.91,810,279.2,49.5,0,-0.07,50,30,48.18,83.81
18.79,378.7,6,0.706,21.81,50.56,807.6,259.9,47.6,0,-0.094,50,30,48.18,83.76
18.76,375.6,6,0.715,21.9,50.74,811.6,286,48.1,0,-0.049,50,30,48.18,84.61
18.72,372.5,6,0.722,21.87,50.18,808.8,259.2,47.3,0,-0.067,50,30,48.18,84.16
18.69,369.4,6,0.743,21.72,50,806.9,296.6,48.5,0,-0.141,50,30,48.18,84.45
18.66,366.3,6,0.718,21.79,50.26,806.6,274.3,48.2,0,-0.105,50,30,48.18,84.06
18.63,363.2,6,0.701,21.7,50.7,805.9,288.7,48.4,0,-0.15,50,30,48.18,83.95
18.6,360.1,6,0.71,21.76,50.17,805,293.4,49.3,0,-0.119,50,30,48.18,84.26
18.57,357,6,0.731,21.97,50.72,803.4,285,49,0,-0.017,50,30,48.18,84.66
18.54,353.8,6,0.729,21.9,50.12,803.7,289.6,47.7,0,-0.048,50,30,48.18,85.2
18.51,350.7,6,0.737,21.98,49.91,801.4,275.4,49.1,0,-0.011,50,30,48.18,84.66
18.48,347.6,6,0.714,21.96,50,800.4,284.1,48.7,0,-0.02,50,30,48.18,85.01
18.44,344.4,6,0.693,21.9,50.63,800.1,256.9,49.2,0,-0.049,50,30,48.18,83.6
18.41,341.3,6,0.704,21.89,50.7,800.9,258.1,48.2,0,-0.056,50,30,48.18,83.86
18.38,338.1,6,0.68,21.85,50.61,804.2,258.3,46.9,0,-0.077,50,30,48.18,84.08
18.35,334.9,6,0.683,21.84,50.25,804.2,242.9,47.4,0,-0.078,50,30,48.18,83.6
18.32,331.8,6,0.705,21.75,50.47,807.1,122.3,50.1,0,-0.127,0,0,0,78.93
18.29,328.6,6,0.718,21.87,50.13,808.3,263.7,46.7,0,-0.066,50,30,48.18,84.51
18.25,325.4,6,0.713,21.91,50.18,807.8,269.4,46.9,0,-0.045,50,30,48.18,84.78
18.22,322.2,6,0.731,21.77,49.91,808.6,274.7,47.4,0,-0.116,50,30,48.18,84.28
18.19,319,6,0.717,21.78,49.44,805.2,589,50.4,0,-0.108,100,100,100,83.91
18.16,315.8,6,0.714,21.61,49.7,807.8,262.5,45.2,0,-0.195,50,30,48.18,83.9
18.13,312.6,6,0.704,21.56,49.91,806.8,248,47.6,0,-0.219,50,30,48.18,82.66
18.09,309.4,6,0.711,21.53,50.9,805.3,127.9,47.7,0,-0.236,0,0,0,78.85
18.06,306.1,6,0.712,21.52,50.62,807.9,258.3,45.6,0,-0.242,50,30,48.18,83.18
18.03,302.9,6,0.69,21.68,50.43,810.8,233.4,46.4,0,-0.16,50,30,48.18,82.83
18,299.7,6,0.684,21.86,50.6,810.3,246.7,47.2,0,-0.07,50,30,48.18,83.62
17.96,296.4,6,0.666,21.93,50.45,809.3,242.3,47.4,0,-0.037,50,30,48.18,83.75
17.93,293.2,6,0.691,21.82,50.29,812.7,254.8,47.2,0,-0.092,50,30,48.18,83.8
17.9,290,6,0.703,21.69,50.48,816.6,259.1,48.8,0,-0.156,50,30,48.18,82.84
17.87,286.7,6,0.683,21.57,50.72,816.7,248.4,46.2,0,-0.216,50,30,48.18,82.74
17.83,283.4,6,0.675,21.52,50.74,818.3,251,47.5,0,-0.239,50,30,48.18,82.24
17.8,280.2,6,0.698,21.68,50.66,819.3,247,48.5,0,-0.161,50,30,48.18,82.41
17.77,276.9,6,0.718,21.44,50.62,818.5,227.6,48.9,0,-0.282,50,30,48.18,80.84
17.74,273.6,6,0.705,21.45,50.18,817,261.6,47.8,0,-0.277,50,30,48.18,82.41
17.7,270.3,6,0.681,21.48,49.68,818.7,248.4,48.1,0,-0.259,50,30,48.18,81.99
17.67,267,6,0.664,21.66,49.21,820.2,239.2,45.7,0,-0.168,50,30,48.18,82.92
17.64,263.8,6,0.67,21.66,49.55,821.4,249.2,47.6,0,-0.172,50,30,48.18,82.73
17.6,260.5,6,0.652,21.71,49.34,819.8,219.1,49.5,0,-0.147,50,30,48.18,81.4
17.57,257.2,6,0.637,21.58,49.19,821,226.3,48.5,0,-0.209,50,30,48.18,81.35
17.54,253.8,6,0.649,21.7,48.99,818.3,579.7,48.1,0,-0.149,100,100,100,84.06
17.51,250.5,6,0.648,21.52,48.93,817,219.4,48.8,0,-0.239,50,30,48.18,80.79
17.47,247.2,6,0.645,21.52,48.78,816.2,240.1,46.7,0,-0.239,50,30,48.18,82.01
17.44,243.9,6,0.664,21.44,48.89,816.7,222,46.6,0,-0.279,50,30,48.18,81.23
17.41,240.6,6,0.646,21.43,48.97,822.3,88.9,48,0,-0.286,0,0,0,76.45
17.37,237.2,6,0.669,21.35,48.6,822.1,235.4,46.8,0,-0.322,50,30,48.18,81.07
17.34,233.9,6,0.66,21.26,49.3,821.5,64,47.6,0,-0.371,0,0,0,74.22
17.31,230.6,6,0.658,21.38,49.75,821.7,228.1,47.7,0,-0.31,50,30,48.18,81.1
17.27,227.2,6,0.675,21.43,50.11,820.9,230.9,46.9,0,-0.286,50,30,48.18,81.65
17.24,223.9,6,0.683,21.56,50.08,824,231.5,48.1,0,-0.22,50,30,48.18,81.8
17.21,220.5,6,0.708,21.38,50.07,825.5,89.8,47.2,0,-0.308,0,0,0,76.93
17.17,217.2,6,0.724,21.41,50.55,825.6,228.6,50,0.4,-0.297,50,30,48.18,80.4
17.14,213.8,6,0.727,21.37,50.23,826.4,212.8,49.1,0,-0.314,50,30,48.18,80.13
17.1,210.4,6,0.735,21.52,50.41,824.9,208.5,47.3,0,-0.242,50,30,48.18,81.04
17.07,207.1,6,0.729,21.35,50.54,825.5,221.3,47.6,0,-0.326,50,30,48.18,80.66
17.04,203.7,6,0.714,21.35,50.15,823.2,214.8,48.2,0,-0.326,50,30,48.18,80.47
17,200.3,6,0.69,21.55,49.74,825.6,206,48.7,0,-0.227,50,30,48.18,80.71
16.97,196.9,6,0.668,21.48,50.05,828.5,206,48.1,0,-0.262,50,30,48.18,80.68
16.94,193.5,6,0.646,21.52,50.56,828,219.3,48.1,0,-0.239,50,30,48.18,81.05
16.9,190.1,6,0.642,21.6,50.39,829,200.7,48.6,0,-0.201,50,30,48.18,80.69
16.87,186.8,6,0.656,21.53,50.14,828.4,210.3,48,0,-0.233,50,30,48.18,81.02
16.83,183.4,6,0.654,21.6,50.29,827.3,198.1,46.3,0,-0.202,50,30,48.18,81.34
16.8,180,6,0.66,21.38,50.52,830.7,199,46,0,-0.31,50,30,48.18,80.53
16.77,176.6,6,0.681,21.27,51.52,835.1,61,48.7,0,-0.366,0,0,0,73.21
16.73,173.2,6,0.697,21.14,51.25,834.7,216.8,46.7,0,-0.43,50,30,48.18,79.62
16.7,169.7,6,0.67,21.29,50.86,832.7,205,49.6,0,-0.356,50,30,48.18,79.12
16.66,166.3,6,0.674,21.14,50.65,834,204.5,47.8,0,-0.431,50,30,48.18,79.15
16.63,162.9,6,0.654,21.12,50.56,833.3,208.9,47.9,0,-0.438,50,30,48.18,79.23
16.59,159.5,5,0.654,21.16,50.71,830.1,194.2,46.1,0,-0.42,50,30,48.18,79.47
16.56,156.1,5,0.631,21.18,50.56,831.3,184.2,46.7,0,-0.412,50,30,48.18,79.09
16.53,152.6,5,0.638,21.11,50.67,832.4,194.2,46.9,0,-0.443,50,30,48.18,79.02
16.49,149.2,5,0.662,21.05,50.13,827.3,197.5,46.3,0,-0.475,50,30,48.18,79.35
16.46,145.8,5,0.662,21.15,49.74,823.4,188.8,48.4,0,-0.427,50,30,48.18,78.81
16.42,142.4,5,0.642,21.17,49.22,823.6,210.5,47.9,0,-0.412,50,30,48.18,79.51
16.39,138.9,5,0.662,21.07,49.35,823.7,210.6,46.2,0,-0.462,50,30,48.18,79.7
16.35,135.5,5,0.68,21,49.17,820.8,186.5,46.9,0,-0.501,50,30,48.18,78.46
16.32,132,5,0.693,20.95,49.47,820.7,183.7,45.6,0,-0.524,50,30,48.18,78.69
16.29,128.6,5,0.688,20.85,49.48,819.9,192,46.5,0,-0.576,50,30,48.18,78.31
16.25,125.1,5,0.688,20.93,49.23,813.7,184.5,47.3,0,-0.533,50,30,48.18,78.15
16.22,121.7,5,0.66,21.06,49.16,809.7,192.4,46.5,0,-0.471,50,30,48.18,79.11
16.18,118.2,5,0.668,20.95,49.44,805.8,190.1,47.4,0,-0.524,50,30,48.18,78.52
16.15,114.8,5,0.682,21.01,49.39,807.9,192.1,47,0,-0.492,50,30,48.18,78.92
16.11,111.3,5,0.689,20.92,49.58,806.3,200.5,46.1,0,-0.54,50,30,48.18,79.16
16.08,107.9,5,0.662,21.07,49.82,803.1,199.8,46.4,0,-0.463,50,30,48.18,79.75
16.04,104.4,5,0.643,21.1,49.66,799.9,178.6,46.8,0,-0.448,50,30,48.18,79.08
16.01,101,5,0.655,21.01,48.99,798.2,197.2,47.5,0,-0.494,50,30,48.18,78.84
15.97,97.5,4,0.655,20.98,48.18,794.1,203.2,47.8,1.5,-0.508,50,30,48.18,78.67
15.94,94,4,0.665,21.08,47.59,791.1,526.2,46.6,2.7,-0.458,100,100,100,82.69
15.91,90.6,4,0.648,20.91,47.94,785.3,144.7,45.8,1.7,-0.544,50,30,48.18,77.18
15.87,87.1,4,0.643,20.81,48.34,778.8,191.9,46.5,0.2,-0.594,50,30,48.18,78.02
15.84,83.6,4,0.629,20.76,48.22,776.9,175.8,48.3,0,-0.616,50,30,48.18,76.76
15.8,80.2,4,0.641,20.82,47.64,774.9,150.2,45.4,0,-0.589,50,30,48.18,76.84
15.77,76.7,4,0.641,20.86,47.37,774.4,184.4,46.5,0,-0.568,50,30,48.18,77.61
15.73,73.2,4,0.649,20.71,47.54,773.5,169.6,45.4,0.9,-0.643,50,30,48.18,77.07
15.7,69.7,4,0.635,20.7,47.74,771.9,179.1,46.4,1.6,-0.649,50,30,48.18,77.17
15.66,66.2,4,0.617,20.79,47.42,769.9,153.7,46.9,0,-0.601,50,30,48.18,76.33
15.63,62.8,4,0.604,20.74,47.35,768.9,159.8,46.5,0,-0.629,50,30,48.18,76.4
15.59,59.3,4,0.613,20.74,47.02,765.4,168.5,45.3,0,-0.628,50,30,48.18,76.9
15.56,55.8,4,0.578,20.86,47.31,765.3,175.9,45.1,0,-0.567,50,30,48.18,77.74
15.52,52.3,4,0.561,21.11,47.06,766.9,165.1,46.9,0,-0.442,50,30,48.18,77.74
15.49,48.8,4,0.567,21,47.56,769.7,159,46.4,0,-0.497,50,30,48.18,77.47
15.45,45.4,4,0.537,21.05,48.14,766.7,160.1,47.9,0,-0.474,50,30,48.18,77.44
15.42,41.9,4,0.516,21.17,48.12,766.3,166.3,47.5,0,-0.414,50,30,48.18,78.18
15.38,38.4,4,0.516,21.22,48.14,765.2,159.9,49.3,0,-0.388,50,30,48.18,77.67
15.35,34.9,4,0.491,21.08,47.86,764.8,152.5,46.9,0,-0.458,50,30,48.18,77.52
15.31,31.4,4,0.51,20.88,48.22,763.6,148.1,48.5,0,-0.56,50,30,48.18,76.29
15.28,27.9,4,0.499,21.05,48.35,762.6,141.4,46.9,0.9,-0.473,50,30,48.18,77.36
15.24,24.4,4,0.489,21.12,48.02,758.7,154.2,46.5,0,-0.44,50,30,48.18,77.88
15.21,20.9,4,0.474,21.04,48.51,760.2,153.4,46.1,0,-0.477,50,30,48.18,77.88
15.17,17.5,4,0.474,20.91,48.02,757.6,171.9,45.7,0,-0.541,50,30,48.18,77.92
15.14,14,4,0.489,20.69,47.58,756.7,154.8,45.9,0.3,-0.654,50,30,48.18,76.34
15.1,10.5,3,0.483,20.64,47.54,755.4,164.6,45.1,0,-0.677,50,30,48.18,76.68
15.07,7,3,0.465,20.99,47.09,751.9,155.8,46.4,0.3,-0.502,50,30,48.18,77.18
15.03,3.5,3,0.477,20.94,46.96,752.5,150.9,46.5,0.2,-0.527,50,30,48.18,76.76
15,0,3,0.461,21.01,47.54,751.1,150.1,46.5,0.9,-0.493,50,30,48.18,77.3
14.97,0,3,0.392,21.04,47.68,751.2,150.3,45.5,0.9,-0.479,50,30,48.18,77.76
14.93,0,3,0.32,21.16,47.99,751.1,144.6,47,0.8,-0.417,50,30,48.18,77.69
14.9,0,3,0.272,21.32,48.11,753.9,152.6,45.1,0,-0.339,50,30,48.18,79.06
14.86,0,3,0.223,21.38,48.41,754.9,159.7,45.1,0,-0.311,50,30,48.18,79.58
14.83,0,3,0.186,21.6,48.63,754.3,497.9,43.7,2.4,-0.198,100,100,100,86.17
14.79,0,3,0.161,21.74,48.83,755.6,152.4,44.8,2.7,-0.128,50,30,48.18,81.26
14.76,0,3,0.167,21.71,48.72,760.2,139.4,45,0.8,-0.147,50,30,48.18,80.45
14.72,0,3,0.128,21.74,48.69,763.8,148.2,43.1,0.9,-0.132,50,30,48.18,81.38
14.69,0,3,0.141,21.53,48.66,761.5,0.6,45.3,0,-0.235,0,0,0,71.19
14.65,0,3,0.14,21.54,48.62,761.7,138.4,45.4,0,-0.23,50,30,48.18,79.55
14.62,0,3,0.104,21.7,48.64,762.6,133.2,44.9,0.3,-0.15,50,30,48.18,80.18
14.58,0,2,0.072,21.87,48.7,761.2,135.5,42.3,0.1,-0.067,50,30,48.18,81.66
14.55,0,2,0.05,21.73,48.49,759.7,147,41.7,1.2,-0.135,50,30,48.18,81.7
14.51,0,2,0.071,21.84,48.73,759.5,130.2,43.5,3.2,-0.081,50,30,48.18,81.36
14.48,0,2,0.07,21.92,48.76,757.9,136.8,42.8,4.7,-0.041,50,30,48.18,82.22
14.44,0,2,0.046,22.02,48.94,761,130.1,44.8,6.7,0.01,50,30,48.18,81.92
14.41,0,2,0.029,21.88,48.51,761.2,146.1,43.6,7.2,-0.061,50,30,48.18,82.26
14.37,0,2,0.02,22.08,48.64,759.8,132.2,42.7,7.6,0.039,50,30,48.18,82.38
14.34,0,2,0.03,22.1,48.5,762.9,141.7,42.8,7.7,0.049,50,30,48.18,82.51
14.3,0,2,0.037,21.93,48.4,759.9,131.1,43.1,7.8,-0.033,50,30,48.18,82.19
14.27,0,2,0.029,22.13,48.63,758.3,486.6,44.5,8.5,0.064,100,100,100,87.65
14.23,0,2,0.031,22.08,48.11,758.9,150.2,43,8.7,0.038,50,30,48.18,82.73
14.2,0,2,0.054,22.01,48.08,758.7,138.5,43.1,9.2,0.005,50,30,48.18,82.64
14.16,0,2,0.042,22.04,48.04,756.3,133,43.5,8,0.021,50,30,48.18,82.11
14.13,0,2,0.028,22.13,47.51,757.2,506.7,42.3,8.4,0.067,100,100,100,87.65
14.09,0,2,0.023,22.22,47.41,760.4,491.2,44.5,8.2,0.109,100,100,100,86.77
14.06,0,2,0.05,22.36,47.91,763.6,157.9,43.9,7.2,0.181,50,30,48.18,81.41
14.03,0,2,0.052,22.11,47.22,759.9,155.1,42.4,8.2,0.054,50,30,48.18,82.57
13.99,0,2,0.06,22.14,47.49,760.7,146.3,42.1,7.6,0.069,50,30,48.18,82.31
13.96,0,2,0.041,22.15,47.53,764.1,157.4,43,10.5,0.075,50,30,48.18,82.64
13.92,0,2,0.051,22.1,47.73,766.4,166.6,41.9,10.4,0.05,50,30,48.18,83.51
13.89,0,2,0.029,22.09,48.11,768,149.8,42.1,11.7,0.045,50,30,48.18,83.24
13.85,0,2,0.014,22.09,48.05,768.7,144.9,44.2,12.6,0.046,50,30,48.18,82.51
13.82,0,1,0,22.19,47.78,768.5,139.2,39.6,14.7,0.094,50,30,48.18,83.37
13.78,0,1,0,22.02,47.91,770.1,506.6,39.5,16.2,0.011,100,100,100,89.69
13.75,0,1,0,21.77,47.88,769.8,142.2,39.5,18.3,-0.113,50,30,48.18,83.71
13.71,0,1,0.024,21.79,47.45,769.3,152.8,40,19.3,-0.103,50,30,48.18,84.04
13.68,0,1,0.036,21.94,47.51,767,155.8,41,21.3,-0.029,50,30,48.18,84.61
13.65,0,1,0.03,21.99,47.93,765.6,1.6,39.6,21.3,-0.006,0,0,0,76.43
13.61,0,1,0.016,22.02,47.73,763.8,164.6,39.5,21.8,0.012,50,30,48.18,85.44
13.58,0,1,0.034,22.01,47.58,761.9,156.3,39.6,22.8,0.007,50,30,48.18,85.27
13.54,0,1,0.033,21.89,46.94,762,157.8,41.4,23.9,-0.057,50,30,48.18,84.38
13.51,0,1,0.055,21.73,46.79,760.3,20.6,40.5,24.8,-0.132,0,0,0,76.69
13.47,0,1,0.033,21.74,47.02,760.5,140.8,40.5,25.3,-0.128,50,30,48.18,83.77
13.44,0,1,0.041,21.8,47.08,759.7,167.9,40.1,25.7,-0.098,50,30,48.18,84.99
13.41,0,1,0.042,21.77,47.37,761.9,144.3,40.4,25.4,-0.112,50,30,48.18,84.18
13.37,0,1,0.02,21.91,48.03,758.9,161.2,41.7,23.5,-0.044,50,30,48.18,84.87
13.34,0,1,0.033,22.09,48.16,759.2,170.1,41.5,24.2,0.044,50,30,48.18,85.31
13.3,0,0,0.045,22.21,47.91,753.3,150.4,30.5,27.3,0.106,50,30,48.18,84.92
13.27,0,0,0.029,22.05,47.19,749.2,153.2,29.7,29.5,0.024,50,30,48.18,85.57
13.23,0,0,0.041,22.18,46.63,743.7,155.3,30.2,32.2,0.091,50,30,48.18,85.19
13.2,0,0,0.036,22.02,46.76,738.3,159.9,30.9,32.9,0.009,50,30,48.18,86.06
13.17,0,0,0.049,21.98,46.55,735.3,159.7,29,32.6,-0.012,50,30,48.18,85.92
13.13,0,0,0.036,21.99,46.3,733,158.6,31.1,35.5,-0.007,50,30,48.18,86.13
13.1,0,0,0.04,21.89,46.66,732.8,145.9,28.2,36.6,-0.055,50,30,48.18,85.63
13.06,0,0,0.02,21.75,46.21,727.3,0.5,30.1,36.4,-0.123,0,0,0,76.34
13.03,0,0,0.04,21.92,46.48,728.2,142.8,30.3,36.6,-0.04,50,30,48.18,85.58
13,0,0,0.044,21.73,46.68,724.6,154.8,29.8,37.9,-0.133,50,30,48.18,85.45
12.96,0,0,0.032,21.81,46.14,720.4,150.8,31,40.5,-0.096,50,30,48.18,85.67
12.93,0,0,0.007,21.91,45.98,718,149.6,29.3,41,-0.046,50,30,48.18,85.99
12.9,0,0,0.017,21.9,45.42,717.8,153.4,30.9,42.1,-0.05,50,30,48.18,85.98
12.86,0,0,0.016,21.88,45.16,716.3,148,30.4,44.3,-0.059,50,30,48.18,85.87
12.83,0,0,0.02,21.76,44.83,714.7,141.4,29.9,44.8,-0.116,50,30,48.18,85.17
12.79,0,0,0,21.78,44.82,710.9,14.9,29.6,44.4,-0.107,0,0,0,77.81
12.76,0,0,0,21.89,44.89,713,152.9,31.3,45.7,-0.056,50,30,48.18,86.09
12.73,0,0,0,21.85,45.33,709.6,134.2,30.2,47.5,-0.077,50,30,48.18,85.71
12.69,0,0,0.019,21.73,45.44,707.2,144,31.9,48.3,-0.133,50,30,48.18,85.71
12.66,0,0,0.022,21.75,45.48,706.5,157.6,29.2,49.9,-0.122,50,30,48.18,86.37
12.63,0,0,0.037,21.57,45.32,706.7,153.3,29.6,49.7,-0.213,50,30,48.18,85.47
12.59,0,0,0.036,21.58,45.6,702.4,157.2,31.9,50,-0.209,50,30,48.18,85.76
12.56,0,0,0.035,21.55,45.24,703.3,145.5,30.5,51.9,-0.221,50,30,48.18,85.37
12.53,0,0,0.03,21.67,45.13,700.1,151.7,30.7,51.8,-0.164,50,30,48.18,85.93
12.49,0,0,0.011,21.79,44.93,694.8,154.8,30,52.9,-0.103,50,30,48.18,86.52
12.46,0,0,0.014,21.92,44.39,689.4,155.5,29.7,54,-0.04,50,30,48.18,86.92
12.43,0,0,0.019,21.92,44.44,685.6,491.5,31.2,56.5,-0.042,100,100,100,92.34
12.4,0,0,0.014,21.83,44.75,686.3,136,28.6,57.5,-0.085,50,30,48.18,86.48
12.36,0,0,0.024,21.83,44.81,680.1,157.9,30,60.7,-0.084,50,30,48.18,87.49
12.33,0,0,0.039,21.86,44.94,676.2,170.1,29.5,62.1,-0.069,50,30,48.18,88.16
12.3,0,0,0.057,21.69,44.65,677,0,30.2,61.5,-0.152,0,0,0,78.01
12.26,0,0,0.054,21.78,44.99,674.2,145.2,30.7,61.9,-0.111,50,30,48.18,87.09
12.23,0,0,0.045,21.64,45,664.7,167.1,30.1,63.8,-0.18,50,30,48.18,87.43
12.2,0,0,0.044,21.53,45.46,662.5,149.5,31.5,62.8,-0.232,50,30,48.18,86.58
12.17,0,0,0.04,21.61,45.71,660,157.2,30.3,64.3,-0.191,50,30,48.18,87.36
12.13,0,0,0.04,21.66,45.92,658.2,152.5,30.7,65,-0.169,50,30,48.18,87.54
12.1,0,0,0.059,21.61,45.88,657,149.3,31,64.2,-0.192,50,30,48.18,87.18
12.07,0,0,0.055,21.77,45.89,654.2,141.9,29,64.9,-0.116,50,30,48.18,87.6
12.04,0,0,0.063,21.69,45.93,655.3,145,31.6,67.2,-0.151,50,30,48.18,87.66
12,0,0,0.063,21.66,45.86,650,129.2,29.3,66.6,-0.17,50,30,48.18,86.97
11.97,0,0,0.037,21.72,45.54,645.1,497.3,30.7,66.9,-0.139,100,100,100,93
11.94,0,0,0.055,21.69,44.86,644.5,151.3,30.5,66.9,-0.151,50,30,48.18,87.43
11.91,0,0,0.031,21.65,44.11,640.1,159.2,32.7,68.6,-0.174,50,30,48.18,87.38
11.87,0,0,0.006,21.76,44.3,637.5,143.4,29.2,70.9,-0.12,50,30,48.18,87.61
11.84,0,0,0,22.05,43.93,635,134.4,30.7,70.2,0.026,50,30,48.18,87.84
11.81,0,0,0.007,22.01,44.03,638.1,148.8,28.6,72.8,0.006,50,30,48.18,88.71
11.78,0,0,0.011,21.94,43.97,635.1,152,30.9,74.8,-0.029,50,30,48.18,88.82
11.75,0,0,0,22.14,44.16,628.3,149.2,30.9,74.1,0.069,50,30,48.18,88.44
11.71,0,0,0,22.04,44.29,627.2,138.8,31.6,73.6,0.021,50,30,48.18,88.48
11.68,0,0,0.01,21.93,44.44,626.1,170.8,30.7,74.4,-0.036,50,30,48.18,89.47
11.65,0,0,0,21.93,44.18,620.7,146.2,28.7,75.1,-0.036,50,30,48.18,88.71
11.62,0,0,0.007,21.86,44.56,617.7,141.1,30.2,74.8,-0.067,50,30,48.18,88.42
11.59,0,0,0.019,21.91,44.75,616.7,129.9,29.6,73.5,-0.046,50,30,48.18,88.19
11.56,0,0,0.003,21.83,44.93,616.1,158.3,27.5,73.1,-0.085,50,30,48.18,88.77
11.52,0,0,0.01,21.78,44.81,613.4,149,29.8,74,-0.107,50,30,48.18,88.38
11.49,0,0,0.029,21.8,44.78,610.7,134.5,28.7,75.4,-0.099,50,30,48.18,88.13
11.46,0,0,0.007,21.63,44.32,606.2,131.7,28,76.9,-0.183,50,30,48.18,87.4
11.43,0,0,0.03,21.61,44.59,608.6,0,30.1,76,-0.195,0,0,0,79.11
11.4,0,0,0.031,21.51,44.63,610.8,153.4,30.4,77.5,-0.242,50,30,48.18,87.79
11.37,0,0,0.05,21.57,44.46,609.5,142.4,30,78.6,-0.211,50,30,48.18,87.74
11.34,0,0,0.063,21.49,44.1,608.2,171.7,29.7,78.6,-0.251,50,30,48.18,88.17
11.31,0,0,0.035,21.82,44.31,607.7,487,31.3,79.8,-0.087,100,100,100,94.32
11.28,0,0,0.041,21.98,44.29,608.5,142.3,29.3,81,-0.008,50,30,48.18,89.43
11.24,0,0,0.046,21.83,44.34,605.9,150.7,31,83.1,-0.084,50,30,48.18,89.33
11.21,0,0,0.053,21.72,44.3,603.5,137.2,30.4,85.2,-0.136,50,30,48.18,88.74
11.18,0,0,0.043,21.68,44.39,602.9,150.3,29.5,86.1,-0.157,50,30,48.18,89.09
11.15,0,0,0.04,21.51,44.33,601.1,0,29.6,85.6,-0.244,0,0,0,79.6
11.12,0,0,0.033,21.7,44.2,597.9,125.7,29.1,84.9,-0.146,50,30,48.18,88.25
11.09,0,0,0.017,21.8,44.13,593.3,158.5,31.5,86.3,-0.1,50,30,48.18,89.69
11.06,0,0,0,21.81,43.94,593,147.7,32.6,86.5,-0.094,50,30,48.18,89.36
11.03,0,0,0.023,21.71,44.16,592,155.1,31,87.2,-0.142,50,30,48.18,89.38
11,0,0,0.037,21.69,44.08,586.6,150.7,28.3,87.7,-0.154,50,30,48.18,89.18
10.97,0,0,0.038,21.72,44.22,584.2,159.4,31,89,-0.14,50,30,48.18,89.73
10.94,0,0,0.016,21.76,44.4,585.4,157.3,28.6,89.6,-0.121,50,30,48.18,89.94
10.91,0,0,0.019,21.75,44.51,584.9,130.8,29.3,90.2,-0.122,50,30,48.18,89.22
10.88,0,0,0.003,21.86,43.91,582.8,132.3,30.6,90,-0.067,50,30,48.18,89.44
10.85,0,0,0,21.86,43.78,580.8,146.2,30.8,90.3,-0.069,50,30,48.18,89.82
10.82,0,0,0.012,21.86,43.77,576.9,162.2,29.7,90,-0.069,50,30,48.18,90.27
10.79,0,0,0.01,21.92,43.99,576.7,155.9,30.4,88.7,-0.038,50,30,48.18,90.26
10.76,0,0,0.013,21.84,44.49,570.5,139.5,29.1,88.9,-0.079,50,30,48.18,89.68
10.73,0,0,0,21.81,44.34,570.3,142.8,31.8,89.1,-0.094,50,30,48.18,89.63
10.7,0,0,0,21.88,44.62,566.3,138.4,31.3,88.8,-0.059,50,30,48.18,89.82
10.67,0,0,0,21.88,45.17,564.8,165.1,29.5,88.2,-0.059,50,30,48.18,90.77
10.64,0,0,0,22.02,44.92,565.3,141.7,30.1,90.1,0.011,50,30,48.18,90.53
10.61,0,0,0,22.24,45.09,566.2,169.3,30.9,91.1,0.117,50,30,48.18,90.74
10.58,0,0,0.01,22.23,45.01,565.7,147,31.5,91.4,0.115,50,30,48.18,90.08
10.56,0,0,0.009,22.13,44.61,564.1,149.6,31.1,91.2,0.065,50,30,48.18,90.36
10.53,0,0,0,22.18,44.73,562.7,141.7,30.4,92.2,0.09,50,30,48.18,90.08
10.5,0,0,0.024,22.12,45.3,561,150,30.2,93,0.057,50,30,48.18,90.87
10.47,0,0,0.002,22.19,45.43,558.5,155.5,29.8,92.1,0.096,50,30,48.18,90.71
10.44,0,0,0,22.17,45.44,556.4,167.1,31.6,91.6,0.086,50,30,48.18,91.08
10.41,0,0,0,22.07,45.05,555.6,163.2,30,93,0.036,50,30,48.18,91.34
10.38,0,0,0.013,21.96,44.73,549.8,148.1,29.8,92.6,-0.019,50,30,48.18,90.85
10.35,0,0,0.031,21.92,44.67,549.4,151.4,29.9,92.4,-0.037,50,30,48.18,90.76
10.33,0,0,0.051,21.82,44.63,543.8,169.6,30.3,91.6,-0.088,50,30,48.18,90.83
10.3,0,0,0.067,21.6,44.93,541.5,142.5,28.7,92.8,-0.196,50,30,48.18,89.45
10.27,0,0,0.064,21.58,44.56,539.8,0,30,92.6,-0.206,0,0,0,80.68
10.24,0,0,0.072,21.47,44.73,535.5,161.2,29.4,92.8,-0.264,50,30,48.18,89.42
10.21,0,0,0.05,21.53,44.45,536.6,139.4,31.5,93.7,-0.231,50,30,48.18,89
10.19,0,0,0.062,21.51,44.65,532.7,165.9,30.5,93.2,-0.242,50,30,48.18,89.73
10.16,0,0,0.054,21.56,45.02,528.8,152.2,28.8,92.8,-0.217,50,30,48.18,89.61
10.13,0,0,0.066,21.56,44.95,527.9,149.9,31.2,92.8,-0.216,50,30,48.18,89.52
10.1,0,0,0.043,21.74,44.67,525.9,150.9,29.7,92.8,-0.128,50,30,48.18,90.11
10.07,0,0,0.044,21.63,44.64,525.3,513.5,30.9,92.4,-0.183,100,100,100,94.73
10.05,0,0,0.019,21.71,44.61,525.8,155.7,29.5,91.4,-0.146,50,30,48.18,89.96
10.02,0,0,0.007,21.84,44.59,525.2,139.6,29.7,93.4,-0.079,50,30,48.18,90.17
9.99,0,0,0.001,21.91,44.49,527.3,131.7,31,94.2,-0.044,50,30,48.18,90.23
9.97,0,0,0.006,21.75,44.33,527.6,146.4,30.3,95.8,-0.125,50,30,48.18,90.17
9.94,0,0,0.011,21.66,44.31,523.8,153.7,30,97.6,-0.167,50,30,48.18,90.25
9.91,0,0,0.019,21.85,44.57,520.4,151.7,31.9,97.7,-0.074,50,30,48.18,90.99
9.88,0,0,0.015,21.99,44.63,521.8,124.5,30.1,98.1,-0.004,50,30,48.18,90.76
9.86,0,0,0,21.85,44.69,519.9,163.3,30.9,98.4,-0.073,50,30,48.18,91.46
9.83,0,0,0,21.92,44.62,518.3,151.5,29.1,97.7,-0.04,50,30,48.18,91.26
9.8,0,0,0.014,21.8,44.09,519.2,160.7,30.1,97.5,-0.101,50,30,48.18,90.86
9.78,0,0,0.003,21.87,44.03,518.8,153.7,28.7,97.2,-0.066,50,30,48.18,90.86
9.75,0,0,0,22.02,43.88,517.4,5.5,30.8,95.2,0.011,0,0,0,82.56
9.73,0,0,0.019,21.86,43.97,516.9,139.2,30.6,95.2,-0.068,50,30,48.18,90.19
9.7,0,0,0.004,21.91,44.29,518.3,163,28,93.8,-0.047,50,30,48.18,91.03
9.67,0,0,0,21.81,44.38,518.8,142.2,30.8,94.7,-0.093,50,30,48.18,90.19
9.65,0,0,0.014,22.05,44.33,522.3,151,30.6,95.2,0.024,50,30,48.18,91
9.62,0,0,0.01,22.1,44.43,520.1,151,29.3,95.7,0.05,50,30,48.18,90.89
9.6,0,0,0,22.16,44.28,516.5,0,30.5,92.1,0.079,0,0,0,81.48
9.57,0,0,0,22.08,44.4,516,137.1,32,93.8,0.039,50,30,48.18,90.36
9.54,0,0,0,21.95,44.43,514.8,494.6,31.5,92.5,-0.024,100,100,100,96.03
9.52,0,0,0,21.97,44.49,518.3,145.8,30.2,92.2,-0.015,50,30,48.18,90.67
9.49,0,0,0.017,22.07,44.2,512.8,137.7,30.2,92.1,0.033,50,30,48.18,90.18
9.47,0,0,0.022,22.08,44.43,514.1,501,30.8,92.8,0.038,100,100,100,95.9
9.44,0,0,0.006,22.03,44.04,511.1,147.5,28.1,92.3,0.014,50,30,48.18,90.58
9.42,0,0,0,22.05,44.2,511,150.9,29.8,92.9,0.024,50,30,48.18,90.72
9.39,0,0,0.018,22.1,43.97,510.3,154.5,31.7,93,0.051,50,30,48.18,90.55
9.37,0,0,0.033,22,43.77,511.1,150.1,30.4,92.7,-0.002,50,30,48.18,90.68
9.34,0,0,0.032,21.97,43.65,510.9,161.4,29.1,93.5,-0.017,50,30,48.18,90.94
9.32,0,0,0.015,21.82,44.04,508.4,145.9,30.3,92.1,-0.09,50,30,48.18,89.94
9.29,0,0,0,21.75,44.29,508.6,158.5,30.2,92.4,-0.124,50,30,48.18,90.18
9.27,0,0,0,21.8,44.1,508.9,158.1,30.5,92.6,-0.1,50,30,48.18,90.29
9.25,0,0,0.021,21.74,44.39,505.7,153.7,30.1,93.6,-0.13,50,30,48.18,90.14
9.22,0,0,0,21.7,45.23,502.3,139.9,30.2,93.1,-0.147,50,30,48.18,89.88
9.2,0,0,0.018,21.75,45.51,504.2,138.5,29.1,92,-0.126,50,30,48.18,89.98
9.17,0,0,0,21.87,45.84,508.8,139.1,30.2,93.1,-0.066,50,30,48.18,90.7
9.15,0,0,0,21.8,46.14,509.1,146.6,31.9,96.8,-0.101,50,30,48.18,91.13
9.13,0,0,0.015,21.86,45.94,508.4,507.2,30.8,96.5,-0.072,100,100,100,96.51
9.1,0,0,0.026,21.78,46.37,508.6,159.7,30.3,97.9,-0.107,50,30,48.18,91.67
9.08,0,0,0.028,21.66,46.58,506.7,154.9,30.1,98.3,-0.168,50,30,48.18,91.19
9.05,0,0,0.016,21.68,46.76,504.2,159.3,29.9,97.7,-0.158,50,30,48.18,91.41
9.03,0,0,0,21.73,46.78,502.1,161.9,30.6,96.6,-0.135,50,30,48.18,91.56
9.01,0,0,0.007,21.74,46.77,503.5,148.1,31.1,96.7,-0.129,50,30,48.18,91.2
8.99,0,0,0,21.83,47.3,507,158.3,29.2,97.4,-0.087,50,30,48.18,92.09
8.96,0,0,0.022,22.15,47.57,507.8,499.1,28.5,99.9,0.074,100,100,100,97.53
8.94,0,0,0.009,22.12,48.05,509.9,132.7,30.4,98.4,0.059,50,30,48.18,91.91
8.92,0,0,0,22.06,48.02,508.2,132.9,28.3,99.4,0.03,50,30,48.18,92.23
8.89,0,0,0.002,21.99,48.19,509.9,159.2,29.4,100,-0.006,50,30,48.18,93.31
8.87,0,0,0,21.96,47.69,512.1,164.9,31.2,99.7,-0.022,50,30,48.18,93.15
8.85,0,0,0,21.77,47.4,509.5,166.4,29.5,98.6,-0.112,50,30,48.18,92.3
8.83,0,0,0,21.73,47.23,505.1,154.8,30.3,98.9,-0.132,50,30,48.18,91.77
8.8,0,0,0.023,21.75,47.34,503.3,149.1,29.9,97.9,-0.123,50,30,48.18,91.61
8.78,0,0,0.016,21.7,47.73,502.4,153.6,29,96.2,-0.147,50,30,48.18,91.53
8.76,0,0,0.001,21.87,47.47,502.2,143.9,29.9,96.6,-0.064,50,30,48.18,91.81
8.74,0,0,0,21.93,47.69,504.3,146.6,30.3,96.6,-0.036,50,30,48.18,92.18
8.72,0,0,0.021,21.87,47.99,500.1,158.4,32.3,95,-0.066,50,30,48.18,92.26
8.7,0,0,0.024,21.85,47.73,501.2,165.5,31.6,95,-0.074,50,30,48.18,92.32
8.67,0,0,0,22.08,47.6,501.8,134,31.4,95.3,0.04,50,30,48.18,91.61
8.65,0,0,0,21.96,47.65,501.8,140.4,30.6,94.3,-0.02,50,30,48.18,91.87
8.63,0,0,0.009,22,47.61,499.2,148.3,29.4,95.5,0,50,30,48.18,92.36
8.61,0,0,0.022,21.84,47.42,499.9,165.5,30.2,94.7,-0.082,50,30,48.18,92.11
8.59,0,0,0.02,21.81,47.87,500.5,166.5,28.9,94.6,-0.093,50,30,48.18,92.22
8.57,0,0,0.038,21.81,47.49,500.6,156.6,31,94.8,-0.096,50,30,48.18,91.78
8.55,0,0,0.055,21.73,46.66,500.2,488.5,30.5,95.1,-0.133,100,100,100,96.38
8.53,0,0,0.041,21.67,46.65,496.9,157.5,29.3,96.2,-0.165,50,30,48.18,91.11
8.51,0,0,0.045,21.78,46.7,496.5,136.5,30.9,97,-0.111,50,30,48.18,90.98
8.49,0,0,0.056,21.95,46.01,493.7,145.3,29.8,96.8,-0.025,50,30,48.18,91.62
8.47,0,0,0.049,21.9,45.53,496.6,154.8,28.7,95.9,-0.051,50,30,48.18,91.44
8.45,0,0,0.045,21.85,45.87,496.1,157.9,28,96.9,-0.075,50,30,48.18,91.58
8.43,0,0,0.048,21.78,45.82,498.7,141.7,28.3,97.6,-0.109,50,30,48.18,90.88
8.41,0,0,0.06,21.66,45.66,498.5,146.1,32.5,98.9,-0.169,50,30,48.18,90.64
8.39,0,0,0.04,21.64,45.63,496.4,139.3,30,98.3,-0.177,50,30,48.18,90.3
8.37,0,0,0.055,21.71,45.97,495.8,139,30,99.4,-0.146,50,30,48.18,90.76
8.35,0,0,0.042,21.72,45.8,491,137.5,29.3,99.5,-0.14,50,30,48.18,90.71
8.33,0,0,0.05,21.72,45.39,491.9,143.1,30.5,100,-0.137,50,30,48.18,90.8
8.31,0,0,0.064,21.68,45.37,491.8,162.3,29.4,100,-0.158,50,30,48.18,91.21
8.29,0,0,0.032,21.63,45.68,492.4,157,27.6,100,-0.183,50,30,48.18,90.98
8.27,0,0,0.022,21.66,45.99,491,151.3,29.8,100,-0.169,50,30,48.18,91.03
8.25,0,0,0.042,21.58,45.95,491.5,143.1,30,100,-0.208,50,30,48.18,90.47
8.23,0,0,0.031,21.79,46.26,488.5,152.4,29.8,100,-0.103,50,30,48.18,91.65
8.22,0,0,0.033,21.93,46.08,490.9,135.1,28.4,99.6,-0.034,50,30,48.18,91.55
8.2,0,0,0.039,21.96,45.94,490.9,162.3,30.1,100,-0.02,50,30,48.18,92.46
8.18,0,0,0.028,21.81,46.4,490.1,173.6,30.8,100,-0.096,50,30,48.18,92.4
8.16,0,0,0.035,21.88,45.69,488.6,155,29.3,99,-0.061,50,30,48.18,91.74
8.14,0,0,0.031,21.86,45.14,489.4,148.5,30.9,99.3,-0.067,50,30,48.18,91.31
8.12,0,0,0.009,22.06,45.48,489.8,152.5,29.2,100,0.032,50,30,48.18,91.9
8.11,0,0,0.025,22.03,45.45,488.6,169.3,30.7,99.4,0.016,50,30,48.18,92.45
8.09,0,0,0.022,22.05,45.35,489.1,150,29.4,98.4,0.025,50,30,48.18,91.67
8.07,0,0,0.032,21.97,45.79,486.6,142.4,29.3,99.3,-0.013,50,30,48.18,91.78
8.05,0,0,0.022,21.83,45.53,483.5,155.8,30.1,98.6,-0.084,50,30,48.18,91.49
8.04,0,0,0.007,21.73,45.25,484.4,0,29.7,97.8,-0.132,0,0,0,82.01
8.02,0,0,0,21.79,44.81,483.7,155.8,30.1,99.2,-0.106,50,30,48.18,91.11
8,0,0,0,21.94,44.79,482,156.5,28.8,100,-0.029,50,30,48.18,91.78
7.99,0,0,0.003,21.92,45.21,484.8,167.4,28.5,99.1,-0.039,50,30,48.18,92.1
7.97,0,0,0,21.83,44.95,483.4,496,30.6,99.9,-0.086,100,100,100,96.49
7.95,0,0,0,21.9,44.83,478.1,150.6,30.1,100,-0.051,50,30,48.18,91.46
7.94,0,0,0.023,21.82,44.77,479,142.4,31.5,99.9,-0.088,50,30,48.18,90.9
7.92,0,0,0.024,21.7,44.13,475.4,166.1,29.6,100,-0.149,50,30,48.18,90.92
7.9,0,0,0.031,21.7,43.71,470.2,155.7,31.2,100,-0.147,50,30,48.18,90.47
7.89,0,0,0.025,21.73,43.37,468.1,157.4,30,98.9,-0.132,50,30,48.18,90.39
7.87,0,0,0.045,21.77,43.67,465.9,139.9,30.4,100,-0.115,50,30,48.18,90.22
7.86,0,0,0.028,22.01,43.87,463.1,148.2,28.7,100,0.003,50,30,48.18,91.38
7.84,0,0,0.038,21.89,44.02,465,157.4,29.1,100,-0.056,50,30,48.18,91.32
7.83,0,0,0.049,21.65,43.92,464.1,164.8,31,100,-0.171,50,30,48.18,90.64
7.81,0,0,0.064,21.55,43.94,462.7,149.5,30.6,97.8,-0.225,50,30,48.18,89.57
7.79,0,0,0.041,21.65,43.54,465.3,142.1,30.4,98.4,-0.172,50,30,48.18,89.65
7.78,0,0,0.047,21.53,43.52,464.8,167.8,29.4,97.5,-0.233,50,30,48.18,89.87
7.76,0,0,0.019,21.52,43.6,468,170,28.5,99.6,-0.238,50,30,48.18,90.13
7.75,0,0,0.015,21.67,42.96,467.7,493,31.4,100,-0.162,100,100,100,95.21
7.73,0,0,0.014,21.79,42.8,469.7,146.6,29.3,100,-0.101,50,30,48.18,90.19
7.72,0,0,0.026,21.85,42.78,467.2,142.8,29.6,99.7,-0.074,50,30,48.18,90.25
7.71,0,0,0.008,21.83,43.05,464.6,143.4,28.7,100,-0.083,50,30,48.18,90.33
7.69,0,0,0.01,21.67,43.63,462.3,147.5,28.7,100,-0.161,50,30,48.18,90.09
7.68,0,0,0,21.63,44.19,462.1,144.9,30.3,98.9,-0.182,50,30,48.18,89.95
7.66,0,0,0,21.83,44.68,463.3,146.1,30.6,99.5,-0.082,50,30,48.18,90.98
7.65,0,0,0.022,21.86,44.88,462.8,142.6,28.9,100,-0.069,50,30,48.18,91.1
7.64,0,0,0.04,21.78,44.77,465.8,141.3,28.7,100,-0.111,50,30,48.18,90.71
7.62,0,0,0.026,21.69,44.74,465.7,147.4,26.9,100,-0.154,50,30,48.18,90.55
7.61,0,0,0.035,21.98,45.25,466,491.9,29.4,100,-0.008,100,100,100,97.24
7.6,0,0,0.032,21.94,45.47,464.3,155.6,33.1,100,-0.032,50,30,48.18,91.98
7.58,0,0,0.036,21.81,45.14,462.8,151.4,32,100,-0.096,50,30,48.18,91.26
7.57,0,0,0.029,21.88,45.35,463.5,146.1,30.3,100,-0.061,50,30,48.18,91.44
7.56,0,0,0.027,21.83,45.54,464.1,144.9,30.6,98.3,-0.083,50,30,48.18,91.14
7.54,0,0,0.041,21.72,45.85,463.5,156.2,28.8,99,-0.137,50,30,48.18,91.26
7.53,0,0,0.045,21.81,45.89,461.6,148.7,30.1,98.8,-0.094,50,30,48.18,91.35
7.52,0,0,0.038,21.79,46.03,461.4,511.2,33.2,99.2,-0.102,100,100,100,96.56
7.51,0,0,0.023,21.66,45.98,462.5,20.8,29.3,99.4,-0.17,0,0,0,83.72
7.49,0,0,0.034,21.73,45.83,464.6,136,32.2,100,-0.135,50,30,48.18,90.76
7.48,0,0,0.038,21.86,45.65,464.7,146.4,30.1,100,-0.07,50,30,48.18,91.49
7.47,0,0,0.033,21.74,45.49,464.5,149.7,29.9,99.4,-0.129,50,30,48.18,91.02
7.46,0,0,0.049,21.9,45.01,462.6,502.7,29.4,100,-0.051,100,100,100,96.72
7.45,0,0,0.026,21.68,44.98,462.9,149.4,29.3,98.9,-0.16,50,30,48.18,90.54
7.44,0,0,0.036,21.78,45.04,464.7,146.5,31.5,99.3,-0.108,50,30,48.18,90.91
7.42,0,0,0.048,21.77,44.6,464.4,141.6,30.8,100,-0.112,50,30,48.18,90.64
7.41,0,0,0.019,21.88,45.09,462.4,508.9,28.7,100,-0.058,100,100,100,96.63
7.4,0,0,0,21.92,44.9,461.9,157.3,30.1,100,-0.04,50,30,48.18,91.76
7.39,0,0,0.021,21.89,44.81,462.8,6.2,31.2,97.5,-0.054,0,0,0,82.86
7.38,0,0,0.008,21.83,44.68,464.9,158.2,30.8,97.6,-0.084,50,30,48.18,91.14
7.37,0,0,0,21.58,45.42,460.2,150.4,30.9,98.1,-0.209,50,30,48.18,90.3
7.36,0,0,0.004,21.79,45.11,460.3,184.6,30.9,100,-0.105,50,30,48.18,92.18
7.35,0,0,0,21.75,44.88,460.4,156.2,28,100,-0.124,50,30,48.18,91.1
7.34,0,0,0.019,21.75,45.26,460.3,160.6,29.6,99.3,-0.126,50,30,48.18,91.29
7.33,0,0,0.031,21.8,45.05,461.1,159.7,29.4,97.4,-0.097,50,30,48.18,91.2
7.32,0,0,0.036,21.71,45.01,458.5,141.1,29.5,98.2,-0.141,50,30,48.18,90.39
7.31,0,0,0.042,21.72,44.99,460.1,132.3,31.3,99,-0.139,50,30,48.18,90.2
7.3,0,0,0.03,21.59,44.62,458.4,138.5,31,100,-0.203,50,30,48.18,89.88
7.29,0,0,0.043,21.72,44.12,458.5,159.3,31.6,100,-0.136,50,30,48.18,90.81
7.28,0,0,0.044,21.76,43.87,456.2,141.3,30.6,99.5,-0.118,50,30,48.18,90.27
7.27,0,0,0.023,21.81,44.12,459.3,161.7,30.5,100,-0.095,50,30,48.18,91.19
7.26,0,0,0.044,21.62,44,461.2,146.7,30.3,99.4,-0.189,50,30,48.18,89.94
7.25,0,0,0.031,21.62,43.87,459.3,135.7,30.5,100,-0.189,50,30,48.18,89.62
7.25,0,0,0.01,21.72,44.07,460.8,148.3,29.2,100,-0.139,50,30,48.18,90.44
7.24,0,0,0,21.79,44.18,459.1,169.6,29,99.6,-0.102,50,30,48.18,91.35
7.23,0,0,0.019,21.74,44,460,156.4,30.4,100,-0.129,50,30,48.18,90.73
7.22,0,0,0.028,21.86,43.66,457.8,150.6,31.8,99,-0.067,50,30,48.18,90.8
7.21,0,0,0.041,21.66,43.79,455.8,136.9,27.7,99.6,-0.169,50,30,48.18,89.73
7.21,0,0,0.029,21.83,44.18,454.9,167.9,29.4,99.2,-0.082,50,30,48.18,91.42
7.2,0,0,0.034,21.85,43.94,455.6,151.7,32,98.9,-0.076,50,30,48.18,90.86
7.19,0,0,0.024,21.83,44.09,455.2,153.3,29.4,97.5,-0.084,50,30,48.18,90.76
7.18,0,0,0.005,21.83,43.78,453.7,150.5,29.2,97.8,-0.085,50,30,48.18,90.58
7.17,0,0,0.001,21.85,43.81,454.3,153.9,31.3,99.5,-0.073,50,30,48.18,90.96
7.17,0,0,0,21.89,43.79,458.6,157.7,31.4,98,-0.055,50,30,48.18,91.04
7.16,0,0,0.002,22.05,43.59,459.6,157.1,28.6,97.5,0.023,50,30,48.18,91.14
7.15,0,0,0.005,22.24,43.78,459,146.9,30.3,95.2,0.119,50,30,48.18,89.97
7.15,0,0,0,22.2,43.3,461.6,145.2,29.5,96.8,0.099,50,30,48.18,90.03
7.14,0,0,0,22.18,43.79,460.8,157.6,31.8,97,0.09,50,30,48.18,90.68
7.13,0,0,0.014,22.15,43.39,462.5,166.9,28.6,96.7,0.075,50,30,48.18,90.89
7.13,0,0,0.031,22.14,43.78,461.7,157.1,30,97.7,0.069,50,30,48.18,90.9
7.12,0,0,0.036,21.96,43.58,456.8,134.4,30.9,97.9,-0.021,50,30,48.18,90.51
7.12,0,0,0.054,21.89,43.73,455.3,141.5,30.3,99.1,-0.054,50,30,48.18,90.66
7.11,0,0,0.035,21.75,43.74,454.9,1.7,28.5,97.4,-0.123,0,0,0,81.59
7.1,0,0,0.046,21.72,44.28,455.5,171.8,28.5,97.7,-0.139,50,30,48.18,91
7.1,0,0,0.035,21.77,44.66,454.8,137.3,29.5,99.3,-0.115,50,30,48.18,90.44
7.09,0,0,0.04,21.81,44.28,455.1,143.9,31.2,100,-0.092,50,30,48.18,90.74
7.09,0,0,0.042,21.9,44.61,453.9,138.7,31.6,100,-0.049,50,30,48.18,91.04
7.08,0,0,0.046,21.93,44.76,452.9,149.9,30.8,99.9,-0.033,50,30,48.18,91.54
7.08,0,0,0.026,21.83,44.73,454.1,161.1,30.4,99.1,-0.085,50,30,48.18,91.39
7.07,0,0,0.036,21.8,44.79,454.4,122.1,29.3,100,-0.098,50,30,48.18,90.23
7.07,0,0,0.043,21.79,44.65,450.9,148,30.6,100,-0.104,50,30,48.18,90.92
7.06,0,0,0.045,21.59,44.77,450.2,144,29.1,100,-0.203,50,30,48.18,90.09
7.06,0,0,0.028,21.52,45.02,449.6,148.2,29.4,100,-0.237,50,30,48.18,90.06
7.06,0,0,0.042,21.51,44.86,446.7,134,32.2,99.9,-0.243,50,30,48.18,89.52
7.05,0,0,0.031,21.56,45,448.7,142.1,29.6,99.7,-0.216,50,30,48.18,89.99
7.05,0,0,0.028,21.5,45.36,449.3,145.8,30.6,100,-0.248,50,30,48.18,90.03
7.04,0,0,0.001,21.7,45.07,450.4,149.6,30.7,99.5,-0.148,50,30,48.18,90.73
7.04,0,0,0.002,21.81,45.15,450,166.6,29.7,100,-0.094,50,30,48.18,91.73
7.04,0,0,0,21.92,44.94,450,159.5,30.9,100,-0.037,50,30,48.18,91.86
7.03,0,0,0.01,21.87,45.15,450.8,156.1,30.9,98.8,-0.063,50,30,48.18,91.53
7.03,0,0,0,22.08,45.25,447.7,146.3,29.4,100,0.042,50,30,48.18,91.55
7.03,0,0,0,22.06,45.15,446.1,146.6,30.8,98.6,0.03,50,30,48.18,91.47
7.02,0,0,0.004,22.04,45.27,441.4,142.1,30.6,99.1,0.022,50,30,48.18,91.49
7.02,0,0,0,22.26,45.04,439,146.1,28,96.2,0.13,50,30,48.18,90.43
7.02,0,0,0.009,22.14,44.93,437.4,160.9,29.3,97.1,0.07,50,30,48.18,91.37
7.02,0,0,0.027,22,44.92,437.1,159.1,31.2,99.3,-0.001,50,30,48.18,92.05
7.01,0,0,0.015,22.11,44.59,436.9,137.1,29,100,0.055,50,30,48.18,90.93
7.01,0,0,0.012,21.99,44.5,436.4,145.6,30.1,100,-0.004,50,30,48.18,91.54
7.01,0,0,0.014,21.94,44.22,435.4,146.7,28.8,100,-0.03,50,30,48.18,91.27
7.01,0,0,0,21.96,44.06,434.6,143.4,30.1,99.2,-0.022,50,30,48.18,91.09
7.01,0,0,0.02,21.93,43.61,436.4,516.3,30.9,100,-0.037,100,100,100,96.17
7.01,0,0,0.038,21.64,43.77,435.9,152.5,29.6,100,-0.178,50,30,48.18,90.16
7,0,0,0.027,21.81,43.59,437.5,166.6,28.5,100,-0.093,50,30,48.18,91.16
7,0,0,0.008,21.66,43.4,436.4,147.3,30.3,99.4,-0.168,50,30,48.18,89.88
7,0,0,0,21.6,43.62,438.5,157.6,30.2,98.8,-0.195,50,30,48.18,90.01
7,0,0,0.008,21.6,43.92,440.7,145.8,31.1,98.3,-0.198,50,30,48.18,89.7
7,0,0,0,21.69,44,441.5,142.1,31.6,96.3,-0.152,50,30,48.18,89.76
7,0,0,0,21.77,44.06,442.5,154.2,30.2,96.8,-0.116,50,30,48.18,90.47
7,0,0,0,21.93,43.73,443.5,127.1,28.8,97.6,-0.035,50,30,48.18,90.22
7,0,0,0.024,21.78,43.94,440.6,155.2,30.2,99,-0.106,50,30,48.18,90.75
7,0,0,0.033,21.74,43.9,438.1,151.3,30.9,99.2,-0.129,50,30,48.18,90.46
7,0,0,0.027,21.78,43.85,438.2,144.5,31.4,99.7,-0.108,50,30,48.18,90.45
7,0,0,0.013,21.64,44.19,440,161.3,30,100,-0.18,50,30,48.18,90.57
7,0,0,0,21.74,43.87,439.2,133.8,30.1,100,-0.128,50,30,48.18,90.02
7,0,0,0.008,21.72,44,437.1,145.5,29.2,100,-0.137,50,30,48.18,90.34
7,0,0,0.023,21.82,44.14,436.7,158.1,30.9,97.7,-0.088,50,30,48.18,90.92
7,0,0,0.001,22.01,44.27,434.8,140.4,29,98.3,0.007,50,30,48.18,91.1
7,0,0,0.015,21.95,44.4,435.1,137.2,30.1,99.1,-0.027,50,30,48.18,90.99
7,0,0,0.017,21.97,44.8,437.5,144.7,29.7,98.1,-0.016,50,30,48.18,91.35
7.01,0,0,0.005,22.05,45.07,437.1,139.6,29.2,97.7,0.026,50,30,48.18,91.17
7.01,0,0,0.003,22.15,45.16,436.9,127.3,30.2,97.9,0.073,50,30,48.18,90.51
7.01,0,0,0,22.17,44.89,436.1,501,29.9,99.6,0.086,100,100,100,96.39
7.01,0,0,0.004,22.06,45.05,438.4,145.4,31,98.5,0.031,50,30,48.18,91.38
7.01,0,0,0,22.16,44.83,440.2,163.4,30,98.8,0.077,50,30,48.18,91.52
7.01,0,0,0,22.22,44.8,444.1,143,29.7,98.3,0.11,50,30,48.18,90.6
7.02,0,0,0,22.16,44.75,440.5,148.1,30.3,98.3,0.077,50,30,48.18,90.99
7.02,0,0,0.006,22.1,44.76,442.4,151.3,31.4,97.3,0.05,50,30,48.18,91.2
7.02,0,0,0.021,22.06,44.86,440,153.5,30.7,99.7,0.029,50,30,48.18,91.69
7.02,0,0,0.027,22.11,44.38,444.7,161.3,29,99.7,0.055,50,30,48.18,91.55
7.03,0,0,0.043,21.88,44.14,442.6,151.6,30.6,99.4,-0.061,50,30,48.18,91.09
7.03,0,0,0.057,21.68,44.28,444.2,144.9,29,99.6,-0.158,50,30,48.18,90.24
7.03,0,0,0.034,21.68,44.24,443.7,142.5,31.1,98.8,-0.159,50,30,48.18,90.06
7.04,0,0,0.005,21.91,44.58,445.4,149.2,30.1,100,-0.046,50,30,48.18,91.36
7.04,0,0,0,21.76,44.31,443.3,158,29.7,99.5,-0.116,50,30,48.18,90.94
7.04,0,0,0,21.7,44.4,444.3,138.9,30.8,99.4,-0.146,50,30,48.18,90.17
7.05,0,0,0,21.68,43.99,439.2,144.9,28.9,100,-0.158,50,30,48.18,90.17
7.05,0,0,0.009,21.71,44.33,440.1,148.9,29.2,100,-0.142,50,30,48.18,90.54
7.06,0,0,0,21.79,44.48,435.4,154.6,29.7,100,-0.105,50,30,48.18,91.04
7.06,0,0,0.02,21.87,43.58,434.4,154.9,29.7,100,-0.065,50,30,48.18,91.01
7.06,0,0,0.024,21.7,43.28,437.4,149.7,31.2,100,-0.146,50,30,48.18,90.14
7.07,0,0,0,21.8,43.39,439.2,155.4,30.2,98.8,-0.098,50,30,48.18,90.59
7.07,0,0,0.018,21.9,43.24,438.4,485,30.7,98.9,-0.049,100,100,100,96.14
7.08,0,0,0,21.76,42.65,442.8,146.3,30.7,97.9,-0.117,50,30,48.18,89.81
7.08,0,0,0.007,21.8,42.92,442.7,172.3,28.5,97.4,-0.099,50,30,48.18,90.77
7.09,0,0,0.005,21.85,43.36,440.9,143.8,29.4,96.9,-0.076,50,30,48.18,90.2
7.09,0,0,0.023,21.8,43.1,441.1,166.1,31.2,95.7,-0.099,50,30,48.18,90.48
7.1,0,0,0.002,21.77,43.11,438.5,4.4,29.7,94.7,-0.115,0,0,0,81.35
7.1,0,0,0.024,21.91,43.15,436.8,510.4,30.9,95.9,-0.042,100,100,100,95.6
7.11,0,0,0.039,21.72,43.16,435.2,152.6,30.6,98,-0.138,50,30,48.18,90.03
7.12,0,0,0.009,21.72,43.57,435.2,159.9,30.2,99.2,-0.137,50,30,48.18,90.54
7.12,0,0,0.031,21.74,43.51,434.1,157.3,32.2,98.3,-0.128,50,30,48.18,90.42
7.13,0,0,0.034,21.86,43.48,430.2,144.8,29.5,97.6,-0.069,50,30,48.18,90.4
7.13,0,0,0.034,21.67,43.85,431.4,143.8,30.4,100,-0.161,50,30,48.18,90.06
7.14,0,0,0.04,21.44,43.92,427.1,158.9,29,98.1,-0.279,50,30,48.18,89.46
7.15,0,0,0.03,21.47,43.85,428.1,147.7,32.4,98.5,-0.263,50,30,48.18,89.25
7.15,0,0,0.042,21.46,43.76,427.1,128.2,28.7,98.2,-0.267,50,30,48.18,88.58
7.16,0,0,0.058,21.57,44.15,425.6,155.1,30.4,98.8,-0.215,50,30,48.18,89.99
7.17,0,0,0.04,21.54,44.29,426.9,133.4,31.1,99.2,-0.229,50,30,48.18,89.32
7.17,0,0,0.054,21.42,44.37,425.2,172.5,29.2,100,-0.286,50,30,48.18,90.17
7.18,0,0,0.054,21.28,44.54,426.1,146.4,29.8,100,-0.357,50,30,48.18,88.93
7.19,0,0,0.028,21.44,45.16,424.5,140.6,29.7,100,-0.278,50,30,48.18,89.58
7.2,0,0,0.034,21.4,45.42,426.6,153.3,29.8,100,-0.296,50,30,48.18,89.92
7.21,0,0,0.021,21.38,45.2,423.8,150,31.7,99.5,-0.307,50,30,48.18,89.61
7.21,0,0,0.015,21.57,45.44,427.9,149.4,30.8,100,-0.213,50,30,48.18,90.43
7.22,0,0,0,21.58,44.92,429.4,145.7,28.9,100,-0.209,50,30,48.18,90.16
7.23,0,0,0.023,21.53,45.37,430.5,137.4,29.5,100,-0.235,50,30,48.18,89.88
7.24,0,0,0,21.5,45.18,431.6,162,31,99.2,-0.249,50,30,48.18,90.36
7.25,0,0,0,21.78,45.35,432.4,137.6,30.7,97.7,-0.107,50,30,48.18,90.61
7.25,0,0,0,21.88,45.34,434.1,153.5,30.8,97.1,-0.06,50,30,48.18,91.38
7.26,0,0,0.02,21.85,44.85,436.9,141.8,29.8,97.5,-0.075,50,30,48.18,90.76
7.27,0,0,0.005,21.89,44.65,438.3,147.8,27.9,98,-0.052,50,30,48.18,91.1
7.28,0,0,0.013,21.8,44.42,440.1,143.1,29.5,98.9,-0.101,50,30,48.18,90.59
7.29,0,0,0.032,21.98,44.44,441.7,164.4,30.3,98.7,-0.011,50,30,48.18,91.9
7.3,0,0,0.017,21.85,44.43,444.2,133.6,31.6,99.7,-0.075,50,30,48.18,90.58
7.31,0,0,0.008,22.07,45.01,443.7,167.1,30.8,98.9,0.035,50,30,48.18,92.02
7.32,0,0,0.017,22.1,44.97,442,494.3,30.2,100,0.05,100,100,100,96.8
7.33,0,0,0.034,22,44.4,445.5,145.7,30.5,99.8,0,50,30,48.18,91.51
7.34,0,0,0.016,22,43.97,443.5,150.2,32.8,99.1,0.001,50,30,48.18,91.4
7.35,0,0,0,21.97,43.66,443.9,152.7,29.8,98.9,-0.013,50,30,48.18,91.26
7.36,0,0,0,21.8,43.6,440.9,150.2,29.5,99.5,-0.099,50,30,48.18,90.57
7.37,0,0,0.015,21.72,43.83,439.1,173.4,30.5,99.6,-0.136,50,30,48.18,91.09
7.38,0,0,0.004,21.73,43.89,437.8,149,30.4,100,-0.133,50,30,48.18,90.44
7.39,0,0,0,21.86,44.14,436,143.7,31.2,100,-0.071,50,30,48.18,90.84
7.4,0,0,0.005,22,44.39,436.5,151.9,29,99.3,0.002,50,30,48.18,91.62
7.41,0,0,0.011,21.95,44.09,434.1,137.4,28.9,100,-0.027,50,30,48.18,90.97
7.42,0,0,0.025,22.05,44.16,435.3,152,29,100,0.026,50,30,48.18,91.43
7.44,0,0,0.003,22.14,44.33,435.4,139.1,28.9,98.9,0.07,50,30,48.18,90.68
7.45,0,0,0.02,22.14,44.37,437.3,151.9,28.7,99.9,0.067,50,30,48.18,91.2
7.46,0,0,0.041,21.94,44.39,436.6,483.9,28.4,99.9,-0.03,100,100,100,96.82
7.47,0,0,0.015,21.98,44.58,434.6,141.5,30.5,98.5,-0.008,50,30,48.18,91.26
7.48,0,0,0.028,21.8,44.53,435.7,138,31.5,98.8,-0.097,50,30,48.18,90.5
7.49,0,0,0,21.68,44.23,435.1,144.6,32,98.9,-0.159,50,30,48.18,90.13
7.51,0,0,0,21.9,44.13,438.9,161.7,30.2,100,-0.048,50,30,48.18,91.54
7.52,0,0,0.002,22.12,43.81,436.6,155.6,30.2,99.6,0.06,50,30,48.18,91.12
7.53,0,0,0,22.06,43.52,436.4,141,31,100,0.029,50,30,48.18,90.85
7.54,0,0,0.021,22.07,43.08,435.9,167.5,29.1,100,0.035,50,30,48.18,91.42
7.56,0,0,0.033,21.82,43.68,431.1,148.2,29.4,100,-0.09,50,30,48.18,90.66
7.57,0,0,0.033,21.97,43.77,428.3,141.9,30.2,100,-0.016,50,30,48.18,91.06
7.58,0,0,0.02,22.05,43.95,424.5,150.6,30.4,100,0.025,50,30,48.18,91.32
7.6,0,0,0.028,22.01,44.3,422.9,132.3,30,100,0.006,50,30,48.18,91.05
7.61,0,0,0.044,21.88,44.4,420.4,154.7,29.2,100,-0.061,50,30,48.18,91.34
7.62,0,0,0.05,21.89,44.06,418.9,137.9,29.2,99.5,-0.053,50,30,48.18,90.72
7.64,0,0,0.035,21.71,44.21,418.2,165.7,30.2,99.1,-0.144,50,30,48.18,90.9
7.65,0,0,0.021,21.89,44.19,416.3,155.7,28.8,100,-0.055,50,30,48.18,91.34
7.66,0,0,0.026,21.86,43.93,418.6,509.8,31.4,100,-0.071,100,100,100,96.1
7.68,0,0,0.019,21.93,44.44,415,153.7,30.7,98.9,-0.037,50,30,48.18,91.4
7.69,0,0,0.01,21.84,44.28,415.2,144.6,28.7,97.5,-0.08,50,30,48.18,90.6
7.71,0,0,0.013,21.78,44.45,413.7,494.7,29.9,97.6,-0.111,100,100,100,95.91
7.72,0,0,0.012,21.79,44.02,418.1,152,29.9,97.9,-0.103,50,30,48.18,90.59
7.73,0,0,0,21.93,44.6,420,145,28.9,100,-0.033,50,30,48.18,91.34
7.75,0,0,0.009,22.09,44.78,421.8,139,29.7,100,0.043,50,30,48.18,91.15
7.76,0,0,0,22.02,44.77,422.4,153.2,29.5,100,0.007,50,30,48.18,91.84
7.78,0,0,0,21.98,44.9,426.8,158.8,29.3,100,-0.008,50,30,48.18,92.05
7.79,0,0,0,21.94,44.76,427,141.7,30.6,100,-0.032,50,30,48.18,91.31
7.81,0,0,0,21.95,45.28,426.5,137.1,29.7,99.3,-0.025,50,30,48.18,91.34
7.83,0,0,0.02,21.79,45.05,424.8,165.6,30.5,100,-0.105,50,30,48.18,91.59
7.84,0,0,0.007,21.76,45.07,423.6,488.8,30.2,100,-0.12,100,100,100,96.37
7.86,0,0,0,21.88,45.49,428.3,143.8,29.8,100,-0.061,50,30,48.18,91.43
7.87,0,0,0,21.97,45.91,426.6,155.8,30.7,98.9,-0.017,50,30,48.18,92.16
7.89,0,0,0,22.03,45.85,428.3,162.3,28.4,96.8,0.017,50,30,48.18,92.12
7.9,0,0,0,21.99,45.91,429.5,161,29.4,96.1,-0.007,50,30,48.18,92.12
7.92,0,0,0.022,21.9,45.71,428.5,147.5,29.9,96.3,-0.05,50,30,48.18,91.33
7.94,0,0,0.037,21.83,45.96,430.4,156.5,31.1,97.4,-0.085,50,30,48.18,91.55
7.95,0,0,0.023,21.88,45.81,433.6,494.4,29.6,97.7,-0.061,100,100,100,96.79
7.97,0,0,0.03,21.9,45.47,432.4,147.2,28.8,97.2,-0.051,50,30,48.18,91.31
7.99,0,0,0.001,22,45.65,429,149.3,30.1,97.4,-0.001,50,30,48.18,91.83
8,0,0,0.019,22.04,45.86,430.9,156.1,31.5,98.4,0.019,50,30,48.18,92.09
8.02,0,0,0,22.09,45.76,431,158.1,29,99.4,0.043,50,30,48.18,92.03
8.04,0,0,0,21.98,45.78,429.6,165.3,30.6,99.6,-0.012,50,30,48.18,92.51
8.05,0,0,0.01,22.12,45.37,430.6,151.8,32.5,99.2,0.057,50,30,48.18,91.56
8.07,0,0,0.014,22.12,45.34,429.4,138.6,29.9,98.9,0.06,50,30,48.18,91.11
8.09,0,0,0,22.22,44.93,428,139.2,31.2,98.8,0.106,50,30,48.18,90.62
8.11,0,0,0.005,22.11,44.96,429.9,149.8,27.9,97.8,0.055,50,30,48.18,91.23
8.12,0,0,0,22.04,44.83,431.1,148.2,29.2,97.1,0.021,50,30,48.18,91.32
8.14,0,0,0.022,22.01,44.77,431.6,156.8,31.1,96.6,0.004,50,30,48.18,91.64
8.16,0,0,0.016,21.89,44.93,427.7,147,31.2,97.1,-0.056,50,30,48.18,91.06
8.18,0,0,0.033,21.9,44.89,425.3,147.6,31.5,97.1,-0.051,50,30,48.18,91.1
8.2,0,0,0.033,21.72,45,427.1,153.9,29.6,98,-0.139,50,30,48.18,90.75
8.22,0,0,0.01,21.76,45.01,430.3,149.1,28,98.1,-0.118,50,30,48.18,90.79
8.23,0,0,0,21.9,45.36,425.9,136.3,29.2,97,-0.048,50,30,48.18,90.95
8.25,0,0,0,22.33,45.28,426.7,144.3,29.2,97.1,0.166,50,30,48.18,90.29
8.27,0,0,0,22.34,45.07,423.7,135.8,30.5,98,0.166,50,30,48.18,90.04
8.29,0,0,0.019,22.38,44.91,424.3,160.6,32.7,98.5,0.191,50,30,48.18,90.59
8.31,0,0,0,22.29,45.45,425.5,152.2,28.8,95.6,0.144,50,30,48.18,90.6
8.33,0,0,0.012,22.1,45.17,423.4,502.4,31.7,97.2,0.049,100,100,100,96.51
8.35,0,0,0.026,21.99,44.98,426.7,140.2,29.3,99,-0.007,50,30,48.18,91.43
8.37,0,0,0.046,21.97,45.44,425.6,145.4,30.5,98.8,-0.013,50,30,48.18,91.69
8.39,0,0,0.018,21.96,45.22,423,148.3,29.8,99.1,-0.019,50,30,48.18,91.68
8.41,0,0,0.034,21.83,45.77,422.5,149.3,32.7,100,-0.084,50,30,48.18,91.52
8.43,0,0,0.03,21.75,45.53,420.7,147,29.5,99.4,-0.123,50,30,48.18,91.01
8.45,0,0,0.02,21.83,45.76,422.5,146.7,28.8,99.3,-0.085,50,30,48.18,91.36
8.47,0,0,0.036,21.83,45.26,423.7,134.5,32.8,99.8,-0.086,50,30,48.18,90.85
8.49,0,0,0.052,21.69,45.33,423,158.1,31,98.1,-0.152,50,30,48.18,90.93
8.51,0,0,0.019,21.64,44.94,424.9,147.6,27.8,98,-0.178,50,30,48.18,90.26
8.53,0,0,0.024,21.61,45.16,426.3,154.9,30.3,98.3,-0.195,50,30,48.18,90.45
8.55,0,0,0.009,21.55,45.09,423.7,147.1,30.3,97.8,-0.221,50,30,48.18,89.95
8.57,0,0,0.011,21.48,45.11,421.9,135.3,30,99.1,-0.257,50,30,48.18,89.47
8.59,0,0,0.011,21.58,45.07,419.8,484.5,29.3,98.9,-0.206,100,100,100,95.66
8.61,0,0,0.03,21.61,45.4,421.9,156.3,31.1,99.6,-0.194,50,30,48.18,90.73
8.63,0,0,0.038,21.67,45.32,419.9,153.7,31.4,100,-0.163,50,30,48.18,90.9
8.65,0,0,0.027,21.61,45.33,418.6,175.1,30.4,100,-0.192,50,30,48.18,91.32
8.67,0,0,0.04,21.75,45.44,417.2,164.5,29.3,99.5,-0.124,50,30,48.18,91.51
8.7,0,0,0.03,21.84,44.94,416.3,151.8,30.7,100,-0.079,50,30,48.18,91.33
8.72,0,0,0.021,21.85,44.66,417.4,145.3,32,99.2,-0.077,50,30,48.18,90.96
8.74,0,0,0.007,21.77,44.63,418.5,169.9,30.4,98.5,-0.111,50,30,48.18,91.36
8.76,0,0,0,21.77,44.76,420.5,150.8,27.8,100,-0.113,50,30,48.18,90.97
8.78,0,0,0,21.71,44.53,420.6,165.9,30.8,100,-0.141,50,30,48.18,91.13
8.8,0,0,0.009,21.78,44.78,418.8,157,29.5,99.5,-0.107,50,30,48.18,91.16
8.83,0,0,0.024,21.82,44.69,417.6,147,31.1,98.3,-0.091,50,30,48.18,90.82
8.85,0,0,0.025,21.68,44.72,417.4,168.4,28.5,99.5,-0.158,50,30,48.18,91.09
8.87,0,0,0.017,21.78,44.66,418.6,148.6,30.5,99.9,-0.111,50,30,48.18,90.87
8.89,0,0,0.019,21.81,45.23,418.7,149.1,30.4,100,-0.095,50,30,48.18,91.23
8.92,0,0,0,21.85,45.97,417.2,142.9,29,99.2,-0.074,50,30,48.18,91.41
8.94,0,0,0.009,21.81,45.76,417.4,156,29.6,99,-0.093,50,30,48.18,91.55
8.96,0,0,0,21.83,45.59,420,144.3,28.5,98.5,-0.082,50,30,48.18,91.17
8.99,0,0,0.009,21.94,45.37,421.5,155,27.2,99.6,-0.031,50,30,48.18,91.9
9.01,0,0,0.032,21.99,45.5,420,128.9,30,99.8,-0.006,50,30,48.18,91.38
9.03,0,0,0.041,22,45.32,423.1,156.3,29.4,100,-0.001,50,30,48.18,92.19
9.05,0,0,0.038,22.11,44.95,421.5,162,30.5,100,0.056,50,30,48.18,91.81
9.08,0,0,0.013,22.01,45.16,422.5,148.1,29.1,99.1,0.006,50,30,48.18,91.76
9.1,0,0,0,22.09,45.75,419.9,149.2,29.9,99.4,0.047,50,30,48.18,91.73
9.13,0,0,0,22.18,45.85,421.7,163.3,31.1,100,0.087,50,30,48.18,91.95
9.15,0,0,0,22.26,45.48,419.6,153.9,28.6,100,0.127,50,30,48.18,91.23
9.17,0,0,0,22.39,45.28,420.2,140.8,31,100,0.192,50,30,48.18,90.27
9.2,0,0,0,22.46,45.26,421,4.2,30.1,99.5,0.229,0,0,0,81.76
9.22,0,0,0.01,22.26,45.39,422.3,150.2,30.3,99.8,0.127,50,30,48.18,91.07
9.25,0,0,0.01,22.17,45.42,419.9,145.3,28.7,98.6,0.086,50,30,48.18,91.12
9.27,0,0,0.023,22.19,45.3,421.3,164.4,30,98.3,0.096,50,30,48.18,91.54
9.29,0,0,0.041,22.15,45.39,423,148.6,29.7,97.9,0.076,50,30,48.18,91.21
9.32,0,0,0.053,21.9,45.07,421.2,149,28.7,99.2,-0.052,50,30,48.18,91.41
9.34,0,0,0.069,21.74,45.15,425,146.7,28.9,97.7,-0.13,50,30,48.18,90.63
9.37,0,0,0.04,21.93,45.16,424.8,158.2,28.8,99.6,-0.035,50,30,48.18,91.88
9.39,0,0,0.05,21.99,45.1,422.7,151.7,30.1,99.5,-0.005,50,30,48.18,91.89
9.42,0,0,0.063,21.77,44.68,420.4,0,27.9,99.1,-0.116,0,0,0,82.04
9.44,0,0,0.062,21.77,44.34,418.8,140.3,29.3,98.6,-0.114,50,30,48.18,90.35
9.47,0,0,0.062,21.66,44.63,417.7,4,30.9,98.9,-0.17,0,0,0,81.9
9.49,0,0,0.049,21.55,44.72,415.1,160.3,31.6,97.9,-0.221,50,30,48.18,90.22
9.52,0,0,0.028,21.72,44.71,413.7,168.6,31,99.3,-0.137,50,30,48.18,91.23
9.54,0,0,0,21.78,44.58,411.9,147.6,28.5,99.8,-0.107,50,30,48.18,90.83
9.57,0,0,0,21.78,44.32,412.7,173,29.9,99.5,-0.109,50,30,48.18,91.45
9.6,0,0,0,21.92,44.41,415.1,140.2,31.3,97.9,-0.037,50,30,48.18,90.87
9.62,0,0,0.019,22.02,44.6,416.1,144.3,30.5,97.6,0.011,50,30,48.18,91.25
9.65,0,0,0.015,22.19,44.77,415.2,156.1,31.6,95.6,0.093,50,30,48.18,90.85
9.67,0,0,0.009,22.14,45.08,415.2,129.1,29.5,97,0.069,50,30,48.18,90.47
9.7,0,0,0,22.05,45.01,413.8,0,30.8,94.9,0.024,0,0,0,82.43
9.73,0,0,0.02,21.89,45.07,416.6,153.6,28.7,94.8,-0.052,50,30,48.18,91.11
9.75,0,0,0.035,21.86,45.2,413.6,154.2,31,95.2,-0.068,50,30,48.18,91.09
9.78,0,0,0.027,21.86,45.54,412.8,142,29.3,95,-0.069,50,30,48.18,90.83
9.8,0,0,0.043,21.93,45.6,411.3,0,30.5,94.9,-0.034,0,0,0,82.59
9.83,0,0,0.03,21.92,44.92,410.2,147.1,29.8,95.3,-0.041,50,30,48.18,90.99
9.86,0,0,0.043,21.88,45.43,409.7,165.8,29.8,94.3,-0.058,50,30,48.18,91.52
9.88,0,0,0.014,21.92,46.13,410.8,144.6,29.7,94.5,-0.041,50,30,48.18,91.29
9.91,0,0,0.033,21.89,46.48,411.7,146.4,31.3,92.9,-0.055,50,30,48.18,91.21
9.94,0,0,0.039,21.78,46.43,414.2,152.9,28.8,92.5,-0.108,50,30,48.18,90.95
9.97,0,0,0.012,21.96,46.24,412.2,161,30.1,92.4,-0.018,50,30,48.18,91.78
9.99,0,0,0.022,21.8,46.59,415.8,507.9,32.8,92.4,-0.1,100,100,100,96.13
10.02,0,0,0.042,21.58,46.14,416.3,152,30.5,93.4,-0.21,50,30,48.18,90.14
10.05,0,0,0.029,21.66,46.17,417.3,144.2,29.9,94,-0.171,50,30,48.18,90.27
10.07,0,0,0.041,21.76,46.14,417.4,150.6,29.6,94.6,-0.12,50,30,48.18,90.89
10.1,0,0,0.02,21.79,45.93,413,135.1,30.4,94.8,-0.106,50,30,48.18,90.47
10.13,0,0,0.025,21.78,45.84,411.7,156.4,30.6,95.8,-0.109,50,30,48.18,91.16
10.16,0,0,0.012,21.8,45.91,411.5,143.6,30.6,94.3,-0.098,50,30,48.18,90.72
10.19,0,0,0.013,21.89,46.25,410.5,155.8,29.4,91.9,-0.054,50,30,48.18,91.31
10.21,0,0,0,21.76,46.06,414.1,514.6,29.4,92.4,-0.121,100,100,100,95.7
10.24,0,0,0.014,21.89,45.96,414.4,148.4,29.4,93.6,-0.057,50,30,48.18,91.13
10.27,0,0,0,21.98,45.47,415.4,152.4,31.5,93.7,-0.011,50,30,48.18,91.42
10.3,0,0,0,22.05,45.42,415.9,150.6,30.1,93.9,0.027,50,30,48.18,91.25
10.33,0,0,0,22.18,45.19,414.2,146.7,29.5,93.8,0.091,50,30,48.18,90.55
10.35,0,0,0,22.26,45.31,415.9,156.5,29.7,94.2,0.13,50,30,48.18,90.64
10.38,0,0,0.002,22.12,45.57,418.4,125.3,30.1,92.4,0.058,50,30,48.18,90.16
10.41,0,0,0.008,22,45.87,419.5,159,29.3,92,0.002,50,30,48.18,91.67
10.44,0,0,0.013,22.1,46.09,417.8,153,30.5,91.6,0.049,50,30,48.18,91.18
10.47,0,0,0.03,22.24,46.2,417,12.9,29.5,91.7,0.118,0,0,0,82.82
10.5,0,0,0.031,22.13,46.42,421.1,144.8,30.6,90.7,0.067,50,30,48.18,90.82
10.53,0,0,0.027,22.12,46.64,425.5,165.4,28.2,91.1,0.062,50,30,48.18,91.61
10.56,0,0,0.026,22.25,47.06,424.4,155.5,30.6,92,0.127,50,30,48.18,91.07
10.58,0,0,0.03,21.82,47.2,422.2,170.3,30.2,91.5,-0.089,50,30,48.18,91.79
10.61,0,0,0.019,21.79,46.94,422.9,157.6,31.7,91.7,-0.103,50,30,48.18,91.23
10.64,0,0,0.022,21.69,47.17,425.8,161.4,30.1,92.2,-0.152,50,30,48.18,91.11
10.67,0,0,0.027,21.87,47.25,425.7,149.8,31,94.5,-0.065,50,30,48.18,91.68
10.7,0,0,0.025,21.92,47.04,426,138.8,28.4,94.5,-0.04,50,30,48.18,91.47
10.73,0,0,0.034,21.85,46.26,426.2,0,30.4,94.2,-0.074,0,0,0,82.46
10.76,0,0,0.017,21.89,46.31,424.3,134,30,94,-0.053,50,30,48.18,90.89
10.79,0,0,0.034,21.92,46.44,430.7,147.1,31.2,95,-0.04,50,30,48.18,91.53
10.82,0,0,0.044,21.89,46.25,429.2,154.4,29.5,95.3,-0.054,50,30,48.18,91.61
10.85,0,0,0.047,21.82,46.29,429.6,145.2,29.5,96.3,-0.089,50,30,48.18,91.19
10.88,0,0,0.054,21.82,45.93,430.4,118.8,31.8,96,-0.088,50,30,48.18,90.24
10.91,0,0,0.056,21.73,46.1,428.8,179.1,29.6,95,-0.134,50,30,48.18,91.66
10.94,0,0,0.024,21.69,45.83,429.5,132.2,29.4,94.4,-0.154,50,30,48.18,89.95
10.97,0,0,0.019,21.86,46.19,431.2,146.7,30.1,94.3,-0.068,50,30,48.18,91.15
11,0,0,0.04,21.96,45.63,429,156.9,29.2,95.4,-0.019,50,30,48.18,91.73
11.03,0,0,0.054,21.83,45.75,427.2,139.7,29.4,95.7,-0.082,50,30,48.18,90.81
11.06,0,0,0.021,21.8,46.5,431.8,137.2,29.4,96.2,-0.097,50,30,48.18,90.96
11.09,0,0,0.009,21.69,46.26,431.3,0,30.3,96.6,-0.156,0,0,0,82.1
11.12,0,0,0.022,21.81,46.28,429.9,146.1,28.7,97.8,-0.096,50,30,48.18,91.31
11.15,0,0,0.005,21.72,45.8,431.3,143.3,29.6,98.6,-0.138,50,30,48.18,90.8
11.18,0,0,0,21.69,45.74,431.5,149.4,30.7,98.8,-0.156,50,30,48.18,90.85
11.21,0,0,0.016,21.88,45.78,431.9,131.8,30.2,98.4,-0.057,50,30,48.18,91.04
11.24,0,0,0,21.98,45.78,431.7,492.9,30.4,100,-0.011,100,100,100,97.4
11.28,0,0,0,21.88,45.89,431.2,149.8,29,99.9,-0.061,50,30,48.18,91.74
11.31,0,0,0.011,21.97,45.39,432.3,157.8,30.6,98.7,-0.014,50,30,48.18,92.03
11.34,0,0,0.012,21.98,45.3,434.7,147.9,30.2,100,-0.012,50,30,48.18,91.84
11.37,0,0,0.014,22.06,45.45,433.9,147.9,30.6,100,0.032,50,30,48.18,91.75
11.4,0,0,0.002,22.03,45.25,430.1,133.1,29.8,100,0.015,50,30,48.18,91.36
11.43,0,0,0.023,22.01,45.37,431.6,159.5,30.9,100,0.004,50,30,48.18,92.28
11.46,0,0,0,21.98,45.32,432,155.4,29.4,100,-0.009,50,30,48.18,92.1
11.49,0,0,0.009,21.97,45.3,432.9,156.1,28.2,99.4,-0.016,50,30,48.18,92
11.52,0,0,0,22.06,45.65,430.3,136,30.6,99.3,0.029,50,30,48.18,91.41
11.56,0,0,0.024,22.11,45.4,430.1,13.1,29.8,98.7,0.053,0,0,0,83.73
11.59,0,0,0.03,21.88,45.34,427.7,156.2,29.7,98.1,-0.06,50,30,48.18,91.56
11.62,0,0,0.048,21.83,45.74,426.5,156.4,28.9,99.6,-0.085,50,30,48.18,91.68
11.65,0,0,0.036,21.72,46.26,425.6,158.3,30.9,100,-0.139,50,30,48.18,91.56
11.68,0,0,0.047,21.76,46.32,427.8,169.7,30.3,99.7,-0.117,50,30,48.18,92.07
11.71,0,0,0.03,21.65,46.78,427.7,137.3,28.7,100,-0.173,50,30,48.18,90.87
11.75,0,0,0.006,21.67,46.78,427.5,148.1,30.2,97,-0.166,50,30,48.18,90.96
11.78,0,0,0.008,21.62,46.76,425.2,160.9,32.1,96.3,-0.188,50,30,48.18,91.09
11.81,0,0,0,21.76,46.42,426.1,143.8,28.8,96.1,-0.12,50,30,48.18,90.94
11.84,0,0,0,21.77,46.74,426.8,153.2,30.9,93.8,-0.116,50,30,48.18,91.14
11.87,0,0,0.006,21.78,46.47,430.2,153.4,30.3,91.1,-0.107,50,30,48.18,90.84
11.91,0,0,0.018,21.77,45.97,423.7,148.5,28.4,91.8,-0.113,50,30,48.18,90.53
11.94,0,0,0.018,21.73,45.86,424.2,176.2,29.9,90.1,-0.133,50,30,48.18,91
11.97,0,0,0.029,21.75,45.16,423.6,140,30.8,89.9,-0.122,50,30,48.18,89.72
12,0,0,0.038,21.86,44.58,422.4,160,29.3,88.9,-0.069,50,30,48.18,90.4
12.04,0,0,0.012,21.83,44.53,420.5,134.9,29.3,89.6,-0.083,50,30,48.18,89.59
12.07,0,0,0.011,21.78,44.73,417.2,136.1,30.4,90.3,-0.11,50,30,48.18,89.57
12.1,0,0,0.009,21.66,44.58,414.6,141.4,30.9,89.5,-0.17,50,30,48.18,89.15
12.13,0,0,0.016,21.69,45.1,417.7,499.1,30.6,90.6,-0.152,100,100,100,95.1
12.17,0,0,0.021,21.78,45.15,418.1,136.1,30.2,91.4,-0.107,50,30,48.18,89.86
12.2,0,0,0.041,21.75,45.2,416.9,147.6,29.1,92.9,-0.124,50,30,48.18,90.25
12.23,0,0,0.01,21.87,45.01,414.9,162.5,31.3,92.5,-0.065,50,30,48.18,91.03
12.26,0,0,0.001,21.77,45.09,412.8,151.8,29.2,93.6,-0.113,50,30,48.18,90.49
12.3,0,0,0.01,21.72,45.28,414.2,159.7,31,94.4,-0.14,50,30,48.18,90.67
12.33,0,0,0,21.73,45.16,415.4,172.9,28.6,96,-0.134,50,30,48.18,91.22
12.36,0,0,0.016,21.69,45.17,416,149.8,31.5,96.5,-0.153,50,30,48.18,90.44
12.4,0,0,0.019,21.85,44.95,415.2,162.1,31.1,97.4,-0.072,50,30,48.18,91.43
12.43,0,0,0.038,21.79,45.32,414.6,164.7,30.4,97.9,-0.105,50,30,48.18,91.44
12.46,0,0,0.034,21.5,45.44,412.7,0,29.3,96.8,-0.246,0,0,0,81.12
12.49,0,0,0.008,21.66,45.81,413.4,151.6,29.7,95.6,-0.169,50,30,48.18,90.53
12.53,0,0,0.008,21.75,45.89,413.9,167.2,31,96.2,-0.123,50,30,48.18,91.43
12.56,0,0,0,21.75,45.51,410.3,151.3,28.5,95.7,-0.125,50,30,48.18,90.75
12.59,0,0,0,21.89,45.4,407.4,148,31,94.8,-0.054,50,30,48.18,91.05
12.63,0,0,0.018,21.92,45.56,404.7,146.7,29.7,94.4,-0.039,50,30,48.18,91.14
12.66,0,0,0,21.96,45.46,403.6,150.7,31,96.2,-0.019,50,30,48.18,91.56
12.69,0,0,0,22.07,45.35,402.7,145.4,28,96,0.035,50,30,48.18,91.21
12.73,0,0,0,22.05,45.56,404.6,133.4,29.8,95.9,0.025,50,30,48.18,91
12.76,0,0,0.02,21.98,45.94,409.2,172.5,29.4,96.1,-0.012,50,30,48.18,92.43
12.79,0,0,0.009,21.89,46.06,413.1,145,32.6,96.3,-0.055,50,30,48.18,91.35
12.83,0,0,0.019,21.96,45.7,414.1,150.5,29.4,95.9,-0.017,50,30,48.18,91.62
12.86,0,0,0.003,21.99,45.67,412.7,146.3,31.6,94.4,-0.006,50,30,48.18,91.43
12.9,0,0,0.02,21.91,45.92,410.7,138.2,30.4,96.1,-0.045,50,30,48.18,91.15
12.93,0,0,0,21.98,45.59,412.5,141.8,31.3,97.5,-0.008,50,30,48.18,91.55
12.96,0,0,0,21.96,45.67,411.6,139.2,31.6,99.4,-0.022,50,30,48.18,91.58
13,0,0,0.01,21.85,45.4,410,168.5,31,99.3,-0.074,50,30,48.18,91.96
13.03,0,0,0.021,21.87,45.34,408.6,3.6,31.2,99.4,-0.064,0,0,0,82.99
13.06,0,0,0.017,21.93,45.33,406.4,14,30.2,99.3,-0.035,0,0,0,83.96
13.1,0,0,0.001,22.1,45.75,403.9,168.1,30,98.2,0.05,50,30,48.18,92.16
13.13,0,0,0.011,22.08,45.9,402.7,148.3,30.7,99.4,0.039,50,30,48.18,91.81
13.17,0,0,0.031,22.02,45.71,405.7,139.9,30,100,0.01,50,30,48.18,91.77
13.2,0,0,0.037,21.96,45.57,410.8,163.2,30.7,100,-0.02,50,30,48.18,92.34
13.23,0,0,0.035,21.93,46,411.3,152.5,29.1,100,-0.034,50,30,48.18,92.08
13.27,0,0,0.025,21.78,46.24,410,152.4,31.3,100,-0.108,50,30,48.18,91.61
13.3,0,0,0.026,21.77,46.04,409.7,153.1,31.6,99.8,-0.112,50,30,48.18,91.5
13.34,0,0,0.032,21.66,45.83,408.5,148.6,29.2,99.9,-0.17,50,30,48.18,90.87
13.37,0,0,0.02,21.77,45.93,407.4,144.6,29.2,100,-0.112,50,30,48.18,91.23
13.41,0,0,0.005,21.92,46.2,410.6,155,30.2,100,-0.042,50,30,48.18,92.16
13.44,0,0,0.001,21.93,46.36,409.7,143.3,30.1,100,-0.036,50,30,48.18,91.92
13.47,0,0,0.016,21.9,46.48,407,164.7,30.6,100,-0.049,50,30,48.18,92.51
13.51,0,0,0.039,21.87,46.64,405.8,149.4,31.1,100,-0.065,50,30,48.18,91.99
13.54,0,0,0.042,21.91,46.56,405.7,155.4,30.5,98.8,-0.044,50,30,48.18,92.19
13.58,0,0,0.048,22.01,46.67,403.8,499.6,29.3,100,0.004,100,100,100,97.72
13.61,0,0,0.022,21.97,46.82,405.4,139.2,30.9,98.5,-0.013,50,30,48.18,91.99
13.65,0,0,0.019,21.86,46.57,404.7,149.4,30.4,98.2,-0.072,50,30,48.18,91.74
13.68,0,0,0.038,21.82,46.83,406.6,137,30.4,98.6,-0.089,50,30,48.18,91.37
13.71,0,0,0.047,21.91,46.87,407,0,29.4,99.7,-0.047,0,0,0,83.44
13.75,0,0,0.036,21.93,46.8,408.8,136.3,30.5,100,-0.035,50,30,48.18,91.88
13.78,0,0,0.035,21.88,46.07,407.2,145.9,31.1,100,-0.061,50,30,48.18,91.7
13.82,0,0,0.047,21.87,45.76,407.4,148.5,30,99.4,-0.063,50,30,48.18,91.59
13.85,0,0,0.054,21.76,45.93,407.2,161,30,100,-0.121,50,30,48.18,91.65
13.89,0,0,0.073,21.6,46.35,407.3,13.9,30.6,100,-0.197,0,0,0,83.19
13.92,0,0,0.089,21.7,46.17,407.4,160.8,29.1,99.8,-0.15,50,30,48.18,91.5
13.96,0,0,0.084,21.71,46.2,409.2,143.5,31.5,100,-0.143,50,30,48.18,91.06
13.99,0,0,0.088,21.96,45.76,408.1,139.5,29.4,100,-0.019,50,30,48.18,91.71
14.03,0,0,0.058,22.09,45.32,408.1,143.1,30.5,97.6,0.043,50,30,48.18,91.24
14.06,0,0,0.076,22.02,45.56,407.7,152.2,28,99.8,0.009,50,30,48.18,92.07
14.09,0,0,0.073,21.88,45.69,407.9,154.2,31.5,98.3,-0.061,50,30,48.18,91.64
14.13,0,0,0.057,21.74,45.75,409,165.6,30.7,96.8,-0.129,50,30,48.18,91.34
14.16,0,0,0.068,21.69,45.7,411.2,158.2,31.4,97.2,-0.151,50,30,48.18,90.98
14.2,0,0,0.071,21.57,45.75,411.6,150.7,30.6,96.9,-0.215,50,30,48.18,90.27
14.23,0,0,0.083,21.64,45.44,410.9,152.9,30.4,98.1,-0.178,50,30,48.18,90.61
14.27,0,0,0.076,21.68,45.08,409.5,0,29.7,98.8,-0.159,0,0,0,81.85
14.3,0,0,0.091,21.76,45.45,411.6,505.1,29.8,97.6,-0.119,100,100,100,96.1
14.34,0,0,0.108,21.89,44.83,409.6,159.6,31.1,98.4,-0.056,50,30,48.18,91.53
14.37,0,0,0.091,21.76,44.98,405.9,135.1,30.7,99.9,-0.118,50,30,48.18,90.53
14.41,0,0,0.094,21.69,44.94,405.6,154.5,29.8,100,-0.153,50,30,48.18,90.85
14.44,0,0,0.081,21.7,44.87,407.7,153.9,30.6,100,-0.148,50,30,48.18,90.84
14.48,0,0,0.087,21.56,44.94,408.1,145.8,29.9,100,-0.216,50,30,48.18,90.11
14.51,0,0,0.077,21.56,44.71,406.2,149.8,28.5,100,-0.217,50,30,48.18,90.14
14.55,0,0,0.069,21.66,44.44,408.7,179.4,29,100,-0.17,50,30,48.18,91.28
14.58,0,0,0.09,21.55,44.4,410.7,0.6,28.8,99.1,-0.222,0,0,0,81.2
14.62,0,0,0.091,21.63,43.98,410.1,150.7,30.7,99.4,-0.18,50,30,48.18,90.11
14.65,0,0,0.084,21.62,44.25,411.2,140.5,30.9,99.8,-0.186,50,30,48.18,89.9
14.69,0,0,0.068,21.44,44.09,414,154.1,30.2,100,-0.276,50,30,48.18,89.59
14.72,0,0,0.074,21.4,43.72,413.3,140.5,28.9,100,-0.294,50,30,48.18,88.91
14.76,0,0,0.059,21.69,43.34,413.2,159.2,28.7,100,-0.154,50,30,48.18,90.38
14.79,0,0,0.067,21.61,43.72,411.4,164.1,30.7,99.9,-0.19,50,30,48.18,90.39
14.83,0,0,0.089,21.77,44.13,414.7,160.7,29.3,100,-0.114,50,30,48.18,91.02
14.86,0,0,0.077,21.84,44.19,412.3,151.9,30.9,99,-0.08,50,30,48.18,90.94
14.9,0,0,0.061,22.01,44.52,414.6,157.3,30.6,99.2,0.004,50,30,48.18,91.81
14.93,0,0,0.071,21.76,44.25,414.9,161,29.5,98.2,-0.117,50,30,48.18,90.87
14.97,0,0,0.092,21.7,44.34,413.7,158.5,29.9,99.7,-0.148,50,30,48.18,90.75
15,0,0,0.11,21.73,44.55,413.8,155.4,28.6,100,-0.135,50,30,48.18,90.86
15.03,3.5,0,0.116,21.73,44.78,415.2,3.1,30.2,98.4,-0.133,0,0,0,82.12
15.07,7,0,0.095,21.62,44.61,415.5,165.3,30.5,99.8,-0.186,50,30,48.18,90.78
15.1,10.5,0,0.099,21.41,44.37,416.2,162.6,32.2,99.8,-0.29,50,30,48.18,89.83
15.14,14,0,0.119,21.4,44.28,414.8,2.4,31.1,100,-0.298,0,0,0,80.79
15.17,17.5,0,0.108,21.3,44.2,413.7,153.6,28.8,100,-0.344,50,30,48.18,89.11
15.21,20.9,0,0.12,21.45,44.32,410.5,158.5,31.6,100,-0.273,50,30,48.18,89.83
15.24,24.4,0,0.099,21.6,44.22,410.2,159.6,29.1,99.9,-0.195,50,30,48.18,90.4
15.28,27.9,0,0.075,21.5,44.35,413.3,159.1,30.9,99,-0.25,50,30,48.18,89.94
15.31,31.4,0,0.095,21.58,44.22,412.6,161.5,30.3,98.9,-0.208,50,30,48.18,90.27
15.35,34.9,0,0.071,21.63,44,412.6,13.4,30.1,99.1,-0.185,0,0,0,82.28
15.38,38.4,0,0.087,21.72,43.86,412,156.3,30,100,-0.136,50,30,48.18,90.62
15.42,41.9,0,0.096,21.72,43.89,407.9,144.8,30.7,99.5,-0.138,50,30,48.18,90.23
15.45,45.4,0,0.076,21.73,43.62,410.7,161.5,31,100,-0.132,50,30,48.18,90.72
15.49,48.8,0,0.087,21.86,43.63,412.4,164,30.3,100,-0.068,50,30,48.18,91.28
15.52,52.3,0,0.064,21.61,43.61,411.1,139,31.5,100,-0.194,50,30,48.18,89.58
15.56,55.8,0,0.081,21.43,44,406.9,5.4,30.4,100,-0.28,0,0,0,81.06
15.59,59.3,0,0.095,21.55,44.37,406.5,149.6,30.2,100,-0.224,50,30,48.18,89.96
15.63,62.8,0,0.116,21.58,44,404.1,150.1,28.7,99.2,-0.208,50,30,48.18,89.88
15.66,66.2,0,0.123,21.45,44.11,405.4,141,29.9,100,-0.272,50,30,48.18,89.24
15.7,69.7,0,0.128,21.22,44.67,405.9,2.3,28.8,99.3,-0.388,0,0,0,80.2
15.73,73.2,0,0.1,21.49,44.78,404.7,126.7,30.1,99.4,-0.253,50,30,48.18,89.14
15.77,76.7,0,0.108,21.45,44.4,400.3,156.1,28.5,99.4,-0.272,50,30,48.18,89.74
15.8,80.2,0,0.098,21.52,44.42,403.8,161.3,30.3,99.2,-0.239,50,30,48.18,90.14
15.84,83.6,0,0.099,21.43,44.43,400.1,157.8,31.5,99.7,-0.28,50,30,48.18,89.77
15.87,87.1,0,0.1,21.56,45.07,399.2,167.2,32.2,100,-0.22,50,30,48.18,90.78
15.91,90.6,0,0.093,21.64,45.31,400.5,127.6,31.8,100,-0.177,50,30,48.18,90
15.94,94,0,0.111,21.63,44.82,399.2,162.7,27.8,100,-0.181,50,30,48.18,90.84
15.97,97.5,0,0.087,21.79,44.99,401.5,154.3,30.1,99.9,-0.103,50,30,48.18,91.22
16.01,101,0,0.094,21.86,44.61,402.5,145.9,31.8,100,-0.071,50,30,48.18,91.08
16.04,104.4,0,0.09,21.78,44.45,405.5,149.4,32,100,-0.107,50,30,48.18,90.86
16.08,107.9,0,0.081,21.81,44.49,408.5,164.5,30.8,100,-0.093,50,30,48.18,91.43
16.11,111.3,0,0.064,21.83,44.63,411.9,174.9,30.7,99.5,-0.085,50,30,48.18,91.8
16.15,114.8,0,0.044,21.96,44.57,414.3,144.1,31.4,100,-0.021,50,30,48.18,91.39
16.18,118.2,0,0.031,22.05,44.67,414.5,163.9,31.8,99.3,0.027,50,30,48.18,91.91
16.22,121.7,0,0.023,22.11,44.55,412.7,145.4,31.4,99.9,0.052,50,30,48.18,91.17
16.25,125.1,0,0.03,21.9,44.81,411.2,0,30.3,98.6,-0.05,0,0,0,82.54
16.29,128.6,0,0.033,21.98,45.33,407.3,148.5,27.8,97.8,-0.01,50,30,48.18,91.66
16.32,132,0,0.044,21.87,44.57,407.8,161,31.3,99.9,-0.064,50,30,48.18,91.56
16.35,135.5,0,0.03,21.89,44.64,407.2,501.2,30.2,100,-0.056,100,100,100,96.56
16.39,138.9,0,0.064,21.93,44.73,410.4,160.4,28.2,100,-0.037,50,30,48.18,91.82
16.42,142.4,0,0.071,21.9,44.32,409.9,162.1,31.2,100,-0.049,50,30,48.18,91.63
16.46,145.8,0,0.072,21.93,44.58,412.1,144.9,29.8,99.1,-0.035,50,30,48.18,91.22
16.49,149.2,0,0.066,21.99,44.6,413.8,152.2,29.6,100,-0.003,50,30,48.18,91.78
16.53,152.6,0,0.078,21.89,44.12,411.7,146.8,29,99.7,-0.056,50,30,48.18,91.01
16.56,156.1,0,0.101,21.82,44.43,413.2,160.7,30.9,99,-0.087,50,30,48.18,91.24
16.59,159.5,0,0.11,21.82,44.08,414.5,172.9,30.9,100,-0.087,50,30,48.18,91.57
16.63,162.9,0,0.111,21.48,43.79,412.8,163.7,29.9,100,-0.255,50,30,48.18,89.93
16.66,166.3,0,0.101,21.69,44.18,410.8,151.9,30.4,100,-0.154,50,30,48.18,90.48
16.7,169.7,0,0.122,21.65,43.96,413.6,156.4,30.5,100,-0.173,50,30,48.18,90.39
16.73,173.2,0,0.126,21.54,44.16,415.4,19.8,32.1,100,-0.225,0,0,0,82.6
16.77,176.6,0,0.134,21.5,43.84,419.3,176.9,31.8,99.3,-0.249,50,30,48.18,90.31
16.8,180,0,0.137,21.59,43.58,420.6,159.2,29.4,98.7,-0.204,50,30,48.18,89.96
16.83,183.4,0,0.155,21.52,43.75,419,178.5,28.3,98.7,-0.239,50,30,48.18,90.35
16.87,186.8,0,0.162,21.5,43.94,418.3,151.8,29.8,99,-0.246,50,30,48.18,89.6
16.9,190.1,0,0.166,21.37,44.14,420.8,173.2,30.5,99.1,-0.312,50,30,48.18,89.83
16.94,193.5,0,0.175,21.51,43.9,420.4,171.3,30,99.8,-0.241,50,30,48.18,90.29
16.97,196.9,0,0.183,21.36,43.48,420.3,159.8,29.7,100,-0.314,50,30,48.18,89.25
17,200.3,0,0.178,21.27,43.43,421.8,171.5,29.5,100,-0.359,50,30,48.18,89.24
17.04,203.7,0,0.182,21.35,43.41,421.3,175.9,29.3,98.9,-0.321,50,30,48.18,89.55
17.07,207.1,0,0.183,21.4,43.51,418.6,155.1,30.3,100,-0.296,50,30,48.18,89.26
17.1,210.4,0,0.191,21.43,43.26,418.4,178.7,31.9,98.8,-0.281,50,30,48.18,89.86
17.14,213.8,0,0.171,21.68,43.02,418.2,161.9,29,98.6,-0.156,50,30,48.18,90.19
17.17,217.2,0,0.182,21.4,42.6,418.2,179.7,30.8,100,-0.297,50,30,48.18,89.65
17.21,220.5,0,0.191,21.32,42.74,416.7,168.7,30,100,-0.333,50,30,48.18,89.1
17.24,223.9,0,0.164,21.14,42.5,416.1,172.8,29.9,100,-0.422,50,30,48.18,88.47
17.27,227.2,0,0.174,21.07,42.68,419.6,178.7,28.7,100,-0.458,50,30,48.18,88.44
17.31,230.6,0,0.184,20.84,43,422.4,27,30.3,98.7,-0.571,0,0,0,79.99
17.34,233.9,0,0.195,21.02,43.07,422.7,166.3,30.1,99.4,-0.485,50,30,48.18,87.95
17.37,237.2,1,0.169,21.3,43.29,426.2,186.9,38.4,100,-0.345,50,30,48.18,89.76
17.41,240.6,1,0.171,21.43,42.9,425.6,192.6,40.7,100,-0.28,50,30,48.18,90.07
17.44,243.9,1,0.137,21.54,43.15,430.7,170.6,43.1,99.7,-0.226,50,30,48.18,89.15
17.47,247.2,1,0.126,21.64,43.67,428.8,172.3,41.1,100,-0.176,50,30,48.18,90.42
17.51,250.5,1,0.14,21.65,43.8,430.8,165,39.3,97.7,-0.173,50,30,48.18,90.36
17.54,253.8,1,0.152,21.68,43.71,432.5,175.8,41.2,96,-0.159,50,30,48.18,90.21
17.57,257.2,1,0.16,21.81,44.11,437.6,528.3,40,94.9,-0.092,100,100,100,95.3
17.6,260.5,1,0.146,21.64,44.57,437.1,178.7,40.9,93.7,-0.178,50,30,48.18,90.36
17.64,263.8,1,0.116,21.59,44.79,440.1,155.1,38.6,92.7,-0.203,50,30,48.18,89.7
17.67,267,1,0.133,21.6,44.97,443.1,509.4,41.1,92.1,-0.2,100,100,100,94.38
17.7,270.3,1,0.115,21.73,45.1,445.5,171.5,43.5,91.8,-0.135,50,30,48.18,89.7
17.74,273.6,1,0.118,21.65,45.33,449.7,177.2,40.8,90.8,-0.174,50,30,48.18,90.35
17.77,276.9,1,0.134,21.63,45.57,452,160.9,42.3,88.7,-0.182,50,30,48.18,89.23
17.8,280.2,1,0.148,21.73,44.9,453.2,171.3,40.4,89.1,-0.134,50,30,48.18,90.27
17.83,283.4,1,0.148,21.68,44.78,455,160.6,40.3,89.7,-0.16,50,30,48.18,89.79
17.87,286.7,1,0.135,21.83,44.06,455.3,155.2,41,90.5,-0.086,50,30,48.18,89.8
17.9,290,1,0.129,21.75,44.34,455.3,165,39.2,89.9,-0.126,50,30,48.18,90.14
17.93,293.2,1,0.105,22,44.72,455.1,170.9,39.7,90.1,-0.002,50,30,48.18,91.41
17.96,296.4,1,0.111,21.94,44.91,455,177.8,40.5,91,-0.028,50,30,48.18,91.42
18,299.7,1,0.128,21.93,44.7,456.4,178.4,40.8,90,-0.034,50,30,48.18,91.14
18.03,302.9,1,0.116,21.73,45.19,458.4,160.9,40.6,88.9,-0.133,50,30,48.18,90
18.06,306.1,2,0.106,21.84,45.49,465.3,156.6,43.5,87.8,-0.077,50,30,48.18,89.43
18.09,309.4,2,0.114,21.83,45.82,469.8,521.2,44,86.4,-0.082,100,100,100,94.03
18.13,312.6,2,0.112,21.85,45.84,476.3,171.2,41.7,86,-0.072,50,30,48.18,90.38
18.16,315.8,2,0.117,21.85,46,480.1,159.9,44.8,86.5,-0.074,50,30,48.18,89.22
18.19,319,2,0.131,22.01,45.68,484.3,181.5,43.7,85.5,0.006,50,30,48.18,90.46
18.22,322.2,2,0.149,22.06,45.26,487,169.8,44.5,85.5,0.031,50,30,48.18,89.55
18.25,325.4,2,0.146,22.13,45.96,490.2,172,44.3,85.2,0.065,50,30,48.18,89.63
18.29,328.6,2,0.129,22.23,46.43,490.5,180.2,42.3,84.2,0.116,50,30,48.18,90.2
18.32,331.8,2,0.107,22.12,46.22,494.6,173.3,43.7,83.8,0.06,50,30,48.18,89.87
18.35,334.9,2,0.125,22.07,46.71,497.8,169.9,43.9,83.5,0.036,50,30,48.18,90.03
18.38,338.1,2,0.123,21.88,47.42,504.3,172.3,42.4,82,-0.059,50,30,48.18,90.5
18.41,341.3,2,0.101,21.84,47.91,513.2,166.1,43.1,80.4,-0.079,50,30,48.18,89.98
18.44,344.4,2,0.113,21.94,48.05,515.7,177.2,41.8,77.7,-0.032,50,30,48.18,90.84
18.48,347.6,2,0.136,21.95,47.51,519.8,172,42.6,77.3,-0.023,50,30,48.18,90.26
18.51,350.7,2,0.111,21.97,47.38,522.9,180.1,43.5,75.2,-0.015,50,30,48.18,90.03
18.54,353.8,2,0.117,21.92,47.19,524.1,177.2,41.9,72.4,-0.038,50,30,48.18,89.91
18.57,357,2,0.105,22.05,46.84,529.3,172.5,45.5,70.5,0.027,50,30,48.18,88.46
18.6,360.1,2,0.095,22.16,47.12,530.6,159.3,43.7,69.8,0.079,50,30,48.18,88.24
18.63,363.2,2,0.074,22.01,47.06,534.4,151.4,43,69.7,0.004,50,30,48.18,88.74
18.66,366.3,2,0.06,22.08,46.89,537.6,172.6,43.9,68.9,0.04,50,30,48.18,88.69
18.69,369.4,2,0.064,22.17,46.74,537.2,151,43.7,69,0.086,50,30,48.18,87.7
18.72,372.5,3,0.062,22.38,46.8,540.4,152.6,44.9,67.8,0.189,50,30,48.18,86.53
18.76,375.6,3,0.059,22.53,47.57,546.8,142.6,46.9,64.7,0.266,50,30,48.18,85.02
18.79,378.7,3,0.054,22.56,47.85,550.5,156.8,42.9,62.5,0.28,50,30,48.18,86.45
18.82,381.7,3,0.045,22.49,48.2,554.4,157.5,44.2,59.3,0.246,50,30,48.18,86.14
18.85,384.8,3,0.065,22.57,48.2,559.3,170.8,46,56.7,0.285,50,30,48.18,85.43
18.88,387.8,3,0.075,22.58,48.06,561.8,171.5,44.1,53,0.287,50,30,48.18,85.58
18.91,390.9,3,0.099,22.49,47.93,564.8,543.3,46,52.1,0.245,100,100,100,89.36
18.94,393.9,3,0.078,22.58,48.32,567.2,153.1,45.8,51.6,0.288,50,30,48.18,84.48
18.97,397,3,0.101,22.44,48.75,574.8,520.9,43.5,50,0.22,100,100,100,90.61
19,400,3,0.211,22.54,48.71,580.2,195.2,45.4,48.1,0.267,50,30,48.18,85.83
19.03,403,3,0.266,22.41,48.63,586.3,205.8,46.1,47.1,0.206,50,30,48.18,86.25
19.06,406,3,0.348,22.26,48.62,589.4,214.7,45.6,45.4,0.127,50,30,48.18,87.09
19.09,409,3,0.394,22.17,48.28,588.5,89.6,44.5,44.2,0.084,0,0,0,83.53
19.12,412,3,0.445,22.17,48.37,590.6,229.6,45.6,42.7,0.087,50,30,48.18,87.46
19.15,415,3,0.504,21.96,47.73,593.1,247.9,44.8,40.5,-0.022,50,30,48.18,88.29
19.18,418,3,0.542,22.09,47.47,594,609.6,44.2,40.5,0.046,100,100,100,90.86
19.21,421,3,0.579,22.05,47.03,595.8,277.9,43.3,38.7,0.023,50,30,48.18,89.2
19.24,423.9,3,0.576,21.86,46.93,599.3,297.3,44.6,40.5,-0.068,50,30,48.18,89.17
19.27,426.9,3,0.574,21.97,47.03,599.8,255.9,43.8,39.4,-0.014,50,30,48.18,88.52
19.3,429.8,3,0.575,21.85,46.99,599.8,275.9,46.6,38.8,-0.076,50,30,48.18,87.74
19.33,432.8,3,0.593,21.86,46.86,601,288.5,43.2,39.7,-0.07,50,30,48.18,89.22
19.36,435.7,3,0.611,21.85,47.55,602.9,287.4,45.5,40.5,-0.076,50,30,48.18,88.78
19.39,438.6,3,0.616,21.63,47.57,605,291.3,44.5,40,-0.184,50,30,48.18,88.37
19.42,441.5,3,0.608,21.64,47.26,604.1,273.4,44.2,39,-0.179,50,30,48.18,87.71
19.44,444.5,3,0.639,21.74,47.15,603.5,287.7,44.7,39.1,-0.127,50,30,48.18,88.38
19.47,447.4,3,0.651,21.75,47.29,604.4,280.4,44,39.7,-0.125,50,30,48.18,88.48
19.5,450.2,3,0.67,21.8,47.29,604.3,164.3,44.8,37,-0.099,0,0,0,84.93
19.53,453.1,3,0.664,21.8,47.55,603.4,310.5,45.9,37.3,-0.099,50,30,48.18,88.65
19.56,456,3,0.65,21.95,47.51,605.1,299.9,44.7,36.7,-0.023,50,30,48.18,89.39
19.59,458.9,3,0.666,21.79,47.5,603.2,306.7,45.8,36.4,-0.102,50,30,48.18,88.52
19.62,461.7,3,0.672,21.73,47.48,602.8,306.3,43.7,35.4,-0.132,50,30,48.18,88.82
19.65,464.6,4,0.67,21.82,47.51,606.9,309,46.2,34.5,-0.09,50,30,48.18,88.31
19.67,467.4,4,0.675,22,47.53,608.8,296.5,45.6,33.4,0.002,50,30,48.18,88.86
19.7,470.2,4,0.689,21.97,47.79,611,303.8,48,33.3,-0.014,50,30,48.18,88.28
19.73,473,4,0.694,21.91,47.9,610.5,311.7,46.6,32,-0.046,50,30,48.18,88.47
19.76,475.9,4,0.696,21.81,47.67,614.4,163.5,47,32.1,-0.095,0,0,0,83.93
19.79,478.7,4,0.689,21.89,47.31,616.2,301.3,44.5,30.6,-0.055,50,30,48.18,88.57
19.81,481.5,4,0.703,22.08,47.36,616.7,327.7,47.9,28.6,0.039,50,30,48.18,87.75
19.84,484.2,4,0.699,21.95,47.22,619.2,344.7,45.8,29.2,-0.023,50,30,48.18,88.68
19.87,487,4,0.703,22.18,47.21,617.6,302.5,47.6,29.3,0.092,50,30,48.18,87.19
19.9,489.8,5,0.724,22.28,47.05,620.1,333.9,46.4,28.4,0.139,50,30,48.18,87.36
19.93,492.5,5,0.734,22.4,46.43,625.8,324.6,47.3,26.2,0.197,50,30,48.18,86.11
19.95,495.3,5,0.734,22.13,46.27,626.8,347.5,45.3,24.6,0.065,50,30,48.18,87.71
19.98,498,5,0.706,22.19,46.73,625.9,675.2,46.5,24.6,0.094,100,100,100,86.96
20.01,500.7,5,0.69,21.91,46.77,630.2,312.9,47.3,22.4,-0.045,50,30,48.18,86.9
20.03,503.5,5,0.714,22,47.63,633.7,337.8,45.6,20.3,0.001,50,30,48.18,88.1
20.06,506.2,5,0.716,21.99,47.82,636.1,344.6,46,17.9,-0.007,50,30,48.18,87.83
20.09,508.9,5,0.704,22.08,48.3,638.1,331.3,47.4,16.7,0.041,50,30,48.18,87.07
20.12,511.6,5,0.69,22.16,48.46,641.9,336.2,45.4,15.1,0.082,50,30,48.18,87.31
20.14,514.2,5,0.694,22.29,48.5,642.1,319.4,46.5,13.3,0.144,50,30,48.18,86.2
20.17,516.9,5,0.693,22.26,47.9,646.1,345.5,46.8,12.8,0.13,50,30,48.18,86.19
20.2,519.6,5,0.693,22.24,48.05,648.6,324.9,47.8,10,0.12,50,30,48.18,85.53
20.22,522.2,5,0.678,22.16,47.72,650.6,327.9,47.4,8.2,0.078,50,30,48.18,85.69
20.25,524.8,5,0.7,22.26,48.11,657,328.3,46.3,6.1,0.129,50,30,48.18,85.57
20.27,527.5,5,0.699,22.18,48.35,661.6,346.6,46.9,6.8,0.088,50,30,48.18,86.06
20.3,530.1,5,0.715,22.12,48.13,662.5,344.9,48.1,5.6,0.061,50,30,48.18,85.66
20.33,532.7,5,0.707,22.29,48.12,666.9,318.9,47.6,2.9,0.144,50,30,48.18,84.67
20.35,535.3,5,0.695,22.28,47.56,671.7,320.6,48.2,0,0.138,50,30,48.18,84.04
20.38,537.9,5,0.684,22.37,47.13,674.2,329.7,47.1,0,0.183,50,30,48.18,83.99
20.4,540.5,5,0.698,22.22,47.52,676,333.9,46,0,0.107,50,30,48.18,85.06
20.43,543,6,0.688,22.24,47.78,679.7,682.2,46.1,0,0.122,100,100,100,84.7
20.46,545.6,6,0.696,22.41,47.75,682.2,366.5,48.9,0,0.206,50,30,48.18,83.85
20.48,548.1,6,0.682,22.59,48.81,686.2,333.4,48.4,0,0.295,50,30,48.18,83.41
20.51,550.7,6,0.699,22.54,48.96,687.7,328.4,47.8,0,0.27,50,30,48.18,83.79
20.53,553.2,6,0.675,22.52,49.44,693.3,332.3,49.8,0,0.259,50,30,48.18,83.48
20.56,555.7,6,0.666,22.56,49.59,698.1,326.5,46,0,0.278,50,30,48.18,84.47
20.58,558.2,6,0.647,22.69,49.72,702.3,335.8,47.5,0,0.344,50,30,48.18,83.68
20.61,560.7,6,0.633,22.39,50.07,706.8,332.7,48.2,0,0.195,50,30,48.18,84.63
20.63,563.2,6,0.637,22.46,50.32,710.9,336.2,47.7,0,0.229,50,30,48.18,84.47
20.66,565.7,6,0.649,22.4,50.38,716.5,331.2,47.3,0,0.199,50,30,48.18,84.76
20.68,568.1,6,0.68,22.37,50.42,720,335,48.2,0,0.187,50,30,48.18,84.57
20.71,570.6,6,0.659,22.51,50.26,723.5,354.4,48.1,0,0.253,50,30,48.18,84.39
20.73,573,6,0.643,22.66,50.37,726.4,338.3,47.6,0,0.33,50,30,48.18,83.75
20.75,575.5,6,0.64,22.89,50.19,729,342.1,47.8,0,0.447,50,30,48.18,82.91
20.78,577.9,6,0.665,22.86,50.4,734.8,361.2,47.5,0,0.429,50,30,48.18,83.25
20.8,580.3,6,0.663,22.62,50.28,734.2,339.6,47.7,0,0.311,50,30,48.18,83.91
20.83,582.7,6,0.664,22.62,49.86,735.4,349.3,48.5,0,0.309,50,30,48.18,83.85
20.85,585.1,6,0.673,22.57,50.65,736.1,349.5,47.3,0,0.285,50,30,48.18,84.19
20.87,587.5,6,0.665,22.47,49.56,737.9,368.5,46.5,0,0.236,50,30,48.18,85.04
20.9,589.8,6,0.652,22.49,49.73,740.6,346.8,48.9,0,0.244,50,30,48.18,84.12
20.92,592.2,6,0.653,22.45,49.88,743.3,349.7,49.1,0,0.225,50,30,48.18,84.29
20.95,594.5,6,0.676,22.33,49.63,750.5,352.7,47.6,0,0.166,50,30,48.18,85.13
20.97,596.8,6,0.694,22.39,50,750.5,211.7,47.5,0,0.194,0,0,0,82.14
20.99,599.2,6,0.707,22.64,50.03,753.4,206.4,46.9,0,0.318,0,0,0,81.21
21.01,601.5,6,0.705,22.51,49.97,758.2,372.4,47.3,0,0.256,50,30,48.18,84.86
21.04,603.8,6,0.687,22.48,49.6,762.4,359.5,47.9,0,0.238,50,30,48.18,84.54
21.06,606.1,6,0.679,22.41,49.69,768.3,347.6,49.1,0,0.203,50,30,48.18,84.36
21.08,608.3,6,0.671,22.4,49.9,769.8,349.8,48.5,0,0.202,50,30,48.18,84.65
21.11,610.6,6,0.674,22.51,50.08,771.5,360.2,47.6,0,0.256,50,30,48.18,84.64
21.13,612.8,6,0.69,22.59,49.69,771.8,710.8,48.4,0,0.294,100,100,100,82.99
21.15,615.1,6,0.69,22.61,49.93,772.8,357.8,48.7,0,0.305,50,30,48.18,83.9
21.17,617.3,6,0.687,22.47,49.84,774.8,353.2,48.7,0,0.234,50,30,48.18,84.35
21.2,619.5,6,0.696,22.42,49.34,776.9,364.8,48,0,0.209,50,30,48.18,84.69
21.22,621.7,6,0.68,22.54,49.37,771.5,341,47.2,0,0.27,50,30,48.18,84.24
21.24,623.9,6,0.703,22.51,49.65,771.8,230.7,49.7,0,0.257,0,0,0,81.47
21.26,626.1,6,0.684,22.44,49.34,771.7,359.8,47.7,0,0.219,50,30,48.18,84.65
21.28,628.3,6,0.71,22.44,49.67,771.2,366.5,47.5,0,0.221,50,30,48.18,84.89
21.3,630.4,6,0.727,22.74,49.7,772.2,378.3,48.4,0,0.369,50,30,48.18,83.64
21.33,632.6,6,0.719,22.33,49.16,773.6,732,47.7,0,0.162,100,100,100,83.69
21.35,634.7,6,0.722,22.53,48.92,777.2,383.9,47.8,0,0.265,50,30,48.18,84.35
21.37,636.8,6,0.697,22.49,48.84,773.6,372.3,46.4,0,0.242,50,30,48.18,84.82
21.39,638.9,6,0.705,22.74,49.13,775.2,368,47.6,0,0.368,50,30,48.18,83.57
21.41,641,6,0.682,22.81,49.21,773.6,368,48.3,0,0.404,50,30,48.18,83.12
21.43,643.1,6,0.674,22.82,49.26,775.4,350.8,47.1,0,0.412,50,30,48.18,83.28
21.45,645.2,6,0.683,22.74,49.17,773.9,370.1,49.4,0,0.368,50,30,48.18,83.07
21.47,647.2,6,0.663,22.7,49.17,777.5,376.3,47.2,0,0.347,50,30,48.18,83.94
21.49,649.3,6,0.657,22.73,49.57,779.4,361.9,48.3,0,0.366,50,30,48.18,83.47
21.51,651.3,6,0.658,22.78,49.35,780.4,364.8,47.4,0,0.388,50,30,48.18,83.55
21.53,653.3,6,0.669,22.72,49.45,782.3,360.1,47.4,0,0.359,50,30,48.18,83.74
21.55,655.3,6,0.674,22.88,49.85,783.3,379.9,48.6,0,0.439,50,30,48.18,83.13
21.57,657.3,6,0.654,22.88,50.75,785.9,352.2,46.3,0,0.441,50,30,48.18,83.29
21.59,659.3,6,0.638,22.88,50.83,791,368.2,47,0,0.441,50,30,48.18,83.22
21.61,661.3,6,0.635,22.8,51.24,787.7,360.9,48,0,0.402,50,30,48.18,83
21.63,663.2,6,0.626,22.76,51.06,789.4,372.6,47,0,0.379,50,30,48.18,83.66
21.65,665.2,6,0.639,22.67,50.54,791.3,362.5,44.1,0,0.335,50,30,48.18,84.95
21.67,667.1,6,0.657,22.59,49.69,790.6,381,46.6,0,0.297,50,30,48.18,84.75
21.69,669,6,0.648,22.72,49.94,789.3,352.5,48.4,0,0.359,50,30,48.18,83.56
21.71,670.9,6,0.656,22.91,49.84,788.1,229.4,48,0,0.457,0,0,0,80.49
21.73,672.8,6,0.667,22.85,49.61,791.2,375.2,46.3,0,0.426,50,30,48.18,83.79
21.75,674.7,6,0.685,22.9,49.96,792.4,369.3,48.9,0,0.451,50,30,48.18,82.87
21.77,676.6,6,0.68,22.83,49.93,793.5,372.6,50.5,0,0.413,50,30,48.18,82.71
21.78,678.4,6,0.68,22.64,50.24,791.7,366.7,47.4,0,0.319,50,30,48.18,84.21
21.8,680.3,6,0.681,22.64,50.5,793.4,385.3,48.3,0,0.319,50,30,48.18,84.04
21.82,682.1,6,0.678,22.74,50.36,791.6,380.8,48.5,0,0.372,50,30,48.18,83.57
21.84,683.9,6,0.665,22.6,50.81,791.7,373.6,48.5,0,0.302,50,30,48.18,83.87
21.86,685.7,6,0.675,22.77,50.54,795.8,381.8,48.9,0,0.386,50,30,48.18,83.32
21.88,687.5,6,0.691,23.04,50.11,799.7,229.7,49.9,0,0.52,0,0,0,79.49
21.89,689.3,6,0.685,22.79,50.23,802.1,380.4,48,0,0.395,50,30,48.18,83.58
21.91,691.1,6,0.687,22.68,50.19,802,371.3,48.9,0,0.339,50,30,48.18,83.66
21.93,692.8,6,0.671,22.76,49.93,803.7,380.3,46.8,0,0.378,50,30,48.18,84.12
21.95,694.6,6,0.697,22.75,50.13,801.1,402.6,48.7,0,0.374,50,30,48.18,83.81
21.96,696.3,6,0.713,22.76,49.75,798.9,396.3,49.3,0,0.378,50,30,48.18,83.51
21.98,698,6,0.731,22.82,49.58,797.3,245.6,47.8,0,0.41,0,0,0,81.29
22,699.7,6,0.723,22.87,49.41,797,393.2,48.6,0,0.433,50,30,48.18,83.15
22.01,701.4,6,0.719,22.9,48.8,797.6,387.7,48.5,0,0.447,50,30,48.18,82.79
22.03,703.1,6,0.702,22.76,48.85,798.3,399.3,47.7,0,0.38,50,30,48.18,83.66
22.05,704.7,6,0.707,22.81,49.02,800,245.1,47.6,0,0.405,0,0,0,81.16
22.06,706.4,6,0.714,22.65,48.97,800.7,389.1,46.7,0,0.324,50,30,48.18,84.31
22.08,708,6,0.725,22.51,49.28,806.1,417.1,46.9,0,0.257,50,30,48.18,85.1
22.1,709.6,6,0.744,22.69,49.66,802.2,419,46.2,0.2,0.346,50,30,48.18,84.87
22.11,711.2,6,0.731,22.9,49.83,801.8,404.3,47.1,0,0.449,50,30,48.18,83.72
22.13,712.8,6,0.734,22.92,49.64,804.8,410.6,47.3,0,0.46,50,30,48.18,83.53
22.14,714.4,6,0.733,22.98,50.11,802.8,414.3,48.4,0,0.489,50,30,48.18,83.14
22.16,715.9,6,0.741,23.27,50.05,800.6,271.9,48.8,0,0.637,0,0,0,80.23
22.17,717.5,6,0.711,22.98,50.54,801.3,400.8,49.6,0,0.49,50,30,48.18,82.49
22.19,719,6,0.692,22.99,50.46,802.3,388.9,48.9,0,0.494,50,30,48.18,82.57
22.21,720.6,6,0.684,23.04,50.15,799.4,385,47.1,0,0.519,50,30,48.18,83.03
22.22,722.1,6,0.7,22.85,50.57,800.3,398.5,48.9,0,0.427,50,30,48.18,83.15
22.24,723.6,6,0.7,22.86,50.64,800.2,408.6,47.8,0,0.428,50,30,48.18,83.56
22.25,725,6,0.682,23.01,50.45,798.4,398.2,51.5,0,0.506,50,30,48.18,81.83
22.27,726.5,6,0.664,23.09,50.14,798.1,377.1,47.7,0,0.545,50,30,48.18,82.59
22.28,728,6,0.68,23.23,50.06,796.7,249.9,49.9,0,0.614,0,0,0,79.4
22.29,729.4,6,0.666,23.02,49.9,798.3,401.4,48.7,0,0.508,50,30,48.18,82.81
22.31,730.8,6,0.665,23.01,49.05,796.4,380.7,50,0,0.506,50,30,48.18,81.93
22.32,732.2,6,0.683,23.03,49.47,798.8,397.7,47.4,0,0.515,50,30,48.18,82.96
22.34,733.6,6,0.69,22.91,49.48,797.4,406.3,46.7,0,0.455,50,30,48.18,83.69
22.35,735,6,0.683,23.17,49.21,799.2,404,48.7,0,0.582,50,30,48.18,82.02
22.36,736.4,6,0.684,23.14,48.79,800.3,409.4,49.1,0,0.567,50,30,48.18,81.91
22.38,737.8,6,0.681,22.98,48.65,799.8,411,47,0,0.49,50,30,48.18,83.08
22.39,739.1,6,0.691,23.01,48.29,798.7,389.8,50.3,0,0.502,50,30,48.18,81.67
22.4,740.4,6,0.71,23.02,48.36,796.8,416.9,46.7,0,0.509,50,30,48.18,82.99
22.42,741.7,6,0.718,22.98,48.24,795.4,416.1,49.6,0,0.487,50,30,48.18,82.23
22.43,743,6,0.731,23.3,48.33,795.1,430.6,47.6,0,0.647,50,30,48.18,81.8
22.44,744.3,6,0.726,23.3,48.27,794.3,413.5,49,0,0.65,50,30,48.18,81.18
22.46,745.6,6,0.74,22.98,48.76,795.3,430,48.2,0,0.488,50,30,48.18,82.97
22.47,746.9,6,0.722,22.92,48.91,798.5,433.3,48,0,0.458,50,30,48.18,83.34
22.48,748.1,6,0.7,22.91,48.6,800.2,405.5,47.9,0,0.455,50,30,48.18,82.99
22.49,749.3,6,0.688,22.71,48.54,802.9,426.8,47.5,0,0.354,50,30,48.18,84.03
22.51,750.6,6,0.708,23.03,49.25,803.2,423.1,47.4,0,0.513,50,30,48.18,83.09
22.52,751.8,6,0.69,23.03,49.26,805.2,400.6,48.3,0,0.517,50,30,48.18,82.56
22.53,752.9,6,0.685,23.13,49.14,806.7,407.6,48,0,0.564,50,30,48.18,82.29
22.54,754.1,6,0.666,23.29,49.52,807,410.1,47.9,0,0.642,50,30,48.18,81.91
22.55,755.3,6,0.682,22.98,50.05,807.2,420.8,47.7,0,0.491,50,30,48.18,83.37
22.56,756.4,6,0.669,22.94,50.15,803.8,398.4,47.6,0,0.471,50,30,48.18,83.34
22.58,757.5,6,0.68,22.82,49.77,803.9,430.5,47.3,0,0.409,50,30,48.18,84.16
22.59,758.7,6,0.695,22.86,50.07,803.2,419.4,48,0,0.429,50,30,48.18,83.77
22.6,759.8,6,0.699,23.06,50.65,804.4,398.6,48.3,0,0.53,50,30,48.18,82.48
22.61,760.8,6,0.674,23.16,50.44,803.9,405.7,46.7,0,0.582,50,30,48.18,82.72
22.62,761.9,6,0.656,23.3,50.27,807.8,390.2,47.9,0,0.652,50,30,48.18,81.71
22.63,763,6,0.675,23.21,50.22,807,399.7,48.3,0,0.607,50,30,48.18,82.04
22.64,764,6,0.69,23.15,49.7,807,428.3,47.9,0,0.576,50,30,48.18,82.66
22.65,765,6,0.679,23.21,50.17,806.4,394.4,48,0,0.605,50,30,48.18,82.11
22.66,766.1,6,0.687,22.9,49.95,807.5,757.4,48.8,0,0.448,100,100,100,81.03
22.67,767.1,6,0.701,23.18,49.92,807.8,418.6,47,0,0.59,50,30,48.18,82.8
22.68,768,6,0.712,23.1,49.73,808.2,408.8,47.9,0,0.549,50,30,48.18,82.65
22.69,769,6,0.688,23.17,49.38,806.5,394.2,46.9,0,0.587,50,30,48.18,82.42
22.7,770,6,0.683,23.07,49.64,808.7,429.6,47.7,0,0.536,50,30,48.18,82.98
22.71,770.9,6,0.676,23.07,49.73,812.7,405.9,47,0,0.537,50,30,48.18,82.92
22.72,771.8,6,0.699,23.09,49.96,809.1,418.1,47,0,0.547,50,30,48.18,83.09
22.73,772.7,6,0.715,23.06,49.82,812.1,435.3,46.7,0,0.528,50,30,48.18,83.42
22.74,773.6,6,0.707,23.23,50.1,811,399.8,48.8,0,0.615,50,30,48.18,81.84
22.75,774.5,6,0.722,22.94,49.59,812.7,775.9,48.5,0,0.472,100,100,100,80.44
22.75,775.4,6,0.729,23.02,49.13,813.6,418.9,46.2,0,0.512,50,30,48.18,83.27
22.76,776.2,6,0.733,23.06,49.01,811.8,436,47.8,0,0.53,50,30,48.18,82.78
22.77,777.1,6,0.732,22.91,49.04,812,435.3,47.9,0,0.456,50,30,48.18,83.31
22.78,777.9,6,0.728,22.97,49.12,812.1,440.2,47.9,0,0.484,50,30,48.18,83.18
22.79,778.7,6,0.714,23.2,49.29,809.5,435.1,48.9,0,0.6,50,30,48.18,82.05
22.79,779.5,6,0.689,23.22,49.59,808,408.1,45.4,0,0.608,50,30,48.18,82.92
22.8,780.3,6,0.712,23.16,49.28,805.1,424.6,46.8,0,0.58,50,30,48.18,82.76
22.81,781,6,0.715,23.32,49.77,805.7,281.7,46.9,0,0.661,0,0,0,80.76
22.82,781.8,6,0.726,23.74,50.45,808,298.7,47.9,0,0.871,0,0,0,79.3
22.83,782.5,6,0.712,23.46,49.92,807.3,431.3,50.1,0,0.73,50,30,48.18,80.94
22.83,783.2,6,0.706,23.33,49.81,808.5,415.7,48.3,0,0.667,50,30,48.18,81.76
22.84,783.9,6,0.681,23.23,50.28,806.1,418.5,48.7,0,0.616,50,30,48.18,82.02
22.85,784.6,6,0.662,23.17,50.34,805.6,396.4,48.7,0,0.585,50,30,48.18,82.02
22.85,785.3,6,0.649,22.69,49.81,807.2,749.9,47.6,0,0.347,100,100,100,82.21
22.86,786,6,0.636,22.94,49.39,807.5,411.6,50.1,0,0.472,50,30,48.18,82.49
22.87,786.6,6,0.632,23.1,49.58,811.5,399,48.8,0,0.55,50,30,48.18,82.19
22.87,787.2,6,0.642,23.31,49.4,811.7,395,48.5,0,0.654,50,30,48.18,81.38
22.88,787.8,6,0.655,23.31,49.59,812.4,414.1,47.8,0,0.655,50,30,48.18,81.85
22.88,788.4,6,0.682,23.21,50.01,813.4,411.1,47,0,0.607,50,30,48.18,82.54
22.89,789,6,0.683,23.35,50.09,816.3,420.1,50.5,0,0.676,50,30,48.18,81
22.9,789.6,6,0.682,23.46,49.73,818,434.5,48.5,0,0.729,50,30,48.18,81.27
22.9,790.2,6,0.668,23.29,49.83,817.5,411.5,47.8,0,0.643,50,30,48.18,81.93
22.91,790.7,6,0.675,23.19,49.86,818.1,406.8,47.1,0,0.594,50,30,48.18,82.47
22.91,791.2,6,0.663,23.11,49.64,815.2,432.4,46.7,0,0.556,50,30,48.18,83.06
22.92,791.7,6,0.653,23.39,49.7,818.2,393.6,46.6,0,0.693,50,30,48.18,81.67
22.92,792.2,6,0.647,23.35,49.9,819.6,418.4,48.4,0,0.675,50,30,48.18,81.59
22.93,792.7,6,0.633,23.45,49.56,818.3,395,47,0,0.723,50,30,48.18,81.29
22.93,793.2,6,0.633,23.46,49.48,818,414.4,47.7,0,0.727,50,30,48.18,81.22
22.94,793.6,6,0.656,23.28,49.59,821,398,46.3,0,0.64,50,30,48.18,82.12
22.94,794,6,0.672,23.18,49.72,822.5,404.3,47.4,0,0.587,50,30,48.18,82.29
22.94,794.5,6,0.701,23.17,49.69,822.1,430.6,47.4,0,0.586,50,30,48.18,82.57
22.95,794.9,6,0.709,23.29,49.59,821.1,443.3,48,0,0.645,50,30,48.18,82.05
22.95,795.2,6,0.722,23.35,50.04,820.5,456.3,45.8,0,0.676,50,30,48.18,82.62
22.96,795.6,6,0.695,23.08,50.12,817.5,425.8,47.4,0,0.54,50,30,48.18,82.97
22.96,796,6,0.686,22.94,49.52,814.2,765.8,46.4,0,0.47,100,100,100,81.2
22.96,796.3,6,0.7,23.03,49.57,815.3,414.6,47.3,0,0.514,50,30,48.18,83.01
22.97,796.6,6,0.716,23.28,49.92,813.6,277.8,47.9,0,0.64,0,0,0,80.46
22.97,797,6,0.719,23.14,49.41,813.2,429.7,48.9,0,0.57,50,30,48.18,82.24
22.97,797.3,6,0.705,22.96,49.17,812,789.5,47.8,0,0.48,100,100,100,80.26
22.98,797.5,6,0.719,23.01,48.92,809.9,431.8,47.4,0,0.503,50,30,48.18,83.04
22.98,797.8,6,0.716,23.09,48.52,810.2,432.3,47.4,0,0.545,50,30,48.18,82.58
22.98,798.1,6,0.722,23.22,48.93,812.9,446.3,47.4,0,0.611,50,30,48.18,82.35
22.98,798.3,6,0.714,23.27,49.46,811.5,440.6,47.9,0,0.635,50,30,48.18,82.19
22.99,798.5,6,0.697,23.27,49.47,815.3,434.8,48.5,0,0.633,50,30,48.18,81.91
22.99,798.7,6,0.694,23.23,49.13,813.4,460.6,46.9,0,0.613,50,30,48.18,82.48
22.99,798.9,6,0.685,23.26,49.03,815.6,434,48.7,0,0.628,50,30,48.18,81.71
22.99,799.1,6,0.7,23.29,48.82,813.9,426.9,46.5,0,0.643,50,30,48.18,82.14
22.99,799.2,6,0.681,23.23,48.5,813.4,412.9,49,0,0.613,50,30,48.18,81.35
22.99,799.4,6,0.665,23.32,48.76,814.3,393.3,47.5,0,0.659,50,30,48.18,81.34
23,799.5,6,0.652,23.24,48.45,813.4,403,46.5,0,0.62,50,30,48.18,81.94
23,799.6,6,0.683,23.3,48.58,810.8,433.7,48.4,0,0.647,50,30,48.18,81.55
23,799.7,6,0.69,23.21,48.75,811.3,412.2,47.5,0,0.602,50,30,48.18,82
23,799.8,6,0.708,23.19,48.48,811.1,418.7,48.7,0,0.592,50,30,48.18,81.68
23,799.9,6,0.729,22.96,48.65,816.6,440.3,49.4,0,0.479,50,30,48.18,82.53
23,799.9,6,0.711,22.77,49.1,818,786.6,46.6,0,0.382,100,100,100,81.29
23,800,6,0.721,22.91,49.06,814.6,434.8,47.2,0,0.452,50,30,48.18,83.52
23,800,6,0.715,23.08,49.61,815.7,437.6,49,0,0.54,50,30,48.18,82.55
23,800,5,0.709,23.29,49.52,812.6,254.1,47.4,0,0.643,0,0,0,79.73
23,800,4,0.719,23.1,48.85,809.9,449.9,45.8,0,0.551,50,30,48.18,83.33
23,800,4,0.713,23.16,48.64,803.7,446.2,48.5,0,0.579,50,30,48.18,82.26
23,799.9,4,0.696,23.07,48.51,799.2,433.5,45.9,0,0.534,50,30,48.18,83.26
23,799.9,3,0.709,23.1,48.27,794.4,444.2,44.6,1.1,0.548,50,30,48.18,83.68
23,799.8,3,0.731,22.86,47.73,786.9,461.5,44.9,0.5,0.429,50,30,48.18,84.15
23,799.7,3,0.707,22.66,47.99,784,443.8,45.4,0.4,0.329,50,30,48.18,84.89
23,799.6,3,0.729,22.59,47.66,783,440.1,45.5,1,0.294,50,30,48.18,85.03
23,799.5,3,0.706,22.42,47.64,778,421.5,47.4,1.7,0.207,50,30,48.18,84.99
22.99,799.4,3,0.727,22.36,47.18,773.3,444.3,44.8,2.2,0.178,50,30,48.18,86.08
22.99,799.2,3,0.718,22.6,47.06,766.8,452.6,44.1,3.2,0.3,50,30,48.18,85.47
22.99,799.1,3,0.725,22.69,47.41,756.5,424.3,44.3,5.5,0.343,50,30,48.18,85.22
22.99,798.9,3,0.714,22.61,46.89,754.9,422.4,44.5,5.1,0.305,50,30,48.18,85.18
22.99,798.7,3,0.705,22.71,46.88,748.4,433.6,45.7,5.8,0.353,50,30,48.18,84.65
22.99,798.5,3,0.68,22.73,46.92,743.1,430.2,44.8,4.8,0.362,50,30,48.18,84.73
22.98,798.3,3,0.689,22.84,46.38,738,446,45.4,3.8,0.416,50,30,48.18,84
22.98,798.1,3,0.71,22.97,45.71,732,437.8,45.3,6.4,0.482,50,30,48.18,83.47
22.98,797.8,3,0.685,22.95,45.96,727.6,434,44.6,9.6,0.469,50,30,48.18,84.15
22.98,797.5,3,0.695,22.8,46.13,720.5,438.1,43.9,10.1,0.396,50,30,48.18,85.07
22.97,797.3,3,0.681,22.58,46.33,716.1,773.3,45.2,11.1,0.29,100,100,100,82.89
22.97,797,3,0.69,22.57,46.13,711.5,431.2,44.1,12.1,0.285,50,30,48.18,85.95
22.97,796.6,3,0.706,22.67,45.44,708.7,431.2,44.5,14.1,0.33,50,30,48.18,85.43
22.96,796.3,3,0.703,22.67,45.9,705.7,454.7,44.2,15.1,0.334,50,30,48.18,85.9
22.96,796,3,0.719,22.66,45.47,703.3,425.6,45.8,15.7,0.325,50,30,48.18,85.22
22.96,795.6,3,0.731,22.89,45.41,701.7,300.8,44.5,16.5,0.442,0,0,0,83.77
22.95,795.2,3,0.74,22.89,45.5,699.4,443.8,44.2,16.4,0.443,50,30,48.18,85.06
22.95,794.9,3,0.727,22.88,45.09,695.9,435.1,44.9,16.8,0.435,50,30,48.18,84.71
22.94,794.5,3,0.724,22.89,45.06,691.4,441.7,45.5,16.1,0.442,50,30,48.18,84.46
22.94,794,3,0.705,22.78,44.45,688.3,426.4,45,17,0.387,50,30,48.18,84.72
22.94,793.6,3,0.713,23.01,44.58,687.7,282.1,45.5,17.1,0.499,0,0,0,82.24
22.93,793.2,3,0.687,23.04,44.66,683.3,413.3,45,17,0.513,50,30,48.18,83.73
22.93,792.7,3,0.68,23.06,45.26,679.9,417,45.8,17.4,0.525,50,30,48.18,83.72
22.92,792.2,3,0.666,22.81,44.75,681.3,413.5,45,17.4,0.401,50,30,48.18,84.64
22.92,791.7,3,0.681,22.67,45.4,678.1,418.7,44.7,17.1,0.333,50,30,48.18,85.53
22.91,791.2,3,0.667,22.73,45.3,676.5,417.3,43.9,16.6,0.363,50,30,48.18,85.43
22.91,790.7,3,0.667,22.72,46.04,672.3,417.8,45.7,16.8,0.358,50,30,48.18,85.23
22.9,790.2,3,0.673,22.82,45.98,669.9,410.9,46,17.4,0.405,50,30,48.18,84.76
22.9,789.6,3,0.658,22.8,46.18,665.5,415.6,43.9,17.8,0.398,50,30,48.18,85.59
22.89,789,3,0.68,22.9,46.4,665.5,414.4,44,17.3,0.448,50,30,48.18,85.21
22.88,788.4,3,0.701,22.78,45.98,665.3,422,44.3,18.2,0.388,50,30,48.18,85.58
22.88,787.8,3,0.712,22.68,46.34,667.8,775.9,43.1,20.5,0.339,100,100,100,84.07
22.87,787.2,3,0.721,22.64,46.28,666.5,426.6,44.4,22.4,0.319,50,30,48.18,86.65
22.87,786.6,3,0.72,22.78,45.97,668.3,279.4,44,20.4,0.388,0,0,0,84.3
22.86,786,3,0.735,22.71,46.01,666.3,443.5,46.5,19.9,0.353,50,30,48.18,85.6
22.85,785.3,3,0.741,22.73,46.36,662.1,442.3,44.7,21.3,0.362,50,30,48.18,86.31
22.85,784.6,3,0.75,22.61,45.66,657.1,454,44.7,21.1,0.303,50,30,48.18,86.51
22.84,783.9,3,0.765,22.5,44.93,656.1,441.3,44.7,21,0.249,50,30,48.18,86.6
22.83,783.2,3,0.747,22.63,44.98,651.9,285.3,43.7,19.3,0.314,0,0,0,84.65
22.83,782.5,3,0.743,22.66,44.92,646.5,447.7,46.1,17.3,0.326,50,30,48.18,85.28
22.82,781.8,3,0.728,22.51,45.14,647.3,432.5,45.7,15.6,0.251,50,30,48.18,85.72
22.81,781,3,0.706,22.29,45.1,644.1,426.6,43.6,15.1,0.145,50,30,48.18,87.04
22.8,780.3,3,0.717,22.5,45.32,641.7,426.9,48.1,15,0.246,50,30,48.18,84.99
22.79,779.5,3,0.732,22.67,44.89,641.3,277,46.2,16.1,0.334,0,0,0,83.13
22.79,778.7,3,0.727,22.49,44.83,642.5,431.7,44.6,15.7,0.242,50,30,48.18,86
22.78,777.9,3,0.715,22.53,45.4,644.6,423.8,45.8,16.1,0.261,50,30,48.18,85.69
22.77,777.1,3,0.702,22.63,46.22,646.1,271.2,44.7,15.4,0.313,0,0,0,84.01
22.76,776.2,3,0.7,22.38,45.81,643.4,756.9,43.7,16.2,0.189,100,100,100,84.65
22.75,775.4,3,0.69,22.57,45.76,642.9,429,44.8,15.9,0.284,50,30,48.18,85.97
22.75,774.5,3,0.669,22.65,45.86,642.6,399.1,45.4,14.3,0.324,50,30,48.18,85.09
22.74,773.6,3,0.681,22.74,45.5,641.3,265.3,45,13.4,0.368,0,0,0,82.84
22.73,772.7,4,0.687,22.87,46.09,642.4,405.4,46,12.2,0.434,50,30,48.18,84.01
22.72,771.8,4,0.696,22.78,46.69,641.7,412,45.1,13.8,0.387,50,30,48.18,85.1
22.71,770.9,4,0.689,22.82,46.16,643.9,413.3,46.5,13,0.406,50,30,48.18,84.25
22.7,770,5,0.669,22.82,46.39,646.6,421.6,47.6,11.5,0.406,50,30,48.18,83.95
22.69,769,5,0.691,22.74,46.43,648.2,414.9,47.1,9.4,0.367,50,30,48.18,84.14
22.68,768,5,0.711,22.68,46.84,652.8,425.2,47.8,5,0.338,50,30,48.18,83.94
22.67,767.1,6,0.694,22.76,46.78,658.8,409.5,46.8,3,0.375,50,30,48.18,83.61
22.66,766.1,6,0.707,22.74,47.48,663.1,439.4,47.9,0.7,0.371,50,30,48.18,83.63
22.65,765,6,0.709,22.76,47.26,669.6,410.7,49.1,0,0.379,50,30,48.18,82.77
22.64,764,6,0.711,23.07,47.8,674.7,407.6,47.2,0,0.532,50,30,48.18,82.35
22.63,763,6,0.717,22.98,47.83,679.9,418.8,47.8,0,0.489,50,30,48.18,82.61
22.62,761.9,6,0.726,23.17,48.05,686.5,412,47.7,0,0.581,50,30,48.18,82
22.61,760.8,6,0.734,23,47.77,688.8,430.2,47.6,0,0.498,50,30,48.18,82.71
22.6,759.8,6,0.733,23.11,47.84,690.7,418.5,48.5,0,0.554,50,30,48.18,81.94
22.59,758.7,6,0.739,23.04,48.76,692,406,47.5,0,0.52,50,30,48.18,82.71
22.58,757.5,6,0.715,23.27,48.63,696.9,264.9,48.4,0,0.632,0,0,0,79.66
22.56,756.4,6,0.69,23.23,48.67,699.4,394.8,47.5,0,0.613,50,30,48.18,81.86
22.55,755.3,6,0.698,23.19,49.03,703.8,419.5,46.2,0,0.596,50,30,48.18,82.75
22.54,754.1,6,0.704,22.97,49.14,707.2,422.8,47.4,0,0.484,50,30,48.18,83.31
22.53,752.9,6,0.682,23.31,49.63,706.8,245.9,47.2,0,0.653,0,0,0,79.69
22.52,751.8,6,0.693,23.12,50.19,710.2,397.3,47.9,0,0.561,50,30,48.18,82.58
22.51,750.6,6,0.712,23.1,49.86,714.8,417.7,46.3,0,0.551,50,30,48.18,83.37
22.49,749.3,6,0.695,22.9,49.68,718.2,419.5,47.7,0,0.448,50,30,48.18,83.66
22.48,748.1,6,0.681,22.91,49.16,720.2,410.3,47,0,0.453,50,30,48.18,83.56
22.47,746.9,6,0.696,22.7,48.56,721.4,779.3,46.2,0,0.35,100,100,100,81.8
22.46,745.6,6,0.697,22.94,48.14,723.2,405.1,47,0,0.468,50,30,48.18,83.01
22.44,744.3,6,0.688,22.82,48.23,726.4,403.6,46.5,0,0.408,50,30,48.18,83.62
22.43,743,6,0.681,22.73,48.36,728.9,411.8,47.2,0,0.364,50,30,48.18,83.89
22.42,741.7,6,0.685,22.9,48.43,732.6,414.7,46.2,0,0.448,50,30,48.18,83.58
22.4,740.4,6,0.709,23.03,48.33,731.5,406.7,45.4,0,0.514,50,30,48.18,83.23
22.39,739.1,6,0.683,23.1,48.55,736.5,381.7,47,0,0.548,50,30,48.18,82.33
22.38,737.8,6,0.695,23.03,48.85,741.7,396.5,46.2,0,0.513,50,30,48.18,83.08
22.36,736.4,6,0.697,23.06,49.05,743.9,394.2,47.7,0,0.531,50,30,48.18,82.57
22.35,735,6,0.713,23.05,49.13,747.7,417.3,47.9,0,0.523,50,30,48.18,82.83
22.34,733.6,6,0.734,22.99,49.37,748.6,415.4,45.4,0,0.497,50,30,48.18,83.83
22.32,732.2,6,0.751,23.31,49.62,752,282,46.7,0,0.652,0,0,0,80.93
22.31,730.8,6,0.739,23.14,49.93,752.3,410.5,48.2,0,0.571,50,30,48.18,82.61
22.29,729.4,6,0.711,23.22,50.49,753.7,269.1,50.8,0,0.612,0,0,0,79.57
22.28,728,6,0.727,23.12,50.1,752.1,403.7,48.7,0,0.558,50,30,48.18,82.48
22.27,726.5,6,0.718,22.98,50.13,753,409,47.4,0,0.492,50,30,48.18,83.39
22.25,725,6,0.714,22.88,49.67,753.1,388.8,48.8,0,0.441,50,30,48.18,83.08
22.24,723.6,6,0.73,22.73,49.49,754.6,414.4,47.9,0,0.367,50,30,48.18,84.09
22.22,722.1,6,0.717,22.75,49.32,756.1,391.3,48.1,0,0.374,50,30,48.18,83.68
22.21,720.6,6,0.733,22.68,49.59,753.4,398.9,47.4,0,0.34,50,30,48.18,84.32
22.19,719,6,0.737,22.91,49.7,755.4,414.1,47.5,0,0.457,50,30,48.18,83.61
22.17,717.5,6,0.711,22.89,49.38,755.4,409.2,46,0,0.444,50,30,48.18,83.99
22.16,715.9,6,0.732,22.87,49.5,756.5,417,48.9,0,0.434,50,30,48.18,83.31
22.14,714.4,6,0.702,23.24,49.27,757.7,238.9,47.3,0,0.617,0,0,0,79.57
22.13,712.8,6,0.719,22.86,48.77,757.6,756.6,47.4,0,0.429,100,100,100,81.26
22.11,711.2,6,0.702,22.87,49.14,759,417.7,46.2,0,0.432,50,30,48.18,84.01
22.1,709.6,6,0.717,22.88,48.96,761.4,416.4,48.2,0,0.437,50,30,48.18,83.3
22.08,708,6,0.704,22.83,49.14,761.1,407.9,47.3,0,0.416,50,30,48.18,83.72
22.06,706.4,6,0.684,22.82,49.52,761.5,402.6,47.7,0,0.411,50,30,48.18,83.71
22.05,704.7,6,0.704,22.89,49.82,760.7,410.1,47.7,0,0.446,50,30,48.18,83.64
22.03,703.1,6,0.697,22.78,49.73,761.8,365.8,47.9,0,0.39,50,30,48.18,83.52
22.01,701.4,6,0.692,22.58,49.77,761.7,404,46.5,0,0.288,50,30,48.18,85.1
22,699.7,6,0.71,22.66,49.38,761.8,386.2,47.4,0,0.328,50,30,48.18,84.21
21.98,698,6,0.714,22.8,48.86,762.1,390.6,47.4,0,0.399,50,30,48.18,83.53
21.96,696.3,6,0.736,22.75,48.8,760.9,393.9,47.6,0,0.376,50,30,48.18,83.64
21.95,694.6,6,0.74,22.79,48.65,759.8,422.6,49,0,0.393,50,30,48.18,83.33
21.93,692.8,6,0.748,22.8,48.94,759,414.4,47.2,0,0.4,50,30,48.18,83.86
21.91,691.1,6,0.729,22.86,49.17,759,395.8,48.7,0,0.428,50,30,48.18,83.09
21.89,689.3,6,0.716,22.82,49.52,758.3,398.3,47.5,0,0.407,50,30,48.18,83.75
21.88,687.5,6,0.728,23.07,49.25,760.8,387.4,49.1,0,0.532,50,30,48.18,82.13
21.86,685.7,6,0.712,22.79,49.28,762.4,399.4,47.9,0,0.395,50,30,48.18,83.65
21.84,683.9,6,0.726,22.64,48.81,765.1,390.1,48.1,0,0.322,50,30,48.18,83.88
21.82,682.1,6,0.719,22.86,48.65,765.3,396.5,48.1,0,0.429,50,30,48.18,83.07
21.8,680.3,6,0.72,23.01,48.58,762.6,388.3,47.1,0,0.505,50,30,48.18,82.7
21.78,678.4,6,0.738,22.98,48.86,761.5,407.3,48.4,0,0.49,50,30,48.18,82.7
21.77,676.6,6,0.754,22.89,48.69,758.1,411.2,47.1,0,0.445,50,30,48.18,83.43
21.75,674.7,6,0.726,22.92,48.54,761.6,406.9,47.5,0,0.46,50,30,48.18,83.07
21.73,672.8,6,0.735,22.94,48.48,758.6,390.8,48.6,0,0.471,50,30,48.18,82.49
21.71,670.9,6,0.74,22.91,48.27,760.6,410.8,47.3,0,0.455,50,30,48.18,83.13
21.69,669,6,0.731,22.96,48.14,759.5,399.6,46.5,0,0.478,50,30,48.18,83.03
21.67,667.1,6,0.707,23.16,48.66,761.1,239.9,48.2,0,0.576,0,0,0,79.4
21.65,665.2,6,0.729,23.04,48.82,761.8,376.5,47.1,0,0.516,50,30,48.18,82.59
21.63,663.2,6,0.741,22.97,48.51,762.2,404.2,49,0,0.483,50,30,48.18,82.41
21.61,661.3,6,0.759,22.76,49.1,765,416.9,47.5,0,0.377,50,30,48.18,84.01
21.59,659.3,6,0.765,22.59,48.77,765.7,402.7,47.8,0,0.294,50,30,48.18,84.28
21.57,657.3,6,0.762,22.61,48.69,771.9,401.5,48.5,0,0.305,50,30,48.18,83.96
21.55,655.3,6,0.73,22.58,48.74,773.2,390.5,47.7,0,0.289,50,30,48.18,84.22
21.53,653.3,6,0.72,22.62,48.53,775.4,399.1,46.8,0,0.309,50,30,48.18,84.34
21.51,651.3,6,0.695,22.65,48.55,778.1,378.4,48.4,0,0.322,50,30,48.18,83.57
21.49,649.3,6,0.709,22.74,48.33,780.7,379.4,47.1,0,0.366,50,30,48.18,83.54
21.47,647.2,6,0.69,22.89,48.41,779.7,371.2,48.7,0,0.444,50,30,48.18,82.43
21.45,645.2,6,0.704,22.56,48.39,778.2,725.1,47.5,0,0.278,100,100,100,82.7
21.43,643.1,6,0.69,22.62,48.31,782.2,369.1,48.2,0,0.311,50,30,48.18,83.54
21.41,641,6,0.669,22.62,48.41,785,376.3,48.9,0,0.309,50,30,48.18,83.44
21.39,638.9,6,0.695,22.63,48.63,785.9,359.4,47.4,0,0.316,50,30,48.18,83.75
21.37,636.8,6,0.679,22.68,48.78,785.6,382.3,48.6,0,0.337,50,30,48.18,83.52
21.35,634.7,6,0.668,22.84,49,783.4,204.8,47.7,0,0.422,0,0,0,79.79
21.33,632.6,6,0.686,22.7,48.71,785.8,360,49.4,0,0.348,50,30,48.18,82.94
21.3,630.4,6,0.675,22.67,48.66,787.1,380.1,48.7,0,0.332,50,30,48.18,83.45
21.28,628.3,6,0.698,22.86,48.63,786.6,362.7,47.4,0,0.43,50,30,48.18,82.94
21.26,626.1,6,0.714,22.74,48.78,786.1,365.9,49,0,0.369,50,30,48.18,82.99
21.24,623.9,6,0.724,22.73,49.27,785.8,379.9,47.2,0,0.362,50,30,48.18,83.91
21.22,621.7,6,0.729,22.73,49.71,785.6,384.4,46.3,0,0.363,50,30,48.18,84.38
21.2,619.5,6,0.722,22.66,49.78,786.4,364.3,48.1,0,0.328,50,30,48.18,83.93
21.17,617.3,6,0.702,22.7,49.05,789.1,377,48.8,0,0.348,50,30,48.18,83.42
21.15,615.1,6,0.691,22.61,49.17,788.7,359.9,45.9,0,0.304,50,30,48.18,84.49
21.13,612.8,6,0.716,22.72,49.07,791.9,372.1,47.8,0,0.359,50,30,48.18,83.59
21.11,610.6,6,0.693,22.59,49.48,795.5,372,48.3,0,0.292,50,30,48.18,84.09
21.08,608.3,6,0.697,22.35,49.19,794.5,361.6,48,0,0.175,50,30,48.18,84.86
21.06,606.1,6,0.707,22.43,49.4,792.8,358.6,48.4,0,0.214,50,30,48.18,84.51
21.04,603.8,6,0.714,22.35,49.88,793.6,362.2,48.1,0,0.175,50,30,48.18,85.09
21.01,601.5,6,0.701,22.35,50.45,794.5,357,47.6,0,0.174,50,30,48.18,85.07
20.99,599.2,6,0.703,22.33,50.17,799.8,368.8,48.7,0,0.167,50,30,48.18,85.01
20.97,596.8,6,0.717,22.46,50.41,799.8,365.4,47.4,0,0.229,50,30,48.18,84.83
20.95,594.5,6,0.699,22.49,50.49,799.7,375.5,49.5,0,0.246,50,30,48.18,84.14
20.92,592.2,6,0.684,22.7,50.7,798.8,362.2,48,0,0.35,50,30,48.18,83.59
20.9,589.8,6,0.699,22.61,50.5,795.6,364.7,47.9,0,0.306,50,30,48.18,84.04
20.87,587.5,6,0.696,22.47,50.4,793.8,362.2,46.3,0,0.234,50,30,48.18,85.09
20.85,585.1,6,0.692,22.51,50.23,793.7,338.7,46.3,0,0.253,50,30,48.18,84.76
20.83,582.7,6,0.707,22.38,50.32,796.3,369.1,47,0,0.188,50,30,48.18,85.32
20.8,580.3,6,0.688,22.49,50.1,795.4,330.6,46,0,0.245,50,30,48.18,84.89
20.78,577.9,6,0.67,22.64,49.63,797.5,336.3,47.6,0,0.321,50,30,48.18,83.79
20.75,575.5,6,0.685,22.72,49.39,799.9,352,49.1,0,0.36,50,30,48.18,83.14
20.73,573,6,0.668,22.58,49.21,797.8,350.8,47.9,0,0.291,50,30,48.18,83.92
20.71,570.6,6,0.67,22.49,49.46,797.2,338.7,47,0,0.244,50,30,48.18,84.52
20.68,568.1,6,0.688,22.58,48.99,796,335.2,47.5,0,0.287,50,30,48.18,83.83
20.66,565.7,6,0.683,22.57,48.74,799.1,350.7,47.5,0,0.283,50,30,48.18,83.92
20.63,563.2,6,0.664,22.51,48.75,798.4,334.9,48.4,0,0.252,50,30,48.18,83.74
20.61,560.7,6,0.675,22.6,49.19,798.5,358.2,48.1,0,0.299,50,30,48.18,83.87
20.58,558.2,6,0.684,22.28,49.22,799.4,337.2,49.8,0,0.14,50,30,48.18,84.33
20.56,555.7,6,0.665,22.43,48.96,798.5,339,47.5,0,0.214,50,30,48.18,84.4
20.53,553.2,6,0.665,22.3,49.11,799.8,335.1,46.9,0,0.149,50,30,48.18,85.09
20.51,550.7,6,0.69,22.4,49.14,800.4,346.6,47.9,0,0.201,50,30,48.18,84.51
20.48,548.1,6,0.677,22.43,49.18,799.7,339.1,48.2,0,0.212,50,30,48.18,84.29
20.46,545.6,6,0.67,22.33,49.35,800.2,337.7,48.1,0,0.163,50,30,48.18,84.75
20.43,543,6,0.69,22.19,49.78,800.7,193.2,47.8,0,0.097,0,0,0,82.14
20.4,540.5,6,0.681,22.24,49.64,800.8,348.5,49.1,0,0.121,50,30,48.18,84.97
20.38,537.9,6,0.692,22.39,49.19,801.5,341.2,48.7,0,0.196,50,30,48.18,84.28
20.35,535.3,6,0.694,22.26,49.56,806.4,324.2,47.8,0,0.128,50,30,48.18,84.96
20.33,532.7,6,0.679,22.43,49.68,805.4,322.9,47.5,0,0.216,50,30,48.18,84.42
20.3,530.1,6,0.668,22.34,49.09,806.3,332.9,47.7,0,0.169,50,30,48.18,84.58
20.27,527.5,6,0.677,22.29,48.74,801.9,316,48.2,0,0.147,50,30,48.18,84.37
20.25,524.8,6,0.67,22.16,48.87,801.2,308.7,50.8,0,0.077,50,30,48.18,84.09
20.22,522.2,6,0.687,22.27,48.78,802.8,171,48.5,0,0.137,0,0,0,80.56
20.2,519.6,6,0.707,22.28,49.62,804,191,47.7,0,0.14,0,0,0,81.66
20.17,516.9,6,0.727,22.32,49.71,802.5,329.3,46.1,0,0.159,50,30,48.18,85.38
20.14,514.2,6,0.744,22.32,49.1,799.9,327.2,49.7,0,0.16,50,30,48.18,84.08
20.12,511.6,6,0.713,22.27,49.25,802.6,343.2,46.1,0,0.135,50,30,48.18,85.54
20.09,508.9,6,0.697,22,49.2,798.1,335.1,48.3,0,0.001,50,30,48.18,85.81
20.06,506.2,6,0.713,21.9,49.65,797,336.6,46.4,0,-0.049,50,30,48.18,86.22
20.03,503.5,6,0.693,21.78,49.48,798,329.5,48.4,0,-0.112,50,30,48.18,85.01
20.01,500.7,6,0.678,22.08,49.7,801.8,321.7,46.2,0,0.041,50,30,48.18,86.17
19.98,498,6,0.687,22.46,49.83,803.6,318,48.7,0,0.23,50,30,48.18,84
19.95,495.3,6,0.693,22.36,49.49,802.3,306.8,48.3,0,0.182,50,30,48.18,84.27
19.93,492.5,6,0.702,22.41,49.64,802.8,310.8,49.6,0,0.203,50,30,48.18,83.79
19.9,489.8,6,0.71,22.27,49.26,804.2,669,47.2,0,0.133,100,100,100,84.98
19.87,487,6,0.725,22.13,49.5,804.6,314.9,48.3,0,0.066,50,30,48.18,85.19
19.84,484.2,6,0.739,22.03,49.21,803.9,317.7,47.9,0,0.015,50,30,48.18,85.6
19.81,481.5,6,0.736,21.96,49.23,802.6,327.5,48.6,0,-0.019,50,30,48.18,85.5
19.79,478.7,6,0.75,21.99,49,806.3,327.9,49,0,-0.007,50,30,48.18,85.32
19.76,475.9,6,0.752,22.16,49.43,805.3,355.3,48.4,0,0.082,50,30,48.18,85.41
19.73,473,6,0.739,22.07,49.59,804.4,326.4,48.9,0,0.037,50,30,48.18,85.37
19.7,470.2,6,0.737,22.24,49.28,805.4,316.2,46.7,0,0.122,50,30,48.18,85.16
19.67,467.4,6,0.726,22.22,49.57,803.8,322.7,49.4,0,0.109,50,30,48.18,84.63
19.65,464.6,6,0.736,22.14,49.58,803.1,326.2,46.3,0,0.071,50,30,48.18,85.92
19.62,461.7,6,0.717,21.88,49.84,803.5,326.6,49.3,0,-0.058,50,30,48.18,85.21
19.59,458.9,6,0.732,22.07,49.75,799.3,327,48.1,0,0.034,50,30,48.18,85.75
19.56,456,6,0.725,22.12,49.34,799.4,307.4,46.8,0,0.058,50,30,48.18,85.6
19.53,453.1,6,0.7,22.31,48.96,799.4,299,47.8,0,0.155,50,30,48.18,84.32
19.5,450.2,6,0.685,22.28,48.84,799,293.4,47.7,0,0.138,50,30,48.18,84.29
19.47,447.4,6,0.674,22.39,48.87,801.3,317.4,47.6,0,0.195,50,30,48.18,84.25
19.44,444.5,6,0.68,22.42,49.12,801.2,304.1,48.2,0,0.208,50,30,48.18,83.94
19.42,441.5,6,0.68,22.24,49.42,801.3,276.8,46.7,0,0.119,50,30,48.18,84.42
19.39,438.6,6,0.694,22.13,49.52,799.4,286.1,49.3,0,0.066,50,30,48.18,84.37
19.36,435.7,6,0.688,22.06,49.17,801.4,318.8,46.9,0,0.03,50,30,48.18,85.83
19.33,432.8,6,0.665,22.25,48.86,802.7,276,47.6,0,0.127,50,30,48.18,83.84
19.3,429.8,6,0.649,22.29,49.34,803.9,286.6,47.9,0,0.145,50,30,48.18,84.11
19.27,426.9,6,0.671,22.27,49.38,805.5,283.1,48.4,0,0.137,50,30,48.18,83.9
19.24,423.9,6,0.691,22.27,48.89,806,648.6,47.5,0,0.133,100,100,100,85.03
19.21,421,6,0.71,22.11,49,803.5,306,48.3,0,0.054,50,30,48.18,84.99
19.18,418,6,0.702,22.01,48.94,801.8,304.8,48.4,0,0.005,50,30,48.18,85.34
19.15,415,6,0.701,22.04,48.87,803.2,302.2,48.2,0,0.021,50,30,48.18,85.21
19.12,412,6,0.678,22.04,49.54,805,299.7,46.1,0,0.022,50,30,48.18,86.01
19.09,409,6,0.684,22.21,49.78,805.8,119.7,47.5,0,0.104,0,0,0,79.9
19.06,406,6,0.671,22.15,49.55,808,271.8,49.5,0,0.077,50,30,48.18,83.72
19.03,403,6,0.686,22.18,50.38,803.7,146,48.7,0,0.091,0,0,0,80.4
19,400,6,0.694,22.08,50.5,801.7,308.5,50.1,0,0.038,50,30,48.18,84.82
18.97,397,6,0.695,21.93,50.79,803.2,280.8,48.2,0,-0.033,50,30,48.18,84.62
18.94,393.9,6,0.704,21.94,51.08,804.2,299.5,48.5,0,-0.032,50,30,48.18,85
18.91,390.9,6,0.724,21.92,50.79,805.3,301,47.1,0,-0.039,50,30,48.18,85.5
18.88,387.8,6,0.727,21.87,50.56,804.1,285.9,48.2,0,-0.063,50,30,48.18,84.63
18.85,384.8,6,0.744,21.91,50.51,802.4,292.1,46.2,0,-0.047,50,30,48.18,85.59
18.82,381.7,6,0.749,21.78,50.56,802.3,290.3,48.6,0,-0.112,50,30,48.18,84.3
18.79,378.7,6,0.726,21.97,50.55,802.7,285.2,47.7,0,-0.016,50,30,48.18,85.13
18.76,375.6,6,0.718,21.97,50.16,804.2,298.2,46.4,0,-0.014,50,30,48.18,86.07
18.72,372.5,6,0.704,21.87,50.23,806.3,279.2,49.2,0,-0.063,50,30,48.18,84.23
18.69,369.4,6,0.68,21.82,50.67,806.3,269.5,48.1,0,-0.089,50,30,48.18,83.92
18.66,366.3,6,0.708,21.85,50.74,805.4,270.8,48.3,0,-0.076,50,30,48.18,83.97
18.63,363.2,6,0.699,21.77,50.44,807.7,282.1,47.6,0,-0.114,50,30,48.18,84.33
18.6,360.1,6,0.675,21.76,50.64,808.5,276.9,47.8,0,-0.12,50,30,48.18,83.98
18.57,357,6,0.699,21.77,50.17,811.3,276.6,48.8,0,-0.116,50,30,48.18,83.85
18.54,353.8,6,0.674,21.71,49.69,813.3,264.9,47.4,0,-0.145,50,30,48.18,83.62
18.51,350.7,6,0.665,21.75,49.3,811.3,263.6,48.7,0,-0.123,50,30,48.18,83.24
18.48,347.6,6,0.646,21.86,49.74,810.5,268.3,46.4,0,-0.069,50,30,48.18,84.65
18.44,344.4,6,0.651,21.74,49.69,813.9,275.1,47.4,0,-0.129,50,30,48.18,84.04
18.41,341.3,6,0.672,21.69,49.34,814.6,270.5,47.7,0,-0.153,50,30,48.18,83.48
18.38,338.1,6,0.687,21.87,48.92,817.8,281.2,46.5,0,-0.066,50,30,48.18,84.63
18.35,334.9,6,0.705,21.71,49.15,816.7,282,46,0,-0.144,50,30,48.18,84.29
18.32,331.8,6,0.724,21.9,49.28,814.6,252.5,48.2,0,-0.05,50,30,48.18,83.54
18.29,328.6,6,0.731,21.94,49.41,817,609.7,48,0,-0.031,100,100,100,86.3
18.25,325.4,6,0.718,21.77,49.21,817.5,260.5,49.8,0,-0.113,50,30,48.18,82.79
18.22,322.2,6,0.708,21.75,49.22,817.5,282.8,46.8,0,-0.127,50,30,48.18,84.23
18.19,319,6,0.713,21.82,48.79,818.3,607.2,47,0,-0.087,100,100,100,85.96
18.16,315.8,6,0.714,21.77,48.85,819.8,263.6,47,0,-0.116,50,30,48.18,83.53
18.13,312.6,6,0.704,22,48.91,820.6,244.5,45.8,0,0.001,50,30,48.18,84.17
18.09,309.4,6,0.706,21.72,49.22,824.7,264.9,46.5,0,-0.138,50,30,48.18,83.62
18.06,306.1,6,0.688,21.71,48.85,823,253.9,48.2,0,-0.145,50,30,48.18,82.61
18.03,302.9,6,0.707,21.69,48.64,822.7,253.3,45.9,0,-0.154,50,30,48.18,83.14
18,299.7,6,0.693,21.78,49.08,822.5,276.6,46.5,0,-0.108,50,30,48.18,84.18
17.96,296.4,6,0.694,21.73,49.01,825.3,265.4,48.6,0,-0.132,50,30,48.18,82.96
17.93,293.2,6,0.714,21.71,48.54,824.5,243.8,48.7,0,-0.147,50,30,48.18,81.99
17.9,290,6,0.727,21.87,48.38,824,253.2,47.3,0,-0.067,50,30,48.18,83.25
17.87,286.7,6,0.737,21.66,48.64,821.7,254.9,49.2,0,-0.169,50,30,48.18,82.1
17.83,283.4,6,0.736,21.65,48.26,821.1,273.3,47.7,0,-0.174,50,30,48.18,82.94
17.8,280.2,6,0.75,21.45,48.94,819.5,253.4,49,0,-0.274,50,30,48.18,81.46
17.77,276.9,6,0.757,21.42,48.96,820.1,253.4,48.2,0,-0.288,50,30,48.18,81.61
17.74,273.6,6,0.742,21.27,49.02,816.4,247,48.3,0,-0.367,50,30,48.18,80.87
17.7,270.3,6,0.729,21.63,49.01,816.5,613.2,47.4,0,-0.187,100,100,100,85.11
17.67,267,6,0.715,21.64,49.23,816.6,262.9,47.4,0,-0.18,50,30,48.18,83.08
17.64,263.8,6,0.722,21.51,49.19,814.2,241.1,48.5,0,-0.242,50,30,48.18,81.64
17.6,260.5,6,0.697,21.48,48.88,813.1,249.3,47.5,0,-0.258,50,30,48.18,81.98
17.57,257.2,6,0.719,21.45,48.49,813.3,234.1,47.4,0,-0.276,50,30,48.18,81.26
17.54,253.8,6,0.71,21.55,48.7,808.7,249.7,47,0,-0.224,50,30,48.18,82.37
17.51,250.5,6,0.72,21.36,48.94,807.5,232,47.9,0,-0.32,50,30,48.18,80.96
17.47,247.2,6,0.727,21.32,48.99,808,104.8,48,0,-0.342,0,0,0,77.21
17.44,243.9,6,0.71,21.37,48.62,807.2,235.7,48.5,0,-0.314,50,30,48.18,80.83
17.41,240.6,6,0.693,21.51,48.91,808,219.1,47.8,0,-0.244,50,30,48.18,81.16
17.37,237.2,6,0.705,21.42,49,810.2,226.9,46.3,0,-0.287,50,30,48.18,81.51
17.34,233.9,6,0.715,21.62,48.54,809.4,230.9,48.5,0,-0.192,50,30,48.18,81.52
17.31,230.6,6,0.734,21.52,48.13,810.2,236.9,47.7,0,-0.239,50,30,48.18,81.44
17.27,227.2,6,0.725,21.44,48.31,810.1,234.5,49.6,0,-0.279,50,30,48.18,80.58
17.24,223.9,6,0.735,21.54,48.94,807.8,240.1,47.2,0,-0.229,50,30,48.18,82.07
17.21,220.5,6,0.747,21.52,48.67,811.9,239.9,48.4,0,-0.237,50,30,48.18,81.52
17.17,217.2,6,0.747,21.54,48.47,810.3,233.3,47.3,0,-0.23,50,30,48.18,81.63
17.14,213.8,6,0.726,21.24,48.33,809.3,230.2,45.9,0,-0.379,50,30,48.18,80.81
17.1,210.4,6,0.741,21.32,48.87,805.1,209.5,47.1,0,-0.338,50,30,48.18,80.39
17.07,207.1,6,0.725,21.15,48.31,805.3,228.7,46.5,0,-0.426,50,30,48.18,80.28
17.04,203.7,6,0.704,21.24,48.9,805.9,220.5,46.9,0,-0.379,50,30,48.18,80.46
17,200.3,6,0.69,21.28,48.53,806.6,226.6,48.2,0,-0.357,50,30,48.18,80.28
16.97,196.9,6,0.712,21.35,48.29,804.6,220.1,46.6,0,-0.326,50,30,48.18,80.74
16.94,193.5,6,0.717,21.32,48.53,802.1,227.9,48.8,0,-0.338,50,30,48.18,80.34
16.9,190.1,6,0.727,21.22,48.6,799.8,228.1,48.2,0,-0.391,50,30,48.18,80.18
16.87,186.8,6,0.738,21.57,48.72,803,569,48.7,0,-0.214,100,100,100,83.57
16.83,183.4,6,0.725,21.64,49.02,805,204.9,46.7,0,-0.177,50,30,48.18,81.63
16.8,180,6,0.694,21.47,49.63,803.9,208.2,48.2,0,-0.267,50,30,48.18,80.87
16.77,176.6,6,0.672,21.27,50.23,806.1,211.8,48.4,0,-0.367,50,30,48.18,80.19
16.73,173.2,6,0.663,21.29,50.11,807.3,217,48.6,0,-0.354,50,30,48.18,80.39
16.7,169.7,6,0.648,21.32,50.58,810.1,204.2,48.4,0,-0.342,50,30,48.18,79.96
16.66,166.3,6,0.625,21.25,49.92,810.5,201,47.7,0,-0.376,50,30,48.18,80.01
16.63,162.9,6,0.652,21.49,50.01,811.6,213,49.2,0,-0.257,50,30,48.18,80.82
16.59,159.5,6,0.627,21.32,50.29,811.9,215,49.3,0,-0.342,50,30,48.18,80.1
16.56,156.1,6,0.628,21.3,50.26,814,211.9,48.3,0,-0.352,50,30,48.18,80.22
16.53,152.6,6,0.653,21.22,49.94,811.1,197.6,48.6,0,-0.39,50,30,48.18,79.53
16.49,149.2,6,0.661,21.57,49.98,810.7,562.1,47.9,0,-0.213,100,100,100,84.27
16.46,145.8,6,0.655,21.4,49.99,813,206.1,48.1,0,-0.299,50,30,48.18,80.59
16.42,142.4,6,0.655,21.33,49.74,814.7,214.6,48.4,0,-0.333,50,30,48.18,80.39
16.39,138.9,6,0.644,21.35,49.46,811.4,196.1,48.9,0,-0.327,50,30,48.18,79.69
16.35,135.5,6,0.636,21.32,49.85,815.3,194.9,46.8,0,-0.341,50,30,48.18,80.26
16.32,132,5,0.615,21.38,49.79,812.9,207.4,47,0,-0.312,50,30,48.18,80.81
16.29,128.6,5,0.639,21.31,49.37,809.8,190.8,47.1,0,-0.345,50,30,48.18,79.92
16.25,125.1,5,0.624,21.37,49.06,809.2,175.7,47.2,0,-0.315,50,30,48.18,79.55
16.22,121.7,5,0.643,21.34,48.61,807.7,188.4,45.3,0,-0.329,50,30,48.18,80.23
16.18,118.2,5,0.644,21.11,48.75,806.6,189.4,46.3,0,-0.446,50,30,48.18,79.16
16.15,114.8,5,0.652,21.1,48.49,808.9,190.1,46.9,0,-0.449,50,30,48.18,78.84
16.11,111.3,5,0.622,21.1,48.72,808.2,187.8,47.6,0,-0.451,50,30,48.18,78.65
16.08,107.9,5,0.6,21.04,48.76,806.5,190.5,46,0,-0.479,50,30,48.18,79.04
16.04,104.4,5,0.577,21.01,49.13,805.2,169.8,46.9,0,-0.494,50,30,48.18,78.19
16.01,101,5,0.578,21.12,48.97,803.3,184.2,47.5,0,-0.437,50,30,48.18,78.83
15.97,97.5,5,0.582,21.05,48.86,801.7,172.9,48,0,-0.475,50,30,48.18,78.03
15.94,94,5,0.596,20.87,48.85,802.5,172.1,49.5,0,-0.563,50,30,48.18,76.89
15.91,90.6,5,0.606,20.93,49.25,802.9,181.1,46.8,0,-0.534,50,30,48.18,78.34
15.87,87.1,5,0.592,20.93,48.87,799.9,174.8,48.1,0.2,-0.536,50,30,48.18,77.65
15.84,83.6,5,0.587,21.01,48.44,797.9,195.6,47.3,0,-0.491,50,30,48.18,78.66
15.8,80.2,5,0.567,20.96,48.17,797.4,173.3,46.5,0,-0.516,50,30,48.18,77.96
15.77,76.7,5,0.585,21.07,48.78,800,161.1,47.3,0,-0.465,50,30,48.18,77.95
15.73,73.2,5,0.603,21.18,48.48,795.9,169.9,46.2,0,-0.408,50,30,48.18,78.86
15.7,69.7,4,0.585,21.14,48.35,795.7,170,47.1,0,-0.43,50,30,48.18,78.37
15.66,66.2,4,0.587,20.97,47.98,791.2,175.2,46.4,0,-0.512,50,30,48.18,78
15.63,62.8,4,0.589,20.77,47.64,789.2,146.6,45,0,-0.611,50,30,48.18,76.69
15.59,59.3,4,0.579,20.69,47.6,788.6,166.7,45.3,0,-0.654,50,30,48.18,76.88
15.56,55.8,4,0.574,20.75,47.28,783.3,189.1,48,0,-0.621,50,30,48.18,76.87
15.52,52.3,4,0.58,20.87,47.87,779.8,169.4,47.5,0.4,-0.564,50,30,48.18,77.1
15.49,48.8,4,0.596,20.73,47.91,779.2,1.5,46,0,-0.63,0,0,0,67.81
15.45,45.4,4,0.57,20.81,48.11,777.1,165.3,46.6,0,-0.593,50,30,48.18,77.08
15.42,41.9,4,0.555,20.89,48.47,776.2,154,45.5,0,-0.552,50,30,48.18,77.52
15.38,38.4,4,0.565,20.76,48.56,775.5,14.7,46.4,0,-0.62,0,0,0,69
15.35,34.9,4,0.569,20.86,48.56,776.4,167.8,46.4,0,-0.57,50,30,48.18,77.57
15.31,31.4,4,0.545,21.05,48.76,774.4,157.1,45.8,0,-0.474,50,30,48.18,78.21
15.28,27.9,3,0.559,20.95,48.34,769.4,159.8,44.9,0,-0.524,50,30,48.18,78.03
15.24,24.4,3,0.527,20.8,48.54,769,157.9,44.2,0,-0.601,50,30,48.18,77.67
15.21,20.9,3,0.501,20.67,48.22,764.3,167.4,47.9,0.6,-0.664,50,30,48.18,76.34
15.17,17.5,3,0.48,20.91,47.92,760.1,189,46.7,0.9,-0.545,50,30,48.18,78.15
15.14,14,3,0.46,20.96,48.3,757.4,139.1,45.6,1.4,-0.52,50,30,48.18,77.34
15.1,10.5,3,0.469,20.85,48.63,755.6,153.6,45,0.6,-0.574,50,30,48.18,77.6
15.07,7,3,0.468,20.78,48.72,750,161.3,43.7,0,-0.607,50,30,48.18,77.97
15.03,3.5,3,0.48,20.81,48.78,745.8,144.2,44.7,0,-0.594,50,30,48.18,77.25
15,0,3,0.495,20.93,48.91,747.2,137.9,45,0,-0.535,50,30,48.18,77.48
14.97,0,3,0.442,20.98,48.87,745.6,168.6,44.2,0,-0.507,50,30,48.18,78.82
14.93,0,3,0.397,21.1,48.79,746.1,148.6,46.9,1,-0.447,50,30,48.18,77.95
14.9,0,3,0.344,21.1,48.83,746.2,143.3,46.6,1.1,-0.451,50,30,48.18,77.88
14.86,0,3,0.31,21.12,49.25,744.7,132.3,45.3,2.1,-0.438,50,30,48.18,78.28
14.83,0,3,0.291,21.19,49.37,747.3,169.9,46.8,1.4,-0.405,50,30,48.18,79.18
14.79,0,3,0.269,21.32,49.67,749.2,138.6,45.9,0.3,-0.338,50,30,48.18,79.01
14.76,0,3,0.253,21.44,49.72,751.8,145.6,45.4,0,-0.281,50,30,48.18,79.79
14.72,0,3,0.204,21.55,49.62,751.7,147.6,45.2,0,-0.226,50,30,48.18,80.27
14.69,0,3,0.198,21.55,49.42,752,136.9,44.8,0.4,-0.225,50,30,48.18,80.06
14.65,0,3,0.197,21.57,49.52,752.9,169.6,42.9,1.3,-0.215,50,30,48.18,81.82
14.62,0,3,0.193,21.64,49.13,753.2,136.3,45,1,-0.181,50,30,48.18,80.25
14.58,0,3,0.175,21.92,48.92,752.2,149.4,46.3,2.6,-0.041,50,30,48.18,81.4
14.55,0,3,0.145,21.78,48.99,755.1,151.1,45.2,1.9,-0.109,50,30,48.18,81.22
14.51,0,3,0.149,21.87,48.61,757.8,131.8,45.6,1.5,-0.064,50,30,48.18,80.69
14.48,0,3,0.14,21.95,49.28,756.5,143.6,45.8,0.8,-0.026,50,30,48.18,81.44
14.44,0,3,0.11,21.78,49.81,759,158.6,46.3,0,-0.11,50,30,48.18,81.23
14.41,0,3,0.094,21.87,50.27,761.4,142.3,44.2,0,-0.065,50,30,48.18,81.67
14.37,0,3,0.071,21.91,50.34,762.5,146,45.3,0,-0.046,50,30,48.18,81.58
14.34,0,3,0.056,22.16,50.85,764.2,153,44.4,0,0.081,50,30,48.18,81.61
14.3,0,3,0.038,22.24,50.96,767.3,167.6,45.3,0.3,0.119,50,30,48.18,81.47
14.27,0,2,0.059,22.14,50.46,768.9,498.7,42.5,3.2,0.07,100,100,100,87.89
14.23,0,2,0.073,22.01,50.6,764.7,150.9,41,2.5,0.006,50,30,48.18,83.45
14.2,0,2,0.079,21.98,50.96,766.7,11.4,42.6,2.4,-0.01,0,0,0,74.9
14.16,0,2,0.049,22.01,50.85,768.2,163.6,43.8,2.7,0.005,50,30,48.18,82.95
14.13,0,2,0.055,22.08,51.13,768.4,161.3,44,4.3,0.039,50,30,48.18,82.62
14.09,0,2,0.032,22.01,51.36,770.9,156.2,43.6,5.4,0.006,50,30,48.18,82.85
14.06,0,2,0.042,22.02,51.9,770.4,154.4,45,6,0.01,50,30,48.18,82.2
14.03,0,2,0.06,21.87,51.86,773.2,0,43.5,5.8,-0.066,0,0,0,73.34
13.99,0,2,0.078,21.89,51.32,771,153.9,44.4,5.1,-0.057,50,30,48.18,82.14
13.96,0,2,0.078,21.92,51.44,771.7,160.9,44.8,6.1,-0.041,50,30,48.18,82.41
13.92,0,2,0.091,21.98,51.23,770.5,159.1,43.8,6.9,-0.01,50,30,48.18,83.06
13.89,0,2,0.097,22.08,50.93,771,142.6,43.1,7.7,0.039,50,30,48.18,82.73
13.85,0,2,0.104,22.03,51.24,766.1,126,40.7,6.9,0.014,50,30,48.18,82.95
13.82,0,2,0.089,21.85,50.9,767.8,148.1,42.2,7.9,-0.078,50,30,48.18,82.92
13.78,0,2,0.104,21.71,50.35,768.6,166.4,42.9,8.6,-0.146,50,30,48.18,83.02
13.75,0,2,0.088,21.56,50.24,768,158.9,41.9,7.6,-0.219,50,30,48.18,82.49
13.71,0,2,0.1,21.62,50.03,767,153.5,42,7.2,-0.191,50,30,48.18,82.56
13.68,0,2,0.083,21.86,49.89,768.2,159.3,43.5,8.8,-0.069,50,30,48.18,83.3
13.65,0,2,0.089,21.94,50.08,767.8,135.9,43.9,9.3,-0.028,50,30,48.18,82.86
13.61,0,2,0.074,22.07,49.92,768.1,508.4,44.2,9.9,0.036,100,100,100,88.36
13.58,0,2,0.042,22.15,49.71,768.6,164.1,41.5,9.6,0.074,50,30,48.18,84.04
13.54,0,2,0.022,22.13,49.98,767.7,157.6,43.7,9.3,0.063,50,30,48.18,83.33
13.51,0,2,0.014,22.05,49.63,770.1,487.4,42.9,8.8,0.024,100,100,100,88.82
13.47,0,2,0.039,22.17,49.88,768.8,136.8,44,9.2,0.086,50,30,48.18,82.41
13.44,0,2,0.023,22.35,50.38,766.2,147.5,43,7.9,0.173,50,30,48.18,82.13
13.41,0,2,0.018,22.36,50.45,764.7,140.6,44.3,8.6,0.18,50,30,48.18,81.53
13.37,0,2,0.015,22.34,50.71,764.4,145.9,41.7,9.1,0.17,50,30,48.18,82.5
13.34,0,1,0.009,22.57,50.35,758,148.8,39.2,8.6,0.286,50,30,48.18,82.31
13.3,0,1,0.034,22.43,50.08,756.8,170,40.2,8.8,0.216,50,30,48.18,83.53
13.27,0,1,0.016,22.3,50,753.2,165.8,41.3,8.2,0.151,50,30,48.18,83.55
13.23,0,1,0.004,22.23,49.87,752,134.9,40.8,8.9,0.114,50,30,48.18,83.06
13.2,0,1,0.024,22.07,50.14,753.6,156.3,40.6,9.7,0.033,50,30,48.18,84.44
13.17,0,1,0.007,22.08,49.59,751.3,156.3,39.6,10.3,0.039,50,30,48.18,84.53
13.13,0,1,0.008,22.07,49.13,753,157.2,40.5,12.7,0.033,50,30,48.18,84.52
13.1,0,1,0,22.08,48.96,750.1,158.9,41.6,13.8,0.04,50,30,48.18,84.22
13.06,0,0,0.016,22.03,48.91,747.4,151.7,27.9,17,0.015,50,30,48.18,84.98
13.03,0,0,0.018,22.05,48.57,744,506,29.6,21.1,0.024,100,100,100,90.34
13,0,0,0.002,21.98,48.53,740.7,135,29.3,25.2,-0.01,50,30,48.18,85.21
12.96,0,0,0,21.98,48.56,736.3,143.3,30.8,27.2,-0.012,50,30,48.18,85.65
12.93,0,0,0.003,21.97,48.02,736.8,151.3,30.8,27.4,-0.016,50,30,48.18,85.68
12.9,0,0,0.007,22.03,47.85,729.5,152.4,29.5,30.2,0.017,50,30,48.18,85.92
12.86,0,0,0,22.03,47.68,729.1,148.4,29.5,31.8,0.016,50,30,48.18,85.9
12.83,0,0,0.022,22.08,47.45,721.7,159.6,31.2,33,0.039,50,30,48.18,86.1
12.79,0,0,0.01,21.97,46.8,717.6,177,30.1,34.6,-0.014,50,30,48.18,86.72
12.76,0,0,0,21.69,46.47,713.3,149.2,31.2,36,-0.154,50,30,48.18,84.86
12.73,0,0,0.001,21.81,46.54,709.4,138,29.7,37.1,-0.096,50,30,48.18,85.09
12.69,0,0,0,21.77,46.17,706.5,165.8,30.8,38.6,-0.115,50,30,48.18,85.79
12.66,0,0,0,21.73,45.95,702.6,166.5,29.2,38.8,-0.133,50,30,48.18,85.62
12.63,0,0,0,21.61,45.8,701.6,504.4,29.5,40.7,-0.194,100,100,100,90
12.59,0,0,0,21.72,46.12,699,149.4,29.2,43.2,-0.137,50,30,48.18,85.58
12.56,0,0,0,21.87,46.1,694.9,140.9,31.6,43.4,-0.067,50,30,48.18,85.87
12.53,0,0,0.005,21.95,46.16,692.5,141.7,30.4,45,-0.026,50,30,48.18,86.38
12.49,0,0,0.008,21.85,46.4,689.6,164.3,31.5,45.2,-0.075,50,30,48.18,86.79
12.46,0,0,0.017,21.99,46.25,686.5,139.8,30.7,46.9,-0.003,50,30,48.18,86.71
12.43,0,0,0.023,21.95,46.22,681.6,136.7,29.6,46.6,-0.024,50,30,48.18,86.43
12.4,0,0,0.023,21.85,46.54,678.3,160.6,30.2,49,-0.074,50,30,48.18,87.13
12.36,0,0,0.042,21.9,46.49,675.8,155.9,30.7,50.5,-0.049,50,30,48.18,87.3
12.33,0,0,0.049,21.94,46.69,670.3,147.2,29.5,52.1,-0.03,50,30,48.18,87.42
12.3,0,0,0.019,21.83,47.33,664.3,156.3,31.2,53.4,-0.084,50,30,48.18,87.66
12.26,0,0,0.029,21.72,47.35,660.3,156.7,31,51.5,-0.141,50,30,48.18,87.06
12.23,0,0,0.009,21.58,47.31,659.8,155.6,30.7,54.2,-0.211,50,30,48.18,86.76
12.2,0,0,0.03,21.54,46.99,655.3,145.3,30.6,56,-0.227,50,30,48.18,86.38
12.17,0,0,0.047,21.61,46.87,655.5,153.5,29.9,55.7,-0.195,50,30,48.18,86.8
12.13,0,0,0.061,21.65,46.47,656.1,151.5,30.8,58.3,-0.173,50,30,48.18,87.02
12.1,0,0,0.066,21.65,46.65,651.1,142.2,29.7,59.1,-0.172,50,30,48.18,86.89
12.07,0,0,0.081,21.74,46.39,649.8,154.7,31.4,60.5,-0.13,50,30,48.18,87.62
12.04,0,0,0.081,21.84,46.3,645.4,136.7,30.9,61.9,-0.079,50,30,48.18,87.57
12,0,0,0.048,21.85,46.63,643.6,151.1,29.3,62.4,-0.075,50,30,48.18,88.21
11.97,0,0,0.059,22.11,46.54,639.9,159.1,30.3,63.3,0.055,50,30,48.18,88.65
11.94,0,0,0.053,21.9,46.91,636.3,152,29.2,66,-0.05,50,30,48.18,88.88
11.91,0,0,0.064,21.98,47.17,635,142.5,31.3,68.7,-0.01,50,30,48.18,89.27
11.87,0,0,0.029,22.15,46.76,628.4,144.1,28.8,69,0.076,50,30,48.18,88.7
11.84,0,0,0.014,22.11,46.31,627.2,145.1,31.9,70.8,0.055,50,30,48.18,88.9
11.81,0,0,0,22.14,46.55,626.1,130.9,29.4,70.9,0.071,50,30,48.18,88.45
11.78,0,0,0,22.11,46.45,619.7,143.4,30,70.1,0.056,50,30,48.18,88.82
11.75,0,0,0,22.16,46.01,621.1,144.6,29.2,71.6,0.081,50,30,48.18,88.65
11.71,0,0,0,22.22,45.5,619.4,0,29.7,72.5,0.108,0,0,0,79.75
11.68,0,0,0,22.21,45.5,619,160.7,31.7,75,0.102,50,30,48.18,89.13
11.65,0,0,0,22.23,45.54,616.9,137,29.5,75.1,0.112,50,30,48.18,88.37
11.62,0,0,0,22.05,45.51,610.1,162,30,77.1,0.027,50,30,48.18,89.95
11.59,0,0,0.023,22.05,45.86,607.3,0,30.4,77,0.025,0,0,0,80.96
11.56,0,0,0.037,21.65,46.03,607.6,174.9,29.5,79.4,-0.174,50,30,48.18,89.66
11.52,0,0,0.028,21.47,46.31,607.2,143,32.2,81.1,-0.261,50,30,48.18,88.32
11.49,0,0,0.038,21.34,46.07,605,141.6,30.6,81.7,-0.327,50,30,48.18,87.75
11.46,0,0,0.052,21.38,46.13,602.4,147.2,30,84.1,-0.307,50,30,48.18,88.33
11.43,0,0,0.041,21.44,46.18,599,160.5,29.8,83.5,-0.275,50,30,48.18,88.93
11.4,0,0,0.012,21.62,46.02,597.1,157,30,85.3,-0.189,50,30,48.18,89.59
11.37,0,0,0.03,21.64,45.62,598.4,153.8,28.7,85.8,-0.176,50,30,48.18,89.49
11.34,0,0,0.039,21.62,45.71,594.4,142.6,31.4,87.6,-0.187,50,30,48.18,89.28
11.31,0,0,0.016,21.82,45.61,592.7,157.8,29.8,88.4,-0.09,50,30,48.18,90.51
11.28,0,0,0,21.84,45.51,589.4,145.5,30.3,89.1,-0.079,50,30,48.18,90.26
11.24,0,0,0.023,21.79,45.21,586.5,156.5,29.4,88.7,-0.102,50,30,48.18,90.27
11.21,0,0,0.039,21.71,44.78,586.3,147.4,31.1,87.9,-0.143,50,30,48.18,89.45
11.18,0,0,0.042,21.4,45.55,580.7,2.2,28.2,88.5,-0.299,0,0,0,80.11
11.15,0,0,0.012,21.5,45.12,580.5,155.4,28.8,89.6,-0.246,50,30,48.18,89.2
11.12,0,0,0.008,21.6,45.31,581.5,131,30.9,90.7,-0.198,50,30,48.18,89.02
11.09,0,0,0.003,21.68,45.12,579.9,166.2,28.6,89.7,-0.156,50,30,48.18,90.21
11.06,0,0,0.019,21.53,44.83,578.9,146.3,30.3,90.4,-0.234,50,30,48.18,88.99
11.03,0,0,0.005,21.61,44.19,577.6,164.4,29.9,89.1,-0.195,50,30,48.18,89.46
11,0,0,0.008,21.6,44.27,575.5,146.1,31.3,88.9,-0.198,50,30,48.18,88.9
10.97,0,0,0.018,21.78,44.68,573,138.4,29.2,89.7,-0.107,50,30,48.18,89.59
10.94,0,0,0,21.78,44.95,568,163.8,29.8,90.3,-0.111,50,30,48.18,90.48
10.91,0,0,0.022,21.75,44.51,567.1,137.3,28.6,89.4,-0.123,50,30,48.18,89.34
10.88,0,0,0.007,21.83,44.28,562.9,156.9,30.6,87.5,-0.083,50,30,48.18,89.95
10.85,0,0,0,21.95,44.48,562.6,154.8,30.1,88.7,-0.026,50,30,48.18,90.51
10.82,0,0,0,22.02,44.32,562,159.1,29.8,88.8,0.012,50,30,48.18,90.69
10.79,0,0,0.01,22.12,44.11,561.5,23.8,30,87.1,0.059,0,0,0,82.85
10.76,0,0,0.006,21.95,43.98,561.9,519.7,29.9,88.6,-0.023,100,100,100,95.23
10.73,0,0,0.013,22.1,44.02,560.3,169.8,31.4,87.9,0.051,50,30,48.18,90.51
10.7,0,0,0.015,22.15,44.79,558.3,157.4,28.5,87.6,0.076,50,30,48.18,90.22
10.67,0,0,0.018,22.15,44.97,555.8,0,29.9,88.9,0.073,0,0,0,81.46
10.64,0,0,0.01,21.94,44.83,551.2,143.8,30.6,89.4,-0.031,50,30,48.18,90.34
10.61,0,0,0.022,21.81,44.86,549.5,151,28.3,90.5,-0.092,50,30,48.18,90.22
10.58,0,0,0.01,21.86,44.83,545.7,6.5,31.2,88.2,-0.068,0,0,0,81.86
10.56,0,0,0.021,21.87,45.28,544.3,157.2,32,88.3,-0.064,50,30,48.18,90.55
10.53,0,0,0.038,22.1,45.32,542.6,142.7,29,88.7,0.049,50,30,48.18,90.28
10.5,0,0,0.024,21.86,45.49,538.5,140.1,30.2,89.3,-0.069,50,30,48.18,90.18
10.47,0,0,0.035,21.88,45.27,534.5,163.2,30.1,89.7,-0.058,50,30,48.18,90.92
10.44,0,0,0.042,21.81,45.52,532.2,139.5,29.5,89.8,-0.092,50,30,48.18,90.06
10.41,0,0,0.06,21.68,45.26,532.1,130.1,31.2,89.9,-0.158,50,30,48.18,89.18
10.38,0,0,0.069,21.76,45.83,530.7,0,28.4,88.7,-0.119,0,0,0,81.41
10.35,0,0,0.037,21.75,46.01,529.2,165.4,27.6,89.8,-0.122,50,30,48.18,90.79
10.33,0,0,0.032,21.77,45.71,527.9,143.1,30,91.6,-0.112,50,30,48.18,90.26
10.3,0,0,0.028,21.68,45.63,527.6,149.9,30.8,91.1,-0.157,50,30,48.18,90.05
10.27,0,0,0.023,21.46,45.61,526.5,143.3,31.1,88.4,-0.265,50,30,48.18,88.76
10.24,0,0,0,21.73,45.44,526.3,156.6,29,90.3,-0.135,50,30,48.18,90.26
10.21,0,0,0,21.78,45.23,527.5,148,31.6,91.1,-0.109,50,30,48.18,90.19
10.19,0,0,0.006,21.95,44.89,524.8,502.2,30.9,92.9,-0.023,100,100,100,96.18
10.16,0,0,0,22.09,44.78,524.2,149.2,29,91.2,0.044,50,30,48.18,90.56
10.13,0,0,0,21.97,45.57,522.4,155,29.6,91,-0.017,50,30,48.18,91.22
10.1,0,0,0.009,21.94,45.49,518.8,140.4,29.7,92.8,-0.029,50,30,48.18,90.84
10.07,0,0,0,21.88,45.52,520.7,159.5,30.5,94,-0.061,50,30,48.18,91.31
10.05,0,0,0,22.05,45.2,518.6,156.7,29.3,93.7,0.023,50,30,48.18,91.36
10.02,0,0,0,21.99,45.05,516.3,166.1,30.2,93.2,-0.003,50,30,48.18,91.69
9.99,0,0,0,21.85,45,517.9,160.6,31.5,94.9,-0.072,50,30,48.18,91.15
9.97,0,0,0,21.71,45.58,517.9,158.2,31,94.5,-0.142,50,30,48.18,90.73
9.94,0,0,0.001,21.78,45.52,519.3,0,30,94.1,-0.107,0,0,0,81.93
9.91,0,0,0,21.88,45.49,517.1,156.3,31.8,94.7,-0.06,50,30,48.18,91.27
9.88,0,0,0.006,21.89,44.87,514.6,151.6,30.2,96.2,-0.054,50,30,48.18,91.11
9.86,0,0,0,22.04,44.62,512.4,486.1,30,96.5,0.018,100,100,100,96.64
9.83,0,0,0.014,22.01,44.59,511.6,149.7,31.9,97.3,0.006,50,30,48.18,91.41
9.8,0,0,0.035,22.2,44.89,514.3,138.1,31,97.7,0.101,50,30,48.18,90.5
9.78,0,0,0.042,22.29,44.53,512.8,6.2,30.9,97,0.142,0,0,0,82.04
9.75,0,0,0.011,22.16,44.46,507.9,155.5,31,97.8,0.078,50,30,48.18,91.04
9.73,0,0,0,22.2,44.75,508.3,137.4,31,97.2,0.101,50,30,48.18,90.38
9.7,0,0,0,21.95,44.34,506,150,30.2,96.7,-0.027,50,30,48.18,91.1
9.67,0,0,0.009,21.86,44.26,504.6,152.1,30.2,96.5,-0.071,50,30,48.18,90.79
9.65,0,0,0,21.9,43.99,503.2,144.7,30.1,96.6,-0.049,50,30,48.18,90.63
9.62,0,0,0,21.75,43.94,501.1,144.9,29,97.2,-0.124,50,30,48.18,90.13
9.6,0,0,0,21.83,43.96,499.2,143.5,29.8,97.4,-0.082,50,30,48.18,90.42
9.57,0,0,0,21.92,44.12,498.2,153.7,32.3,97.2,-0.041,50,30,48.18,91.08
9.54,0,0,0,21.83,43.77,497.4,169.4,29.9,96.1,-0.084,50,30,48.18,90.99
9.52,0,0,0.011,21.74,43.49,496.7,145.4,30,96.7,-0.131,50,30,48.18,89.88
9.49,0,0,0.016,21.73,42.85,495.3,165.1,29.4,97.5,-0.134,50,30,48.18,90.28
9.47,0,0,0.015,21.84,42.81,498.7,166.8,28.5,98,-0.08,50,30,48.18,90.76
9.44,0,0,0.029,21.94,43.59,494,162.5,29.3,98.2,-0.032,50,30,48.18,91.31
9.42,0,0,0.027,21.9,43.99,490.4,150.9,30.8,100,-0.051,50,30,48.18,91.15
9.39,0,0,0.029,21.9,44.3,491.9,147,29.9,100,-0.05,50,30,48.18,91.15
9.37,0,0,0.019,21.86,44.25,492.5,154.2,29.2,99.3,-0.068,50,30,48.18,91.15
9.34,0,0,0,22.16,44.39,490.9,153.1,30.7,100,0.079,50,30,48.18,91.15
9.32,0,0,0,21.89,44.67,487.2,155.7,30.5,98.8,-0.056,50,30,48.18,91.39
9.29,0,0,0.007,21.82,45.09,485.7,148.3,30.1,100,-0.091,50,30,48.18,91.18
9.27,0,0,0,21.91,45.11,486.4,9.8,30.1,97.7,-0.043,0,0,0,83.34
9.25,0,0,0.009,21.91,45.14,485.2,160.9,32.3,99,-0.042,50,30,48.18,91.84
9.22,0,0,0,21.91,44.8,484.3,155.7,30.7,98.6,-0.046,50,30,48.18,91.5
9.2,0,0,0.006,21.86,44.11,482.8,148,31.2,96.6,-0.071,50,30,48.18,90.62
9.17,0,0,0.03,21.81,43.89,481.1,159.3,29.8,95.4,-0.093,50,30,48.18,90.59
9.15,0,0,0.034,21.78,43.68,476.4,153.7,29.9,93.6,-0.108,50,30,48.18,90.05
9.13,0,0,0.012,21.89,43.11,475.7,160.4,29.7,93.6,-0.053,50,30,48.18,90.45
9.1,0,0,0.027,21.74,42.74,473.4,151,29.8,92.6,-0.129,50,30,48.18,89.35
9.08,0,0,0.024,21.85,42.9,470.9,155.3,29.6,92.4,-0.072,50,30,48.18,89.96
9.05,0,0,0.003,21.95,43.56,470.2,143,31.6,93.2,-0.023,50,30,48.18,90.29
9.03,0,0,0.027,21.96,43.84,471.4,162.9,28.9,93,-0.019,50,30,48.18,90.98
9.01,0,0,0.024,21.93,43.77,465.2,160.5,29.7,94.7,-0.032,50,30,48.18,90.97
8.99,0,0,0.044,21.83,43.89,465.6,140.2,30.2,94.6,-0.083,50,30,48.18,90.01
8.96,0,0,0.036,21.8,43.87,467.2,149,28.3,95.8,-0.097,50,30,48.18,90.28
8.94,0,0,0.042,21.74,44.11,466.2,137.1,29.8,96.4,-0.127,50,30,48.18,89.85
8.92,0,0,0.054,21.86,44.35,462.5,498.8,30.1,98.2,-0.072,100,100,100,96.17
8.89,0,0,0.07,21.68,44.3,462.9,158.3,29,97.9,-0.158,50,30,48.18,90.48
8.87,0,0,0.072,21.64,44.84,464.3,159.6,30.3,98,-0.177,50,30,48.18,90.59
8.85,0,0,0.057,21.6,44.7,460.8,154.3,29.7,99.6,-0.199,50,30,48.18,90.37
8.83,0,0,0.043,21.77,44.54,460.4,158.8,31.2,99.4,-0.112,50,30,48.18,91.07
8.8,0,0,0.029,21.92,45.16,459.3,149.7,31,98.3,-0.042,50,30,48.18,91.45
8.78,0,0,0.014,21.98,45.11,461,152.4,29.4,98.4,-0.01,50,30,48.18,91.76
8.76,0,0,0.03,21.87,45.88,462.3,142.4,28.8,99.3,-0.066,50,30,48.18,91.42
8.74,0,0,0.018,22.14,45.39,462.6,155.9,30.5,100,0.071,50,30,48.18,91.68
8.72,0,0,0.027,22.05,45.37,461.1,151.2,27.7,100,0.025,50,30,48.18,91.87
8.7,0,0,0.012,22.07,45.04,464,148.7,29.3,100,0.035,50,30,48.18,91.6
8.67,0,0,0.005,22.08,45.23,463.9,506,29.3,100,0.038,100,100,100,96.87
8.65,0,0,0.007,22.09,45.5,462.7,151.1,29.6,100,0.046,50,30,48.18,91.77
8.63,0,0,0.001,22.23,45.36,461.4,154.1,29.4,100,0.115,50,30,48.18,91.28
8.61,0,0,0.02,22.14,45.4,459.6,145.2,30.9,100,0.068,50,30,48.18,91.38
8.59,0,0,0,22.12,44.64,460.2,133.6,31,100,0.061,50,30,48.18,90.8
8.57,0,0,0,22.07,44.93,458.9,152.6,29.3,100,0.035,50,30,48.18,91.67
8.55,0,0,0.013,21.84,44.92,457.3,161.6,29.5,100,-0.08,50,30,48.18,91.6
8.53,0,0,0.001,21.86,45.03,457.4,144.6,28.4,100,-0.071,50,30,48.18,91.2
8.51,0,0,0.025,21.92,44.81,457.5,150.3,31,100,-0.038,50,30,48.18,91.54
8.49,0,0,0.039,21.91,44.91,455.3,142.5,30.4,100,-0.046,50,30,48.18,91.28
8.47,0,0,0.036,21.95,45.2,458.8,516.9,29.3,100,-0.027,100,100,100,96.83
8.45,0,0,0.028,22.07,44.7,459.2,162.7,28.2,99.2,0.034,50,30,48.18,91.82
8.43,0,0,0.014,22.05,45.16,458,158.9,30.1,100,0.023,50,30,48.18,92.04
8.41,0,0,0.027,21.97,44.56,458.6,145.4,30.6,100,-0.013,50,30,48.18,91.48
8.39,0,0,0.022,21.74,44.89,460.1,150.2,31.4,99.7,-0.127,50,30,48.18,90.87
8.37,0,0,0,21.81,45.19,457,492.4,30.6,100,-0.092,100,100,100,96.58
8.35,0,0,0.014,21.85,45.44,454.1,153.1,28.9,100,-0.072,50,30,48.18,91.6
8.33,0,0,0,22.07,45.53,459.6,160.2,29.1,100,0.037,50,30,48.18,92.11
8.31,0,0,0,22.17,45.73,459.4,126.7,30.1,100,0.085,50,30,48.18,90.82
8.29,0,0,0.013,22.05,45.62,458.6,156.3,31.3,100,0.025,50,30,48.18,92.12
8.27,0,0,0.036,22.01,45.03,458.8,150.7,30.6,100,0.004,50,30,48.18,91.89
8.25,0,0,0.016,22.18,45.27,460.3,140,30.3,100,0.089,50,30,48.18,91.02
8.23,0,0,0.021,22.04,45.97,461.2,146.4,30.8,100,0.021,50,30,48.18,91.98
8.22,0,0,0.022,22.09,46.07,458.2,146.5,29.9,100,0.045,50,30,48.18,91.85
8.2,0,0,0,21.99,45.96,458.5,494.7,28.5,100,-0.007,100,100,100,97.48
8.18,0,0,0.003,21.91,45.95,458.9,144.2,31.8,99.6,-0.043,50,30,48.18,91.7
8.16,0,0,0.012,21.95,45.69,455.7,149.4,29.2,100,-0.025,50,30,48.18,91.94
8.14,0,0,0.014,22.03,46.1,458.3,150.8,29,100,0.015,50,30,48.18,92.21
8.12,0,0,0.017,22.06,46.02,456.7,194.8,29.2,98.8,0.031,50,30,48.18,93.26
8.11,0,0,0,21.98,45.78,456.6,169.6,29.4,98.4,-0.012,50,30,48.18,92.52
8.09,0,0,0,21.68,45.31,460.1,156.4,31.2,97.7,-0.157,50,30,48.18,90.78
8.07,0,0,0.016,21.68,45.12,462.5,151.6,31.9,98,-0.159,50,30,48.18,90.59
8.05,0,0,0.018,21.91,44.97,460.1,153.6,29.3,99.8,-0.043,50,30,48.18,91.64
8.04,0,0,0.003,22.01,44.75,460.6,146,30.4,100,0.003,50,30,48.18,91.65
8.02,0,0,0,22.02,44.82,458.5,142,28.5,100,0.012,50,30,48.18,91.49
8,0,0,0,21.95,44.96,455.4,138.1,31.5,100,-0.026,50,30,48.18,91.32
7.99,0,0,0,21.96,44.56,453.8,151.4,28.6,99.2,-0.018,50,30,48.18,91.54
7.97,0,0,0.017,21.84,44.8,453.5,155,29.9,100,-0.077,50,30,48.18,91.38
7.95,0,0,0.006,21.81,45.22,455.4,142.8,31.5,100,-0.094,50,30,48.18,91.05
7.94,0,0,0.005,21.67,45.44,454.5,0,30,98.9,-0.165,0,0,0,81.94
7.92,0,0,0.019,21.72,45.3,453.5,162.7,30.3,100,-0.14,50,30,48.18,91.33
7.9,0,0,0.012,21.75,45.51,452.4,149.5,29.2,100,-0.124,50,30,48.18,91.13
7.89,0,0,0.007,21.86,45.64,450.9,182.1,29.4,100,-0.067,50,30,48.18,92.58
7.87,0,0,0.023,21.9,46.3,451.2,151.6,30.5,100,-0.051,50,30,48.18,92.04
7.86,0,0,0.035,21.88,46.21,450.2,151.4,29.4,99.5,-0.06,50,30,48.18,91.87
7.84,0,0,0.052,21.75,46.49,446.9,136.5,29.1,100,-0.123,50,30,48.18,91.11
7.83,0,0,0.037,21.74,46.63,445.3,141,30.1,100,-0.132,50,30,48.18,91.24
7.81,0,0,0.007,21.76,46.41,445.4,160.8,30.2,99.4,-0.118,50,30,48.18,91.8
7.79,0,0,0.026,21.86,46.14,446.4,157.9,29.9,99.1,-0.069,50,30,48.18,91.94
7.78,0,0,0.033,21.82,45.83,445.4,159.4,31.4,100,-0.088,50,30,48.18,91.81
7.76,0,0,0.026,21.68,45.51,444.5,135.8,28.5,99.8,-0.156,50,30,48.18,90.46
7.75,0,0,0.007,21.68,45.35,446.5,141.9,29.5,100,-0.16,50,30,48.18,90.57
7.73,0,0,0.005,21.66,45,446.8,150.1,30.6,99.4,-0.168,50,30,48.18,90.57
7.72,0,0,0.019,21.66,44.93,448.1,156,31.1,99.8,-0.168,50,30,48.18,90.76
7.71,0,0,0.009,21.94,44.67,448.7,483.6,28.6,99.9,-0.031,100,100,100,96.92
7.69,0,0,0.03,21.97,44.53,448.3,176,29,100,-0.015,50,30,48.18,92.38
7.68,0,0,0.023,21.85,44.37,452.1,143.6,30.9,100,-0.076,50,30,48.18,90.89
7.66,0,0,0.025,21.73,44.59,450.3,139.6,29.5,98.9,-0.134,50,30,48.18,90.3
7.65,0,0,0.005,21.85,44.13,446.8,161,30.2,100,-0.075,50,30,48.18,91.33
7.64,0,0,0.024,21.62,44.4,448.1,142.3,30.6,100,-0.188,50,30,48.18,90.02
7.62,0,0,0.035,21.56,44.37,447.7,162.5,29.8,99.1,-0.216,50,30,48.18,90.31
7.61,0,0,0.047,21.44,43.79,444.8,19.1,28.7,98.1,-0.279,0,0,0,81.82
7.6,0,0,0.02,21.42,43.47,445.2,139.6,28.9,98.6,-0.286,50,30,48.18,88.71
7.58,0,0,0.02,21.42,43.58,444.4,162.4,29.3,98.6,-0.287,50,30,48.18,89.43
7.57,0,0,0.039,21.46,43.82,442.7,156.2,31.8,98.3,-0.265,50,30,48.18,89.47
7.56,0,0,0.021,21.49,43.27,442.9,144.7,30.2,97,-0.25,50,30,48.18,88.9
7.54,0,0,0.009,21.71,43.34,444.5,155.8,30.5,95.4,-0.145,50,30,48.18,89.89
7.53,0,0,0,21.8,43.9,443.3,148.9,29.8,93.1,-0.098,50,30,48.18,90.02
7.52,0,0,0.011,21.76,44.14,441.8,144.9,30,93.2,-0.117,50,30,48.18,89.85
7.51,0,0,0.006,21.81,44,437.6,147,30.3,92.6,-0.092,50,30,48.18,89.99
7.49,0,0,0.005,21.88,44.19,440.6,158.9,29.6,93.6,-0.058,50,30,48.18,90.77
7.48,0,0,0.023,21.98,43.99,441.7,158.1,31.4,94.2,-0.008,50,30,48.18,91.11
7.47,0,0,0.032,21.79,43.92,441.4,140.4,30.2,94.6,-0.102,50,30,48.18,89.88
7.46,0,0,0.039,21.64,43.77,439.6,165.3,28.5,93,-0.18,50,30,48.18,89.83
7.45,0,0,0.035,21.55,43.46,437.9,188.1,28.5,92.4,-0.224,50,30,48.18,90
7.44,0,0,0.028,21.69,43.38,439.6,147.5,30.2,91.6,-0.154,50,30,48.18,89.21
7.42,0,0,0.002,21.82,43.77,438.6,137.1,30.6,93,-0.088,50,30,48.18,89.67
7.41,0,0,0,21.85,43.66,436,0,29,93.3,-0.075,0,0,0,81.39
7.4,0,0,0,22.03,43.55,435.9,151.7,30.9,94.3,0.014,50,30,48.18,90.72
7.39,0,0,0,21.87,43.34,435.7,493.9,28.4,93.8,-0.062,100,100,100,95.48
7.38,0,0,0,21.85,43.7,437.7,147.1,28.8,96.2,-0.074,50,30,48.18,90.37
7.37,0,0,0.01,21.81,44.11,437.9,141.2,28.8,96.6,-0.094,50,30,48.18,90.24
7.36,0,0,0.019,21.72,44.56,434.8,144.2,29,97.2,-0.139,50,30,48.18,90.23
7.35,0,0,0.015,21.86,44.65,438.4,146.7,29.8,97.7,-0.067,50,30,48.18,90.91
7.34,0,0,0,22.01,44.7,437.4,160.2,30.2,97.4,0.005,50,30,48.18,91.77
7.33,0,0,0,22.15,44.46,438.4,136.2,31.6,95.2,0.074,50,30,48.18,90.24
7.32,0,0,0.011,22.09,44.46,438.2,146.4,30,96.9,0.045,50,30,48.18,90.92
7.31,0,0,0.022,21.88,44.01,439.5,143.8,30.2,95,-0.058,50,30,48.18,90.39
7.3,0,0,0.016,21.79,43.72,438.4,152.2,29.6,97.8,-0.105,50,30,48.18,90.46
7.29,0,0,0.018,21.68,43.83,437,150.3,29.4,98.3,-0.157,50,30,48.18,90.11
7.28,0,0,0.022,21.69,44.1,437.8,148.8,29.8,98.2,-0.153,50,30,48.18,90.19
7.27,0,0,0,21.81,43.59,436.8,153.3,30.6,99.8,-0.095,50,30,48.18,90.73
7.26,0,0,0.004,21.96,43.39,436.1,133.2,31.3,98.9,-0.018,50,30,48.18,90.53
7.25,0,0,0.019,21.9,43.64,433.3,142.5,30.1,99.1,-0.051,50,30,48.18,90.68
7.25,0,0,0.038,21.69,43.07,435.2,138,31.4,100,-0.155,50,30,48.18,89.64
7.24,0,0,0.052,21.66,42.56,437.2,158.5,28.6,100,-0.17,50,30,48.18,89.95
7.23,0,0,0.047,21.71,42.89,434.9,136.5,31.9,100,-0.141,50,30,48.18,89.63
7.22,0,0,0.043,21.57,43.43,436,0,28.8,98.2,-0.214,0,0,0,80.75
7.21,0,0,0.015,21.74,43.13,434.4,507.6,28.8,98.2,-0.127,100,100,100,95.21
7.21,0,0,0,21.9,43.54,432.6,143.2,29.7,99.1,-0.048,50,30,48.18,90.67
7.2,0,0,0.009,21.93,43.21,432.3,138.9,31.8,99.4,-0.036,50,30,48.18,90.56
7.19,0,0,0.022,21.95,43.2,433.6,150.8,31.4,99.4,-0.024,50,30,48.18,91
7.18,0,0,0.008,21.93,42.85,429.8,155.1,31.6,99.6,-0.033,50,30,48.18,90.94
7.17,0,0,0.006,21.81,43.17,431.3,158.2,30.3,98.9,-0.093,50,30,48.18,90.63
7.17,0,0,0.024,22.06,43.39,430.8,500.4,31.9,99.7,0.03,100,100,100,96.26
7.16,0,0,0.022,21.87,42.68,430.5,144.7,30.9,100,-0.065,50,30,48.18,90.36
7.15,0,0,0,21.86,42.41,433.7,145.8,31.9,99.4,-0.068,50,30,48.18,90.22
7.15,0,0,0.005,21.94,42.59,431.2,140,30.8,99.7,-0.031,50,30,48.18,90.41
7.14,0,0,0,22.04,43.12,429.7,135.3,27.4,98.4,0.021,50,30,48.18,90.43
7.13,0,0,0,22.03,42.83,432.3,156.3,31.2,99.1,0.013,50,30,48.18,91.07
7.13,0,0,0.007,21.91,42.84,431.1,156.6,30.6,97.7,-0.044,50,30,48.18,90.71
7.12,0,0,0,22.04,42.9,429.9,140.4,29.3,98.3,0.02,50,30,48.18,90.49
7.12,0,0,0.015,21.89,42.43,430.1,154.2,31.1,100,-0.054,50,30,48.18,90.64
7.11,0,0,0,22.09,42.88,427.9,148.1,31.1,99.8,0.042,50,30,48.18,90.69
7.1,0,0,0.001,22.07,43.3,429,138.8,30.2,98.4,0.036,50,30,48.18,90.48
7.1,0,0,0,22.14,42.68,428.8,126.7,29.9,100,0.067,50,30,48.18,89.81
7.09,0,0,0,21.99,43.14,429.7,146.1,30.4,100,-0.004,50,30,48.18,91.04
7.09,0,0,0.02,21.91,43.43,431.8,149.5,30.1,100,-0.045,50,30,48.18,90.94
7.08,0,0,0.011,22.21,43.7,430,139,31,100,0.102,50,30,48.18,90.3
7.08,0,0,0.031,22.19,43.37,429.6,162,30.1,99,0.094,50,30,48.18,90.83
7.07,0,0,0.009,22.28,43.13,427.7,165.7,29.7,99.6,0.14,50,30,48.18,90.56
7.07,0,0,0.018,22.2,43.46,427.6,143.9,29.2,100,0.1,50,30,48.18,90.37
7.06,0,0,0,22.21,43.92,430.2,151.3,29.2,100,0.106,50,30,48.18,90.72
7.06,0,0,0,22.18,43.63,431.6,168.1,30.4,100,0.089,50,30,48.18,91.24
7.06,0,0,0,22.14,43.9,433.1,0,29.8,98.3,0.067,0,0,0,82.04
7.05,0,0,0,22.11,44.26,431.2,157.7,29.3,97.7,0.053,50,30,48.18,91.21
7.05,0,0,0,22.16,44.93,429.6,168.8,29.9,98.8,0.079,50,30,48.18,91.7
7.04,0,0,0.004,21.96,44.81,433.7,139.1,30.4,100,-0.02,50,30,48.18,91.33
7.04,0,0,0,22.03,45.28,432.8,162.1,29.7,100,0.017,50,30,48.18,92.22
7.04,0,0,0,21.9,45.27,429.1,162.8,30,100,-0.049,50,30,48.18,92
7.03,0,0,0.022,21.85,45.03,428.1,141.7,28,100,-0.076,50,30,48.18,91.08
7.03,0,0,0.012,21.62,45.56,431,149.9,29.9,100,-0.187,50,30,48.18,90.69
7.03,0,0,0.028,21.55,45.92,431.1,142.3,30.2,100,-0.221,50,30,48.18,90.34
7.02,0,0,0.018,21.48,45.94,430.7,159.7,28.6,100,-0.259,50,30,48.18,90.59
7.02,0,0,0.03,21.54,46.02,427.9,128.4,28.8,100,-0.226,50,30,48.18,89.92
7.02,0,0,0.039,21.71,46.01,425.3,156.3,30.7,99.4,-0.142,50,30,48.18,91.32
7.02,0,0,0.02,21.7,45.89,424.6,163,29.7,99.3,-0.148,50,30,48.18,91.43
7.01,0,0,0,21.64,45.96,425.2,157.7,29.3,98.5,-0.177,50,30,48.18,90.99
7.01,0,0,0,21.8,45.84,425.9,141.5,29.2,98.9,-0.098,50,30,48.18,91.1
7.01,0,0,0,21.73,45.7,426.7,137.4,30.5,98.6,-0.134,50,30,48.18,90.62
7.01,0,0,0.005,21.92,46.09,430.8,148.7,30.5,97.7,-0.041,50,30,48.18,91.72
7.01,0,0,0.012,21.88,45.85,433.3,162.8,30.7,97,-0.059,50,30,48.18,91.85
7.01,0,0,0.011,21.91,46.1,435.7,156.8,29.2,97.3,-0.045,50,30,48.18,91.89
7,0,0,0.005,22.1,46.56,435.4,153.1,28.1,95.9,0.052,50,30,48.18,91.76
7,0,0,0.018,22.12,46.98,437.5,147.6,28.7,95.7,0.059,50,30,48.18,91.68
7,0,0,0.022,21.96,46.75,436.1,495.9,30.8,95.9,-0.022,100,100,100,97.25
7,0,0,0.041,22,46.37,437.3,146.4,29.4,95.5,0.002,50,30,48.18,91.83
7,0,0,0.033,21.96,46.92,438.8,150.5,31.9,96.2,-0.019,50,30,48.18,92.1
7,0,0,0.012,21.89,46.57,440.5,157.7,29.7,96.8,-0.054,50,30,48.18,91.98
7,0,0,0.02,21.98,46.24,441.4,163.8,32.6,96.4,-0.009,50,30,48.18,92.34
7,0,0,0.038,21.89,46.37,441.1,141.2,29.8,98.3,-0.053,50,30,48.18,91.56
7,0,0,0.013,21.91,46.68,442.6,4,29.2,97.5,-0.044,0,0,0,83.48
7,0,0,0.034,21.75,46.31,443.3,160.8,29.9,96.3,-0.125,50,30,48.18,91.39
7,0,0,0.044,21.77,46.38,444.4,139.1,28.8,97,-0.113,50,30,48.18,90.92
7,0,0,0.014,22,46.16,443.6,516.7,32.9,99.9,0.002,100,100,100,97.36
7,0,0,0.009,22.15,46.26,443.8,147.1,30.7,99,0.073,50,30,48.18,91.62
7,0,0,0.019,22.23,46.22,447.8,8.6,30.1,100,0.116,0,0,0,83.35
7,0,0,0.016,21.94,46.05,444.7,139.8,29.4,100,-0.03,50,30,48.18,91.75
7,0,0,0.031,21.92,45.57,442.3,141.6,30.5,100,-0.042,50,30,48.18,91.53
7,0,0,0.029,21.74,44.92,443.8,151.7,28.1,100,-0.127,50,30,48.18,90.95
7.01,0,0,0.027,21.64,44.6,443.9,148,32.1,100,-0.18,50,30,48.18,90.33
7.01,0,0,0.046,21.62,44.73,445.6,141.3,32.7,100,-0.188,50,30,48.18,90.11
7.01,0,0,0.049,21.52,44.45,444.9,149.3,29.4,100,-0.238,50,30,48.18,89.87
7.01,0,0,0.065,21.54,44.29,445.6,148.6,31.1,99.8,-0.229,50,30,48.18,89.84
7.01,0,0,0.059,21.46,45,445.4,136.6,30.3,99.5,-0.267,50,30,48.18,89.42
7.01,0,0,0.047,21.43,45.41,446.4,133.3,31.8,98.9,-0.283,50,30,48.18,89.31
7.02,0,0,0.05,21.42,45.61,445.1,167.4,30,98,-0.288,50,30,48.18,90.28
7.02,0,0,0.019,21.45,45.9,446.7,153.6,30.5,98.7,-0.275,50,30,48.18,90.13
7.02,0,0,0.021,21.7,45.3,446.5,151.7,30.4,97.7,-0.149,50,30,48.18,90.7
7.02,0,0,0.005,21.79,45.19,445.2,18.4,31.2,94.8,-0.106,0,0,0,83.26
7.03,0,0,0.027,21.81,45.38,444.4,139.1,29.1,95.5,-0.095,50,30,48.18,90.54
7.03,0,0,0.021,21.7,45.63,443.5,141.1,31.3,95.7,-0.151,50,30,48.18,90.29
7.03,0,0,0.028,21.86,46,441.7,160.4,28.4,96.9,-0.067,50,30,48.18,91.75
7.04,0,0,0.022,21.81,46.23,443.8,142.9,31,96.7,-0.093,50,30,48.18,91.1
7.04,0,0,0.037,21.79,46.16,444.6,133.3,30.2,96.2,-0.105,50,30,48.18,90.65
7.04,0,0,0.046,21.81,45.7,443.4,144.6,30.3,96.1,-0.095,50,30,48.18,90.88
7.05,0,0,0.027,21.83,46.14,443.8,152.4,30.7,96.6,-0.083,50,30,48.18,91.42
7.05,0,0,0,21.91,45.57,441,154.8,29.5,96.8,-0.047,50,30,48.18,91.58
7.06,0,0,0.006,22.08,45.93,441.2,156.8,30.1,97.6,0.039,50,30,48.18,91.91
7.06,0,0,0,22.15,46.01,441,144.9,31,98.3,0.075,50,30,48.18,91.38
7.06,0,0,0,22.25,46.07,438.4,166.4,28.8,98.5,0.126,50,30,48.18,91.69
7.07,0,0,0,22.06,45.49,435.9,137.6,31.6,99,0.028,50,30,48.18,91.39
7.07,0,0,0.024,22.27,45.47,434,163.2,30.1,100,0.136,50,30,48.18,91.44
7.08,0,0,0.015,22.15,44.71,431.6,500.9,31.4,100,0.076,100,100,100,96.43
7.08,0,0,0.02,21.9,44.94,428.8,150.6,31.1,100,-0.049,50,30,48.18,91.51
7.09,0,0,0.001,22.05,44.79,432.2,494.7,29.1,100,0.024,100,100,100,96.92
7.09,0,0,0,22.11,44.79,430.5,164.1,30.1,100,0.057,50,30,48.18,91.8
7.1,0,0,0.02,21.9,44.59,430,131.2,31.3,99.5,-0.047,50,30,48.18,90.76
7.1,0,0,0,21.78,43.93,432.2,159.1,30.2,99.4,-0.111,50,30,48.18,90.86
7.11,0,0,0,21.87,44.11,430.5,128.5,29.5,99.4,-0.062,50,30,48.18,90.38
7.12,0,0,0.019,21.7,44.28,426.9,157.9,28.8,100,-0.149,50,30,48.18,90.73
7.12,0,0,0.032,21.62,45.11,427.5,141.4,30.1,98.8,-0.186,50,30,48.18,90.15
7.13,0,0,0.006,21.64,45.01,427.4,144.3,30,99.9,-0.18,50,30,48.18,90.36
7.13,0,0,0.008,21.61,44.75,424.4,160,28.2,99,-0.194,50,30,48.18,90.53
7.14,0,0,0.006,21.63,44.31,429.8,133.5,30.2,99.1,-0.184,50,30,48.18,89.66
7.15,0,0,0.023,21.62,44.06,427.1,154.4,32.4,97.9,-0.189,50,30,48.18,90.04
7.15,0,0,0.005,21.67,43.9,427.3,149.1,30,98,-0.161,50,30,48.18,90.04
7.16,0,0,0.007,21.81,44.19,425.2,132.7,28.8,99.1,-0.095,50,30,48.18,90.26
7.17,0,0,0.02,21.89,44.7,423.7,141.4,29.6,99,-0.055,50,30,48.18,91
7.17,0,0,0.006,21.83,45.29,421.4,131.3,33.1,98,-0.082,50,30,48.18,90.62
7.18,0,0,0.02,21.98,44.96,422.5,152.8,28.5,99.3,-0.008,50,30,48.18,91.82
7.19,0,0,0,21.96,44.92,426.2,506.5,30.2,99.7,-0.019,100,100,100,96.85
7.2,0,0,0.018,22.08,44.55,427.1,486.8,29.6,99.7,0.04,100,100,100,96.76
7.21,0,0,0.017,22.03,44.54,429.9,147.6,30.2,99.7,0.013,50,30,48.18,91.52
7.21,0,0,0.034,21.83,44.29,428.1,143.3,31.1,100,-0.084,50,30,48.18,90.79
7.22,0,0,0.05,21.87,44.56,433.2,147.1,28.5,100,-0.064,50,30,48.18,91.15
7.23,0,0,0.04,21.71,44.35,431.1,145.1,29.3,99.2,-0.142,50,30,48.18,90.35
7.24,0,0,0.045,21.7,44.7,431.4,146.8,29.8,99.2,-0.149,50,30,48.18,90.48
7.25,0,0,0.03,21.8,44.98,433.2,142.3,29.4,99,-0.097,50,30,48.18,90.82
7.25,0,0,0.029,21.72,45.46,433.4,134.5,27.9,99,-0.138,50,30,48.18,90.46
7.26,0,0,0.017,21.7,45.83,433.8,159,29.6,100,-0.149,50,30,48.18,91.34
7.27,0,0,0.013,21.75,44.87,435.3,130.4,31.2,100,-0.122,50,30,48.18,90.33
7.28,0,0,0.023,21.75,44.85,433.9,145.5,31.4,100,-0.123,50,30,48.18,90.77
7.29,0,0,0.036,21.82,44.33,431.8,506,30,99.8,-0.09,100,100,100,96.12
7.3,0,0,0.043,21.81,44.52,432.7,159.2,29.2,99.7,-0.094,50,30,48.18,91.25
7.31,0,0,0.037,21.67,44.65,434,144.1,29.2,99.4,-0.162,50,30,48.18,90.3
7.32,0,0,0.054,21.55,44.84,437.9,146.3,28.8,99.7,-0.223,50,30,48.18,90.01
7.33,0,0,0.045,21.42,44.92,434.9,154,30.6,99.7,-0.287,50,30,48.18,89.79
7.34,0,0,0.03,21.53,44.96,433.5,153.6,30.9,99.9,-0.232,50,30,48.18,90.22
7.35,0,0,0.045,21.64,45.21,433.6,143,30.8,100,-0.179,50,30,48.18,90.41
7.36,0,0,0.036,21.54,45.63,432.7,138.2,30.9,99.4,-0.226,50,30,48.18,90.01
7.37,0,0,0.016,21.56,45.41,429.9,151.7,30,99.8,-0.217,50,30,48.18,90.44
7.38,0,0,0.022,21.51,45.09,432.5,140.4,30.5,100,-0.244,50,30,48.18,89.8
7.39,0,0,0.042,21.69,45.15,430.1,135,28.2,99,-0.152,50,30,48.18,90.25
7.4,0,0,0.04,21.56,45.02,429.9,140.6,30.4,99.6,-0.217,50,30,48.18,89.94
7.41,0,0,0.012,21.74,44.68,429.6,141.9,31.1,98.9,-0.127,50,30,48.18,90.46
7.42,0,0,0.034,21.63,44.54,429.9,155.4,30,99.8,-0.182,50,30,48.18,90.49
7.44,0,0,0.015,21.54,44.31,429.9,146,30.2,99.8,-0.227,50,30,48.18,89.78
7.45,0,0,0.012,21.57,44.4,431.1,151.9,28.9,99.8,-0.211,50,30,48.18,90.11
7.46,0,0,0.001,21.78,44.54,431.5,159.8,28.5,100,-0.111,50,30,48.18,91.17
7.47,0,0,0.011,21.78,44.24,431.1,152.3,31.7,99.8,-0.107,50,30,48.18,90.84
7.48,0,0,0.002,21.94,44.67,429.9,145.6,29,99.3,-0.028,50,30,48.18,91.34
7.49,0,0,0,21.86,44.37,428.4,148.5,29.8,100,-0.067,50,30,48.18,91.1
7.51,0,0,0.023,21.69,44.56,427.8,16.1,32.6,100,-0.152,0,0,0,83.03
7.52,0,0,0.011,21.81,44.51,430,145.4,29.6,100,-0.092,50,30,48.18,90.87
7.53,0,0,0.003,21.82,44.36,431.2,135.1,29.5,100,-0.088,50,30,48.18,90.54
7.54,0,0,0,21.98,44.44,433.8,147.8,30.7,99.1,-0.01,50,30,48.18,91.45
7.56,0,0,0.009,21.79,44.55,435.5,137.4,31.6,98,-0.104,50,30,48.18,90.36
7.57,0,0,0.028,21.94,44.12,436.3,143.4,30.1,98.9,-0.028,50,30,48.18,91.04
7.58,0,0,0.039,21.76,44.28,436,148.9,29.5,98.5,-0.12,50,30,48.18,90.53
7.6,0,0,0.012,21.83,44.47,435.9,161.9,30.2,100,-0.084,50,30,48.18,91.42
7.61,0,0,0.005,21.81,44.5,436.4,140.5,30.2,100,-0.095,50,30,48.18,90.7
7.62,0,0,0,21.88,44.62,437.6,136.6,30.4,100,-0.059,50,30,48.18,90.9
7.64,0,0,0.018,21.78,44.13,439.2,148.8,32,100,-0.11,50,30,48.18,90.7
7.65,0,0,0,21.75,43.74,436.1,146.6,29.1,100,-0.123,50,30,48.18,90.38
7.66,0,0,0,21.69,44.33,434.1,143.7,31.8,100,-0.151,50,30,48.18,90.31
7.68,0,0,0.022,21.81,44.21,432,0,31.8,98.6,-0.095,0,0,0,81.98
7.69,0,0,0.006,21.89,44.46,432.2,158.6,28.6,100,-0.054,50,30,48.18,91.54
7.71,0,0,0.017,21.84,44.57,435.7,153.6,29.4,100,-0.08,50,30,48.18,91.23
7.72,0,0,0.027,21.75,44.23,434.9,155.2,30.4,98.9,-0.122,50,30,48.18,90.72
7.73,0,0,0.005,21.79,44.54,434.2,139.1,30,98.8,-0.104,50,30,48.18,90.49
7.75,0,0,0,21.9,44.85,434.5,138.2,31.3,99.2,-0.048,50,30,48.18,91.03
7.76,0,0,0,21.79,44.72,434.9,150.1,30.2,96.7,-0.104,50,30,48.18,90.67
7.78,0,0,0,21.81,44.18,433.5,138.3,30.5,96.9,-0.093,50,30,48.18,90.22
7.79,0,0,0.02,21.74,44.61,437.7,164.4,28.4,99,-0.127,50,30,48.18,91.11
7.81,0,0,0.013,21.95,44.87,438.9,140.5,29.9,100,-0.026,50,30,48.18,91.35
7.83,0,0,0.034,21.74,44.78,438.5,154.3,31.3,99.8,-0.127,50,30,48.18,90.96
7.84,0,0,0.03,21.67,44.67,437.9,144.8,29.8,100,-0.161,50,30,48.18,90.4
7.86,0,0,0.001,21.74,44.86,438.3,158.9,31.1,98.9,-0.129,50,30,48.18,91.02
7.87,0,0,0,21.71,44.62,436.6,155.7,29.9,99.5,-0.144,50,30,48.18,90.78
7.89,0,0,0.022,21.72,44.27,439.3,140.8,29,100,-0.14,50,30,48.18,90.29
7.9,0,0,0.003,21.79,44,440.2,150.1,28.2,100,-0.104,50,30,48.18,90.73
7.92,0,0,0,21.81,44.26,441.2,152.8,29.9,100,-0.092,50,30,48.18,91
7.94,0,0,0.006,21.58,44.51,441.1,157.4,29.2,99.5,-0.209,50,30,48.18,90.3
7.95,0,0,0.025,21.46,44.42,441.8,165.8,29,100,-0.266,50,30,48.18,90.14
7.97,0,0,0.02,21.59,44.37,438.2,162.5,30,100,-0.204,50,30,48.18,90.49
7.99,0,0,0.016,21.58,44.56,439.2,150,29.7,100,-0.206,50,30,48.18,90.18
8,0,0,0.005,21.78,44.28,436.4,142.3,31.7,99.5,-0.108,50,30,48.18,90.53
8.02,0,0,0,21.86,44.46,437.1,141.4,29.1,99.8,-0.069,50,30,48.18,90.89
8.04,0,0,0.007,21.99,44.58,436.8,147,30.1,100,-0.003,50,30,48.18,91.62
8.05,0,0,0.013,21.86,44.6,438.2,142.5,29.8,99.4,-0.069,50,30,48.18,90.93
8.07,0,0,0,21.96,44.61,439.9,137.7,31.3,99.6,-0.017,50,30,48.18,91.2
8.09,0,0,0,22.13,44.09,444,157.3,30,99.6,0.062,50,30,48.18,91.26
8.11,0,0,0.006,22.22,44.28,444.8,143,30.1,99.8,0.106,50,30,48.18,90.59
8.12,0,0,0,22.23,43.74,440.8,157.2,29.7,99.2,0.116,50,30,48.18,90.68
8.14,0,0,0,22.4,43.63,441.1,150.7,29.3,100,0.199,50,30,48.18,89.9
8.16,0,0,0,22.22,43.54,443.1,138.8,26.6,100,0.108,50,30,48.18,90.19
8.18,0,0,0.014,22.11,43.32,438.9,150.4,30.5,100,0.052,50,30,48.18,90.87
8.2,0,0,0.009,22.13,43.73,441.5,148.3,30.4,100,0.063,50,30,48.18,90.88
8.22,0,0,0.016,22.17,43.56,441.6,152.8,31.4,99,0.085,50,30,48.18,90.69
8.23,0,0,0.03,21.87,43.8,443.2,144.5,31.2,99.4,-0.064,50,30,48.18,90.73
8.25,0,0,0.005,21.95,44.23,444.5,155,30.7,98.7,-0.025,50,30,48.18,91.42
8.27,0,0,0.016,22.04,44.16,444.1,479.8,28.9,100,0.02,100,100,100,96.86
8.29,0,0,0,21.9,44.47,447.1,159,29.8,99.9,-0.047,50,30,48.18,91.59
8.31,0,0,0,22.03,44.97,445,144.6,31.3,100,0.014,50,30,48.18,91.61
8.33,0,0,0,22.08,44.85,442.1,139.2,29,99.5,0.038,50,30,48.18,91.17
8.35,0,0,0.017,22.04,44.79,441.5,153.7,28.5,99.7,0.018,50,30,48.18,91.75
8.37,0,0,0.035,21.98,45.02,441.1,166.3,30.6,100,-0.01,50,30,48.18,92.3
8.39,0,0,0.048,22.06,44.78,441,141.2,31,98.9,0.032,50,30,48.18,91.19
8.41,0,0,0.021,22.01,45.06,438.6,159.7,30.2,98.3,0.006,50,30,48.18,91.99
8.43,0,0,0.003,22,44.63,437.5,134.1,30.3,99.2,0,50,30,48.18,91.19
8.45,0,0,0,22.05,44.48,439.1,512.5,30.5,100,0.027,100,100,100,96.6
8.47,0,0,0,22.14,43.93,434.6,152.2,29.5,100,0.069,50,30,48.18,91.03
8.49,0,0,0.019,22.18,44.13,434.4,156.6,31.1,99.4,0.091,50,30,48.18,91.01
8.51,0,0,0.028,22.15,44.09,431.8,155.1,30.1,100,0.073,50,30,48.18,91.15
8.53,0,0,0.003,22.36,44.07,432.8,166.3,30.3,100,0.177,50,30,48.18,90.7
8.55,0,0,0.012,22.25,44.05,432.5,139.3,30.5,100,0.121,50,30,48.18,90.3
8.57,0,0,0.03,22.07,43.94,432.5,505.2,30,100,0.032,100,100,100,96.43
8.59,0,0,0.019,21.92,44.14,435.4,138.6,31.8,100,-0.041,50,30,48.18,90.91
8.61,0,0,0.041,21.87,43.83,439.2,148.1,32,98.8,-0.065,50,30,48.18,90.78
8.63,0,0,0.024,21.67,43.98,437.2,130.3,29.5,99,-0.164,50,30,48.18,89.58
8.65,0,0,0.027,21.56,44.27,435.9,152.8,29.8,99.8,-0.216,50,30,48.18,90.05
8.67,0,0,0.011,21.65,44.65,435.7,141.9,30.4,99.4,-0.173,50,30,48.18,90.15
8.7,0,0,0.021,21.92,44.57,434.2,145,30.9,98.9,-0.04,50,30,48.18,91.17
8.72,0,0,0.029,21.95,44.93,435.1,162.9,29.8,100,-0.026,50,30,48.18,92.06
8.74,0,0,0.009,21.79,44.51,436.8,137.8,27.6,100,-0.106,50,30,48.18,90.54
8.76,0,0,0.015,21.73,44.6,436.1,156.9,30.7,100,-0.131,50,30,48.18,90.96
8.78,0,0,0.01,21.84,44.68,438.7,132.8,30.5,99.7,-0.078,50,30,48.18,90.63
8.8,0,0,0,21.92,44.52,438.7,164.8,31.2,100,-0.037,50,30,48.18,91.87
8.83,0,0,0.015,22.05,44.34,437,148.3,31.3,99.6,0.026,50,30,48.18,91.35
8.85,0,0,0.005,22.05,44.02,437.4,139.1,30.4,100,0.024,50,30,48.18,91.01
8.87,0,0,0.004,22.1,44.41,440.5,162.5,31.4,98.4,0.051,50,30,48.18,91.5
8.89,0,0,0.01,22.23,44.58,439.6,140.1,30.3,100,0.116,50,30,48.18,90.56
8.92,0,0,0,22.12,44.44,439.3,165.3,30.5,100,0.059,50,30,48.18,91.69
8.94,0,0,0.015,21.9,44.3,439.9,153.2,30.5,99.2,-0.05,50,30,48.18,91.26
8.96,0,0,0,21.93,44.01,438.7,155.7,30.9,99.2,-0.037,50,30,48.18,91.33
8.99,0,0,0,22.04,43.98,436.8,148.8,30.6,100,0.018,50,30,48.18,91.33
9.01,0,0,0,21.91,44.64,435.1,156.3,28.4,100,-0.042,50,30,48.18,91.62
9.03,0,0,0,21.94,44.53,437.9,502.2,29.3,100,-0.029,100,100,100,96.71
9.05,0,0,0,22.11,45.08,436.8,160.3,29.3,99.1,0.057,50,30,48.18,91.71
9.08,0,0,0,21.99,44.85,436,147.8,29.7,100,-0.003,50,30,48.18,91.74
9.1,0,0,0,22.08,45.34,439.5,145.5,31.6,99.5,0.038,50,30,48.18,91.54
9.13,0,0,0,22.07,45.83,437.6,138,31.1,100,0.034,50,30,48.18,91.58
9.15,0,0,0.018,21.97,45.68,435.7,165.1,29.8,99.6,-0.013,50,30,48.18,92.45
9.17,0,0,0.037,21.83,45.08,435.6,153.4,29.2,100,-0.084,50,30,48.18,91.38
9.2,0,0,0.031,21.89,44.98,438.8,139.3,29.8,100,-0.054,50,30,48.18,91.15
9.22,0,0,0.039,21.81,44.87,434.4,153.1,29.5,100,-0.093,50,30,48.18,91.23
9.25,0,0,0.05,21.84,44.8,431.5,134.4,31.1,100,-0.081,50,30,48.18,90.73
9.27,0,0,0.064,21.77,44.98,430.3,169.2,29,99.2,-0.111,50,30,48.18,91.54
9.29,0,0,0.042,21.88,45.19,429.5,139.4,30.2,100,-0.061,50,30,48.18,91.18
9.32,0,0,0.046,21.78,44.98,426.8,153.2,29.6,99.2,-0.111,50,30,48.18,91.05
9.34,0,0,0.027,21.79,44.84,428.4,156.3,31,99.6,-0.103,50,30,48.18,91.2
9.37,0,0,0.014,22.07,44.9,422.2,155.1,30.9,100,0.032,50,30,48.18,91.76
9.39,0,0,0,22.06,45.32,420,146,30,100,0.03,50,30,48.18,91.66
9.42,0,0,0.006,22.08,45.41,416.5,146.4,29.7,100,0.038,50,30,48.18,91.65
9.44,0,0,0.017,22,45.35,420.5,139.3,30.8,100,0,50,30,48.18,91.69
9.47,0,0,0.015,21.91,45.77,421,156.7,30.1,100,-0.047,50,30,48.18,92.02
9.49,0,0,0.004,21.98,45.4,421.1,129.8,30.6,98.9,-0.01,50,30,48.18,91.24
9.52,0,0,0,21.95,45.01,418.8,164.5,28.8,98.6,-0.026,50,30,48.18,91.99
9.54,0,0,0,22,44.04,419.4,164.5,27.9,99.9,0.002,50,30,48.18,91.94
9.57,0,0,0,21.96,44.51,419.2,151.2,26.9,99.5,-0.022,50,30,48.18,91.52
9.6,0,0,0.02,22.01,44.11,420.9,135.9,30.6,99.7,0.003,50,30,48.18,91.07
9.62,0,0,0.001,22.05,43.92,421.8,163.6,29.7,99.1,0.023,50,30,48.18,91.63
9.65,0,0,0.016,21.98,44.77,421.4,153.2,29.1,99.5,-0.011,50,30,48.18,91.76
9.67,0,0,0.028,21.85,44.76,420.5,146.5,29,98.6,-0.073,50,30,48.18,91
9.7,0,0,0.008,21.87,44.65,419.1,151.3,29.3,100,-0.064,50,30,48.18,91.32
9.73,0,0,0,21.98,44.67,419,154.7,28.2,99,-0.011,50,30,48.18,91.72
9.75,0,0,0.007,21.81,44.35,422.2,151.7,28.5,99.9,-0.091,50,30,48.18,90.99
9.78,0,0,0.016,21.94,44.19,422.2,152.7,30.9,98.9,-0.028,50,30,48.18,91.35
9.8,0,0,0.016,22,43.83,422.3,156.1,28.2,99,0.001,50,30,48.18,91.52
9.83,0,0,0.036,21.84,44.1,425,156,31.5,98,-0.08,50,30,48.18,90.93
9.86,0,0,0.016,21.99,44.32,426.6,156.5,32.5,98.3,-0.003,50,30,48.18,91.63
9.88,0,0,0.032,21.95,44.17,426,166,30.6,98.5,-0.024,50,30,48.18,91.72
9.91,0,0,0.052,21.87,44.72,426.7,141.2,29.4,99,-0.066,50,30,48.18,90.92
9.94,0,0,0.039,21.98,44.83,428.6,131,31.6,99.3,-0.011,50,30,48.18,91.1
9.97,0,0,0.01,21.81,45.34,429.2,144.5,29.1,99,-0.096,50,30,48.18,91.02
9.99,0,0,0.012,21.85,45.26,427,152.8,30,96.7,-0.072,50,30,48.18,91.19
10.02,0,0,0,22.04,45.27,428.3,148.5,29.8,97,0.022,50,30,48.18,91.48
10.05,0,0,0,22.19,44.76,429.6,155.3,28.3,97.7,0.093,50,30,48.18,91.02
10.07,0,0,0.019,22.29,44.34,430.7,158.9,29.7,97.1,0.145,50,30,48.18,90.53
10.1,0,0,0.006,22.32,43.88,433.5,140.1,29.7,96,0.156,50,30,48.18,89.6
10.13,0,0,0,22.26,44.47,431.5,0,29.4,96.5,0.126,0,0,0,81.62
10.16,0,0,0,22.29,44.66,431,157.3,31.5,95.8,0.144,50,30,48.18,90.47
10.19,0,0,0.018,22.06,44.24,429.5,146.2,30.7,97.4,0.027,50,30,48.18,91.02
10.21,0,0,0.015,22.09,44.91,430.3,511.1,31.3,97.7,0.043,100,100,100,96.42
10.24,0,0,0.014,21.98,45.15,429.6,163,28.3,99.9,-0.009,50,30,48.18,92.24
10.27,0,0,0,21.94,45.75,427,143.5,28.3,99.9,-0.027,50,30,48.18,91.76
10.3,0,0,0.003,22.16,45.9,426.2,124.2,29.5,99.4,0.079,50,30,48.18,90.8
10.33,0,0,0.005,22.08,45.83,429.6,153.1,30.2,99.5,0.039,50,30,48.18,91.94
10.35,0,0,0,22.05,45.74,430.5,138.3,29.3,99.1,0.025,50,30,48.18,91.53
10.38,0,0,0,21.85,45.5,431.2,156.6,29.4,99.3,-0.073,50,30,48.18,91.66
10.41,0,0,0,21.59,45.44,430.3,151.1,30.5,100,-0.202,50,30,48.18,90.57
10.44,0,0,0,21.54,44.63,427.8,138,29.2,100,-0.226,50,30,48.18,89.69
10.47,0,0,0.007,21.53,44.72,429.1,148.3,30.9,100,-0.23,50,30,48.18,90
10.5,0,0,0,21.68,44.49,429.1,128,30,99,-0.158,50,30,48.18,89.74
10.53,0,0,0,21.77,44.93,428.8,160.6,29.6,99.5,-0.114,50,30,48.18,91.27
10.56,0,0,0,21.67,44.73,431.7,152.6,29.8,100,-0.162,50,30,48.18,90.65
10.58,0,0,0.008,21.79,44.68,433.8,159.3,30,100,-0.106,50,30,48.18,91.25
10.61,0,0,0.032,21.64,44.27,431.3,153.5,29.2,100,-0.18,50,30,48.18,90.37
10.64,0,0,0.051,21.66,43.87,434.2,149.9,30.6,100,-0.17,50,30,48.18,90.18
10.67,0,0,0.037,21.7,44.17,434.3,153.8,27.6,100,-0.151,50,30,48.18,90.56
10.7,0,0,0.013,21.75,43.98,431,155.3,30.8,98.8,-0.121,50,30,48.18,90.63
10.73,0,0,0,21.86,44.23,430.5,136.1,29.9,99.4,-0.069,50,30,48.18,90.6
10.76,0,0,0,21.88,43.89,429.3,153.4,31,99.9,-0.058,50,30,48.18,91.13
10.79,0,0,0,21.97,43.74,428.4,150.3,31.5,99.4,-0.016,50,30,48.18,91.24
10.82,0,0,0.014,21.84,43.47,428.4,137.3,29.8,99.4,-0.078,50,30,48.18,90.28
10.85,0,0,0,21.77,43.37,429.9,151.2,30.6,99.2,-0.113,50,30,48.18,90.38
10.88,0,0,0,21.72,43.61,431.3,147.9,30.7,99.1,-0.139,50,30,48.18,90.16
10.91,0,0,0,21.93,43.35,431,165.3,31.8,99.6,-0.034,50,30,48.18,91.44
10.94,0,0,0,21.8,43.8,429.8,163.6,29.3,97.7,-0.099,50,30,48.18,90.87
10.97,0,0,0.017,21.77,43.53,427.9,133.4,30.3,96.6,-0.113,50,30,48.18,89.64
11,0,0,0,21.89,43.88,424.6,152.4,30.2,96,-0.054,50,30,48.18,90.73
11.03,0,0,0.017,21.76,44.09,422.2,137.6,31.3,96.3,-0.117,50,30,48.18,89.92
11.06,0,0,0.032,21.75,44.06,418,137.7,32.2,97.5,-0.125,50,30,48.18,89.98
11.09,0,0,0.005,21.62,43.59,416.1,142.8,29.5,99.4,-0.186,50,30,48.18,89.69
11.12,0,0,0,21.83,43.95,417.7,150.1,30.5,100,-0.082,50,30,48.18,90.88
11.15,0,0,0.007,21.95,43.63,419.2,140.9,27.8,99.7,-0.026,50,30,48.18,90.87
11.18,0,0,0.016,21.95,43.96,420.3,0,30.8,100,-0.024,0,0,0,82.56
11.21,0,0,0.028,21.82,43.82,420.9,131.9,28.1,99.5,-0.089,50,30,48.18,90.18
11.24,0,0,0.031,21.89,43.75,417.6,148.4,28.5,97.5,-0.054,50,30,48.18,90.72
11.28,0,0,0.043,21.89,44.3,418.7,124.1,30.2,97.5,-0.055,50,30,48.18,90.18
11.31,0,0,0.06,21.9,44.41,419.3,141.7,29,97,-0.048,50,30,48.18,90.76
11.34,0,0,0.055,21.81,44.32,416,166.7,30,97.8,-0.093,50,30,48.18,91.21
11.37,0,0,0.068,21.81,44.23,418.8,139,30.2,97.5,-0.095,50,30,48.18,90.3
11.4,0,0,0.081,21.71,44.06,418.3,0,30.5,97.3,-0.145,0,0,0,81.42
11.43,0,0,0.067,21.57,43.74,416.3,154.4,31.5,98.9,-0.212,50,30,48.18,89.85
11.46,0,0,0.062,21.55,44.07,415.4,147.2,31,99,-0.22,50,30,48.18,89.7
11.49,0,0,0.076,21.44,44.11,416.5,131.3,29.3,98.9,-0.277,50,30,48.18,88.8
11.52,0,0,0.071,21.24,44.08,416,0,29.5,98.5,-0.373,0,0,0,79.83
11.56,0,0,0.082,21.27,44.21,415.2,163.3,31.1,100,-0.36,50,30,48.18,89.28
11.59,0,0,0.09,21.41,44.25,414.6,149.9,31.2,100,-0.29,50,30,48.18,89.42
11.62,0,0,0.093,21.63,44.06,413.7,157.4,28.6,100,-0.181,50,30,48.18,90.4
11.65,0,0,0.1,21.72,44.07,412.7,170.2,29.8,100,-0.137,50,30,48.18,91.12
11.68,0,0,0.073,21.68,43.94,412.2,151.4,27.9,99.1,-0.157,50,30,48.18,90.26
11.71,0,0,0.054,21.54,44.31,415,144.2,30.7,100,-0.229,50,30,48.18,89.73
11.75,0,0,0.032,21.7,44.62,413.5,505.7,29.8,100,-0.15,100,100,100,95.8
11.78,0,0,0.018,21.75,43.98,415.6,150.9,29.3,98.7,-0.121,50,30,48.18,90.49
11.81,0,0,0.024,21.84,43.71,417.4,0,28.5,98.9,-0.081,0,0,0,81.92
11.84,0,0,0,21.91,44.06,419.8,147.3,27.8,99,-0.046,50,30,48.18,91.01
11.87,0,0,0.023,21.88,43.86,424.3,159.6,31.1,99.4,-0.057,50,30,48.18,91.26
11.91,0,0,0.044,21.92,43.15,420.2,156.7,29,100,-0.042,50,30,48.18,91.08
11.94,0,0,0.058,21.82,43.82,420.1,149.7,29.8,100,-0.09,50,30,48.18,90.76
11.97,0,0,0.062,21.75,44.1,416,152.7,28.3,99,-0.125,50,30,48.18,90.59
12,0,0,0.074,21.65,44.22,417.3,144.2,29.2,99.5,-0.173,50,30,48.18,90.07
12.04,0,0,0.039,21.59,44.63,417.8,148.3,29.9,100,-0.202,50,30,48.18,90.18
12.07,0,0,0.043,21.58,44.21,417.8,156.4,32.2,100,-0.21,50,30,48.18,90.21
12.1,0,0,0.017,21.54,44.44,418.5,144.3,30.2,100,-0.228,50,30,48.18,89.8
12.13,0,0,0.003,21.58,44.36,419.3,0,30.4,99.3,-0.208,0,0,0,81.25
12.17,0,0,0,21.78,44.29,418.7,523.3,30.3,98.8,-0.108,100,100,100,95.7
12.2,0,0,0,21.95,44.38,417.4,170.4,29.8,99.5,-0.025,50,30,48.18,92.02
12.23,0,0,0,21.85,44.21,417.7,155.5,32.4,100,-0.072,50,30,48.18,91.21
12.26,0,0,0.013,21.93,44.27,423.4,145.2,30.7,100,-0.032,50,30,48.18,91.22
12.3,0,0,0.034,21.8,44.2,419.9,142.4,29.9,99.3,-0.101,50,30,48.18,90.53
12.33,0,0,0.046,21.85,44.43,420.8,159.1,31.2,100,-0.073,50,30,48.18,91.39
12.36,0,0,0.015,22,44.65,421.4,147,29.4,100,0,50,30,48.18,91.66
12.4,0,0,0.017,21.76,44.45,418.8,142.9,30.3,100,-0.117,50,30,48.18,90.59
12.43,0,0,0,21.67,44.19,418.4,0,29.6,99.9,-0.161,0,0,0,81.6
12.46,0,0,0,21.89,43.99,419.2,146.8,31.2,100,-0.056,50,30,48.18,90.99
12.49,0,0,0,22.14,44.12,418.2,146.5,30.5,100,0.068,50,30,48.18,90.94
12.53,0,0,0,21.92,43.84,418.7,132.6,31.2,100,-0.038,50,30,48.18,90.64
12.56,0,0,0,21.93,43.84,417.4,149.9,29.8,100,-0.035,50,30,48.18,91.18
12.59,0,0,0.014,21.91,43.94,417.6,161.6,29.3,100,-0.046,50,30,48.18,91.49
12.63,0,0,0,21.97,44.17,415.9,492.3,29.8,100,-0.016,100,100,100,96.77
12.66,0,0,0.021,22.01,44.69,411.8,146.7,30,100,0.004,50,30,48.18,91.64
12.69,0,0,0.003,22.01,44.16,410.9,136.3,30.4,99.6,0.005,50,30,48.18,91.08
12.73,0,0,0.024,21.95,43.8,413.1,149,30.8,97.9,-0.024,50,30,48.18,91.01
12.76,0,0,0.005,22.09,43.81,413.8,120.9,30.6,98.1,0.042,50,30,48.18,90.07
12.79,0,0,0.004,22.16,44.16,414.4,156,30.5,98.3,0.081,50,30,48.18,90.97
12.83,0,0,0.022,22.15,43.65,413.2,159,28.9,98.9,0.073,50,30,48.18,90.99
12.86,0,0,0.015,22.05,43.39,409.9,176.4,29,98.5,0.026,50,30,48.18,91.73
12.9,0,0,0.024,22.08,42.94,411.4,171.7,29.3,96.7,0.038,50,30,48.18,91.15
12.93,0,0,0.018,22.05,43.49,407.4,139.1,30.1,96.9,0.024,50,30,48.18,90.49
12.96,0,0,0,22.03,43.21,407.1,162,29.5,99.1,0.015,50,30,48.18,91.38
13,0,0,0,22.04,42.92,406.4,144.9,29.5,97.3,0.021,50,30,48.18,90.53
13.03,0,0,0.014,22.18,42.67,408,169.1,30.1,98,0.088,50,30,48.18,90.73
13.06,0,0,0,22.17,43.08,408,508.8,28.5,98.9,0.083,100,100,100,95.59
13.1,0,0,0,21.84,43.78,405.6,159.7,28.2,100,-0.079,50,30,48.18,91.13
13.13,0,0,0.025,21.73,44.09,409.4,171.3,29.7,99.3,-0.135,50,30,48.18,91.09
13.17,0,0,0.035,21.78,44.2,412.7,137.1,28.9,98.8,-0.109,50,30,48.18,90.26
13.2,0,0,0.04,21.67,44.68,412,153.9,30.8,99.2,-0.163,50,30,48.18,90.58
13.23,0,0,0.057,21.67,44.75,412.4,142.6,31.3,98.6,-0.164,50,30,48.18,90.19
13.27,0,0,0.03,21.63,45.22,412.5,496.9,29.9,100,-0.184,100,100,100,95.86
13.3,0,0,0.04,21.83,45.02,410.9,129.2,30.8,100,-0.086,50,30,48.18,90.62
13.34,0,0,0.019,21.91,45.12,409.8,147.3,30.4,99.9,-0.042,50,30,48.18,91.52
13.37,0,0,0.007,22.1,45.13,411.1,141.4,30.7,100,0.051,50,30,48.18,91.29
13.41,0,0,0,22.04,44.86,409.1,147.9,29.4,99.4,0.02,50,30,48.18,91.56
13.44,0,0,0,21.82,45.12,409.7,141.5,30.5,99.3,-0.09,50,30,48.18,90.93
13.47,0,0,0.017,21.98,45.48,407.8,139.5,29.1,99.8,-0.008,50,30,48.18,91.67
13.51,0,0,0.028,21.81,45.55,410.7,128,29.5,98.5,-0.092,50,30,48.18,90.59
13.54,0,0,0.048,21.83,45.32,412.4,147,29.2,98.5,-0.084,50,30,48.18,91.13
13.58,0,0,0.05,21.81,45.41,412.7,149.9,30.3,96.9,-0.095,50,30,48.18,91.01
13.61,0,0,0.064,21.73,45.42,413.5,150.3,30.1,96.2,-0.135,50,30,48.18,90.66
13.65,0,0,0.075,21.65,45.55,414.7,146.1,29.1,97.6,-0.173,50,30,48.18,90.44
13.68,0,0,0.086,21.7,45.29,414.2,152.6,31,97.1,-0.149,50,30,48.18,90.66
13.71,0,0,0.056,21.56,45.61,413.6,168.4,30.3,97.4,-0.217,50,30,48.18,90.78
13.75,0,0,0.039,21.43,45.91,415.2,157.6,31.6,97.6,-0.283,50,30,48.18,90.09
13.78,0,0,0.026,21.67,45.76,414.4,156.3,28.8,99.6,-0.164,50,30,48.18,91.09
13.82,0,0,0.007,21.72,45.47,415.4,139.9,30.9,100,-0.14,50,30,48.18,90.7
13.85,0,0,0,21.87,45.3,414.8,145.4,29.8,100,-0.062,50,30,48.18,91.39
13.89,0,0,0.023,22.06,45.24,412.9,144.1,29.7,100,0.032,50,30,48.18,91.56
13.92,0,0,0.032,22.04,44.88,414.7,157.5,31.2,100,0.02,50,30,48.18,91.91
13.96,0,0,0.058,21.98,44.13,414.8,1.3,30.3,99.3,-0.01,0,0,0,82.75
13.99,0,0,0.075,22.01,44.22,416.8,160,31.1,100,0.005,50,30,48.18,91.85
14.03,0,0,0.053,21.91,44.56,415.1,149.6,29.5,100,-0.047,50,30,48.18,91.36
14.06,0,0,0.029,21.91,44.51,414.4,139.7,29.6,100,-0.043,50,30,48.18,91.07
14.09,0,0,0.04,21.99,44.33,415.6,151.8,29.8,100,-0.007,50,30,48.18,91.63
14.13,0,0,0.026,21.75,44.03,414.3,144.4,29.8,100,-0.121,50,30,48.18,90.44
14.16,0,0,0.023,21.72,44.06,415.5,0,30.8,100,-0.137,0,0,0,81.74
14.2,0,0,0.047,21.63,44.01,413.8,139.7,30.8,100,-0.181,50,30,48.18,89.85
14.23,0,0,0.033,21.76,44.33,409.2,145.9,29.4,99.5,-0.12,50,30,48.18,90.56
14.27,0,0,0.012,21.83,44.48,409.7,144.3,29.2,100,-0.082,50,30,48.18,90.91
14.3,0,0,0.003,21.71,44.23,410.9,0,29.1,98.1,-0.145,0,0,0,81.56
14.34,0,0,0.014,21.77,43.83,412.5,154.1,30,98.2,-0.114,50,30,48.18,90.53
14.37,0,0,0.028,21.74,43.96,410.7,143.3,29.5,99,-0.13,50,30,48.18,90.21
14.41,0,0,0.007,21.95,44.25,410.6,156.6,29.5,99.4,-0.026,50,30,48.18,91.54
14.44,0,0,0.027,21.95,44.38,409.4,136.3,30.2,99.4,-0.025,50,30,48.18,91
14.48,0,0,0.033,21.96,44.95,408.6,145.1,30.3,99.4,-0.019,50,30,48.18,91.51
14.51,0,0,0.043,21.88,45.18,410.2,135.7,30.3,99.6,-0.06,50,30,48.18,91.04
14.55,0,0,0.049,21.72,44.63,410.2,0,30.6,98.5,-0.139,0,0,0,81.79
14.58,0,0,0.039,21.7,44.89,410.3,134.5,28.6,98.5,-0.149,50,30,48.18,90.11
14.62,0,0,0.017,21.68,44.48,411.1,145.7,28.2,99.2,-0.158,50,30,48.18,90.29
14.65,0,0,0,21.73,44.68,411,164,29.7,99.1,-0.134,50,30,48.18,91.09
14.69,0,0,0.014,21.67,44.64,407.9,146.6,31.7,98,-0.164,50,30,48.18,90.22
14.72,0,0,0.045,21.72,44.63,410,146.8,30.4,99,-0.138,50,30,48.18,90.52
14.76,0,0,0.056,21.71,44.62,413,133.8,28.8,98.2,-0.143,50,30,48.18,90
14.79,0,0,0.068,21.59,44.34,410.2,156.1,31.7,96.6,-0.202,50,30,48.18,89.96
14.83,0,0,0.081,21.61,44.34,412.3,156.1,31,96,-0.194,50,30,48.18,89.96
14.86,0,0,0.077,21.55,44.3,414.7,153.9,31.2,98.6,-0.223,50,30,48.18,89.92
14.9,0,0,0.077,21.6,44.57,415.1,144.2,30.6,97.9,-0.199,50,30,48.18,89.85
14.93,0,0,0.062,21.64,44.3,417.7,156.7,29.5,99.7,-0.176,50,30,48.18,90.48
14.97,0,0,0.06,21.81,44.17,418.8,132.2,28.5,99.9,-0.093,50,30,48.18,90.33
15,0,0,0.06,21.84,44.45,423,151.8,29.1,100,-0.078,50,30,48.18,91.15
15.03,3.5,0,0.058,21.97,44.32,427,174.6,30.4,100,-0.017,50,30,48.18,92.24
15.07,7,0,0.065,21.82,44.5,426.5,134.9,32.4,99.6,-0.09,50,30,48.18,90.53
15.1,10.5,0,0.07,21.89,44.17,425.5,150.2,31.1,98,-0.054,50,30,48.18,90.97
15.14,14,0,0.054,21.8,43.8,427.3,147.4,30.5,99.9,-0.1,50,30,48.18,90.6
15.17,17.5,0,0.049,21.92,43.86,427.1,136.2,29.2,100,-0.041,50,30,48.18,90.74
15.21,20.9,0,0.034,22.04,44.24,430.8,140.6,29.6,99.5,0.022,50,30,48.18,91.1
15.24,24.4,0,0.021,22.06,43.9,430.4,140.8,29,99.7,0.031,50,30,48.18,90.93
15.28,27.9,0,0.038,22.06,44.02,432,157.8,31,99.3,0.028,50,30,48.18,91.48
15.31,31.4,0,0.053,21.94,43.55,433.5,160,28.9,99.9,-0.031,50,30,48.18,91.4
15.35,34.9,0,0.051,21.97,43.65,435.6,165.4,30.2,100,-0.013,50,30,48.18,91.74
15.38,38.4,0,0.061,21.92,43.84,434.8,158.7,29.6,100,-0.04,50,30,48.18,91.41
15.42,41.9,0,0.085,21.81,43.55,432.6,155.3,31.6,99.5,-0.093,50,30,48.18,90.75
15.45,45.4,0,0.103,21.74,43.79,433,130.9,28.7,98.3,-0.129,50,30,48.18,89.71
15.49,48.8,0,0.083,21.67,43.53,431.6,155.1,30.6,97.5,-0.162,50,30,48.18,90.02
15.52,52.3,0,0.071,21.6,43.13,430,172.7,31,96.9,-0.198,50,30,48.18,90.06
15.56,55.8,0,0.075,21.59,43.11,431,161.5,31.1,97.7,-0.205,50,30,48.18,89.76
15.59,59.3,0,0.081,21.6,43.25,426.9,131.9,31,98.5,-0.196,50,30,48.18,89.06
15.63,62.8,0,0.102,21.55,43.36,425.6,0,29,99.5,-0.222,0,0,0,80.8
15.66,66.2,0,0.082,21.74,43.27,421.8,136.5,29.6,100,-0.131,50,30,48.18,89.85
15.7,69.7,0,0.072,21.59,43.51,423.7,171.1,29.9,100,-0.203,50,30,48.18,90.44
15.73,73.2,0,0.051,21.74,43.44,421.1,152.9,29.4,100,-0.127,50,30,48.18,90.44
15.77,76.7,0,0.053,21.83,43.81,418.6,139.2,31,100,-0.083,50,30,48.18,90.49
15.8,80.2,0,0.059,21.85,43.77,413.8,158.1,31.3,99.9,-0.072,50,30,48.18,91.11
15.84,83.6,0,0.087,21.89,43.77,412.7,143,30,99.4,-0.054,50,30,48.18,90.75
15.87,87.1,0,0.077,21.97,43.85,412.3,148.4,29.9,100,-0.014,50,30,48.18,91.3
15.91,90.6,0,0.078,21.77,43.67,413.7,145.5,31,100,-0.115,50,30,48.18,90.39
15.94,94,0,0.08,21.84,43.63,412.8,157.4,29.8,100,-0.08,50,30,48.18,90.99
15.97,97.5,0,0.098,21.75,43.66,415.4,154,29.3,100,-0.125,50,30,48.18,90.57
16.01,101,0,0.109,21.66,43.29,416.2,134.6,27.8,99.5,-0.166,50,30,48.18,89.48
16.04,104.4,0,0.104,21.43,42.73,419,153.9,30.7,99,-0.279,50,30,48.18,88.96
16.08,107.9,0,0.08,21.41,42.92,421.3,0,27.9,98.6,-0.293,0,0,0,80.01
16.11,111.3,0,0.085,21.59,43.07,421.6,144,30.3,100,-0.201,50,30,48.18,89.47
16.15,114.8,0,0.085,21.58,43.09,421.8,144.5,30.1,100,-0.209,50,30,48.18,89.43
16.18,118.2,0,0.106,21.59,44.13,420.7,157.3,29.3,98.4,-0.2,50,30,48.18,90.12
16.22,121.7,0,0.08,21.54,44.15,420.8,163.3,31.6,99.8,-0.228,50,30,48.18,90.23
16.25,125.1,0,0.072,21.5,43.78,418.2,154.2,30.9,100,-0.246,50,30,48.18,89.71
16.29,128.6,0,0.098,21.57,43.87,419.7,174.4,29.3,100,-0.213,50,30,48.18,90.6
16.32,132,0,0.096,21.68,44.17,420.5,138.3,29.2,100,-0.158,50,30,48.18,90.04
16.35,135.5,0,0.097,21.72,43.99,421.3,167.5,31.1,100,-0.137,50,30,48.18,91
16.39,138.9,0,0.12,21.9,44.36,418.7,501.3,31.5,100,-0.048,100,100,100,96.51
16.42,142.4,0,0.118,22.04,44.57,419.3,165.1,30.3,99.5,0.018,50,30,48.18,91.99
16.46,145.8,0,0.138,22.08,44.26,417.8,148,30.5,99.8,0.041,50,30,48.18,91.22
16.49,149.2,0,0.154,22.14,44.34,419.5,168.8,27.8,98.9,0.069,50,30,48.18,91.56
16.53,152.6,0,0.157,22.05,44.51,418.3,167.6,28.8,100,0.023,50,30,48.18,92.06
16.56,156.1,0,0.127,22.02,44.36,415.6,160,29.3,99.7,0.011,50,30,48.18,91.83
16.59,159.5,0,0.123,21.8,43.73,415,154.1,29.5,100,-0.101,50,30,48.18,90.77
16.63,162.9,0,0.096,21.75,44.37,416.4,156.9,28.7,98.1,-0.126,50,30,48.18,90.72
16.66,166.3,0,0.097,21.73,43.91,417.9,164.5,30.2,97.5,-0.134,50,30,48.18,90.66
16.7,169.7,0,0.09,21.81,44.26,419.1,505.2,30.2,97.4,-0.096,100,100,100,95.82
16.73,173.2,0,0.096,21.65,44.25,416,165,30.9,97.4,-0.175,50,30,48.18,90.48
16.77,176.6,0,0.094,21.8,44.19,416,513.1,30.1,97.1,-0.099,100,100,100,95.65
16.8,180,0,0.1,21.57,44.38,415.4,6.9,31.6,96.4,-0.211,0,0,0,81.47
16.83,183.4,0,0.088,21.71,44.41,417.7,168.4,29.3,95.9,-0.143,50,30,48.18,90.73
16.87,186.8,0,0.08,21.72,44.06,415.5,8.1,30.7,96,-0.137,0,0,0,81.95
16.9,190.1,0,0.077,21.56,43.69,417.2,20.1,30.8,96,-0.219,0,0,0,82.11
16.94,193.5,0,0.103,21.67,43.56,416.6,177.2,29.6,96.7,-0.165,50,30,48.18,90.6
16.97,196.9,0,0.097,21.56,44.01,418,144.5,31.1,98.2,-0.216,50,30,48.18,89.55
17,200.3,0,0.121,21.62,44.51,417.9,153.9,29.7,99.2,-0.188,50,30,48.18,90.33
17.04,203.7,0,0.106,21.97,44.52,420.6,164.2,29.9,100,-0.014,50,30,48.18,92.03
17.07,207.1,0,0.082,21.85,44.11,419.8,142.7,30.8,99.5,-0.073,50,30,48.18,90.73
17.1,210.4,0,0.068,21.96,44.24,418.6,168,30.1,99.5,-0.021,50,30,48.18,91.92
17.14,213.8,0,0.056,21.97,44.29,422.8,140.6,31.1,99.1,-0.016,50,30,48.18,91.13
17.17,217.2,0,0.056,22.09,44.24,422.7,517,29.8,100,0.044,100,100,100,96.34
17.21,220.5,0,0.084,22.04,44.7,423.3,152.7,31,100,0.022,50,30,48.18,91.69
17.24,223.9,0,0.086,21.95,44.61,423.1,17.2,28.9,100,-0.024,0,0,0,84.08
17.27,227.2,0,0.09,21.91,43.95,424.2,166.5,30.3,100,-0.047,50,30,48.18,91.64
17.31,230.6,0,0.083,21.73,44.01,425.8,172.2,29.7,100,-0.134,50,30,48.18,91.17
17.34,233.9,0,0.102,21.78,44.26,425.5,153.3,28.7,100,-0.111,50,30,48.18,90.87
17.37,237.2,0,0.092,21.79,44.54,424.7,517.5,29.3,100,-0.106,100,100,100,95.98
17.41,240.6,0,0.083,21.73,44.67,427,179.3,30.3,99.9,-0.131,50,30,48.18,91.65
17.44,243.9,0,0.109,21.66,44.45,428.7,155,30.7,99.5,-0.171,50,30,48.18,90.5
17.47,247.2,0,0.115,21.66,44.12,428.9,182.3,29,99.2,-0.169,50,30,48.18,91.18
17.51,250.5,0,0.11,21.79,44.21,430.2,512.8,30.7,100,-0.106,100,100,100,95.9
17.54,253.8,1,0.101,21.81,44.68,433.2,158.9,41.9,98.5,-0.096,50,30,48.18,90.59
17.57,257.2,1,0.096,21.9,44.55,434.5,143.9,40.8,99,-0.049,50,30,48.18,90.82
17.6,260.5,1,0.098,21.84,44.65,438,138.3,40.2,98.1,-0.081,50,30,48.18,90.55
17.64,263.8,1,0.103,21.87,44.48,438.5,152.9,39.3,98.1,-0.065,50,30,48.18,91.1
17.67,267,1,0.105,21.85,44.77,439.5,151.3,42.3,97.4,-0.074,50,30,48.18,90.31
17.7,270.3,1,0.088,21.73,44.53,439.1,166.7,40,96.5,-0.133,50,30,48.18,90.86
17.74,273.6,1,0.088,21.91,44.63,442.2,164,42,95.1,-0.047,50,30,48.18,90.72
17.77,276.9,1,0.108,21.87,44.92,443,159.9,39.7,94.1,-0.066,50,30,48.18,91.06
17.8,280.2,1,0.099,21.78,44.76,448.6,152.7,40.5,92.1,-0.106,50,30,48.18,90.14
17.83,283.4,1,0.086,21.68,45.31,451.2,146.5,41.1,92.7,-0.158,50,30,48.18,89.65
17.87,286.7,1,0.077,21.81,45.48,452.8,149.9,40,92,-0.095,50,30,48.18,90.53
17.9,290,1,0.066,21.89,45.77,452.7,163.2,40.5,88.8,-0.053,50,30,48.18,90.91
17.93,293.2,1,0.061,22.19,45.98,455.9,517.3,41.1,89.1,0.095,100,100,100,95.18
17.96,296.4,1,0.067,22.17,45.42,458.9,161.4,39.6,86.8,0.082,50,30,48.18,90.45
18,299.7,1,0.094,22.21,45.51,460.7,172.2,41.6,85.3,0.106,50,30,48.18,90
18.03,302.9,1,0.108,22.18,45.67,462.4,153.2,40.3,85.7,0.088,50,30,48.18,90.06
18.06,306.1,1,0.111,22.2,45.49,463.4,13.1,40.6,85.4,0.098,0,0,0,81.9
18.09,309.4,1,0.121,22.2,45.55,464.6,161.9,40.6,86.2,0.1,50,30,48.18,90.14
18.13,312.6,1,0.096,22.19,45.21,466.4,180.6,41.5,84.5,0.096,50,30,48.18,90.16
18.16,315.8,1,0.102,22.08,44.81,469.3,175.5,40.6,83.1,0.042,50,30,48.18,90.39
18.19,319,2,0.085,22.24,45.02,472.1,522.6,43.5,83,0.118,100,100,100,93.25
18.22,322.2,2,0.094,22.17,45.01,475.6,173.3,42,82.3,0.086,50,30,48.18,89.57
18.25,325.4,2,0.087,22.21,44.98,480.7,170.2,42.7,80.3,0.102,50,30,48.18,88.94
18.29,328.6,2,0.076,22.3,44.61,486.1,157.5,44,78.2,0.147,50,30,48.18,87.47
18.32,331.8,2,0.077,22.45,44.08,492.1,158.2,43.3,77.2,0.22,50,30,48.18,86.85
18.35,334.9,2,0.067,22.4,44.64,495.5,166,43.7,75.6,0.196,50,30,48.18,87.22
18.38,338.1,2,0.085,22.16,44.55,498.3,158,42.7,74.6,0.079,50,30,48.18,88.03
18.41,341.3,2,0.1,22.09,44.69,499.4,167,44.5,75.4,0.047,50,30,48.18,88.11
18.44,344.4,2,0.099,22.04,45.35,502.9,176.1,44.9,73.7,0.022,50,30,48.18,88.53
18.48,347.6,2,0.095,22.16,45.6,504,175.2,43.7,73.2,0.078,50,30,48.18,88.5
18.51,350.7,2,0.105,21.96,45.81,505,174.6,43.4,72.6,-0.021,50,30,48.18,89.02
18.54,353.8,2,0.113,22.2,46.2,508.8,155.4,45.3,73.6,0.097,50,30,48.18,87.53
18.57,357,2,0.104,22.11,46.02,512.1,180,42.3,71.3,0.053,50,30,48.18,89.19
18.6,360.1,2,0.108,21.99,46.31,515.6,148.7,42.5,69.5,-0.007,50,30,48.18,88.48
18.63,363.2,2,0.102,21.95,46.39,521.1,169.1,43.1,67.9,-0.025,50,30,48.18,88.64
18.66,366.3,2,0.079,21.9,46.61,524.7,164.1,41.3,65.8,-0.05,50,30,48.18,88.73
18.69,369.4,2,0.078,21.94,47,525.9,163.5,43.6,64.8,-0.03,50,30,48.18,88.21
18.72,372.5,3,0.082,22.1,47.32,529.4,157.2,44.3,61.9,0.049,50,30,48.18,87.5
18.76,375.6,3,0.103,22.08,47.58,532.5,179.8,43.1,58.5,0.039,50,30,48.18,88.38
18.79,378.7,3,0.105,22.29,47.96,540.7,174.3,44.8,56.3,0.145,50,30,48.18,86.83
18.82,381.7,3,0.109,22.15,47.61,545.3,167.4,46.1,54.9,0.077,50,30,48.18,86.45
18.85,384.8,3,0.111,22.17,47.97,546.5,27.7,46.3,53,0.085,0,0,0,79.09
18.88,387.8,3,0.096,22.14,48.81,550.3,167.3,46.2,51.8,0.071,50,30,48.18,86.61
18.91,390.9,3,0.098,22.22,49.03,556,160.9,44.5,49.8,0.109,50,30,48.18,86.51
18.94,393.9,3,0.114,22.2,48.66,560.7,177.9,45.5,46.5,0.1,50,30,48.18,86.33
18.97,397,3,0.118,22.3,48.56,564.6,170.7,45.2,44.6,0.148,50,30,48.18,85.63
19,400,3,0.182,22.26,48.64,570.1,193.7,45.1,42.9,0.129,50,30,48.18,86.36
19.03,403,3,0.262,22.18,48.44,574.5,197.2,45.1,40.9,0.092,50,30,48.18,86.48
19.06,406,3,0.335,22.23,47.98,576.5,207.2,44.2,41.4,0.115,50,30,48.18,86.73
19.09,409,3,0.4,22.24,48.19,579.9,225.6,44.7,41.7,0.119,50,30,48.18,87.22
19.12,412,3,0.422,22.14,47.99,578.1,233.5,44.8,40.4,0.068,50,30,48.18,87.59
19.15,415,3,0.441,21.92,47.64,576.9,247.7,45.2,40.2,-0.04,50,30,48.18,87.97
19.18,418,3,0.479,21.74,48.03,577.9,263.8,45.7,40.4,-0.13,50,30,48.18,87.8
19.21,421,3,0.535,21.53,48.04,580.1,266.9,44.7,39.5,-0.233,50,30,48.18,87.3
19.24,423.9,3,0.557,21.83,48.23,583.8,268.1,43.3,37.2,-0.083,50,30,48.18,88.74
19.27,426.9,3,0.562,21.72,48.2,584.6,274.7,45.6,38.1,-0.14,50,30,48.18,87.89
19.3,429.8,3,0.574,21.79,47.62,587,264.2,43.5,36.5,-0.105,50,30,48.18,88.1
19.33,432.8,3,0.594,21.78,47.34,587.7,262.3,44.5,36,-0.107,50,30,48.18,87.59
19.36,435.7,3,0.588,21.87,47.21,591.4,288.2,44.9,36.3,-0.066,50,30,48.18,88.52
19.39,438.6,3,0.623,21.61,46.85,596.5,290.1,45.1,37.1,-0.196,50,30,48.18,87.5
19.42,441.5,3,0.619,21.6,46.72,595.4,297.4,45.1,37.4,-0.201,50,30,48.18,87.66
19.44,444.5,3,0.63,21.47,47.02,595.9,303.8,45.4,36.5,-0.265,50,30,48.18,87.24
19.47,447.4,3,0.656,21.57,46.92,596.9,294.9,45.3,36.5,-0.215,50,30,48.18,87.41
19.5,450.2,4,0.663,21.65,47.68,599.3,293.6,45.3,38,-0.176,50,30,48.18,88.09
19.53,453.1,4,0.648,21.76,47.92,603,294,47.4,35.7,-0.119,50,30,48.18,87.76
19.56,456,4,0.633,21.9,47.96,603.3,306.4,45.1,33.5,-0.05,50,30,48.18,89.01
19.59,458.9,4,0.62,21.94,47.64,604.5,297.3,46.4,32.1,-0.031,50,30,48.18,88.35
19.62,461.7,4,0.61,21.89,48,606.8,289.2,44.9,31.6,-0.057,50,30,48.18,88.44
19.65,464.6,4,0.633,21.94,47.92,605.1,300.4,45.1,29.3,-0.029,50,30,48.18,88.66
19.67,467.4,4,0.645,22.02,47.51,602.9,300.8,45.9,28.9,0.011,50,30,48.18,88.38
19.7,470.2,4,0.66,21.95,47.34,605.4,299.9,45.9,28.1,-0.025,50,30,48.18,88.12
19.73,473,4,0.688,22.1,47.32,603.6,317.4,45.9,26.8,0.051,50,30,48.18,87.94
19.76,475.9,4,0.671,21.84,47.25,606,312.8,47.8,27,-0.079,50,30,48.18,87.13
19.79,478.7,4,0.685,22.02,47.48,608.1,308.1,46.2,24.7,0.01,50,30,48.18,87.91
19.81,481.5,4,0.676,22.15,47.45,610.6,314.7,46.7,23.1,0.077,50,30,48.18,87.17
19.84,484.2,4,0.67,21.83,46.99,613.2,314.9,45.3,21.9,-0.085,50,30,48.18,87.26
19.87,487,4,0.659,22.03,47.18,611.6,318,45.1,22.6,0.016,50,30,48.18,87.98
19.9,489.8,4,0.647,21.93,47.19,611,168.2,44.9,23,-0.037,0,0,0,84.04
19.93,492.5,5,0.677,21.95,47.41,612.3,314.7,48.4,19.6,-0.027,50,30,48.18,86.68
19.95,495.3,5,0.678,21.98,47.02,617,306.9,47.2,19.8,-0.009,50,30,48.18,86.97
19.98,498,5,0.672,22.03,47.01,621.7,333,47.8,16.1,0.014,50,30,48.18,86.63
20.01,500.7,5,0.661,22.16,47.33,628.7,329.5,47.8,13.4,0.078,50,30,48.18,85.96
20.03,503.5,5,0.643,22.4,47.52,631.8,166.6,46.1,10.7,0.199,0,0,0,81.31
20.06,506.2,5,0.673,22.31,48.24,638.2,169.5,46.7,10.7,0.156,0,0,0,81.81
20.09,508.9,5,0.69,22.4,47.89,641.8,320.8,48.4,9.5,0.2,50,30,48.18,84.6
20.12,511.6,5,0.685,22.26,48.3,642.5,310.4,46.6,7.3,0.13,50,30,48.18,85.49
20.14,514.2,5,0.68,22.26,48.86,646.7,322.2,46.8,5.6,0.128,50,30,48.18,85.6
20.17,516.9,5,0.703,22.36,48.94,655.1,682.9,47,4.5,0.181,100,100,100,84.86
20.2,519.6,5,0.723,22.37,49.16,654.1,366.4,47.3,1.9,0.183,50,30,48.18,85.24
20.22,522.2,5,0.723,22.2,49.01,660.6,333.9,47.6,2,0.098,50,30,48.18,85.41
20.25,524.8,5,0.722,22.34,48.82,660.5,330.2,47.5,0.5,0.169,50,30,48.18,84.66
20.27,527.5,5,0.72,22.39,49.03,661.5,335.8,48.3,0,0.193,50,30,48.18,84.32
20.3,530.1,5,0.728,22.36,49.48,664.3,340.7,47.4,0,0.178,50,30,48.18,84.91
20.33,532.7,5,0.718,22.38,49.32,664.4,337,44.9,0,0.192,50,30,48.18,85.47
20.35,535.3,5,0.71,22.27,49.09,668.1,345.3,49.1,0,0.133,50,30,48.18,84.64
20.38,537.9,6,0.695,22.4,49.24,676.7,331.7,50,0,0.2,50,30,48.18,83.8
20.4,540.5,6,0.686,22.66,49.56,680.2,348.9,49.6,0,0.331,50,30,48.18,83.23
20.43,543,6,0.675,22.45,49.76,685.4,344,49,0,0.225,50,30,48.18,84.21
20.46,545.6,6,0.682,22.53,49.46,690.1,342.2,47.7,0,0.267,50,30,48.18,84.16
20.48,548.1,6,0.664,22.66,49.94,694.6,330,48,0,0.328,50,30,48.18,83.68
20.51,550.7,6,0.694,22.76,50.06,697.9,171.4,49,0,0.381,0,0,0,79.06
20.53,553.2,6,0.715,22.71,50.1,701.1,349.6,46.5,0,0.355,50,30,48.18,84.11
20.56,555.7,6,0.717,22.37,50.12,701.3,703.8,48,0,0.185,100,100,100,84.12
20.58,558.2,6,0.715,22.38,50.13,704.2,365.1,47.9,0,0.191,50,30,48.18,85.05
20.61,560.7,6,0.7,22.41,50.09,710.4,337.9,47.5,0,0.204,50,30,48.18,84.81
20.63,563.2,6,0.714,22.5,50.15,715.5,367.2,47.2,0,0.252,50,30,48.18,84.83
20.66,565.7,6,0.691,22.35,49.83,715.1,345.6,46,0,0.177,50,30,48.18,85.52
20.68,568.1,6,0.682,22.47,49.82,714.2,351.2,46,0,0.236,50,30,48.18,85.12
20.71,570.6,6,0.699,22.36,49.6,717,365.1,46.9,0,0.18,50,30,48.18,85.34
20.73,573,6,0.692,22.24,49.25,719.1,700.6,47.6,0,0.122,100,100,100,84.52
20.75,575.5,6,0.693,22.27,49.36,722.1,344.3,47.2,0,0.135,50,30,48.18,85.29
20.78,577.9,6,0.671,22.48,49.57,725.6,369.9,47.6,0,0.24,50,30,48.18,84.73
20.8,580.3,6,0.671,22.55,50.01,730.7,341.9,47.5,0,0.273,50,30,48.18,84.37
20.83,582.7,6,0.699,22.63,49.68,733.4,359.2,46.9,0,0.315,50,30,48.18,84.3
20.85,585.1,6,0.707,22.64,49.55,738.8,346.3,47,0,0.32,50,30,48.18,84.04
20.87,587.5,6,0.707,22.62,49.48,743.9,355.8,49.8,0,0.311,50,30,48.18,83.34
20.9,589.8,6,0.692,22.74,49.38,747.5,354.3,47.8,0,0.368,50,30,48.18,83.46
20.92,592.2,6,0.677,22.78,49.01,749.2,352.4,47.9,0,0.391,50,30,48.18,83.1
20.95,594.5,6,0.695,22.9,49.42,749.5,213.9,45.5,0,0.449,0,0,0,80.67
20.97,596.8,6,0.7,22.71,49.69,752.5,343.4,47.3,0,0.354,50,30,48.18,83.74
20.99,599.2,6,0.694,22.51,49.87,754.3,359.6,47.1,0,0.257,50,30,48.18,84.75
21.01,601.5,6,0.698,22.46,49.96,755.8,231.4,48.1,0,0.232,0,0,0,82.25
21.04,603.8,6,0.679,22.53,50.21,757.2,351.8,49,0,0.266,50,30,48.18,84
21.06,606.1,6,0.706,22.41,50.23,760.6,365.5,47.7,0,0.207,50,30,48.18,84.98
21.08,608.3,6,0.726,22.39,50.34,763.7,363.4,47.3,0,0.196,50,30,48.18,85.12
21.11,610.6,6,0.698,22.43,50.5,763.3,351.4,48.1,0,0.217,50,30,48.18,84.52
21.13,612.8,6,0.688,22.72,50.66,766,220.1,45.9,0,0.361,0,0,0,81.37
21.15,615.1,6,0.704,22.67,50.33,765.1,371.2,48.4,0,0.336,50,30,48.18,83.8
21.17,617.3,6,0.726,22.71,50.01,766.6,375.4,47.9,0,0.355,50,30,48.18,83.98
21.2,619.5,6,0.706,22.62,49.51,766.6,721.6,47.2,0,0.31,100,100,100,83.02
21.22,621.7,6,0.689,22.69,49.61,767.6,348.2,48.6,0,0.344,50,30,48.18,83.45
21.24,623.9,6,0.675,22.48,49.43,767,358.8,47.4,0,0.238,50,30,48.18,84.63
21.26,626.1,6,0.673,22.62,49.7,771.1,365.8,48.3,0,0.309,50,30,48.18,83.99
21.28,628.3,6,0.67,22.66,49.53,771.9,351.7,46.6,0,0.331,50,30,48.18,84.14
21.3,630.4,6,0.695,22.53,49.64,772.6,364.5,48.9,0,0.266,50,30,48.18,84.12
21.33,632.6,6,0.705,22.61,49.22,772.6,377.6,47.8,0,0.304,50,30,48.18,84.13
21.35,634.7,6,0.683,22.55,49.2,772.4,389.5,46.7,0,0.274,50,30,48.18,84.78
21.37,636.8,6,0.685,22.57,49.43,777.1,379.3,48.1,0,0.286,50,30,48.18,84.26
21.39,638.9,6,0.674,22.78,49.61,774.2,361.9,46.6,0,0.389,50,30,48.18,83.82
21.41,641,6,0.701,22.66,49.27,773.4,366.4,45.9,0,0.329,50,30,48.18,84.42
21.43,643.1,6,0.695,22.69,49.33,777.4,370.7,45.6,0,0.344,50,30,48.18,84.45
21.45,645.2,6,0.698,22.78,49.29,777.3,374.3,48.9,0,0.387,50,30,48.18,83.17
21.47,647.2,6,0.71,22.85,48.84,776.1,391.7,49.3,0,0.424,50,30,48.18,82.77
21.49,649.3,6,0.716,23.21,48.83,779.3,225.9,47.1,0,0.603,0,0,0,79.17
21.51,651.3,6,0.72,23.18,48.82,782,374.4,47.6,0,0.587,50,30,48.18,81.89
21.53,653.3,6,0.696,22.9,48.34,783.6,371.1,47,0,0.449,50,30,48.18,82.88
21.55,655.3,6,0.712,22.93,48.76,785.2,400.9,47.1,0,0.462,50,30,48.18,83.21
21.57,657.3,6,0.72,22.67,49.45,785,391.2,46.2,0,0.333,50,30,48.18,84.62
21.59,659.3,6,0.717,22.81,49.57,784.5,390.8,46.8,0,0.405,50,30,48.18,83.93
21.61,661.3,6,0.703,22.86,49.59,786.4,381.8,45,0,0.431,50,30,48.18,84.18
21.63,663.2,6,0.712,22.71,49.73,787,388.4,49.4,0,0.354,50,30,48.18,83.57
21.65,665.2,6,0.712,22.58,49.47,786.4,393,48.6,0,0.289,50,30,48.18,84.23
21.67,667.1,6,0.734,22.54,49.48,786.4,405.3,48.3,0,0.271,50,30,48.18,84.59
21.69,669,6,0.737,22.68,49.58,786.5,388.3,49.6,0,0.34,50,30,48.18,83.56
21.71,670.9,6,0.728,22.74,49.76,784.3,384.5,48,0,0.369,50,30,48.18,83.85
21.73,672.8,6,0.741,22.59,49.22,783.1,752.5,46.6,0,0.295,100,100,100,82.73
21.75,674.7,6,0.732,22.53,49.32,784.9,393.1,50,0,0.266,50,30,48.18,83.93
21.77,676.6,6,0.748,22.5,49.5,782.5,415.3,49.4,0,0.25,50,30,48.18,84.52
21.78,678.4,6,0.719,22.62,49.15,784.5,402.1,47.9,0,0.308,50,30,48.18,84.29
21.8,680.3,6,0.707,22.63,49.55,788.1,389.3,48.7,0,0.313,50,30,48.18,84.03
21.82,682.1,6,0.701,22.68,49.78,785.4,383.1,49,0,0.338,50,30,48.18,83.79
21.84,683.9,6,0.715,22.75,49.49,787.1,384.6,48.3,0,0.373,50,30,48.18,83.64
21.86,685.7,6,0.698,22.8,49.64,789.6,382.4,47.9,0,0.398,50,30,48.18,83.6
21.88,687.5,6,0.676,22.8,49.66,791.7,395.6,47.4,0,0.401,50,30,48.18,83.86
21.89,689.3,6,0.657,22.73,49.44,793.4,365.7,49.2,0,0.367,50,30,48.18,83.2
21.91,691.1,6,0.639,22.59,49.63,792.2,356.6,48,0,0.296,50,30,48.18,84.05
21.93,692.8,6,0.648,22.72,49.88,795.6,382.1,46.5,0,0.359,50,30,48.18,84.4
21.95,694.6,6,0.664,22.65,49.65,795.5,381.2,49.1,0,0.327,50,30,48.18,83.75
21.96,696.3,6,0.687,22.64,49.9,796.2,385.5,49.5,0,0.321,50,30,48.18,83.83
21.98,698,6,0.677,22.75,49.61,794,370.7,47.5,0,0.375,50,30,48.18,83.77
22,699.7,6,0.691,22.84,50.16,794.3,396.2,46.7,0,0.422,50,30,48.18,83.99
22.01,701.4,6,0.716,22.83,49.65,791.7,399.5,48,0,0.416,50,30,48.18,83.59
22.03,703.1,6,0.738,22.65,49.88,788.2,754.2,47.9,0,0.324,100,100,100,82.33
22.05,704.7,6,0.753,22.9,50.25,786.7,402.4,47.3,0,0.449,50,30,48.18,83.63
22.06,706.4,6,0.725,22.84,50.21,784.7,415.5,47.9,0,0.422,50,30,48.18,83.79
22.08,708,6,0.733,22.66,49.77,784.3,422.8,48.1,0,0.328,50,30,48.18,84.51
22.1,709.6,6,0.74,22.54,49.51,785.8,426.1,47.1,0,0.269,50,30,48.18,85.19
22.11,711.2,6,0.711,22.57,49.42,786.7,415.5,47.7,0,0.285,50,30,48.18,84.75
22.13,712.8,6,0.697,22.7,49.77,784.4,402.5,48.2,0,0.348,50,30,48.18,84.13
22.14,714.4,6,0.687,22.7,49.85,785.5,390.7,47.9,0,0.352,50,30,48.18,84.09
22.16,715.9,6,0.692,22.67,49.78,786.3,399.8,47.6,0,0.335,50,30,48.18,84.38
22.17,717.5,6,0.707,22.83,49.95,786.2,406.2,47.1,0,0.417,50,30,48.18,84.06
22.19,719,6,0.685,22.98,49.42,785.3,386.2,48.4,0,0.49,50,30,48.18,82.72
22.21,720.6,6,0.663,22.91,49.26,787.5,392.1,48.3,0,0.457,50,30,48.18,82.98
22.22,722.1,6,0.667,23.1,49.19,786,379,48.4,0,0.549,50,30,48.18,82.1
22.24,723.6,6,0.66,23.02,49.27,784.4,395.6,46.9,0,0.508,50,30,48.18,83.06
22.25,725,6,0.679,23,49.27,784.3,391.9,47.6,0,0.497,50,30,48.18,82.88
22.27,726.5,6,0.707,23.1,49.24,781.8,400.7,48.3,0,0.549,50,30,48.18,82.39
22.28,728,6,0.694,23.19,49.4,782.7,400.5,47.1,0,0.596,50,30,48.18,82.42
22.29,729.4,6,0.678,23.19,49.71,784,419.5,48.1,0,0.594,50,30,48.18,82.48
22.31,730.8,6,0.663,23.63,50.26,784.8,252.2,47.7,0,0.815,0,0,0,78.55
22.32,732.2,6,0.672,23.4,50.2,785.7,386.1,47.7,0,0.7,50,30,48.18,81.5
22.34,733.6,6,0.683,23.27,50.32,788.7,405,48.3,0,0.634,50,30,48.18,81.93
22.35,735,6,0.669,23.14,49.79,790.3,393.9,48.1,0,0.57,50,30,48.18,82.42
22.36,736.4,6,0.679,23.07,49.72,789.2,409.5,47.5,0,0.534,50,30,48.18,83.01
22.38,737.8,6,0.663,23.21,49.92,789,402.6,47.5,0,0.603,50,30,48.18,82.47
22.39,739.1,6,0.671,23.19,50.16,787.2,392.3,47.5,0,0.595,50,30,48.18,82.41
22.4,740.4,6,0.651,23.27,49.95,789,384.2,47.6,0,0.636,50,30,48.18,82.05
22.42,741.7,6,0.649,23.13,49.42,789.6,364.9,48.3,0,0.563,50,30,48.18,81.96
22.43,743,6,0.675,23.12,49.69,792.8,384.2,47.9,0,0.561,50,30,48.18,82.4
22.44,744.3,6,0.681,23.12,49,795.8,418.8,47.1,0,0.559,50,30,48.18,82.74
22.46,745.6,6,0.683,23.17,49.15,795,406.3,46.9,0,0.586,50,30,48.18,82.54
22.47,746.9,6,0.695,23.06,49.19,796.8,408.7,48.7,0,0.531,50,30,48.18,82.44
22.48,748.1,6,0.688,23.03,49.3,799.3,397.4,49.5,0,0.515,50,30,48.18,82.26
22.49,749.3,6,0.669,23.16,49.8,801.3,242.9,47,0,0.58,0,0,0,80.25
22.51,750.6,6,0.693,23.05,49.71,800.9,403.5,46.5,0,0.524,50,30,48.18,83.29
22.52,751.8,6,0.717,22.99,49.92,800.5,432.6,48.9,0,0.496,50,30,48.18,83.17
22.53,752.9,6,0.732,23.17,49.78,797.1,286.4,49.5,0,0.586,0,0,0,80.77
22.54,754.1,6,0.713,23.24,49.8,798.2,410.2,47.4,0,0.62,50,30,48.18,82.41
22.55,755.3,6,0.698,23.08,49.58,797.3,415.7,48.1,0,0.538,50,30,48.18,82.81
22.56,756.4,6,0.676,23.05,49.25,796.9,413.9,47.1,0,0.525,50,30,48.18,83.04
22.58,757.5,6,0.7,22.87,49.88,796.5,413.7,48.2,0,0.433,50,30,48.18,83.66
22.59,758.7,6,0.684,23.2,50.08,796.7,267.5,47.3,0,0.599,0,0,0,80.8
22.6,759.8,6,0.695,23.09,49.91,795.7,421.3,48.9,0,0.543,50,30,48.18,82.7
22.61,760.8,6,0.712,23.16,49.86,798,397.4,46.2,0,0.58,50,30,48.18,82.98
22.62,761.9,6,0.723,23.07,50.03,797.8,438.3,48.1,0,0.533,50,30,48.18,83.2
22.63,763,6,0.73,23.19,50.43,797.2,438.7,47.3,0,0.595,50,30,48.18,82.84
22.64,764,6,0.71,23.05,50.36,799.5,427.6,48.5,0,0.524,50,30,48.18,82.93
22.65,765,6,0.705,23.05,50.3,798.6,425.8,49.5,0,0.524,50,30,48.18,82.61
22.66,766.1,6,0.685,23.01,50.3,798,422.1,48.6,0,0.507,50,30,48.18,82.98
22.67,767.1,6,0.671,22.99,50.59,799.5,408.1,47.1,0,0.498,50,30,48.18,83.25
22.68,768,6,0.661,23.02,50.28,804,407.1,47.5,0,0.512,50,30,48.18,83.08
22.69,769,6,0.678,22.95,50.18,800.4,418.3,47.1,0,0.473,50,30,48.18,83.69
22.7,770,6,0.663,23.05,49.83,797.5,415.1,48.7,0,0.523,50,30,48.18,82.82
22.71,770.9,6,0.652,22.96,49.87,794.2,417.6,49.5,0,0.481,50,30,48.18,82.92
22.72,771.8,6,0.671,22.89,49.93,794.7,427.4,46.4,0,0.445,50,30,48.18,84.24
22.73,772.7,6,0.671,23.12,50.1,796.5,414.6,47.9,0,0.561,50,30,48.18,82.78
22.74,773.6,6,0.699,23.19,49.52,798.7,415,47.4,0,0.594,50,30,48.18,82.57
22.75,774.5,6,0.684,23.2,49.47,798.2,408.7,48.4,0,0.599,50,30,48.18,82.14
22.75,775.4,6,0.666,23.16,49.95,797.1,402.3,46.6,0,0.58,50,30,48.18,82.92
22.76,776.2,6,0.655,22.93,49.17,798.5,751.2,47.2,0,0.466,100,100,100,81.27
22.77,777.1,6,0.662,23,49.36,795.8,398.7,47.7,0,0.5,50,30,48.18,82.96
22.78,777.9,6,0.683,23,49.5,794.4,410.5,46.9,0,0.499,50,30,48.18,83.35
22.79,778.7,6,0.666,23.2,49.97,793.3,252.4,46.8,0,0.601,0,0,0,80.52
22.79,779.5,6,0.686,23.09,50.34,792.4,413.2,48.2,0,0.548,50,30,48.18,82.71
22.8,780.3,6,0.704,23.29,50.11,794,417.8,48.7,0,0.644,50,30,48.18,81.96
22.81,781,6,0.727,23.26,50.52,795,443.8,47.4,0,0.632,50,30,48.18,82.55
22.82,781.8,6,0.705,23.07,50.47,799.2,436.8,48,0,0.536,50,30,48.18,83.04
22.83,782.5,6,0.7,23.04,50.54,797.5,417.8,48.4,0,0.52,50,30,48.18,82.81
22.83,783.2,6,0.691,23.01,50.23,795.9,431.4,48.7,0,0.505,50,30,48.18,83.07
22.84,783.9,6,0.712,23.03,50.11,795.4,430.1,48.6,0,0.517,50,30,48.18,83.07
22.85,784.6,6,0.7,23.14,49.77,798.1,433.5,48.3,0,0.57,50,30,48.18,82.74
22.85,785.3,6,0.691,23.08,49.3,797,419.8,48.5,0,0.542,50,30,48.18,82.59
22.86,786,6,0.701,23.09,49.79,794.8,408.1,49.7,0,0.545,50,30,48.18,82.25
22.87,786.6,6,0.718,23.07,49.91,795.8,431.5,47.4,0,0.532,50,30,48.18,83.33
22.87,787.2,6,0.709,23.04,49.83,796,440.7,47.5,0,0.518,50,30,48.18,83.46
22.88,787.8,6,0.687,23.07,50.23,796.2,418.3,45.9,0,0.537,50,30,48.18,83.56
22.88,788.4,6,0.695,22.88,50.42,796.1,782.9,47.9,0,0.441,100,100,100,80.91
22.89,789,6,0.709,23.23,50.52,801,421,50,0,0.617,50,30,48.18,81.63
22.9,789.6,6,0.726,23.22,50.3,800.8,416.9,47.4,0,0.611,50,30,48.18,82.5
22.9,790.2,6,0.736,22.91,50.02,800.5,795.8,47.8,0,0.454,100,100,100,80.79
22.91,790.7,6,0.746,23.02,49.77,803,461.1,49.8,0,0.509,50,30,48.18,82.78
22.91,791.2,6,0.76,23.24,49.48,800.2,453.4,47.4,0,0.618,50,30,48.18,82.67
22.92,791.7,6,0.74,23.03,49.21,799.2,450.5,49,0,0.516,50,30,48.18,82.87
22.92,792.2,6,0.742,23.17,48.86,797.7,439.8,48,0,0.586,50,30,48.18,82.44
22.93,792.7,6,0.73,23.16,49.03,797.5,454,47.3,0,0.579,50,30,48.18,82.83
22.93,793.2,6,0.716,23.09,48.94,799.1,436.1,45.9,0,0.543,50,30,48.18,83.37
22.94,793.6,6,0.692,23.06,49.18,800.1,424.3,48.8,0,0.528,50,30,48.18,82.58
22.94,794,6,0.697,22.96,49.05,800.7,426,47.3,0,0.479,50,30,48.18,83.36
22.94,794.5,6,0.688,23.15,48.87,799.7,413.3,47.8,0,0.575,50,30,48.18,82.33
22.95,794.9,6,0.7,23.2,48.66,799.6,422.2,48.7,0,0.599,50,30,48.18,81.88
22.95,795.2,6,0.685,23.05,48.99,798.9,399.8,49.2,0,0.523,50,30,48.18,82.2
22.96,795.6,6,0.681,22.91,48.8,800.9,429.4,50,0,0.452,50,30,48.18,82.7
22.96,796,6,0.709,22.85,48.65,801.2,421.8,47.1,0,0.424,50,30,48.18,83.64
22.96,796.3,6,0.723,22.98,49.22,801.4,442.9,47.3,0,0.488,50,30,48.18,83.53
22.97,796.6,6,0.744,23.01,49.47,802.3,437.3,48.3,0,0.507,50,30,48.18,83.11
22.97,797,6,0.754,23.1,49.13,802.9,466.7,49.2,0,0.548,50,30,48.18,82.36
22.97,797.3,6,0.733,23.06,49.9,798.9,448.9,48.7,0,0.529,50,30,48.18,83.13
22.98,797.5,6,0.725,23.06,49.77,800.1,451.2,47.3,0,0.529,50,30,48.18,83.49
22.98,797.8,6,0.721,23.18,49.48,801.5,425.1,44.5,0,0.589,50,30,48.18,83.53
22.98,798.1,6,0.735,23.11,49.71,798.8,423.4,46.5,0,0.553,50,30,48.18,83.29
22.98,798.3,6,0.724,23.08,49.48,797.8,427.4,47.4,0,0.539,50,30,48.18,83.08
22.99,798.5,6,0.713,22.96,49.82,798.7,434.3,48.7,0,0.481,50,30,48.18,83.31
22.99,798.7,6,0.69,23.15,50.02,796.2,421.4,47.6,0,0.573,50,30,48.18,82.89
22.99,798.9,6,0.711,23.01,49.19,798,431.3,45.7,0,0.503,50,30,48.18,83.78
22.99,799.1,6,0.717,23.08,49.04,800.6,443.4,48.3,0,0.54,50,30,48.18,82.78
22.99,799.2,6,0.711,23.06,49.4,801,424.6,46.9,0,0.527,50,30,48.18,83.24
22.99,799.4,6,0.714,23.01,48.82,800.3,441.7,48.2,0,0.505,50,30,48.18,82.97
23,799.5,6,0.732,23.09,49.01,801.8,440.5,47,0,0.545,50,30,48.18,83.09
23,799.6,6,0.724,23.4,49.27,798.8,290.3,47.1,0,0.701,0,0,0,80.55
23,799.7,6,0.742,23.3,49.37,798,436.4,47.6,0,0.651,50,30,48.18,82.23
23,799.8,6,0.758,23.2,49.72,800,451.6,46.3,0,0.599,50,30,48.18,83.26
23,799.9,6,0.757,23.37,49.7,800.9,436.3,49.5,0,0.685,50,30,48.18,81.51
23,799.9,6,0.729,23.28,49.52,801,458.6,47.3,0,0.637,50,30,48.18,82.52
23,800,6,0.703,23.29,49.49,796.4,421.6,47.6,0,0.645,50,30,48.18,82.17
23,800,6,0.695,23.17,50.03,799.4,438.2,48.2,0,0.585,50,30,48.18,82.78
23,800,5,0.693,23.27,49.51,801.4,424,48,0,0.632,50,30,48.18,82.14
23,800,5,0.677,23.15,49.26,799.9,392.6,49.5,0,0.572,50,30,48.18,81.78
23,800,4,0.701,23.03,48.78,796.9,424.4,46,0,0.515,50,30,48.18,83.38
23,799.9,4,0.691,23.05,48.95,794.6,444.8,45.7,0,0.523,50,30,48.18,83.68
23,799.9,4,0.688,23.06,48.54,790.4,411.6,46.5,0.2,0.53,50,30,48.18,82.9
23,799.8,4,0.672,22.87,48.58,785.3,412.6,45.3,0,0.433,50,30,48.18,84.01
23,799.7,4,0.656,22.75,48.76,780.9,410.9,45.4,0,0.376,50,30,48.18,84.48
23,799.6,3,0.668,22.75,48.24,775.5,409.7,46.1,0.3,0.373,50,30,48.18,84.09
23,799.5,3,0.684,22.72,48.39,775,415.6,44,0.8,0.359,50,30,48.18,85.01
22.99,799.4,3,0.687,22.86,48.06,773.7,422.3,44.4,2.2,0.429,50,30,48.18,84.44
22.99,799.2,3,0.706,22.77,47.17,767.5,430.3,44.6,1,0.383,50,30,48.18,84.35
22.99,799.1,3,0.716,22.77,47.19,755.9,433,45.2,1.3,0.384,50,30,48.18,84.24
22.99,798.9,3,0.735,22.74,47.27,752,457.3,43.7,4.4,0.369,50,30,48.18,85.21
22.99,798.7,3,0.716,22.7,46.85,747.1,420,43.6,2.4,0.347,50,30,48.18,84.85
22.99,798.5,3,0.709,22.87,47.28,743.9,437.1,45.4,4.3,0.431,50,30,48.18,84.18
22.98,798.3,3,0.702,22.77,47.07,740,434.9,44.5,4.5,0.385,50,30,48.18,84.73
22.98,798.1,3,0.71,22.81,47.23,737.4,458.5,45.1,4,0.403,50,30,48.18,84.48
22.98,797.8,3,0.704,22.72,46.88,730.1,441.2,43.8,5.9,0.355,50,30,48.18,85.29
22.98,797.5,3,0.681,22.66,46.49,729.2,424.6,43.7,6.7,0.328,50,30,48.18,85.29
22.97,797.3,3,0.667,22.5,46.51,728.5,411.6,44.7,6.6,0.249,50,30,48.18,85.46
22.97,797,3,0.697,22.59,46.27,724.9,420.3,44.1,6.6,0.294,50,30,48.18,85.29
22.97,796.6,3,0.712,22.62,46,720.6,432.7,43.7,7.8,0.308,50,30,48.18,85.44
22.96,796.3,3,0.729,22.6,45.9,713.2,446.7,44.2,8.7,0.299,50,30,48.18,85.54
22.96,796,3,0.728,22.72,45.82,708.8,448.9,44.5,9.6,0.358,50,30,48.18,85.09
22.96,795.6,3,0.72,22.6,45.75,705.9,446.7,44.1,8.8,0.298,50,30,48.18,85.56
22.95,795.2,3,0.695,22.64,45.77,701.8,434.9,46.5,8.2,0.317,50,30,48.18,84.5
22.95,794.9,3,0.674,22.62,45.81,700.4,422.6,42.6,8.4,0.307,50,30,48.18,85.67
22.94,794.5,3,0.69,22.7,45.75,697.8,418,44.4,9.4,0.345,50,30,48.18,84.86
22.94,794,3,0.705,22.59,45.85,695.7,443.5,44.9,8.4,0.295,50,30,48.18,85.3
22.94,793.6,3,0.703,22.57,46.56,692.8,437.6,43.4,9.6,0.282,50,30,48.18,86.17
22.93,793.2,3,0.691,22.55,45.83,688.6,416.4,45.7,10.7,0.273,50,30,48.18,85.18
22.93,792.7,3,0.693,22.68,46.07,687.6,432.9,44.9,11.2,0.336,50,30,48.18,85.25
22.92,792.2,3,0.678,22.84,46.23,687.3,410.2,44.2,10.5,0.415,50,30,48.18,84.64
22.92,791.7,3,0.696,22.77,46.53,681.7,422.7,45.3,8.4,0.383,50,30,48.18,84.56
22.91,791.2,3,0.687,22.75,46.55,679.4,411.2,45.5,9.9,0.371,50,30,48.18,84.62
22.91,790.7,3,0.686,22.79,46.14,674.6,425.8,44.5,10.6,0.39,50,30,48.18,84.84
22.9,790.2,3,0.685,22.73,45.76,672.2,411.7,44.7,11.1,0.364,50,30,48.18,84.75
22.9,789.6,3,0.683,22.56,45.63,670.7,429.2,44.8,11.3,0.278,50,30,48.18,85.52
22.89,789,3,0.684,22.39,46.26,668.3,426.1,45,13.2,0.195,50,30,48.18,86.48
22.88,788.4,3,0.671,22.58,46.49,665.7,403.2,43.5,14.9,0.286,50,30,48.18,86.26
22.88,787.8,3,0.679,22.43,46.52,663.5,780.2,45.8,15.4,0.215,100,100,100,83.67
22.87,787.2,3,0.657,22.62,46.59,663.9,415.7,44.9,16.3,0.306,50,30,48.18,86
22.87,786.6,3,0.655,22.67,46.61,665.2,402.2,44.7,15.7,0.332,50,30,48.18,85.67
22.86,786,3,0.665,22.65,46.57,666.2,387.1,44.2,16.1,0.322,50,30,48.18,85.79
22.85,785.3,3,0.671,22.48,46.27,662.5,761.7,45.1,15.6,0.24,100,100,100,83.9
22.85,784.6,3,0.679,22.45,46.28,662.8,416,45.1,15,0.221,50,30,48.18,86.33
22.84,783.9,3,0.705,22.52,46.15,663,431.4,44.8,14.9,0.259,50,30,48.18,86.23
22.83,783.2,3,0.695,22.49,46.29,661,433.8,45.8,16,0.245,50,30,48.18,86.23
22.83,782.5,3,0.679,22.41,46.51,663.4,405.2,44.1,14.8,0.205,50,30,48.18,86.72
22.82,781.8,3,0.683,22.65,46.01,665.9,421.8,43.9,12.4,0.325,50,30,48.18,85.62
22.81,781,3,0.679,22.66,45.96,664,427.7,46.8,11.2,0.327,50,30,48.18,84.64
22.8,780.3,3,0.679,22.92,46.2,663.6,267.5,44.7,11.2,0.457,0,0,0,82.4
22.79,779.5,3,0.663,22.82,46.57,660.9,406.9,45.3,11.9,0.409,50,30,48.18,84.58
22.79,778.7,3,0.659,22.64,46.48,658,431.1,45.2,12.5,0.319,50,30,48.18,85.55
22.78,777.9,3,0.669,22.61,46.48,660.4,416.8,44.5,12.2,0.305,50,30,48.18,85.7
22.77,777.1,3,0.665,22.62,46.42,663.2,415.5,45.2,11.2,0.307,50,30,48.18,85.34
22.76,776.2,3,0.672,22.49,46.18,659.3,414.7,45.4,12.4,0.246,50,30,48.18,85.74
22.75,775.4,3,0.68,22.47,46.1,657.9,414.8,43.6,12.9,0.232,50,30,48.18,86.43
22.75,774.5,3,0.675,22.57,45.8,658.8,409.6,44.3,13.8,0.285,50,30,48.18,85.74
22.74,773.6,3,0.675,22.66,46.09,655.8,416.7,46.1,11.7,0.326,50,30,48.18,84.86
22.73,772.7,4,0.687,22.74,45.7,658,410.9,46.9,13,0.368,50,30,48.18,84.24
22.72,771.8,5,0.698,22.79,45.93,657.9,417.3,47,11.2,0.393,50,30,48.18,83.99
22.71,770.9,5,0.717,22.8,46.05,658.8,423.5,47.7,10,0.395,50,30,48.18,83.74
22.7,770,5,0.707,22.84,46.13,659.3,430.1,48.1,8.8,0.416,50,30,48.18,83.45
22.69,769,5,0.684,22.96,46.35,663.7,412.9,48,5.6,0.476,50,30,48.18,82.62
22.68,768,6,0.67,22.9,47.19,669.4,405.5,48.5,3.5,0.447,50,30,48.18,82.69
22.67,767.1,6,0.674,23.05,47.18,672.6,423.6,50.6,0.6,0.524,50,30,48.18,81.4
22.66,766.1,6,0.687,23.01,47.51,677.2,405.3,47.7,0,0.501,50,30,48.18,82.32
22.65,765,6,0.689,23.23,47.42,678.6,406.5,47.7,0,0.613,50,30,48.18,81.47
22.64,764,6,0.682,23.23,48.03,681.4,415.3,50.1,0,0.612,50,30,48.18,81.04
22.63,763,6,0.677,23.02,48.59,687.1,406.2,47.7,0,0.509,50,30,48.18,82.67
22.62,761.9,6,0.705,23,49.2,688.8,430.4,47.3,0,0.499,50,30,48.18,83.33
22.61,760.8,6,0.723,23.02,49.11,693.5,431,46.5,0,0.512,50,30,48.18,83.43
22.6,759.8,6,0.715,23.12,49.17,694.7,428.7,48.2,0,0.558,50,30,48.18,82.59
22.59,758.7,6,0.705,23.34,49.22,697.3,415.4,46.5,0,0.667,50,30,48.18,82.17
22.58,757.5,6,0.728,23.27,48.92,700.7,421.4,46.6,0,0.633,50,30,48.18,82.34
22.56,756.4,6,0.734,23.04,49.39,705.8,420.4,49,0,0.517,50,30,48.18,82.65
22.55,755.3,6,0.747,23.27,49.76,705.7,449.5,44.2,0,0.632,50,30,48.18,83.66
22.54,754.1,6,0.745,23.08,49.29,707.4,442.2,47.8,0,0.54,50,30,48.18,83.04
22.53,752.9,6,0.722,22.89,49.01,710.4,423.5,48.5,0,0.444,50,30,48.18,83.26
22.52,751.8,6,0.724,23.15,48.78,711.2,416.9,47.1,0,0.575,50,30,48.18,82.53
22.51,750.6,6,0.707,23.07,48.54,719.7,411.5,48.2,0,0.536,50,30,48.18,82.35
22.49,749.3,6,0.698,23.02,48.69,722.8,424.2,48.1,0,0.509,50,30,48.18,82.76
22.48,748.1,6,0.716,22.9,49.13,723.2,427.4,48.7,0,0.449,50,30,48.18,83.24
22.47,746.9,6,0.73,22.67,48.81,725.7,423.2,48.1,0,0.336,50,30,48.18,84.1
22.46,745.6,6,0.71,22.64,48.87,727.8,416.2,48.4,0,0.318,50,30,48.18,84.08
22.44,744.3,6,0.719,22.59,48.89,728.4,419.8,47.5,0,0.294,50,30,48.18,84.59
22.43,743,6,0.701,22.52,49,730.8,400.4,48.9,0,0.262,50,30,48.18,84.26
22.42,741.7,6,0.718,22.79,48.58,734.9,430.9,46.9,0,0.392,50,30,48.18,84.01
22.4,740.4,6,0.729,22.78,48.75,739.2,411.5,48.8,0,0.391,50,30,48.18,83.35
22.39,739.1,6,0.731,22.9,49.08,740.7,415.6,49.9,0,0.447,50,30,48.18,82.74
22.38,737.8,6,0.741,22.89,48.94,740.2,408.9,50,0,0.446,50,30,48.18,82.6
22.36,736.4,6,0.745,22.93,49.18,741.1,430.3,47.2,0,0.464,50,30,48.18,83.61
22.35,735,6,0.714,22.92,49.47,740.8,413.3,46.4,0,0.459,50,30,48.18,83.82
22.34,733.6,6,0.704,23.02,49.63,743,400.7,49,0,0.512,50,30,48.18,82.58
22.32,732.2,6,0.721,22.94,49.41,742.9,416,46.4,0,0.468,50,30,48.18,83.77
22.31,730.8,6,0.725,23.15,49.64,743.3,279.4,49,0,0.575,0,0,0,80.73
22.29,729.4,6,0.728,23.01,49.79,745.2,419.8,48.2,0,0.507,50,30,48.18,83.1
22.28,728,6,0.731,23.19,49.76,748.7,435.2,49.5,0,0.596,50,30,48.18,82.19
22.27,726.5,6,0.717,23.18,49.32,752.1,432.2,48.1,0,0.587,50,30,48.18,82.49
22.25,725,6,0.713,23.09,49.52,751.5,391.5,49.1,0,0.547,50,30,48.18,82.15
22.24,723.6,6,0.69,22.98,49.3,752.2,392.1,49,0,0.488,50,30,48.18,82.55
22.22,722.1,6,0.692,22.81,49.31,755.8,407.4,46.4,0,0.406,50,30,48.18,84.12
22.21,720.6,6,0.692,22.77,49.58,760.3,401.3,47.2,0,0.382,50,30,48.18,84.08
22.19,719,6,0.713,22.81,49.8,762.5,403,48.1,0,0.406,50,30,48.18,83.74
22.17,717.5,6,0.689,22.82,50.34,760.8,398.8,48.1,0,0.412,50,30,48.18,83.59
22.16,715.9,6,0.679,22.78,50.12,762.7,400.4,46.8,0,0.388,50,30,48.18,84.28
22.14,714.4,6,0.683,22.83,50.16,764.7,408.8,48.2,0,0.416,50,30,48.18,83.7
22.13,712.8,6,0.699,22.82,50.4,767.6,396,46.6,0,0.411,50,30,48.18,84.02
22.11,711.2,6,0.72,22.67,50.64,767,419.8,49.4,0,0.338,50,30,48.18,83.85
22.1,709.6,6,0.714,22.78,49.83,764.5,403.4,47.9,0,0.388,50,30,48.18,83.94
22.08,708,6,0.735,22.72,49.65,765.4,393.7,48.1,0,0.358,50,30,48.18,83.95
22.06,706.4,6,0.718,22.69,49.05,767.8,418.1,46.5,0,0.343,50,30,48.18,84.55
22.05,704.7,6,0.716,22.81,49.36,767.2,400,47.6,0,0.403,50,30,48.18,83.71
22.03,703.1,6,0.725,22.79,49.3,768.4,404.4,48,0,0.392,50,30,48.18,83.71
22.01,701.4,6,0.727,22.76,49.72,769.5,388,49.4,0,0.381,50,30,48.18,83.37
22,699.7,6,0.712,22.81,49.43,770.6,395.5,50.8,0,0.407,50,30,48.18,82.7
21.98,698,6,0.689,22.86,49.54,774.5,218.1,48.2,0,0.429,0,0,0,80.21
21.96,696.3,6,0.671,22.85,49.4,777.6,388.1,48.4,0,0.426,50,30,48.18,83.21
21.95,694.6,6,0.681,22.95,49.21,779.2,369.8,49,0,0.476,50,30,48.18,82.39
21.93,692.8,6,0.683,22.77,49.29,778.5,390.3,48.5,0,0.383,50,30,48.18,83.48
21.91,691.1,6,0.677,22.87,49.21,777.6,396,46.9,0,0.436,50,30,48.18,83.59
21.89,689.3,6,0.677,22.68,48.93,776.9,731.1,48.3,0,0.341,100,100,100,82.09
21.88,687.5,6,0.69,22.61,48.38,775.9,384.9,49.2,0,0.303,50,30,48.18,83.48
21.86,685.7,6,0.705,22.54,48.47,776.1,379,49.1,0,0.269,50,30,48.18,83.74
21.84,683.9,6,0.709,22.56,48.33,780.7,372.6,46.7,0,0.278,50,30,48.18,84.26
21.82,682.1,6,0.706,22.63,48.96,780.9,395.6,46.9,0,0.314,50,30,48.18,84.4
21.8,680.3,6,0.684,22.64,48.94,781.8,381.1,49.3,0,0.318,50,30,48.18,83.5
21.78,678.4,6,0.704,22.66,48.97,781.7,380.4,47.1,0,0.329,50,30,48.18,84.07
21.77,676.6,6,0.687,22.48,48.87,786.2,384.5,48.8,0,0.241,50,30,48.18,84.23
21.75,674.7,6,0.713,22.59,49.27,784.5,392.5,48.7,0,0.295,50,30,48.18,84.08
21.73,672.8,6,0.711,22.55,49.7,785.3,380.3,48.9,0,0.273,50,30,48.18,84.24
21.71,670.9,6,0.722,22.59,49.18,785.6,400.2,49.3,0,0.293,50,30,48.18,83.97
21.69,669,6,0.736,22.63,49.41,786.3,242.6,47.4,0,0.312,0,0,0,81.99
21.67,667.1,6,0.712,22.77,49.58,787.3,377.5,46.8,0,0.385,50,30,48.18,83.95
21.65,665.2,6,0.735,22.77,49.24,789.3,401.2,49.4,0,0.383,50,30,48.18,83.29
21.63,663.2,6,0.714,22.72,49.36,786.2,386.1,48.6,0,0.359,50,30,48.18,83.62
21.61,661.3,6,0.713,22.82,49.27,791.9,369.3,46.3,0,0.407,50,30,48.18,83.74
21.59,659.3,6,0.717,22.84,49.49,791.2,387.5,46.8,0,0.418,50,30,48.18,83.77
21.57,657.3,6,0.737,22.76,49.28,789.8,385.6,48.3,0,0.378,50,30,48.18,83.51
21.55,655.3,6,0.735,22.66,49.15,787.9,395.7,47.3,0,0.331,50,30,48.18,84.22
21.53,653.3,6,0.728,22.7,49.72,787.6,237.2,47.4,0,0.352,0,0,0,81.64
21.51,651.3,6,0.716,22.93,50.14,786.1,246.2,48.3,0,0.463,0,0,0,80.87
21.49,649.3,6,0.717,22.82,49.59,786.4,392.1,49,0,0.409,50,30,48.18,83.28
21.47,647.2,6,0.699,22.77,49.79,786.9,386.2,47.6,0,0.385,50,30,48.18,83.86
21.45,645.2,6,0.686,22.99,50.73,788.4,373.4,46.4,0,0.494,50,30,48.18,83.09
21.43,643.1,6,0.683,22.87,50.54,787.8,366.7,48.5,0,0.437,50,30,48.18,82.88
21.41,641,6,0.685,22.88,49.85,789.7,365.7,48.8,0,0.441,50,30,48.18,82.91
21.39,638.9,6,0.682,22.74,49.73,788.6,368.8,46.8,0,0.371,50,30,48.18,84.03
21.37,636.8,6,0.687,22.95,49.53,789.5,363.1,48,0,0.474,50,30,48.18,82.76
21.35,634.7,6,0.711,22.75,49.66,791.7,375.9,48.4,0,0.373,50,30,48.18,83.58
21.33,632.6,6,0.698,22.64,49.41,792,357,48,0,0.322,50,30,48.18,83.78
21.3,630.4,6,0.708,22.61,49.21,791.4,384.9,48.2,0,0.306,50,30,48.18,84.04
21.28,628.3,6,0.702,22.47,49.17,793.9,355.8,49.3,0,0.234,50,30,48.18,83.97
21.26,626.1,6,0.72,22.35,49.37,795.5,387.1,46.3,0,0.173,50,30,48.18,85.7
21.24,623.9,6,0.716,22.35,49.65,796.7,367.5,46.4,0,0.176,50,30,48.18,85.58
21.22,621.7,6,0.692,22.46,49.27,797.8,366.6,46.8,0,0.229,50,30,48.18,84.91
21.2,619.5,6,0.683,22.48,49.53,800,344.6,47.1,0,0.242,50,30,48.18,84.58
21.17,617.3,6,0.698,22.46,49.68,800.1,368.9,47.2,0,0.228,50,30,48.18,84.94
21.15,615.1,6,0.677,22.37,50.23,799.9,370.8,49.1,0,0.184,50,30,48.18,84.76
21.13,612.8,6,0.692,22.48,49.43,798,366.9,49.2,0,0.242,50,30,48.18,84.13
21.11,610.6,6,0.697,22.64,49.13,797,359,45.9,0,0.32,50,30,48.18,84.36
21.08,608.3,6,0.715,22.57,49.32,794.2,377.7,48.1,0,0.285,50,30,48.18,84.21
21.06,606.1,6,0.696,22.74,49.67,794.4,361.7,47.6,0,0.372,50,30,48.18,83.67
21.04,603.8,6,0.699,22.8,49.19,796.9,359.1,46.6,0,0.401,50,30,48.18,83.55
21.01,601.5,6,0.674,22.67,48.5,798.5,719.7,47.1,0,0.333,100,100,100,82.52
20.99,599.2,6,0.686,22.5,48.38,802.1,349,48.5,0,0.248,50,30,48.18,83.7
20.97,596.8,6,0.7,22.59,48.17,803.4,347.5,48,0,0.292,50,30,48.18,83.4
20.95,594.5,6,0.687,22.6,48.42,801.7,366.5,47.7,0,0.297,50,30,48.18,83.77
20.92,592.2,6,0.702,22.51,48.49,802,360.1,48.7,0,0.255,50,30,48.18,83.73
20.9,589.8,6,0.677,22.49,48.62,801,339,48.3,0,0.246,50,30,48.18,83.79
20.87,587.5,6,0.689,22.6,48.5,802.3,357.3,48.3,0,0.297,50,30,48.18,83.53
20.85,585.1,6,0.675,22.57,48.66,802.7,369.3,49.6,0,0.285,50,30,48.18,83.4
20.83,582.7,6,0.699,22.37,48.85,804.9,357.5,47.1,0,0.183,50,30,48.18,84.83
20.8,580.3,6,0.682,22.42,49,806.4,204.9,48.2,0,0.211,0,0,0,81.15
20.78,577.9,6,0.689,22.55,49.13,807.4,196.6,49,0,0.272,0,0,0,80.23
20.75,575.5,6,0.704,22.42,49.37,809,372.6,48.3,0,0.212,50,30,48.18,84.54
20.73,573,6,0.715,22.47,49.31,805.6,360.3,46.8,0,0.233,50,30,48.18,84.76
20.71,570.6,6,0.729,22.58,48.77,803.6,376.4,46.3,0,0.287,50,30,48.18,84.48
20.68,568.1,6,0.749,22.6,49.01,802.8,362.7,48.3,0,0.301,50,30,48.18,83.74
20.66,565.7,6,0.718,22.65,48.82,799.5,344.2,47.4,0,0.323,50,30,48.18,83.62
20.63,563.2,6,0.702,22.72,48.88,803.2,354,48.2,0,0.361,50,30,48.18,83.17
20.61,560.7,6,0.713,22.54,49.21,801.8,343.2,45.7,0,0.267,50,30,48.18,84.65
20.58,558.2,6,0.72,22.5,49.93,803.4,209.4,47.6,0,0.251,0,0,0,81.55
20.56,555.7,6,0.7,22.51,49.73,804,355.3,47.9,0,0.254,50,30,48.18,84.38
20.53,553.2,6,0.719,22.49,49.74,802.9,351.3,49.4,0,0.245,50,30,48.18,83.99
20.51,550.7,6,0.741,22.3,49.32,800.2,353.8,47.6,0,0.15,50,30,48.18,85.13
20.48,548.1,6,0.725,22.25,49.32,798.5,693.3,48,0,0.126,100,100,100,84.5
20.46,545.6,6,0.737,22.32,49.55,798.5,352.9,48.2,0,0.158,50,30,48.18,84.96
20.43,543,6,0.721,22.34,49.18,797.5,336.7,48.3,0,0.171,50,30,48.18,84.53
20.4,540.5,6,0.71,22.33,49.48,803.7,346.2,47.6,0.1,0.167,50,30,48.18,84.95
20.38,537.9,6,0.716,22.37,49.53,802.9,341.7,48.4,0,0.185,50,30,48.18,84.55
20.35,535.3,6,0.731,22.39,49.78,802.9,363,48.4,0,0.193,50,30,48.18,84.8
20.33,532.7,6,0.715,22.61,49.68,804.9,188.2,47.6,0,0.302,0,0,0,80.42
20.3,530.1,6,0.724,22.46,49.58,804.9,333.5,48.5,0,0.231,50,30,48.18,84.1
20.27,527.5,6,0.743,22.27,49.55,806,701,49,0,0.134,100,100,100,84.02
20.25,524.8,6,0.714,22.28,49.19,807.6,337.4,48,0,0.14,50,30,48.18,84.77
20.22,522.2,6,0.733,22.21,48.8,807.6,671.2,46.8,0,0.106,100,100,100,85.05
20.2,519.6,6,0.724,22.45,49.38,804.9,348.7,49.4,0,0.223,50,30,48.18,83.96
20.17,516.9,6,0.715,22.52,49.12,807.7,331.7,47.4,0,0.261,50,30,48.18,83.98
20.14,514.2,6,0.708,22.41,49.04,806.3,328.3,48.9,0,0.204,50,30,48.18,83.89
20.12,511.6,6,0.69,22.44,48.92,801.4,328.4,47.2,0,0.222,50,30,48.18,84.3
20.09,508.9,6,0.698,22.42,49.39,799.4,341.3,47.4,0,0.211,50,30,48.18,84.65
20.06,506.2,6,0.687,22.5,49.41,795.9,327.6,49.8,0,0.248,50,30,48.18,83.5
20.03,503.5,6,0.707,22.35,49.16,793.7,327.7,47.7,0,0.174,50,30,48.18,84.6
20.01,500.7,6,0.708,22.41,49.56,792.3,325.4,47.8,0,0.206,50,30,48.18,84.48
19.98,498,6,0.696,22.19,49.08,792.1,660.2,46.3,0,0.092,100,100,100,85.68
19.95,495.3,6,0.687,22.22,48.4,792.3,328.7,46.7,0,0.109,50,30,48.18,85.13
19.93,492.5,6,0.665,22.22,48.74,791.1,321.2,46.2,0,0.109,50,30,48.18,85.32
19.9,489.8,6,0.683,22.23,49.09,792.6,320.5,46.8,0,0.117,50,30,48.18,85.19
19.87,487,6,0.68,22.14,49.11,792.1,314.3,45.2,0,0.072,50,30,48.18,85.97
19.84,484.2,6,0.688,22.27,48.97,791.6,290.6,49.9,0,0.134,50,30,48.18,83.62
19.81,481.5,6,0.682,22.35,49.31,790.9,305.9,46.6,0,0.173,50,30,48.18,84.78
19.79,478.7,6,0.678,22.4,49.47,789.9,296.2,47.4,0,0.199,50,30,48.18,84.22
19.76,475.9,6,0.665,22.31,49.62,791,311.7,48.9,0,0.153,50,30,48.18,84.41
19.73,473,6,0.695,22.39,49.14,791.7,659.3,47.1,0,0.195,100,100,100,84.68
19.7,470.2,6,0.679,22.49,49.32,793.5,299.8,45.5,0,0.244,50,30,48.18,84.53
19.67,467.4,6,0.692,22.41,49.5,791.3,303,47.9,0,0.205,50,30,48.18,84.19
19.65,464.6,6,0.697,22.35,49.63,791.6,292.3,48.3,0,0.175,50,30,48.18,84.09
19.62,461.7,6,0.71,22.33,49.74,792.2,312.5,47.1,0,0.164,50,30,48.18,84.93
19.59,458.9,6,0.703,22.43,49.82,791,307.5,47.8,0,0.213,50,30,48.18,84.33
19.56,456,6,0.701,22.33,49.43,790.7,325.1,47.8,0,0.167,50,30,48.18,84.71
19.53,453.1,6,0.715,22.3,49.03,793.1,314,48.4,0,0.147,50,30,48.18,84.42
19.5,450.2,6,0.712,22.29,49.15,792.8,296.8,48,0,0.144,50,30,48.18,84.36
19.47,447.4,6,0.723,22.2,49.46,796.7,309.6,48,0,0.098,50,30,48.18,85.01
19.44,444.5,6,0.726,22.17,49.61,799.4,340.2,47.7,0,0.085,50,30,48.18,85.55
19.42,441.5,6,0.739,22.13,49.3,798,314.7,49.1,0,0.064,50,30,48.18,84.92
19.39,438.6,6,0.72,22.1,49.42,796.8,301.6,47.4,0,0.049,50,30,48.18,85.47
19.36,435.7,6,0.715,22.02,49.13,796.6,306.2,47.9,0,0.009,50,30,48.18,85.55
19.33,432.8,6,0.711,21.99,48.72,795.1,643.4,47.9,0,-0.004,100,100,100,85.96
19.3,429.8,6,0.719,21.92,48.77,792.1,298.7,48.4,0,-0.042,50,30,48.18,84.94
19.27,426.9,6,0.727,21.87,48.99,789.8,307.2,47.5,0,-0.066,50,30,48.18,85.21
19.24,423.9,6,0.735,21.87,49.73,791.8,291.7,48.6,0,-0.066,50,30,48.18,84.85
19.21,421,6,0.705,21.72,50.24,798.9,306.8,47.6,0,-0.138,50,30,48.18,84.93
19.18,418,6,0.729,21.84,49.93,802.7,297.7,48.1,0,-0.078,50,30,48.18,85.13
19.15,415,6,0.712,21.86,49.36,803.5,291.9,47.8,0,-0.069,50,30,48.18,84.87
19.12,412,6,0.695,21.76,49.72,804.2,282.9,49.5,0,-0.118,50,30,48.18,83.84
19.09,409,6,0.692,21.86,49.87,802.2,280.9,48.4,0,-0.071,50,30,48.18,84.56
19.06,406,6,0.707,21.94,49.93,804,287.3,48,0,-0.029,50,30,48.18,85.17
19.03,403,6,0.722,22.14,50.01,800.2,288.3,49.6,0,0.071,50,30,48.18,84.49
19,400,6,0.699,22.06,50.09,800.6,299.6,48.9,0,0.029,50,30,48.18,85.32
18.97,397,6,0.679,21.93,50.05,798.4,297.7,48.3,0,-0.035,50,30,48.18,85.42
18.94,393.9,6,0.666,21.97,50.23,799.9,296.6,48,0,-0.014,50,30,48.18,85.56
18.91,390.9,6,0.663,22.07,49.87,799.3,271.5,47.4,0,0.034,50,30,48.18,84.89
18.88,387.8,6,0.652,21.85,49.84,802.1,266.3,48.1,0,-0.074,50,30,48.18,84.19
18.85,384.8,6,0.666,21.92,49.67,800.5,280,47.9,0,-0.04,50,30,48.18,84.87
18.82,381.7,6,0.679,21.93,50.13,798.9,120.1,48.4,0,-0.035,0,0,0,80.26
18.79,378.7,6,0.691,21.95,50.59,799.9,289.7,48.5,0,-0.027,50,30,48.18,84.97
18.76,375.6,6,0.712,21.86,50.52,802.1,286.8,49.7,0,-0.068,50,30,48.18,84.24
18.72,372.5,6,0.707,21.81,50.21,801,282.2,48.6,0,-0.093,50,30,48.18,84.37
18.69,369.4,6,0.699,21.88,49.68,799.9,620.8,48.2,0,-0.062,100,100,100,86.13
18.66,366.3,6,0.707,21.87,49.55,799.9,295.1,47.2,0,-0.064,50,30,48.18,85.29
18.63,363.2,6,0.688,21.96,49.94,802,271.3,48.7,0,-0.02,50,30,48.18,84.59
18.6,360.1,6,0.672,21.98,50.13,803.4,255.4,48.3,0,-0.01,50,30,48.18,84.28
18.57,357,6,0.7,21.84,50.05,804.3,270.7,47.6,0,-0.079,50,30,48.18,84.44
18.54,353.8,6,0.683,21.88,49.92,805.5,269.5,47.4,0,-0.062,50,30,48.18,84.58
18.51,350.7,6,0.701,21.8,50.01,807,279.3,46.8,0,-0.1,50,30,48.18,84.75
18.48,347.6,6,0.715,21.77,49.88,803.6,286.2,46.7,0,-0.114,50,30,48.18,84.89
18.44,344.4,6,0.72,21.74,50.05,803.3,275.2,48.6,0,-0.13,50,30,48.18,83.9
18.41,341.3,6,0.697,21.83,49.9,804.7,610.8,47.5,0,-0.083,100,100,100,86.37
18.38,338.1,6,0.693,21.66,50.35,805,280.6,47,0,-0.171,50,30,48.18,84.1
18.35,334.9,6,0.689,21.68,50.79,805.4,267.9,48.4,0,-0.161,50,30,48.18,83.2
18.32,331.8,6,0.667,21.73,50.76,805.7,271.2,48,0,-0.135,50,30,48.18,83.63
18.29,328.6,6,0.652,21.92,50.49,804.8,257.1,48.8,0,-0.042,50,30,48.18,83.79
18.25,325.4,6,0.667,21.9,50.43,805.9,267.1,49,0,-0.051,50,30,48.18,83.95
18.22,322.2,6,0.697,21.7,50.54,807,271.1,46.8,0,-0.152,50,30,48.18,83.92
18.19,319,6,0.68,21.79,50.2,806.7,593.7,48.4,0,-0.105,100,100,100,84.6
18.16,315.8,6,0.695,21.89,50.3,808.1,616.2,48.6,0,-0.053,100,100,100,86.08
18.13,312.6,6,0.71,21.82,50.37,809.7,262.3,48.7,0,-0.088,50,30,48.18,83.59
18.09,309.4,6,0.719,21.86,50.72,808.5,268.4,48.5,0,-0.072,50,30,48.18,83.86
18.06,306.1,6,0.73,21.76,51.08,809.3,269.6,49.1,0,-0.119,50,30,48.18,83.19
18.03,302.9,6,0.702,21.76,50.66,808.2,233.2,49.4,0,-0.122,50,30,48.18,82.18
18,299.7,6,0.689,21.71,50.38,809.7,250.7,48.1,0,-0.146,50,30,48.18,83
17.96,296.4,6,0.709,21.54,50.51,809.3,280.6,49.3,0,-0.232,50,30,48.18,82.84
17.93,293.2,6,0.689,21.56,50.34,809.9,261.9,47.6,0,-0.222,50,30,48.18,82.92
17.9,290,6,0.676,21.49,50.38,809.8,231.9,46.6,0,-0.255,50,30,48.18,82.06
17.87,286.7,6,0.663,21.45,50.16,808.7,240.8,47.4,0,-0.275,50,30,48.18,82.03
17.83,283.4,6,0.694,21.44,50.59,810.3,246.5,47.8,0,-0.28,50,30,48.18,81.88
17.8,280.2,6,0.706,21.52,50.75,810,231.5,47.5,0,-0.24,50,30,48.18,81.74
17.77,276.9,6,0.696,21.53,50.52,807.9,253.4,48.9,0,-0.237,50,30,48.18,82.12
17.74,273.6,6,0.702,21.56,50.74,807.8,242,48.6,0,-0.221,50,30,48.18,81.92
17.7,270.3,6,0.677,21.57,51.29,811,110.7,48.6,0,-0.218,0,0,0,77.99
17.67,267,6,0.671,21.75,51.12,807.4,217.4,46,0,-0.124,50,30,48.18,82.52
17.64,263.8,6,0.656,21.7,50.86,809.9,222.5,48.6,0,-0.15,50,30,48.18,81.78
17.6,260.5,6,0.652,21.85,50.66,808.3,229.6,49.1,0,-0.075,50,30,48.18,82.51
17.57,257.2,6,0.662,21.82,50.42,809,250.4,49.2,0,-0.092,50,30,48.18,83.04
17.54,253.8,6,0.686,21.61,50,809.2,238.3,49.4,0,-0.193,50,30,48.18,82.04
17.51,250.5,6,0.703,21.46,50.18,811.8,232,47.7,0,-0.271,50,30,48.18,81.67
17.47,247.2,6,0.717,21.38,50.02,809.2,239.2,48.4,0,-0.311,50,30,48.18,81.48
17.44,243.9,6,0.729,21.5,49.92,805.8,242.9,48.3,0,-0.251,50,30,48.18,82.07
17.41,240.6,6,0.721,21.57,49.63,805.6,221.8,47.7,0,-0.215,50,30,48.18,81.78
17.37,237.2,6,0.706,21.57,49.01,804.9,236.1,47.7,0,-0.215,50,30,48.18,82
17.34,233.9,6,0.697,21.86,48.9,805.1,242.8,48.7,0,-0.069,50,30,48.18,82.94
17.31,230.6,6,0.683,21.69,49.08,807,220.2,47.1,0,-0.156,50,30,48.18,82.14
17.27,227.2,6,0.661,21.69,49.03,809.4,222.6,46.9,0,-0.154,50,30,48.18,82.22
17.24,223.9,6,0.645,21.75,49.02,815.4,223.4,48.8,0,-0.123,50,30,48.18,81.84
17.21,220.5,6,0.64,21.68,49,816.3,219.1,47.7,0,-0.16,50,30,48.18,81.73
17.17,217.2,6,0.657,21.82,48.84,818.2,206.2,49.2,0,-0.091,50,30,48.18,81.34
17.14,213.8,6,0.674,21.68,49.51,817.7,76.5,48.6,0,-0.161,0,0,0,76.55
17.1,210.4,6,0.695,21.27,49.23,818.8,227.8,49,0,-0.365,50,30,48.18,80.13
17.07,207.1,6,0.69,21.65,48.48,819.5,580.4,47.5,0,-0.172,100,100,100,83.83
17.04,203.7,6,0.688,21.51,48.8,819.2,225.7,47.3,0,-0.246,50,30,48.18,81.31
17,200.3,6,0.695,21.38,49.3,820.9,74.9,47.2,0,-0.308,0,0,0,75.62
16.97,196.9,6,0.671,21.72,49.59,821.5,557.6,47.1,0,-0.14,100,100,100,84.82
16.94,193.5,6,0.658,21.65,49.73,825.7,212.8,47.6,0,-0.175,50,30,48.18,81.62
16.9,190.1,6,0.682,21.49,49.87,825.5,216.9,47.3,0,-0.257,50,30,48.18,81.27
16.87,186.8,6,0.7,21.43,49.97,824.7,219.8,48.2,0,-0.283,50,30,48.18,80.96
16.83,183.4,6,0.708,21.39,50.14,820.2,214.5,45.3,0,-0.304,50,30,48.18,81.51
16.8,180,6,0.694,21.45,50.07,817.5,234.9,49.3,0,-0.274,50,30,48.18,81.21
16.77,176.6,6,0.679,21.3,50.29,813.1,213.9,48.1,0,-0.348,50,30,48.18,80.37
16.73,173.2,6,0.7,21.43,49.69,811.4,208.7,48.7,0,-0.285,50,30,48.18,80.51
16.7,169.7,6,0.703,21.35,49.75,812.6,195.8,48.6,0,-0.326,50,30,48.18,79.84
16.66,166.3,5,0.688,21.49,49.32,814.1,202.2,49.3,0,-0.253,50,30,48.18,80.2
16.63,162.9,5,0.663,21.28,49.55,812.6,203,47.1,0,-0.359,50,30,48.18,80.19
16.59,159.5,5,0.65,21.41,49.23,811.7,205,47.5,0.1,-0.294,50,30,48.18,80.52
16.56,156.1,5,0.626,21.46,49.67,814.2,200.9,45.4,0,-0.271,50,30,48.18,81.34
16.53,152.6,5,0.626,21.39,49.73,813.3,197.4,45.9,0,-0.302,50,30,48.18,80.87
16.49,149.2,5,0.606,21.28,49.89,810.5,43.5,47.5,0,-0.362,0,0,0,73.12
16.46,145.8,5,0.589,21.44,50.22,809.6,192.2,47.8,0,-0.279,50,30,48.18,80.39
16.42,142.4,5,0.613,21.36,50.54,807.3,201.6,48.3,0,-0.32,50,30,48.18,80.13
16.39,138.9,5,0.596,21.45,50.03,806.6,182.2,46.3,0,-0.277,50,30,48.18,80.67
16.35,135.5,5,0.588,21.48,49.71,805.8,195.8,48.1,0,-0.259,50,30,48.18,80.58
16.32,132,5,0.581,21.32,49.63,801.8,200.6,47.7,0,-0.342,50,30,48.18,80.24
16.29,128.6,5,0.571,21.42,50.11,802,205.1,47.6,0,-0.288,50,30,48.18,80.89
16.25,125.1,5,0.563,21.35,50.22,802.7,190.3,47.5,0,-0.325,50,30,48.18,80.15
16.22,121.7,5,0.559,21.42,50.4,800.7,188.4,47,0,-0.291,50,30,48.18,80.48
16.18,118.2,5,0.573,21.47,50.12,798.8,183.8,47.9,0,-0.265,50,30,48.18,80.37
16.15,114.8,5,0.591,21.27,50.53,799.9,177.3,48.3,0,-0.367,50,30,48.18,79.14
16.11,111.3,5,0.571,21.21,50.95,803.7,196.3,46.8,0,-0.398,50,30,48.18,79.73
16.08,107.9,5,0.587,20.91,50.91,806.9,187.8,46.2,0,-0.544,50,30,48.18,78.54
16.04,104.4,5,0.569,20.82,50.74,810.3,184.7,47.4,0,-0.593,50,30,48.18,77.72
16.01,101,5,0.563,21.06,51.4,810.8,179.8,45.9,0,-0.473,50,30,48.18,78.67
15.97,97.5,5,0.551,21.35,50.12,810.7,527.5,46.2,0,-0.327,100,100,100,84.23
15.94,94,5,0.551,21.14,49.71,809.7,174.8,46.7,0,-0.428,50,30,48.18,79.04
15.91,90.6,5,0.55,21.17,49.23,810.7,179,46.3,0,-0.413,50,30,48.18,79.23
15.87,87.1,5,0.564,21.13,49.43,808.3,175.8,45.6,0,-0.434,50,30,48.18,79.29
15.84,83.6,5,0.565,21.24,49.45,805.3,180.4,47.6,0,-0.38,50,30,48.18,79.26
15.8,80.2,5,0.579,21.21,49.29,803.8,150.3,47.1,0,-0.396,50,30,48.18,78.34
15.77,76.7,4,0.58,21.15,48.63,798.4,173.4,44.4,0,-0.424,50,30,48.18,79.43
15.73,73.2,4,0.597,20.96,47.83,795.3,170.8,46.9,0,-0.518,50,30,48.18,77.62
15.7,69.7,4,0.594,20.8,47.97,795.6,168.1,45.7,0,-0.597,50,30,48.18,77.35
15.66,66.2,4,0.606,20.75,47.95,790.7,168,46.7,0,-0.621,50,30,48.18,76.86
15.63,62.8,4,0.574,20.8,47.9,787.5,156.6,46.5,0,-0.598,50,30,48.18,76.74
15.59,59.3,4,0.588,20.7,47.57,784.4,163.6,44.8,0.1,-0.648,50,30,48.18,76.97
15.56,55.8,4,0.584,20.82,47.61,782.2,171.4,46.9,0,-0.585,50,30,48.18,77.05
15.52,52.3,4,0.557,20.76,47.52,782.1,173,45.7,0,-0.618,50,30,48.18,77.18
15.49,48.8,4,0.535,20.68,47.61,784.8,172.3,43.3,0,-0.655,50,30,48.18,77.64
15.45,45.4,4,0.512,20.77,47.69,779.6,151.5,45.8,0,-0.612,50,30,48.18,76.61
15.42,41.9,4,0.502,20.56,47.96,780.9,0,46,0,-0.719,0,0,0,67.03
15.38,38.4,4,0.482,20.83,48.19,777.4,162.5,46.5,0,-0.581,50,30,48.18,77.14
15.35,34.9,4,0.488,21.07,48.53,777.7,168.4,47.7,0,-0.464,50,30,48.18,77.97
15.31,31.4,4,0.469,21.19,48.26,777.5,174.1,46,0,-0.401,50,30,48.18,79.03
15.28,27.9,4,0.456,21.31,48.36,777.8,160.4,46.2,0,-0.343,50,30,48.18,79.03
15.24,24.4,4,0.446,21.39,48.14,780.3,152.4,46.7,0,-0.303,50,30,48.18,78.86
15.21,20.9,3,0.435,21.26,48.01,777.4,146.8,43.6,0,-0.367,50,30,48.18,79.09
15.17,17.5,3,0.465,21.2,48.03,773.3,142.8,42.5,0.6,-0.4,50,30,48.18,79.13
15.14,14,3,0.451,21.15,48.21,769.5,164.4,46.9,1.9,-0.426,50,30,48.18,78.43
15.1,10.5,3,0.453,21.17,48.03,767.2,166.1,45.2,1.8,-0.414,50,30,48.18,79.01
15.07,7,3,0.442,21.16,47.64,763.7,162.4,44.9,2,-0.418,50,30,48.18,78.84
15.03,3.5,3,0.455,21.05,47.41,762.7,150.4,45.3,2.5,-0.472,50,30,48.18,77.93
15,0,3,0.44,21.23,47.47,760.7,505.4,44.5,1.9,-0.385,100,100,100,83.95
14.97,0,3,0.371,20.89,47.47,760.9,0,46.2,0.7,-0.55,0,0,0,68.13
14.93,0,3,0.33,21.02,47.76,757.4,148,45.3,0,-0.486,50,30,48.18,77.62
14.9,0,3,0.287,21.03,47.79,755.4,160.6,44.6,0,-0.481,50,30,48.18,78.27
14.86,0,3,0.245,21.39,47.96,751.1,140.6,45.4,0,-0.302,50,30,48.18,78.82
14.83,0,3,0.237,21.45,48.09,752.4,159.2,43.9,0,-0.273,50,30,48.18,80.09
14.79,0,3,0.224,21.57,48.07,752.3,158.9,44.9,0,-0.213,50,30,48.18,80.24
14.76,0,3,0.19,21.6,48.09,755.2,154.4,46.1,0,-0.2,50,30,48.18,79.85
14.72,0,3,0.19,21.62,48.59,754.5,144.1,44.1,0,-0.189,50,30,48.18,80.4
14.69,0,3,0.188,21.56,48.75,755.8,155,45.1,0,-0.218,50,30,48.18,80.27
14.65,0,3,0.179,21.74,49.21,755.9,130.1,44,0.8,-0.128,50,30,48.18,80.79
14.62,0,3,0.166,21.99,49.55,756,504.4,46.2,1.2,-0.005,100,100,100,87.01
14.58,0,3,0.167,21.88,49.35,754.6,162.1,44.6,1.4,-0.06,50,30,48.18,82.19
14.55,0,3,0.162,21.72,49.45,753.3,162.6,45.6,0.2,-0.142,50,30,48.18,81.22
14.51,0,3,0.129,21.52,49.2,755.3,138.9,44.2,0,-0.237,50,30,48.18,80.1
14.48,0,3,0.119,21.65,49.25,756.1,134,44.1,0,-0.173,50,30,48.18,80.46
14.44,0,2,0.125,21.68,48.99,754.5,146.2,44.2,1.3,-0.16,50,30,48.18,80.93
14.41,0,2,0.091,21.47,48.83,753.9,148.7,43.8,1.1,-0.263,50,30,48.18,80.27
14.37,0,2,0.088,21.65,49.05,749.7,154.4,42.2,0,-0.177,50,30,48.18,81.54
14.34,0,2,0.069,22.03,49.63,748.1,153.3,43.1,0.8,0.014,50,30,48.18,82.76
14.3,0,2,0.083,22.15,50.08,749.1,134.7,43.7,1.2,0.074,50,30,48.18,81.72
14.27,0,2,0.071,22.15,49.73,748.3,155.8,43,3,0.077,50,30,48.18,82.66
14.23,0,2,0.045,22.2,49.34,747.4,155.3,45.1,3.9,0.099,50,30,48.18,81.78
14.2,0,2,0.068,22.19,49.63,747.4,146.9,44.3,4.6,0.093,50,30,48.18,81.99
14.16,0,2,0.041,22.12,49.46,743.5,143.4,42.9,4.8,0.059,50,30,48.18,82.54
14.13,0,2,0.049,22.08,50.17,741.2,144.7,42.5,4.3,0.038,50,30,48.18,82.91
14.09,0,2,0.035,22.22,49.86,742.3,507.6,43.9,6.2,0.108,100,100,100,87.52
14.06,0,2,0.016,22.28,50.03,743,154.3,43.1,8.2,0.139,50,30,48.18,82.73
14.03,0,2,0.011,22.04,49.88,743.3,159.3,43.8,8.8,0.02,50,30,48.18,83.57
13.99,0,2,0.01,22.1,50.12,740.8,152.9,44.7,9,0.049,50,30,48.18,82.93
13.96,0,2,0.033,22.02,50.6,741.4,151.7,42.3,9.9,0.008,50,30,48.18,83.82
13.92,0,2,0.009,21.98,50.84,743.6,4.1,43.2,8,-0.009,0,0,0,74.78
13.89,0,2,0.017,21.98,51.18,745.1,160.5,44.3,7.7,-0.012,50,30,48.18,83.02
13.85,0,2,0.018,22.15,51.15,747.2,145.3,40.9,10.1,0.075,50,30,48.18,83.35
13.82,0,2,0.03,22.06,51.4,747.4,148.2,44.1,9.9,0.028,50,30,48.18,82.73
13.78,0,2,0.007,22.01,51.82,751.3,154.7,44.7,10.5,0.004,50,30,48.18,82.83
13.75,0,2,0,22.03,51.55,753.8,167.3,42.3,9.1,0.013,50,30,48.18,83.82
13.71,0,2,0,22.05,51.28,754.9,148.2,43.4,10.6,0.025,50,30,48.18,83.09
13.68,0,2,0.002,22.1,50.85,753,143.6,42.9,12,0.05,50,30,48.18,83.19
13.65,0,2,0,22.09,50.36,755.1,153.2,42.3,11.8,0.045,50,30,48.18,83.88
13.61,0,2,0,22.14,50.11,756.6,155.1,44,10.8,0.068,50,30,48.18,83.25
13.58,0,2,0,22.25,50.29,757.3,484.8,43.4,12.2,0.126,100,100,100,88.3
13.54,0,2,0.021,22.35,50.44,756.7,163.7,42.5,12.3,0.175,50,30,48.18,83.16
13.51,0,2,0.017,22.33,50.32,755.5,146.2,43.5,11.2,0.166,50,30,48.18,82.34
13.47,0,1,0.023,22.28,49.69,753.4,152,39,12.1,0.138,50,30,48.18,83.88
13.44,0,1,0,22.35,50,755.4,138,41.7,12,0.176,50,30,48.18,82.77
13.41,0,1,0,22.28,49.79,756.5,161.7,40,11.9,0.14,50,30,48.18,84.17
13.37,0,1,0.009,22.35,49.81,756.5,165.7,39.9,13.3,0.176,50,30,48.18,84.16
13.34,0,1,0.004,22.35,49.22,754.7,503.9,42.1,15.2,0.173,100,100,100,88.25
13.3,0,1,0,22.34,49.36,755.9,142,39.6,14.8,0.168,50,30,48.18,83.5
13.27,0,1,0.024,21.99,49.09,752.2,502.3,40.4,16.5,-0.003,100,100,100,90.14
13.23,0,1,0.039,21.89,48.9,752.5,155,39.8,17,-0.055,50,30,48.18,84.79
13.2,0,1,0.025,22.12,49.22,751.3,0,38.4,16.3,0.062,0,0,0,75.87
13.17,0,1,0.037,22.02,49.25,748,153.2,39,16.8,0.01,50,30,48.18,85.17
13.13,0,1,0.051,22.15,48.93,744.1,487.1,40.4,16.7,0.073,100,100,100,89.73
13.1,0,1,0.031,22.04,49.38,747.1,145.9,40.5,17.5,0.021,50,30,48.18,84.86
13.06,0,1,0.016,22.17,49.29,743.5,166.2,40.4,18.7,0.083,50,30,48.18,85.12
13.03,0,1,0.013,22.21,49.84,743,147,40.4,18.5,0.107,50,30,48.18,84.55
13,0,1,0.026,22.27,49.82,743.3,150.2,40,19.9,0.134,50,30,48.18,84.68
12.96,0,0,0.005,22.23,49.59,743,136.4,29.5,21.5,0.117,50,30,48.18,84.47
12.93,0,0,0.006,22.15,49.26,740.1,143.7,28.9,22.9,0.076,50,30,48.18,85.01
12.9,0,0,0.002,21.96,48.76,736.3,159.2,29.9,24,-0.021,50,30,48.18,85.81
12.86,0,0,0.014,21.89,48.15,732.3,142.9,28.7,26.9,-0.053,50,30,48.18,85.15
12.83,0,0,0,21.88,48.18,731.4,153.2,29.6,30.1,-0.06,50,30,48.18,85.73
12.79,0,0,0.011,21.96,48.16,729.7,149.2,30.9,30.5,-0.018,50,30,48.18,85.96
12.76,0,0,0.019,21.93,48.25,723.4,150.8,30.1,34.8,-0.036,50,30,48.18,86.33
12.73,0,0,0.028,21.91,48.17,719,145.5,30.8,36.7,-0.047,50,30,48.18,86.26
12.69,0,0,0.039,21.84,48.17,717,145.5,32.1,38.6,-0.077,50,30,48.18,86.21
12.66,0,0,0.026,21.82,48.14,713.2,143.6,29.4,38.6,-0.091,50,30,48.18,86.05
12.63,0,0,0.027,21.76,48.97,710,143.5,30.5,41.1,-0.122,50,30,48.18,86.38
12.59,0,0,0.04,21.49,48.95,704.7,0,28.9,42.1,-0.257,0,0,0,76.89
12.56,0,0,0.024,21.68,48.74,700.3,143.2,29.5,45.4,-0.159,50,30,48.18,86.42
12.53,0,0,0.036,21.85,49.25,698.9,141.6,30.3,47.1,-0.075,50,30,48.18,87.37
12.49,0,0,0.009,21.98,48.77,695,140.5,29.8,47.2,-0.008,50,30,48.18,87.67
12.46,0,0,0.004,22.02,48.78,692.1,495.3,29.8,48.7,0.008,100,100,100,93.4
12.43,0,0,0.005,21.9,48.46,689.6,167.5,31.3,48.9,-0.051,50,30,48.18,88.21
12.4,0,0,0.012,21.88,48.08,684,160.9,29.7,51.4,-0.06,50,30,48.18,88.05
12.36,0,0,0.003,21.9,47.88,683.2,489.2,29.2,52.7,-0.05,100,100,100,93.21
12.33,0,0,0,21.96,47.67,679.8,151.5,29.1,51.8,-0.02,50,30,48.18,87.96
12.3,0,0,0,21.86,47.7,678.9,142.4,30.6,53,-0.072,50,30,48.18,87.43
12.26,0,0,0,22.04,48.04,675.5,518.4,31.1,55.1,0.018,100,100,100,93.46
12.23,0,0,0,22.21,47.9,673.3,146.6,31.4,57.5,0.103,50,30,48.18,87.85
12.2,0,0,0.002,22.04,48.1,673.4,156.5,28.7,59.4,0.021,50,30,48.18,89.02
12.17,0,0,0.022,21.82,47.7,669.9,147.8,29.9,61.8,-0.091,50,30,48.18,88.33
12.13,0,0,0.028,21.85,47.6,665.4,152.1,29.2,61.2,-0.076,50,30,48.18,88.47
12.1,0,0,0.042,21.81,47.26,661.2,150.3,27.3,62,-0.095,50,30,48.18,88.23
12.07,0,0,0.05,21.89,47.14,658.9,164.2,31.4,63.6,-0.057,50,30,48.18,89.05
12.04,0,0,0.045,21.86,47.06,655,140.7,30.2,63.2,-0.07,50,30,48.18,88.17
12,0,0,0.041,21.79,47.11,649.4,135.7,30.7,64.6,-0.104,50,30,48.18,87.93
11.97,0,0,0.029,21.93,47.19,648.6,142.9,29.8,66.8,-0.034,50,30,48.18,88.92
11.94,0,0,0,21.98,46.81,645.6,152.2,29.1,68,-0.011,50,30,48.18,89.35
11.91,0,0,0.02,21.86,46.62,643.6,502.5,30.8,68.4,-0.069,100,100,100,94.03
11.87,0,0,0.038,21.93,46.66,642.6,147.7,30,69.9,-0.033,50,30,48.18,89.18
11.84,0,0,0.017,21.84,46.28,639.9,148.9,31.3,69.3,-0.082,50,30,48.18,88.65
11.81,0,0,0.018,21.97,45.92,638.8,137.9,30.5,70.5,-0.014,50,30,48.18,88.82
11.78,0,0,0.033,21.87,45.57,636,153,29.7,72.4,-0.066,50,30,48.18,88.93
11.75,0,0,0.035,22.04,45.4,631.6,137.4,29.7,73,0.019,50,30,48.18,88.81
11.71,0,0,0.008,21.81,45.89,632.9,153,29.6,75.4,-0.092,50,30,48.18,89.16
11.68,0,0,0,21.88,45.7,632.5,141.8,30.9,75.8,-0.057,50,30,48.18,89.05
11.65,0,0,0,21.93,45.53,631.4,153.1,30.4,76.9,-0.033,50,30,48.18,89.61
11.62,0,0,0,21.95,45.88,629.1,153.7,30,79.3,-0.025,50,30,48.18,90.07
11.59,0,0,0,22.04,46.02,628.1,154.2,30.6,78.9,0.018,50,30,48.18,90.14
11.56,0,0,0,21.95,45.19,626.2,153.6,31.9,78.4,-0.027,50,30,48.18,89.7
11.52,0,0,0,22.14,45.39,625.4,153.8,30.6,76.8,0.068,50,30,48.18,89.32
11.49,0,0,0,21.95,45.33,623,497.8,29.6,78.3,-0.025,100,100,100,94.91
11.46,0,0,0,22.05,45.25,619.6,140.5,30.5,78.7,0.027,50,30,48.18,89.36
11.43,0,0,0.013,22.01,44.69,616.2,144.5,30.2,78.1,0.003,50,30,48.18,89.39
11.4,0,0,0.027,21.95,44.53,614,164,29.3,79.1,-0.027,50,30,48.18,89.84
11.37,0,0,0.042,21.66,44.33,612.1,138.4,30.2,80.3,-0.17,50,30,48.18,88.04
11.34,0,0,0.013,21.9,44.46,612.4,151.5,31.4,80.8,-0.051,50,30,48.18,89.42
11.31,0,0,0,22.05,44.58,610.4,146.7,30.3,83,0.022,50,30,48.18,89.76
11.28,0,0,0,22.05,44.42,605.9,143,29.2,82.6,0.024,50,30,48.18,89.54
11.24,0,0,0,22,44.95,605.5,129.6,29.8,84.6,-0.001,50,30,48.18,89.71
11.21,0,0,0,21.91,44.8,605,140.2,29.5,84.5,-0.044,50,30,48.18,89.63
11.18,0,0,0,21.96,44.64,603.9,145.9,31.8,84.3,-0.017,50,30,48.18,89.93
11.15,0,0,0,22.13,44.65,601.4,144.2,30.4,85.5,0.064,50,30,48.18,89.65
11.12,0,0,0.018,22.06,44.48,593.8,155.4,30.3,85.7,0.03,50,30,48.18,90.2
11.09,0,0,0.026,22.12,44.63,594.6,161,29.3,85.6,0.058,50,30,48.18,90.2
11.06,0,0,0.025,22.18,44.8,590.8,152.9,29.3,85.8,0.09,50,30,48.18,89.8
11.03,0,0,0.035,22.05,45.02,588.1,178.7,28.7,86.2,0.025,50,30,48.18,91.18
11,0,0,0.043,22.02,44.72,590.1,169.7,30.2,87.1,0.009,50,30,48.18,91.01
10.97,0,0,0.048,21.9,45.06,590.8,148.7,29.8,86.9,-0.052,50,30,48.18,90.17
10.94,0,0,0.036,21.84,45.13,586.5,136.7,30,86.3,-0.078,50,30,48.18,89.58
10.91,0,0,0.034,21.74,45.18,588.8,149,29.8,86.6,-0.13,50,30,48.18,89.6
10.88,0,0,0.042,21.66,44.94,588.3,134.2,29.2,87.5,-0.169,50,30,48.18,88.87
10.85,0,0,0.053,21.55,45.31,585,128.8,27.2,87.3,-0.224,50,30,48.18,88.42
10.82,0,0,0.06,21.68,45.37,583.1,512.9,29.3,88,-0.156,100,100,100,94.76
10.79,0,0,0.043,21.6,45.42,582.1,144.6,30.8,88.2,-0.196,50,30,48.18,89.23
10.76,0,0,0.015,21.71,45.79,576.3,152.5,28.5,89.2,-0.145,50,30,48.18,90.09
10.73,0,0,0,21.76,45.94,573.2,149.6,29.3,89.5,-0.12,50,30,48.18,90.27
10.7,0,0,0,21.92,45.54,573,162.4,29.2,91.3,-0.039,50,30,48.18,91.3
10.67,0,0,0,21.85,45.85,572.3,148.1,29.4,92.4,-0.077,50,30,48.18,90.81
10.64,0,0,0.011,21.72,46.11,570.1,159,30.9,92.2,-0.14,50,30,48.18,90.75
10.61,0,0,0.026,21.55,46.04,568.4,132.2,31,91.9,-0.224,50,30,48.18,89.25
10.58,0,0,0.04,21.74,45.62,566.1,172,29.7,91.8,-0.129,50,30,48.18,90.98
10.56,0,0,0.01,21.67,45.89,563.9,509.2,30.3,93.2,-0.163,100,100,100,95.46
10.53,0,0,0.009,21.59,45.39,562.8,139.6,30.8,93.6,-0.201,50,30,48.18,89.57
10.5,0,0,0.007,21.77,45.3,559.1,142.9,29.5,93.9,-0.113,50,30,48.18,90.33
10.47,0,0,0.01,21.88,45.24,556,145.7,30.3,92.6,-0.058,50,30,48.18,90.66
10.44,0,0,0.026,21.94,45.5,556.1,509.4,29.3,92.9,-0.03,100,100,100,96.28
10.41,0,0,0.042,21.79,45.57,551.7,153.3,29.8,95.3,-0.102,50,30,48.18,90.96
10.38,0,0,0.047,21.91,45.61,551.9,154.7,29.9,95.7,-0.044,50,30,48.18,91.5
10.35,0,0,0.049,21.78,45.95,550.6,152,29.2,95.3,-0.109,50,30,48.18,91.01
10.33,0,0,0.061,21.79,45.95,550,147.4,29.8,95,-0.104,50,30,48.18,90.88
10.3,0,0,0.073,21.85,45.87,548.2,138.8,30.8,97.1,-0.075,50,30,48.18,91.03
10.27,0,0,0.072,21.92,45.38,552.3,145,30.2,97.5,-0.041,50,30,48.18,91.32
10.24,0,0,0.07,21.68,45.82,552.6,162.3,30.3,97,-0.16,50,30,48.18,91.06
10.21,0,0,0.063,21.89,45.82,555.3,148.9,28.4,96.4,-0.057,50,30,48.18,91.37
10.19,0,0,0.079,21.66,46.12,557.8,152.4,29.9,96.1,-0.167,50,30,48.18,90.73
10.16,0,0,0.084,21.48,45.49,553,138.7,29.2,95.4,-0.257,50,30,48.18,89.34
10.13,0,0,0.065,21.49,45.31,549.5,167.2,28.8,96.9,-0.253,50,30,48.18,90.31
10.1,0,0,0.072,21.41,45.26,545.9,160.1,28.4,97.4,-0.294,50,30,48.18,89.83
10.07,0,0,0.043,21.24,45.24,545.2,139.1,31.5,96.4,-0.376,50,30,48.18,88.47
10.05,0,0,0.049,21.14,45.57,543.6,164.9,30.5,96.1,-0.426,50,30,48.18,88.95
10.02,0,0,0.058,21.28,45.48,540,154.7,29.2,97.1,-0.357,50,30,48.18,89.24
9.99,0,0,0.026,21.53,45.27,541.1,149.4,29.9,97,-0.232,50,30,48.18,89.93
9.97,0,0,0.03,21.57,45.11,542.5,150.6,29.7,96.3,-0.215,50,30,48.18,89.97
9.94,0,0,0.04,21.72,45.14,540.6,165.8,30.6,96.6,-0.137,50,30,48.18,91.04
9.91,0,0,0.034,21.51,45.36,542.4,146.1,29.6,97.1,-0.245,50,30,48.18,89.77
9.88,0,0,0.049,21.62,45.24,540.9,148.4,28.1,96.6,-0.188,50,30,48.18,90.18
9.86,0,0,0.018,22.06,45.12,543.9,503.7,29.4,97.7,0.032,100,100,100,96.67
9.83,0,0,0.023,22.01,44.67,542,507.9,31,98.9,0.007,100,100,100,96.75
9.8,0,0,0.043,21.96,45,539.4,131.4,29.2,99.4,-0.02,50,30,48.18,91.12
9.78,0,0,0.039,21.86,45.38,538.4,148.5,30.2,99.3,-0.069,50,30,48.18,91.4
9.75,0,0,0.042,22.08,45.04,534.1,155.8,30.5,98.3,0.041,50,30,48.18,91.59
9.73,0,0,0.011,22.02,45.28,531.3,149.5,29.4,98,0.008,50,30,48.18,91.71
9.7,0,0,0.021,22.14,45.46,526.8,152,30.4,98.1,0.069,50,30,48.18,91.41
9.67,0,0,0.011,22.15,45.42,523.7,167.6,30.3,99.5,0.075,50,30,48.18,91.95
9.65,0,0,0,21.94,45.19,524.4,153.9,30.7,98,-0.028,50,30,48.18,91.66
9.62,0,0,0.023,21.92,45.29,524.5,150.3,30.7,99.2,-0.042,50,30,48.18,91.61
9.6,0,0,0.016,21.83,45.26,522.1,140.3,30.4,99.3,-0.085,50,30,48.18,90.98
9.57,0,0,0.024,21.69,45.18,519,147.1,29.6,99.3,-0.153,50,30,48.18,90.66
9.54,0,0,0.038,21.77,44.95,516,141,32.1,99.7,-0.112,50,30,48.18,90.73
9.52,0,0,0.048,21.6,45.06,514.1,144.6,31,100,-0.199,50,30,48.18,90.25
9.49,0,0,0.051,21.54,44.83,514.5,145.2,30.8,100,-0.226,50,30,48.18,89.98
9.47,0,0,0.043,21.48,44.86,512.3,148.1,31.2,100,-0.257,50,30,48.18,89.85
9.44,0,0,0.05,21.64,45.06,512.9,142.1,31.3,99.5,-0.177,50,30,48.18,90.29
9.42,0,0,0.034,21.66,44.62,509.7,137,31.2,100,-0.167,50,30,48.18,90.1
9.39,0,0,0.037,21.71,44.58,507.6,140.3,30.5,100,-0.144,50,30,48.18,90.36
9.37,0,0,0.033,21.7,45.12,507.2,144.8,29.1,100,-0.149,50,30,48.18,90.66
9.34,0,0,0.035,21.77,44.62,503.7,147.2,30.5,100,-0.113,50,30,48.18,90.81
9.32,0,0,0.019,21.83,44.97,498.5,139,29.9,100,-0.086,50,30,48.18,90.9
9.29,0,0,0.02,21.96,45.13,497,129.9,29.4,100,-0.017,50,30,48.18,91.2
9.27,0,0,0,21.99,44.79,497,132.6,29.4,98.7,-0.006,50,30,48.18,91.11
9.25,0,0,0,22.04,45.13,499.1,151.5,29.8,98.1,0.019,50,30,48.18,91.65
9.22,0,0,0,22.16,44.92,497.2,141.3,31.2,98.9,0.08,50,30,48.18,90.88
9.2,0,0,0,22.24,45.02,497.1,147,32.9,97.3,0.119,50,30,48.18,90.64
9.17,0,0,0,22.15,45.28,495.4,153.6,30.2,95.5,0.075,50,30,48.18,91.08
9.15,0,0,0.023,22.17,45.72,494.2,142,29.4,94.9,0.083,50,30,48.18,90.78
9.13,0,0,0.032,21.91,45.45,491.4,151.7,30.6,96.3,-0.042,50,30,48.18,91.41
9.1,0,0,0.021,21.8,45.47,489.4,142.8,28.2,96,-0.101,50,30,48.18,90.68
9.08,0,0,0.036,21.7,45.58,487.6,157.8,31.5,97.2,-0.148,50,30,48.18,90.94
9.05,0,0,0.053,21.66,45.77,488.5,161.7,30.9,99,-0.168,50,30,48.18,91.16
9.03,0,0,0.027,21.69,45.67,489.4,149.5,30.3,100,-0.154,50,30,48.18,90.97
9.01,0,0,0.019,21.66,45.39,486.6,150,30.1,98.8,-0.167,50,30,48.18,90.66
8.99,0,0,0.03,21.71,44.96,484.4,148,29.3,98.8,-0.145,50,30,48.18,90.61
8.96,0,0,0.022,21.78,45,485.6,496.7,29,100,-0.11,100,100,100,96.34
8.94,0,0,0.025,21.66,45.43,485.4,155.5,31.3,98.4,-0.168,50,30,48.18,90.78
8.92,0,0,0.041,21.75,45.41,487.1,160.4,30.8,98,-0.122,50,30,48.18,91.24
8.89,0,0,0.047,21.84,45.41,486.6,138.7,29.7,97.3,-0.079,50,30,48.18,90.83
8.87,0,0,0.035,21.68,45.35,485.5,13.9,28.6,97.1,-0.157,0,0,0,82.84
8.85,0,0,0.049,21.71,45.3,482.8,146.8,31.2,95.1,-0.141,50,30,48.18,90.35
8.83,0,0,0.059,21.59,44.72,483.9,151.1,30.4,95.5,-0.201,50,30,48.18,89.85
8.8,0,0,0.056,21.68,44.65,484.8,164.1,29,95.8,-0.16,50,30,48.18,90.56
8.78,0,0,0.059,21.63,44.48,486.6,154.8,30,97.6,-0.183,50,30,48.18,90.22
8.76,0,0,0.055,21.6,44.18,485.1,0,30.6,98.3,-0.196,0,0,0,81.18
8.74,0,0,0.047,21.67,44.55,485.4,165.9,31.3,98.2,-0.163,50,30,48.18,90.79
8.72,0,0,0.057,21.63,43.46,483.6,149,31.3,99.6,-0.181,50,30,48.18,89.88
8.7,0,0,0.072,21.61,42.96,483.8,141.9,29.5,98.4,-0.193,50,30,48.18,89.26
8.67,0,0,0.085,21.55,43.01,482.6,125.9,30.1,98.6,-0.224,50,30,48.18,88.59
8.65,0,0,0.052,21.59,43.33,483.2,144.4,29.5,99.9,-0.204,50,30,48.18,89.56
8.63,0,0,0.028,21.54,43.25,482.3,162.1,28.6,100,-0.225,50,30,48.18,89.9
8.61,0,0,0.031,21.53,43.32,480.3,144.2,30.9,98.9,-0.231,50,30,48.18,89.23
8.59,0,0,0.031,21.58,42.92,480.6,157.6,29.1,98.1,-0.207,50,30,48.18,89.58
8.57,0,0,0.013,21.65,43.44,479.5,156.8,28.8,99.1,-0.172,50,30,48.18,90.12
8.55,0,0,0.009,21.84,43.35,478.5,143.7,29.5,100,-0.077,50,30,48.18,90.5
8.53,0,0,0.018,21.83,43.15,478.5,131.4,29.9,100,-0.086,50,30,48.18,89.99
8.51,0,0,0.029,21.76,43.55,479.9,148.1,31.1,100,-0.119,50,30,48.18,90.39
8.49,0,0,0.017,21.9,43.81,480.1,146.6,30.6,100,-0.047,50,30,48.18,90.98
8.47,0,0,0.037,21.85,44.5,479.8,153.2,26.5,99.1,-0.073,50,30,48.18,91.16
8.45,0,0,0.031,21.72,44.36,480.2,148.1,29.3,98.9,-0.139,50,30,48.18,90.43
8.43,0,0,0.014,21.76,44.22,479.8,162.8,29.6,99.4,-0.12,50,30,48.18,91.02
8.41,0,0,0.01,21.82,44.34,476.4,153.9,29,100,-0.091,50,30,48.18,91.07
8.39,0,0,0,21.85,44.28,474.2,144.6,29.8,100,-0.073,50,30,48.18,90.9
8.37,0,0,0,21.87,44.57,472.4,163.8,28.9,100,-0.066,50,30,48.18,91.65
8.35,0,0,0,21.94,44.74,471.7,509.3,29.3,100,-0.03,100,100,100,96.71
8.33,0,0,0,22.04,44.94,473.5,141.5,30.2,99.9,0.02,50,30,48.18,91.45
8.31,0,0,0,21.98,44.14,475.1,142.3,30.1,100,-0.01,50,30,48.18,91.26
8.29,0,0,0,22.03,44.05,473.6,0,30.9,99.6,0.014,0,0,0,82.62
8.27,0,0,0,22.11,44.25,472.1,153.1,29.7,99.1,0.053,50,30,48.18,91.21
8.25,0,0,0.01,21.98,44.31,473.4,142.1,31.7,98.5,-0.009,50,30,48.18,91.17
8.23,0,0,0.018,21.92,44.17,475.5,133.9,29.9,99.6,-0.04,50,30,48.18,90.75
8.22,0,0,0.02,21.85,44.06,474,155.8,29.9,99.7,-0.076,50,30,48.18,91.1
8.2,0,0,0.006,21.82,44.12,475.2,144.2,29.9,99,-0.089,50,30,48.18,90.61
8.18,0,0,0,21.89,43.84,474.8,150,30.1,100,-0.054,50,30,48.18,91.05
8.16,0,0,0.011,21.73,44.46,475.4,143.1,30.7,99.4,-0.135,50,30,48.18,90.4
8.14,0,0,0,21.9,44.51,476.1,160.7,29.9,99.7,-0.05,50,30,48.18,91.62
8.12,0,0,0,21.99,44.55,476.5,169,28.6,99.9,-0.005,50,30,48.18,92.24
8.11,0,0,0.013,21.8,44.54,480.6,129.4,30.8,99.9,-0.099,50,30,48.18,90.33
8.09,0,0,0.013,21.86,44.67,478.1,160.3,30.4,99.3,-0.071,50,30,48.18,91.47
8.07,0,0,0.017,22.03,45.15,477.9,150.9,30.7,100,0.013,50,30,48.18,91.86
8.05,0,0,0.014,21.95,45.5,480.8,154.9,32,100,-0.023,50,30,48.18,92.05
8.04,0,0,0.027,21.88,45.71,483.1,143.5,29.7,100,-0.061,50,30,48.18,91.5
8.02,0,0,0.047,21.8,45.87,487.2,153.9,28.4,99.1,-0.101,50,30,48.18,91.49
8,0,0,0.031,21.67,45.78,486.1,145.6,30.1,99.9,-0.164,50,30,48.18,90.81
7.99,0,0,0.042,21.73,45.23,485.8,147.4,31.3,100,-0.133,50,30,48.18,90.89
7.97,0,0,0.058,21.78,45.31,483.8,134.6,30.6,100,-0.107,50,30,48.18,90.74
7.95,0,0,0.055,21.91,45.46,482.7,154.1,29.3,100,-0.043,50,30,48.18,91.86
7.94,0,0,0.059,21.85,45.51,482,165.3,31.1,100,-0.075,50,30,48.18,91.97
7.92,0,0,0.041,21.57,45.71,481.7,147.5,30.5,100,-0.214,50,30,48.18,90.47
7.9,0,0,0.011,21.84,45.53,481.8,157.5,31.2,100,-0.079,50,30,48.18,91.72
7.89,0,0,0.009,21.67,45.22,481.8,146.7,29.2,99.3,-0.163,50,30,48.18,90.58
7.87,0,0,0.012,21.78,45.54,479.3,138.2,30.6,100,-0.109,50,30,48.18,90.92
7.86,0,0,0,21.92,45.45,475.9,149.2,31.1,99.7,-0.039,50,30,48.18,91.7
7.84,0,0,0.019,21.92,45.69,471.5,150.7,31.1,100,-0.039,50,30,48.18,91.87
7.83,0,0,0.02,21.85,45.61,472,134.9,28.4,98,-0.073,50,30,48.18,90.91
7.81,0,0,0.035,21.94,46.12,473.8,149.6,31,97.6,-0.032,50,30,48.18,91.81
7.79,0,0,0.039,21.97,45.41,471.9,157.9,31.1,97.2,-0.017,50,30,48.18,91.87
7.78,0,0,0.058,21.73,46.07,468.2,154.6,30.5,97.9,-0.132,50,30,48.18,91.22
7.76,0,0,0.073,21.58,45.67,469.1,139.4,30.4,100,-0.207,50,30,48.18,90.27
7.75,0,0,0.069,21.66,45.57,466.8,142.4,30.1,100,-0.169,50,30,48.18,90.61
7.73,0,0,0.039,21.64,45.7,465.5,152,29.3,99.7,-0.177,50,30,48.18,90.85
7.72,0,0,0.053,21.53,45.32,467.4,9.5,31.3,97.4,-0.234,0,0,0,81.94
7.71,0,0,0.066,21.59,44.88,468.2,140.7,29.8,98.5,-0.202,50,30,48.18,89.89
7.69,0,0,0.079,21.65,44.55,470.9,161.5,31,98.9,-0.175,50,30,48.18,90.64
7.68,0,0,0.076,21.52,45.06,469.4,139.4,30.9,100,-0.236,50,30,48.18,89.82
7.66,0,0,0.087,21.39,44.96,470.4,158.4,29.3,98.5,-0.303,50,30,48.18,89.69
7.65,0,0,0.057,21.57,45.2,468.1,162.2,29.5,98,-0.215,50,30,48.18,90.51
7.64,0,0,0.026,21.64,45.32,471.6,143.6,30.6,96.8,-0.179,50,30,48.18,90.16
7.62,0,0,0.002,21.65,45.34,470.4,144.1,30,97.6,-0.175,50,30,48.18,90.28
7.61,0,0,0,21.76,45.28,474.1,145.1,30.3,98,-0.117,50,30,48.18,90.77
7.6,0,0,0,21.82,45.35,473.7,145,29.9,98.4,-0.09,50,30,48.18,91.03
7.58,0,0,0.015,21.85,45.41,471,143,30.8,98,-0.075,50,30,48.18,91.07
7.57,0,0,0.014,21.8,44.97,471.7,153.5,31.6,97.7,-0.097,50,30,48.18,91.02
7.56,0,0,0.024,21.92,45.4,471.3,154.1,29.7,96.8,-0.039,50,30,48.18,91.54
7.54,0,0,0.021,21.74,45.38,468.3,156,29.7,96.4,-0.127,50,30,48.18,90.9
7.53,0,0,0.029,21.78,45.2,470.2,152,28.7,96.6,-0.109,50,30,48.18,90.86
7.52,0,0,0.046,21.73,44.73,468.8,150.7,31,97.5,-0.134,50,30,48.18,90.55
7.51,0,0,0.023,21.86,44.13,469.5,163.4,28.9,97.2,-0.067,50,30,48.18,91.18
7.49,0,0,0.027,21.8,43.82,469.5,138.9,30.7,96.2,-0.1,50,30,48.18,89.98
7.48,0,0,0.018,21.77,43.32,470.8,150.5,29.5,98.3,-0.112,50,30,48.18,90.26
7.47,0,0,0.032,21.67,43.37,471.8,133.9,29.4,98.4,-0.165,50,30,48.18,89.4
7.46,0,0,0.014,21.6,43.45,474.5,159,29.4,99.7,-0.199,50,30,48.18,90.05
7.45,0,0,0.028,21.68,43.73,473.6,163.6,30.8,97.2,-0.156,50,30,48.18,90.37
7.44,0,0,0.044,21.7,43.61,469.7,124.9,30.4,96.7,-0.146,50,30,48.18,89.19
7.42,0,0,0.052,21.63,43.74,472.5,136.3,29.6,97.7,-0.184,50,30,48.18,89.39
7.41,0,0,0.068,21.62,44.45,470.4,487.8,29.5,97,-0.19,100,100,100,95.32
7.4,0,0,0.042,21.54,44.03,470.3,149.2,29.5,96.5,-0.226,50,30,48.18,89.45
7.39,0,0,0.032,21.52,43.96,469.4,135.1,29.4,95.9,-0.238,50,30,48.18,88.85
7.38,0,0,0.014,21.54,43.65,468.6,148.3,28.3,95.9,-0.227,50,30,48.18,89.22
7.37,0,0,0.022,21.65,42.99,470.4,166.6,29.9,96.2,-0.174,50,30,48.18,89.95
7.36,0,0,0,21.67,43.22,469.7,154.9,30.1,96.9,-0.163,50,30,48.18,89.84
7.35,0,0,0.021,21.55,43.69,466,150.3,30.4,97.1,-0.224,50,30,48.18,89.44
7.34,0,0,0,21.63,43.52,464.3,126.3,29.8,97.5,-0.184,50,30,48.18,88.98
7.33,0,0,0,21.78,43.83,464.3,150.2,29.7,97.7,-0.11,50,30,48.18,90.4
7.32,0,0,0,21.9,43.62,463.6,141.4,31,98.1,-0.048,50,30,48.18,90.56
7.31,0,0,0.011,21.78,44.32,463,143,30.6,97.3,-0.108,50,30,48.18,90.34
7.3,0,0,0.019,21.65,44.59,462.6,135.6,29.5,95.3,-0.173,50,30,48.18,89.52
7.29,0,0,0,21.65,44.52,464.4,166.4,31.9,96,-0.175,50,30,48.18,90.48
7.28,0,0,0.004,21.67,44.31,460.6,144,30.2,95.5,-0.164,50,30,48.18,89.77
7.27,0,0,0.001,21.65,44.32,461,144.5,30.3,95.8,-0.174,50,30,48.18,89.74
7.26,0,0,0.019,21.81,44.17,460.6,511.8,30,96.4,-0.094,100,100,100,95.63
7.25,0,0,0,21.91,44.43,459.6,142.1,30.9,96.3,-0.044,50,30,48.18,90.74
7.25,0,0,0.023,21.87,44.34,458.2,180.2,29.7,96.6,-0.065,50,30,48.18,91.71
7.24,0,0,0,21.86,44.63,459.5,149.5,29.8,97.6,-0.069,50,30,48.18,90.98
7.23,0,0,0,21.88,45.05,462.4,149.9,29.3,99.8,-0.061,50,30,48.18,91.41
7.22,0,0,0,21.9,44.97,462.9,130,28,100,-0.049,50,30,48.18,90.9
7.21,0,0,0.017,21.8,45.45,463,159.3,29.7,100,-0.097,50,30,48.18,91.6
7.21,0,0,0.032,21.68,45.29,462.8,135.7,29.2,100,-0.159,50,30,48.18,90.37
7.2,0,0,0.004,21.89,45.19,458.9,150.9,29.2,100,-0.055,50,30,48.18,91.57
7.19,0,0,0,21.9,45.24,457.8,497.3,30.3,100,-0.048,100,100,100,96.88
7.18,0,0,0,22.11,45.36,456.4,9.5,31.2,99.7,0.056,0,0,0,83.53
7.17,0,0,0.021,21.78,45.29,452,155.6,29.9,100,-0.108,50,30,48.18,91.35
7.17,0,0,0,21.83,45.07,450.6,162.9,29.7,100,-0.084,50,30,48.18,91.67
7.16,0,0,0,21.79,44.55,451.8,146.2,30.7,97.9,-0.103,50,30,48.18,90.61
7.15,0,0,0.013,21.59,44.28,452.9,157.7,29.5,98.4,-0.204,50,30,48.18,90.15
7.15,0,0,0.019,21.82,44.67,454.3,155.6,30.3,97.8,-0.09,50,30,48.18,91.03
7.14,0,0,0.008,21.84,44.64,453.1,140.3,30.8,97.2,-0.078,50,30,48.18,90.59
7.13,0,0,0.001,21.86,44.45,453.3,139.2,27.4,97.6,-0.072,50,30,48.18,90.58
7.13,0,0,0.02,22,44.6,454.2,159.7,30.8,98.8,-0.001,50,30,48.18,91.9
7.12,0,0,0.027,21.92,44.97,452.4,137.4,28,99.1,-0.04,50,30,48.18,91.11
7.12,0,0,0.033,21.85,44.83,451.9,150.4,31.3,100,-0.077,50,30,48.18,91.26
7.11,0,0,0.048,21.79,45.26,451.4,143.8,27.3,100,-0.102,50,30,48.18,91.03
7.1,0,0,0.028,21.7,45.44,454.2,150.6,29.2,100,-0.148,50,30,48.18,90.95
7.1,0,0,0.047,21.59,45.47,456.2,154.2,28.5,100,-0.202,50,30,48.18,90.67
7.09,0,0,0.04,21.63,45.52,454.6,167.8,29.2,100,-0.181,50,30,48.18,91.25
7.09,0,0,0.011,21.65,45.57,454.8,149.1,30.7,99.2,-0.173,50,30,48.18,90.7
7.08,0,0,0.013,21.87,45.81,454.7,148,28.1,99.6,-0.062,50,30,48.18,91.62
7.08,0,0,0.011,21.85,45.63,454.9,151,29.3,97.7,-0.074,50,30,48.18,91.37
7.07,0,0,0,21.9,46.18,454.3,493.4,30,98.8,-0.051,100,100,100,97.13
7.07,0,0,0.017,21.94,46.06,452.3,149.2,29.8,99.2,-0.029,50,30,48.18,91.96
7.06,0,0,0.028,21.85,46.41,448.7,138.6,29.7,99,-0.073,50,30,48.18,91.42
7.06,0,0,0.047,21.87,46.2,445,157.6,30.3,97.7,-0.063,50,30,48.18,91.86
7.06,0,0,0.029,21.94,45.85,447.4,127.2,30.8,96.6,-0.031,50,30,48.18,90.95
7.05,0,0,0.024,21.75,46.17,444.1,147,32.2,96.8,-0.125,50,30,48.18,90.98
7.05,0,0,0,21.81,46.18,442.2,162.6,29.7,96.2,-0.096,50,30,48.18,91.6
7.04,0,0,0,21.93,45.47,440.6,162.3,29.3,96.9,-0.033,50,30,48.18,91.86
7.04,0,0,0.018,21.82,45.05,435.6,169.2,30.4,98.8,-0.087,50,30,48.18,91.7
7.04,0,0,0.013,21.78,45.06,434.6,149.5,29.9,98.6,-0.11,50,30,48.18,90.92
7.03,0,0,0,21.72,45.23,434.7,156,31.8,98.8,-0.137,50,30,48.18,91
7.03,0,0,0.01,21.69,45.28,433.5,507.3,29.9,100,-0.154,100,100,100,96
7.03,0,0,0,21.84,45.44,432,484,31,99.5,-0.077,100,100,100,96.82
7.02,0,0,0,22.01,45.31,431.1,138.2,29.2,98.8,0.003,50,30,48.18,91.5
7.02,0,0,0,21.9,44.96,434.9,130.9,29.6,97.9,-0.049,50,30,48.18,90.72
7.02,0,0,0.004,22.01,44.68,437,136.3,30.6,97.6,0.003,50,30,48.18,91.09
7.02,0,0,0,22.05,44.45,434.3,149,31.4,99,0.025,50,30,48.18,91.36
7.01,0,0,0.016,22.06,44.45,435,151.4,29.3,96.5,0.028,50,30,48.18,91.15
7.01,0,0,0.013,22.09,44.66,435.5,161.4,31.6,95,0.043,50,30,48.18,91.28
7.01,0,0,0.015,22.06,44.78,431.6,165.8,30.7,96,0.032,50,30,48.18,91.64
7.01,0,0,0.015,21.96,44.6,433.4,156.3,29.2,96.4,-0.018,50,30,48.18,91.43
7.01,0,0,0.034,21.91,44.39,431.3,154.5,30.1,97,-0.047,50,30,48.18,91.14
7.01,0,0,0.024,21.98,44.36,429.4,156.5,31,98.5,-0.011,50,30,48.18,91.61
7,0,0,0.021,22.02,44.28,425,132,30,98.4,0.011,50,30,48.18,90.83
7,0,0,0.003,22.01,44.44,421.2,158.9,29,100,0.007,50,30,48.18,91.89
7,0,0,0.023,22.01,44.56,421.8,164.9,29.4,99.4,0.004,50,30,48.18,92.08
7,0,0,0.001,22.11,44.38,421.5,137.2,30,99.7,0.054,50,30,48.18,90.83
7,0,0,0.023,22.17,44.44,425,143.9,31.9,100,0.084,50,30,48.18,90.86
7,0,0,0.029,22.07,44.5,424.6,137.2,30.2,100,0.035,50,30,48.18,91.05
7,0,0,0.003,21.95,44.77,424.4,145.1,30.6,98.9,-0.024,50,30,48.18,91.36
7,0,0,0,22.12,44.7,423.1,151,31.2,98.5,0.059,50,30,48.18,91.22
7,0,0,0.015,22.03,44.86,423.5,144.7,26.8,100,0.016,50,30,48.18,91.55
7,0,0,0,22.12,44.97,423.6,146.4,29.9,100,0.059,50,30,48.18,91.32
7,0,0,0.024,21.98,44.47,422.4,491.3,31,100,-0.011,100,100,100,96.94
7,0,0,0.038,21.73,43.95,424.9,141.1,31.5,100,-0.133,50,30,48.18,90.23
7,0,0,0.053,21.6,44.26,427.8,130.7,31.4,99.3,-0.195,50,30,48.18,89.49
7,0,0,0.042,21.6,44.13,428.9,147.6,28.9,100,-0.198,50,30,48.18,90
7,0,0,0.026,21.8,43.93,427.9,135.4,30.9,100,-0.1,50,30,48.18,90.29
7,0,0,0.016,21.69,43.77,431.5,150.5,30.5,99.8,-0.154,50,30,48.18,90.26
7,0,0,0.013,21.77,43.53,430,165.9,31.5,100,-0.116,50,30,48.18,90.94
7.01,0,0,0,21.71,43.92,430.7,144.4,30,100,-0.141,50,30,48.18,90.25
7.01,0,0,0,21.91,44.58,432.1,151.6,29.4,99.9,-0.046,50,30,48.18,91.42
7.01,0,0,0,21.79,44.49,433.5,158.6,28.9,100,-0.103,50,30,48.18,91.18
7.01,0,0,0.018,21.68,44.26,435.8,156.5,30.3,100,-0.157,50,30,48.18,90.62
7.01,0,0,0.022,21.74,44.12,434.4,166.7,28.7,99.8,-0.126,50,30,48.18,91.09
7.01,0,0,0.016,21.71,43.93,433.4,169.5,29,100,-0.142,50,30,48.18,91
7.02,0,0,0.001,21.8,43.64,432.3,156,29.2,100,-0.101,50,30,48.18,90.8
7.02,0,0,0.012,21.77,43.49,430.9,157.8,31.4,99.9,-0.114,50,30,48.18,90.69
7.02,0,0,0,21.91,43.93,430.7,157.4,32.2,99.5,-0.042,50,30,48.18,91.34
7.02,0,0,0.01,21.75,44.16,428.5,165.4,29.8,100,-0.124,50,30,48.18,91.1
7.03,0,0,0,21.8,44.45,428.8,142.6,30.8,99.9,-0.098,50,30,48.18,90.72
7.03,0,0,0,21.81,44.36,430.2,135.6,29.8,100,-0.096,50,30,48.18,90.49
7.03,0,0,0,21.74,44.49,428.1,149.3,29.7,100,-0.13,50,30,48.18,90.69
7.04,0,0,0,21.85,44.5,427.3,150.8,29.2,99.9,-0.075,50,30,48.18,91.15
7.04,0,0,0,22.07,43.66,425.6,152.6,30.7,100,0.033,50,30,48.18,91.21
7.04,0,0,0.015,22.04,43.86,426.8,144,30.1,100,0.021,50,30,48.18,91.12
7.05,0,0,0.001,22.03,44.08,428.3,145.6,29.3,100,0.013,50,30,48.18,91.31
7.05,0,0,0.005,21.91,44.17,430.2,137.8,29.4,100,-0.045,50,30,48.18,90.87
7.06,0,0,0,21.98,44.44,427.4,150.1,31.9,99.7,-0.008,50,30,48.18,91.6
7.06,0,0,0,22.07,44.08,430,138.2,28.6,99.8,0.034,50,30,48.18,90.91
7.06,0,0,0,22.11,44.45,430.7,137.3,31.2,99.1,0.053,50,30,48.18,90.8
7.07,0,0,0,22.14,44.89,431,16.6,31.6,99.9,0.072,0,0,0,83.78
7.07,0,0,0.023,22.12,45.16,431.4,137.9,29.9,100,0.061,50,30,48.18,91.13
7.08,0,0,0.029,22.01,45.25,430.8,7.7,29.2,98.3,0.005,0,0,0,83.59
7.08,0,0,0.049,21.97,45.29,431.2,147,30.4,96.3,-0.014,50,30,48.18,91.42
7.09,0,0,0.039,21.77,45.23,434.8,151.3,30.2,97.1,-0.112,50,30,48.18,90.88
7.09,0,0,0.054,21.69,44.9,432.9,151.5,31.2,97.1,-0.154,50,30,48.18,90.45
7.1,0,0,0.022,21.74,44.98,435,146.5,29,99.1,-0.13,50,30,48.18,90.71
7.1,0,0,0.028,21.88,45.28,436.1,147.8,30.4,99,-0.057,50,30,48.18,91.39
7.11,0,0,0.02,21.86,45.53,436,160.2,30.5,98.7,-0.069,50,30,48.18,91.75
7.12,0,0,0.036,21.7,45.59,434.6,508.4,29.4,97.6,-0.147,100,100,100,95.92
7.12,0,0,0.042,21.58,45.56,435.3,162.1,30.1,98.2,-0.209,50,30,48.18,90.71
7.13,0,0,0.056,21.59,45.17,433.5,160,31.2,98.9,-0.203,50,30,48.18,90.61
7.13,0,0,0.056,21.58,45.26,436.1,145,30.1,100,-0.208,50,30,48.18,90.27
7.14,0,0,0.065,21.6,44.68,435.9,150.1,30.6,99.3,-0.198,50,30,48.18,90.21
7.15,0,0,0.053,21.85,44.71,432.6,152.5,32.3,99.6,-0.077,50,30,48.18,91.24
7.15,0,0,0.026,21.95,44.34,434.3,151.5,30.7,98.3,-0.024,50,30,48.18,91.33
7.16,0,0,0.034,21.98,44.54,429.7,156.4,30.6,97.3,-0.008,50,30,48.18,91.57
7.17,0,0,0.015,21.81,44.39,430.1,154.8,30.4,97.8,-0.095,50,30,48.18,90.87
7.17,0,0,0.023,21.87,44.31,433.7,139.8,29.8,96.8,-0.062,50,30,48.18,90.54
7.18,0,0,0.01,21.87,43.66,436,149.7,30,96.6,-0.066,50,30,48.18,90.53
7.19,0,0,0.033,21.85,43.86,432.8,158.6,31.5,98.8,-0.073,50,30,48.18,91.04
7.2,0,0,0.022,21.85,44.51,432.2,152.9,29.6,99.6,-0.074,50,30,48.18,91.19
7.21,0,0,0.013,21.86,44.78,433.4,161.2,29.4,99.7,-0.067,50,30,48.18,91.6
7.21,0,0,0.019,21.81,44.82,433.4,133.7,31.2,99.7,-0.094,50,30,48.18,90.59
7.22,0,0,0.04,21.61,45.21,431.5,156.5,29.3,100,-0.193,50,30,48.18,90.71
7.23,0,0,0.031,21.42,45.14,430.9,152.3,30.3,99.4,-0.289,50,30,48.18,89.78
7.24,0,0,0.046,21.26,45.36,428.6,145.6,31.1,100,-0.367,50,30,48.18,89.14
7.25,0,0,0.043,21.3,45.36,427,149.7,29.1,100,-0.345,50,30,48.18,89.42
7.25,0,0,0.048,21.48,45.36,427.9,151.7,31.2,98.6,-0.258,50,30,48.18,90
7.26,0,0,0.051,21.45,44.99,428.4,157.7,29.6,96.9,-0.271,50,30,48.18,89.77
7.27,0,0,0.055,21.68,44.64,428.3,154.7,30.3,99.2,-0.158,50,30,48.18,90.63
7.28,0,0,0.054,21.58,44.18,429,151,31.3,100,-0.207,50,30,48.18,90.05
7.29,0,0,0.059,21.58,43.7,427.4,156.7,29.2,99.9,-0.209,50,30,48.18,90.02
7.3,0,0,0.058,21.46,43.97,427.7,148.5,28.3,100,-0.266,50,30,48.18,89.46
7.31,0,0,0.026,21.46,44,429.4,143,29.2,100,-0.266,50,30,48.18,89.3
7.32,0,0,0.027,21.68,43.69,429.7,155.6,30.1,99.4,-0.16,50,30,48.18,90.3
7.33,0,0,0.031,21.69,43.9,429.1,145.5,29,100,-0.153,50,30,48.18,90.19
7.34,0,0,0.049,21.82,43.41,428.1,504.2,32.2,100,-0.089,100,100,100,95.82
7.35,0,0,0.055,21.75,43.49,430.7,152.6,29.8,100,-0.123,50,30,48.18,90.47
7.36,0,0,0.037,21.71,43.87,429.6,143.9,30.4,99.6,-0.141,50,30,48.18,90.18
7.37,0,0,0.034,21.74,43.5,427.7,142.8,30.1,99.3,-0.128,50,30,48.18,90.07
7.38,0,0,0.036,21.92,43.27,428.3,159.2,29.6,100,-0.041,50,30,48.18,91.21
7.39,0,0,0.018,21.81,43.42,426.8,149,29.7,100,-0.095,50,30,48.18,90.55
7.4,0,0,0.023,21.75,43.23,425.9,142.5,30.2,99.7,-0.121,50,30,48.18,90.05
7.41,0,0,0.022,21.79,43.38,426.5,159.8,30.2,100,-0.104,50,30,48.18,90.79
7.42,0,0,0,22,44.03,425.2,168.5,29.4,100,-0.001,50,30,48.18,92.06
7.44,0,0,0.024,22.13,43.88,429.6,8.4,30.8,98.2,0.063,0,0,0,82.68
7.45,0,0,0.013,21.92,44.13,431,147.3,29.4,96.8,-0.042,50,30,48.18,90.85
7.46,0,0,0,21.95,43.94,431.7,126.2,31.1,96.4,-0.027,50,30,48.18,90.22
7.47,0,0,0.004,21.94,44.33,431,155.3,31.1,97.3,-0.03,50,30,48.18,91.29
7.48,0,0,0.008,22.1,43.99,426.8,143.9,29.5,98,0.051,50,30,48.18,90.73
7.49,0,0,0.031,22.05,44.21,426.7,170.2,30,98.3,0.027,50,30,48.18,91.82
7.51,0,0,0.022,21.93,44.98,425.9,149.9,28.9,98,-0.035,50,30,48.18,91.41
7.52,0,0,0.003,21.93,44.63,427,156.2,31.2,98.4,-0.037,50,30,48.18,91.5
7.53,0,0,0.005,22.04,44.59,426.2,148.5,30.7,97.8,0.021,50,30,48.18,91.31
7.54,0,0,0,22.14,44.7,422.1,157.1,30.5,97.8,0.071,50,30,48.18,91.24
7.56,0,0,0,22.26,44.23,418.7,155,30.4,96.9,0.128,50,30,48.18,90.47
7.57,0,0,0.013,22.09,44.18,418.3,154.3,30,97.4,0.045,50,30,48.18,91.1
7.58,0,0,0.026,22.07,44.2,417.2,133,30.4,97.9,0.034,50,30,48.18,90.61
7.6,0,0,0.002,22.09,43.68,419.2,10.1,29.3,98.7,0.046,0,0,0,82.91
7.61,0,0,0,22.19,44.25,414.1,167.1,29,97.2,0.093,50,30,48.18,91.14
7.62,0,0,0.021,22.24,43.86,412.8,130.5,31.2,97.3,0.118,50,30,48.18,89.72
7.64,0,0,0.005,22.18,43.99,414.1,136.4,31.2,97.7,0.088,50,30,48.18,90.22
7.65,0,0,0.024,22.04,44.2,412.5,136.3,29.7,98.8,0.019,50,30,48.18,90.91
7.66,0,0,0.027,21.99,44.51,412.3,152.5,30.8,97.2,-0.007,50,30,48.18,91.43
7.68,0,0,0.034,21.89,45.1,413.5,150.4,30.3,99,-0.056,50,30,48.18,91.41
7.69,0,0,0.02,21.81,45.25,417.3,0,29.9,96.1,-0.096,0,0,0,82.1
7.71,0,0,0.014,21.91,45.09,418.2,155,29.7,96.7,-0.045,50,30,48.18,91.4
7.72,0,0,0,21.95,44.8,418.7,149.2,29.7,95.6,-0.027,50,30,48.18,91.14
7.73,0,0,0.002,21.89,44.82,421.8,152.3,30.4,95.1,-0.055,50,30,48.18,90.98
7.75,0,0,0,21.73,45.25,424.8,509.1,30.1,97.9,-0.132,100,100,100,95.94
7.76,0,0,0.018,21.77,45.36,427.8,138.7,28.4,98.9,-0.115,50,30,48.18,90.71
7.78,0,0,0,21.92,45.36,430.1,145.1,31.2,98.6,-0.039,50,30,48.18,91.44
7.79,0,0,0,22.1,44.57,431.2,138.9,31.1,99.9,0.051,50,30,48.18,90.99
7.81,0,0,0,22.2,44.95,426.7,143.4,29.9,100,0.099,50,30,48.18,90.93
7.83,0,0,0.019,21.91,44.73,426.3,159,28.3,99.8,-0.046,50,30,48.18,91.68
7.84,0,0,0,21.96,44.83,427.2,158.8,29.5,100,-0.02,50,30,48.18,91.93
7.86,0,0,0.024,21.84,44.33,426.4,154.1,30.1,99.9,-0.078,50,30,48.18,91.17
7.87,0,0,0.042,21.99,44.76,423.8,142.6,30.1,100,-0.005,50,30,48.18,91.53
7.89,0,0,0.048,21.83,44.81,420,131.3,30.3,100,-0.085,50,30,48.18,90.62
7.9,0,0,0.062,21.78,44.46,425.2,146.7,29.7,100,-0.107,50,30,48.18,90.78
7.92,0,0,0.073,21.54,44.39,423.5,141.2,31.2,100,-0.228,50,30,48.18,89.68
7.94,0,0,0.039,21.64,44.03,420.8,141.6,30.6,100,-0.178,50,30,48.18,89.94
7.95,0,0,0.054,21.59,43.93,421.8,154.8,28.9,99,-0.2,50,30,48.18,90.02
7.97,0,0,0.05,21.56,43.71,420.3,156.1,30.3,99.3,-0.218,50,30,48.18,89.88
7.99,0,0,0.057,21.59,43.62,419.4,147.3,28.2,99.4,-0.202,50,30,48.18,89.71
8,0,0,0.055,21.69,43.52,421,146.1,30.7,99.3,-0.152,50,30,48.18,90
8.02,0,0,0.054,21.72,43.66,421.8,136.7,30.4,98.9,-0.139,50,30,48.18,89.83
8.04,0,0,0.066,21.71,43.7,420.6,131.3,29.1,97.3,-0.143,50,30,48.18,89.5
8.05,0,0,0.058,21.63,43.65,420.4,124.6,29.2,98.2,-0.184,50,30,48.18,89.06
8.07,0,0,0.071,21.56,43.62,420.7,146.4,30.1,97.3,-0.218,50,30,48.18,89.36
8.09,0,0,0.084,21.48,43.58,423.1,153.4,29.9,98,-0.258,50,30,48.18,89.32
8.11,0,0,0.06,21.4,43.64,423.6,147.5,28.1,99.9,-0.297,50,30,48.18,89.06
8.12,0,0,0.047,21.61,43.19,423.5,157.6,31.5,98.8,-0.191,50,30,48.18,89.88
8.14,0,0,0.037,21.49,43.31,424.5,150.3,31.1,98.9,-0.249,50,30,48.18,89.28
8.16,0,0,0.036,21.53,42.98,425.5,136.9,31.3,100,-0.231,50,30,48.18,89
8.18,0,0,0.053,21.4,42.77,424.2,138.8,30.1,100,-0.296,50,30,48.18,88.5
8.2,0,0,0.032,21.46,43.58,424.8,152.4,29.4,100,-0.268,50,30,48.18,89.41
8.22,0,0,0.009,21.68,43.57,426.8,122.1,30.2,98.9,-0.156,50,30,48.18,89.23
8.23,0,0,0.003,21.83,43.45,427.7,157.2,29.7,97.9,-0.083,50,30,48.18,90.68
8.25,0,0,0,21.87,43.91,427.6,132.3,30.4,99.2,-0.064,50,30,48.18,90.38
8.27,0,0,0,21.99,43.63,425.2,122.5,29.7,100,-0.003,50,30,48.18,90.52
8.29,0,0,0.02,22.01,44.22,427.8,144.9,30,100,0.005,50,30,48.18,91.4
8.31,0,0,0.004,22.01,43.71,429.1,138.3,29.4,100,0.003,50,30,48.18,91.02
8.33,0,0,0.025,21.95,44.4,425.2,155.5,31,100,-0.027,50,30,48.18,91.62
8.35,0,0,0.017,21.93,44.41,422.6,134,30.5,100,-0.035,50,30,48.18,90.92
8.37,0,0,0.037,21.81,44.48,428.5,144.8,29.6,100,-0.094,50,30,48.18,90.83
8.39,0,0,0.014,21.83,44.48,430.8,149.4,30.9,100,-0.085,50,30,48.18,91.04
8.41,0,0,0.036,21.91,44.82,430.1,134.4,30,100,-0.043,50,30,48.18,91.02
8.43,0,0,0.044,21.76,45.02,429.9,142.2,30.3,98.6,-0.117,50,30,48.18,90.65
8.45,0,0,0.041,21.64,45.54,431.6,143,29.6,99,-0.179,50,30,48.18,90.43
8.47,0,0,0.022,21.69,45.91,433.7,140.5,30.4,97.4,-0.152,50,30,48.18,90.55
8.49,0,0,0.038,21.76,45.52,434.2,157.1,29.8,99,-0.12,50,30,48.18,91.29
8.51,0,0,0.011,21.98,45.03,432.2,165.1,32,97,-0.01,50,30,48.18,91.97
8.53,0,0,0.011,22.04,45.13,431.9,155.9,31.1,96.6,0.019,50,30,48.18,91.63
8.55,0,0,0.001,21.86,45.13,434.5,163.2,28.7,96.5,-0.068,50,30,48.18,91.47
8.57,0,0,0,21.88,45.11,434.7,141.7,31.3,97.3,-0.058,50,30,48.18,90.97
8.59,0,0,0.023,21.84,44.61,437,131.6,32.4,97.9,-0.078,50,30,48.18,90.39
8.61,0,0,0.011,21.82,44.43,436,157.8,29.8,99.6,-0.091,50,30,48.18,91.18
8.63,0,0,0,21.93,44.52,433.2,156.5,30.1,100,-0.037,50,30,48.18,91.62
8.65,0,0,0.02,22.03,44.34,438.8,154.6,29.3,99.7,0.015,50,30,48.18,91.64
8.67,0,0,0,21.91,44.53,438.7,150.5,29.9,99.2,-0.044,50,30,48.18,91.31
8.7,0,0,0.005,21.86,44.39,433.2,142.8,29.9,99.2,-0.07,50,30,48.18,90.83
8.72,0,0,0.025,22.04,44.04,435.2,143.6,28.8,99.8,0.021,50,30,48.18,91.15
8.74,0,0,0.045,21.86,44.01,431.3,151.8,30.4,100,-0.067,50,30,48.18,91.07
8.76,0,0,0.05,21.77,44.6,427,141.8,30.6,100,-0.114,50,30,48.18,90.63
8.78,0,0,0.065,21.68,44.67,426.2,130.2,28.8,100,-0.159,50,30,48.18,89.97
8.8,0,0,0.034,21.7,44.79,428.1,156.5,31.2,99.5,-0.148,50,30,48.18,90.84
8.83,0,0,0.009,21.71,44.63,426.7,143.8,29.6,98.2,-0.143,50,30,48.18,90.32
8.85,0,0,0.001,21.78,44.92,423.3,154.5,30.5,98.2,-0.11,50,30,48.18,90.99
8.87,0,0,0,21.82,45.06,425.1,153.2,30.5,98.5,-0.091,50,30,48.18,91.16
8.89,0,0,0,21.85,45.01,426.3,125.6,30.1,99.6,-0.076,50,30,48.18,90.54
8.92,0,0,0,21.99,45.19,427.4,143.2,29.4,99,-0.007,50,30,48.18,91.6
8.94,0,0,0,21.98,45.4,427.9,149.1,30.2,99.3,-0.011,50,30,48.18,91.85
8.96,0,0,0.023,21.86,45.75,428,0,29.4,98.7,-0.068,0,0,0,82.77
8.99,0,0,0.013,21.72,45.26,425.4,141.9,30.9,100,-0.137,50,30,48.18,90.71
9.01,0,0,0,21.81,45.48,424.5,146.9,29.3,100,-0.096,50,30,48.18,91.25
9.03,0,0,0.023,21.95,45.52,426.2,503.2,29.7,100,-0.026,100,100,100,97.09
9.05,0,0,0.025,21.94,46.53,425.3,141.2,29.2,100,-0.029,50,30,48.18,91.98
9.08,0,0,0,21.85,45.99,425.3,153.9,30,100,-0.072,50,30,48.18,91.83
9.1,0,0,0.017,21.86,45.49,423.8,147.4,30.1,100,-0.071,50,30,48.18,91.45
9.13,0,0,0.031,21.82,45.53,424.4,138.3,30.9,100,-0.087,50,30,48.18,91.08
9.15,0,0,0.038,21.86,45.41,423.3,142.2,32,100,-0.072,50,30,48.18,91.27
9.17,0,0,0.034,21.83,44.93,422.1,166.8,29.2,99.2,-0.084,50,30,48.18,91.65
9.2,0,0,0.016,21.86,45.19,422.5,159.1,30.2,98.7,-0.07,50,30,48.18,91.57
9.22,0,0,0.004,21.92,45.16,421.1,142.9,28.7,99.9,-0.037,50,30,48.18,91.44
9.25,0,0,0.019,21.97,44.53,419.4,164.5,31.2,100,-0.013,50,30,48.18,92.05
9.27,0,0,0.024,21.81,44.67,419,141.8,27.8,100,-0.092,50,30,48.18,90.83
9.29,0,0,0.035,21.62,44.8,418.8,138.1,30,99.9,-0.188,50,30,48.18,90.04
9.32,0,0,0.039,21.71,45.27,418.8,165,29.1,100,-0.142,50,30,48.18,91.37
9.34,0,0,0.011,21.72,45.11,417.4,149.4,30.4,100,-0.139,50,30,48.18,90.87
9.37,0,0,0.02,21.61,45.35,418.6,144,30.6,100,-0.194,50,30,48.18,90.38
9.39,0,0,0.035,21.62,45.12,415.7,153.9,28.2,100,-0.188,50,30,48.18,90.63
9.42,0,0,0.019,21.72,45.23,415.2,156.3,29.8,100,-0.141,50,30,48.18,91.1
9.44,0,0,0.024,21.76,45.72,416.9,148.7,31,100,-0.12,50,30,48.18,91.21
9.47,0,0,0.026,21.95,45.37,416.1,142.3,30.9,100,-0.026,50,30,48.18,91.6
9.49,0,0,0.016,21.89,45.5,418,177.2,28.7,99.7,-0.057,50,30,48.18,92.43
9.52,0,0,0.003,22,45.49,415.8,139.7,31.2,99,0.002,50,30,48.18,91.64
9.54,0,0,0,21.92,45.41,413.6,14.4,30.2,97.4,-0.042,0,0,0,83.79
9.57,0,0,0.021,21.78,45.9,411.3,151.2,29.4,100,-0.107,50,30,48.18,91.45
9.6,0,0,0.001,21.85,46.21,410.1,164.3,31.6,100,-0.074,50,30,48.18,92.21
9.62,0,0,0.02,21.81,46.31,412.6,146.3,30.3,100,-0.092,50,30,48.18,91.57
9.65,0,0,0,21.88,46.08,414.6,169,30.4,100,-0.059,50,30,48.18,92.41
9.67,0,0,0.012,21.98,46.01,410.5,153.5,31.5,100,-0.009,50,30,48.18,92.3
9.7,0,0,0.019,21.78,45.81,406.5,141.4,31,99.5,-0.109,50,30,48.18,91.07
9.73,0,0,0.027,21.83,45.77,404.8,155.8,31.6,100,-0.087,50,30,48.18,91.7
9.75,0,0,0.018,21.78,46.56,405.6,494.3,28.6,100,-0.108,100,100,100,96.96
9.78,0,0,0.026,21.96,46.71,408.3,162.1,29.5,99.4,-0.019,50,30,48.18,92.68
9.8,0,0,0.003,21.97,46.86,410.8,165.8,29.4,100,-0.016,50,30,48.18,92.94
9.83,0,0,0.024,22.06,46.89,411.1,143,30,99.7,0.031,50,30,48.18,92.12
9.86,0,0,0.028,21.97,47.01,407.6,158.2,30.8,99.4,-0.016,50,30,48.18,92.7
9.88,0,0,0.015,22.01,46.55,408.1,142.6,31,98.6,0.003,50,30,48.18,92.08
9.91,0,0,0.034,21.85,46.69,408.1,483.8,28.4,100,-0.072,100,100,100,97.38
9.94,0,0,0.037,21.87,46.85,407.6,488.9,27.9,100,-0.065,100,100,100,97.44
9.97,0,0,0.036,21.92,46.46,411.8,164.9,29.4,100,-0.039,50,30,48.18,92.59
9.99,0,0,0.055,22,46.42,408.1,500.5,29.7,100,-0.001,100,100,100,97.64
10.02,0,0,0.039,21.98,46.46,410,166,29.6,100,-0.012,50,30,48.18,92.82
10.05,0,0,0.019,21.94,46.65,406.2,150.4,30.8,100,-0.03,50,30,48.18,92.29
10.07,0,0,0.039,21.86,46.79,407.1,511,31.5,100,-0.07,100,100,100,97.16
10.1,0,0,0.036,21.66,46.49,407.5,145.3,30.1,100,-0.168,50,30,48.18,91.04
10.13,0,0,0.048,21.81,46.57,406.3,154.6,29.5,100,-0.092,50,30,48.18,91.92
10.16,0,0,0.034,21.63,46.72,405.4,149,29.3,100,-0.186,50,30,48.18,91.11
10.19,0,0,0.043,21.62,46.42,407.8,152.9,29.8,100,-0.19,50,30,48.18,91.08
10.21,0,0,0.057,21.69,45.88,408,162.2,30.2,100,-0.151,50,30,48.18,91.45
10.24,0,0,0.05,21.53,46.36,411,138.8,29.6,100,-0.231,50,30,48.18,90.33
10.27,0,0,0.025,21.79,46.78,409.7,172.6,30.2,99.8,-0.103,50,30,48.18,92.43
10.3,0,0,0.03,21.58,47.03,410.8,143.5,29.9,100,-0.211,50,30,48.18,90.87
10.33,0,0,0.004,21.56,46.18,410,506,30.8,100,-0.217,100,100,100,95.88
10.35,0,0,0.028,21.64,46.12,409.7,140.3,30.9,100,-0.177,50,30,48.18,90.69
10.38,0,0,0,21.64,45.66,410.8,142.7,29.6,98.9,-0.179,50,30,48.18,90.46
10.41,0,0,0,21.82,46.07,410.9,150.9,30.5,99.4,-0.091,50,30,48.18,91.57
10.44,0,0,0,21.98,45.74,409.1,143.9,28.8,100,-0.01,50,30,48.18,91.9
10.47,0,0,0,21.97,45.75,409.3,149.6,30.4,99.6,-0.013,50,30,48.18,92.02
10.5,0,0,0,22.01,45.77,408.4,148.5,30.4,98.8,0.003,50,30,48.18,91.98
10.53,0,0,0.002,21.95,45.78,406.7,147.6,29.9,98.4,-0.023,50,30,48.18,91.78
10.56,0,0,0.004,21.89,45.85,406.9,495.1,29.2,98.9,-0.054,100,100,100,96.97
10.58,0,0,0,21.97,45.73,403.8,149.1,29.7,99.7,-0.016,50,30,48.18,91.98
10.61,0,0,0.007,21.95,45.65,403.3,153.5,29.9,100,-0.023,50,30,48.18,92.05
10.64,0,0,0,21.9,45.31,402.8,161.8,29.6,100,-0.05,50,30,48.18,91.98
10.67,0,0,0,22.01,45.19,405.2,153.2,29.4,100,0.003,50,30,48.18,92.03
10.7,0,0,0.024,22.1,45.21,408,157.3,29.2,99,0.051,50,30,48.18,91.7
10.73,0,0,0,22.1,45.45,408.1,149.2,28.9,99.1,0.049,50,30,48.18,91.57
10.76,0,0,0.011,21.85,45.22,408.5,148.5,30.5,98.1,-0.075,50,30,48.18,91.17
10.79,0,0,0.017,21.93,45.54,413.8,158.3,29.7,98.3,-0.035,50,30,48.18,91.9
10.82,0,0,0.014,21.74,45.2,415,145.6,30,99.4,-0.131,50,30,48.18,90.78
10.85,0,0,0.006,21.86,45.37,415.4,159.6,29.2,98.7,-0.068,50,30,48.18,91.67
10.88,0,0,0.008,21.97,45.36,417.2,144,29.1,97.5,-0.017,50,30,48.18,91.46
10.91,0,0,0.002,22.07,45.04,418.8,155.3,29.3,98.2,0.033,50,30,48.18,91.63
10.94,0,0,0,22.13,45.54,419.9,159,28.4,98.8,0.066,50,30,48.18,91.74
10.97,0,0,0,22.21,45.48,422.2,147.1,28.9,98.5,0.102,50,30,48.18,91.06
11,0,0,0,22.17,45.55,420.5,148.4,29.4,99.1,0.082,50,30,48.18,91.33
11.03,0,0,0,22.27,45.27,418.4,145.9,29.4,99.6,0.136,50,30,48.18,90.8
11.06,0,0,0,22.18,45.57,418.9,154.2,30.1,99.4,0.089,50,30,48.18,91.5
11.09,0,0,0,22.16,45.57,420,133.3,30.7,98.4,0.078,50,30,48.18,90.85
11.12,0,0,0,21.97,45.14,419.5,165.8,30,97.7,-0.017,50,30,48.18,92.05
11.15,0,0,0,22,45.53,417.3,164,30.8,97.2,-0.002,50,30,48.18,92.21
11.18,0,0,0,21.91,45.22,413.8,150.5,31.9,97.7,-0.045,50,30,48.18,91.41
11.21,0,0,0.012,21.81,45.09,412.3,140.3,31.6,97.5,-0.094,50,30,48.18,90.67
11.24,0,0,0.002,21.86,44.28,411.3,499.2,31.5,99.3,-0.071,100,100,100,96.26
11.28,0,0,0.021,21.89,44.03,408.8,144.4,30.4,99,-0.053,50,30,48.18,90.85
11.31,0,0,0.005,21.82,43.54,409,158.9,30.1,99.5,-0.087,50,30,48.18,90.9
11.34,0,0,0,21.83,43.51,409.1,163.9,30,99.5,-0.086,50,30,48.18,91.05
11.37,0,0,0.024,21.76,43.57,413.4,147.2,30.8,100,-0.119,50,30,48.18,90.37
11.4,0,0,0.008,21.75,43.74,415.9,149.7,28.5,99,-0.121,50,30,48.18,90.39
11.43,0,0,0,21.94,43.67,417.8,138.7,29.6,99.5,-0.028,50,30,48.18,90.78
11.46,0,0,0.007,21.91,43.41,414.6,158.2,30.5,100,-0.046,50,30,48.18,91.19
11.49,0,0,0.022,21.72,43.69,417.8,158.5,29.5,100,-0.137,50,30,48.18,90.62
11.52,0,0,0.04,21.72,43.77,415.1,137.9,30.7,98.5,-0.137,50,30,48.18,89.87
11.56,0,0,0.045,21.8,43.13,412.8,157.6,28.7,97.6,-0.1,50,30,48.18,90.43
11.59,0,0,0.019,21.61,43.31,411.7,156.1,32.2,97.9,-0.192,50,30,48.18,89.79
11.62,0,0,0.038,21.62,43.32,412,137.4,30.2,98.7,-0.189,50,30,48.18,89.33
11.65,0,0,0.045,21.7,43.75,413.3,145.4,29.9,99.3,-0.151,50,30,48.18,90.07
11.68,0,0,0.052,21.6,43.96,413.3,139.8,31,99.9,-0.199,50,30,48.18,89.68
11.71,0,0,0.043,21.71,44.4,408.4,145.5,30.5,100,-0.142,50,30,48.18,90.46
11.75,0,0,0.029,21.7,44.9,408.4,121.4,31.4,100,-0.15,50,30,48.18,89.86
11.78,0,0,0.037,21.63,44.94,408.8,2.4,30,98.4,-0.183,0,0,0,81.76
11.81,0,0,0.033,21.68,44.84,405.8,141.5,29.5,96.1,-0.156,50,30,48.18,90
11.84,0,0,0.009,21.63,45.27,405.9,146,27.6,95,-0.182,50,30,48.18,90
11.87,0,0,0.001,21.84,45.31,405,151.3,30.6,94.5,-0.08,50,30,48.18,90.89
11.91,0,0,0.013,21.73,45.47,407.9,150.6,29.6,96.7,-0.132,50,30,48.18,90.75
11.94,0,0,0.014,21.78,45.62,407.1,142.8,29.4,98,-0.108,50,30,48.18,90.89
11.97,0,0,0.011,21.76,45.67,407.3,143,28.6,98.2,-0.121,50,30,48.18,90.84
12,0,0,0,22,45.63,405.7,150.9,30.7,98.2,-0.002,50,30,48.18,91.95
12.04,0,0,0.001,21.89,45.07,408.6,150.1,29.6,98.9,-0.053,50,30,48.18,91.41
12.07,0,0,0,21.98,45.62,408.7,143.3,31.1,99.6,-0.008,50,30,48.18,91.81
12.1,0,0,0.015,21.84,45.24,405,144.5,31.4,100,-0.077,50,30,48.18,91.23
12.13,0,0,0,21.98,44.95,406,159.2,31,100,-0.01,50,30,48.18,92.07
12.17,0,0,0,21.96,45.14,408.2,491.3,29.1,100,-0.017,100,100,100,97.13
12.2,0,0,0.025,21.86,45.25,408,136.3,31.2,100,-0.07,50,30,48.18,91.05
12.23,0,0,0.017,21.8,44.93,404.2,129.3,30.4,100,-0.097,50,30,48.18,90.51
12.26,0,0,0.002,21.86,45.04,405.7,163,28.3,100,-0.069,50,30,48.18,91.77
12.3,0,0,0,22.12,44.42,407.3,490.8,29.1,100,0.059,100,100,100,96.56
12.33,0,0,0,22.17,44.7,407.4,128.4,28.8,100,0.083,50,30,48.18,90.5
12.36,0,0,0,22.24,44.9,408.8,145.1,29.9,100,0.119,50,30,48.18,90.81
12.4,0,0,0.01,22.05,45.14,412.5,139.4,30,100,0.023,50,30,48.18,91.45
12.43,0,0,0.02,21.91,45.14,415.4,152.7,30.7,99.5,-0.043,50,30,48.18,91.64
12.46,0,0,0.004,21.98,45.81,413.4,517.5,29.6,100,-0.009,100,100,100,97.18
12.49,0,0,0,21.95,45.81,413.2,171.8,31,99.3,-0.024,50,30,48.18,92.59
12.53,0,0,0,21.91,46.29,414.7,156,29.2,99.1,-0.047,50,30,48.18,92.1
12.56,0,0,0.02,21.93,46.52,414.4,160,28.3,99,-0.033,50,30,48.18,92.4
12.59,0,0,0.025,21.93,46.96,415.3,155,31,97.4,-0.035,50,30,48.18,92.25
12.63,0,0,0.033,22.08,47.11,414.5,144.1,29.2,97.3,0.038,50,30,48.18,91.95
12.66,0,0,0.009,22.14,47.19,411.8,149.9,30.2,98.6,0.072,50,30,48.18,92.02
12.69,0,0,0,22.07,46.87,412.4,141.2,31.3,100,0.036,50,30,48.18,92.05
12.73,0,0,0.007,22.18,46.97,412.6,153.4,29,99.8,0.091,50,30,48.18,92.02
12.76,0,0,0.015,22.02,47.36,410,147.3,31.1,98.6,0.009,50,30,48.18,92.48
12.79,0,0,0.037,21.94,47.59,411,488.3,28.3,98.5,-0.03,100,100,100,97.84
12.83,0,0,0.039,21.85,47.27,409.4,153.2,28.2,99.1,-0.077,50,30,48.18,92.16
12.86,0,0,0.01,21.79,46.72,409.3,165.2,31.7,100,-0.104,50,30,48.18,92.2
12.9,0,0,0,21.86,46.84,413.1,142.3,29.4,100,-0.068,50,30,48.18,91.83
12.93,0,0,0.012,22.12,46.27,415.2,156.9,30.3,100,0.058,50,30,48.18,92.14
12.96,0,0,0.029,22.28,46.24,419.2,139.9,30,100,0.14,50,30,48.18,91
13,0,0,0.034,22.16,46.09,421.7,166.2,29.5,100,0.078,50,30,48.18,92.2
13.03,0,0,0.044,22.16,46.3,420.8,145.2,31,98.7,0.079,50,30,48.18,91.5
13.06,0,0,0.014,22.23,46.34,420.6,144.1,28.1,99.7,0.116,50,30,48.18,91.31
13.1,0,0,0,22.23,46.61,419.4,5.5,29.4,96.9,0.113,0,0,0,82.99
13.13,0,0,0,22.2,46.11,416.7,28.4,31.8,95.9,0.097,0,0,0,84.54
13.17,0,0,0,21.98,45.84,415.8,149.5,29.6,94.1,-0.012,50,30,48.18,91.5
13.2,0,0,0.022,21.97,45.55,415.1,134,31.1,95.3,-0.014,50,30,48.18,91.03
13.23,0,0,0.029,22.03,45.82,415.8,153.2,29.1,95.3,0.015,50,30,48.18,91.7
13.27,0,0,0.019,22.1,46.41,417.3,134,28.6,95.1,0.05,50,30,48.18,91.06
13.3,0,0,0.022,21.92,46.41,413.7,150.2,30.1,96.2,-0.041,50,30,48.18,91.73
13.34,0,0,0.001,21.85,46.32,410.5,160.8,31.2,95.1,-0.072,50,30,48.18,91.67
13.37,0,0,0.001,21.78,46.47,412.2,134.2,30.1,96.6,-0.112,50,30,48.18,90.78
13.41,0,0,0.016,21.87,46.67,411.9,138.5,28.3,95.8,-0.063,50,30,48.18,91.28
13.44,0,0,0.036,21.84,46.51,415.9,147.7,30.2,96.6,-0.079,50,30,48.18,91.45
13.47,0,0,0.045,21.81,46.88,414.8,160,29.5,96.6,-0.093,50,30,48.18,91.85
13.51,0,0,0.061,21.74,46.38,416.9,161.8,30.2,95.8,-0.129,50,30,48.18,91.37
13.54,0,0,0.064,21.77,47.08,418.3,163,32.1,94.7,-0.112,50,30,48.18,91.68
13.58,0,0,0.071,21.83,46.66,415.5,152.3,29.4,93.8,-0.086,50,30,48.18,91.31
13.61,0,0,0.057,21.71,46.83,420.1,140,31.6,91.9,-0.145,50,30,48.18,90.37
13.65,0,0,0.048,21.75,46.68,419,142.4,29.1,93.5,-0.123,50,30,48.18,90.71
13.68,0,0,0.048,21.78,46.57,418,148.1,29.9,93.6,-0.109,50,30,48.18,90.95
13.71,0,0,0.043,21.49,46.82,419.9,130.2,30.9,96.3,-0.253,50,30,48.18,89.71
13.75,0,0,0.059,21.5,47.27,417.8,161.3,30,95.1,-0.249,50,30,48.18,90.72
13.78,0,0,0.037,21.56,47.15,420.2,134.3,29.4,94.7,-0.217,50,30,48.18,90.06
13.82,0,0,0.023,21.67,46.92,419.2,148,30.3,96.5,-0.164,50,30,48.18,90.96
13.85,0,0,0.018,21.69,46.92,419.9,506.6,30.9,96.7,-0.153,100,100,100,96.3
13.89,0,0,0.034,21.74,46.7,416.2,164.9,29.6,95.9,-0.132,50,30,48.18,91.57
13.92,0,0,0.053,21.84,46.76,416,168,28.8,96.5,-0.078,50,30,48.18,92.15
13.96,0,0,0.037,21.88,46.42,412.5,163.9,32.7,97.4,-0.061,50,30,48.18,92.11
13.99,0,0,0.052,21.93,46.11,412,155.2,29.8,96.2,-0.033,50,30,48.18,91.83
14.03,0,0,0.036,21.96,46.13,408.6,158.7,31.2,94.5,-0.022,50,30,48.18,91.86
14.06,0,0,0.049,22.07,45.74,408.8,140.8,30.9,93.8,0.034,50,30,48.18,91.01
14.09,0,0,0.028,21.94,46.08,408.2,144.9,29.9,95.8,-0.029,50,30,48.18,91.5
14.13,0,0,0.049,21.87,46.03,408.8,139.6,30.9,95,-0.063,50,30,48.18,90.99
14.16,0,0,0.027,21.67,45.88,415.1,130.2,28.5,95.4,-0.163,50,30,48.18,89.94
14.2,0,0,0.01,21.82,45.65,411.7,136.3,31.5,97,-0.09,50,30,48.18,90.74
14.23,0,0,0.019,21.7,45.53,412.3,162.1,29.5,98.4,-0.15,50,30,48.18,91.16
14.27,0,0,0.034,21.87,45.87,415.4,149.1,28.7,99.3,-0.066,50,30,48.18,91.61
14.3,0,0,0.031,21.85,45.8,413.6,137.4,29.7,99.3,-0.076,50,30,48.18,91.16
14.34,0,0,0.035,21.54,45.95,415.4,151,30.6,99.1,-0.229,50,30,48.18,90.46
14.37,0,0,0.061,21.66,45.44,418.7,155.3,28.9,99,-0.17,50,30,48.18,90.83
14.41,0,0,0.04,21.72,45.47,418.3,151.7,29.4,100,-0.141,50,30,48.18,91.05
14.44,0,0,0.025,21.71,45.22,417.9,146.6,31.9,100,-0.143,50,30,48.18,90.79
14.48,0,0,0.021,21.92,44.6,418.1,152.1,28.7,100,-0.04,50,30,48.18,91.5
14.51,0,0,0.008,22.06,44.22,418.8,0,30,99.5,0.031,0,0,0,82.55
14.55,0,0,0.008,22.05,43.97,416,146.2,30.2,99.7,0.027,50,30,48.18,91.15
14.58,0,0,0,22.03,43.71,412.6,140.6,29.3,99,0.014,50,30,48.18,90.91
14.62,0,0,0,21.98,43.99,414.1,152,30.1,100,-0.009,50,30,48.18,91.5
14.65,0,0,0,21.83,44.05,414.9,7,30.4,99.9,-0.082,0,0,0,82.67
14.69,0,0,0.004,21.87,43.72,413.5,152.5,29.8,100,-0.064,50,30,48.18,91
14.72,0,0,0.029,21.99,43.78,413.2,167.9,30.8,98.5,-0.006,50,30,48.18,91.77
14.76,0,0,0.037,21.9,43.65,413.3,143,30.7,99.2,-0.05,50,30,48.18,90.72
14.79,0,0,0.035,21.89,43.85,415.2,155.9,29.1,97.9,-0.052,50,30,48.18,91.03
14.83,0,0,0.044,21.93,43.98,414.1,132.9,30.2,98.2,-0.034,50,30,48.18,90.56
14.86,0,0,0.049,21.83,44.16,411.6,146.1,30,99.7,-0.082,50,30,48.18,90.81
14.9,0,0,0.054,21.68,44.14,410.5,156.9,30.7,100,-0.156,50,30,48.18,90.6
14.93,0,0,0.069,21.85,44.39,408.2,496.5,31.2,100,-0.074,100,100,100,96.37
14.97,0,0,0.047,21.81,44.45,410.3,140.4,28.6,100,-0.093,50,30,48.18,90.69
15,0,0,0.032,21.87,44.58,411.8,161.2,30.2,100,-0.067,50,30,48.18,91.56
15.03,3.5,0,0.043,21.94,45,410.3,166.5,31.1,100,-0.029,50,30,48.18,92.16
15.07,7,0,0.027,22.01,44.87,411.4,136.7,28.7,100,0.004,50,30,48.18,91.41
15.1,10.5,0,0.013,21.69,44.72,412.2,155,30.6,100,-0.154,50,30,48.18,90.78
15.14,14,0,0.037,21.73,45.21,412.5,140.6,30.7,99.4,-0.132,50,30,48.18,90.63
15.17,17.5,0,0.034,21.57,45.18,409.6,154.6,32.6,99.8,-0.211,50,30,48.18,90.49
15.21,20.9,0,0.041,21.67,45.21,406.6,169.2,29.6,100,-0.163,50,30,48.18,91.32
15.24,24.4,0,0.025,21.59,45.83,408.5,146.9,32.1,100,-0.204,50,30,48.18,90.57
15.28,27.9,0,0.011,21.73,45.8,408.9,136.6,30,100,-0.132,50,30,48.18,90.79
15.31,31.4,0,0.019,21.83,45.29,409.2,505.5,29.9,100,-0.086,100,100,100,96.54
15.35,34.9,0,0.029,21.99,45.07,411,160.3,29.2,100,-0.006,50,30,48.18,92.18
15.38,38.4,0,0.03,22.18,45.29,412,151.3,30.3,100,0.089,50,30,48.18,91.36
15.42,41.9,0,0.025,22.06,44.97,414.3,144.5,31.2,100,0.028,50,30,48.18,91.5
15.45,45.4,0,0.03,22.06,44.89,414.3,511.2,31.2,99.8,0.031,100,100,100,96.71
15.49,48.8,0,0.06,22.01,44.78,413.4,496.6,28.4,99.3,0.003,100,100,100,96.98
15.52,52.3,0,0.062,22.07,44.9,413.5,154.9,27.5,98.4,0.034,50,30,48.18,91.59
15.56,55.8,0,0.087,22.06,45.04,417.9,153.2,29.5,99.6,0.031,50,30,48.18,91.72
15.59,59.3,0,0.073,21.98,44.76,414.8,154.7,30.3,99.9,-0.007,50,30,48.18,91.87
15.63,62.8,0,0.091,21.73,44.68,413.5,477.7,26.3,100,-0.135,100,100,100,96.22
15.66,66.2,0,0.088,21.89,44.59,413.4,158.1,29.8,98,-0.053,50,30,48.18,91.38
15.7,69.7,0,0.062,21.69,44.76,415.9,165.2,30.9,99.6,-0.152,50,30,48.18,91.07
15.73,73.2,0,0.062,21.74,44.51,418,136.8,30.1,99.2,-0.131,50,30,48.18,90.24
15.77,76.7,0,0.044,21.73,44.59,419.3,146.6,29.9,100,-0.132,50,30,48.18,90.64
15.8,80.2,0,0.067,21.7,45.09,418.4,150.9,30.9,100,-0.15,50,30,48.18,90.82
15.84,83.6,0,0.074,21.7,45.29,422.2,162.9,30,99.9,-0.148,50,30,48.18,91.27
15.87,87.1,0,0.078,21.59,44.87,422.4,148.2,28.6,100,-0.204,50,30,48.18,90.25
15.91,90.6,0,0.094,21.69,45.06,424.3,164.2,29.4,100,-0.151,50,30,48.18,91.2
15.94,94,0,0.101,21.55,45.64,426,151.5,30.5,100,-0.225,50,30,48.18,90.48
15.97,97.5,0,0.117,21.53,45.22,421.3,147.2,28.6,99.7,-0.235,50,30,48.18,90.09
16.01,101,0,0.099,21.59,44.88,423.8,177,30.4,100,-0.204,50,30,48.18,91.12
16.04,104.4,0,0.12,21.76,45.21,423.8,12.4,30.4,98.3,-0.12,0,0,0,83.07
16.08,107.9,0,0.101,21.82,45.51,423.2,0,31.5,98.2,-0.088,0,0,0,82.47
16.11,111.3,0,0.092,21.89,45.7,421.4,149.5,30.3,99.4,-0.057,50,30,48.18,91.65
16.15,114.8,0,0.071,21.78,45.7,417.1,161.6,30.4,100,-0.111,50,30,48.18,91.66
16.18,118.2,0,0.093,21.79,45.77,415.9,151.3,30,100,-0.107,50,30,48.18,91.41
16.22,121.7,0,0.106,21.65,45.78,416.2,168.5,30.8,99.3,-0.174,50,30,48.18,91.35
16.25,125.1,0,0.115,21.54,45.62,417.3,158,28.6,99.5,-0.226,50,30,48.18,90.61
16.29,128.6,0,0.131,21.56,46.17,417.3,167.9,29.2,100,-0.217,50,30,48.18,91.23
16.32,132,0,0.118,21.7,45.98,415.5,151.9,31.1,100,-0.147,50,30,48.18,91.21
16.35,135.5,0,0.112,21.64,46.01,416.1,0,31.5,98.5,-0.181,0,0,0,81.99
16.39,138.9,0,0.116,21.66,45.87,414.5,144.5,29.6,99.4,-0.166,50,30,48.18,90.74
16.42,142.4,0,0.107,21.63,45.9,410.1,147.2,32.3,97.2,-0.185,50,30,48.18,90.48
16.46,145.8,0,0.089,21.71,45.75,410,149,29.5,95.9,-0.141,50,30,48.18,90.67
16.49,149.2,0,0.097,21.65,45.98,410.1,158.4,29.8,97.4,-0.173,50,30,48.18,90.94
16.53,152.6,0,0.076,21.52,45.93,411,149,29.7,98,-0.237,50,30,48.18,90.23
16.56,156.1,0,0.095,21.79,46.23,411.9,164,30.5,97.9,-0.103,50,30,48.18,91.78
16.59,159.5,0,0.115,21.86,46.13,415.8,181,29.6,98.5,-0.069,50,30,48.18,92.57
16.63,162.9,0,0.112,21.85,46.58,415.3,176,30.6,99,-0.076,50,30,48.18,92.58
16.66,166.3,0,0.101,21.68,46.34,415,152.9,28.7,99.9,-0.16,50,30,48.18,91.26
16.7,169.7,0,0.097,21.71,46.38,416.4,162.3,30.3,99.4,-0.142,50,30,48.18,91.64
16.73,173.2,0,0.104,21.74,46.4,415.3,159.8,31.2,98.4,-0.131,50,30,48.18,91.55
16.77,176.6,0,0.08,21.72,45.99,416.8,162,30.6,97.4,-0.136,50,30,48.18,91.34
16.8,180,0,0.068,21.89,45.67,418,163.6,30.3,99.3,-0.056,50,30,48.18,92.06
16.83,183.4,0,0.058,21.84,46,420.9,161.8,31.1,98.5,-0.077,50,30,48.18,91.89
16.87,186.8,0,0.081,21.74,45.32,423.9,148.1,30.1,99.9,-0.131,50,30,48.18,90.95
16.9,190.1,0,0.065,21.59,45.19,423.1,156.5,30.3,99.2,-0.205,50,30,48.18,90.53
16.94,193.5,0,0.081,21.69,44.9,423.5,149.1,30.4,99.2,-0.156,50,30,48.18,90.58
16.97,196.9,0,0.099,21.61,45.09,421.3,156.7,31.6,100,-0.192,50,30,48.18,90.68
17,200.3,0,0.101,21.65,44.4,420.4,144.6,29.6,100,-0.175,50,30,48.18,90.18
17.04,203.7,0,0.096,21.73,43.94,421.7,13.7,29.6,100,-0.134,0,0,0,82.75
17.07,207.1,0,0.12,21.69,43.56,424.6,172.2,30.3,100,-0.155,50,30,48.18,90.84
17.1,210.4,0,0.115,21.74,43.94,424.7,166.8,28.7,99.6,-0.13,50,30,48.18,90.98
17.14,213.8,0,0.091,21.71,43.72,424.1,147.6,30.6,98.5,-0.145,50,30,48.18,90.1
17.17,217.2,0,0.098,21.65,43.51,423.3,150.4,29.7,97.6,-0.171,50,30,48.18,89.82
17.21,220.5,0,0.119,21.63,43.22,425,179.8,31.5,98.2,-0.185,50,30,48.18,90.55
17.24,223.9,0,0.092,21.62,42.91,424.9,155.9,28.7,100,-0.188,50,30,48.18,89.87
17.27,227.2,0,0.11,21.73,43.01,422.5,170.6,31.5,100,-0.133,50,30,48.18,90.76
17.31,230.6,0,0.094,21.74,43.08,422.9,157.6,28.5,100,-0.128,50,30,48.18,90.43
17.34,233.9,0,0.072,21.67,42.89,423.7,152.8,30.4,100,-0.161,50,30,48.18,89.97
17.37,237.2,0,0.082,21.83,42.66,423.2,156.7,28.6,100,-0.082,50,30,48.18,90.59
17.41,240.6,0,0.092,21.78,42.62,423.5,168.4,29.5,98.9,-0.108,50,30,48.18,90.62
17.44,243.9,0,0.104,21.79,42.89,423.3,148.4,29.6,99.5,-0.105,50,30,48.18,90.21
17.47,247.2,0,0.121,21.72,42.96,424.7,152.7,29.4,99.6,-0.14,50,30,48.18,90.12
17.51,250.5,0,0.098,21.8,43.16,420.3,157.9,30.3,100,-0.098,50,30,48.18,90.7
17.54,253.8,0,0.085,21.74,42.99,420.7,165.3,30.9,100,-0.127,50,30,48.18,90.64
17.57,257.2,1,0.09,21.82,42.8,421.1,11,40.7,98.3,-0.086,0,0,0,82.1
17.6,260.5,1,0.081,22.02,43.29,423.6,490.4,40.8,99.5,0.011,100,100,100,96.21
17.64,263.8,1,0.085,21.95,43.4,426.5,2.7,40.5,98.3,-0.024,0,0,0,82.22
17.67,267,1,0.104,22.05,43.88,426.8,158.3,40,98.2,0.025,50,30,48.18,91.33
17.7,270.3,1,0.083,21.98,44.55,428.8,153.8,40.8,96.4,-0.012,50,30,48.18,91.14
17.74,273.6,1,0.084,21.97,44.93,431.4,0,40.1,94.8,-0.014,0,0,0,82.44
17.77,276.9,1,0.062,21.81,45.35,434.8,170.9,40.6,93.9,-0.096,50,30,48.18,91.13
17.8,280.2,1,0.07,22.07,45.4,439.4,149.8,41.8,94,0.035,50,30,48.18,90.63
17.83,283.4,1,0.099,22.03,45.55,439.8,145.5,40.6,93.2,0.017,50,30,48.18,90.98
17.87,286.7,1,0.075,22.1,45.37,439.3,153.3,37.7,94.3,0.05,50,30,48.18,91.18
17.9,290,1,0.093,22.08,44.97,438.7,155.9,40.9,93.8,0.04,50,30,48.18,90.84
17.93,293.2,1,0.108,22.14,45.44,437.8,149.1,39.3,94.2,0.069,50,30,48.18,90.92
17.96,296.4,1,0.13,22.09,45.86,437.4,167.1,39.8,93.8,0.046,50,30,48.18,91.75
18,299.7,1,0.106,22.1,45.82,438.9,171.4,40,93.9,0.049,50,30,48.18,91.86
18.03,302.9,1,0.116,22.19,45.44,440.3,171.8,40.8,93.9,0.092,50,30,48.18,91.16
18.06,306.1,1,0.091,22.09,45.27,444.7,152.8,39.5,92.5,0.043,50,30,48.18,90.99
18.09,309.4,1,0.086,21.99,45.69,447,166.3,39.9,92.3,-0.006,50,30,48.18,91.81
18.13,312.6,1,0.068,22.13,46.49,449.7,169.4,41.9,92,0.063,50,30,48.18,91.19
18.16,315.8,1,0.085,22.08,46.33,452.3,150.9,39.1,91.7,0.041,50,30,48.18,91.27
18.19,319,1,0.095,21.95,46.67,454.3,164.1,40.2,91.7,-0.024,50,30,48.18,91.87
18.22,322.2,1,0.083,21.87,46.77,452.7,166.8,41,91.6,-0.066,50,30,48.18,91.42
18.25,325.4,1,0.098,21.87,47.17,458.4,188.1,39.5,88.8,-0.065,50,30,48.18,92.23
18.29,328.6,1,0.109,21.97,46.78,461.9,177.3,41.3,87.4,-0.015,50,30,48.18,91.61
18.32,331.8,1,0.131,22.05,46.41,463.7,183.3,40,87.7,0.026,50,30,48.18,91.98
18.35,334.9,1,0.146,21.91,46.57,462.9,165,40.1,87.5,-0.044,50,30,48.18,91.31
18.38,338.1,2,0.13,21.96,46.74,462.7,173.5,44,86.5,-0.019,50,30,48.18,90.55
18.41,341.3,2,0.149,21.95,46.73,463,169,43.6,84.9,-0.024,50,30,48.18,90.34
18.44,344.4,2,0.124,21.93,47.13,467.2,158.3,44,84.9,-0.033,50,30,48.18,89.97
18.48,347.6,2,0.125,21.84,47.08,469.1,170.3,42,82.5,-0.077,50,30,48.18,90.36
18.51,350.7,2,0.097,21.73,46.99,469.8,148,42.8,82.4,-0.137,50,30,48.18,88.94
18.54,353.8,2,0.115,21.81,46.77,475.5,524.1,43.8,82.1,-0.092,100,100,100,93.92
18.57,357,2,0.099,22.02,46.64,478,174.3,44.4,82,0.008,50,30,48.18,90.04
18.6,360.1,2,0.08,21.9,46.6,479.9,169,42.6,81.6,-0.049,50,30,48.18,90.06
18.63,363.2,2,0.09,21.87,47.07,481.9,167.5,42.5,81.8,-0.066,50,30,48.18,90.1
18.66,366.3,2,0.103,22.06,47.01,486.9,164.6,42.9,79.3,0.03,50,30,48.18,89.92
18.69,369.4,2,0.091,22.08,46.86,488.2,172.1,43.5,76.8,0.041,50,30,48.18,89.56
18.72,372.5,2,0.098,22.17,47.18,491.6,167.4,41.7,75.8,0.084,50,30,48.18,89.66
18.76,375.6,3,0.105,22.3,46.8,497.4,176.4,46.1,73.5,0.151,50,30,48.18,87.73
18.79,378.7,3,0.101,22.2,47.48,502.9,512.1,44.5,71.8,0.097,100,100,100,93.03
18.82,381.7,3,0.093,22.23,47.66,509.2,171.2,46.4,68.2,0.116,50,30,48.18,87.55
18.85,384.8,3,0.077,22.2,47.87,514.6,19.7,44.6,62.7,0.098,0,0,0,79.85
18.88,387.8,3,0.059,22.22,47.95,519.5,166.2,43.2,61.6,0.111,50,30,48.18,87.84
18.91,390.9,3,0.075,22.04,47.98,526.8,179.9,46.7,59.8,0.019,50,30,48.18,87.74
18.94,393.9,3,0.062,22.19,48.33,532.3,167.2,44.8,57,0.093,50,30,48.18,87.21
18.97,397,3,0.055,22.16,48.31,538.7,166.5,44.9,55.5,0.078,50,30,48.18,87.13
19,400,3,0.156,22.09,48.14,545.2,178.4,44.2,54.6,0.044,50,30,48.18,87.77
19.03,403,3,0.257,22.11,48.05,549.8,200.3,45.2,53,0.052,50,30,48.18,87.89
19.06,406,3,0.346,22.08,47.83,553.9,210.9,45.5,52.4,0.042,50,30,48.18,88.05
19.09,409,3,0.393,21.99,47.78,555.5,240.1,44.8,53.1,-0.004,50,30,48.18,89.46
19.12,412,3,0.463,21.92,47.97,557.5,241.6,45.1,52.8,-0.038,50,30,48.18,89.21
19.15,415,3,0.491,22.03,47.98,556.4,604.5,44.3,53.1,0.013,100,100,100,92.6
19.18,418,3,0.499,21.83,47.62,555.8,257.4,43.6,50.5,-0.085,50,30,48.18,89.42
19.21,421,3,0.51,21.75,47.25,557.7,253.3,44.9,47.7,-0.124,50,30,48.18,88.18
19.24,423.9,3,0.524,21.79,47.07,563.9,261.7,44.9,48.6,-0.103,50,30,48.18,88.61
19.27,426.9,3,0.573,21.8,46.72,564.3,281.5,44.3,48.2,-0.097,50,30,48.18,89.26
19.3,429.8,3,0.595,21.93,47.15,563.6,281.3,45.2,48.8,-0.033,50,30,48.18,89.71
19.33,432.8,3,0.63,21.72,47.17,568.5,283.7,46.3,48.5,-0.14,50,30,48.18,88.63
19.36,435.7,3,0.64,21.59,47.58,573.1,280.3,45,47.9,-0.204,50,30,48.18,88.52
19.39,438.6,4,0.649,21.81,47.75,572.7,648.3,45.6,47.6,-0.095,100,100,100,90.31
19.42,441.5,4,0.664,21.67,47.59,574.2,150.9,45.9,44.4,-0.163,0,0,0,84.57
19.44,444.5,4,0.647,21.73,48.08,579.9,295.8,45.1,43.2,-0.135,50,30,48.18,89.18
19.47,447.4,4,0.67,21.74,47.8,584.5,301.7,45.7,43,-0.131,50,30,48.18,89.07
19.5,450.2,4,0.673,21.69,47.6,587.3,306.3,46.7,42.1,-0.153,50,30,48.18,88.49
19.53,453.1,4,0.69,21.69,47.53,589.3,317.3,44.3,39.8,-0.155,50,30,48.18,89.03
19.56,456,4,0.693,21.67,47.31,591.7,293.7,46,39.6,-0.162,50,30,48.18,88.02
19.59,458.9,4,0.689,21.58,46.86,594.5,301.4,46.1,37.3,-0.207,50,30,48.18,87.43
19.62,461.7,4,0.696,21.7,47.06,596.4,651.3,45.7,35.3,-0.149,100,100,100,88.32
19.65,464.6,4,0.71,21.75,46.76,599.4,309.5,46.6,35.4,-0.126,50,30,48.18,87.75
19.67,467.4,4,0.733,21.97,46.82,605,318.7,45.7,33,-0.013,50,30,48.18,88.75
19.7,470.2,4,0.739,22.11,47.49,605.3,317.3,47,30.6,0.052,50,30,48.18,88.06
19.73,473,4,0.726,21.99,47.28,608.8,341.6,44.7,30.3,-0.005,50,30,48.18,89.24
19.76,475.9,4,0.708,22.05,47.11,615.4,305,44,30.4,0.027,50,30,48.18,88.87
19.79,478.7,4,0.711,21.89,47.15,616.4,328.8,45.4,28.4,-0.053,50,30,48.18,88.29
19.81,481.5,4,0.732,22.02,47.27,618.2,677.8,46.6,26.7,0.008,100,100,100,87.94
19.84,484.2,4,0.706,21.85,47.59,618.8,305.5,45.2,26.7,-0.075,50,30,48.18,87.95
19.87,487,4,0.691,22.03,47.06,619.9,318.9,45.9,25.8,0.015,50,30,48.18,88.03
19.9,489.8,4,0.679,22.06,46.69,620.9,318.5,47.5,23.5,0.031,50,30,48.18,87.08
19.93,492.5,4,0.7,22.07,46.99,625.9,332.9,45.9,21.7,0.036,50,30,48.18,87.6
19.95,495.3,5,0.702,22.15,47.37,629.3,687.1,47.2,21.2,0.072,100,100,100,86.63
19.98,498,5,0.696,22.16,47.6,628.4,314.4,47.5,18.3,0.082,50,30,48.18,86.48
20.01,500.7,5,0.693,22,47.64,629,308.6,45.9,17.4,-0.002,50,30,48.18,87.43
20.03,503.5,5,0.706,22.12,48.2,631.1,330.2,47.3,16.4,0.059,50,30,48.18,86.9
20.06,506.2,5,0.702,22.03,48,638.4,676.1,46.8,14.8,0.015,100,100,100,86.94
20.09,508.9,5,0.682,22.17,48.51,642.5,328.8,46.5,12.8,0.084,50,30,48.18,86.7
20.12,511.6,5,0.7,22.31,48.51,642.7,666.7,48.3,11.5,0.152,100,100,100,85.46
20.14,514.2,5,0.684,22.19,48.45,650.5,673.4,45.3,9,0.094,100,100,100,86.44
20.17,516.9,5,0.703,22.17,48.35,653.6,343.9,47.1,6.2,0.084,50,30,48.18,85.94
20.2,519.6,5,0.71,22.17,47.9,654.4,332.7,46.6,4.9,0.082,50,30,48.18,85.69
20.22,522.2,5,0.702,22.09,47.7,652.6,324.2,45.3,5,0.044,50,30,48.18,86.22
20.25,524.8,5,0.682,22.06,47.74,653.5,318.3,49.1,4.1,0.027,50,30,48.18,85.05
20.27,527.5,5,0.667,22.03,47.72,658.7,329.3,47.3,2.9,0.016,50,30,48.18,85.67
20.3,530.1,5,0.67,22.22,47.98,661.8,310.7,46.9,0,0.109,50,30,48.18,84.73
20.33,532.7,5,0.694,22.39,47.83,664.6,340.1,47.1,0,0.194,50,30,48.18,84.25
20.35,535.3,5,0.709,22.2,47.76,667.7,325.4,45.1,0,0.098,50,30,48.18,85.42
20.38,537.9,5,0.693,22.11,47.8,668.1,683.2,45.5,0,0.056,100,100,100,85.34
20.4,540.5,5,0.671,22.25,48.43,673.7,329.2,46,0,0.126,50,30,48.18,85.2
20.43,543,5,0.693,22.14,48.35,675.3,346.8,48.3,0,0.072,50,30,48.18,85.09
20.46,545.6,5,0.684,22.22,48.31,679.3,678.3,44.8,0,0.108,100,100,100,85.45
20.48,548.1,5,0.663,22.17,48.05,684.2,339.4,46.7,0,0.086,50,30,48.18,85.27
20.51,550.7,5,0.681,22.24,48.86,687.6,359.4,46.1,0,0.12,50,30,48.18,85.7
20.53,553.2,5,0.703,22.23,48.56,692.5,336.7,48.6,0,0.116,50,30,48.18,84.64
20.56,555.7,5,0.706,22.33,48.53,691.9,345.7,47,0,0.163,50,30,48.18,84.85
20.58,558.2,5,0.718,22.28,48.52,693.9,357.4,47.4,0,0.139,50,30,48.18,85.01
20.61,560.7,5,0.724,22.38,49.06,695.2,364.9,46.6,0,0.189,50,30,48.18,85.14
20.63,563.2,5,0.73,22.28,48.94,697.5,353.3,46.7,0,0.138,50,30,48.18,85.36
20.66,565.7,5,0.748,22.41,49.17,701.5,361.6,46.6,0,0.204,50,30,48.18,85.05
20.68,568.1,6,0.739,22.48,48.88,705.9,343.4,48.1,0,0.241,50,30,48.18,84.03
20.71,570.6,6,0.715,22.51,48.56,712.2,347.2,47.8,0,0.256,50,30,48.18,83.94
20.73,573,6,0.7,22.6,48.56,718.2,341.8,48.4,0,0.299,50,30,48.18,83.38
20.75,575.5,6,0.71,22.57,48.62,719.5,345.2,47.3,0,0.286,50,30,48.18,83.85
20.78,577.9,6,0.705,22.21,48.63,722.2,364.5,46.7,0,0.106,50,30,48.18,85.57
20.8,580.3,6,0.718,22.34,48.76,724.6,210.2,45.5,0,0.168,0,0,0,82.44
20.83,582.7,6,0.734,22.68,49.15,730.1,360.5,48.7,0,0.341,50,30,48.18,83.38
20.85,585.1,6,0.748,22.59,49.23,732.2,363.7,47.2,0,0.294,50,30,48.18,84.24
20.87,587.5,6,0.718,22.51,49.35,736.7,362.6,46.9,0,0.253,50,30,48.18,84.67
20.9,589.8,6,0.716,22.63,49.56,736.4,212.8,48.2,0,0.316,0,0,0,80.87
20.92,592.2,6,0.696,22.61,49.26,737.3,358.8,48.7,0,0.306,50,30,48.18,83.65
20.95,594.5,6,0.713,22.56,49.27,738.1,713.5,48,0,0.28,100,100,100,83.03
20.97,596.8,6,0.72,22.48,49.27,741.5,370,49.7,0,0.24,50,30,48.18,83.96
20.99,599.2,6,0.728,22.55,49.69,742.1,370,49.6,0,0.273,50,30,48.18,83.93
21.01,601.5,6,0.737,22.51,49.91,741.7,375.4,47.5,0,0.257,50,30,48.18,84.81
21.04,603.8,6,0.74,22.42,49.93,746.2,372.1,46.2,0,0.208,50,30,48.18,85.54
21.06,606.1,6,0.746,22.52,50.28,751.6,391.3,46.9,0,0.258,50,30,48.18,85.05
21.08,608.3,6,0.721,22.52,50.41,752.5,370,47.9,0,0.26,50,30,48.18,84.47
21.11,610.6,6,0.731,22.64,50.1,752.8,363.6,48.2,0,0.322,50,30,48.18,83.98
21.13,612.8,6,0.718,22.67,50.53,757.1,359.8,47.3,0,0.337,50,30,48.18,83.94
21.15,615.1,6,0.721,22.68,50.65,760.2,378.7,45.8,0,0.338,50,30,48.18,84.52
21.17,617.3,6,0.711,22.63,50.29,762.7,370.9,50.1,0,0.316,50,30,48.18,83.45
21.2,619.5,6,0.712,22.61,50.31,765.1,370.9,47.6,0,0.306,50,30,48.18,84.26
21.22,621.7,6,0.69,22.56,50.61,766.6,379.6,46.4,0,0.282,50,30,48.18,84.78
21.24,623.9,6,0.688,22.68,50.38,767.6,338.1,47.6,0,0.339,50,30,48.18,83.66
21.26,626.1,6,0.678,22.74,49.84,769.1,375,49.6,0,0.368,50,30,48.18,83.32
21.28,628.3,6,0.705,22.66,49.61,768.9,376.6,48.9,0,0.331,50,30,48.18,83.73
21.3,630.4,6,0.693,22.69,49.88,769.1,359.2,47.6,0,0.344,50,30,48.18,83.96
21.33,632.6,6,0.671,22.66,50.18,768.6,355.8,47.8,0,0.328,50,30,48.18,83.95
21.35,634.7,6,0.669,22.91,50.22,770.4,211,47.2,0,0.456,0,0,0,80.18
21.37,636.8,6,0.664,22.9,50.1,779,362.6,46.1,0,0.448,50,30,48.18,83.64
21.39,638.9,6,0.665,22.87,50.05,784.4,357.7,46.7,0,0.435,50,30,48.18,83.54
21.41,641,6,0.674,22.77,49.95,782.4,364.2,48.2,0,0.387,50,30,48.18,83.52
21.43,643.1,6,0.658,22.76,49.75,784.4,335.6,48.3,0,0.379,50,30,48.18,83.18
21.45,645.2,6,0.65,22.83,49.87,786.8,349.7,49.1,0,0.416,50,30,48.18,82.85
21.47,647.2,6,0.677,22.97,49.62,790,363.1,47.5,0,0.487,50,30,48.18,82.83
21.49,649.3,6,0.691,22.75,49.94,787.1,386.8,47.4,0,0.375,50,30,48.18,84.06
21.51,651.3,6,0.703,22.69,49.91,792,404.6,49,0,0.345,50,30,48.18,83.99
21.53,653.3,6,0.691,22.84,50.17,793.1,379.4,48.8,0,0.421,50,30,48.18,83.18
21.55,655.3,6,0.706,22.85,49.98,794.5,374,48.5,0,0.424,50,30,48.18,83.25
21.57,657.3,6,0.729,22.86,49.73,795.7,391.2,47.1,0,0.431,50,30,48.18,83.71
21.59,659.3,6,0.711,22.64,49.89,795.8,404.4,47.1,0,0.32,50,30,48.18,84.75
21.61,661.3,6,0.733,22.85,49.5,792.6,381.6,48.6,0,0.424,50,30,48.18,83.11
21.63,663.2,6,0.748,22.81,50.12,792.6,408.2,48.4,0,0.406,50,30,48.18,83.73
21.65,665.2,6,0.744,22.72,49.72,792.6,379.2,48.8,0,0.36,50,30,48.18,83.61
21.67,667.1,6,0.743,22.6,50.12,793.5,401.2,48,0,0.3,50,30,48.18,84.58
21.69,669,6,0.743,22.75,49.83,793.8,401.5,47.6,0,0.376,50,30,48.18,84.12
21.71,670.9,6,0.721,22.68,49.79,796.6,402.6,47.3,0,0.339,50,30,48.18,84.47
21.73,672.8,6,0.736,22.59,49.56,799.2,396.6,47,0,0.293,50,30,48.18,84.77
21.75,674.7,6,0.751,22.72,49.62,800.3,389.1,48.2,0,0.359,50,30,48.18,83.85
21.77,676.6,6,0.721,22.7,49.8,799,392.8,48,0,0.351,50,30,48.18,84.09
21.78,678.4,6,0.704,22.66,49.67,795.4,380.9,48,0,0.329,50,30,48.18,84.08
21.8,680.3,6,0.688,22.6,49.7,794,377,49.6,0,0.298,50,30,48.18,83.8
21.82,682.1,6,0.69,22.55,49.74,796,389.5,46.3,0,0.275,50,30,48.18,85.11
21.84,683.9,6,0.668,22.6,49.29,797.8,363.1,47.3,0,0.3,50,30,48.18,84.18
21.86,685.7,6,0.687,22.53,48.8,799.8,393.3,46.6,0,0.263,50,30,48.18,84.79
21.88,687.5,6,0.673,22.45,49.28,799.7,372.5,47.6,0,0.223,50,30,48.18,84.76
21.89,689.3,6,0.689,22.53,49.1,802.2,387.8,45.5,0,0.262,50,30,48.18,85.14
21.91,691.1,6,0.685,22.56,48.72,801.2,394.6,48.8,0,0.279,50,30,48.18,83.98
21.93,692.8,6,0.677,22.68,49.33,801.7,395.4,48.8,0,0.341,50,30,48.18,83.74
21.95,694.6,6,0.661,22.65,49.85,801.1,375.2,49,0,0.327,50,30,48.18,83.79
21.96,696.3,6,0.685,22.63,49.5,805.1,405.5,47.1,0,0.316,50,30,48.18,84.57
21.98,698,6,0.693,22.73,49.29,805.6,404.6,48,0,0.364,50,30,48.18,83.83
22,699.7,6,0.693,22.79,49.73,802.1,375.9,47.5,0,0.396,50,30,48.18,83.66
22.01,701.4,6,0.694,22.67,49.37,802,380.1,46,0,0.335,50,30,48.18,84.48
22.03,703.1,6,0.72,22.75,48.91,804.2,406.9,49.2,0,0.374,50,30,48.18,83.29
22.05,704.7,6,0.737,22.64,49.41,804.6,410.3,47.3,0,0.32,50,30,48.18,84.48
22.06,706.4,6,0.74,22.61,49.4,804.8,402.6,48.5,0,0.306,50,30,48.18,84.17
22.08,708,6,0.726,22.67,50.09,805.1,406.7,47.4,0,0.333,50,30,48.18,84.51
22.1,709.6,6,0.734,22.78,50.41,805.9,410.1,48.3,0,0.388,50,30,48.18,83.73
22.11,711.2,6,0.743,22.97,50.17,807,410.5,49.1,0,0.487,50,30,48.18,82.82
22.13,712.8,6,0.753,22.83,49.83,807.3,436.4,47.2,0,0.415,50,30,48.18,84.19
22.14,714.4,6,0.768,22.84,49.56,804.5,411.7,47.7,0,0.422,50,30,48.18,83.67
22.16,715.9,6,0.751,22.92,50.01,804.6,417.7,47.7,0,0.46,50,30,48.18,83.61
22.17,717.5,6,0.75,22.99,50.14,805.4,417,49.1,0,0.495,50,30,48.18,82.88
22.19,719,6,0.744,23.14,50.72,800.7,429.5,47.8,0,0.569,50,30,48.18,82.67
22.21,720.6,6,0.738,23.05,50.78,802.4,422.2,48.1,0,0.524,50,30,48.18,82.81
22.22,722.1,6,0.723,22.93,51.22,801.3,401.7,48.8,0,0.464,50,30,48.18,82.69
22.24,723.6,6,0.723,22.88,51.32,802.2,405.5,45.8,0,0.441,50,30,48.18,83.76
22.25,725,6,0.697,22.87,51,802.4,400.7,49.6,0,0.438,50,30,48.18,82.69
22.27,726.5,6,0.716,22.97,50.28,801.7,409.2,49.1,0,0.487,50,30,48.18,82.84
22.28,728,6,0.724,23.02,50.15,798.7,406.2,47.3,0,0.51,50,30,48.18,83.24
22.29,729.4,6,0.74,23.01,50.53,798,406.9,47.5,0,0.505,50,30,48.18,83.1
22.31,730.8,6,0.75,22.96,50.6,797.7,420.2,49.4,0,0.479,50,30,48.18,82.82
22.32,732.2,6,0.719,23.05,50.69,799.6,413.8,47.6,0,0.525,50,30,48.18,82.93
22.34,733.6,6,0.715,23.05,50.82,796.8,428.2,47.2,1.2,0.523,50,30,48.18,83.26
22.35,735,6,0.699,23.07,50.95,798.5,423.1,49,0,0.538,50,30,48.18,82.39
22.36,736.4,6,0.723,23.05,50.74,799.9,416.4,49.6,0,0.526,50,30,48.18,82.31
22.38,737.8,6,0.698,23.14,50.8,800.2,387.3,46.9,0,0.569,50,30,48.18,82.5
22.39,739.1,6,0.693,23.14,50.73,801.1,397.4,48.1,0,0.571,50,30,48.18,82.23
22.4,740.4,6,0.687,23.03,50.6,801.3,410.8,47.6,0,0.514,50,30,48.18,82.98
22.42,741.7,6,0.701,23.15,50.6,803.6,422,47.2,0,0.577,50,30,48.18,82.71
22.43,743,6,0.715,23.12,51.06,802.5,419.5,49.6,0,0.559,50,30,48.18,81.95
22.44,744.3,6,0.713,23.16,51.37,806.3,417.9,47.7,0,0.581,50,30,48.18,82.18
22.46,745.6,6,0.735,23.05,51.11,807.2,441.3,48.6,0,0.527,50,30,48.18,82.65
22.47,746.9,6,0.707,23.11,51.13,810.3,427.1,48.9,0,0.556,50,30,48.18,82.13
22.48,748.1,6,0.7,22.97,51.06,809.4,411.4,49,0,0.485,50,30,48.18,82.51
22.49,749.3,6,0.693,22.81,51.21,806,413.9,47.5,0,0.405,50,30,48.18,83.57
22.51,750.6,6,0.675,22.78,51.05,806.4,390.8,48.8,0,0.391,50,30,48.18,83.11
22.52,751.8,6,0.696,22.67,50.62,804.2,776.7,47.6,0,0.337,100,100,100,81.77
22.53,752.9,6,0.693,22.91,50.75,804,418.1,49.8,0,0.456,50,30,48.18,82.76
22.54,754.1,6,0.672,22.9,50.54,804.4,414.4,49,0,0.452,50,30,48.18,83.07
22.55,755.3,6,0.667,22.93,50.8,805.2,396,48.2,0,0.468,50,30,48.18,82.89
22.56,756.4,6,0.65,22.84,50.69,807.7,404.4,47.6,0,0.419,50,30,48.18,83.52
22.58,757.5,6,0.635,22.72,50.29,807,384.7,47.5,0,0.36,50,30,48.18,83.95
22.59,758.7,6,0.662,22.88,50.07,810.1,403.4,46.2,0,0.438,50,30,48.18,83.99
22.6,759.8,6,0.67,23.1,49.98,814.1,419.9,47,0,0.549,50,30,48.18,83.06
22.61,760.8,6,0.676,23.39,50.16,812.9,275.2,49.1,0,0.696,0,0,0,79.58
22.62,761.9,6,0.666,22.83,49.82,814.5,749.1,48,0,0.415,100,100,100,81.51
22.63,763,6,0.66,22.82,50.08,816,392,47.8,0,0.412,50,30,48.18,83.52
22.64,764,6,0.666,23.18,50.72,818.1,266.2,45.8,0,0.589,0,0,0,80.84
22.65,765,6,0.695,23.16,50.74,815.3,415.7,48.1,0,0.581,50,30,48.18,82.15
22.66,766.1,6,0.702,22.98,50.55,816.8,413.4,46.5,0,0.489,50,30,48.18,83.36
22.67,767.1,6,0.687,22.89,50.21,818.6,407.5,46.4,0,0.446,50,30,48.18,83.74
22.68,768,6,0.678,22.84,49.91,815.9,419.6,49,0,0.42,50,30,48.18,83.37
22.69,769,6,0.688,22.84,50.22,814.3,420.5,48.4,0,0.419,50,30,48.18,83.53
22.7,770,6,0.707,22.89,50.1,811.6,418.8,48,0,0.446,50,30,48.18,83.53
22.71,770.9,6,0.698,22.97,49.82,810.2,409.6,46.5,0,0.486,50,30,48.18,83.57
22.72,771.8,6,0.679,23.03,50.11,808.8,426,47.8,0,0.515,50,30,48.18,83.16
22.73,772.7,6,0.682,22.98,49.98,806.1,410.1,47.7,0,0.492,50,30,48.18,83.29
22.74,773.6,6,0.69,23.03,50.01,804.7,408.3,47.9,0,0.514,50,30,48.18,83.05
22.75,774.5,6,0.684,22.82,49.7,805.1,771.3,48.5,0,0.408,100,100,100,81.14
22.75,775.4,6,0.691,22.87,49.43,805.3,415.9,47.4,0,0.435,50,30,48.18,83.64
22.76,776.2,6,0.682,23.06,49.63,803.2,408.7,47.1,0,0.528,50,30,48.18,83.09
22.77,777.1,6,0.688,23.09,49.62,805.6,409.3,47.3,0,0.542,50,30,48.18,82.87
22.78,777.9,6,0.682,22.74,49.65,805.1,764.3,48.1,0,0.369,100,100,100,81.65
22.79,778.7,6,0.707,22.7,49.6,802,778.5,48.5,0,0.349,100,100,100,81.47
22.79,779.5,6,0.693,22.74,49.47,800.4,417,50.6,0,0.369,50,30,48.18,83.27
22.8,780.3,6,0.691,22.91,49.56,798.2,424.2,47.1,0,0.453,50,30,48.18,83.8
22.81,781,6,0.678,22.94,50.04,797.6,423.3,49.6,0,0.469,50,30,48.18,83.09
22.82,781.8,6,0.671,22.89,49.94,801.3,415.1,48.5,0,0.444,50,30,48.18,83.5
22.83,782.5,6,0.68,22.98,49.23,801.2,424.3,47.9,0,0.489,50,30,48.18,83.16
22.83,783.2,6,0.674,22.92,49,800.4,427.6,48,0,0.46,50,30,48.18,83.3
22.84,783.9,6,0.676,23.12,49.58,802.6,262.4,46.8,0,0.56,0,0,0,80.93
22.85,784.6,6,0.667,23.24,49.76,803.9,267.1,46.5,0,0.618,0,0,0,80.79
22.85,785.3,6,0.697,23.29,49.72,805.9,406.8,46.9,0,0.644,50,30,48.18,82.25
22.86,786,6,0.687,23.12,49.73,804.3,426.4,46.7,0,0.559,50,30,48.18,83.17
22.87,786.6,6,0.698,23.15,49.94,808.5,429.9,47.1,0,0.573,50,30,48.18,83
22.87,787.2,6,0.702,23.2,50.2,809.3,418.4,47.4,0,0.599,50,30,48.18,82.52
22.88,787.8,6,0.719,22.97,50.33,808.7,443.6,47,0,0.487,50,30,48.18,83.71
22.88,788.4,6,0.711,22.94,49.76,809.8,429.5,47.6,0,0.469,50,30,48.18,83.55
22.89,789,6,0.704,22.9,49.63,811.7,408.3,48.8,0,0.448,50,30,48.18,83.05
22.9,789.6,6,0.705,22.9,49.51,812.6,426.9,47.2,0,0.449,50,30,48.18,83.67
22.9,790.2,6,0.685,23.05,49.55,812.9,437.4,47.5,0,0.525,50,30,48.18,83.12
22.91,790.7,6,0.67,22.95,49.65,816.1,406,49.2,0,0.473,50,30,48.18,82.68
22.91,791.2,6,0.692,22.92,49.83,815,420.6,46.3,0,0.459,50,30,48.18,83.89
22.92,791.7,6,0.672,23.12,49.69,817.3,421.3,48.6,0,0.558,50,30,48.18,82.37
22.92,792.2,6,0.673,23.22,49.67,817,421.8,47.3,0,0.609,50,30,48.18,82.38
22.93,792.7,6,0.696,23.18,49.43,819.3,428.7,48.3,0,0.59,50,30,48.18,82.17
22.93,793.2,6,0.699,23.01,49.61,821,426.3,47.4,0,0.506,50,30,48.18,83.1
22.94,793.6,6,0.713,22.97,49.05,821.5,445,47.6,0,0.484,50,30,48.18,83.18
22.94,794,6,0.73,22.95,49.05,818.3,444.3,49.2,0,0.472,50,30,48.18,82.82
22.94,794.5,6,0.731,22.99,49.03,814.7,438.5,48.9,0,0.494,50,30,48.18,82.74
22.95,794.9,6,0.742,22.89,48.78,809.8,422,47,0,0.441,50,30,48.18,83.48
22.95,795.2,6,0.728,22.71,49.25,807.4,434.7,49.1,0,0.355,50,30,48.18,83.83
22.96,795.6,6,0.731,22.93,49.49,807.4,443.7,48.1,0,0.462,50,30,48.18,83.52
22.96,796,6,0.75,22.94,50.22,806.9,442.6,47.4,0,0.468,50,30,48.18,83.78
22.96,796.3,6,0.766,23.08,50.29,806.2,454.5,48.9,0,0.541,50,30,48.18,82.79
22.97,796.6,6,0.762,23.06,49.52,803.8,458.8,47.1,0,0.528,50,30,48.18,83.34
22.97,797,6,0.768,23.03,48.58,802.6,441,47.8,0,0.516,50,30,48.18,82.89
22.97,797.3,6,0.777,23.04,49.43,799.9,471.4,47.2,0,0.517,50,30,48.18,83.28
22.98,797.5,6,0.789,23.02,49.55,798.4,454.9,46.9,0,0.507,50,30,48.18,83.66
22.98,797.8,6,0.796,22.95,49.77,796.6,466.9,46.5,0,0.477,50,30,48.18,83.99
22.98,798.1,6,0.781,23.11,49.95,793.2,465.2,48.2,0,0.554,50,30,48.18,82.97
22.98,798.3,6,0.757,23.1,49.67,792.4,460.7,48.1,0,0.548,50,30,48.18,82.99
22.99,798.5,6,0.734,23.14,49.85,793,446.1,47.7,0,0.568,50,30,48.18,83.09
22.99,798.7,6,0.737,23.05,49.9,793.9,433.9,48.1,0,0.526,50,30,48.18,83.18
22.99,798.9,6,0.742,23.34,49.98,795.1,287.4,48.6,0,0.67,0,0,0,80.5
22.99,799.1,6,0.734,23.15,49.72,794.1,422.6,49,0,0.574,50,30,48.18,82.39
22.99,799.2,6,0.712,23.12,49.58,791.2,440.8,47.6,0,0.56,50,30,48.18,83.04
22.99,799.4,6,0.73,22.98,49.8,790.2,446,49.9,0,0.487,50,30,48.18,83.02
23,799.5,6,0.738,23.36,49.9,790.7,307.6,47,0,0.682,0,0,0,81.32
23,799.6,6,0.71,23.33,49.57,789.9,449.8,47.5,0,0.663,50,30,48.18,82.37
23,799.7,6,0.714,23.2,49.55,791.5,454.1,49,0,0.599,50,30,48.18,82.37
23,799.8,6,0.736,23.18,49.36,790.3,451.6,47.4,0,0.589,50,30,48.18,82.87
23,799.9,6,0.751,23.23,49.51,791,447.3,48.5,0,0.612,50,30,48.18,82.41
23,799.9,6,0.732,23.19,50.27,790.3,436.8,48.7,0,0.597,50,30,48.18,82.44
23,800,6,0.751,22.85,49.95,790,791.5,47.8,0,0.425,100,100,100,81.07
23,800,6,0.759,22.86,49.9,789,457.1,47.5,0,0.431,50,30,48.18,84.17
23,800,5,0.733,22.89,49.26,785.5,461.2,47.1,0,0.443,50,30,48.18,83.92
23,800,5,0.745,22.96,49.24,784.3,442.5,47.4,0,0.481,50,30,48.18,83.57
23,800,4,0.746,22.95,49.22,780.1,439.4,46.1,0.1,0.474,50,30,48.18,83.99
23,799.9,4,0.748,22.89,48.85,776.3,451.4,44.9,0,0.445,50,30,48.18,84.52
23,799.9,4,0.757,22.89,48.76,771.4,445.8,46.4,0.7,0.446,50,30,48.18,84.04
23,799.8,4,0.726,22.76,48.52,765.7,453.1,46.9,1.2,0.379,50,30,48.18,84.39
23,799.7,3,0.715,22.78,48.28,762.7,435.2,44.4,1.9,0.387,50,30,48.18,84.93
23,799.6,3,0.724,22.69,48.24,755.6,436,44.9,2.6,0.342,50,30,48.18,85.18
23,799.5,3,0.713,22.65,47.91,749.5,437.6,47.1,2.7,0.326,50,30,48.18,84.55
22.99,799.4,3,0.714,22.63,47.68,748,437.7,45.5,5.1,0.313,50,30,48.18,85.29
22.99,799.2,3,0.714,22.39,47.85,745.5,789.3,46.5,6.4,0.193,100,100,100,83.11
22.99,799.1,3,0.725,22.62,47.65,739.4,424.2,43.6,7.8,0.309,50,30,48.18,85.99
22.99,798.9,3,0.703,22.71,48.27,735.4,442.9,44.4,7.3,0.352,50,30,48.18,85.8
22.99,798.7,3,0.688,22.76,47.61,736.1,418.9,43.5,8.7,0.377,50,30,48.18,85.54
22.99,798.5,3,0.699,22.87,47.44,731.6,445.6,47.1,10.3,0.434,50,30,48.18,84.39
22.98,798.3,3,0.697,22.71,47.25,729.1,431.4,44.1,11.3,0.354,50,30,48.18,85.77
22.98,798.1,3,0.712,22.62,47.07,722.8,425.8,44.4,11,0.309,50,30,48.18,85.89
22.98,797.8,3,0.734,22.5,46.7,716,445.3,43.9,11.4,0.246,50,30,48.18,86.59
22.98,797.5,3,0.754,22.39,46.52,712.2,455.3,43.3,12.7,0.192,50,30,48.18,87.23
22.97,797.3,3,0.726,22.52,46.14,708,439.8,46,12.9,0.258,50,30,48.18,85.78
22.97,797,3,0.738,22.7,46.42,705.7,303.2,45.4,12.6,0.348,0,0,0,84.22
22.97,796.6,3,0.741,22.75,46.39,703.5,454.6,45.1,14,0.374,50,30,48.18,85.44
22.96,796.3,3,0.718,22.66,46.29,700.8,435.9,45.3,13.9,0.329,50,30,48.18,85.55
22.96,796,3,0.723,22.58,46.23,697.8,420.4,43.5,15,0.286,50,30,48.18,86.36
22.96,795.6,3,0.725,22.58,46.22,689.4,442.1,45.2,16.4,0.29,50,30,48.18,86.17
22.95,795.2,3,0.732,22.59,46.05,687,426.4,45.4,16.1,0.294,50,30,48.18,85.83
22.95,794.9,3,0.745,22.55,46.67,683.4,439.6,44.6,17.5,0.274,50,30,48.18,86.72
22.94,794.5,3,0.749,22.73,45.88,677.4,463.1,43,17.4,0.36,50,30,48.18,86.22
22.94,794,3,0.75,22.84,45.68,674,445,45.7,18.9,0.416,50,30,48.18,85.15
22.94,793.6,3,0.763,22.76,45.03,674.2,439,43.5,20,0.377,50,30,48.18,85.9
22.93,793.2,3,0.761,22.78,45.14,672,469.4,45.2,20.9,0.387,50,30,48.18,85.38
22.93,792.7,3,0.766,22.74,45.29,672.1,463.3,44.4,19.2,0.367,50,30,48.18,85.7
22.92,792.2,3,0.74,22.73,46.07,670,440.3,45.2,20.1,0.364,50,30,48.18,85.92
22.92,791.7,3,0.75,22.68,46.63,667.9,448.5,45.2,21.4,0.338,50,30,48.18,86.53
22.91,791.2,3,0.725,22.64,46.34,666.5,442.9,45.9,20.6,0.319,50,30,48.18,86.22
22.91,790.7,3,0.736,22.77,46.55,664.7,440.3,43.9,20.9,0.382,50,30,48.18,86.43
22.9,790.2,3,0.755,22.8,46.17,664.6,464.3,44.2,21.2,0.398,50,30,48.18,86.04
22.9,789.6,3,0.755,22.81,46.51,663.4,426.2,45.4,20.4,0.401,50,30,48.18,85.62
22.89,789,3,0.731,22.91,46.92,661.1,432.3,44.7,21.1,0.451,50,30,48.18,85.75
22.88,788.4,3,0.742,22.5,46.66,656.9,782.9,45.9,22.6,0.249,100,100,100,84.12
22.88,787.8,3,0.754,22.74,46.87,653.4,439.6,45.3,22.2,0.367,50,30,48.18,86.35
22.87,787.2,3,0.749,22.71,46.56,650.6,444.7,44.5,22.1,0.353,50,30,48.18,86.64
22.87,786.6,3,0.718,22.69,46.61,648.6,450.4,45.6,23.4,0.343,50,30,48.18,86.58
22.86,786,3,0.719,22.63,46.59,647.2,436.5,46.2,24.7,0.311,50,30,48.18,86.62
22.85,785.3,3,0.712,22.79,46.3,641.1,434.7,45.9,25.4,0.393,50,30,48.18,86.04
22.85,784.6,3,0.717,22.73,46.56,640.1,434.9,44,26.6,0.364,50,30,48.18,87.05
22.84,783.9,3,0.736,22.67,46.03,640.3,445.6,43.6,26.2,0.33,50,30,48.18,87.28
22.83,783.2,3,0.736,22.48,45.96,635.3,778.8,44.7,28.1,0.239,100,100,100,84.91
22.83,782.5,3,0.71,22.46,45.85,635,413.9,45,28.5,0.228,50,30,48.18,87.49
22.82,781.8,3,0.687,22.49,45.7,633.8,415.1,44.7,27.4,0.242,50,30,48.18,87.3
22.81,781,3,0.669,22.57,45.3,634.7,428.2,45.4,26.9,0.28,50,30,48.18,86.75
22.8,780.3,3,0.659,22.56,45.06,635.2,415.1,45.9,26.7,0.277,50,30,48.18,86.37
22.79,779.5,3,0.642,22.61,45.06,637.6,404.4,42.6,26.8,0.301,50,30,48.18,87.07
22.79,778.7,3,0.642,22.77,45.16,636.7,397,42.4,27.5,0.382,50,30,48.18,86.57
22.78,777.9,3,0.646,23.07,45.35,635.8,256.6,44.7,25.8,0.532,0,0,0,82.65
22.77,777.1,3,0.645,23.21,45.22,633.3,235.2,45.7,24.3,0.601,0,0,0,80.98
22.76,776.2,3,0.658,23.05,45.27,634.7,401.8,46.1,23.7,0.52,50,30,48.18,84.14
22.75,775.4,3,0.646,22.84,45.68,634.7,415.1,43.7,25.1,0.414,50,30,48.18,86.08
22.75,774.5,3,0.655,22.87,45.37,634.9,396.1,44.5,25.3,0.432,50,30,48.18,85.43
22.74,773.6,3,0.66,22.74,45.53,633.4,401.8,44.5,26.9,0.368,50,30,48.18,86.19
22.73,772.7,4,0.669,22.75,46.18,634.6,391.5,45.8,27.6,0.371,50,30,48.18,85.97
22.72,771.8,5,0.68,22.92,46.64,638.1,419.3,45.9,26.2,0.456,50,30,48.18,85.61
22.71,770.9,6,0.699,23.02,47.48,642.1,411.1,47.9,22.5,0.507,50,30,48.18,84.5
22.7,770,6,0.701,23.06,48.02,649.9,438.1,48.1,17.8,0.528,50,30,48.18,84.3
22.69,769,6,0.691,23.03,48.62,655.9,419.8,47.8,14.7,0.512,50,30,48.18,84.23
22.68,768,6,0.684,23.06,48.78,660.7,404.7,48.7,12.8,0.53,50,30,48.18,83.54
22.67,767.1,6,0.682,23.07,48.84,668.7,408.2,47.5,8.9,0.535,50,30,48.18,83.54
22.66,766.1,6,0.67,22.96,48.92,672.6,423,46.9,7.2,0.479,50,30,48.18,84.13
22.65,765,6,0.698,23.04,48.64,677.8,413.8,47.1,5.7,0.518,50,30,48.18,83.45
22.64,764,6,0.696,22.99,48.31,681.2,408.9,48.8,3.7,0.495,50,30,48.18,82.73
22.63,763,6,0.693,23.05,48.86,685.2,395.6,47.7,0.4,0.523,50,30,48.18,82.58
22.62,761.9,6,0.676,23.18,49.06,687.6,402.7,48.7,0,0.59,50,30,48.18,81.9
22.61,760.8,6,0.685,22.94,49.08,691.9,427.6,48.2,0,0.47,50,30,48.18,83.2
22.6,759.8,6,0.671,23.11,48.81,696.2,397,48.4,0,0.553,50,30,48.18,82.12
22.59,758.7,6,0.674,23.04,48.36,701.4,400.7,50.4,0,0.516,50,30,48.18,81.65
22.58,757.5,6,0.658,23.2,48.68,705.3,427.4,48,0,0.599,50,30,48.18,82.13
22.56,756.4,6,0.674,23.18,48.8,709.5,411,48.4,0,0.589,50,30,48.18,81.98
22.55,755.3,6,0.666,23.09,48.87,714.7,403.2,48.3,0,0.546,50,30,48.18,82.29
22.54,754.1,6,0.664,23.14,49.38,718,378.6,47.9,0,0.568,50,30,48.18,82.19
22.53,752.9,6,0.681,23.19,49.69,722.9,418.5,47.5,0,0.595,50,30,48.18,82.63
22.52,751.8,6,0.7,23.23,50.01,723.4,416.7,48.9,0,0.615,50,30,48.18,82.12
22.51,750.6,6,0.712,23.01,49.75,726.3,410.6,48.7,0,0.504,50,30,48.18,82.87
22.49,749.3,6,0.732,22.88,49.42,730.2,419.2,47.7,0,0.441,50,30,48.18,83.62
22.48,748.1,6,0.72,22.91,49.49,730.9,416,49.1,0,0.455,50,30,48.18,83.07
22.47,746.9,6,0.7,23.07,50.09,729.9,403.8,47.3,0,0.533,50,30,48.18,83.07
22.46,745.6,6,0.684,23.1,49.9,734.4,416.3,47.1,0,0.551,50,30,48.18,83.11
22.44,744.3,6,0.7,22.89,49.54,735.9,412.4,47.1,0,0.446,50,30,48.18,83.72
22.43,743,6,0.724,22.8,49.32,736.1,425.6,48.1,0,0.401,50,30,48.18,83.81
22.42,741.7,6,0.705,22.97,49.41,735.4,418,46,0,0.483,50,30,48.18,83.79
22.4,740.4,6,0.682,23.19,49.98,739.4,254.9,46.8,0,0.596,0,0,0,80.62
22.39,739.1,6,0.696,23.22,49.96,744.3,405.1,46.4,0,0.611,50,30,48.18,82.81
22.38,737.8,6,0.696,23.19,49.84,747,421.8,49.6,0,0.593,50,30,48.18,82.1
22.36,736.4,6,0.722,23.1,50.03,748.3,419.2,48.2,0,0.552,50,30,48.18,82.85
22.35,735,6,0.735,23.01,50.21,751.2,424.3,47.5,0,0.504,50,30,48.18,83.38
22.34,733.6,6,0.707,22.61,49.65,755.4,768.2,48.6,0,0.305,100,100,100,81.98
22.32,732.2,6,0.694,22.84,49.19,757.4,394.3,46.4,0,0.419,50,30,48.18,83.83
22.31,730.8,6,0.713,22.77,49.24,762.3,412.4,47.3,0,0.382,50,30,48.18,84.04
22.29,729.4,6,0.69,22.76,49.17,763.8,409.2,48.2,0,0.379,50,30,48.18,83.75
22.28,728,6,0.707,22.82,49.27,762.1,415.3,46.7,0,0.408,50,30,48.18,84.07
22.27,726.5,6,0.71,22.89,49.29,763.2,411.4,47.6,0,0.442,50,30,48.18,83.53
22.25,725,6,0.722,23.05,48.89,764.5,422.8,46.6,0,0.525,50,30,48.18,83.15
22.24,723.6,6,0.703,23.05,48.82,764.5,411.7,48.1,0,0.525,50,30,48.18,82.55
22.22,722.1,6,0.698,22.96,49.17,768,408.2,48.1,0,0.48,50,30,48.18,82.99
22.21,720.6,6,0.714,22.94,49.58,768,420.7,47.7,0,0.467,50,30,48.18,83.49
22.19,719,6,0.699,22.63,49.44,767.5,750.8,47.9,0,0.315,100,100,100,82.3
22.17,717.5,6,0.707,22.82,49.26,769,404.1,47.3,0,0.408,50,30,48.18,83.76
22.16,715.9,6,0.71,22.82,49.27,770,409.7,48.2,0,0.411,50,30,48.18,83.56
22.14,714.4,6,0.685,22.91,49.19,772.5,392.9,47.8,0,0.452,50,30,48.18,83.16
22.13,712.8,6,0.663,23.01,49.06,775.8,362.9,48.5,0,0.503,50,30,48.18,82.21
22.11,711.2,6,0.653,23,48.84,775.5,378.2,47.8,0,0.501,50,30,48.18,82.52
22.1,709.6,6,0.683,22.93,48.83,774.9,383.5,46,0,0.463,50,30,48.18,83.38
22.08,708,6,0.693,23.04,48.94,775.9,400.1,48.1,0,0.517,50,30,48.18,82.56
22.06,706.4,6,0.671,22.89,48.59,777.6,396.8,49.2,0,0.443,50,30,48.18,82.6
22.05,704.7,6,0.667,22.87,48.39,778.7,360.2,48,0,0.435,50,30,48.18,82.61
22.03,703.1,6,0.666,22.78,48.42,783,382.3,48.3,0,0.391,50,30,48.18,83.07
22.01,701.4,6,0.674,22.88,48.36,784,383.3,46.7,0,0.439,50,30,48.18,83.17
22,699.7,6,0.665,22.87,47.97,785.7,355.1,46.3,0,0.432,50,30,48.18,82.93
21.98,698,6,0.661,22.68,47.76,790.6,373.9,47.3,0,0.337,50,30,48.18,83.44
21.96,696.3,6,0.681,22.65,48.18,791.1,381,48.8,0,0.326,50,30,48.18,83.31
21.95,694.6,6,0.67,22.93,48.57,792.9,392.1,48.6,0,0.465,50,30,48.18,82.58
21.93,692.8,6,0.651,22.93,48.56,794.6,370.8,46.3,0,0.466,50,30,48.18,83.06
21.91,691.1,6,0.65,22.93,48.76,797,368.8,49.4,0,0.463,50,30,48.18,82.19
21.89,689.3,6,0.665,22.95,49.01,798.8,373.2,50,0,0.472,50,30,48.18,82.08
21.88,687.5,6,0.676,23,48.87,800.9,380.9,47.9,0,0.501,50,30,48.18,82.49
21.86,685.7,6,0.655,22.71,48.89,806.2,389.3,48.1,0,0.353,50,30,48.18,83.59
21.84,683.9,6,0.669,22.36,48.51,806.5,735.6,48.2,0,0.178,100,100,100,83.02
21.82,682.1,6,0.684,22.22,48.3,806.4,372.5,48.8,0,0.11,50,30,48.18,84.81
21.8,680.3,6,0.675,22.35,48.47,805.4,383.9,47.1,0,0.177,50,30,48.18,85.01
21.78,678.4,6,0.696,22.37,48.46,804.2,376,47,0,0.185,50,30,48.18,84.9
21.77,676.6,6,0.696,22.57,49.3,803.1,375,48.2,0,0.284,50,30,48.18,84.13
21.75,674.7,6,0.7,22.35,49.3,802,377.6,47.3,0,0.176,50,30,48.18,85.25
21.73,672.8,6,0.718,22.5,49.09,801.6,385.6,48.7,0,0.249,50,30,48.18,84.26
21.71,670.9,6,0.71,22.63,48.95,800.9,396.8,49.1,0,0.316,50,30,48.18,83.73
21.69,669,6,0.712,22.61,49.55,801,391.9,47,0,0.304,50,30,48.18,84.62
21.67,667.1,6,0.726,22.73,49.85,795.7,390,48,0,0.366,50,30,48.18,83.96
21.65,665.2,6,0.734,22.77,49.67,795.2,390.9,47.1,0,0.383,50,30,48.18,84.04
21.63,663.2,6,0.736,22.96,49.72,795,231.7,47.9,0,0.479,0,0,0,80.39
21.61,661.3,6,0.718,22.99,49.68,792.3,400.3,46.7,0,0.493,50,30,48.18,83.45
21.59,659.3,6,0.694,22.84,49.96,791.8,397.9,46.9,0,0.418,50,30,48.18,84.03
21.57,657.3,6,0.702,22.79,50.47,796.6,389.6,51.2,0,0.394,50,30,48.18,82.68
21.55,655.3,6,0.711,22.83,50.28,795.4,376.2,48.2,0,0.414,50,30,48.18,83.34
21.53,653.3,6,0.706,22.75,50.43,794.2,377.1,46.8,0,0.373,50,30,48.18,84.04
21.51,651.3,6,0.706,22.58,49.95,794.2,384.4,48.4,0,0.291,50,30,48.18,84.38
21.49,649.3,6,0.691,22.55,49.97,794.5,371.4,49.2,0,0.277,50,30,48.18,84.13
21.47,647.2,6,0.706,22.61,50.53,795.1,376.5,48.4,0,0.307,50,30,48.18,84.02
21.45,645.2,6,0.702,22.86,50.9,795.4,389.4,47,0,0.433,50,30,48.18,83.45
21.43,643.1,6,0.701,22.78,50.38,794.8,367.5,47.9,0,0.392,50,30,48.18,83.47
21.41,641,6,0.714,22.68,49.73,795.2,728.5,46.9,0,0.339,100,100,100,82.85
21.39,638.9,6,0.712,22.52,50.23,796.3,394.6,48.7,0,0.262,50,30,48.18,84.54
21.37,636.8,6,0.716,22.55,50.32,794.4,380.7,47.4,0,0.273,50,30,48.18,84.69
21.35,634.7,6,0.719,22.56,49.93,795.6,354.6,48.3,0,0.278,50,30,48.18,84.21
21.33,632.6,6,0.702,22.55,49.67,793.1,377.6,46.6,0,0.276,50,30,48.18,84.88
21.3,630.4,6,0.686,22.59,49.77,794.7,372.6,46.7,0,0.294,50,30,48.18,84.68
21.28,628.3,6,0.697,22.63,49.89,791.1,355.5,47.5,0,0.317,50,30,48.18,84.14
21.26,626.1,6,0.71,22.64,49.92,791.1,380.9,45.4,0,0.319,50,30,48.18,85.02
21.24,623.9,6,0.712,22.63,49.58,793.8,389,48.1,0,0.313,50,30,48.18,84.21
21.22,621.7,6,0.691,22.78,49.47,795.8,355.1,49,0,0.388,50,30,48.18,82.99
21.2,619.5,6,0.678,22.73,49.57,795.3,354.1,47.3,0,0.365,50,30,48.18,83.72
21.17,617.3,6,0.667,22.78,49.56,795.9,350.1,47.4,0,0.388,50,30,48.18,83.47
21.15,615.1,6,0.666,22.77,49.65,799.9,359.6,50,0,0.382,50,30,48.18,82.85
21.13,612.8,6,0.665,22.74,49.15,795.6,346.1,46.5,0,0.369,50,30,48.18,83.7
21.11,610.6,6,0.685,22.58,49.61,793.9,372.7,45.6,0,0.288,50,30,48.18,85
21.08,608.3,6,0.704,22.5,49.66,796.4,370.8,47.2,0,0.251,50,30,48.18,84.79
21.06,606.1,6,0.693,22.52,50.06,797.8,348.9,47.8,0,0.26,50,30,48.18,84.44
21.04,603.8,6,0.711,22.68,50.17,796.5,364.5,47.6,0,0.342,50,30,48.18,84
21.01,601.5,6,0.731,22.73,49.28,794.6,381.5,48,0,0.364,50,30,48.18,83.69
20.99,599.2,6,0.717,22.58,49.2,798,369.3,47.1,0,0.288,50,30,48.18,84.37
20.97,596.8,6,0.698,22.55,49.52,797.5,356.8,47.9,0,0.275,50,30,48.18,84.21
20.95,594.5,6,0.698,22.6,49.5,798.2,347.7,47.1,0,0.3,50,30,48.18,84.17
20.92,592.2,6,0.681,22.54,49.72,799.6,361,47.7,0,0.272,50,30,48.18,84.42
20.9,589.8,6,0.698,22.64,49.55,802.1,355.7,47.7,0,0.317,50,30,48.18,83.93
20.87,587.5,6,0.719,22.71,49.47,802.5,365.7,47,0,0.356,50,30,48.18,83.91
20.85,585.1,6,0.693,22.53,48.91,804.1,716,48.9,0,0.267,100,100,100,82.63
20.83,582.7,6,0.684,22.28,48.78,806,690.1,46.4,0,0.14,100,100,100,84.65
20.8,580.3,6,0.708,22.41,49.35,806.7,354.8,47.8,0,0.203,50,30,48.18,84.63
20.78,577.9,6,0.722,22.33,49.37,809.4,370.7,47.1,0,0.163,50,30,48.18,85.25
20.75,575.5,6,0.741,22.39,49.57,806.6,367.1,48.3,0,0.196,50,30,48.18,84.73
20.73,573,6,0.758,22.28,49.37,810.1,372.1,47.1,0,0.142,50,30,48.18,85.43
20.71,570.6,6,0.74,22.2,49.42,809.2,363.8,46.9,0,0.099,50,30,48.18,85.74
20.68,568.1,6,0.753,22.16,49.84,806.8,358.5,49.4,0,0.08,50,30,48.18,85.27
20.66,565.7,6,0.764,22.25,49.55,807.3,701.6,51.2,0,0.127,100,100,100,83.4
20.63,563.2,6,0.733,22.35,48.66,802.6,355.4,48,0,0.176,50,30,48.18,84.57
20.61,560.7,6,0.713,22.28,48.79,803.4,354.4,47.7,0,0.141,50,30,48.18,84.93
20.58,558.2,6,0.69,22.32,48.98,804.3,189.9,47.1,0,0.162,0,0,0,81.41
20.56,555.7,6,0.702,22.41,48.45,803.2,333.7,47.8,0,0.205,50,30,48.18,84.11
20.53,553.2,6,0.682,22.49,48.86,800.3,196.6,47.3,0,0.247,0,0,0,80.93
20.51,550.7,6,0.691,22.43,49.01,802,335.5,47.1,0,0.217,50,30,48.18,84.47
20.48,548.1,6,0.676,22.36,49.4,802.8,343,47.9,0,0.179,50,30,48.18,84.71
20.46,545.6,6,0.692,22.42,48.74,801.7,358.2,48.9,0,0.207,50,30,48.18,84.12
20.43,543,6,0.687,22.51,49,804.3,325.9,46.5,0,0.256,50,30,48.18,84.23
20.4,540.5,6,0.666,22.47,49.41,803,337.7,48,0,0.235,50,30,48.18,84.21
20.38,537.9,6,0.681,22.47,49.35,802.9,323.6,48,0,0.236,50,30,48.18,84.03
20.35,535.3,6,0.688,22.67,49.69,807.1,329.1,46.8,0,0.333,50,30,48.18,83.81
20.33,532.7,6,0.691,22.44,49.33,809.8,340.7,47.6,0,0.221,50,30,48.18,84.35
20.3,530.1,6,0.674,22.29,48.97,808.9,345.7,47.1,0,0.143,50,30,48.18,85.01
20.27,527.5,6,0.673,22.36,49.1,811.1,323.6,46.9,0,0.177,50,30,48.18,84.63
20.25,524.8,6,0.699,22.49,49.11,811.3,337.4,46.4,0,0.242,50,30,48.18,84.43
20.22,522.2,6,0.723,22.49,48.77,809.2,321.3,46.7,0,0.247,50,30,48.18,84.03
20.2,519.6,6,0.696,22.54,48.77,807.1,336.8,47.8,0,0.269,50,30,48.18,83.71
20.17,516.9,6,0.683,22.42,48.32,807.2,333,48.5,0,0.209,50,30,48.18,83.76
20.14,514.2,6,0.673,22.33,47.73,808.8,678.4,47.5,0,0.163,100,100,100,83.88
20.12,511.6,6,0.683,22.29,47.78,806.4,311.8,47.6,0,0.144,50,30,48.18,84.12
20.09,508.9,6,0.678,22.3,48.25,803.4,327.5,48.5,0,0.152,50,30,48.18,84.16
20.06,506.2,6,0.659,22.16,48.5,802.9,315.7,48,0,0.08,50,30,48.18,84.81
20.03,503.5,6,0.642,22.21,48.65,806.5,311.9,48.5,0,0.107,50,30,48.18,84.43
20.01,500.7,6,0.66,22.36,49.15,806.5,314,48.2,0,0.179,50,30,48.18,84.19
19.98,498,6,0.65,22.32,49.35,809.2,316.9,47.3,0,0.161,50,30,48.18,84.68
19.95,495.3,6,0.663,22.43,49.4,811,180.7,48.6,0,0.213,0,0,0,80.38
19.93,492.5,6,0.644,22.38,49.96,813.9,145.6,48.9,0,0.189,0,0,0,79.6
19.9,489.8,6,0.675,22.46,49.43,814.6,315.5,48,0,0.227,50,30,48.18,83.91
19.87,487,6,0.701,22.34,49.42,813.7,328.8,48.7,0,0.169,50,30,48.18,84.3
19.84,484.2,6,0.696,22.35,48.85,812.9,326.7,47.7,0,0.176,50,30,48.18,84.29
19.81,481.5,6,0.7,22.32,49.13,811.2,312.1,48.7,0,0.159,50,30,48.18,84.12
19.79,478.7,6,0.685,22.42,49.55,813,183.6,47.2,0,0.208,0,0,0,80.95
19.76,475.9,6,0.673,22.38,50.03,810.9,304.8,47.4,0,0.188,50,30,48.18,84.54
19.73,473,6,0.677,22.33,50.14,813.2,320,49.1,0,0.163,50,30,48.18,84.3
19.7,470.2,6,0.664,22.01,49.39,811,648.4,47.1,0,0.006,100,100,100,86.24
19.67,467.4,6,0.658,22.11,50.02,811.8,298.7,48.5,0,0.054,50,30,48.18,85.11
19.65,464.6,6,0.674,22.2,50.02,808.5,299.2,46.6,0,0.098,50,30,48.18,85.42
19.62,461.7,6,0.699,22.09,50.3,805,307.3,47.9,0,0.047,50,30,48.18,85.43
19.59,458.9,6,0.702,22.12,50.29,805.4,298.1,47.3,0,0.059,50,30,48.18,85.38
19.56,456,6,0.707,22.1,50.01,805.8,317.2,46.5,0,0.052,50,30,48.18,86.01
19.53,453.1,6,0.694,22.22,49.59,807.1,299.6,46.9,0,0.108,50,30,48.18,85.14
19.5,450.2,6,0.683,22.05,49.72,811.4,308.4,48.6,0,0.024,50,30,48.18,85.33
19.47,447.4,6,0.702,22.23,49.9,809,320.3,46.2,0,0.116,50,30,48.18,85.59
19.44,444.5,6,0.719,22.32,49.87,808,319.4,46.7,0,0.161,50,30,48.18,85.1
19.42,441.5,6,0.696,22.22,49.96,805.9,138.6,47.3,0,0.109,0,0,0,80.58
19.39,438.6,6,0.706,22.26,49.77,805.2,308.7,46.1,0,0.13,50,30,48.18,85.39
19.36,435.7,6,0.724,22.03,49.5,803.8,320.3,47.4,0,0.013,50,30,48.18,85.92
19.33,432.8,6,0.731,22.04,49.1,805.5,327.2,48,0,0.018,50,30,48.18,85.6
19.3,429.8,6,0.704,21.95,48.9,807,281,47.5,0,-0.025,50,30,48.18,84.74
19.27,426.9,6,0.698,21.85,49.04,808.3,306.9,47.7,0,-0.076,50,30,48.18,84.97
19.24,423.9,6,0.697,22.11,49.05,808.9,295.2,47.4,0,0.054,50,30,48.18,85.03
19.21,421,6,0.688,22.19,48.84,809.4,300.4,49.6,0,0.095,50,30,48.18,84.13
19.18,418,6,0.688,22.08,49.46,810.9,294.4,46.5,0,0.039,50,30,48.18,85.51
19.15,415,6,0.674,22.17,49.6,809.7,294,47.6,0,0.083,50,30,48.18,84.9
19.12,412,6,0.67,22.03,49.78,808.6,294.3,46.7,0,0.017,50,30,48.18,85.76
19.09,409,6,0.673,22.02,49.92,812.3,284,47,0,0.012,50,30,48.18,85.41
19.06,406,6,0.668,22.16,49.68,813.4,290.6,48,0,0.079,50,30,48.18,84.68
19.03,403,6,0.676,22.35,50.2,813.5,277.3,46.7,0,0.176,50,30,48.18,84
19,400,6,0.698,22.15,50.74,812,283.9,48.1,0,0.074,50,30,48.18,84.36
18.97,397,6,0.702,22.21,50.78,811.2,298.7,46.7,0,0.105,50,30,48.18,84.98
18.94,393.9,6,0.722,22.19,50.89,810.7,274.5,46.5,0,0.095,50,30,48.18,84.35
18.91,390.9,6,0.719,22.11,50.69,809.8,292.7,47.3,0,0.056,50,30,48.18,85.06
18.88,387.8,6,0.725,21.94,50.34,810.3,310,47.5,0,-0.031,50,30,48.18,85.63
18.85,384.8,6,0.735,21.92,50.05,810.1,290.1,46.2,0,-0.041,50,30,48.18,85.65
18.82,381.7,6,0.708,21.88,50.61,811.1,284.8,47.2,0,-0.059,50,30,48.18,84.82
18.79,378.7,6,0.683,21.99,50.62,810.8,277.9,47,0,-0.004,50,30,48.18,85.09
18.76,375.6,6,0.696,22.08,50.65,807.5,279.8,47.1,0,0.04,50,30,48.18,84.88
18.72,372.5,6,0.708,22.18,50.82,808.8,301,46.3,0,0.089,50,30,48.18,85.29
18.69,369.4,6,0.722,22.2,50.8,809.4,286.1,47.2,0,0.099,50,30,48.18,84.53
18.66,366.3,6,0.723,22.14,51.12,809.2,291,50.7,0,0.07,50,30,48.18,83.73
18.63,363.2,6,0.715,22.06,51.18,810.7,285.7,48.6,0,0.028,50,30,48.18,84.46
18.6,360.1,6,0.7,21.87,51.01,811.4,286.7,47,0,-0.064,50,30,48.18,84.76
18.57,357,6,0.683,21.84,51.26,808,276.2,46.8,0,-0.078,50,30,48.18,84.34
18.54,353.8,6,0.663,21.73,51.31,808.4,121,47.2,0,-0.138,0,0,0,79.34
18.51,350.7,6,0.644,21.75,51.14,806.6,269.7,47,0,-0.126,50,30,48.18,83.79
18.48,347.6,6,0.668,21.9,51.05,807,276,45.1,0,-0.049,50,30,48.18,85.16
18.44,344.4,6,0.651,21.89,51.08,807.4,269.3,47.8,0,-0.053,50,30,48.18,84.09
18.41,341.3,6,0.637,21.71,51.01,807.5,267.9,46.4,0,-0.144,50,30,48.18,83.82
18.38,338.1,6,0.624,21.94,50.48,812.5,598.7,47,0,-0.032,100,100,100,85.33
18.35,334.9,6,0.615,21.9,50.09,813,598.8,47.8,0,-0.051,100,100,100,85.1
18.32,331.8,6,0.65,22.02,50.43,811.8,264.9,47.5,0,0.012,50,30,48.18,84.55
18.29,328.6,6,0.664,21.97,50.68,810.5,284.7,47,0,-0.013,50,30,48.18,85.23
18.25,325.4,6,0.652,21.9,50.82,809.2,588.2,46.3,0,-0.052,100,100,100,85.4
18.22,322.2,6,0.683,21.82,50.36,812.4,266.6,48,0,-0.091,50,30,48.18,83.89
18.19,319,6,0.667,21.9,50.39,811.5,252.5,48.8,0,-0.049,50,30,48.18,83.54
18.16,315.8,6,0.665,21.92,50.33,809.4,610.9,48,0,-0.039,100,100,100,86.4
18.13,312.6,6,0.684,21.75,50.49,812.9,93.2,45.8,0,-0.127,0,0,0,78.94
18.09,309.4,6,0.673,21.73,50.96,814.7,263.4,48,0,-0.135,50,30,48.18,83.21
18.06,306.1,6,0.677,21.73,50.96,815.4,241.9,45.8,0,-0.133,50,30,48.18,83.21
18.03,302.9,6,0.682,21.83,50.73,815.6,260.2,48.8,0,-0.086,50,30,48.18,83.31
18,299.7,6,0.686,21.97,51.02,817.2,247,47.8,0,-0.015,50,30,48.18,83.63
17.96,296.4,6,0.664,21.98,51.23,817.5,248.6,47.2,0,-0.011,50,30,48.18,83.79
17.93,293.2,6,0.681,21.86,50.99,816.3,234.4,47.3,0,-0.069,50,30,48.18,83.02
17.9,290,6,0.701,21.73,51.2,818.7,251.9,48.2,0,-0.135,50,30,48.18,82.65
17.87,286.7,6,0.686,21.74,50.49,818.8,604.6,48.2,0,-0.128,100,100,100,85.59
17.83,283.4,6,0.71,21.73,50.54,816.3,240.2,48.4,0,-0.136,50,30,48.18,82.53
17.8,280.2,6,0.708,21.65,49.77,813.7,575.7,49.1,0,-0.173,100,100,100,83.95
17.77,276.9,6,0.682,21.56,49.79,810.6,249.6,45.9,0,-0.22,50,30,48.18,83.12
17.74,273.6,6,0.69,21.65,49.39,806.8,229.9,49,0,-0.173,50,30,48.18,81.86
17.7,270.3,6,0.713,21.77,49.63,807.6,252.9,49.1,0,-0.114,50,30,48.18,83.02
17.67,267,6,0.73,21.65,49.24,809.7,268.9,45.7,0,-0.175,50,30,48.18,83.9
17.64,263.8,6,0.745,21.62,49.18,805.7,240.6,48.6,0,-0.189,50,30,48.18,82.11
17.6,260.5,6,0.714,21.56,48.96,803,245.8,46,0,-0.221,50,30,48.18,82.77
17.57,257.2,6,0.708,21.46,48.68,801.7,236.9,48.3,0,-0.268,50,30,48.18,81.36
17.54,253.8,6,0.708,21.44,48.92,801.7,257.4,48.2,0,-0.281,50,30,48.18,82
17.51,250.5,6,0.71,21.4,49.17,804.8,242.8,50.5,0,-0.297,50,30,48.18,80.8
17.47,247.2,6,0.72,21.45,48.71,803.4,229.5,47.8,0,-0.275,50,30,48.18,81.21
17.44,243.9,6,0.709,21.43,48.63,801.3,233.5,48.3,0,-0.285,50,30,48.18,81.12
17.41,240.6,6,0.71,21.5,48.82,801,218.7,47.6,0,-0.252,50,30,48.18,81.2
17.37,237.2,6,0.714,21.57,48.99,803.6,235.9,47.7,0,-0.216,50,30,48.18,81.97
17.34,233.9,6,0.69,21.66,49.49,804.9,244.1,47.6,0,-0.168,50,30,48.18,82.79
17.31,230.6,6,0.672,21.74,49.53,805.5,235.4,46.4,0,-0.128,50,30,48.18,83.21
17.27,227.2,6,0.671,21.66,49.06,805.9,226.1,48.2,0,-0.169,50,30,48.18,81.89
17.24,223.9,6,0.663,21.64,49.04,805.8,244.9,47.7,0,-0.182,50,30,48.18,82.51
17.21,220.5,6,0.689,21.59,49.18,806.9,214.9,49.1,0,-0.203,50,30,48.18,81.06
17.17,217.2,6,0.663,21.37,49.44,804.8,61.6,49,0,-0.317,0,0,0,74.27
17.14,213.8,6,0.651,21.62,49.55,807.5,229.1,48,0,-0.191,50,30,48.18,82.03
17.1,210.4,6,0.668,21.48,49.18,809.7,213.2,49.1,0,-0.26,50,30,48.18,80.54
17.07,207.1,6,0.668,21.25,49.08,806.5,225.4,47.6,0,-0.375,50,30,48.18,80.49
17.04,203.7,6,0.666,21.31,49.52,806.6,207.5,47.9,0,-0.344,50,30,48.18,80.28
17,200.3,6,0.643,21.27,49.57,807.3,207.6,47.7,0,-0.363,50,30,48.18,80.21
16.97,196.9,6,0.655,21.37,49.7,809.9,221.5,48.2,0,-0.314,50,30,48.18,80.84
16.94,193.5,6,0.655,21.55,50.05,813.5,218.3,49.5,0,-0.223,50,30,48.18,81.1
16.9,190.1,6,0.65,21.48,49.52,812,195.2,47.8,0,-0.261,50,30,48.18,80.47
16.87,186.8,6,0.657,21.37,49.64,812.9,212.3,48,0,-0.315,50,30,48.18,80.56
16.83,183.4,6,0.662,21.24,49.71,813.1,223.7,48.3,0,-0.379,50,30,48.18,80.36
16.8,180,6,0.673,21.47,49.84,811.4,225,49.9,0,-0.263,50,30,48.18,80.85
16.77,176.6,6,0.694,21.61,49.7,809.9,224.2,47.5,0,-0.194,50,30,48.18,82.03
16.73,173.2,6,0.666,21.61,49.68,810.3,211.3,48.2,0,-0.194,50,30,48.18,81.42
16.7,169.7,6,0.675,21.49,49.95,807.8,187.5,49.5,0,-0.256,50,30,48.18,79.98
16.66,166.3,6,0.691,21.51,49.86,806.4,199.9,48.5,0,-0.244,50,30,48.18,80.73
16.63,162.9,6,0.67,21.54,49.73,807.9,213.6,48.6,0,-0.231,50,30,48.18,81.15
16.59,159.5,5,0.664,21.34,49.8,803.6,197.7,47.5,0,-0.331,50,30,48.18,80.33
16.56,156.1,5,0.661,21.07,49.64,804.4,45.3,46.8,0,-0.465,0,0,0,72.67
16.53,152.6,5,0.638,21.24,49.59,805.2,208,46.9,0,-0.382,50,30,48.18,80.36
16.49,149.2,5,0.65,21.13,49.97,803.1,197.7,48.7,0,-0.436,50,30,48.18,79.27
16.46,145.8,5,0.664,21.21,49.74,801.6,202,46.9,0,-0.393,50,30,48.18,80.17
16.42,142.4,5,0.655,21.08,49.54,800.7,196.7,46.3,0,-0.457,50,30,48.18,79.68
16.39,138.9,5,0.663,21.18,49.35,803.2,181,47,0,-0.41,50,30,48.18,79.22
16.35,135.5,5,0.661,21.15,49.06,801.6,202.6,45.7,0,-0.423,50,30,48.18,80.08
16.32,132,5,0.648,21.09,48.87,798.2,194.6,48.6,0,-0.452,50,30,48.18,78.71
16.29,128.6,5,0.65,20.99,48.89,799.7,50.2,46.8,0,-0.506,0,0,0,72.52
16.25,125.1,5,0.627,20.79,49.04,799.7,171,46.7,0,-0.601,50,30,48.18,77.51
16.22,121.7,5,0.616,21.08,48.83,801.1,179.4,47.2,0,-0.457,50,30,48.18,78.58
16.18,118.2,5,0.639,20.93,48.57,801.8,198.6,47.3,0,-0.535,50,30,48.18,78.45
16.15,114.8,5,0.654,21.01,48.85,801.3,191.6,47,0,-0.495,50,30,48.18,78.73
16.11,111.3,5,0.657,20.94,48.26,801.3,173.7,48,0,-0.528,50,30,48.18,77.44
16.08,107.9,5,0.629,20.93,48.49,800.9,184,47.2,0,-0.534,50,30,48.18,78.05
16.04,104.4,5,0.599,20.91,47.98,799.3,188.4,45.8,0,-0.541,50,30,48.18,78.35
16.01,101,5,0.573,20.95,47.49,799.2,181.1,46.7,0,-0.521,50,30,48.18,77.83
15.97,97.5,5,0.574,21.09,48.39,796.3,179.9,47.7,0,-0.453,50,30,48.18,78.36
15.94,94,4,0.557,21.07,48.74,793.8,172.6,44.2,0,-0.463,50,30,48.18,79.25
15.91,90.6,4,0.549,21.23,48.84,791.7,163.9,45.8,0,-0.386,50,30,48.18,79.12
15.87,87.1,4,0.557,21.27,48.49,790.5,168.2,46.1,0,-0.365,50,30,48.18,79.16
15.84,83.6,4,0.576,21.12,48.13,789.5,183.2,46.1,0,-0.439,50,30,48.18,78.94
15.8,80.2,4,0.584,20.94,47.86,784,172.4,46.6,0,-0.529,50,30,48.18,77.67
15.77,76.7,4,0.602,20.76,47.49,783.6,161.1,45.9,0,-0.618,50,30,48.18,76.75
15.73,73.2,4,0.598,20.76,47.68,785.4,177.8,47.4,0,-0.617,50,30,48.18,76.87
15.7,69.7,4,0.598,21.25,47.86,782.4,524.1,45.1,0.9,-0.376,100,100,100,83.69
15.66,66.2,4,0.588,21.05,47.66,780.1,151.8,45,0,-0.473,50,30,48.18,77.89
15.63,62.8,4,0.603,21.04,47.84,779.2,166.4,44.9,0,-0.476,50,30,48.18,78.4
15.59,59.3,4,0.596,20.96,47.85,777.4,157,47.4,0,-0.52,50,30,48.18,77.03
15.56,55.8,4,0.593,21.05,47.43,774.1,157.5,45,1.2,-0.475,50,30,48.18,78.07
15.52,52.3,4,0.563,20.87,47.15,770.8,154.7,46.6,0,-0.561,50,30,48.18,76.64
15.49,48.8,4,0.544,20.83,47.48,768,170.4,46.2,0,-0.582,50,30,48.18,77.19
15.45,45.4,4,0.557,20.67,47.79,768.9,164.3,45.6,1.1,-0.664,50,30,48.18,76.82
15.42,41.9,4,0.567,20.65,48.06,766.9,165.2,45.3,0.9,-0.673,50,30,48.18,76.95
15.38,38.4,4,0.565,20.96,48.36,767.6,155.1,46.7,1.2,-0.519,50,30,48.18,77.51
15.35,34.9,4,0.537,21.05,48.27,767.6,160.7,47,0,-0.474,50,30,48.18,77.79
15.31,31.4,4,0.525,21.09,48.69,768.3,152.2,45.5,0,-0.452,50,30,48.18,78.31
15.28,27.9,4,0.515,20.99,48.4,768.6,153.9,46.4,0,-0.506,50,30,48.18,77.56
15.24,24.4,4,0.516,20.8,48.45,771.9,164.7,46.6,0,-0.596,50,30,48.18,77.17
15.21,20.9,4,0.488,20.91,48.07,772.7,166.7,46.4,0,-0.545,50,30,48.18,77.54
15.17,17.5,4,0.494,20.79,48.5,772,0,47.1,0,-0.602,0,0,0,67.78
15.14,14,4,0.492,21.1,47.98,773.6,133,45.8,0,-0.449,50,30,48.18,77.39
15.1,10.5,4,0.495,21.13,47.84,772.6,159.5,46,0,-0.434,50,30,48.18,78.18
15.07,7,4,0.486,21.06,47.94,773.5,145.5,47.7,0,-0.47,50,30,48.18,77.02
15.03,3.5,4,0.484,21.24,48.21,770.2,124.5,45.4,0,-0.379,50,30,48.18,77.86
15,0,3,0.458,21.21,48.35,764.8,157.4,45.2,0,-0.396,50,30,48.18,78.82
14.97,0,3,0.391,21.13,48.12,761.8,156.9,45.8,1.7,-0.434,50,30,48.18,78.45
14.93,0,3,0.332,21.11,48.04,765.2,143.6,45.9,2.2,-0.446,50,30,48.18,77.96
14.9,0,3,0.285,21.13,48.1,762.5,150,44.1,2.4,-0.433,50,30,48.18,78.82
14.86,0,3,0.252,21.06,49.06,761,140.7,45.5,2.3,-0.469,50,30,48.18,78.19
14.83,0,3,0.221,21.36,49.7,761.8,156.3,46.1,2.6,-0.321,50,30,48.18,79.86
14.79,0,3,0.174,21.64,49.62,766.2,144.2,44.6,1.4,-0.18,50,30,48.18,80.85
14.76,0,3,0.181,21.52,49.61,763.7,0,43.7,1.8,-0.239,0,0,0,72.14
14.72,0,3,0.144,21.51,49.49,764.2,165.1,44.6,1.8,-0.246,50,30,48.18,80.99
14.69,0,3,0.115,21.61,49.88,767.5,144.5,44.4,1.1,-0.197,50,30,48.18,80.85
14.65,0,3,0.117,21.61,50.71,771,157.1,44.5,0,-0.196,50,30,48.18,80.88
14.62,0,3,0.115,21.82,51.33,773,154.8,46.8,0,-0.092,50,30,48.18,80.66
14.58,0,3,0.118,22,50.45,776.4,156.8,43.3,0,-0.001,50,30,48.18,82.79
14.55,0,3,0.088,22.15,50.34,779.4,146.4,43.1,0.3,0.077,50,30,48.18,82.04
14.51,0,3,0.102,22,50.77,782.4,176.3,46,0,-0.002,50,30,48.18,82.44
14.48,0,3,0.08,22.21,51.54,783.7,153.2,45.2,0.6,0.105,50,30,48.18,80.98
14.44,0,3,0.075,22.24,51.63,784.9,149.3,44.3,0.5,0.118,50,30,48.18,81
14.41,0,3,0.058,22.08,50.81,787.2,514.2,44.4,1.1,0.038,100,100,100,87.06
14.37,0,3,0.059,22.08,51.21,787.8,156.8,45,0,0.041,50,30,48.18,81.7
14.34,0,3,0.078,22.1,51.13,784.7,138.7,46.4,0,0.051,50,30,48.18,80.68
14.3,0,2,0.055,22.1,50.84,786.3,161.2,42.6,0.2,0.05,50,30,48.18,82.66
14.27,0,2,0.058,21.99,50.21,781.5,145.9,44.3,1.4,-0.006,50,30,48.18,82.35
14.23,0,2,0.047,22.13,50.3,781.2,141.1,43.5,1.8,0.067,50,30,48.18,82.01
14.2,0,2,0.071,22.15,50.29,782.1,139.4,41.3,1.5,0.077,50,30,48.18,82.51
14.16,0,2,0.086,22.1,50.46,781.4,150.2,42.8,2,0.049,50,30,48.18,82.58
14.13,0,2,0.083,22.09,50.35,781.9,158.1,44.8,4.1,0.044,50,30,48.18,82.51
14.09,0,2,0.071,22.01,50.25,782.2,148.1,42.2,5.3,0.006,50,30,48.18,83.43
14.06,0,2,0.042,22.12,50.72,781.8,142.5,43.9,5.1,0.06,50,30,48.18,82.15
14.03,0,2,0.021,22.21,50.92,783.8,145.3,45.2,4.6,0.105,50,30,48.18,81.38
13.99,0,2,0.006,22.34,51.07,785.9,145.8,42,5,0.172,50,30,48.18,81.83
13.96,0,2,0.01,22.33,51.4,785.7,138.7,43.2,5.5,0.163,50,30,48.18,81.26
13.92,0,1,0.029,22.2,51.01,782.6,512.7,39.6,8.4,0.098,100,100,100,88.61
13.89,0,1,0.005,22.14,50.16,782.7,492.8,40.6,9.5,0.07,100,100,100,89.26
13.85,0,1,0.03,21.95,50.07,779.7,162.6,40.8,10.9,-0.025,50,30,48.18,84.78
13.82,0,1,0.026,22.03,49.96,776.9,152.4,41.5,13.1,0.013,50,30,48.18,84.59
13.78,0,1,0.004,22.05,49.85,776.8,144.4,40.4,14.9,0.023,50,30,48.18,84.75
13.75,0,1,0.003,21.92,49.64,776.1,158.3,38.8,16,-0.038,50,30,48.18,85.19
13.71,0,1,0,22.17,49.46,773.1,142.8,40.9,15.8,0.084,50,30,48.18,84.01
13.68,0,1,0,22.15,49.37,771,137.6,40.4,15.3,0.073,50,30,48.18,84.02
13.65,0,1,0.01,22.01,49.35,768.7,157.4,39.7,16.1,0.004,50,30,48.18,85.32
13.61,0,1,0.033,21.96,48.99,766.8,148.7,40.5,18.4,-0.018,50,30,48.18,84.91
13.58,0,1,0.026,22,48.59,762.3,143.7,38.7,17.3,0,50,30,48.18,84.77
13.54,0,1,0.041,22.01,48.55,761.3,137.9,41.8,19.8,0.004,50,30,48.18,84.26
13.51,0,1,0.035,22.26,48.62,762,143.1,38.7,20.5,0.13,50,30,48.18,84.11
13.47,0,1,0.026,22.17,48.35,761.8,138.7,40.5,23.1,0.086,50,30,48.18,84.32
13.44,0,1,0.005,22.17,48.49,759.8,152.3,39.6,24.7,0.084,50,30,48.18,85.1
13.41,0,1,0,22.16,48.49,762.4,152,40.9,26.3,0.08,50,30,48.18,85
13.37,0,1,0.027,22.13,48.65,761.1,156.4,41.2,29.2,0.063,50,30,48.18,85.53
13.34,0,1,0.018,22.08,48.21,755.8,130.6,38.2,30.6,0.042,50,30,48.18,85.25
13.3,0,0,0.025,22.03,48.08,751,143.4,30.7,32,0.016,50,30,48.18,85.92
13.27,0,0,0.037,21.85,47.44,745.1,129.9,29.4,32.8,-0.076,50,30,48.18,84.9
13.23,0,0,0.035,21.79,46.93,742.2,152.4,30.1,33.7,-0.105,50,30,48.18,85.26
13.2,0,0,0.008,21.74,46.72,738.4,153.2,30.2,35.5,-0.13,50,30,48.18,85.21
13.17,0,0,0.013,21.74,46.98,733.9,149,29.7,37.3,-0.127,50,30,48.18,85.38
13.13,0,0,0,21.82,47.09,734.1,163.7,29.7,39.3,-0.09,50,30,48.18,86.34
13.1,0,0,0.015,21.73,46.66,734,492,29.2,41.4,-0.132,100,100,100,90.98
13.06,0,0,0.021,21.8,46.54,731.2,155.2,28.7,42.4,-0.1,50,30,48.18,86.11
13.03,0,0,0.032,21.84,46.43,726.1,148.4,31.7,44.1,-0.081,50,30,48.18,86.17
13,0,0,0.037,21.66,46.58,720.8,147.1,30.4,44.2,-0.167,50,30,48.18,85.55
12.96,0,0,0.019,21.7,46.49,716.1,149.3,30.8,45.8,-0.147,50,30,48.18,85.89
12.93,0,0,0.027,21.71,46.09,714.6,162.6,29.5,47.4,-0.145,50,30,48.18,86.33
12.9,0,0,0.03,21.8,46.02,709.5,150.5,28.3,49.7,-0.097,50,30,48.18,86.52
12.86,0,0,0.005,21.87,46.07,705.3,151.9,30.2,51.1,-0.065,50,30,48.18,86.96
12.83,0,0,0.028,21.98,46.06,703.7,126.7,29.6,52.1,-0.009,50,30,48.18,86.72
12.79,0,0,0.019,21.99,45.67,701.5,143,30,54.1,-0.004,50,30,48.18,87.3
12.76,0,0,0.04,21.9,45.81,702.4,165.3,29.6,55.7,-0.048,50,30,48.18,87.86
12.73,0,0,0.026,22.02,45.97,697.9,164.3,30.1,57,0.011,50,30,48.18,88.3
12.69,0,0,0.035,21.83,45.64,699.2,154.7,30.8,58.2,-0.082,50,30,48.18,87.47
12.66,0,0,0.034,21.95,45.32,695.4,131.1,29.6,59.2,-0.026,50,30,48.18,87.16
12.63,0,0,0.051,21.85,45.09,695.7,158.8,27.8,60.4,-0.073,50,30,48.18,87.67
12.59,0,0,0.055,21.74,45.34,692.6,141.3,31,61.4,-0.127,50,30,48.18,86.94
12.56,0,0,0.028,21.67,45.06,688.4,149.4,29.7,64,-0.163,50,30,48.18,87.07
12.53,0,0,0.034,21.56,45.44,684.9,147,30,63.6,-0.219,50,30,48.18,86.68
12.49,0,0,0.046,21.52,45.29,680.7,159.1,31.6,63.8,-0.239,50,30,48.18,86.85
12.46,0,0,0.02,21.72,45.76,677.9,148,31.5,64.4,-0.139,50,30,48.18,87.5
12.43,0,0,0.04,21.63,46.09,675.6,139.3,28.7,64.8,-0.184,50,30,48.18,87.08
12.4,0,0,0.022,21.61,45.89,672.3,141.7,29.2,67.1,-0.194,50,30,48.18,87.22
12.36,0,0,0.011,21.52,46.05,670.3,144.7,29,66.6,-0.237,50,30,48.18,87
12.33,0,0,0.027,21.63,46.58,665.6,148.7,30.4,67.7,-0.185,50,30,48.18,87.82
12.3,0,0,0.029,21.85,46.64,663.5,150.6,29.3,70.5,-0.075,50,30,48.18,89.01
12.26,0,0,0.043,21.69,46.39,659.5,144.8,31,70.6,-0.152,50,30,48.18,88.17
12.23,0,0,0.047,21.85,46.83,653.8,133.7,30.1,69.5,-0.073,50,30,48.18,88.48
12.2,0,0,0.047,21.74,47.2,650.7,141.7,28.6,72.3,-0.127,50,30,48.18,88.74
12.17,0,0,0.021,21.86,47.2,652.1,140.2,28.3,74.4,-0.071,50,30,48.18,89.32
12.13,0,0,0,21.98,47.3,652.8,141.2,31.5,74.4,-0.009,50,30,48.18,89.86
12.1,0,0,0.023,22.09,47.32,651.6,149.6,29.2,75.4,0.044,50,30,48.18,89.95
12.07,0,0,0,22.08,47.85,653.1,0,30.4,75.8,0.041,0,0,0,81.46
12.04,0,0,0,22.09,47.85,653.1,120.4,28.9,75.9,0.046,50,30,48.18,89.31
12,0,0,0,21.9,48.08,650.1,134.1,31.5,77.4,-0.052,50,30,48.18,89.91
11.97,0,0,0,21.91,48.32,651.6,132.2,29.8,78,-0.046,50,30,48.18,90.05
11.94,0,0,0.009,22,48.04,648.1,155.8,30.2,78.4,-0.001,50,30,48.18,91.03
11.91,0,0,0.026,22,48.06,642.8,168.1,29.5,79.2,0,50,30,48.18,91.49
11.87,0,0,0.011,22.23,47.61,639.1,144.3,30.8,81.1,0.114,50,30,48.18,89.95
11.84,0,0,0,22.07,47.52,635.8,168.8,28.2,80.9,0.036,50,30,48.18,91.21
11.81,0,0,0.001,22.24,47.07,635,164,30.2,80.6,0.118,50,30,48.18,90.25
11.78,0,0,0,22.28,47.11,630,146.2,31.2,81.8,0.137,50,30,48.18,89.71
11.75,0,0,0,22.26,46.82,627.3,155.8,29.8,81.7,0.129,50,30,48.18,89.94
11.71,0,0,0.01,22.3,46.88,623.7,157.9,29.8,82.7,0.148,50,30,48.18,89.99
11.68,0,0,0.026,22.35,46.72,622.8,154.3,30,83.4,0.175,50,30,48.18,89.69
11.65,0,0,0.007,22.14,46.18,620.1,145.5,29.2,84.2,0.069,50,30,48.18,90.09
11.62,0,0,0,21.92,46.12,616,146.6,30.9,86,-0.039,50,30,48.18,90.5
11.59,0,0,0.003,21.82,46.48,613.9,151.4,30.5,86.5,-0.09,50,30,48.18,90.46
11.56,0,0,0.002,21.78,46.27,614.5,155.6,30.3,88.2,-0.109,50,30,48.18,90.53
11.52,0,0,0,21.9,45.88,615.3,154.4,29.6,88,-0.052,50,30,48.18,90.75
11.49,0,0,0,22,46.23,613.4,160.6,29.9,86.4,0.001,50,30,48.18,91.3
11.46,0,0,0.023,22.05,45.82,613.4,150.4,30,85.5,0.023,50,30,48.18,90.58
11.43,0,0,0.005,21.99,45.87,607.5,145.7,30.4,85.7,-0.006,50,30,48.18,90.61
11.4,0,0,0.022,21.96,45.59,603.5,152.5,31.1,88.4,-0.019,50,30,48.18,90.88
11.37,0,0,0.002,22.09,45.76,605.7,142.1,28.7,89,0.045,50,30,48.18,90.5
11.34,0,0,0,22.01,45.67,602.6,143,28.1,90,0.005,50,30,48.18,90.89
11.31,0,0,0,21.94,45.35,604.7,155.8,30.8,92.1,-0.029,50,30,48.18,91.18
11.28,0,0,0,21.94,45.16,604.4,147.8,29,91.7,-0.031,50,30,48.18,90.81
11.24,0,0,0,22.02,45.52,601.2,148.6,30.3,91,0.008,50,30,48.18,91.08
11.21,0,0,0,21.95,45.5,599.7,149.4,29.5,91.7,-0.026,50,30,48.18,91.03
11.18,0,0,0,22.03,45.61,599.8,149.6,30.1,92.2,0.017,50,30,48.18,91.2
11.15,0,0,0.001,21.85,45.87,596.4,488.6,28.2,92.8,-0.076,100,100,100,96.28
11.12,0,0,0,21.78,46.44,592.6,171.7,30.4,91.3,-0.107,50,30,48.18,91.4
11.09,0,0,0,21.71,46.74,589,0,30.6,90.9,-0.142,0,0,0,81.8
11.06,0,0,0,21.67,46.78,589.4,0,30.3,90.4,-0.162,0,0,0,81.61
11.03,0,0,0,21.92,47.08,591.4,154,30.5,90.9,-0.042,50,30,48.18,91.56
11,0,0,0,21.82,46.54,587.2,157.5,30.4,91,-0.092,50,30,48.18,91.1
10.97,0,0,0.006,21.84,46.12,586.4,159.8,31,91.4,-0.078,50,30,48.18,91.15
10.94,0,0,0.014,22.05,46.18,584.1,152.6,28.2,91.7,0.024,50,30,48.18,91.4
10.91,0,0,0.01,22.04,45.81,580.1,147.4,29.8,91.6,0.02,50,30,48.18,91.12
10.88,0,0,0.007,22.01,45.56,582.4,122.9,31.5,93.9,0.006,50,30,48.18,90.62
10.85,0,0,0.006,21.85,45.33,581.6,135.6,30.1,94.2,-0.074,50,30,48.18,90.44
10.82,0,0,0.008,21.83,45.03,574.5,169.3,28.8,94.9,-0.084,50,30,48.18,91.34
10.79,0,0,0,21.94,45.35,568.7,128.7,29.7,95.7,-0.03,50,30,48.18,90.73
10.76,0,0,0.005,21.84,45.76,570.4,126.3,30.4,96.2,-0.08,50,30,48.18,90.48
10.73,0,0,0.008,21.93,45.34,565.2,167,30.9,96.5,-0.033,50,30,48.18,91.92
10.7,0,0,0,22.12,45.33,560.8,146.4,30.4,95.6,0.06,50,30,48.18,91.01
10.67,0,0,0,22.23,45.55,559.7,160.5,30.2,95,0.113,50,30,48.18,91.06
10.64,0,0,0.001,22.34,45,560.5,159.7,30.1,95,0.167,50,30,48.18,90.43
10.61,0,0,0.021,22.16,44.68,560.9,162.2,29.7,95.5,0.077,50,30,48.18,91.1
10.58,0,0,0.018,21.96,45.2,560.7,160.4,30.9,96.5,-0.017,50,30,48.18,91.79
10.56,0,0,0.036,22.09,45.27,557.3,0,28.7,95.7,0.047,0,0,0,82.45
10.53,0,0,0.026,22.13,44.93,557.3,163.5,30.8,95.9,0.063,50,30,48.18,91.38
10.5,0,0,0.003,22.02,44.48,558.3,130.6,29.9,96.5,0.011,50,30,48.18,90.67
10.47,0,0,0,22.08,44.11,555.9,137,30.2,96.2,0.038,50,30,48.18,90.5
10.44,0,0,0,22.05,44.14,552.8,137.9,30.7,96.2,0.024,50,30,48.18,90.64
10.41,0,0,0,21.94,44.64,550.8,152.1,29.3,97.4,-0.031,50,30,48.18,91.32
10.38,0,0,0,22.03,44.87,548.4,165.5,29.9,97.8,0.014,50,30,48.18,91.98
10.35,0,0,0.016,21.85,44.34,543.6,176.7,30.3,98.7,-0.076,50,30,48.18,91.73
10.33,0,0,0.022,21.76,44.19,542.2,153.5,28.5,98.5,-0.12,50,30,48.18,90.64
10.3,0,0,0,21.82,44.32,541.6,161.7,30.2,99.5,-0.087,50,30,48.18,91.28
10.27,0,0,0,21.74,44.17,540.5,165.7,28.2,98.8,-0.128,50,30,48.18,90.97
10.24,0,0,0.003,21.71,44.35,541.9,158.4,31.2,97.4,-0.145,50,30,48.18,90.54
10.21,0,0,0,21.7,44.14,540.5,12.7,31.5,96,-0.149,0,0,0,82.24
10.19,0,0,0,21.93,44.11,539,140.1,29.1,95.8,-0.033,50,30,48.18,90.58
10.16,0,0,0,21.76,43.9,538.2,6,30.3,95.1,-0.117,0,0,0,81.81
10.13,0,0,0,21.62,43.89,540.9,155.2,29.9,95.3,-0.185,50,30,48.18,89.76
10.1,0,0,0,21.7,43.3,540,145.6,31,94.5,-0.15,50,30,48.18,89.44
10.07,0,0,0.008,21.73,43.62,541.7,160.8,29.4,95.6,-0.131,50,30,48.18,90.26
10.05,0,0,0.003,21.96,43.87,542.6,141.4,29.6,94.7,-0.02,50,30,48.18,90.52
10.02,0,0,0,22.23,43.77,543.8,167.7,28.6,94.3,0.115,50,30,48.18,90.52
9.99,0,0,0.014,22.19,43.94,543.2,144.1,30.9,94.6,0.095,50,30,48.18,90.06
9.97,0,0,0,22.36,43.75,541.3,140.7,29.1,93.6,0.176,50,30,48.18,89.18
9.94,0,0,0,22.37,43.69,540.7,137.6,30.4,94.3,0.183,50,30,48.18,89.08
9.91,0,0,0.013,22.12,44.23,539,154.3,30.6,94.4,0.06,50,30,48.18,90.71
9.88,0,0,0.005,22.15,43.67,539.6,136.5,28.3,95.3,0.072,50,30,48.18,89.97
9.86,0,0,0.024,22.02,44.04,536.6,131.3,31.3,96.9,0.009,50,30,48.18,90.58
9.83,0,0,0.015,21.93,43.63,531.4,169,28.5,97.1,-0.036,50,30,48.18,91.37
9.8,0,0,0.01,21.97,44.04,530.4,155.9,30.7,97.5,-0.016,50,30,48.18,91.33
9.78,0,0,0,22.03,43.84,530.6,158.4,31,98.1,0.017,50,30,48.18,91.38
9.75,0,0,0.017,21.86,43.46,531.6,142.5,29.3,98.1,-0.067,50,30,48.18,90.39
9.73,0,0,0.02,21.75,43.63,531.4,136,29.3,97.2,-0.124,50,30,48.18,89.74
9.7,0,0,0.012,21.77,43.82,535.3,155,30.3,97.6,-0.115,50,30,48.18,90.49
9.67,0,0,0.021,21.79,43.65,534.1,489,27.8,98.1,-0.102,100,100,100,95.78
9.65,0,0,0.034,21.85,43.28,533.7,152.7,30.2,97.9,-0.074,50,30,48.18,90.55
9.62,0,0,0.04,21.86,43.26,532.2,165.6,30.3,99.4,-0.071,50,30,48.18,91.11
9.6,0,0,0.048,21.95,43.28,530.6,156,30.5,99.3,-0.023,50,30,48.18,91.18
9.57,0,0,0.043,21.76,43.18,529.2,143.9,28.9,100,-0.12,50,30,48.18,90.12
9.54,0,0,0.035,21.76,43.06,528.7,0.3,32.3,98.9,-0.116,0,0,0,81.44
9.52,0,0,0.023,21.82,43,528.1,154.4,28,99.6,-0.089,50,30,48.18,90.56
9.49,0,0,0.002,21.8,43.78,529.3,138.7,28.8,99.3,-0.096,50,30,48.18,90.29
9.47,0,0,0.024,21.79,43.66,528.1,151.8,30.4,99.2,-0.106,50,30,48.18,90.56
9.44,0,0,0.024,21.87,43.86,528.4,144.8,30.8,98.8,-0.067,50,30,48.18,90.69
9.42,0,0,0.035,21.81,43.87,527.2,163,29.1,99,-0.096,50,30,48.18,91.03
9.39,0,0,0.045,21.67,43.94,526.1,155.8,29.7,99.8,-0.165,50,30,48.18,90.4
9.37,0,0,0.041,21.78,43.76,525.8,154.8,29.4,99.6,-0.11,50,30,48.18,90.7
9.34,0,0,0.032,21.77,44.27,523.7,160.4,29.4,98.7,-0.115,50,30,48.18,90.93
9.32,0,0,0.043,21.88,44.38,517.7,154.7,30.1,99.1,-0.06,50,30,48.18,91.26
9.29,0,0,0.032,21.75,44.75,517.7,3.8,30.8,97.5,-0.124,0,0,0,82.14
9.27,0,0,0.051,21.7,44.91,513.8,152.8,31,96.2,-0.151,50,30,48.18,90.43
9.25,0,0,0.052,21.64,44.48,509.8,139.9,29,97.1,-0.176,50,30,48.18,89.77
9.22,0,0,0.032,21.52,44.34,511.8,132.6,30.7,95.3,-0.236,50,30,48.18,88.87
9.2,0,0,0.005,21.71,44.33,507.5,164.2,30.9,93.9,-0.143,50,30,48.18,90.38
9.17,0,0,0.027,21.94,44.17,508.2,158.5,31.1,95.2,-0.028,50,30,48.18,91.13
9.15,0,0,0.003,21.94,45.06,505.2,169.1,29.7,96.3,-0.029,50,30,48.18,91.89
9.13,0,0,0,21.97,45.16,504.5,493.5,30.4,98.7,-0.016,100,100,100,96.99
9.1,0,0,0,22.04,45.57,505.2,161.1,31.3,98.3,0.019,50,30,48.18,92.11
9.08,0,0,0,21.91,45.39,502.5,157.6,29.7,100,-0.046,50,30,48.18,91.92
9.05,0,0,0,21.8,46.12,501.7,139.3,29.6,100,-0.099,50,30,48.18,91.24
9.03,0,0,0.002,21.82,46.35,496.9,153.2,28.8,100,-0.089,50,30,48.18,91.82
9.01,0,0,0.026,21.81,46.19,498.2,141.7,30,99.4,-0.097,50,30,48.18,91.3
8.99,0,0,0.045,21.85,46.15,497.3,140.5,29.6,99.8,-0.073,50,30,48.18,91.46
8.96,0,0,0.021,21.75,46.35,498.1,157.3,30.6,99,-0.125,50,30,48.18,91.57
8.94,0,0,0,21.79,46.61,498.4,155.3,30.4,99.9,-0.104,50,30,48.18,91.86
8.92,0,0,0,21.94,46.72,497.9,146.8,31.6,99.8,-0.03,50,30,48.18,92.19
8.89,0,0,0,21.87,46.7,494.8,161.3,28.5,99.7,-0.064,50,30,48.18,92.34
8.87,0,0,0.02,21.94,46.68,495,150.7,29.6,100,-0.032,50,30,48.18,92.3
8.85,0,0,0.027,21.97,46.66,491.7,146.5,29.3,98.4,-0.015,50,30,48.18,92.13
8.83,0,0,0.003,22.12,46.62,490.8,155.6,29.3,98.4,0.059,50,30,48.18,92.05
8.8,0,0,0.024,22.05,46.11,490.4,140.7,29.8,97.6,0.022,50,30,48.18,91.61
8.78,0,0,0.006,22.07,45.85,486.3,155.3,30.8,97.6,0.033,50,30,48.18,91.88
8.76,0,0,0.024,22.08,45.78,486.9,161.2,31.1,97.1,0.041,50,30,48.18,91.92
8.74,0,0,0.026,22.01,45.61,488.8,147.2,29.1,95.4,0.005,50,30,48.18,91.53
8.72,0,0,0,22.15,45.74,489.7,146.8,31,97,0.073,50,30,48.18,91.22
8.7,0,0,0.019,22.03,45.98,492.8,142.9,28.6,95.1,0.016,50,30,48.18,91.43
8.67,0,0,0.038,21.82,45.88,491.6,4.3,31.3,95.3,-0.091,0,0,0,82.63
8.65,0,0,0.056,21.87,46.01,486.8,508.6,30,94.8,-0.064,100,100,100,96.41
8.63,0,0,0.051,21.81,45.48,485.8,144.5,30.3,93.9,-0.094,50,30,48.18,90.58
8.61,0,0,0.027,21.64,45.69,482.2,141.2,30.3,95.1,-0.177,50,30,48.18,90.07
8.59,0,0,0,21.88,45.37,478.4,140.6,29.1,93.9,-0.061,50,30,48.18,90.68
8.57,0,0,0,21.9,45.03,479.4,0,29.8,92.7,-0.052,0,0,0,82.01
8.55,0,0,0.021,21.95,44.49,480.4,140.4,30.5,93,-0.024,50,30,48.18,90.53
8.53,0,0,0.001,22,44.16,479.7,139.6,30.1,93,0.002,50,30,48.18,90.54
8.51,0,0,0,22,43.85,482.2,171.3,30.8,93.5,0.001,50,30,48.18,91.43
8.49,0,0,0,21.9,43.8,484.2,129.8,29.8,94.9,-0.048,50,30,48.18,89.96
8.47,0,0,0,21.91,43.09,485.5,172.6,28.8,95.5,-0.043,50,30,48.18,91.07
8.45,0,0,0,22.09,43.5,480.9,143,31.1,96.2,0.043,50,30,48.18,90.41
8.43,0,0,0.003,22.25,43.32,479.1,511,28.8,97,0.121,100,100,100,95.18
8.41,0,0,0,22.19,44.11,478.2,147.3,30.1,97.1,0.093,50,30,48.18,90.48
8.39,0,0,0,22.24,43.73,479.1,154.7,31.2,97.1,0.117,50,30,48.18,90.38
8.37,0,0,0.017,22.16,43.97,480.2,146.9,28.8,97,0.081,50,30,48.18,90.49
8.35,0,0,0.021,22.18,43.71,481.2,151.8,31.4,98.2,0.087,50,30,48.18,90.62
8.33,0,0,0.02,22.09,43.37,482.4,139.7,29,96.1,0.047,50,30,48.18,90.22
8.31,0,0,0.014,22.05,43.46,479,147.9,31.8,96.2,0.022,50,30,48.18,90.7
8.29,0,0,0.025,21.8,44.25,477.8,144.7,28.9,97.1,-0.101,50,30,48.18,90.39
8.27,0,0,0.014,21.84,44.15,480.1,177.3,29.6,97.8,-0.078,50,30,48.18,91.58
8.25,0,0,0,21.85,43.93,481,155.8,30,97.4,-0.075,50,30,48.18,90.84
8.23,0,0,0,21.8,44.05,479.4,145,31.9,98.2,-0.097,50,30,48.18,90.47
8.22,0,0,0.015,21.94,44.12,476.9,152.2,28.8,99.8,-0.031,50,30,48.18,91.37
8.2,0,0,0.02,22.07,44.23,477.1,492,32.6,100,0.034,100,100,100,96.66
8.18,0,0,0.025,21.81,44.11,476,150,29.3,100,-0.096,50,30,48.18,90.84
8.16,0,0,0.026,21.84,43.78,475.6,147.4,30.5,98.4,-0.081,50,30,48.18,90.58
8.14,0,0,0.041,21.94,44.08,473.5,128.8,30.2,98.8,-0.032,50,30,48.18,90.54
8.12,0,0,0.05,21.93,43.51,476.3,136.4,28.9,98.7,-0.034,50,30,48.18,90.52
8.11,0,0,0.066,21.73,43.49,476.6,3.8,29,98.5,-0.136,0,0,0,81.68
8.09,0,0,0.056,21.67,43.7,475.5,134.6,29,96.9,-0.163,50,30,48.18,89.4
8.07,0,0,0.041,21.72,44.3,475.1,158.3,31.6,96.8,-0.139,50,30,48.18,90.51
8.05,0,0,0.029,21.77,44.4,475.1,151.2,28.1,97.2,-0.115,50,30,48.18,90.55
8.04,0,0,0.027,21.6,44.27,476.9,3.8,30.1,95.6,-0.197,0,0,0,81.22
8.02,0,0,0.043,21.5,44.35,473.8,159.3,29,95,-0.246,50,30,48.18,89.57
8,0,0,0.024,21.44,44.26,473.4,138.4,30.3,95.3,-0.275,50,30,48.18,88.73
7.99,0,0,0.035,21.55,44.04,474.1,136.8,31.7,96.3,-0.223,50,30,48.18,89.09
7.97,0,0,0.053,21.55,43.6,469.3,138,30.5,95.5,-0.225,50,30,48.18,88.87
7.95,0,0,0.02,21.79,44.23,469.6,140.2,28.5,95.8,-0.102,50,30,48.18,90.11
7.94,0,0,0.039,21.5,43.91,465.7,143.2,29.1,95.2,-0.246,50,30,48.18,88.95
7.92,0,0,0.038,21.49,44.1,465.9,148,31.5,94.7,-0.25,50,30,48.18,89.08
7.9,0,0,0.053,21.51,44.18,464.1,140.5,30.8,95.9,-0.24,50,30,48.18,89.09
7.89,0,0,0.044,21.61,43.84,460.9,149.3,28.5,95,-0.194,50,30,48.18,89.47
7.87,0,0,0.039,21.63,43.92,462.4,140.6,30,97.1,-0.182,50,30,48.18,89.54
7.86,0,0,0.05,21.63,44.24,462.6,136.5,30,96.7,-0.185,50,30,48.18,89.48
7.84,0,0,0.047,21.75,44.69,461.8,150.3,29.9,97.9,-0.125,50,30,48.18,90.62
7.83,0,0,0.019,21.81,45.1,461.4,145.4,30.7,99.1,-0.096,50,30,48.18,90.97
7.81,0,0,0.002,21.93,44.88,460.4,150.5,30.8,100,-0.036,50,30,48.18,91.58
7.79,0,0,0.019,22,44.47,458.3,159.3,28.9,99,-0.002,50,30,48.18,91.85
7.78,0,0,0.002,21.91,44.93,458.8,158.2,29.7,100,-0.045,50,30,48.18,91.76
7.76,0,0,0,22.02,45.11,457.9,144,30.2,99.6,0.008,50,30,48.18,91.65
7.75,0,0,0,22.01,44.74,458.1,143.9,30.6,97.9,0.003,50,30,48.18,91.37
7.73,0,0,0,21.89,44.43,455.9,161.1,30.4,99.6,-0.052,50,30,48.18,91.57
7.72,0,0,0,21.93,44.33,457.1,150.6,31.2,100,-0.033,50,30,48.18,91.4
7.71,0,0,0,21.85,44.6,457.4,494.6,31,99.7,-0.073,100,100,100,96.45
7.69,0,0,0.018,21.82,44.37,455.6,148.3,31,100,-0.091,50,30,48.18,90.92
7.68,0,0,0,21.93,44.73,456.8,151.2,28.3,99.2,-0.035,50,30,48.18,91.47
7.66,0,0,0,22.01,44.78,460.2,493.3,30.7,99,0.004,100,100,100,96.98
7.65,0,0,0,21.96,44.51,457.7,165.7,30.3,97.7,-0.022,50,30,48.18,91.78
7.64,0,0,0.008,22.11,45.08,460,137.4,29.9,98.1,0.054,50,30,48.18,90.94
7.62,0,0,0.019,22.18,44.44,462.5,504.9,29.7,98.9,0.089,100,100,100,96.09
7.61,0,0,0.02,22.06,44.74,461.6,150.9,31.1,98.9,0.032,50,30,48.18,91.46
7.6,0,0,0,22.16,44.74,457,151.8,28.6,100,0.077,50,30,48.18,91.26
7.58,0,0,0.021,22.02,44.56,461.3,157.8,28.2,100,0.012,50,30,48.18,91.86
7.57,0,0,0,22.11,44.86,457.1,124.6,30.4,100,0.055,50,30,48.18,90.66
7.56,0,0,0.004,21.99,44.87,454.8,0.7,30.7,98.6,-0.005,0,0,0,82.95
7.54,0,0,0.019,22.25,45.2,454.2,144.5,29.3,98.4,0.124,50,30,48.18,90.7
7.53,0,0,0.005,22.31,44.77,452.9,167.9,29.3,99.4,0.152,50,30,48.18,91.13
7.52,0,0,0.021,22.08,44.63,453.3,134.8,31.8,98.6,0.042,50,30,48.18,90.84
7.51,0,0,0.025,21.85,44.9,452.3,164.7,30,98.1,-0.073,50,30,48.18,91.55
7.49,0,0,0.014,21.99,44.89,454.9,154.7,30.1,97.3,-0.004,50,30,48.18,91.68
7.48,0,0,0.01,22.06,45.01,455.7,0,29.6,96.8,0.03,0,0,0,82.58
7.47,0,0,0.017,22.11,45.25,456.7,5.6,31.4,96.6,0.057,0,0,0,82.88
7.46,0,0,0.023,22.18,45.55,454.6,143.4,32.4,97.2,0.091,50,30,48.18,90.92
7.45,0,0,0.038,22.12,45.21,455.7,135.5,30.7,97.6,0.057,50,30,48.18,90.86
7.44,0,0,0.05,21.99,45.3,456,155.1,30.7,99.5,-0.007,50,30,48.18,92.05
7.42,0,0,0.037,21.81,45.2,456.5,154.1,29.9,100,-0.092,50,30,48.18,91.39
7.41,0,0,0.01,21.83,45,460.2,159.7,29.9,100,-0.085,50,30,48.18,91.54
7.4,0,0,0,21.78,45.14,459.3,148,29.5,100,-0.107,50,30,48.18,91.07
7.39,0,0,0,21.84,45.33,458.6,159.9,29.9,99.7,-0.081,50,30,48.18,91.67
7.38,0,0,0.013,21.74,45.77,458,166,29.9,99.7,-0.129,50,30,48.18,91.65
7.37,0,0,0.032,21.89,45.85,457.9,150.6,27.6,99.5,-0.055,50,30,48.18,91.76
7.36,0,0,0.023,21.93,45.28,455.3,133.8,29.6,100,-0.032,50,30,48.18,91.26
7.35,0,0,0.014,21.99,45.23,454.6,154.1,27.6,100,-0.005,50,30,48.18,92.05
7.34,0,0,0,21.97,45.25,453,140.8,30.5,99.9,-0.015,50,30,48.18,91.57
7.33,0,0,0,21.97,45.05,451.4,151.6,29.4,98.8,-0.017,50,30,48.18,91.7
7.32,0,0,0.012,21.93,45.06,450.7,147.6,29.4,98.7,-0.034,50,30,48.18,91.44
7.31,0,0,0.018,22,45.27,453.7,145.8,29.9,98.8,0.001,50,30,48.18,91.73
7.3,0,0,0,22.12,45.42,451.3,145,29.7,97.4,0.058,50,30,48.18,91.2
7.29,0,0,0.021,22.27,45.3,449.3,136,31,96.5,0.133,50,30,48.18,90.23
7.28,0,0,0.004,22.05,45.75,448.5,141.8,31.4,98.4,0.026,50,30,48.18,91.55
7.27,0,0,0.016,22.12,46.26,450.8,143.4,27.7,96.9,0.059,50,30,48.18,91.41
7.26,0,0,0.003,22,45.96,449.6,150.6,31.5,96.1,0.002,50,30,48.18,91.86
7.25,0,0,0,21.92,46,444.5,139.8,31.1,95.1,-0.04,50,30,48.18,91.16
7.25,0,0,0.008,21.81,45.81,445.9,145.9,31.2,96.9,-0.093,50,30,48.18,91.06
7.24,0,0,0.02,21.77,45.81,445.3,0.1,31.7,94.5,-0.116,0,0,0,82.02
7.23,0,0,0.009,21.87,45.6,447.8,157.8,30.8,93.6,-0.066,50,30,48.18,91.22
7.22,0,0,0.005,21.88,45.79,452.8,151.2,30.1,91.8,-0.062,50,30,48.18,90.93
7.21,0,0,0,21.85,46.07,451.5,0,30.9,90.1,-0.072,0,0,0,82
7.21,0,0,0.008,21.88,45.82,451.9,146.1,31.2,91.1,-0.058,50,30,48.18,90.76
7.2,0,0,0,22,45.29,448.4,148.5,31,91.5,0,50,30,48.18,91.09
7.19,0,0,0.022,22.03,44.65,448.5,143.9,30.8,92.7,0.013,50,30,48.18,90.74
7.18,0,0,0.04,21.94,44.32,448.8,156,29.5,94.7,-0.03,50,30,48.18,91.05
7.17,0,0,0.011,21.95,44.05,453.2,147.1,27.7,95.8,-0.023,50,30,48.18,90.85
7.17,0,0,0.009,21.98,44.29,453.5,159,29.9,96.6,-0.009,50,30,48.18,91.48
7.16,0,0,0,21.93,44.61,451.3,151.7,30.7,95.5,-0.033,50,30,48.18,91.09
7.15,0,0,0,22,44.43,446,144.1,29.3,95.5,-0.002,50,30,48.18,91.03
7.15,0,0,0,21.83,44.92,445.7,144.9,30,94.4,-0.083,50,30,48.18,90.52
7.14,0,0,0,21.84,44.88,446.8,158.5,30,95.4,-0.077,50,30,48.18,91.06
7.13,0,0,0,21.83,45.34,446.3,158.2,29.6,95.2,-0.086,50,30,48.18,91.13
7.13,0,0,0,21.81,44.62,443.8,134.2,30.5,95.1,-0.095,50,30,48.18,90.07
7.12,0,0,0,21.89,44.69,447.3,143,29.6,94.6,-0.055,50,30,48.18,90.6
7.12,0,0,0,21.84,44.66,445.9,164.9,30.9,94.5,-0.077,50,30,48.18,91.07
7.11,0,0,0.01,21.75,45.08,445,171.9,31.3,94.2,-0.126,50,30,48.18,91.05
7.1,0,0,0.02,21.95,45,443.7,146,30.6,94.2,-0.024,50,30,48.18,91
7.1,0,0,0.028,21.93,45.21,439.3,503.2,27.7,94.5,-0.037,100,100,100,96.34
7.09,0,0,0.016,21.73,45.01,438,161.2,31.2,93.7,-0.136,50,30,48.18,90.57
7.09,0,0,0.016,21.99,45.24,436.9,150.3,29.4,92.8,-0.005,50,30,48.18,91.23
7.08,0,0,0.029,21.7,45.39,436.2,169.1,30.3,94,-0.147,50,30,48.18,90.89
7.08,0,0,0.031,21.76,45.2,432,156.3,29.8,94.7,-0.12,50,30,48.18,90.72
7.07,0,0,0.011,21.59,45.59,436.3,183.4,29.7,93.7,-0.201,50,30,48.18,90.98
7.07,0,0,0,21.8,45.75,438.1,142.5,30.6,93.6,-0.1,50,30,48.18,90.55
7.06,0,0,0,21.95,46,437.3,492.1,30.9,92.9,-0.025,100,100,100,96.68
7.06,0,0,0,21.93,45.5,439,155.4,29.9,94.1,-0.036,50,30,48.18,91.38
7.06,0,0,0,22.01,45.45,440.9,142,30.2,95.4,0.003,50,30,48.18,91.33
7.05,0,0,0.016,21.9,45.21,440.2,140.2,28.6,95.2,-0.05,50,30,48.18,90.81
7.05,0,0,0.037,21.89,45.07,440.7,145.2,29.6,96.1,-0.054,50,30,48.18,90.97
7.04,0,0,0.023,21.71,45.49,443.2,134.6,29,94.3,-0.144,50,30,48.18,89.96
7.04,0,0,0.015,21.79,44.93,441.8,138.2,29.6,94.2,-0.106,50,30,48.18,90.14
7.04,0,0,0.016,21.73,45.27,438.3,146.9,27.4,94.4,-0.132,50,30,48.18,90.34
7.03,0,0,0.026,21.93,45.33,439.6,127.2,31.2,95.6,-0.036,50,30,48.18,90.61
7.03,0,0,0.041,21.71,45.35,440.5,152.8,31.1,96.9,-0.143,50,30,48.18,90.72
7.03,0,0,0.014,21.67,44.98,443.1,154,30.9,96.5,-0.164,50,30,48.18,90.42
7.02,0,0,0,21.83,44.76,441.7,157.5,30.3,96.8,-0.084,50,30,48.18,91.07
7.02,0,0,0,22.1,45.3,440.3,151.2,30.1,97.6,0.051,50,30,48.18,91.4
7.02,0,0,0,22.02,45.06,442.5,161.9,29.6,97.9,0.01,50,30,48.18,91.98
7.02,0,0,0.024,21.95,45.24,442.2,131.4,30.5,98.4,-0.027,50,30,48.18,91.05
7.01,0,0,0.021,21.94,44.87,444,150,29.7,96.7,-0.029,50,30,48.18,91.29
7.01,0,0,0.005,21.96,44.41,443.4,157.3,29.4,96.1,-0.02,50,30,48.18,91.34
7.01,0,0,0,21.97,44.57,445.4,142.9,28.7,95.5,-0.014,50,30,48.18,90.96
7.01,0,0,0.01,22.19,44.49,444.7,135.5,31.2,95.9,0.094,50,30,48.18,90.15
7.01,0,0,0,22.33,44.88,440.2,138.7,31.4,96.7,0.164,50,30,48.18,89.94
7.01,0,0,0.023,22.14,44.63,439,128.5,30.8,98.3,0.068,50,30,48.18,90.42
7,0,0,0.039,22.21,44.49,439.2,150.2,31.5,97.8,0.103,50,30,48.18,90.71
7,0,0,0.051,21.88,44.87,443.5,153.8,29.7,97.8,-0.06,50,30,48.18,91.28
7,0,0,0.051,21.7,44.63,446.6,140.5,30.1,97.2,-0.147,50,30,48.18,90.07
7,0,0,0.065,21.74,44.22,445.4,151.6,29.9,95.2,-0.13,50,30,48.18,90.18
7,0,0,0.06,21.68,43.83,444,142.7,30,96.9,-0.156,50,30,48.18,89.75
7,0,0,0.027,21.81,43.96,443,151.5,29.5,96.4,-0.093,50,30,48.18,90.48
7,0,0,0.018,21.96,44.23,443.5,150.3,28.2,95.7,-0.017,50,30,48.18,91.04
7,0,0,0.016,22.08,44.43,444,152,29.3,96.4,0.04,50,30,48.18,91.07
7,0,0,0.001,21.93,44.29,446.7,149.2,28.4,97.8,-0.036,50,30,48.18,91.1
7,0,0,0,21.88,43.99,442.6,143.8,29,97.8,-0.058,50,30,48.18,90.66
7,0,0,0.002,21.99,44.14,444.8,146.2,31.4,98,-0.006,50,30,48.18,91.21
7,0,0,0,21.89,43.97,445.6,165.9,30.4,96.8,-0.053,50,30,48.18,91.26
7,0,0,0.022,21.95,43.68,444.5,148,29.3,95.5,-0.023,50,30,48.18,90.71
7,0,0,0.042,21.85,43.96,442.5,138.6,28.4,98.1,-0.072,50,30,48.18,90.42
7,0,0,0.043,21.85,43.87,441,146.7,29.7,99.8,-0.074,50,30,48.18,90.78
7,0,0,0.025,21.89,44.2,438.7,151.8,29.8,100,-0.053,50,30,48.18,91.24
7,0,0,0.008,21.88,44.34,439.9,152.9,29,100,-0.058,50,30,48.18,91.29
7.01,0,0,0.002,21.91,44.32,442.1,145.3,31.5,100,-0.045,50,30,48.18,91.15
7.01,0,0,0,22.01,44.97,440.7,165.3,30.9,100,0.003,50,30,48.18,92.31
7.01,0,0,0.012,22.02,45.08,439.9,144.2,30.1,99.5,0.011,50,30,48.18,91.61
7.01,0,0,0,21.92,45.38,438.8,160.3,28.5,100,-0.04,50,30,48.18,92.04
7.01,0,0,0,21.92,45.24,438.3,145.7,29.2,100,-0.037,50,30,48.18,91.56
7.01,0,0,0.006,21.79,45.22,438.3,510,29.9,100,-0.105,100,100,100,96.32
7.02,0,0,0.014,21.82,44.75,439.6,150.5,31.1,98.5,-0.09,50,30,48.18,90.98
7.02,0,0,0.004,21.76,44.54,439.4,0,30.2,98.3,-0.12,0,0,0,81.88
7.02,0,0,0.001,21.55,44.28,440.1,165.5,28.9,99.4,-0.224,50,30,48.18,90.34
7.02,0,0,0,21.68,44.54,440.3,147.8,30.9,99.6,-0.159,50,30,48.18,90.41
7.03,0,0,0,21.64,44.68,441.6,159.8,29.9,99.7,-0.179,50,30,48.18,90.68
7.03,0,0,0,21.8,44.6,440.3,167.2,28.7,98.8,-0.1,50,30,48.18,91.38
7.03,0,0,0.022,21.62,44.57,440.8,0,31.7,98.3,-0.187,0,0,0,81.39
7.04,0,0,0.003,21.58,44.37,438,0,29.3,98.2,-0.206,0,0,0,81.17
7.04,0,0,0.026,21.61,44.14,440.3,148.5,31.1,100,-0.194,50,30,48.18,90.07
7.04,0,0,0.003,21.69,44.44,439.2,156.5,30.1,100,-0.156,50,30,48.18,90.7
7.05,0,0,0.025,21.69,44.43,437.1,157.6,30.4,99.2,-0.151,50,30,48.18,90.68
7.05,0,0,0.033,21.8,44.7,437.4,0,27.9,98.9,-0.097,0,0,0,82.17
7.06,0,0,0.008,21.93,45,437.4,130.4,29.5,97.6,-0.035,50,30,48.18,90.8
7.06,0,0,0.025,21.89,44.69,435.3,157.7,28.5,99.1,-0.056,50,30,48.18,91.5
7.06,0,0,0.039,21.74,44.91,439.3,147.5,31.3,99.2,-0.127,50,30,48.18,90.75
7.07,0,0,0.021,21.79,44.9,440.2,152.1,31.3,99,-0.105,50,30,48.18,91.03
7.07,0,0,0.039,21.71,44.61,443.1,155.2,30.5,98.4,-0.143,50,30,48.18,90.66
7.08,0,0,0.039,21.6,44.61,442.5,135.7,29.6,97.6,-0.196,50,30,48.18,89.6
7.08,0,0,0.034,21.67,44.67,444.2,145.8,30.3,99.3,-0.161,50,30,48.18,90.36
7.09,0,0,0.017,21.94,44.69,442.3,147.8,29.3,100,-0.028,50,30,48.18,91.49
7.09,0,0,0,21.89,44.73,438.9,146.7,28.6,100,-0.053,50,30,48.18,91.29
7.1,0,0,0.021,21.81,44.86,436.8,154.1,29.6,99,-0.096,50,30,48.18,91.13
7.1,0,0,0.019,21.81,45.09,433.8,154.6,31.3,98.1,-0.092,50,30,48.18,91.18
7.11,0,0,0.039,21.66,45.38,434.4,156.1,30.4,98.5,-0.17,50,30,48.18,90.78
7.12,0,0,0.055,21.65,45.01,438.2,149.5,31.3,98.2,-0.174,50,30,48.18,90.38
7.12,0,0,0.043,21.7,44.75,440.5,148.3,30.6,97.9,-0.151,50,30,48.18,90.4
7.13,0,0,0.047,21.54,44.83,443.5,152.7,30.6,98.3,-0.227,50,30,48.18,90.03
7.13,0,0,0.017,21.75,44.53,443.6,164.9,29.9,99.2,-0.126,50,30,48.18,91.12
7.14,0,0,0.009,21.74,44.55,441.9,168.2,29.3,100,-0.127,50,30,48.18,91.31
7.15,0,0,0,21.71,44.56,441.3,162,31.8,100,-0.145,50,30,48.18,90.99
7.15,0,0,0,21.87,44.54,440,149.5,29.1,100,-0.066,50,30,48.18,91.21
7.16,0,0,0,21.89,43.81,441.5,153.1,30,100,-0.056,50,30,48.18,91.11
7.17,0,0,0.019,21.72,43.96,442.5,165.7,30.3,99.6,-0.139,50,30,48.18,90.88
7.17,0,0,0,21.55,44.53,442.8,144.7,29,100,-0.224,50,30,48.18,89.87
7.18,0,0,0,21.85,44.81,440.9,157.4,31.7,99.5,-0.077,50,30,48.18,91.41
7.19,0,0,0.002,21.83,45.11,441.3,163.2,32.3,99.3,-0.082,50,30,48.18,91.64
7.2,0,0,0,21.96,45.08,439.8,150.2,31.3,97.7,-0.02,50,30,48.18,91.53
7.21,0,0,0,22.07,45.27,436.7,155.4,30.9,97,0.037,50,30,48.18,91.57
7.21,0,0,0,22.26,45.34,434.6,161.3,29.9,96.9,0.128,50,30,48.18,91.08
7.22,0,0,0,22.26,44.85,432.7,136,30.9,98.1,0.13,50,30,48.18,90.25
7.23,0,0,0.012,22.14,44.66,430.3,138.5,29,99.2,0.069,50,30,48.18,90.81
7.24,0,0,0,22.1,44.69,433.1,519.4,29,100,0.049,100,100,100,96.44
7.25,0,0,0,22.12,45.1,434,139.3,29.2,100,0.061,50,30,48.18,91.14
7.25,0,0,0,22.1,44.24,435.1,144.9,28.3,100,0.047,50,30,48.18,91.09
7.26,0,0,0,21.99,44.84,435.9,149.7,29.4,100,-0.007,50,30,48.18,91.76
7.27,0,0,0,21.93,44.74,436.4,145.1,30.7,100,-0.036,50,30,48.18,91.37
7.28,0,0,0,21.81,45,435.3,503.9,29.8,98.8,-0.095,100,100,100,96.25
7.29,0,0,0,21.81,45.11,435.6,132.3,30.1,99.6,-0.095,50,30,48.18,90.65
7.3,0,0,0.011,21.87,45.13,435.3,136,29.1,99.9,-0.062,50,30,48.18,91.04
7.31,0,0,0.029,21.89,45.49,433.4,137.6,30.4,99.8,-0.053,50,30,48.18,91.28
7.32,0,0,0.023,22.03,45.6,432.3,152.7,29.7,100,0.014,50,30,48.18,92.09
7.33,0,0,0,22.02,45.65,430.6,153.6,29.9,100,0.012,50,30,48.18,92.15
7.34,0,0,0,22.11,46,431.6,493.8,29.5,100,0.054,100,100,100,97.16
7.35,0,0,0,21.97,45.5,431.5,139.4,31,100,-0.016,50,30,48.18,91.63
7.36,0,0,0,22.11,44.89,433.4,149.5,28.4,99.7,0.056,50,30,48.18,91.38
7.37,0,0,0.005,22.01,45.06,431.3,147.9,30.5,100,0.005,50,30,48.18,91.8
7.38,0,0,0,22.12,45.34,429.5,149.6,28.3,100,0.058,50,30,48.18,91.56
7.39,0,0,0.008,21.99,45.19,428.7,151.8,29.7,99.4,-0.003,50,30,48.18,91.93
7.4,0,0,0,22.16,44.97,429.7,144.2,29.2,99.5,0.08,50,30,48.18,91.05
7.41,0,0,0.007,22.21,44.67,427.7,144,29.6,100,0.104,50,30,48.18,90.8
7.42,0,0,0,22.11,44.62,426.4,160,31.4,100,0.055,50,30,48.18,91.63
7.44,0,0,0,22.03,44.2,423,142.7,30.7,98.7,0.014,50,30,48.18,91.14
7.45,0,0,0,22.06,45.26,422.3,139.1,29.8,99.9,0.031,50,30,48.18,91.41
7.46,0,0,0,22.04,45.08,421.8,174.5,30.3,100,0.019,50,30,48.18,92.51
7.47,0,0,0,22.04,45.09,423.6,142.5,30.6,100,0.018,50,30,48.18,91.56
7.48,0,0,0.018,22.02,45.55,425.7,129.9,29.4,100,0.007,50,30,48.18,91.43
7.49,0,0,0.009,22.04,45.59,426.1,145.4,30.7,100,0.018,50,30,48.18,91.84
7.51,0,0,0,22.03,46.26,423.1,151.9,30.3,99.5,0.016,50,30,48.18,92.25
7.52,0,0,0,21.87,46.56,425.4,9.4,29.3,99.1,-0.063,0,0,0,83.85
7.53,0,0,0.01,21.92,46.27,426.8,138.3,30.6,98.1,-0.041,50,30,48.18,91.51
7.54,0,0,0.005,21.93,46.63,424.7,2.7,29.8,97.6,-0.032,0,0,0,83.46
7.56,0,0,0,22.02,46.41,425.3,163.6,29.1,98.3,0.009,50,30,48.18,92.59
7.57,0,0,0.007,22.15,45.92,426,159.7,28.4,100,0.074,50,30,48.18,91.96
7.58,0,0,0.026,22.1,46.32,427.9,144.7,30.1,99.2,0.05,50,30,48.18,91.77
7.6,0,0,0.041,21.95,45.99,426.3,505.1,29.6,100,-0.024,100,100,100,97.26
7.61,0,0,0.045,22.14,45.81,424.9,141.2,29.6,100,0.068,50,30,48.18,91.42
7.62,0,0,0.037,21.96,46.57,422.1,148.2,31,100,-0.022,50,30,48.18,92.26
7.64,0,0,0.016,21.99,46.69,424.6,146.7,30.9,100,-0.003,50,30,48.18,92.4
7.65,0,0,0.028,21.86,46.28,425.2,140.5,27.8,99.8,-0.07,50,30,48.18,91.53
7.66,0,0,0.009,21.89,46.6,422.9,153.1,29.5,99,-0.053,50,30,48.18,92.08
7.68,0,0,0.032,21.68,46.67,423.9,12.2,30.3,97.8,-0.159,0,0,0,83.25
7.69,0,0,0.003,21.78,46.71,423.7,155.8,28.8,96.2,-0.111,50,30,48.18,91.49
7.71,0,0,0.01,21.82,46.62,426.7,134,30,96.1,-0.091,50,30,48.18,90.94
7.72,0,0,0.027,21.73,46.43,426,148.1,31.1,98.5,-0.133,50,30,48.18,91.21
7.73,0,0,0.039,21.6,47,424.6,151,31.2,96.7,-0.198,50,30,48.18,90.85
7.75,0,0,0.034,21.71,46.91,422.4,158.6,29.3,97.8,-0.143,50,30,48.18,91.57
7.76,0,0,0.022,21.61,46.43,421.7,134,30.3,97.1,-0.192,50,30,48.18,90.21
7.78,0,0,0.028,21.73,46.2,418.9,145.1,30.9,96.9,-0.132,50,30,48.18,90.89
7.79,0,0,0.014,21.88,46.32,416.8,141.5,30.9,98.6,-0.059,50,30,48.18,91.54
7.81,0,0,0,21.94,46.14,419.4,143.5,29.7,95.9,-0.028,50,30,48.18,91.49
7.83,0,0,0.02,21.86,46.36,419.5,138.5,29.5,96.7,-0.068,50,30,48.18,91.22
7.84,0,0,0,21.98,45.82,418,164.4,30.3,97.1,-0.009,50,30,48.18,92.27
7.86,0,0,0,22.15,46.4,417.7,145.4,29.6,96.9,0.074,50,30,48.18,91.41
7.87,0,0,0.001,21.95,46.21,419.2,154.6,29.7,97.5,-0.026,50,30,48.18,92.03
7.89,0,0,0,21.93,46.3,419.2,142.9,29.5,97.8,-0.034,50,30,48.18,91.68
7.9,0,0,0,21.95,46.24,418.8,514.1,30.3,99.2,-0.026,100,100,100,97.17
7.92,0,0,0.019,21.98,46.21,418.4,154.8,29.7,99.3,-0.009,50,30,48.18,92.34
7.94,0,0,0.025,21.93,45.81,420.5,158,30,100,-0.032,50,30,48.18,92.19
7.95,0,0,0.014,22.11,45.73,421.2,161,30.5,100,0.055,50,30,48.18,92.08
7.97,0,0,0.021,22.19,46.03,420.4,143.5,28.9,100,0.093,50,30,48.18,91.38
7.99,0,0,0.042,22.12,46.07,421.8,148.3,29.7,99.9,0.058,50,30,48.18,91.79
8,0,0,0.042,21.88,45.77,421.6,152.5,29.6,100,-0.058,50,30,48.18,91.81
8.02,0,0,0.035,21.69,45.65,419.5,147.4,29.6,100,-0.153,50,30,48.18,90.9
8.04,0,0,0.02,21.71,46.1,419.9,143.7,30.2,100,-0.146,50,30,48.18,91.01
8.05,0,0,0.011,21.63,46.13,419.9,152.2,29.3,98.6,-0.184,50,30,48.18,90.85
8.07,0,0,0,21.49,46,420.3,159.8,30.3,97.5,-0.252,50,30,48.18,90.41
8.09,0,0,0,21.46,46.16,417.8,144.9,28.7,98.1,-0.268,50,30,48.18,89.96
8.11,0,0,0.021,21.58,46.33,416.9,139.2,29.4,97.8,-0.211,50,30,48.18,90.26
8.12,0,0,0,21.74,45.94,415.1,164.4,29.8,97.3,-0.127,50,30,48.18,91.45
8.14,0,0,0,21.89,46.57,412.4,142,30.8,98.1,-0.055,50,30,48.18,91.63
8.16,0,0,0.001,22.02,47.25,413.2,135.7,31,98.5,0.008,50,30,48.18,92.09
8.18,0,0,0.023,21.83,46.61,413.8,138.6,29.4,97.2,-0.086,50,30,48.18,91.23
8.2,0,0,0.001,21.85,46.58,412.7,165.2,28.9,99.2,-0.073,50,30,48.18,92.3
8.22,0,0,0,21.97,46.57,413.6,150.9,29.7,98.4,-0.013,50,30,48.18,92.25
8.23,0,0,0,21.99,46.78,412,153.1,31.4,97.7,-0.004,50,30,48.18,92.39
8.25,0,0,0.005,22.02,46.87,412.3,154.7,27.9,98,0.01,50,30,48.18,92.45
8.27,0,0,0,21.95,46.51,412,152.6,30.5,97.4,-0.025,50,30,48.18,92.08
8.29,0,0,0,22.12,45.85,410,493.3,32.7,96.6,0.061,100,100,100,96.72
8.31,0,0,0,22.02,45.23,408.6,150.6,29.2,96.9,0.012,50,30,48.18,91.59
8.33,0,0,0.02,21.95,45.16,408.9,165.5,30.3,97.9,-0.026,50,30,48.18,92
8.35,0,0,0.027,22.08,45.45,408.5,148.2,31,100,0.04,50,30,48.18,91.7
8.37,0,0,0.015,21.97,45.69,406.5,143.1,32.5,100,-0.016,50,30,48.18,91.82
8.39,0,0,0.002,22.21,45.33,407.2,148.1,30.1,100,0.103,50,30,48.18,91.18
8.41,0,0,0,22.16,45.26,406.4,147.2,30.2,99.5,0.078,50,30,48.18,91.26
8.43,0,0,0,21.97,45.22,405.5,154.5,30.7,99.5,-0.015,50,30,48.18,91.93
8.45,0,0,0,22.05,45.41,403.8,0,28.5,97.8,0.023,0,0,0,82.88
8.47,0,0,0,22.07,45.59,407.8,156.9,29.8,97.1,0.036,50,30,48.18,91.76
8.49,0,0,0,22.21,45.25,410.2,142.3,28.2,97.4,0.103,50,30,48.18,90.72
8.51,0,0,0,22.14,45.26,410.8,140,30,96.2,0.072,50,30,48.18,90.76
8.53,0,0,0,22.06,45.03,411.1,162,30.7,98.2,0.031,50,30,48.18,91.85
8.55,0,0,0,22.03,44.39,411.6,150,29.8,99,0.017,50,30,48.18,91.43
8.57,0,0,0.006,21.88,44.51,410.3,134.9,29.6,98.8,-0.061,50,30,48.18,90.66
8.59,0,0,0.026,21.91,44.84,410.6,152.1,29.8,99,-0.045,50,30,48.18,91.46
8.61,0,0,0.031,21.84,44.71,411.8,137.3,30.6,100,-0.081,50,30,48.18,90.78
8.63,0,0,0.017,21.91,44.61,414,7.9,31.3,99.3,-0.044,0,0,0,83.18
8.65,0,0,0,22.12,44.62,412,166.5,31,100,0.06,50,30,48.18,91.79
8.67,0,0,0.023,21.97,44.88,414.2,154.8,30.8,100,-0.013,50,30,48.18,91.88
8.7,0,0,0.016,21.84,44.66,415.7,139.7,29.7,100,-0.081,50,30,48.18,90.83
8.72,0,0,0,21.83,44.91,414.9,151.9,29.7,100,-0.082,50,30,48.18,91.29
8.74,0,0,0.017,22.1,45.21,413.2,167.8,28.5,100,0.05,50,30,48.18,92.12
8.76,0,0,0.01,22.06,45.48,415,157.6,29,99.9,0.032,50,30,48.18,92.04
8.78,0,0,0.001,21.95,45.13,413.9,149.6,31.3,100,-0.027,50,30,48.18,91.72
8.8,0,0,0,21.98,45.44,415.1,160.6,28.7,100,-0.012,50,30,48.18,92.28
8.83,0,0,0,21.97,45.6,412.2,0,28.4,99.4,-0.013,0,0,0,83.19
8.85,0,0,0,22.1,46.1,413.4,147.6,29.9,100,0.048,50,30,48.18,91.86
8.87,0,0,0.014,22.09,45.89,412.4,170.8,29,99.4,0.044,50,30,48.18,92.45
8.89,0,0,0.019,21.86,45.68,412.5,153,30.9,100,-0.07,50,30,48.18,91.71
8.92,0,0,0.033,21.75,45.78,411.1,152.3,28.6,100,-0.124,50,30,48.18,91.32
8.94,0,0,0.011,21.87,45.57,408.7,156.3,29,99.9,-0.063,50,30,48.18,91.8
8.96,0,0,0.019,21.82,45.91,408.1,156.7,28.8,99.9,-0.089,50,30,48.18,91.75
8.99,0,0,0.011,21.82,46.15,408,158.5,31.2,99.1,-0.09,50,30,48.18,91.81
9.01,0,0,0.025,21.87,45.9,407.9,154.5,29.4,99.5,-0.065,50,30,48.18,91.82
9.03,0,0,0.029,21.88,45.5,406.7,156.7,29.5,97.8,-0.06,50,30,48.18,91.6
9.05,0,0,0.032,21.74,45.07,407,132.5,29.6,99.4,-0.13,50,30,48.18,90.35
9.08,0,0,0.03,21.74,45.29,407.6,143.9,29.5,99.9,-0.13,50,30,48.18,90.83
9.1,0,0,0.017,21.72,45.41,407,5.3,30.3,99.7,-0.138,0,0,0,82.61
9.13,0,0,0.023,21.65,45.24,407.4,151.4,29.7,100,-0.171,50,30,48.18,90.73
9.15,0,0,0.033,21.7,44.9,404.9,152.5,30.6,100,-0.149,50,30,48.18,90.81
9.17,0,0,0.022,21.74,44.84,409.9,148.8,30.5,100,-0.13,50,30,48.18,90.81
9.2,0,0,0.036,21.74,44.48,413.2,134.3,30.1,100,-0.129,50,30,48.18,90.25
9.22,0,0,0.014,21.64,44.66,411.5,162.2,28.7,100,-0.18,50,30,48.18,90.78
9.25,0,0,0.032,21.65,44.56,413.7,138.4,28.4,99.4,-0.175,50,30,48.18,90
9.27,0,0,0.011,21.82,44.78,417.7,153.5,31.2,99,-0.089,50,30,48.18,91.13
9.29,0,0,0,21.77,44.83,420.4,156.2,29.6,99.2,-0.112,50,30,48.18,91.09
9.32,0,0,0,22.03,44.8,417.8,165.3,29,99.6,0.017,50,30,48.18,92.1
9.34,0,0,0,21.94,44.8,416.5,144,28.8,99.6,-0.03,50,30,48.18,91.37
9.37,0,0,0,22.09,44.98,416.8,144.4,29.2,100,0.046,50,30,48.18,91.36
9.39,0,0,0.013,21.98,45.46,416.7,147.9,30.8,100,-0.01,50,30,48.18,91.92
9.42,0,0,0,21.97,44.95,415.5,154.3,29.8,99.6,-0.014,50,30,48.18,91.85
9.44,0,0,0,21.87,45.51,416.9,141.1,30.6,99.6,-0.064,50,30,48.18,91.29
9.47,0,0,0.023,21.82,45.11,415.7,500.9,29.6,100,-0.087,100,100,100,96.5
9.49,0,0,0,21.88,45.37,418.3,134,31.6,99.8,-0.061,50,30,48.18,91.06
9.52,0,0,0,22.18,45.67,421,503.4,30.1,100,0.088,100,100,100,96.68
9.54,0,0,0,22.17,45.62,419.6,145.7,29.8,100,0.086,50,30,48.18,91.34
9.57,0,0,0,22.24,45.46,422.8,0,29.6,100,0.121,0,0,0,82.39
9.6,0,0,0.024,22.11,45.45,425.2,140.7,31.1,100,0.055,50,30,48.18,91.36
9.62,0,0,0.016,22,45.92,426.1,153.4,28.7,100,-0.001,50,30,48.18,92.32
9.65,0,0,0.004,22,46.02,423.6,153.8,30.1,100,0.001,50,30,48.18,92.37
9.67,0,0,0,22.18,45.71,424.3,146.2,28.8,100,0.088,50,30,48.18,91.38
9.7,0,0,0.014,22.2,45.45,423.6,2.1,31.7,97.8,0.098,0,0,0,82.5
9.73,0,0,0.009,21.98,45.96,422.6,145.7,31,99,-0.009,50,30,48.18,91.95
9.75,0,0,0.004,22,45.87,421.6,123.7,30.1,98.7,-0.002,50,30,48.18,91.28
9.78,0,0,0.024,22.03,45.31,423,157.6,31.3,97.1,0.015,50,30,48.18,91.82
9.8,0,0,0,22.03,44.88,427.1,150.2,29.9,97.6,0.016,50,30,48.18,91.48
9.83,0,0,0.012,22.15,45.26,428.1,156.9,29.6,96.4,0.075,50,30,48.18,91.26
9.86,0,0,0.002,22.15,45.34,427.8,134.1,30.2,96.5,0.075,50,30,48.18,90.63
9.88,0,0,0,22.02,45.47,428,147,30.3,96.4,0.011,50,30,48.18,91.53
9.91,0,0,0.019,21.86,44.99,430.1,144.7,30.4,94.9,-0.068,50,30,48.18,90.71
9.94,0,0,0.02,21.99,45.26,430.2,138.2,29.4,93.7,-0.007,50,30,48.18,90.95
9.97,0,0,0,22.03,45.28,433.3,143.2,32.1,94.7,0.017,50,30,48.18,91.13
9.99,0,0,0.011,21.95,45.59,432.3,149.7,31,95.6,-0.027,50,30,48.18,91.45
10.02,0,0,0.006,21.86,45.38,430.5,158.3,30,96.6,-0.067,50,30,48.18,91.43
10.05,0,0,0,22.01,45.11,430.8,155.1,30.2,95.6,0.003,50,30,48.18,91.61
10.07,0,0,0.023,21.98,44.68,431.8,145.3,30.8,95.5,-0.009,50,30,48.18,91.1
10.1,0,0,0.024,21.87,44.45,433.3,136.8,30.5,95.7,-0.062,50,30,48.18,90.38
10.13,0,0,0,21.96,44.67,432.2,153.1,29.7,95.5,-0.022,50,30,48.18,91.25
10.16,0,0,0.009,21.86,45.12,431.8,0,30.6,93.9,-0.07,0,0,0,82.03
10.19,0,0,0.019,22.15,44.95,432.8,163,30.5,92.8,0.076,50,30,48.18,90.96
10.21,0,0,0.012,22.21,44.99,433.7,155.1,30.3,92.4,0.104,50,30,48.18,90.49
10.24,0,0,0,22.22,45.64,431.7,134.3,28.4,92.7,0.109,50,30,48.18,90.1
10.27,0,0,0.025,22.16,45.85,429.6,149.6,29.3,93.9,0.079,50,30,48.18,90.99
10.3,0,0,0.001,22,45.98,428.7,141.3,30.4,95.7,0.001,50,30,48.18,91.56
10.33,0,0,0,22.02,46.13,430.4,142.5,30.7,97,0.011,50,30,48.18,91.71
10.35,0,0,0.024,22.03,45.55,430.5,152.6,29.4,97.8,0.013,50,30,48.18,91.85
10.38,0,0,0.014,21.81,45.18,430.9,154.2,30.4,97.2,-0.096,50,30,48.18,91.08
10.41,0,0,0.002,21.89,45,431.3,135.2,29.4,98.1,-0.054,50,30,48.18,90.85
10.44,0,0,0.003,21.96,44.68,434.4,151.3,32,100,-0.022,50,30,48.18,91.64
10.47,0,0,0.001,22.18,44.51,430.1,136.6,31.2,100,0.089,50,30,48.18,90.63
10.5,0,0,0,22.12,44.3,427.9,158.5,30.7,99.7,0.058,50,30,48.18,91.42
10.53,0,0,0.009,22.14,44.12,426.7,166.7,30.4,98.9,0.068,50,30,48.18,91.44
10.56,0,0,0,22.06,43.82,428,146.2,30.5,98.9,0.03,50,30,48.18,91
10.58,0,0,0.025,21.89,44.37,428.2,121.4,30.7,98.9,-0.055,50,30,48.18,90.27
10.61,0,0,0.01,21.86,44.43,423.4,19.9,29,97.9,-0.071,0,0,0,83.66
10.64,0,0,0.013,21.79,44.31,426.2,152.1,30.3,97.8,-0.102,50,30,48.18,90.7
10.67,0,0,0.025,21.82,44.48,426.2,4.3,29.5,98.5,-0.088,0,0,0,82.44
10.7,0,0,0.031,21.82,44.92,422,116.5,31.2,100,-0.087,50,30,48.18,90.2
10.73,0,0,0.004,21.81,45.32,424.7,150.3,30.2,100,-0.093,50,30,48.18,91.32
10.76,0,0,0,22.08,45.47,428.1,155.5,31.8,98.9,0.041,50,30,48.18,91.81
10.79,0,0,0.002,22.15,45.27,428.8,164.3,30.1,100,0.075,50,30,48.18,91.85
10.82,0,0,0.022,22.06,45.14,429.4,146.5,30.3,100,0.031,50,30,48.18,91.6
10.85,0,0,0.003,22,45.65,431.6,148.2,29.7,100,-0.001,50,30,48.18,92.07
10.88,0,0,0.022,22.19,45.77,432,143.5,30.1,100,0.095,50,30,48.18,91.27
10.91,0,0,0.001,22.09,45.78,433.5,157.4,29.6,100,0.046,50,30,48.18,92.06
10.94,0,0,0,21.84,46.14,432.4,137.7,30.6,100,-0.077,50,30,48.18,91.37
10.97,0,0,0,21.79,46.05,431.1,161.4,29.4,100,-0.103,50,30,48.18,91.85
11,0,0,0,21.91,45.91,431.8,165.7,30.2,99.6,-0.044,50,30,48.18,92.32
11.03,0,0,0,22.1,45.22,435.2,151.7,29.9,99.9,0.048,50,30,48.18,91.65
11.06,0,0,0,21.93,45.01,435.7,494.3,30.7,100,-0.036,100,100,100,96.91
11.09,0,0,0.013,21.95,45.3,432.3,152.3,31.8,100,-0.026,50,30,48.18,91.87
11.12,0,0,0.012,21.85,44.84,431.5,137.5,31,100,-0.074,50,30,48.18,90.89
11.15,0,0,0,21.86,44.35,433.5,152.1,30.1,99.9,-0.07,50,30,48.18,91.17
11.18,0,0,0.011,21.99,44.29,431.3,151.6,31.6,99.8,-0.003,50,30,48.18,91.62
11.21,0,0,0.009,22.19,44.75,431,144.4,33,100,0.094,50,30,48.18,90.92
11.24,0,0,0.005,21.94,44.47,430.5,143.2,30.8,98.7,-0.032,50,30,48.18,91.12
11.28,0,0,0.012,21.87,44.57,434,161.1,29.5,97.5,-0.063,50,30,48.18,91.33
11.31,0,0,0.005,21.81,44.85,431.8,140.9,30.3,98,-0.094,50,30,48.18,90.65
11.34,0,0,0,21.81,45.17,435.5,152.7,29.8,97.8,-0.095,50,30,48.18,91.1
11.37,0,0,0,21.91,44.78,437.3,154.1,29.7,98.4,-0.047,50,30,48.18,91.42
11.4,0,0,0.022,21.85,44.98,437.8,149.7,30.5,98.9,-0.075,50,30,48.18,91.19
11.43,0,0,0.017,21.81,45.38,438.7,139,30.4,98.3,-0.093,50,30,48.18,90.83
11.46,0,0,0.018,21.77,44.75,437.3,146.6,28.5,98.4,-0.113,50,30,48.18,90.68
11.49,0,0,0.008,21.68,44.59,434.7,144.5,29.8,97.1,-0.158,50,30,48.18,90.09
11.52,0,0,0,21.67,44.7,434.9,150.1,31.2,98,-0.164,50,30,48.18,90.35
11.56,0,0,0.02,21.73,44.81,433,503.7,31.6,97.8,-0.134,100,100,100,95.79
11.59,0,0,0,21.89,45.08,435.8,146.7,30.2,98.3,-0.056,50,30,48.18,91.22
11.62,0,0,0.002,21.64,44.79,434.5,492,31.1,98.6,-0.177,100,100,100,95.66
11.65,0,0,0,21.85,44.99,438.1,156,29.3,98.1,-0.076,50,30,48.18,91.3
11.68,0,0,0.021,21.92,44.52,437.7,136.4,30.2,98.6,-0.042,50,30,48.18,90.85
11.71,0,0,0.018,21.83,44.47,437.1,149.2,28.7,98.9,-0.084,50,30,48.18,90.93
11.75,0,0,0.009,21.91,44.54,436.1,154.2,31,98.7,-0.046,50,30,48.18,91.36
11.78,0,0,0.029,21.79,44.65,437.6,159.7,30.5,99.5,-0.106,50,30,48.18,91.2
11.81,0,0,0.011,21.91,44.83,440.6,159.6,28.2,99.9,-0.044,50,30,48.18,91.76
11.84,0,0,0.029,21.74,44.87,441.1,22.4,30.1,100,-0.129,0,0,0,83.78
11.87,0,0,0.009,21.75,44.92,439.5,140.1,29.8,100,-0.122,50,30,48.18,90.64
11.91,0,0,0.005,22.01,44.71,438,137.6,30.6,100,0.003,50,30,48.18,91.38
11.94,0,0,0,22.03,44.62,439.3,165.7,31.6,100,0.014,50,30,48.18,92.1
11.97,0,0,0,22.17,44.98,439.3,174.9,29.2,100,0.083,50,30,48.18,92
12,0,0,0.02,22.15,44.54,439.6,157.7,29,100,0.073,50,30,48.18,91.39
12.04,0,0,0.038,21.89,44.97,438,140.6,28.3,100,-0.055,50,30,48.18,91.18
12.07,0,0,0.025,21.78,44.68,436.3,143.2,30.5,99.4,-0.107,50,30,48.18,90.7
12.1,0,0,0.046,21.81,44.2,437.8,163,30.1,99.5,-0.096,50,30,48.18,91.21
12.13,0,0,0.05,21.85,44.14,438.6,151,29.8,99.9,-0.074,50,30,48.18,91.03
12.17,0,0,0.028,21.9,44.11,441,143.3,32.2,100,-0.049,50,30,48.18,90.98
12.2,0,0,0.012,21.79,43.93,444.6,143.9,29.9,99.2,-0.102,50,30,48.18,90.46
12.23,0,0,0,21.82,43.79,443.8,158.9,30.5,99.7,-0.087,50,30,48.18,91.02
12.26,0,0,0.004,21.92,44.03,444.4,156.4,30.3,100,-0.038,50,30,48.18,91.42
12.3,0,0,0.007,22.01,43.77,446,502,29.7,100,0.003,100,100,100,96.62
12.33,0,0,0.023,21.97,43.68,444.1,140.2,29.9,100,-0.013,50,30,48.18,90.99
12.36,0,0,0.042,21.99,43.38,443.5,155.9,30.8,100,-0.007,50,30,48.18,91.4
12.4,0,0,0.016,21.83,43.88,442.8,162.4,28.9,100,-0.082,50,30,48.18,91.22
12.43,0,0,0.01,21.85,43.88,444,160.8,28.6,100,-0.074,50,30,48.18,91.24
12.46,0,0,0.008,21.72,44.04,442.4,146.2,27.9,98.7,-0.14,50,30,48.18,90.23
12.49,0,0,0.002,21.74,43.98,442.6,150.9,30.1,99.8,-0.131,50,30,48.18,90.53
12.53,0,0,0,21.88,44.35,443.3,158.3,30.6,100,-0.059,50,30,48.18,91.45
12.56,0,0,0,21.89,44.11,445.1,153.4,30.5,99.7,-0.057,50,30,48.18,91.2
12.59,0,0,0,21.92,44.14,445.7,143.3,29.5,99.7,-0.039,50,30,48.18,91.04
12.63,0,0,0,21.83,43.91,444.2,149.9,29.4,100,-0.086,50,30,48.18,90.83
12.66,0,0,0,21.86,44.13,443.3,137.1,29.4,100,-0.071,50,30,48.18,90.64
12.69,0,0,0.008,21.9,44.23,442.9,158.3,30,99.7,-0.049,50,30,48.18,91.45
12.73,0,0,0,21.78,43.9,443.4,145,30.7,98,-0.109,50,30,48.18,90.3
12.76,0,0,0.001,21.75,44.26,442.9,135.5,29.4,97.2,-0.123,50,30,48.18,89.97
12.79,0,0,0.023,21.8,43.81,441.7,163.6,28.5,97.8,-0.101,50,30,48.18,90.87
12.83,0,0,0.003,21.88,44.19,444.8,142.1,29.3,98,-0.058,50,30,48.18,90.71
12.86,0,0,0.008,21.83,44.07,442.3,143,31,97.9,-0.085,50,30,48.18,90.48
12.9,0,0,0,21.88,43.75,437.7,140,29.2,98.4,-0.062,50,30,48.18,90.5
12.93,0,0,0,21.89,44.02,439.5,149.1,30.1,98.6,-0.057,50,30,48.18,90.93
12.96,0,0,0,21.85,43.94,440.8,144.4,29.4,98.8,-0.074,50,30,48.18,90.65
13,0,0,0.01,21.87,43.39,439.5,502.8,30.7,98.3,-0.062,100,100,100,95.86
13.03,0,0,0.003,21.94,43.27,441.6,144.9,30.3,99.4,-0.028,50,30,48.18,90.81
13.06,0,0,0,21.91,43.63,439.5,144.4,28.2,99.7,-0.043,50,30,48.18,90.84
13.1,0,0,0,22.07,44.36,437.3,142.8,29.7,99.1,0.035,50,30,48.18,91.08
13.13,0,0,0.022,21.92,44.37,437.1,133.9,28.9,100,-0.037,50,30,48.18,90.89
13.17,0,0,0.013,22.05,44.51,439.8,153.8,30.4,99.2,0.024,50,30,48.18,91.56
13.2,0,0,0.031,21.81,45.09,440.5,148.1,30.7,100,-0.095,50,30,48.18,91.14
13.23,0,0,0.019,21.82,45.16,440.6,155.3,30,100,-0.087,50,30,48.18,91.45
13.27,0,0,0.011,21.86,45.27,440.8,149,29.8,99.1,-0.069,50,30,48.18,91.34
13.3,0,0,0,21.92,45.39,441.8,160.6,30.9,99.9,-0.039,50,30,48.18,92.05
13.34,0,0,0,22.1,44.97,442.5,156.5,30.5,98.9,0.051,50,30,48.18,91.59
13.37,0,0,0,22.29,45.18,442,142.9,30.4,98.7,0.142,50,30,48.18,90.55
13.41,0,0,0.005,22.28,44.17,445.1,157.8,29.7,98.5,0.139,50,30,48.18,90.62
13.44,0,0,0.022,22.15,44.62,442.4,155.3,28.5,99.5,0.073,50,30,48.18,91.3
13.47,0,0,0.014,22.06,44.58,443.4,161.2,31.8,99.3,0.028,50,30,48.18,91.78
13.51,0,0,0,21.98,44.57,439.6,141.1,29.6,100,-0.008,50,30,48.18,91.4
13.54,0,0,0.025,22.04,44.11,440.2,152.7,28.2,100,0.019,50,30,48.18,91.49
13.58,0,0,0.048,22.02,43.96,438.1,146.2,29.4,100,0.011,50,30,48.18,91.29
13.61,0,0,0.022,21.98,43.95,438.2,153,29.7,99.3,-0.009,50,30,48.18,91.45
13.65,0,0,0.015,21.91,44.15,436.4,161.3,30.1,99.8,-0.046,50,30,48.18,91.54
13.68,0,0,0.018,21.97,44.14,436.6,147.1,29.4,98.2,-0.014,50,30,48.18,91.19
13.71,0,0,0,21.98,44.62,436.2,141.7,31.4,99.4,-0.008,50,30,48.18,91.37
13.75,0,0,0.009,21.81,44.77,435.9,144.6,32,100,-0.093,50,30,48.18,90.94
13.78,0,0,0.02,21.89,44.73,436.7,138.5,30.3,100,-0.054,50,30,48.18,91.03
13.82,0,0,0.001,21.91,45.22,436.3,495.2,31.8,100,-0.045,100,100,100,96.92
13.85,0,0,0,21.67,45.11,438.3,179.4,30.4,99.8,-0.162,50,30,48.18,91.58
13.89,0,0,0.016,21.73,45,438.9,150,31,99.7,-0.131,50,30,48.18,90.87
13.92,0,0,0.023,21.8,44.88,442.8,500.7,31.1,100,-0.099,100,100,100,96.33
13.96,0,0,0.022,21.81,45.08,443.4,165.9,28.4,100,-0.092,50,30,48.18,91.7
13.99,0,0,0.041,21.99,44.91,441.3,155.4,28.7,99.2,-0.004,50,30,48.18,91.91
14.03,0,0,0.053,21.84,44.5,442.5,172,31.5,100,-0.078,50,30,48.18,91.77
14.06,0,0,0.036,21.83,44.36,443.8,156.2,29.7,99.3,-0.082,50,30,48.18,91.14
14.09,0,0,0.024,21.87,45.02,439.9,150.5,30.3,99.9,-0.066,50,30,48.18,91.41
14.13,0,0,0.029,21.7,45.02,437,145.4,29.4,98.8,-0.148,50,30,48.18,90.53
14.16,0,0,0.032,21.79,45.23,438.2,153.5,30.2,100,-0.106,50,30,48.18,91.27
14.2,0,0,0.058,21.66,45.08,437.3,142.7,29.9,100,-0.167,50,30,48.18,90.44
14.23,0,0,0.034,21.68,45.22,431.9,152.3,30.8,98.9,-0.159,50,30,48.18,90.74
14.27,0,0,0.06,21.67,45.22,431.8,143.2,32.3,98.9,-0.163,50,30,48.18,90.43
14.3,0,0,0.035,21.58,45.38,431.1,155.5,30,100,-0.208,50,30,48.18,90.63
14.34,0,0,0.015,21.68,45.26,428.6,155.1,30.6,100,-0.16,50,30,48.18,90.94
14.37,0,0,0,21.76,45.39,428.6,143,30.4,100,-0.118,50,30,48.18,90.93
14.41,0,0,0,21.76,45.28,430.4,133.4,29.7,100,-0.118,50,30,48.18,90.6
14.44,0,0,0.001,21.72,45.2,432.1,139.1,29.9,100,-0.137,50,30,48.18,90.6
14.48,0,0,0.005,21.72,45.36,429,150.6,30,99.2,-0.137,50,30,48.18,90.93
14.51,0,0,0.029,21.71,45.46,427.4,147.9,30.2,100,-0.142,50,30,48.18,90.93
14.55,0,0,0.044,21.58,45.52,428.6,140.9,30.8,100,-0.208,50,30,48.18,90.24
14.58,0,0,0.066,21.7,45.11,429.7,145.9,31.3,98.6,-0.148,50,30,48.18,90.55
14.62,0,0,0.069,21.71,44.76,433.5,148.1,27.8,98.5,-0.142,50,30,48.18,90.52
14.65,0,0,0.056,21.66,44.43,435.3,162.8,29.7,100,-0.17,50,30,48.18,90.78
14.69,0,0,0.061,21.9,44.84,437,152,31.1,100,-0.048,50,30,48.18,91.52
14.72,0,0,0.045,22,45.02,437.7,152.4,28.5,100,0,50,30,48.18,91.96
14.76,0,0,0.053,21.98,44.67,436.6,158.1,31,100,-0.008,50,30,48.18,91.94
14.79,0,0,0.073,21.85,44.06,437.9,148.7,28.9,99.3,-0.074,50,30,48.18,90.87
14.83,0,0,0.068,21.76,44.27,437.5,146.3,28.7,99.4,-0.121,50,30,48.18,90.53
14.86,0,0,0.058,21.74,44.04,435.4,147.3,30.6,100,-0.13,50,30,48.18,90.47
14.9,0,0,0.054,21.7,44.23,434.2,166.8,29,99.6,-0.149,50,30,48.18,90.94
14.93,0,0,0.03,21.64,44.03,432.2,150.5,28.5,99.3,-0.177,50,30,48.18,90.14
14.97,0,0,0.059,21.83,43.92,433.2,153.6,31.9,97.9,-0.084,50,30,48.18,90.75
15,0,0,0.038,21.73,44.21,433.1,145.1,30.4,98.6,-0.136,50,30,48.18,90.28
15.03,3.5,0,0.028,21.63,43.88,431.9,140.8,29.5,98.5,-0.183,50,30,48.18,89.67
15.07,7,0,0.022,21.72,43.77,430.1,139.4,30.5,98.4,-0.137,50,30,48.18,89.92
15.1,10.5,0,0.039,21.73,44.21,429.9,143.7,31.1,98.5,-0.131,50,30,48.18,90.27
15.14,14,0,0.043,21.95,43.88,431.5,147,30.5,99.1,-0.026,50,30,48.18,91.09
15.17,17.5,0,0.049,21.96,43.95,432.7,174,28,99.8,-0.021,50,30,48.18,92.04
15.21,20.9,0,0.065,21.82,43.8,433.6,158.6,27.7,99,-0.089,50,30,48.18,90.93
15.24,24.4,0,0.044,21.78,43.77,435.4,0,29,99.9,-0.108,0,0,0,81.85
15.28,27.9,0,0.056,21.83,43.51,435.4,158.5,30.3,98.8,-0.084,50,30,48.18,90.83
15.31,31.4,0,0.044,21.84,43.72,438.2,131.6,30.8,100,-0.077,50,30,48.18,90.28
15.35,34.9,0,0.052,21.76,43.97,439.4,146.4,31.6,97.8,-0.118,50,30,48.18,90.28
15.38,38.4,0,0.053,21.8,44.13,435.3,163.5,29.5,96.5,-0.101,50,30,48.18,90.86
15.42,41.9,0,0.062,22.02,44.02,434.2,498.3,29.1,99.1,0.009,100,100,100,96.61
15.45,45.4,0,0.05,21.94,44.05,434.9,142,31,100,-0.03,50,30,48.18,91.06
15.49,48.8,0,0.061,21.94,44.23,434.8,518,29.5,99.7,-0.032,100,100,100,96.39
15.52,52.3,0,0.062,22.02,44,434.7,152.2,30.2,99.6,0.011,50,30,48.18,91.45
15.56,55.8,0,0.088,21.99,43.99,430.8,151.6,30.3,98.9,-0.007,50,30,48.18,91.4
15.59,59.3,0,0.105,21.95,44.45,429.9,160,29.9,99.1,-0.024,50,30,48.18,91.71
15.63,62.8,0,0.11,21.95,44.05,430.8,152.5,29.2,100,-0.026,50,30,48.18,91.41
15.66,66.2,0,0.088,21.95,44.49,428.1,145.1,30.5,100,-0.024,50,30,48.18,91.36
15.7,69.7,0,0.102,21.84,44.85,424.7,165,29.4,100,-0.078,50,30,48.18,91.7
15.73,73.2,0,0.09,21.69,45.13,425.1,136.3,31.8,100,-0.156,50,30,48.18,90.35
15.77,76.7,0,0.096,21.97,44.74,424.3,164.7,30.2,99.3,-0.015,50,30,48.18,92.04
15.8,80.2,0,0.1,21.8,45.24,423.1,162.2,31.4,99.4,-0.097,50,30,48.18,91.56
15.84,83.6,0,0.117,21.93,45.29,425.6,146.2,31,99.2,-0.034,50,30,48.18,91.55
15.87,87.1,0,0.116,21.83,44.64,424,147.1,30.5,98.6,-0.086,50,30,48.18,90.88
15.91,90.6,0,0.121,21.87,44.31,424.3,152.3,31.8,98.3,-0.065,50,30,48.18,91.04
15.94,94,0,0.109,21.86,45.15,424.9,145.3,29.8,97.7,-0.068,50,30,48.18,91.05
15.97,97.5,0,0.117,21.79,45.48,425.5,156.2,29.6,98.6,-0.105,50,30,48.18,91.33
16.01,101,0,0.09,21.75,45.64,428.8,138,30,97.4,-0.125,50,30,48.18,90.56
16.04,104.4,0,0.091,21.66,45.29,430,154.3,30.4,97,-0.167,50,30,48.18,90.57
16.08,107.9,0,0.089,21.65,45.69,430.8,168.5,28.6,97.6,-0.175,50,30,48.18,91.14
16.11,111.3,0,0.079,21.62,45.63,426.6,159.6,28.7,97.5,-0.19,50,30,48.18,90.73
16.15,114.8,0,0.066,21.67,45.32,427.6,170.8,29.8,97.4,-0.165,50,30,48.18,91.13
16.18,118.2,0,0.076,21.6,45.37,424.8,145.7,31.4,98.1,-0.196,50,30,48.18,90.23
16.22,121.7,0,0.063,21.53,45.42,426.4,168.3,32,98.4,-0.232,50,30,48.18,90.69
16.25,125.1,0,0.054,21.49,45.7,425,146.2,29,99.1,-0.254,50,30,48.18,90.04
16.29,128.6,0,0.043,21.81,45.41,424.6,156.6,30,98.1,-0.095,50,30,48.18,91.34
16.32,132,0,0.058,21.6,45.6,426,153.7,28.7,97.5,-0.196,50,30,48.18,90.5
16.35,135.5,0,0.038,21.64,45.72,426.7,155.7,30.8,97.2,-0.18,50,30,48.18,90.69
16.39,138.9,0,0.041,21.75,45.3,426.9,179.4,29.6,96.4,-0.126,50,30,48.18,91.57
16.42,142.4,0,0.031,21.86,45.68,428.1,142,31.9,94.6,-0.072,50,30,48.18,90.82
16.46,145.8,0,0.036,21.94,45.74,425.4,136,30.9,95.7,-0.028,50,30,48.18,91.1
16.49,149.2,0,0.057,22.02,45.61,424.5,163,30.1,95.6,0.011,50,30,48.18,91.98
16.53,152.6,0,0.063,22.14,45.98,424.4,167.8,30.6,94.6,0.07,50,30,48.18,91.72
16.56,156.1,0,0.061,22.14,45.59,422,144.8,28.7,95.9,0.068,50,30,48.18,91.02
16.59,159.5,0,0.088,22.1,45.31,420.4,147.7,29.8,96.3,0.048,50,30,48.18,91.2
16.63,162.9,0,0.085,21.87,44.81,419.6,153.4,28.9,97,-0.063,50,30,48.18,91.15
16.66,166.3,0,0.082,22.01,44.68,422.2,132.1,29.8,95.5,0.007,50,30,48.18,90.73
16.7,169.7,0,0.089,21.96,44.41,422.8,154.9,29.5,93.8,-0.021,50,30,48.18,91.04
16.73,173.2,0,0.086,21.97,44.25,424.3,165.6,30.5,96.7,-0.016,50,30,48.18,91.63
16.77,176.6,0,0.07,21.97,44.3,423,162.5,29.6,95.9,-0.016,50,30,48.18,91.47
16.8,180,0,0.05,22.12,44.38,423.3,513.3,30.3,97.8,0.057,100,100,100,96.11
16.83,183.4,0,0.036,22.05,44.52,419.5,156.9,30.9,100,0.023,50,30,48.18,91.74
16.87,186.8,0,0.044,21.89,44.44,418.9,154.8,31,99.6,-0.055,50,30,48.18,91.37
16.9,190.1,0,0.075,21.82,44.32,420.5,135,30.1,99.5,-0.091,50,30,48.18,90.45
16.94,193.5,0,0.078,21.7,44.27,422.8,161.8,31.1,99.5,-0.147,50,30,48.18,90.8
16.97,196.9,0,0.1,21.72,44.02,425,148.7,28,99.4,-0.141,50,30,48.18,90.37
17,200.3,0,0.119,21.7,44,425.8,511,29.6,100,-0.149,100,100,100,95.52
17.04,203.7,0,0.11,21.67,44.03,427.8,167.3,30.4,100,-0.165,50,30,48.18,90.8
17.07,207.1,0,0.098,21.57,43.77,431.2,160.3,30.9,100,-0.214,50,30,48.18,90.13
17.1,210.4,0,0.089,21.58,43.79,429.9,151.8,29.7,100,-0.206,50,30,48.18,89.94
17.14,213.8,0,0.095,21.5,43.24,434,170.4,31.7,100,-0.245,50,30,48.18,90
17.17,217.2,0,0.08,21.43,43.02,428.1,160.4,29.6,99.5,-0.28,50,30,48.18,89.3
17.21,220.5,0,0.075,21.61,43.48,426.3,504.6,31.5,100,-0.191,100,100,100,95.08
17.24,223.9,0,0.088,21.76,43.81,423.1,153.2,30.4,100,-0.118,50,30,48.18,90.65
17.27,227.2,0,0.103,21.91,44.2,423.5,163.1,30.8,100,-0.045,50,30,48.18,91.64
17.31,230.6,0,0.108,21.92,44.21,418.7,165,29.8,100,-0.039,50,30,48.18,91.74
17.34,233.9,0,0.128,21.88,44.09,421.8,171.6,29.9,100,-0.058,50,30,48.18,91.75
17.37,237.2,0,0.116,21.85,44.59,421.8,154.4,30.2,100,-0.074,50,30,48.18,91.31
17.41,240.6,0,0.121,21.92,44.38,420.9,165.4,29.7,99.1,-0.041,50,30,48.18,91.71
17.44,243.9,0,0.1,21.85,44.73,422.5,159,30.8,99.1,-0.075,50,30,48.18,91.4
17.47,247.2,0,0.122,21.9,45.08,420.2,165.9,30.2,99.3,-0.051,50,30,48.18,91.94
17.51,250.5,0,0.135,21.81,45.3,420.5,164.2,28.9,99.9,-0.095,50,30,48.18,91.7
17.54,253.8,0,0.14,21.65,45.7,420.5,179,28.8,100,-0.171,50,30,48.18,91.73
17.57,257.2,0,0.11,21.9,45.02,424,167.7,30.7,99.6,-0.049,50,30,48.18,92.02
17.6,260.5,0,0.1,21.8,45.13,423,163.1,27.8,100,-0.101,50,30,48.18,91.57
17.64,263.8,0,0.079,21.75,44.85,424.2,165.4,31.5,98.4,-0.126,50,30,48.18,91.19
17.67,267,1,0.074,21.72,44.89,425.6,148.1,41.4,97,-0.137,50,30,48.18,90.03
17.7,270.3,1,0.076,21.86,44.97,425.8,152.4,39.5,97.5,-0.068,50,30,48.18,91.19
17.74,273.6,1,0.055,21.96,45.14,430.4,164.3,38.3,95.8,-0.02,50,30,48.18,91.79
17.77,276.9,1,0.08,22.12,45.46,431.1,147.7,41,96.5,0.059,50,30,48.18,90.88
17.8,280.2,1,0.062,22.09,45.7,431.1,138.6,39.2,96.1,0.043,50,30,48.18,91.09
17.83,283.4,1,0.082,22.12,45.65,433.7,159.6,42.4,95.4,0.062,50,30,48.18,90.79
17.87,286.7,1,0.097,21.92,46.04,436.9,159.6,40.4,94.8,-0.039,50,30,48.18,91.63
17.9,290,1,0.076,21.88,46.09,439,514.4,40.4,95.8,-0.06,100,100,100,96.42
17.93,293.2,1,0.064,21.84,46.04,439.6,162.2,40.7,95.9,-0.078,50,30,48.18,91.44
17.96,296.4,1,0.094,21.88,46.25,442.3,164.4,39.5,95.5,-0.058,50,30,48.18,91.91
18,299.7,1,0.081,21.88,46.23,443.7,161.2,40.1,93.1,-0.061,50,30,48.18,91.5
18.03,302.9,1,0.067,21.98,46.46,445.8,36.5,41.1,92.6,-0.009,0,0,0,85.27
18.06,306.1,1,0.071,21.93,46.68,447.5,169.5,41.5,92.1,-0.035,50,30,48.18,91.58
18.09,309.4,1,0.063,22.04,46.55,445.9,163.4,39.5,93.1,0.019,50,30,48.18,92.03
18.13,312.6,1,0.084,22.21,46,451.4,166.4,39.6,93.1,0.103,50,30,48.18,91.29
18.16,315.8,2,0.102,22.27,46.04,458.1,158.6,42.9,92.7,0.135,50,30,48.18,89.92
18.19,319,2,0.105,21.96,46.28,459.6,516.5,44,91.3,-0.02,100,100,100,95.21
18.22,322.2,2,0.087,22.1,46.53,458.6,154,43.8,89.6,0.049,50,30,48.18,90.02
18.25,325.4,2,0.085,22.23,46.59,461.9,178.2,43.1,88.4,0.113,50,30,48.18,90.4
18.29,328.6,2,0.097,22.28,46.56,462.7,157,43.8,86.3,0.138,50,30,48.18,89.14
18.32,331.8,2,0.116,22.41,46.67,466.8,170.7,42.7,85.3,0.202,50,30,48.18,89.35
18.35,334.9,2,0.125,22.32,46.95,466.7,157.9,42.4,85,0.157,50,30,48.18,89.47
18.38,338.1,2,0.109,22.36,47.24,468.4,174.2,41.8,84.6,0.177,50,30,48.18,90.04
18.41,341.3,2,0.116,22.29,47.25,469.8,174.9,42.8,84,0.144,50,30,48.18,89.95
18.44,344.4,2,0.104,22.08,47.57,471.8,168.8,41.5,83.1,0.042,50,30,48.18,90.96
18.48,347.6,2,0.104,22.08,47.48,472.1,165.4,42.8,82,0.039,50,30,48.18,90.34
18.51,350.7,2,0.084,22.17,48.11,473,153.2,43.1,81.5,0.085,50,30,48.18,89.74
18.54,353.8,2,0.067,22.26,48.26,477.2,169.2,44.4,78.7,0.131,50,30,48.18,89.26
18.57,357,2,0.051,22.07,48.37,479,512.2,43.7,76.8,0.036,100,100,100,94.58
18.6,360.1,2,0.076,22.18,48.1,480.6,167.9,44,76.2,0.089,50,30,48.18,89.35
18.63,363.2,2,0.077,22.29,47.86,485.1,155.2,43.7,75.5,0.146,50,30,48.18,88.47
18.66,366.3,2,0.105,22.21,47.99,488.7,168.5,43.2,74,0.104,50,30,48.18,89.21
18.69,369.4,2,0.107,22.3,47.67,491.3,170.6,45.5,71.8,0.149,50,30,48.18,87.92
18.72,372.5,2,0.126,22.42,47.97,494.6,189,43.3,70.3,0.21,50,30,48.18,88.63
18.76,375.6,3,0.134,22.36,48.53,498.8,183.2,45.3,66.7,0.18,50,30,48.18,87.92
18.79,378.7,3,0.132,22.35,48.78,505.5,181.8,45.4,63,0.176,50,30,48.18,87.62
18.82,381.7,3,0.145,22.43,47.7,512.4,176.7,45.4,61.5,0.214,50,30,48.18,86.63
18.85,384.8,3,0.139,22.4,48.17,517.2,177.4,46,59.5,0.197,50,30,48.18,86.56
18.88,387.8,3,0.118,22.36,48.4,521.4,185.5,45.4,57,0.177,50,30,48.18,86.99
18.91,390.9,3,0.134,22.3,48.72,526.4,183.5,44.9,54.3,0.149,50,30,48.18,87.12
18.94,393.9,3,0.143,22.06,48.8,530.7,159.5,44.1,52.4,0.028,50,30,48.18,87.4
18.97,397,3,0.12,22.27,48.78,533.3,187.6,43.5,51.5,0.136,50,30,48.18,87.51
19,400,3,0.191,22.23,49.76,535.1,192.6,45.6,48.6,0.114,50,30,48.18,87.28
19.03,403,3,0.289,22.36,49.62,537.7,198.6,45.9,49.9,0.178,50,30,48.18,86.95
19.06,406,3,0.359,22.26,49.01,540.6,230.3,43.8,47.4,0.127,50,30,48.18,88.45
19.09,409,3,0.429,22.13,49.05,544.8,236.8,44.9,45.6,0.064,50,30,48.18,88.61
19.12,412,3,0.465,21.97,49,548.2,245.7,44.5,44.8,-0.015,50,30,48.18,89.27
19.15,415,3,0.523,22.04,48.81,553.1,254.6,44.7,44.5,0.02,50,30,48.18,89.35
19.18,418,3,0.536,21.86,48.48,557.5,257.9,45.1,43.1,-0.071,50,30,48.18,88.66
19.21,421,3,0.567,21.73,48.35,561.3,275.1,45.9,43,-0.136,50,30,48.18,88.41
19.24,423.9,3,0.61,21.67,48.11,566.8,283.9,44.5,44.1,-0.166,50,30,48.18,88.87
19.27,426.9,3,0.619,21.51,48.13,569.1,285,45.2,43.5,-0.242,50,30,48.18,88.08
19.3,429.8,3,0.616,21.61,47.39,569.2,288.4,46.2,41.7,-0.194,50,30,48.18,87.79
19.33,432.8,3,0.624,21.57,46.93,569.9,296.8,45.2,41.4,-0.214,50,30,48.18,88
19.36,435.7,3,0.632,21.66,46.91,571.3,269.2,45,39,-0.169,50,30,48.18,87.3
19.39,438.6,3,0.636,21.63,47.02,572.7,285.1,45.5,37.3,-0.185,50,30,48.18,87.39
19.42,441.5,3,0.622,21.65,46.98,569.3,152.3,46.5,36.4,-0.174,0,0,0,83.33
19.44,444.5,3,0.648,21.66,46.79,570.9,281.7,44.9,36.2,-0.168,50,30,48.18,87.4
19.47,447.4,3,0.642,21.89,46.69,571.1,283.8,44.9,35.1,-0.055,50,30,48.18,88.15
19.5,450.2,3,0.675,21.89,46.16,575.6,305,44.6,33.8,-0.053,50,30,48.18,88.48
19.53,453.1,3,0.688,21.87,46.16,578.3,312.1,46,32.5,-0.066,50,30,48.18,87.9
19.56,456,3,0.71,21.97,46.1,578.3,297,45.7,32.8,-0.016,50,30,48.18,88.16
19.59,458.9,3,0.692,21.78,46.38,581.9,309.5,46,32.3,-0.112,50,30,48.18,87.6
19.62,461.7,4,0.712,21.8,46.15,588.2,321.3,45.1,32.2,-0.1,50,30,48.18,87.98
19.65,464.6,4,0.73,21.79,46.61,592.2,315.7,46.1,30.6,-0.106,50,30,48.18,87.58
19.67,467.4,4,0.727,21.57,47.04,594.4,163,46.7,28.6,-0.212,0,0,0,82.54
19.7,470.2,4,0.736,21.51,47.4,595.2,164.4,45.4,26.4,-0.246,0,0,0,82.65
19.73,473,4,0.723,21.43,47.13,598.7,318.2,44.7,25.6,-0.284,50,30,48.18,86.4
19.76,475.9,4,0.712,21.54,47.28,601.6,314.9,46.7,25.2,-0.23,50,30,48.18,86.19
19.79,478.7,4,0.689,21.73,47.15,603.3,310.6,45.3,24,-0.132,50,30,48.18,87.1
19.81,481.5,4,0.685,21.71,47.19,606.7,164.6,46.1,22.1,-0.142,0,0,0,82.7
19.84,484.2,5,0.677,22,46.98,608.4,318,48.5,17.9,0,50,30,48.18,86.54
19.87,487,5,0.687,22.23,47.06,611.1,320.3,47.6,15.6,0.116,50,30,48.18,85.78
19.9,489.8,5,0.7,22.31,47.35,615.7,319.6,47.9,12.7,0.154,50,30,48.18,85.22
19.93,492.5,5,0.689,22.23,47.58,622.2,167.8,46.4,9.2,0.116,0,0,0,81.74
19.95,495.3,5,0.714,22.26,47.79,624.8,326.2,45.8,7.1,0.128,50,30,48.18,85.71
19.98,498,5,0.701,22.1,47.95,629.2,325.2,44.9,4.9,0.048,50,30,48.18,86.39
20.01,500.7,5,0.682,22.07,47.99,631.1,331.4,45.8,1.9,0.034,50,30,48.18,86.02
20.03,503.5,5,0.69,22.17,47.63,635.9,320.3,48,0,0.083,50,30,48.18,84.54
20.06,506.2,5,0.675,22.07,47.45,636.5,321.5,48.9,0,0.036,50,30,48.18,84.58
20.09,508.9,5,0.68,22.09,47.18,637.2,317.4,48,0,0.044,50,30,48.18,84.64
20.12,511.6,5,0.694,21.96,47.13,640.5,319.3,46.8,0,-0.019,50,30,48.18,85.19
20.14,514.2,5,0.672,22.09,47.81,643.7,303.1,48,0,0.046,50,30,48.18,84.74
20.17,516.9,5,0.698,22.22,47.74,644.4,347.6,48.6,0,0.112,50,30,48.18,84.46
20.2,519.6,5,0.679,22.2,47.65,649.2,344.9,48.4,0.8,0.102,50,30,48.18,84.64
20.22,522.2,5,0.676,22.28,47.5,650.2,302.5,46,0,0.141,50,30,48.18,84.49
20.25,524.8,5,0.699,22.29,47.47,652.3,341.6,48.2,0,0.144,50,30,48.18,84.19
20.27,527.5,5,0.705,22.31,47.44,654.2,341.5,46.8,0,0.154,50,30,48.18,84.52
20.3,530.1,5,0.692,22.27,48.06,654.4,332.5,46.8,0,0.134,50,30,48.18,84.81
20.33,532.7,5,0.699,22.26,47.54,653.1,334.1,44.2,0,0.13,50,30,48.18,85.44
20.35,535.3,5,0.703,22.41,47.58,654.5,169.6,47.6,0,0.204,0,0,0,79.87
20.38,537.9,5,0.695,22.19,47.79,655.7,342.9,47.7,0,0.096,50,30,48.18,84.81
20.4,540.5,5,0.689,22.33,47.66,661,346.1,46.7,0,0.165,50,30,48.18,84.61
20.43,543,5,0.695,22.24,47.81,663.6,345.4,48.8,0,0.117,50,30,48.18,84.38
20.46,545.6,5,0.68,21.98,47.94,665.5,308.2,47.7,0,-0.009,50,30,48.18,85.18
20.48,548.1,5,0.703,22.06,48.25,667.8,338.4,46.8,0,0.031,50,30,48.18,85.73
20.51,550.7,5,0.708,22.2,48.63,670.9,335,46.2,0,0.1,50,30,48.18,85.48
20.53,553.2,5,0.726,22.16,48.06,672.2,340.5,48.6,0,0.079,50,30,48.18,84.78
20.56,555.7,5,0.722,22.3,48.4,672.2,355.1,47.4,0,0.151,50,30,48.18,84.86
20.58,558.2,5,0.733,22.45,48.09,675.2,353.3,44.1,0.6,0.226,50,30,48.18,85.21
20.61,560.7,5,0.745,22.37,48.29,674.6,355.1,44.5,0,0.182,50,30,48.18,85.45
20.63,563.2,5,0.748,22.39,48.79,675.8,353.6,48.8,0,0.192,50,30,48.18,84.25
20.66,565.7,5,0.755,22.37,48.82,679.6,350.9,47.1,0,0.185,50,30,48.18,84.8
20.68,568.1,5,0.759,22.41,48.37,681,365,47.7,0,0.203,50,30,48.18,84.47
20.71,570.6,5,0.759,22.29,48.26,679,378.3,46.1,0,0.147,50,30,48.18,85.46
20.73,573,5,0.738,22.1,48.98,680.2,370.7,48.1,0,0.051,50,30,48.18,85.76
20.75,575.5,6,0.73,22.36,49.02,686.3,365.9,47.5,0,0.181,50,30,48.18,84.94
20.78,577.9,6,0.723,22.42,49.07,685.6,351.7,47.8,0,0.211,50,30,48.18,84.51
20.8,580.3,6,0.708,22.36,49.32,691.2,352.3,47.5,0,0.177,50,30,48.18,84.96
20.83,582.7,6,0.7,22.49,49.89,697,358,49.2,0,0.245,50,30,48.18,84.2
20.85,585.1,6,0.696,22.41,49.94,700.3,360.9,47.6,0,0.205,50,30,48.18,85.01
20.87,587.5,6,0.719,22.48,50.54,703,363.8,48.6,0,0.241,50,30,48.18,84.31
20.9,589.8,6,0.734,22.44,50.03,704.5,376.2,47.8,0,0.218,50,30,48.18,85.02
20.92,592.2,6,0.738,22.52,50.5,708.3,207.5,50,0,0.26,0,0,0,80.59
20.95,594.5,6,0.746,22.47,50.44,711.5,363.3,47.4,0,0.236,50,30,48.18,84.74
20.97,596.8,6,0.714,22.27,50.36,716.6,364.1,48,0,0.133,50,30,48.18,85.37
20.99,599.2,6,0.725,22.26,49.92,722.6,727.5,48.1,0,0.132,100,100,100,84.13
21.01,601.5,6,0.7,22.35,50.06,727.6,358.7,47.9,0,0.176,50,30,48.18,85.13
21.04,603.8,6,0.718,22.58,49.79,729.6,363.2,47.5,0,0.291,50,30,48.18,84.37
21.06,606.1,6,0.714,22.66,49.82,730.8,231.2,46.3,0,0.329,0,0,0,82.01
21.08,608.3,6,0.734,22.5,49.96,730.4,395.6,48.2,0,0.249,50,30,48.18,84.88
21.11,610.6,6,0.732,22.42,49.9,732.1,372.7,46.4,0,0.208,50,30,48.18,85.47
21.13,612.8,6,0.751,22.6,50.2,734.3,370.3,48.1,0,0.298,50,30,48.18,84.23
21.15,615.1,6,0.767,22.5,50.52,733.6,390.1,47.2,0,0.251,50,30,48.18,84.92
21.17,617.3,6,0.771,22.65,50.87,736.7,380.6,49.9,0,0.324,50,30,48.18,83.33
21.2,619.5,6,0.784,22.51,50.69,738.1,377.3,49,0,0.256,50,30,48.18,84.16
21.22,621.7,6,0.754,22.44,50.71,738.5,382.3,47.5,0,0.221,50,30,48.18,84.91
21.24,623.9,6,0.742,22.49,50.84,735.9,384.2,47.5,0,0.243,50,30,48.18,84.71
21.26,626.1,6,0.714,22.64,50.53,736.6,371.8,47.4,0,0.32,50,30,48.18,84.16
21.28,628.3,6,0.728,22.54,51.01,737.7,374.2,48.8,0,0.273,50,30,48.18,83.93
21.3,630.4,6,0.717,22.6,51.44,737.7,370.3,47.1,0,0.303,50,30,48.18,84.03
21.33,632.6,6,0.716,22.75,51.29,740,367.8,46.3,0,0.377,50,30,48.18,83.74
21.35,634.7,6,0.72,22.75,51.22,740.5,383.1,47.9,0,0.378,50,30,48.18,83.42
21.37,636.8,6,0.701,22.87,51.78,740.9,371.6,48.2,0,0.434,50,30,48.18,82.6
21.39,638.9,6,0.705,22.75,50.87,745,379.7,48.8,0,0.376,50,30,48.18,83.27
21.41,641,6,0.726,22.73,50.73,749,376.6,47.8,0,0.366,50,30,48.18,83.67
21.43,643.1,6,0.722,22.89,50.08,753.1,375.9,46.8,0,0.447,50,30,48.18,83.59
21.45,645.2,6,0.706,22.84,49.69,756.8,380.7,47.4,0,0.422,50,30,48.18,83.58
21.47,647.2,6,0.722,22.94,50.15,760.3,232.2,45.9,0,0.469,0,0,0,81.14
21.49,649.3,6,0.734,22.65,50.4,758.9,388.4,46.7,0,0.326,50,30,48.18,84.54
21.51,651.3,6,0.714,22.8,50.35,757.9,400.6,47.9,0,0.402,50,30,48.18,83.76
21.53,653.3,6,0.697,22.83,50.17,758.7,372.2,47,0,0.418,50,30,48.18,83.68
21.55,655.3,6,0.676,22.94,49.72,759.2,373.6,49.5,0,0.469,50,30,48.18,82.53
21.57,657.3,6,0.684,22.64,49.66,761.4,721.2,47.2,0,0.322,100,100,100,82.99
21.59,659.3,6,0.701,22.71,49.33,761.7,375.6,48.1,0,0.352,50,30,48.18,83.69
21.61,661.3,6,0.717,22.86,49.35,763.3,385.5,47.2,0,0.428,50,30,48.18,83.49
21.63,663.2,6,0.697,23.06,49.26,767.8,379.4,46.9,0,0.527,50,30,48.18,82.74
21.65,665.2,6,0.683,23.02,49.76,771.7,365.3,46.1,0,0.512,50,30,48.18,83.16
21.67,667.1,6,0.682,22.84,49.54,774.3,380.8,45.3,0,0.418,50,30,48.18,84.17
21.69,669,6,0.684,22.64,49.4,773.3,728.3,47.9,0,0.318,100,100,100,82.6
21.71,670.9,6,0.691,22.84,49.53,772.3,205.2,47.1,0,0.418,0,0,0,80.22
21.73,672.8,6,0.713,22.9,49.21,774.4,391.6,48.7,0,0.451,50,30,48.18,82.88
21.75,674.7,6,0.689,23.1,49.05,776.4,244.5,48,0,0.549,0,0,0,79.95
21.77,676.6,6,0.67,23.21,49.12,781.2,372.5,49.5,0,0.602,50,30,48.18,81.28
21.78,678.4,6,0.66,22.71,49.33,786.7,716.2,48.3,0,0.352,100,100,100,82.37
21.8,680.3,6,0.658,22.57,49.14,788.6,710,47,0,0.286,100,100,100,83.28
21.82,682.1,6,0.663,22.67,49.17,788.2,377.7,46.8,0,0.332,50,30,48.18,84.18
21.84,683.9,6,0.686,22.64,49.15,791.1,385.6,47,0,0.321,50,30,48.18,84.3
21.86,685.7,6,0.699,22.73,49,793.6,393.1,48.6,0,0.366,50,30,48.18,83.48
21.88,687.5,6,0.702,22.66,49.24,795.1,402.8,47.4,0,0.329,50,30,48.18,84.32
21.89,689.3,6,0.72,22.63,49.78,795.3,392.4,46.9,0,0.313,50,30,48.18,84.69
21.91,691.1,6,0.735,22.63,49.99,794.4,420.5,48,0,0.317,50,30,48.18,84.69
21.93,692.8,6,0.74,22.93,50.35,794.7,258.8,46,0,0.463,0,0,0,81.85
21.95,694.6,6,0.731,22.53,49.79,791.6,738.8,48.1,0,0.264,100,100,100,82.93
21.96,696.3,6,0.709,22.55,49.51,790.5,384,48.5,0,0.275,50,30,48.18,84.31
21.98,698,6,0.695,22.79,49.43,788.8,402.4,48.7,0,0.392,50,30,48.18,83.53
22,699.7,6,0.718,22.78,49.6,786.2,410.2,48.3,0,0.392,50,30,48.18,83.79
22.01,701.4,6,0.736,22.67,49.39,788.2,418.1,48.5,0,0.336,50,30,48.18,84.15
22.03,703.1,6,0.751,22.81,49.42,787.1,408.9,46.1,0,0.403,50,30,48.18,84.27
22.05,704.7,6,0.728,22.77,48.96,790.5,396.9,48.2,0,0.384,50,30,48.18,83.49
22.06,706.4,6,0.704,22.84,49.16,789.2,407.4,47,0,0.421,50,30,48.18,83.77
22.08,708,6,0.692,22.91,49.51,789.2,403.7,51,0,0.455,50,30,48.18,82.42
22.1,709.6,6,0.674,23,49.49,788.8,388,48.8,0,0.499,50,30,48.18,82.58
22.11,711.2,6,0.69,22.83,49.72,790.4,408.6,47.3,0,0.414,50,30,48.18,83.96
22.13,712.8,6,0.705,22.89,49.27,787.7,406,48.7,0,0.443,50,30,48.18,83.12
22.14,714.4,6,0.69,22.84,49.76,785.9,408.8,47.2,0,0.421,50,30,48.18,83.95
22.16,715.9,6,0.692,22.95,49.95,785.6,405.6,47.9,0,0.475,50,30,48.18,83.37
22.17,717.5,6,0.674,23.06,49.81,783.7,391.2,48.5,0,0.528,50,30,48.18,82.61
22.19,719,6,0.685,22.89,50,780,419.6,47.7,0,0.443,50,30,48.18,83.82
22.21,720.6,6,0.673,22.89,50.5,778.2,387.3,49,0,0.446,50,30,48.18,82.89
22.22,722.1,6,0.69,22.66,50.32,783.2,773.8,48.8,0,0.33,100,100,100,81.65
22.24,723.6,6,0.669,23.03,50.26,783.7,409.4,46.9,0,0.513,50,30,48.18,83.33
22.25,725,6,0.67,22.97,50.58,784.2,406.4,48.2,0,0.486,50,30,48.18,83
22.27,726.5,6,0.653,23.1,50.18,785.2,393.2,48.1,0,0.551,50,30,48.18,82.56
22.28,728,6,0.644,22.94,50.28,786.1,386.1,47.6,0,0.471,50,30,48.18,83.21
22.29,729.4,6,0.65,22.78,50.42,784.7,391.8,48.5,0,0.389,50,30,48.18,83.54
22.31,730.8,6,0.682,22.97,50.2,784.1,394.7,47.2,0,0.484,50,30,48.18,83.33
22.32,732.2,6,0.683,23,49.96,781.5,403.3,46.8,0,0.5,50,30,48.18,83.49
22.34,733.6,6,0.683,22.79,50.17,780.5,394.1,48.9,0,0.396,50,30,48.18,83.49
22.35,735,6,0.675,22.85,50.6,781.1,411.8,50,0,0.426,50,30,48.18,82.94
22.36,736.4,6,0.674,22.88,50.09,780.6,411.6,49,0,0.44,50,30,48.18,83.36
22.38,737.8,6,0.689,22.86,49.11,784,416.1,47.3,0,0.428,50,30,48.18,83.69
22.39,739.1,6,0.71,22.89,49.07,786.4,406.2,46.6,0,0.445,50,30,48.18,83.66
22.4,740.4,6,0.71,22.69,48.48,788.3,773,47.3,0,0.342,100,100,100,81.58
22.42,741.7,6,0.698,22.81,48.65,785.3,407.3,48.3,0,0.402,50,30,48.18,83.31
22.43,743,6,0.711,22.71,48.39,786.6,424.6,47.8,0,0.355,50,30,48.18,83.9
22.44,744.3,6,0.685,22.97,48.28,788.2,411.8,48.1,0,0.485,50,30,48.18,82.67
22.46,745.6,6,0.699,22.97,48.57,789.7,425.4,46.6,0,0.486,50,30,48.18,83.36
22.47,746.9,6,0.692,23.04,48.11,791.5,399.5,48.2,0,0.519,50,30,48.18,82.18
22.48,748.1,6,0.674,23.14,48.45,794.5,408.5,48.8,0,0.566,50,30,48.18,81.87
22.49,749.3,6,0.686,23,48.91,794.6,421.4,48.1,0,0.498,50,30,48.18,82.9
22.51,750.6,6,0.686,22.83,49.19,792.8,399.5,48.1,0,0.414,50,30,48.18,83.41
22.52,751.8,6,0.69,22.9,49.38,794.6,415.7,47.7,0,0.451,50,30,48.18,83.48
22.53,752.9,6,0.691,23,49.33,796.5,403.1,48.7,0,0.498,50,30,48.18,82.69
22.54,754.1,6,0.683,23.11,50.03,799.7,417.9,49.7,0,0.553,50,30,48.18,82.36
22.55,755.3,6,0.688,23.18,49.57,802.2,409.8,47.2,0,0.591,50,30,48.18,82.58
22.56,756.4,6,0.689,23.08,49.65,800.5,416.8,47.3,0,0.538,50,30,48.18,83.07
22.58,757.5,6,0.669,23.08,49.81,801.1,411.5,47,0,0.54,50,30,48.18,83.14
22.59,758.7,6,0.689,23.09,49.45,803.5,417.4,47.4,0,0.546,50,30,48.18,82.87
22.6,759.8,6,0.696,23.26,49.29,807.9,424,47.1,0,0.629,50,30,48.18,82.3
22.61,760.8,6,0.679,23.23,49.57,806.9,416.7,47.9,0,0.615,50,30,48.18,82.21
22.62,761.9,6,0.66,23.13,49.85,808.2,384.9,48.1,0,0.563,50,30,48.18,82.3
22.63,763,6,0.65,23.23,49.65,811.6,397.9,47.7,0,0.615,50,30,48.18,82.04
22.64,764,6,0.669,23.16,49.69,811.1,401.8,47.4,0,0.578,50,30,48.18,82.48
22.65,765,6,0.659,23.41,49.63,812.1,235.2,48.4,0,0.705,0,0,0,78.46
22.66,766.1,6,0.671,23.18,49.78,811.7,406.1,48.2,0,0.589,50,30,48.18,82.21
22.67,767.1,6,0.653,23.51,50.11,813.1,255.4,46,0,0.756,0,0,0,79.48
22.68,768,6,0.657,23.38,50.05,813.8,415.6,47.3,0,0.689,50,30,48.18,81.86
22.69,769,6,0.682,23.28,50.31,814.8,405,48.7,0,0.639,50,30,48.18,81.61
22.7,770,6,0.707,23.09,50.08,812.9,426.5,48.4,0,0.543,50,30,48.18,82.74
22.71,770.9,6,0.73,23.07,50.65,813.5,426.2,47.8,0,0.537,50,30,48.18,82.75
22.72,771.8,6,0.718,23.04,50.27,813.6,426.2,47.3,0,0.522,50,30,48.18,83.13
22.73,772.7,6,0.728,23.13,50.44,813.1,430.5,46.3,0,0.564,50,30,48.18,83.1
22.74,773.6,6,0.744,23.07,49.99,813.2,460.5,47.3,0,0.534,50,30,48.18,83.29
22.75,774.5,6,0.76,22.77,49.97,808.9,791,48.5,0,0.385,100,100,100,81.06
22.75,775.4,6,0.753,22.82,49.9,805.3,449.1,48.8,0,0.411,50,30,48.18,83.91
22.76,776.2,6,0.747,22.93,50.15,805.5,428.7,46,0,0.465,50,30,48.18,84.13
22.77,777.1,6,0.756,22.99,50.33,804.5,438.8,46.9,0,0.497,50,30,48.18,83.69
22.78,777.9,6,0.751,23.01,50.18,804.1,453.9,47.3,0,0.503,50,30,48.18,83.65
22.79,778.7,6,0.741,22.95,50.08,803.6,436.1,48.3,0,0.476,50,30,48.18,83.49
22.79,779.5,6,0.755,23.08,49.45,802.1,455.4,48.1,0,0.538,50,30,48.18,83
22.8,780.3,6,0.73,23.35,49.43,801.7,420.2,48.8,0,0.676,50,30,48.18,81.52
22.81,781,6,0.737,23.17,49.67,800.8,431.4,45.7,0,0.585,50,30,48.18,83.34
22.82,781.8,6,0.726,23.16,49.31,799.8,458.5,46.5,0,0.581,50,30,48.18,83.11
22.83,782.5,6,0.698,23.13,48.99,800.4,429.8,49,0,0.561,50,30,48.18,82.27
22.83,783.2,6,0.718,23.03,48.57,802.7,424.2,48.6,0,0.515,50,30,48.18,82.48
22.84,783.9,6,0.717,23.03,48.76,802,426.7,48.3,0,0.513,50,30,48.18,82.69
22.85,784.6,6,0.699,22.93,48.81,803,427.8,48.7,0,0.465,50,30,48.18,82.96
22.85,785.3,6,0.724,23.19,49.46,803.7,426.9,49.2,0,0.594,50,30,48.18,82.08
22.86,786,6,0.715,23.17,49.27,807.8,440.2,48.6,0,0.584,50,30,48.18,82.33
22.87,786.6,6,0.71,23.11,48.55,811.7,445.8,47,0,0.553,50,30,48.18,82.78
22.87,787.2,6,0.716,22.73,48.67,807.3,772.9,48.1,0,0.366,100,100,100,81.15
22.88,787.8,6,0.72,22.81,48.5,806.6,441.5,48.2,0,0.403,50,30,48.18,83.54
22.88,788.4,6,0.733,22.89,49.05,810.3,427.3,47.9,0,0.443,50,30,48.18,83.36
22.89,789,6,0.731,22.87,48.91,808.2,432,48.9,0,0.433,50,30,48.18,83.15
22.9,789.6,6,0.749,23.13,48.72,807.1,453.5,49.7,0,0.562,50,30,48.18,82.04
22.9,790.2,6,0.726,23.17,49.11,807.7,438.1,48.4,0.4,0.582,50,30,48.18,82.38
22.91,790.7,6,0.738,23.01,48.79,806.1,456.7,49,0,0.505,50,30,48.18,82.68
22.91,791.2,6,0.71,23.17,48.43,806.3,429.1,46.8,0,0.581,50,30,48.18,82.49
22.92,791.7,6,0.688,23.24,48.47,805,434.7,48.8,0,0.617,50,30,48.18,81.7
22.92,792.2,6,0.669,23.24,48.6,804.3,423.6,48.9,0,0.62,50,30,48.18,81.61
22.93,792.7,6,0.668,23.07,48.87,803.4,767.8,47.9,0,0.534,100,100,100,80.15
22.93,793.2,6,0.691,23.03,48.86,803,411.1,48.9,0,0.516,50,30,48.18,82.37
22.94,793.6,6,0.692,22.93,49.07,804.7,433.7,49.8,0,0.466,50,30,48.18,82.76
22.94,794,6,0.707,22.98,48.89,805.5,435.8,47.8,0,0.489,50,30,48.18,83.13
22.94,794.5,6,0.684,23.05,49.11,803.2,419.4,48.5,0,0.525,50,30,48.18,82.61
22.95,794.9,6,0.67,22.97,49.26,802.8,414.5,47.8,0,0.486,50,30,48.18,83.11
22.95,795.2,6,0.684,22.88,50.06,806.3,422.3,49.1,0,0.439,50,30,48.18,83.36
22.96,795.6,6,0.704,22.72,49.49,807.6,767.1,48.7,0,0.36,100,100,100,81.42
22.96,796,6,0.699,22.75,49.48,805.3,431,47.7,0,0.376,50,30,48.18,84.17
22.96,796.3,6,0.707,23,49.45,807.9,426,48.9,0,0.5,50,30,48.18,82.79
22.97,796.6,6,0.707,22.89,49.69,802.3,435.9,45.4,0,0.445,50,30,48.18,84.53
22.97,797,6,0.69,22.93,50.3,804.6,423.6,49,0,0.466,50,30,48.18,83.14
22.97,797.3,6,0.674,23.07,50.37,806.3,418.1,48.6,0,0.533,50,30,48.18,82.65
22.98,797.5,6,0.685,23.09,50.15,804.9,412.9,48.1,0,0.547,50,30,48.18,82.74
22.98,797.8,6,0.69,23.13,49.85,806.2,412.9,47,0,0.567,50,30,48.18,82.9
22.98,798.1,6,0.676,23.15,49.61,804.9,417.3,50.1,0,0.573,50,30,48.18,81.91
22.98,798.3,6,0.666,23.09,49.82,805.5,415,46.3,0,0.543,50,30,48.18,83.32
22.99,798.5,6,0.696,23.14,49.58,804.2,431.8,48.1,0,0.569,50,30,48.18,82.68
22.99,798.7,6,0.719,23.35,49.41,802.9,420.2,46.7,0,0.673,50,30,48.18,82.16
22.99,798.9,6,0.729,23.27,49.16,800.8,438.5,48.8,0,0.633,50,30,48.18,81.93
22.99,799.1,6,0.715,23.1,49.27,793.4,453,47.4,0,0.551,50,30,48.18,83.09
22.99,799.2,6,0.715,23.1,49.79,796.3,428.9,48.3,0,0.552,50,30,48.18,82.85
22.99,799.4,6,0.703,23.05,49.91,795.5,425.1,48.4,0,0.527,50,30,48.18,82.99
23,799.5,6,0.705,23.03,49.74,795.6,451.7,47.4,0,0.513,50,30,48.18,83.58
23,799.6,6,0.699,22.94,50.32,799.4,434,47.4,0,0.468,50,30,48.18,83.73
23,799.7,6,0.684,22.86,50.46,797,411.4,49.5,0,0.43,50,30,48.18,83.12
23,799.8,6,0.691,23.06,50.82,796.6,445.2,48,0,0.529,50,30,48.18,83.02
23,799.9,6,0.693,23.14,50.69,800.4,438.8,49.9,0,0.572,50,30,48.18,82.11
23,799.9,6,0.71,23.03,50.8,797.7,431.4,50.4,0.1,0.516,50,30,48.18,82.29
23,800,6,0.689,23.18,50.55,798.2,429.3,47.4,0,0.59,50,30,48.18,82.68
23,800,6,0.704,23.18,50.58,799.4,415,48.6,0,0.593,50,30,48.18,82.18
23,800,5,0.721,23.18,50.12,794.9,446.6,46.7,0,0.59,50,30,48.18,83.25
23,800,5,0.739,22.98,50.25,791.2,431.7,46.7,0,0.491,50,30,48.18,83.79
23,800,4,0.719,22.85,49.97,784.9,455.3,47.4,0,0.424,50,30,48.18,84.28
23,799.9,4,0.714,22.74,49.71,783.6,431,46.8,0,0.371,50,30,48.18,84.63
23,799.9,3,0.726,22.64,49.19,782.5,439.1,44.8,0.5,0.322,50,30,48.18,85.54
23,799.8,3,0.739,22.79,48.93,776.8,302.8,45.2,0,0.394,0,0,0,83.6
23,799.7,3,0.711,22.71,48.4,771.8,432.3,45.9,0.2,0.354,50,30,48.18,84.59
23,799.6,3,0.71,22.78,47.76,766.7,431.6,44.4,0,0.389,50,30,48.18,84.49
23,799.5,3,0.701,22.78,47.28,758.9,441.8,44.7,1.1,0.39,50,30,48.18,84.44
22.99,799.4,3,0.677,22.67,47.11,754.9,770.4,45.6,2.9,0.332,100,100,100,81.97
22.99,799.2,3,0.7,22.75,47.24,751.4,441.5,44.6,5.8,0.375,50,30,48.18,85.03
22.99,799.1,3,0.723,22.56,47.19,747.4,439,45.6,6.6,0.277,50,30,48.18,85.51
22.99,798.9,3,0.707,22.65,46.89,744.7,428.5,46.4,8.1,0.323,50,30,48.18,84.84
22.99,798.7,3,0.682,22.75,46.92,740.7,425,46.3,9.2,0.371,50,30,48.18,84.59
22.99,798.5,3,0.668,22.69,47.26,734.1,416.8,45.8,10.8,0.341,50,30,48.18,85.17
22.98,798.3,3,0.668,22.72,46.97,727.9,436.9,46.1,11.5,0.357,50,30,48.18,85.14
22.98,798.1,3,0.68,22.49,46.95,725.9,429.9,44.5,11.5,0.243,50,30,48.18,86.39
22.98,797.8,3,0.667,22.63,46.79,725.5,406.1,44.1,10,0.313,50,30,48.18,85.54
22.98,797.5,3,0.683,22.42,46.91,721.5,431.9,45,9.9,0.209,50,30,48.18,86.34
22.97,797.3,3,0.708,22.44,46.56,714.3,426.9,46.5,11.7,0.217,50,30,48.18,85.84
22.97,797,3,0.703,22.35,46.07,709.7,429,46.6,10.9,0.174,50,30,48.18,85.89
22.97,796.6,3,0.718,22.65,45.73,707.5,431.1,45.8,9.6,0.324,50,30,48.18,84.77
22.96,796.3,3,0.719,22.83,46.24,703.5,438.5,45.7,10.3,0.411,50,30,48.18,84.47
22.96,796,3,0.701,22.78,46.33,699,413.8,44.7,9.3,0.389,50,30,48.18,84.63
22.96,795.6,3,0.7,22.72,46.19,697.2,433.9,47.1,7.5,0.356,50,30,48.18,84.11
22.95,795.2,3,0.706,22.71,46.49,696.6,425.2,45.3,7.3,0.353,50,30,48.18,84.69
22.95,794.9,3,0.695,22.72,46.19,696,442.3,44.5,9.5,0.357,50,30,48.18,85.17
22.94,794.5,3,0.711,22.83,46.56,690,429.1,44.8,10.1,0.411,50,30,48.18,84.74
22.94,794,3,0.725,22.74,46.57,686.8,425.8,44.6,9.8,0.366,50,30,48.18,85.07
22.94,793.6,3,0.706,22.54,46.39,684.5,424.6,45.9,11.4,0.27,50,30,48.18,85.49
22.93,793.2,3,0.681,22.62,46.02,684.1,400.6,45,12.8,0.309,50,30,48.18,85.23
22.93,792.7,3,0.679,22.79,46.2,678.8,298.7,46.1,13.2,0.394,0,0,0,83.57
22.92,792.2,3,0.699,22.84,46.15,675.5,428.4,44.6,13.7,0.416,50,30,48.18,84.98
22.92,791.7,3,0.693,22.97,46.13,671.1,412.4,45.3,14.9,0.484,50,30,48.18,84.21
22.91,791.2,3,0.685,22.93,46.05,667.6,430.8,44.6,17.6,0.461,50,30,48.18,85.01
22.91,790.7,3,0.701,22.79,45.98,668.4,431.1,45.3,16.3,0.392,50,30,48.18,85.15
22.9,790.2,3,0.679,22.79,45.63,665.1,425.1,45.1,16.3,0.393,50,30,48.18,85.01
22.9,789.6,3,0.691,22.81,45.63,665.1,412.6,44.7,14.8,0.4,50,30,48.18,84.81
22.89,789,3,0.705,22.79,45.76,665.5,442.9,44.1,15.5,0.393,50,30,48.18,85.48
22.88,788.4,3,0.726,22.76,45.92,662.7,443.5,44.5,16.2,0.378,50,30,48.18,85.59
22.88,787.8,3,0.709,22.64,45.97,659.1,419.3,45.1,16.9,0.317,50,30,48.18,85.71
22.87,787.2,3,0.69,22.48,45.77,655.3,422.8,44.8,19.4,0.238,50,30,48.18,86.62
22.87,786.6,3,0.697,22.57,45.91,656.5,419.4,45.2,20.6,0.284,50,30,48.18,86.27
22.86,786,3,0.673,22.57,46.12,654.5,406,44.7,20,0.282,50,30,48.18,86.34
22.85,785.3,3,0.657,22.59,45.87,655,406.7,43.4,20.2,0.293,50,30,48.18,86.59
22.85,784.6,3,0.686,22.57,46.07,655.8,411.6,45.1,20.5,0.283,50,30,48.18,86.31
22.84,783.9,3,0.695,22.56,45.91,656.5,424,45.2,22.1,0.28,50,30,48.18,86.53
22.83,783.2,3,0.675,22.54,45.73,653.8,410.6,45.6,23.2,0.268,50,30,48.18,86.39
22.83,782.5,3,0.684,22.47,45.72,653.5,402.5,45.7,23.3,0.234,50,30,48.18,86.54
22.82,781.8,3,0.707,22.67,45.65,652.4,422.6,44.7,23.6,0.333,50,30,48.18,86.32
22.81,781,3,0.706,22.7,45.45,646.9,420.2,44.2,23.7,0.346,50,30,48.18,86.25
22.8,780.3,3,0.686,22.82,45.6,646.7,411.3,46.4,22.1,0.405,50,30,48.18,84.98
22.79,779.5,3,0.675,22.87,45.77,645.8,411.3,44.5,20.5,0.432,50,30,48.18,85.23
22.79,778.7,3,0.678,22.75,45.38,644.6,411.8,45.3,20.2,0.373,50,30,48.18,85.28
22.78,777.9,3,0.7,22.81,45.73,642.9,432.3,44.1,19.5,0.4,50,30,48.18,85.69
22.77,777.1,3,0.712,22.8,45.55,645.8,443.9,45.1,17.9,0.396,50,30,48.18,85.34
22.76,776.2,3,0.721,22.79,45.27,645.9,436.7,44.2,18.9,0.393,50,30,48.18,85.53
22.75,775.4,3,0.733,22.87,44.98,647.6,275,43.1,17.9,0.429,0,0,0,83.5
22.75,774.5,3,0.715,22.79,45.2,646.7,431.3,44.1,19.7,0.39,50,30,48.18,85.59
22.74,773.6,3,0.727,22.62,44.88,644.3,429.2,42.9,19.4,0.305,50,30,48.18,86.41
22.73,772.7,4,0.743,22.57,45.18,646.6,782.7,45.2,19.2,0.282,100,100,100,83.21
22.72,771.8,5,0.72,22.81,46.12,649.6,442,49,18.7,0.403,50,30,48.18,84.37
22.71,770.9,5,0.725,22.58,46.28,650.1,414.8,46.5,16.9,0.286,50,30,48.18,85.61
22.7,770,5,0.717,22.61,46.89,654.3,421.2,46.8,17.5,0.301,50,30,48.18,85.75
22.69,769,5,0.723,22.78,47.62,656.9,410.3,48.4,16,0.39,50,30,48.18,84.62
22.68,768,5,0.72,22.98,48.22,658.2,300.3,47.1,14.3,0.487,0,0,0,83.48
22.67,767.1,5,0.713,23.02,48.48,663,425.1,47.4,13.7,0.51,50,30,48.18,84.28
22.66,766.1,6,0.703,23.13,49,670.2,396.7,48,10.3,0.562,50,30,48.18,83.27
22.65,765,6,0.719,22.87,49.21,672.9,413.2,46.4,9.4,0.433,50,30,48.18,84.87
22.64,764,6,0.707,22.97,49.61,677.4,435.3,48.6,8.3,0.483,50,30,48.18,84.09
22.63,763,6,0.729,22.8,49.43,683.8,786.4,46.9,5.5,0.397,100,100,100,81.99
22.62,761.9,6,0.702,22.63,48.99,683.9,413.8,47.4,1.8,0.314,50,30,48.18,84.61
22.61,760.8,6,0.693,22.72,48.88,689.1,415.7,47.1,0,0.361,50,30,48.18,84.17
22.6,759.8,6,0.696,22.84,48.87,691.3,410.2,48.5,0,0.417,50,30,48.18,83.27
22.59,758.7,6,0.716,22.88,49.19,698.7,409.4,48.7,0,0.439,50,30,48.18,83.16
22.58,757.5,6,0.7,23.14,49.69,701.3,407.5,46.7,0,0.57,50,30,48.18,82.93
22.56,756.4,6,0.705,23.2,49.81,702,424.2,49,0,0.598,50,30,48.18,82.25
22.55,755.3,6,0.7,23.16,50.47,703.8,432.2,46.5,0,0.583,50,30,48.18,83.07
22.54,754.1,6,0.698,23.26,50.58,706.5,413,47.7,0,0.63,50,30,48.18,82.13
22.53,752.9,6,0.692,22.78,50.23,710,759.1,46.3,0,0.389,100,100,100,82.22
22.52,751.8,6,0.708,22.89,50.03,715.1,405,46.8,0,0.446,50,30,48.18,83.92
22.51,750.6,6,0.69,22.96,49.92,719,414.6,48.5,0,0.478,50,30,48.18,83.24
22.49,749.3,6,0.691,23.16,50.19,724,257.2,48.7,0,0.582,0,0,0,80.17
22.48,748.1,6,0.668,23.01,50.42,728.7,397.3,47.4,0,0.506,50,30,48.18,83.07
22.47,746.9,6,0.696,23.04,49.82,729,402.1,48.2,0,0.521,50,30,48.18,82.85
22.46,745.6,6,0.717,22.93,49.95,730.6,413.4,49.1,0,0.465,50,30,48.18,83.17
22.44,744.3,6,0.709,22.63,49.75,731.9,754.3,48.4,0,0.314,100,100,100,82.21
22.43,743,6,0.687,22.46,49.83,734.3,749.8,45.6,0,0.229,100,100,100,83.79
22.42,741.7,6,0.681,22.72,50.4,738.4,395.4,48.2,0,0.358,50,30,48.18,83.9
22.4,740.4,6,0.708,22.85,50.17,738.9,425.1,47.4,0,0.427,50,30,48.18,84.01
22.39,739.1,6,0.717,22.78,49.99,739.3,409.7,47.7,0,0.388,50,30,48.18,84.14
22.38,737.8,6,0.702,22.84,49.64,745.1,408.3,49.4,0,0.422,50,30,48.18,83.22
22.36,736.4,6,0.71,22.85,49.3,742.8,393.8,48.2,0,0.427,50,30,48.18,83.27
22.35,735,6,0.725,22.8,49.06,743.4,428,46.7,0,0.4,50,30,48.18,84.17
22.34,733.6,6,0.71,22.76,48.63,744.5,413,47.9,0,0.381,50,30,48.18,83.64
22.32,732.2,6,0.706,22.88,48.77,744.7,422.2,48.2,0,0.437,50,30,48.18,83.28
22.31,730.8,6,0.728,22.78,48.56,748.3,392.7,46.2,0,0.387,50,30,48.18,83.88
22.29,729.4,6,0.704,22.85,48.67,749.2,408.4,47.6,0,0.422,50,30,48.18,83.39
22.28,728,6,0.694,22.81,48.52,752.4,408.7,48.6,0,0.405,50,30,48.18,83.16
22.27,726.5,6,0.688,22.77,48.59,754.8,391,48,0,0.386,50,30,48.18,83.36
22.25,725,6,0.696,23.01,48.88,755.7,372.3,45.8,0,0.505,50,30,48.18,83.03
22.24,723.6,6,0.675,23.02,48.79,761.2,404.1,47.4,0,0.511,50,30,48.18,82.8
22.22,722.1,6,0.693,23.07,49.15,760.7,398.5,48.5,0,0.532,50,30,48.18,82.37
22.21,720.6,6,0.677,23.04,48.65,763.5,401.3,46.1,0,0.517,50,30,48.18,83.04
22.19,719,6,0.69,23.01,48.68,766.3,404.7,47.9,0,0.501,50,30,48.18,82.67
22.17,717.5,6,0.709,22.96,48.75,766.6,387.8,47.3,0,0.479,50,30,48.18,82.89
22.16,715.9,6,0.722,23.23,49.11,769.6,263.2,47.1,0,0.615,0,0,0,80.33
22.14,714.4,6,0.732,22.92,49.34,772.2,421.4,49.7,0,0.46,50,30,48.18,82.88
22.13,712.8,6,0.75,22.93,49.15,769.1,431.3,46.6,0,0.467,50,30,48.18,83.77
22.11,711.2,6,0.75,22.93,49.09,770.1,402.7,47.9,0,0.466,50,30,48.18,83.08
22.1,709.6,6,0.719,22.92,49.12,775.7,398.8,48.5,0,0.457,50,30,48.18,82.95
22.08,708,6,0.712,23,48.78,774.9,379.1,48.2,0,0.497,50,30,48.18,82.4
22.06,706.4,6,0.698,22.99,49.1,774.7,386.1,47.5,0,0.495,50,30,48.18,82.81
22.05,704.7,6,0.698,22.98,49.48,777.4,387,48.7,0,0.489,50,30,48.18,82.65
22.03,703.1,6,0.716,22.94,49.02,777.3,407.4,47.8,0,0.469,50,30,48.18,83.11
22.01,701.4,6,0.713,22.91,48.89,776.3,402.3,49.7,0,0.454,50,30,48.18,82.55
22,699.7,6,0.701,22.61,48.81,776.6,751.6,49.6,0,0.306,100,100,100,81.59
21.98,698,6,0.726,22.65,48.75,775.9,398.3,46.5,0,0.324,50,30,48.18,84.39
21.96,696.3,6,0.722,22.75,48.98,777.3,411.9,48.5,0,0.372,50,30,48.18,83.67
21.95,694.6,6,0.741,22.65,49.19,775.6,408.8,46.8,0,0.322,50,30,48.18,84.58
21.93,692.8,6,0.725,22.63,49.53,779.7,401,48.9,0,0.315,50,30,48.18,84.07
21.91,691.1,6,0.728,22.78,49.34,780.7,407.3,49.6,0,0.39,50,30,48.18,83.28
21.89,689.3,6,0.749,22.62,49.25,777.4,755.9,46.2,0,0.309,100,100,100,82.72
21.88,687.5,6,0.756,22.66,48.73,777.7,408.9,48,0,0.33,50,30,48.18,84.01
21.86,685.7,6,0.728,22.7,48.56,780.5,410.1,46,0,0.348,50,30,48.18,84.4
21.84,683.9,6,0.733,22.74,48.64,777.6,403.9,47.9,0,0.367,50,30,48.18,83.67
21.82,682.1,6,0.709,22.96,48.8,781.1,386.7,46.7,0,0.479,50,30,48.18,83.06
21.8,680.3,6,0.691,23,49.03,780.4,380.8,46.5,0,0.5,50,30,48.18,83
21.78,678.4,6,0.717,22.82,48.85,782.1,395.6,48.7,0,0.407,50,30,48.18,83.13
21.77,676.6,6,0.712,22.8,48.88,780.8,384.9,48.6,0,0.4,50,30,48.18,83.12
21.75,674.7,6,0.71,22.9,48.82,780.4,397.4,48.5,0,0.447,50,30,48.18,82.88
21.73,672.8,6,0.697,22.87,49.01,782.2,372,47.2,0,0.433,50,30,48.18,83.21
21.71,670.9,6,0.703,22.75,48.84,784.8,380.4,47.7,0,0.372,50,30,48.18,83.52
21.69,669,6,0.698,22.96,49.38,782.8,249.2,49.8,0,0.482,0,0,0,80.2
21.67,667.1,6,0.693,22.96,49.55,780.7,401.7,46.3,0,0.48,50,30,48.18,83.62
21.65,665.2,6,0.686,22.89,49.41,782.8,377.6,48.8,0,0.443,50,30,48.18,82.85
21.63,663.2,6,0.668,22.65,49.54,783.5,369.8,47.4,0,0.327,50,30,48.18,84.1
21.61,661.3,6,0.692,22.76,49.49,782.3,373,47.5,0,0.379,50,30,48.18,83.7
21.59,659.3,6,0.671,22.68,49.42,781.1,376,47.2,0,0.339,50,30,48.18,84.11
21.57,657.3,6,0.674,22.89,49.5,778.5,375.2,48.7,0,0.443,50,30,48.18,82.88
21.55,655.3,6,0.662,22.92,49.62,780.5,366.7,47,0,0.46,50,30,48.18,83.23
21.53,653.3,6,0.662,22.87,49.96,781.8,382.2,47.4,0,0.435,50,30,48.18,83.58
21.51,651.3,6,0.675,22.84,49.74,781.7,383.5,48.2,0,0.42,50,30,48.18,83.39
21.49,649.3,6,0.657,22.32,49.6,785.4,713.6,47.3,0,0.161,100,100,100,84.24
21.47,647.2,6,0.667,22.41,50.16,785.1,373.8,48,0,0.205,50,30,48.18,85.01
21.45,645.2,6,0.674,22.39,50.03,786.1,388.6,47.9,0,0.197,50,30,48.18,85.29
21.43,643.1,6,0.689,22.45,50.08,788.3,220.3,47.3,0,0.225,0,0,0,82.2
21.41,641,6,0.71,22.45,49.96,790.9,376.8,47.6,0,0.225,50,30,48.18,85.05
21.39,638.9,6,0.687,22.58,50.08,792.1,366,47.1,0,0.292,50,30,48.18,84.58
21.37,636.8,6,0.703,22.61,49.95,794.9,379.2,48.7,0,0.307,50,30,48.18,84.13
21.35,634.7,6,0.69,22.63,49.89,795.6,367.7,47.6,0,0.316,50,30,48.18,84.25
21.33,632.6,6,0.67,22.61,49.61,793.3,380.6,47.8,0,0.306,50,30,48.18,84.29
21.3,630.4,6,0.667,22.6,50.32,797,359.7,46.6,0,0.298,50,30,48.18,84.53
21.28,628.3,6,0.649,22.63,50.3,797.4,360,49.4,0,0.314,50,30,48.18,83.56
21.26,626.1,6,0.633,22.51,49.74,798.4,693.9,48.3,0,0.254,100,100,100,83.6
21.24,623.9,6,0.664,22.37,49.72,800.2,333.9,48.7,0,0.184,50,30,48.18,84.52
21.22,621.7,6,0.671,22.39,49.97,799.8,338.3,48.9,0,0.194,50,30,48.18,84.52
21.2,619.5,6,0.692,22.48,50.22,794.5,361.7,48.4,0,0.242,50,30,48.18,84.46
21.17,617.3,6,0.693,22.45,50.17,796.5,371.9,47,0,0.224,50,30,48.18,85.15
21.15,615.1,6,0.683,22.55,50.26,801.5,371.7,47.9,0,0.273,50,30,48.18,84.44
21.13,612.8,6,0.699,22.59,50.36,799.6,353.1,47.8,0,0.295,50,30,48.18,84.1
21.11,610.6,6,0.715,22.58,50.4,797.7,357.6,48.1,0,0.289,50,30,48.18,84.08
21.08,608.3,6,0.703,22.63,50.86,799.8,353.4,49.3,0,0.318,50,30,48.18,83.3
21.06,606.1,6,0.701,22.41,50.7,801.6,361.8,46.8,0,0.207,50,30,48.18,85
21.04,603.8,6,0.692,22.45,49.99,802.1,363.1,48.2,0,0.223,50,30,48.18,84.73
21.01,601.5,6,0.695,22.5,50.33,804.9,335.4,48.4,0,0.251,50,30,48.18,84.03
20.99,599.2,6,0.689,22.46,49.97,805.1,345.5,46.7,0,0.231,50,30,48.18,84.91
20.97,596.8,6,0.682,22.62,50.14,804.4,207.1,45.5,0,0.31,0,0,0,81.63
20.95,594.5,6,0.661,22.72,50.44,805.5,327.3,46.8,0,0.362,50,30,48.18,83.55
20.92,592.2,6,0.68,22.87,50.75,805.7,207,47.3,0,0.438,0,0,0,79.88
20.9,589.8,6,0.668,22.75,50.83,804.8,371.1,48.3,0,0.378,50,30,48.18,83.28
20.87,587.5,6,0.678,22.71,50.87,805.5,333.8,47.1,0,0.356,50,30,48.18,83.38
20.85,585.1,6,0.674,22.62,50.69,806.7,334.2,48.7,0,0.312,50,30,48.18,83.32
20.83,582.7,6,0.66,22.9,51.23,809.6,209.6,48.4,0,0.451,0,0,0,79.32
20.8,580.3,6,0.646,22.87,50.88,808.6,336.9,49.3,0,0.438,50,30,48.18,82.12
20.78,577.9,6,0.651,22.65,51.12,809.8,341.6,47.9,0,0.326,50,30,48.18,83.32
20.75,575.5,6,0.665,22.72,51.29,811,323.7,47.3,0,0.359,50,30,48.18,82.99
20.73,573,6,0.653,22.69,50.98,812.6,347.4,48.1,0,0.345,50,30,48.18,83.18
20.71,570.6,6,0.637,22.63,50.93,811.6,340.5,48.4,0,0.318,50,30,48.18,83.26
20.68,568.1,6,0.665,22.5,51.15,810.1,328.7,49.3,0,0.249,50,30,48.18,83.32
20.66,565.7,6,0.681,22.33,51.67,811.4,321.9,46.6,0,0.164,50,30,48.18,84.49
20.63,563.2,6,0.707,22.28,51.42,810.1,354.3,48.5,0,0.141,50,30,48.18,84.53
20.61,560.7,6,0.692,22.3,50.86,809.5,327.4,47.1,0,0.152,50,30,48.18,84.81
20.58,558.2,6,0.687,22.28,50.9,810.9,327.8,49.4,0,0.141,50,30,48.18,84.18
20.56,555.7,6,0.701,22.42,50.96,811.9,347.7,47.8,0,0.208,50,30,48.18,84.32
20.53,553.2,6,0.69,22.35,51.32,813.3,330.9,47.3,0,0.175,50,30,48.18,84.39
20.51,550.7,6,0.69,22.35,51.65,815.1,211,48.5,0,0.175,0,0,0,81.15
20.48,548.1,6,0.675,22.25,51.44,814,329.6,47.9,0,0.128,50,30,48.18,84.51
20.46,545.6,6,0.687,22.38,50.74,813.3,354.4,47.7,0,0.188,50,30,48.18,84.64
20.43,543,6,0.701,22.34,50.57,815.3,340.9,48.1,0,0.17,50,30,48.18,84.55
20.4,540.5,6,0.688,22.38,50.24,814.9,331.4,46.3,0,0.191,50,30,48.18,84.98
20.38,537.9,6,0.712,22.47,50.09,812,190.6,44.8,0,0.235,0,0,0,81.84
20.35,535.3,6,0.695,22.46,49.22,813.5,661.5,48.7,0,0.232,100,100,100,83.77
20.33,532.7,6,0.682,22.41,49.84,814.6,339,48.6,0,0.204,50,30,48.18,84.29
20.3,530.1,6,0.672,22.41,49.61,814.8,336,45.2,0,0.203,50,30,48.18,85.2
20.27,527.5,6,0.666,22.44,50.17,814.8,332.7,49.2,0,0.219,50,30,48.18,83.93
20.25,524.8,6,0.662,22.53,50.43,813.8,347.3,47.1,0,0.264,50,30,48.18,84.3
20.22,522.2,6,0.664,22.38,49.92,814.3,309.8,47.4,0,0.189,50,30,48.18,84.5
20.2,519.6,6,0.668,22.36,50.07,813.8,325.4,48.3,0,0.18,50,30,48.18,84.47
20.17,516.9,6,0.688,22.26,50.57,813.5,344.2,47.6,0,0.128,50,30,48.18,85.08
20.14,514.2,6,0.687,22.15,50.61,812.8,329,50.2,0,0.075,50,30,48.18,84.53
20.12,511.6,6,0.698,22.23,50.47,812.4,341.2,48.2,0,0.114,50,30,48.18,85.02
20.09,508.9,6,0.704,22.44,50.49,808.8,332,47.5,0,0.219,50,30,48.18,84.4
20.06,506.2,6,0.718,22.35,50.5,808.7,322,48.4,0,0.174,50,30,48.18,84.36
20.03,503.5,6,0.704,22.34,50.66,809.2,317.8,49,0,0.172,50,30,48.18,84.07
20.01,500.7,6,0.68,22.22,50.61,807.9,322.9,47.6,0,0.109,50,30,48.18,85.05
19.98,498,6,0.68,22.28,50.54,813.9,321.7,47.6,0,0.141,50,30,48.18,84.77
19.95,495.3,6,0.706,22.29,50.3,812.3,331,48.4,0,0.143,50,30,48.18,84.72
19.93,492.5,6,0.683,22.25,50.02,811.1,323.8,48.2,0,0.127,50,30,48.18,84.94
19.9,489.8,6,0.677,22.52,49.85,810.8,309,48.1,0,0.261,50,30,48.18,83.78
19.87,487,6,0.695,22.35,50.28,809.1,320,47.3,0,0.174,50,30,48.18,84.74
19.84,484.2,6,0.709,22.26,49.72,809.2,319.2,49.8,0,0.128,50,30,48.18,84.32
19.81,481.5,6,0.7,22.05,49.11,811.4,312.6,46.6,0,0.027,50,30,48.18,85.73
19.79,478.7,6,0.717,22.28,48.42,814.2,322.5,49.6,0,0.14,50,30,48.18,83.8
19.76,475.9,6,0.718,22.15,49.08,812.6,302.7,48.4,0,0.076,50,30,48.18,84.69
19.73,473,6,0.71,22.12,49.01,816,345.7,46.5,0,0.06,50,30,48.18,85.75
19.7,470.2,6,0.707,22.03,49.13,819.7,311.3,47,0,0.014,50,30,48.18,85.59
19.67,467.4,6,0.725,22.04,48.91,818.8,323.5,48.6,0,0.021,50,30,48.18,85.12
19.65,464.6,6,0.718,22.09,48.63,817.4,673.8,48.5,0,0.045,100,100,100,84.77
19.62,461.7,6,0.735,22.13,48.72,817.6,306.7,50.3,0,0.064,50,30,48.18,84.05
19.59,458.9,6,0.736,22.17,48.6,817.5,315.9,49.4,0,0.087,50,30,48.18,84.21
19.56,456,6,0.718,22.13,48.25,818.7,316.4,47.5,0,0.063,50,30,48.18,84.79
19.53,453.1,6,0.724,22.11,48.23,816.1,307.3,47.5,0,0.053,50,30,48.18,84.82
19.5,450.2,6,0.732,22.2,47.99,814.8,306.4,47.2,0,0.097,50,30,48.18,84.5
19.47,447.4,6,0.739,22.29,48.39,811.9,316.6,48.4,0,0.144,50,30,48.18,84.07
19.44,444.5,6,0.709,22.28,48.61,813,298.7,46.1,0,0.14,50,30,48.18,84.67
19.42,441.5,6,0.723,22.29,49.07,813.5,302.6,47.8,0,0.145,50,30,48.18,84.33
19.39,438.6,6,0.744,22.2,49.35,812.9,297.6,47.4,0,0.099,50,30,48.18,84.83
19.36,435.7,6,0.719,22.32,49.92,814.6,145.8,46.7,0,0.159,0,0,0,80.45
19.33,432.8,6,0.712,22.23,49.88,808.6,307.1,47.6,0,0.115,50,30,48.18,85.03
19.3,429.8,6,0.687,22.11,50.45,807.2,665.5,48.5,0,0.057,100,100,100,85.28
19.27,426.9,6,0.672,22.07,50.06,806.6,295.2,48.4,0,0.037,50,30,48.18,85.22
19.24,423.9,6,0.663,21.99,49.96,806.7,293.4,48.2,0,-0.003,50,30,48.18,85.49
19.21,421,6,0.675,22.01,49.38,809,283.5,46.4,0,0.005,50,30,48.18,85.46
19.18,418,6,0.673,22.11,49.37,807,134.9,47.7,0,0.055,0,0,0,80.5
19.15,415,6,0.664,22.14,49.16,807.3,276.9,48.5,0,0.069,50,30,48.18,84.09
19.12,412,6,0.668,22.05,49.42,806.4,294.4,47.6,0,0.027,50,30,48.18,85.32
19.09,409,6,0.681,22.33,49.12,806.8,286.7,48.6,0,0.166,50,30,48.18,83.62
19.06,406,6,0.708,21.94,49.48,804.8,291.2,46.6,0,-0.031,50,30,48.18,85.53
19.03,403,6,0.725,21.98,49.14,802.2,295.4,49.6,0,-0.009,50,30,48.18,84.81
19,400,6,0.705,22.04,49.28,803.6,296.8,46.7,0,0.021,50,30,48.18,85.68
18.97,397,6,0.723,21.86,49.9,803.8,277.8,48.8,0,-0.068,50,30,48.18,84.35
18.94,393.9,6,0.741,21.99,50,801.3,636.9,46.6,0,-0.005,100,100,100,86.91
18.91,390.9,6,0.716,21.96,50.3,800.6,279.9,48.4,0,-0.021,50,30,48.18,84.87
18.88,387.8,6,0.707,21.98,50.37,799.9,298.1,48.1,0,-0.009,50,30,48.18,85.55
18.85,384.8,6,0.706,21.82,50.18,800.3,135.1,48.6,0,-0.092,0,0,0,80.21
18.82,381.7,6,0.713,21.77,49.54,799.4,280.3,47.9,0,-0.114,50,30,48.18,84.26
18.79,378.7,6,0.72,21.84,49.37,798.1,286.6,47,0,-0.078,50,30,48.18,84.94
18.76,375.6,6,0.715,21.88,49.82,800.1,286.7,47.2,0,-0.059,50,30,48.18,85.2
18.72,372.5,6,0.693,21.83,50.14,792.4,281.2,48.3,0,-0.083,50,30,48.18,84.53
18.69,369.4,6,0.692,21.63,49.73,791.1,265.9,47.5,0,-0.185,50,30,48.18,83.48
18.66,366.3,6,0.685,21.6,50.16,788.6,281.5,48,0,-0.198,50,30,48.18,83.75
18.63,363.2,6,0.674,21.69,50.37,787.9,279.8,48.5,0,-0.156,50,30,48.18,83.81
18.6,360.1,6,0.701,21.68,50.51,791.5,290,48.2,0,-0.162,50,30,48.18,84.08
18.57,357,6,0.707,21.81,49.78,793.9,265.9,47.9,0,-0.095,50,30,48.18,84.08
18.54,353.8,6,0.709,21.8,49.95,795.8,297.2,47.7,0,-0.1,50,30,48.18,85.08
18.51,350.7,6,0.689,22.09,50.03,796.7,264.8,47.9,0,0.045,50,30,48.18,84.48
18.48,347.6,6,0.677,21.95,50.52,799.5,249.1,47.1,0,-0.027,50,30,48.18,84.21
18.44,344.4,6,0.675,21.95,50.17,803.3,264.8,48.6,0,-0.023,50,30,48.18,84.35
18.41,341.3,6,0.685,21.82,50.37,804.4,276.5,47.5,0,-0.09,50,30,48.18,84.44
18.38,338.1,6,0.674,21.88,50.28,804.8,266.3,47.8,0,-0.06,50,30,48.18,84.31
18.35,334.9,6,0.657,21.94,50.22,806.3,615.2,47.3,0,-0.031,100,100,100,86.7
18.32,331.8,6,0.667,22,50.23,807.6,264.8,50.1,0,-0.001,50,30,48.18,83.99
18.29,328.6,6,0.691,21.81,50.76,805.3,275.2,47.4,0,-0.093,50,30,48.18,84.24
18.25,325.4,6,0.715,22.03,50.76,804.6,254,48.2,0,0.013,50,30,48.18,83.98
18.22,322.2,6,0.712,21.83,50.38,801.6,280.7,47.2,0,-0.084,50,30,48.18,84.74
18.19,319,6,0.721,21.7,49.76,804.4,282.3,48.1,0,-0.149,50,30,48.18,84.03
18.16,315.8,6,0.735,21.88,49.13,804.1,273.1,47,0,-0.058,50,30,48.18,84.53
18.13,312.6,6,0.747,21.95,48.95,802,268.7,48.5,0,-0.024,50,30,48.18,84.16
18.09,309.4,6,0.719,21.93,49.08,802.2,279.5,49.4,0,-0.037,50,30,48.18,84.17
18.06,306.1,6,0.718,21.78,48.83,803.4,253.1,48.4,0,-0.11,50,30,48.18,83.02
18.03,302.9,6,0.723,21.69,48.83,802.6,265.2,48.1,0,-0.157,50,30,48.18,83.14
18,299.7,6,0.709,21.6,49.02,806.5,111.7,47.2,0,-0.202,0,0,0,78.73
17.96,296.4,6,0.698,21.56,49.25,806.8,250.3,49.1,0,-0.222,50,30,48.18,82
17.93,293.2,6,0.708,21.53,49.32,808.1,245,45.4,0,-0.235,50,30,48.18,82.86
17.9,290,6,0.691,21.49,49.64,809,233.8,47.9,0,-0.257,50,30,48.18,81.74
17.87,286.7,6,0.711,21.56,49.48,806.6,250.4,47.4,0,-0.222,50,30,48.18,82.6
17.83,283.4,6,0.693,21.68,49.13,806.5,248.7,47.6,0,-0.158,50,30,48.18,82.83
17.8,280.2,6,0.697,21.73,49.5,806.5,242.6,48.3,0,-0.133,50,30,48.18,82.79
17.77,276.9,6,0.678,21.77,49.58,805.9,244,48.5,0,-0.113,50,30,48.18,82.94
17.74,273.6,6,0.705,21.73,50.14,806.1,262.9,50.1,0,-0.133,50,30,48.18,82.98
17.7,270.3,6,0.716,21.76,50.02,804.7,249.3,48.4,0,-0.118,50,30,48.18,83.26
17.67,267,6,0.697,21.76,49.58,804.5,581.8,45.3,0,-0.118,100,100,100,85.51
17.64,263.8,6,0.713,21.81,49.6,806.4,234.6,47.6,0,-0.095,50,30,48.18,83.09
17.6,260.5,6,0.718,21.8,49.15,808.9,571.6,47.5,0,-0.098,100,100,100,84.87
17.57,257.2,6,0.701,21.72,48.99,804.8,230.3,46,0,-0.139,50,30,48.18,82.9
17.54,253.8,6,0.68,21.84,49.53,803.2,244.6,48.6,0,-0.078,50,30,48.18,83.22
17.51,250.5,6,0.686,21.73,49.94,807.1,221.9,47.6,0,-0.134,50,30,48.18,82.51
17.47,247.2,6,0.711,21.61,49.77,806.4,236.6,48.2,0,-0.193,50,30,48.18,82.27
17.44,243.9,6,0.715,21.55,50.02,806.6,235.2,48.2,0,-0.226,50,30,48.18,82.07
17.41,240.6,6,0.72,21.43,50.13,808.7,238.2,48.1,0,-0.284,50,30,48.18,81.69
17.37,237.2,6,0.702,21.49,50.17,807.3,241.9,46.8,0,-0.254,50,30,48.18,82.42
17.34,233.9,6,0.709,21.43,49.91,809.3,243.5,46.9,0,-0.286,50,30,48.18,82.19
17.31,230.6,6,0.682,21.72,49.74,805.6,568.9,49.8,0,-0.139,100,100,100,84.15
17.27,227.2,6,0.673,21.58,49.09,802.2,225.5,47.3,0,-0.208,50,30,48.18,81.89
17.24,223.9,6,0.676,21.69,48.99,806.5,227.8,46.6,0,-0.154,50,30,48.18,82.51
17.21,220.5,6,0.678,21.64,49.53,806.7,228.4,48.8,0,-0.178,50,30,48.18,81.88
17.17,217.2,6,0.662,21.37,49.47,808.5,224.6,48.3,0,-0.315,50,30,48.18,80.83
17.14,213.8,6,0.648,21.42,49.37,810.6,212.3,49.1,0,-0.29,50,30,48.18,80.35
17.1,210.4,6,0.665,21.49,49.94,810.6,209.7,47.5,0,-0.256,50,30,48.18,81.23
17.07,207.1,6,0.676,21.46,50,813.6,209.7,47.4,0,-0.272,50,30,48.18,81.1
17.04,203.7,6,0.694,21.51,49.84,813.9,221.1,49.9,0,-0.243,50,30,48.18,80.87
17,200.3,6,0.697,21.64,49.83,816.1,215.2,47.7,0,-0.178,50,30,48.18,81.82
16.97,196.9,6,0.694,21.59,49.74,817.3,224.9,48.4,0,-0.205,50,30,48.18,81.63
16.94,193.5,6,0.714,21.5,49.73,812.5,215.5,48.1,0,-0.25,50,30,48.18,81.17
16.9,190.1,6,0.712,21.66,49.86,808.4,219.3,48.9,0,-0.169,50,30,48.18,81.74
16.87,186.8,6,0.708,21.48,49.33,808.9,194.2,46.4,0,-0.262,50,30,48.18,80.84
16.83,183.4,6,0.679,21.4,49.46,811.4,210.2,47,0,-0.298,50,30,48.18,80.88
16.8,180,6,0.686,21.48,50.13,813.7,54.5,47.6,0,-0.262,0,0,0,74.61
16.77,176.6,6,0.68,21.39,50.39,814.3,203.2,47.1,0,-0.304,50,30,48.18,80.61
16.73,173.2,6,0.67,21.2,50.23,815.6,207.1,48.2,0,-0.403,50,30,48.18,79.72
16.7,169.7,6,0.644,21.25,50.28,816.7,198.8,46.1,0,-0.374,50,30,48.18,80.29
16.66,166.3,6,0.639,21.31,49.81,819.2,214.1,49.2,0,-0.346,50,30,48.18,80.01
16.63,162.9,6,0.66,21.28,50.03,820.8,204.7,47.6,0,-0.361,50,30,48.18,80.14
16.59,159.5,5,0.646,21.13,50.29,818.4,215.9,48.1,0,-0.433,50,30,48.18,79.7
16.56,156.1,5,0.627,21.09,50.45,815.6,220.1,46.5,0,-0.456,50,30,48.18,80.12
16.53,152.6,5,0.641,21.28,50.06,815.9,208.5,47.7,0,-0.359,50,30,48.18,80.3
16.49,149.2,5,0.645,20.94,49.9,813.2,42.2,47.3,0,-0.53,0,0,0,71.79
16.46,145.8,5,0.653,21.03,49.92,811.3,195.8,46.4,0,-0.486,50,30,48.18,79.38
16.42,142.4,5,0.63,20.98,49.57,807.3,195.2,45.7,0,-0.51,50,30,48.18,79.32
16.39,138.9,5,0.628,20.71,49.49,806.4,50.9,47.5,0,-0.642,0,0,0,71.46
16.35,135.5,5,0.643,20.96,49.33,803.7,177.9,48.7,0,-0.518,50,30,48.18,77.81
16.32,132,5,0.637,21.17,49.66,800.1,171.8,47.1,0,-0.414,50,30,48.18,79.04
16.29,128.6,5,0.647,21.02,49.88,799.1,195.5,47.2,0.2,-0.488,50,30,48.18,79.29
16.25,125.1,5,0.632,21.35,49.63,800.6,536.7,48.2,0.5,-0.326,100,100,100,83.62
16.22,121.7,5,0.639,21.3,49.2,802.5,185.8,48.7,0,-0.352,50,30,48.18,79.26
16.18,118.2,5,0.63,21.23,48.98,797.8,176.7,47.6,0,-0.386,50,30,48.18,79.02
16.15,114.8,5,0.639,21.18,49.09,794.1,173.8,46.4,0,-0.408,50,30,48.18,79.15
16.11,111.3,5,0.644,21.08,49.61,791.5,192,47.7,0,-0.46,50,30,48.18,79.12
16.08,107.9,5,0.661,21.11,49.92,790.2,179.6,47,0,-0.444,50,30,48.18,79.18
16.04,104.4,5,0.661,20.94,49.62,786.3,191.6,46.6,0,-0.53,50,30,48.18,78.92
16.01,101,5,0.665,21.08,49.28,786.4,162.7,46.9,0,-0.458,50,30,48.18,78.37
15.97,97.5,5,0.629,20.97,49.63,787.5,196.2,48,0,-0.516,50,30,48.18,78.75
15.94,94,5,0.624,20.94,49.28,787.2,170.9,47.8,0,-0.528,50,30,48.18,77.83
15.91,90.6,5,0.605,21.01,49.45,783.4,168.8,47.4,0,-0.493,50,30,48.18,78.21
15.87,87.1,5,0.598,21.09,50.04,784.7,163.1,46.3,0,-0.457,50,30,48.18,78.81
15.84,83.6,4,0.611,21.01,49.38,784.6,171.2,44.7,1,-0.495,50,30,48.18,79.14
15.8,80.2,4,0.617,21.02,48.93,784,187.9,46.4,0.9,-0.49,50,30,48.18,78.98
15.77,76.7,4,0.61,21.18,48.59,780.9,181.6,46.3,0,-0.409,50,30,48.18,79.22
15.73,73.2,4,0.621,21.07,47.98,778.7,171.1,46.7,0,-0.463,50,30,48.18,78.15
15.7,69.7,4,0.627,20.84,48.07,777.7,169.5,46,0,-0.58,50,30,48.18,77.48
15.66,66.2,4,0.624,20.71,48.47,774.7,167,45.9,0,-0.644,50,30,48.18,77.09
15.63,62.8,4,0.613,20.74,48.41,772.7,175.8,46.6,0,-0.628,50,30,48.18,77.25
15.59,59.3,4,0.577,20.79,48.38,769.9,153.3,46.8,0,-0.602,50,30,48.18,76.7
15.56,55.8,4,0.57,20.87,48.77,766.7,152.7,45.3,0,-0.562,50,30,48.18,77.57
15.52,52.3,4,0.577,20.78,48.92,767.1,170.7,47.1,0,-0.608,50,30,48.18,77.29
15.49,48.8,4,0.587,20.94,49.06,762.5,164.2,45.3,0,-0.531,50,30,48.18,78.26
15.45,45.4,4,0.593,20.81,48.62,760.2,170.7,44.6,0,-0.595,50,30,48.18,78.02
15.42,41.9,4,0.577,20.87,48.8,757.7,166.5,44.4,0,-0.565,50,30,48.18,78.25
15.38,38.4,4,0.575,20.95,48.86,756.7,173.1,46.5,0,-0.525,50,30,48.18,78.13
15.35,34.9,4,0.58,20.93,48.97,755.7,143,46.3,0,-0.533,50,30,48.18,77.27
15.31,31.4,4,0.592,20.93,48.51,749.1,151.4,45.5,0,-0.536,50,30,48.18,77.56
15.28,27.9,4,0.587,20.99,48.14,750.6,159.7,43.8,0,-0.502,50,30,48.18,78.46
15.24,24.4,4,0.569,20.98,48.15,753.9,158.1,46.7,0,-0.51,50,30,48.18,77.47
15.21,20.9,4,0.532,21.22,48.39,753.4,499.7,47.4,0,-0.388,100,100,100,83.26
15.17,17.5,4,0.511,21.15,48.41,755.4,151.2,47.4,0.3,-0.426,50,30,48.18,77.82
15.14,14,4,0.505,20.97,48.19,756.5,151.1,46.5,0.5,-0.515,50,30,48.18,77.35
15.1,10.5,4,0.493,21.03,48.14,757,132.7,46.3,0,-0.482,50,30,48.18,77.05
15.07,7,4,0.511,20.79,47.93,755.1,156.7,46.2,0,-0.601,50,30,48.18,76.81
15.03,3.5,4,0.499,20.71,48.02,757.6,152.3,46.1,0,-0.642,50,30,48.18,76.44
15,0,4,0.504,20.81,47.71,755.5,154,46.1,0,-0.59,50,30,48.18,76.78
14.97,0,3,0.445,20.63,47.68,756.7,3.1,44.8,0,-0.682,0,0,0,67.81
14.93,0,3,0.384,20.64,48.1,757,143.1,44.7,1,-0.677,50,30,48.18,76.46
14.9,0,3,0.347,20.91,48.44,754.6,165.8,44.2,1.1,-0.542,50,30,48.18,78.45
14.86,0,3,0.288,21.02,48.15,751.9,138.1,46.6,1.4,-0.487,50,30,48.18,77.2
14.83,0,3,0.255,21.19,48.27,750.4,165.7,44.8,1.1,-0.403,50,30,48.18,79.23
14.79,0,3,0.247,21.36,47.76,750.4,158.7,44.3,0.1,-0.319,50,30,48.18,79.5
14.76,0,3,0.234,21.35,48.56,755.7,145.9,44,0,-0.322,50,30,48.18,79.48
14.72,0,3,0.209,21.41,48.31,757.4,157.6,44.5,1.4,-0.293,50,30,48.18,79.96
14.69,0,3,0.208,21.34,48.46,757.8,166,46.4,0.4,-0.327,50,30,48.18,79.33
14.65,0,3,0.184,21.62,48.8,761.6,149.9,46.3,1,-0.191,50,30,48.18,80.1
14.62,0,2,0.169,21.54,48.61,758.2,151.2,43.8,1.4,-0.23,50,30,48.18,80.53
14.58,0,2,0.169,21.62,49.16,754.4,137.9,43.3,2.7,-0.188,50,30,48.18,80.95
14.55,0,2,0.128,21.49,49.5,753.5,0,42.9,1.9,-0.256,0,0,0,72.21
14.51,0,2,0.129,21.46,49.59,750.7,141.9,44.1,3.9,-0.27,50,30,48.18,80.5
14.48,0,2,0.121,21.71,49.59,754.2,153.8,44.5,4.6,-0.144,50,30,48.18,81.74
14.44,0,2,0.091,21.85,49.46,754.6,142.6,42.9,3.9,-0.074,50,30,48.18,82.3
14.41,0,2,0.083,21.92,48.98,754,148.3,42.2,5.4,-0.042,50,30,48.18,82.88
14.37,0,2,0.075,22.05,49.32,756.3,141.7,42.7,5.2,0.025,50,30,48.18,82.77
14.34,0,2,0.054,22.1,49.18,758,162.6,42.5,6.3,0.048,50,30,48.18,83.34
14.3,0,2,0.065,21.93,49.1,759.1,137.1,43.1,5.4,-0.033,50,30,48.18,82.41
14.27,0,2,0.043,21.97,49.08,759.1,169.6,43,7.4,-0.013,50,30,48.18,83.74
14.23,0,2,0.042,21.99,49.11,757.7,148.4,43.7,6.9,-0.004,50,30,48.18,82.93
14.2,0,2,0.056,22.01,49.11,757.9,137.2,41.9,8.2,0.004,50,30,48.18,83.26
14.16,0,2,0.049,22.06,49.45,759.5,153.2,42.5,10.2,0.028,50,30,48.18,83.72
14.13,0,2,0.026,22.09,49.42,761.1,139.1,43.5,9.6,0.044,50,30,48.18,82.79
14.09,0,2,0.01,22.06,49.49,762.7,150.5,45.9,10.2,0.032,50,30,48.18,82.59
14.06,0,2,0.01,22.05,49.16,763.3,147.5,43.8,10.6,0.024,50,30,48.18,83.12
14.03,0,2,0,22.3,49.07,764.8,490.1,42.8,12.5,0.15,100,100,100,88.02
13.99,0,2,0.009,22.56,49.9,765.7,146.2,41.9,14.6,0.282,50,30,48.18,82.39
13.96,0,2,0.003,22.51,50.4,766.1,151.2,42.2,14,0.256,50,30,48.18,82.46
13.92,0,2,0.002,22.68,50.15,766.7,143.2,43,15.2,0.339,50,30,48.18,81.57
13.89,0,2,0,22.58,50.25,766.7,156.3,43.7,16.1,0.291,50,30,48.18,82.19
13.85,0,2,0,22.57,50.35,767.7,158.7,42.5,16.7,0.284,50,30,48.18,82.67
13.82,0,2,0,22.63,50.7,767,145.6,43.6,17.2,0.314,50,30,48.18,81.64
13.78,0,2,0.023,22.3,50.81,768.5,510.3,41.8,18.1,0.151,100,100,100,88.71
13.75,0,2,0.032,22.34,50.55,769.6,156.4,42.2,17.7,0.169,50,30,48.18,83.57
13.71,0,2,0.013,22.31,50.65,770.9,116.4,43,17.3,0.154,50,30,48.18,82.19
13.68,0,2,0.023,22.22,50.76,773.1,126,44.1,16.8,0.108,50,30,48.18,82.38
13.65,0,2,0.029,22.14,50.64,772.8,157.5,43.1,15.4,0.07,50,30,48.18,83.84
13.61,0,2,0.029,22.12,50.58,773.7,165,40.4,14.8,0.06,50,30,48.18,84.9
13.58,0,1,0.044,22.24,49.87,770.8,153.4,40.7,16.9,0.118,50,30,48.18,84.42
13.54,0,1,0.055,22.16,49.97,769.7,142.4,41.4,18.6,0.078,50,30,48.18,84.38
13.51,0,1,0.045,22.11,49.09,762.4,132.4,40.9,21.1,0.055,50,30,48.18,84.33
13.47,0,1,0.027,22.05,48.65,760.4,136.9,39.8,20.9,0.024,50,30,48.18,84.77
13.44,0,1,0.015,22.26,48.6,757.2,160.1,39.6,21.7,0.127,50,30,48.18,84.76
13.41,0,1,0.032,22.01,48.53,756.2,143.5,39.4,23.1,0.007,50,30,48.18,85.27
13.37,0,1,0.041,21.98,48.74,753.4,154.9,40.6,22.7,-0.008,50,30,48.18,85.47
13.34,0,1,0.028,21.98,48.58,752.7,154,39,24.4,-0.012,50,30,48.18,85.69
13.3,0,1,0.033,22.08,48.19,755.8,132.9,40.1,25.8,0.037,50,30,48.18,84.83
13.27,0,1,0.025,22.06,48.38,756.2,157.8,41.2,26.1,0.028,50,30,48.18,85.44
13.23,0,1,0.022,22.18,48.81,755.5,160.6,41.3,27,0.092,50,30,48.18,85.26
13.2,0,1,0.015,22.25,49,752.9,160.7,40.7,26.8,0.123,50,30,48.18,85.25
13.17,0,1,0.009,22.11,49.92,753.7,2.5,39.7,26.4,0.057,0,0,0,77.37
13.13,0,1,0.011,22.17,49.93,751.5,155.1,40.2,27,0.087,50,30,48.18,85.88
13.1,0,1,0,22.13,50.01,748.8,153.9,39.9,27.8,0.066,50,30,48.18,86.15
13.06,0,1,0,22.44,50.09,747,127.9,41.7,28.9,0.219,50,30,48.18,83.8
13.03,0,1,0,22.35,49.86,744,134.8,41,28,0.174,50,30,48.18,84.46
13,0,1,0,22.22,49.75,744.3,162,40.5,27.9,0.112,50,30,48.18,85.82
12.96,0,0,0.022,22.11,49.43,741.1,161.4,31.3,30.5,0.056,50,30,48.18,86.52
12.93,0,0,0.033,22.06,49.36,735.8,124.1,30.8,30.9,0.029,50,30,48.18,85.61
12.9,0,0,0.033,21.9,49.21,735.5,154.5,30.6,33.5,-0.05,50,30,48.18,86.57
12.86,0,0,0.005,21.9,49.19,729.9,149.1,30.5,36.2,-0.051,50,30,48.18,86.66
12.83,0,0,0,21.95,48.97,728.9,139.1,30.7,37.7,-0.026,50,30,48.18,86.62
12.79,0,0,0,22.03,48.68,727.1,160.9,29.3,40.1,0.016,50,30,48.18,87.48
12.76,0,0,0.005,22.2,47.94,723.3,145.9,29.5,41.4,0.102,50,30,48.18,86.24
12.73,0,0,0.024,22.2,47.76,719.9,156,30,41.1,0.099,50,30,48.18,86.47
12.69,0,0,0.043,21.99,47.42,717.5,142.8,29.9,42.1,-0.005,50,30,48.18,86.75
12.66,0,0,0.042,22.2,46.55,715.5,154.6,30.8,43.7,0.1,50,30,48.18,86.22
12.63,0,0,0.037,21.99,46.54,714,150,28.6,45.2,-0.007,50,30,48.18,86.92
12.59,0,0,0.047,21.91,47.11,709.5,0.3,30.1,45.5,-0.043,0,0,0,78.17
12.56,0,0,0.033,21.94,46.86,704.3,152.1,29.7,45.9,-0.029,50,30,48.18,87.01
12.53,0,0,0.048,21.82,46.61,702.1,149.1,29.8,46.6,-0.088,50,30,48.18,86.46
12.49,0,0,0.031,21.81,46.71,702.8,151.4,30.7,49.5,-0.096,50,30,48.18,86.8
12.46,0,0,0.012,21.97,46.69,700.6,152.9,28.9,49.9,-0.015,50,30,48.18,87.49
12.43,0,0,0.01,22.02,46.02,696.8,150.5,29.6,51.4,0.007,50,30,48.18,87.36
12.4,0,0,0,21.92,45.52,695.6,143.5,28.8,52.3,-0.042,50,30,48.18,86.8
12.36,0,0,0,22.03,45.5,692.9,137.7,31.5,53.8,0.015,50,30,48.18,86.97
12.33,0,0,0,22.15,45.23,687.9,147.6,30.5,53.3,0.075,50,30,48.18,86.66
12.3,0,0,0.014,22.17,45.34,683.2,142.3,29.4,55.1,0.085,50,30,48.18,86.65
12.26,0,0,0,22.13,45.89,679.7,161.9,28.7,56.5,0.064,50,30,48.18,87.75
12.23,0,0,0.011,21.98,46.03,677.1,152.9,31.1,57.7,-0.009,50,30,48.18,88.06
12.2,0,0,0.03,21.79,45.37,678.1,134.2,29.7,62,-0.105,50,30,48.18,86.96
12.17,0,0,0.029,21.86,45.23,678.7,151.2,31.7,62.6,-0.069,50,30,48.18,87.75
12.13,0,0,0.047,21.78,45.01,675.5,134.5,29.1,63.1,-0.109,50,30,48.18,86.91
12.1,0,0,0.051,21.67,44.62,672,155.5,30.2,62.8,-0.163,50,30,48.18,86.97
12.07,0,0,0.045,21.69,44.32,668.2,139.3,30.2,65.3,-0.154,50,30,48.18,86.68
12.04,0,0,0.054,21.81,44.37,664.9,138.9,31.4,66.6,-0.092,50,30,48.18,87.29
12,0,0,0.043,21.79,43.99,662.2,2.2,30.2,67,-0.105,0,0,0,78.83
11.97,0,0,0.05,21.63,44.17,658.2,171.5,30.1,67.3,-0.184,50,30,48.18,87.57
11.94,0,0,0.043,21.68,44.12,655.9,156.8,32.1,69.7,-0.16,50,30,48.18,87.53
11.91,0,0,0.019,21.68,44.19,651.6,145.1,31.3,70.4,-0.159,50,30,48.18,87.28
11.87,0,0,0.034,21.61,43.86,650.9,155.5,29.1,68.5,-0.194,50,30,48.18,87.02
11.84,0,0,0.049,21.73,44.12,652.9,141.6,29.4,69.7,-0.134,50,30,48.18,87.27
11.81,0,0,0.03,21.8,44.35,648.5,151.4,28.4,69.9,-0.101,50,30,48.18,87.92
11.78,0,0,0.025,21.9,44.39,646.2,143.2,30,71.6,-0.047,50,30,48.18,88.25
11.75,0,0,0.013,21.88,44.36,643.7,157.4,29.9,72.6,-0.058,50,30,48.18,88.69
11.71,0,0,0.012,21.78,44.04,642.5,159.6,30.6,72.1,-0.111,50,30,48.18,88.2
11.68,0,0,0,21.89,43.77,640,137.4,31,72.9,-0.055,50,30,48.18,87.92
11.65,0,0,0.023,22.02,44.38,637.7,158.4,29,73.5,0.009,50,30,48.18,89.18
11.62,0,0,0.03,21.99,44.28,634.6,152.2,29.6,74.6,-0.004,50,30,48.18,89.11
11.59,0,0,0.01,21.92,44.16,632.3,144.5,29.5,74.1,-0.04,50,30,48.18,88.52
11.56,0,0,0.014,21.93,44.26,627.7,9.5,30.3,73.2,-0.033,0,0,0,80.63
11.52,0,0,0,21.88,44.44,627.6,144.7,29.5,73.1,-0.058,50,30,48.18,88.39
11.49,0,0,0,22.09,44.7,622,150,29.2,75.8,0.043,50,30,48.18,89.03
11.46,0,0,0.008,21.99,44.56,619.5,157.8,28.6,77.2,-0.005,50,30,48.18,89.63
11.43,0,0,0.001,22.03,44.72,617.3,135.5,30.3,78,0.017,50,30,48.18,89.02
11.4,0,0,0,22.14,44.31,616.6,162.9,30.5,79.2,0.07,50,30,48.18,89.41
11.37,0,0,0.023,22.07,44.29,617.3,163.7,29.6,79.3,0.037,50,30,48.18,89.68
11.34,0,0,0.001,21.98,44.15,618.6,136.7,30.5,79.3,-0.011,50,30,48.18,89.02
11.31,0,0,0,22.06,43.94,615.6,149.8,30.2,79.4,0.031,50,30,48.18,89.18
11.28,0,0,0.021,22.04,44.23,615.7,155.4,29.6,79.4,0.018,50,30,48.18,89.56
11.24,0,0,0.018,22.06,43.62,612.5,155.5,30,77.9,0.03,50,30,48.18,89.1
11.21,0,0,0,22.15,43.73,609.5,508.9,29.2,80.1,0.072,100,100,100,94.03
11.18,0,0,0.022,22.11,43.79,606,156.2,28.2,79.9,0.056,50,30,48.18,89.18
11.15,0,0,0.02,22.19,44.31,603.2,144.4,30.4,80.5,0.096,50,30,48.18,88.79
11.12,0,0,0,22.21,44.56,598.5,144.8,29,79.4,0.106,50,30,48.18,88.71
11.09,0,0,0,22.22,44.73,593.5,154.5,30.1,80.3,0.11,50,30,48.18,89.12
11.06,0,0,0,22.18,43.89,591.5,148.3,30.4,82.8,0.091,50,30,48.18,89.01
11.03,0,0,0.019,22.06,44.02,588.8,152.7,29.1,84.4,0.027,50,30,48.18,89.83
11,0,0,0,22.02,43.92,588.6,158.1,29.4,86.9,0.011,50,30,48.18,90.32
10.97,0,0,0,21.95,43.94,586.1,146.5,31,87.5,-0.023,50,30,48.18,89.95
10.94,0,0,0.024,21.86,43.76,586.3,136.6,31.3,87.6,-0.071,50,30,48.18,89.25
10.91,0,0,0.012,21.71,43.68,583.2,139.6,29.2,87.9,-0.142,50,30,48.18,88.8
10.88,0,0,0.017,21.71,43.65,582.7,144.2,29.4,88,-0.142,50,30,48.18,88.94
10.85,0,0,0.02,21.97,43.94,584.7,136.7,30.5,85.8,-0.013,50,30,48.18,89.57
10.82,0,0,0.017,22.01,43.45,583.2,146.9,29.9,87,0.003,50,30,48.18,89.88
10.79,0,0,0.005,21.97,43.6,580.3,173.4,30,86.7,-0.016,50,30,48.18,90.61
10.76,0,0,0.013,21.95,43.29,576.4,151.3,30.3,87.2,-0.023,50,30,48.18,89.83
10.73,0,0,0,22.15,43.03,578,142.8,28.6,87.4,0.075,50,30,48.18,89.11
10.7,0,0,0,22.38,43.95,575.5,154.6,30.8,88,0.186,50,30,48.18,89.03
10.67,0,0,0,22.2,44.24,574.4,151.7,29.5,89.4,0.099,50,30,48.18,89.84
10.64,0,0,0,22.09,44.03,572.8,140.6,29.4,90.6,0.042,50,30,48.18,89.98
10.61,0,0,0.005,22.15,44.3,569.1,161.9,30.2,92.4,0.075,50,30,48.18,90.66
10.58,0,0,0.016,22.15,44.23,566.3,151.7,29,91.2,0.072,50,30,48.18,90.23
10.56,0,0,0.034,21.98,44.47,561.6,138.9,29.6,92.7,-0.01,50,30,48.18,90.55
10.53,0,0,0.039,21.94,44.37,558.2,152.9,33.1,91.8,-0.027,50,30,48.18,90.71
10.5,0,0,0.052,21.8,44.42,557.6,142.5,30.2,92.9,-0.097,50,30,48.18,90.01
10.47,0,0,0.058,21.64,44.24,554.8,159.6,30,93.3,-0.176,50,30,48.18,89.89
10.44,0,0,0.026,21.76,44.19,556.1,169.3,30.7,93.8,-0.117,50,30,48.18,90.67
10.41,0,0,0.021,21.64,43.98,556.4,165.5,29.4,95.1,-0.178,50,30,48.18,90.14
10.38,0,0,0.028,21.49,43.52,558,1.3,30.3,94.5,-0.253,0,0,0,80.22
10.35,0,0,0.043,21.53,43.5,556.5,139.3,29.7,93.6,-0.231,50,30,48.18,88.62
10.33,0,0,0.028,21.71,43.55,554.6,503.5,28.8,93.6,-0.144,100,100,100,94.83
10.3,0,0,0.029,21.59,43.91,554.1,145.5,30.5,93.6,-0.203,50,30,48.18,89.18
10.27,0,0,0.031,21.63,43.99,551.7,155.8,29.7,93.9,-0.184,50,30,48.18,89.69
10.24,0,0,0.026,21.81,43.71,551.9,156.6,28.9,94.9,-0.094,50,30,48.18,90.38
10.21,0,0,0.029,21.84,44.26,550.5,134.5,31.6,93.9,-0.077,50,30,48.18,89.96
10.19,0,0,0.026,21.75,44.26,548.5,13.8,29.3,94,-0.122,0,0,0,82.37
10.16,0,0,0,21.82,44.28,546.8,156.5,30.5,94,-0.088,50,30,48.18,90.56
10.13,0,0,0,21.81,44.38,547.5,0,30.5,94.6,-0.095,0,0,0,81.64
10.1,0,0,0.022,21.86,44.32,541.1,159.9,30.9,95,-0.068,50,30,48.18,90.92
10.07,0,0,0.021,21.71,44.58,541.5,163.2,29.2,94.3,-0.142,50,30,48.18,90.49
10.05,0,0,0.008,21.68,44.46,539,155.1,29.6,95.5,-0.157,50,30,48.18,90.21
10.02,0,0,0.022,21.66,43.72,534.4,153.4,29,95,-0.167,50,30,48.18,89.76
9.99,0,0,0,21.92,43.38,532.2,0,30.5,92.7,-0.041,0,0,0,81.48
9.97,0,0,0,21.93,43.77,530.4,164.1,29.4,93.5,-0.033,50,30,48.18,90.95
9.94,0,0,0.015,21.97,44.13,530,157.5,30.2,94.4,-0.014,50,30,48.18,91.12
9.91,0,0,0.02,21.92,44.27,529,145.1,29.8,95.6,-0.039,50,30,48.18,90.73
9.88,0,0,0.039,21.83,44.58,527.4,143.1,30.7,95.9,-0.086,50,30,48.18,90.46
9.86,0,0,0.032,21.78,44.45,528.4,145.9,30.5,96.7,-0.111,50,30,48.18,90.4
9.83,0,0,0.036,21.69,44.15,526.6,148.5,28.7,96,-0.152,50,30,48.18,89.98
9.8,0,0,0.009,21.81,43.86,526,152.9,29.9,94.6,-0.092,50,30,48.18,90.32
9.78,0,0,0.025,21.97,43.72,524.7,163,28.7,95.5,-0.013,50,30,48.18,91.25
9.75,0,0,0.002,21.78,43.73,522.3,148,31.7,97.6,-0.107,50,30,48.18,90.31
9.73,0,0,0,21.89,44.15,520.3,150.9,28.4,97.9,-0.054,50,30,48.18,90.97
9.7,0,0,0,21.9,44.16,519.7,141.6,31.9,98.4,-0.049,50,30,48.18,90.79
9.67,0,0,0,21.9,44.88,517.4,167.9,29.7,97.5,-0.049,50,30,48.18,91.76
9.65,0,0,0,21.95,44.44,514.5,158.6,31.4,98.5,-0.025,50,30,48.18,91.59
9.62,0,0,0,22.05,44.93,510.1,151.4,29,99.2,0.026,50,30,48.18,91.62
9.6,0,0,0.013,21.89,45.04,507.8,161.2,30.5,100,-0.053,50,30,48.18,91.84
9.57,0,0,0.018,21.93,45.3,505.6,152.4,30.4,99.4,-0.037,50,30,48.18,91.74
9.54,0,0,0.039,21.73,45.46,506.5,146,30,98.9,-0.136,50,30,48.18,90.81
9.52,0,0,0.027,21.78,45.48,503.5,144.4,29.5,99,-0.111,50,30,48.18,90.96
9.49,0,0,0,21.62,45.16,504.6,165.3,30.5,100,-0.19,50,30,48.18,90.98
9.47,0,0,0,21.79,44.7,500.1,147.1,28.6,100,-0.106,50,30,48.18,90.89
9.44,0,0,0.016,21.87,45.07,500.5,142.4,29.8,100,-0.064,50,30,48.18,91.21
9.42,0,0,0.025,22.01,44.73,496.2,149.7,30.5,99.4,0.003,50,30,48.18,91.69
9.39,0,0,0.028,21.87,44.66,494.7,166.9,29.6,99.6,-0.064,50,30,48.18,91.75
9.37,0,0,0.041,21.87,45.03,494.2,155.4,29.5,99.9,-0.063,50,30,48.18,91.57
9.34,0,0,0.024,21.81,45.07,495.1,156.6,30.7,100,-0.093,50,30,48.18,91.41
9.32,0,0,0.022,21.93,45.31,493.9,151.3,30.6,100,-0.033,50,30,48.18,91.79
9.29,0,0,0.017,21.91,45.17,493.6,128.4,30,100,-0.045,50,30,48.18,90.96
9.27,0,0,0.033,21.73,45.27,491.6,153.2,29.9,100,-0.133,50,30,48.18,91.09
9.25,0,0,0.011,21.74,45.09,492.2,144.1,31.5,99.8,-0.131,50,30,48.18,90.74
9.22,0,0,0,21.78,45.61,488.9,511.7,30,100,-0.108,100,100,100,96.43
9.2,0,0,0.019,21.77,45.4,486.4,156.6,32,99.9,-0.115,50,30,48.18,91.36
9.17,0,0,0.021,21.85,45.54,483.5,169,29.5,100,-0.074,50,30,48.18,92.11
9.15,0,0,0,21.72,45.75,485.9,153.9,29.6,100,-0.137,50,30,48.18,91.26
9.13,0,0,0.009,21.77,45.22,486.5,150.7,30.3,99.4,-0.115,50,30,48.18,91.06
9.1,0,0,0,21.97,44.76,486.8,134.9,31.2,99.4,-0.014,50,30,48.18,91.17
9.08,0,0,0.024,21.9,45.16,487.4,136.7,32.3,98.6,-0.051,50,30,48.18,91.02
9.05,0,0,0.001,21.79,44.97,485,151.8,31.5,99.1,-0.103,50,30,48.18,91.07
9.03,0,0,0.02,21.94,45.15,481.2,157,30.9,98.2,-0.029,50,30,48.18,91.75
9.01,0,0,0.009,22.02,45.09,482,155.1,30,97.9,0.008,50,30,48.18,91.8
8.99,0,0,0,22.12,44.82,477.7,145.9,30.2,97.5,0.059,50,30,48.18,91
8.96,0,0,0.019,22.18,44.31,479.1,169.8,30,98.7,0.091,50,30,48.18,91.41
8.94,0,0,0.023,22.15,44.12,478.7,0,29.7,97,0.076,0,0,0,81.93
8.92,0,0,0.024,22.2,44.16,480.8,161.8,30.3,97.8,0.099,50,30,48.18,90.96
8.89,0,0,0,22.18,44.36,479.8,164.8,29.5,97.1,0.088,50,30,48.18,91.14
8.87,0,0,0,22.18,43.69,480.1,149.2,28.8,97.7,0.087,50,30,48.18,90.48
8.85,0,0,0,22.07,43.45,480.9,143.9,28.7,97.5,0.036,50,30,48.18,90.6
8.83,0,0,0.006,22.12,43.85,479.6,156.4,28,97,0.058,50,30,48.18,90.91
8.8,0,0,0,22,43.71,479.1,153.9,31.1,96.5,0.001,50,30,48.18,91.17
8.78,0,0,0,22.07,43.33,476.4,145.4,28.3,96.4,0.035,50,30,48.18,90.5
8.76,0,0,0,21.89,43.5,476.7,145.5,29.2,96.3,-0.052,50,30,48.18,90.43
8.74,0,0,0,22.09,43.34,477.3,137.2,31.3,96.4,0.043,50,30,48.18,90.19
8.72,0,0,0.009,22.1,43.13,478.7,152.7,31.8,96.6,0.05,50,30,48.18,90.55
8.7,0,0,0.016,21.97,42.85,474.4,16.9,31.5,95.6,-0.015,0,0,0,83.03
8.67,0,0,0,21.94,42.22,476.1,159.1,29.7,96,-0.029,50,30,48.18,90.49
8.65,0,0,0,22.03,42.75,477.4,160.7,29.8,95.1,0.014,50,30,48.18,90.77
8.63,0,0,0,21.89,43.02,479.2,156.7,31.9,94.7,-0.052,50,30,48.18,90.42
8.61,0,0,0.012,21.9,43.04,476.8,142.4,31.1,95.1,-0.048,50,30,48.18,90.07
8.59,0,0,0.015,21.97,43.54,475,144,30.2,96.4,-0.017,50,30,48.18,90.67
8.57,0,0,0.006,21.91,43.55,471.9,148.3,27.8,96.7,-0.045,50,30,48.18,90.62
8.55,0,0,0.013,21.93,43.83,468.9,137.1,30.7,97.7,-0.034,50,30,48.18,90.57
8.53,0,0,0,22.03,43.82,466.8,127.2,28.7,98.2,0.013,50,30,48.18,90.48
8.51,0,0,0.015,22.13,44.37,467.6,159.9,30.3,98.4,0.065,50,30,48.18,91.3
8.49,0,0,0.03,22.1,44.59,465.4,145.1,29.2,98.8,0.049,50,30,48.18,91.1
8.47,0,0,0.025,22.16,44.57,464.4,153.5,29.1,100,0.079,50,30,48.18,91.24
8.45,0,0,0.011,22.09,44.58,460.1,153.4,30.6,99.4,0.044,50,30,48.18,91.44
8.43,0,0,0,22.1,44.78,461.7,160.3,31.2,100,0.052,50,30,48.18,91.73
8.41,0,0,0,22.17,44.92,463.8,152.1,30.2,100,0.083,50,30,48.18,91.3
8.39,0,0,0.013,22,44.65,464.6,171.6,30.1,100,-0.002,50,30,48.18,92.39
8.37,0,0,0.006,22.06,44.16,463.4,140.8,28.5,99.2,0.03,50,30,48.18,90.98
8.35,0,0,0,22.12,44.44,461.3,148,29.6,100,0.062,50,30,48.18,91.15
8.33,0,0,0.013,22.02,44.79,459.2,157.6,29.7,99.4,0.012,50,30,48.18,91.88
8.31,0,0,0.008,22.13,44.74,453.8,154.4,30.4,98.8,0.062,50,30,48.18,91.33
8.29,0,0,0.005,21.96,44.73,451.4,140.3,31,98,-0.017,50,30,48.18,91.16
8.27,0,0,0.007,22.08,44.62,453.3,152.9,31.7,97.1,0.039,50,30,48.18,91.24
8.25,0,0,0.002,22.08,44.84,452.4,163.6,31.3,99.1,0.041,50,30,48.18,91.83
8.23,0,0,0.014,22.19,44.84,450.5,14.9,29.7,97.6,0.096,0,0,0,83.22
8.22,0,0,0.005,22.06,45.07,450.4,155.6,29.7,98,0.031,50,30,48.18,91.65
8.2,0,0,0.021,21.91,44.31,450.4,128,30.8,99.3,-0.043,50,30,48.18,90.57
8.18,0,0,0.024,21.99,43.93,451.2,508.5,29.1,100,-0.007,100,100,100,96.59
8.16,0,0,0,22.02,44.01,452.4,0,30.9,97.7,0.011,0,0,0,82.44
8.14,0,0,0,22.17,43.72,452.2,141,29.2,99.4,0.083,50,30,48.18,90.46
8.12,0,0,0,22.31,43.25,448.9,153,30.7,100,0.155,50,30,48.18,90.16
8.11,0,0,0.008,22.22,43.57,449.2,161.3,29.8,99.4,0.11,50,30,48.18,90.8
8.09,0,0,0,21.99,44,446.5,137.3,31.6,99.9,-0.005,50,30,48.18,91.09
8.07,0,0,0.005,21.95,44.27,449.2,144.5,30.1,100,-0.023,50,30,48.18,91.27
8.05,0,0,0,21.87,44.15,447.3,146.3,29.8,100,-0.065,50,30,48.18,90.97
8.04,0,0,0,21.83,43.19,442.4,141.9,29.6,99.7,-0.082,50,30,48.18,90.31
8.02,0,0,0.011,21.95,43.86,443.5,165.4,30.9,98.2,-0.023,50,30,48.18,91.56
8,0,0,0,21.97,44.01,443.9,135.3,27.5,99.1,-0.014,50,30,48.18,90.88
7.99,0,0,0.008,22.05,44.13,438.6,133.8,28.6,99.2,0.023,50,30,48.18,90.83
7.97,0,0,0.001,21.96,44.02,441,146.3,28.6,97.7,-0.019,50,30,48.18,91.03
7.95,0,0,0,21.88,44.29,440.3,149,29.1,97.8,-0.06,50,30,48.18,90.91
7.94,0,0,0,21.81,44.69,437.4,145.4,30.9,99.6,-0.095,50,30,48.18,90.87
7.92,0,0,0,21.88,44.2,437,162.4,29.9,100,-0.059,50,30,48.18,91.51
7.9,0,0,0.002,21.88,44.18,436.6,498.9,29.5,100,-0.06,100,100,100,96.37
7.89,0,0,0.009,21.95,43.72,437.6,160.1,30,99.9,-0.027,50,30,48.18,91.5
7.87,0,0,0.003,21.71,43.95,439,130,30.8,99.5,-0.144,50,30,48.18,89.76
7.86,0,0,0.016,21.75,44.3,441.5,131.6,31.2,98.2,-0.123,50,30,48.18,89.97
7.84,0,0,0.036,21.94,44.52,439.1,141.2,32.6,99.6,-0.031,50,30,48.18,91.17
7.83,0,0,0.042,21.81,44.86,440.3,145.7,28.3,99.6,-0.092,50,30,48.18,90.97
7.81,0,0,0.059,21.72,45.14,441.2,150.1,31.2,99.1,-0.139,50,30,48.18,90.8
7.79,0,0,0.052,21.58,45.18,439.8,152.9,29.7,98.8,-0.209,50,30,48.18,90.35
7.78,0,0,0.047,21.86,45.24,438.9,170.3,29.9,99.8,-0.07,50,30,48.18,92.04
7.76,0,0,0.018,21.91,45.87,441.2,0,31.7,100,-0.045,0,0,0,83.11
7.75,0,0,0.027,21.9,45.82,443,147.1,29.7,100,-0.047,50,30,48.18,91.75
7.73,0,0,0.013,21.79,46.27,446.1,156.9,29.6,98.4,-0.106,50,30,48.18,91.61
7.72,0,0,0.036,21.75,46.36,447.2,151.8,30.9,99.5,-0.125,50,30,48.18,91.45
7.71,0,0,0.019,21.75,46.31,442.5,167.2,30.8,99.7,-0.126,50,30,48.18,91.91
7.69,0,0,0.035,21.7,46.49,443,150.1,30.9,100,-0.149,50,30,48.18,91.33
7.68,0,0,0.045,21.69,46.31,443.6,142.4,31.3,100,-0.152,50,30,48.18,91
7.66,0,0,0.057,21.54,46.17,443,151.9,29.2,100,-0.229,50,30,48.18,90.66
7.65,0,0,0.064,21.45,45.62,442,154.1,31.8,99.9,-0.27,50,30,48.18,90.21
7.64,0,0,0.066,21.34,45.34,442.1,152.8,30,99.4,-0.327,50,30,48.18,89.58
7.62,0,0,0.05,21.26,44.91,437.9,149.9,29.9,99.7,-0.368,50,30,48.18,89.06
7.61,0,0,0.024,21.22,45.44,438.2,149.7,28.9,99.4,-0.387,50,30,48.18,89.08
7.6,0,0,0.01,21.47,45.17,436.7,143.2,31.3,100,-0.263,50,30,48.18,89.76
7.58,0,0,0.006,21.55,44.96,434.5,131.6,29.8,100,-0.224,50,30,48.18,89.64
7.57,0,0,0.018,21.48,45.18,433.3,152.9,29.7,99.9,-0.256,50,30,48.18,90.1
7.56,0,0,0.021,21.39,45.29,433.9,158.1,30.4,100,-0.304,50,30,48.18,89.95
7.54,0,0,0.001,21.73,45.05,433.4,141.8,30.5,100,-0.133,50,30,48.18,90.66
7.53,0,0,0,21.54,44.96,436.4,13.1,30,100,-0.227,0,0,0,82.39
7.52,0,0,0,21.77,45.33,438.1,501.4,29.5,98.6,-0.114,100,100,100,96.24
7.51,0,0,0,21.76,44.92,437.8,149.2,28.9,99.1,-0.12,50,30,48.18,90.84
7.49,0,0,0,21.85,44.82,434.6,164.5,31.5,98.9,-0.073,50,30,48.18,91.6
7.48,0,0,0,21.72,44.82,436.6,140.9,29.3,99.1,-0.139,50,30,48.18,90.4
7.47,0,0,0.009,21.69,44.54,435.4,156.1,29,97.8,-0.152,50,30,48.18,90.53
7.46,0,0,0,21.87,44.58,435.6,158,29.6,96.5,-0.065,50,30,48.18,91.12
7.45,0,0,0,21.92,44.58,433.2,157.8,30.2,96.2,-0.038,50,30,48.18,91.29
7.44,0,0,0,21.84,44.26,433.1,136.1,28.7,96.3,-0.079,50,30,48.18,90.23
7.42,0,0,0.023,21.87,43.88,436,149.2,29.1,97.6,-0.063,50,30,48.18,90.73
7.41,0,0,0,21.94,43.59,434,490.8,28.8,100,-0.029,100,100,100,96.47
7.4,0,0,0,21.84,44.1,434.9,156.5,29.9,98.8,-0.081,50,30,48.18,91.02
7.39,0,0,0,21.75,44.01,435.4,164.9,27.8,99.6,-0.122,50,30,48.18,91
7.38,0,0,0,21.9,43.96,434.5,148.9,31.4,99.6,-0.052,50,30,48.18,91.03
7.37,0,0,0,21.89,44.01,431.6,126.6,30.3,100,-0.054,50,30,48.18,90.41
7.36,0,0,0.001,22.01,43.67,429.5,139.9,31,100,0.007,50,30,48.18,91.03
7.35,0,0,0,22.01,43.41,427.3,159.9,30.2,99.6,0.006,50,30,48.18,91.5
7.34,0,0,0,22.2,43.58,429.9,143,30.3,98.5,0.097,50,30,48.18,90.27
7.33,0,0,0,22.07,43.71,428.7,137.2,32.2,98.9,0.035,50,30,48.18,90.64
7.32,0,0,0,22.07,44.2,428.7,142.6,30.1,98.7,0.033,50,30,48.18,90.98
7.31,0,0,0,22.19,44.01,428.1,138,29.6,99.8,0.093,50,30,48.18,90.43
7.3,0,0,0.017,22.19,43.61,430.3,157.3,28.9,100,0.096,50,30,48.18,90.86
7.29,0,0,0.016,22.12,43.56,431.7,147,29.4,100,0.06,50,30,48.18,90.8
7.28,0,0,0.004,22.13,43.65,432.7,135.8,30.4,99.4,0.063,50,30,48.18,90.42
7.27,0,0,0.023,22.2,43.26,433.8,152.5,30.6,99.4,0.1,50,30,48.18,90.5
7.26,0,0,0.031,22.14,43.62,433.7,159.1,30.4,99.8,0.069,50,30,48.18,91.1
7.25,0,0,0.035,22.01,43.3,435.5,152.2,30.7,100,0.007,50,30,48.18,91.26
7.25,0,0,0.01,22.04,43.6,435.3,143.4,29.8,100,0.02,50,30,48.18,91
7.24,0,0,0.027,21.92,43.55,434.3,133.9,29.1,100,-0.04,50,30,48.18,90.56
7.23,0,0,0.017,21.93,42.92,434.1,130.5,29.9,98.1,-0.035,50,30,48.18,90.06
7.22,0,0,0.024,21.9,42.94,436,158.1,29.6,98.5,-0.052,50,30,48.18,90.81
7.21,0,0,0.01,21.84,42.75,434.1,161.2,29.5,98,-0.08,50,30,48.18,90.57
7.21,0,0,0.018,21.8,43.21,432.3,140,29.5,99.1,-0.098,50,30,48.18,90.09
7.2,0,0,0.039,21.87,43.51,433.2,146.3,28,100,-0.063,50,30,48.18,90.74
7.19,0,0,0.03,21.59,44.04,432.9,164.7,29.5,98.4,-0.201,50,30,48.18,90.3
7.18,0,0,0.007,21.72,44,434.6,135,28.3,96.2,-0.14,50,30,48.18,89.63
7.17,0,0,0,21.72,44.32,432.6,0,30.7,96.4,-0.137,0,0,0,81.48
7.17,0,0,0,21.93,44.45,430.8,153.2,29.4,95.9,-0.033,50,30,48.18,91.12
7.16,0,0,0.007,21.99,44.07,429.5,498.3,28.3,97.4,-0.003,100,100,100,96.51
7.15,0,0,0,21.97,44.14,428.8,153.5,28.6,97.6,-0.015,50,30,48.18,91.31
7.15,0,0,0,22,43.87,428.5,161.1,30.3,97.9,-0.002,50,30,48.18,91.57
7.14,0,0,0,21.84,44.25,428.2,141.9,30.4,98.8,-0.077,50,30,48.18,90.66
7.13,0,0,0.003,21.87,44.64,427,161.9,30,100,-0.064,50,30,48.18,91.62
7.13,0,0,0.002,21.79,45,426.5,157.4,29,100,-0.105,50,30,48.18,91.32
7.12,0,0,0.009,21.65,45.02,428.5,144.3,29.4,100,-0.174,50,30,48.18,90.41
7.12,0,0,0,21.84,45.26,431.4,135.2,30,100,-0.082,50,30,48.18,90.92
7.11,0,0,0,22.12,45.21,432.9,496.3,30.9,100,0.059,100,100,100,96.8
7.1,0,0,0.002,22.12,45.1,434.2,7.3,29.9,99.2,0.061,0,0,0,83.17
7.1,0,0,0.023,21.91,44.94,432.4,166.9,29.8,98.6,-0.045,50,30,48.18,91.9
7.09,0,0,0.016,21.87,45.41,434.2,150.4,28,98.9,-0.065,50,30,48.18,91.45
7.09,0,0,0.037,21.81,45.84,435.2,147.6,32.2,99.8,-0.095,50,30,48.18,91.39
7.08,0,0,0.037,21.77,46.09,435.2,138.1,30.9,100,-0.116,50,30,48.18,91.07
7.08,0,0,0.042,21.82,46.02,435.1,147.9,29.2,98.7,-0.091,50,30,48.18,91.39
7.07,0,0,0.016,21.76,46.28,437.5,142.9,30.3,98.5,-0.119,50,30,48.18,91.11
7.07,0,0,0,21.85,45.98,434.2,146.8,31.5,98.8,-0.072,50,30,48.18,91.5
7.06,0,0,0.013,21.81,45.96,433,140.1,30.7,99.2,-0.094,50,30,48.18,91.16
7.06,0,0,0.023,21.88,45.7,438.3,140.3,28.9,100,-0.058,50,30,48.18,91.42
7.06,0,0,0.007,21.82,45.86,436.8,143.8,31.3,100,-0.091,50,30,48.18,91.34
7.05,0,0,0,21.71,45.34,437.1,0,30.4,100,-0.146,0,0,0,82.16
7.05,0,0,0.005,21.78,44.92,437.3,152.3,31.3,100,-0.108,50,30,48.18,91.11
7.04,0,0,0,21.9,44.77,437.9,137.7,32,100,-0.049,50,30,48.18,91.06
7.04,0,0,0,22.02,44.77,439.9,149.7,30.5,98.6,0.008,50,30,48.18,91.58
7.04,0,0,0.02,22.1,44.71,437.7,145.3,31.8,98.7,0.049,50,30,48.18,91.13
7.03,0,0,0.008,22.18,44.74,438.7,165.8,29.3,98.7,0.087,50,30,48.18,91.47
7.03,0,0,0.016,22.2,44.72,439,159,30,97.7,0.1,50,30,48.18,91.07
7.03,0,0,0.02,22.07,44.31,438.8,148.9,29.2,97.8,0.033,50,30,48.18,91.13
7.02,0,0,0.031,22.05,44.36,438.2,157.1,30.6,97.7,0.026,50,30,48.18,91.43
7.02,0,0,0.023,22.05,44.14,440.3,171.8,29.3,98.2,0.027,50,30,48.18,91.84
7.02,0,0,0.013,22.11,44.62,437.5,0,30.2,97.3,0.054,0,0,0,82.3
7.02,0,0,0.015,22.03,44.67,438.2,147.6,29.7,96.3,0.013,50,30,48.18,91.22
7.01,0,0,0.019,22.09,44.93,437.6,122.4,29.7,97.7,0.043,50,30,48.18,90.48
7.01,0,0,0.009,22.19,45.05,435.7,139.2,30.2,98.3,0.093,50,30,48.18,90.72
7.01,0,0,0,22.03,45.43,432.9,505.9,30.2,98.7,0.014,100,100,100,96.99
7.01,0,0,0,21.82,44.67,435.5,143.8,30.1,100,-0.09,50,30,48.18,90.91
7.01,0,0,0.022,21.83,45.05,433.4,147.2,30.8,99.6,-0.086,50,30,48.18,91.14
7.01,0,0,0.012,21.83,44.51,433.3,153.8,29.7,99.8,-0.084,50,30,48.18,91.17
7,0,0,0.027,21.87,44.48,430.2,161.3,30.3,100,-0.064,50,30,48.18,91.55
7,0,0,0.047,21.87,44.53,430.1,142,29.7,100,-0.064,50,30,48.18,90.98
7,0,0,0.054,21.82,44.71,429.3,135.6,29.5,99.8,-0.087,50,30,48.18,90.67
7,0,0,0.029,21.81,45.14,426.2,143.1,29,100,-0.096,50,30,48.18,91.01
7,0,0,0.039,21.84,45.07,427.9,0,29.6,98.1,-0.079,0,0,0,82.37
7,0,0,0.05,21.88,45,426,148.9,29.9,98.8,-0.061,50,30,48.18,91.28
7,0,0,0.019,21.96,44.9,426,0.7,30.8,98.7,-0.021,0,0,0,82.85
7,0,0,0.012,22.02,45.22,427.2,150.9,29.9,100,0.009,50,30,48.18,91.93
7,0,0,0.023,21.89,44.97,429.3,1.6,29.5,98.1,-0.055,0,0,0,82.63
7,0,0,0.018,21.9,45.06,429.1,152.8,30.4,98.2,-0.05,50,30,48.18,91.43
7,0,0,0,22.09,44.98,427.4,156.7,28.4,97.7,0.042,50,30,48.18,91.53
7,0,0,0.006,21.96,44.97,424.4,152.1,30.4,96.2,-0.022,50,30,48.18,91.4
7,0,0,0,21.97,45.07,423.3,137,30.5,95.8,-0.013,50,30,48.18,91
7,0,0,0.004,21.93,44.51,421.7,150.5,30,96,-0.036,50,30,48.18,91.04
7,0,0,0.013,21.89,44.64,421.7,146.4,30.9,95.4,-0.053,50,30,48.18,90.79
7,0,0,0.022,21.94,44.89,424,145.5,31.1,98,-0.03,50,30,48.18,91.29
7,0,0,0.023,21.98,44.93,423,154.5,29.8,98.7,-0.008,50,30,48.18,91.8
7.01,0,0,0.017,22.12,45.01,420.7,155.3,31.2,99,0.058,50,30,48.18,91.51
7.01,0,0,0.031,22.16,45.05,419.1,153.9,31.2,98,0.081,50,30,48.18,91.22
7.01,0,0,0.05,21.81,44.99,418.8,159.1,30.6,98.9,-0.096,50,30,48.18,91.32
7.01,0,0,0.058,21.7,44.99,423.3,148.8,29.7,98.9,-0.15,50,30,48.18,90.61
7.01,0,0,0.047,21.73,45.28,422.5,130.2,31.2,99.6,-0.136,50,30,48.18,90.34
7.01,0,0,0.035,21.81,44.58,424.8,145.4,30.6,100,-0.094,50,30,48.18,90.89
7.02,0,0,0.011,21.86,45.01,421.7,143,28.1,98.3,-0.069,50,30,48.18,91
7.02,0,0,0,21.76,45.23,423.8,150.8,28.7,96.6,-0.119,50,30,48.18,90.77
7.02,0,0,0,21.82,45.22,422.9,165.5,30.3,97,-0.089,50,30,48.18,91.47
7.02,0,0,0.002,21.64,45.51,424.8,136.7,27.9,96.6,-0.178,50,30,48.18,90
7.03,0,0,0.006,21.64,45.44,424.9,135.7,29.5,96.3,-0.178,50,30,48.18,89.91
7.03,0,0,0.027,21.66,45.32,424.6,158.2,30.1,94.9,-0.166,50,30,48.18,90.49
7.03,0,0,0.018,21.66,45.15,424.4,141.6,31.2,94.7,-0.171,50,30,48.18,89.88
7.04,0,0,0.038,21.67,45.42,422.4,155.3,30.9,93.3,-0.163,50,30,48.18,90.31
7.04,0,0,0.022,21.8,44.6,420.1,138.7,28.9,94,-0.097,50,30,48.18,90.08
7.04,0,0,0.016,21.81,44.67,421,157.2,30.1,93.1,-0.092,50,30,48.18,90.6
7.05,0,0,0.012,21.88,45.06,420.2,143.2,29.9,94.6,-0.061,50,30,48.18,90.71
7.05,0,0,0.029,21.77,45.37,418.7,154.3,31,93.4,-0.113,50,30,48.18,90.65
7.06,0,0,0.031,21.92,45.26,418.6,156.6,29.5,94.7,-0.042,50,30,48.18,91.34
7.06,0,0,0.035,22.01,45.73,417.5,495.2,30.6,96.4,0.004,100,100,100,97.05
7.06,0,0,0.047,22.01,45.15,417.6,147.5,30.9,95.9,0.003,50,30,48.18,91.43
7.07,0,0,0.02,21.97,45.6,415.3,170.4,31.3,96.1,-0.013,50,30,48.18,92.24
7.07,0,0,0.014,22.01,45.48,416.1,141.2,30.5,97.4,0.004,50,30,48.18,91.51
7.08,0,0,0.018,22.02,45.26,412.8,506.5,32.9,99.1,0.011,100,100,100,96.99
7.08,0,0,0,22,44.61,414.6,165,29.5,97.7,-0.001,50,30,48.18,91.95
7.09,0,0,0.021,22.01,44.48,409.1,146.5,28.5,98.3,0.007,50,30,48.18,91.37
7.09,0,0,0.011,22.18,44.63,409.6,136.6,28.6,97.3,0.09,50,30,48.18,90.4
7.1,0,0,0,22.11,44.62,409.4,141.3,29.2,98,0.052,50,30,48.18,90.89
7.1,0,0,0,22.11,45.13,408.8,160.6,29.3,98.9,0.057,50,30,48.18,91.72
7.11,0,0,0.014,22.04,45.37,407.2,150.6,29.7,100,0.02,50,30,48.18,91.89
7.12,0,0,0.012,22.06,44.92,407.6,153.7,32.3,99.8,0.029,50,30,48.18,91.73
7.12,0,0,0.01,21.93,44.68,408,148,31.6,99.1,-0.032,50,30,48.18,91.37
7.13,0,0,0.022,21.73,44.37,404.8,161.6,30.1,100,-0.134,50,30,48.18,90.99
7.13,0,0,0,21.7,44.61,401.1,141,31.3,100,-0.15,50,30,48.18,90.34
7.14,0,0,0.019,21.67,45.11,401.9,144,30.4,100,-0.163,50,30,48.18,90.52
7.15,0,0,0,21.8,44.56,400.4,157.6,29.9,100,-0.099,50,30,48.18,91.2
7.15,0,0,0,21.85,44.95,399.9,146.5,28.5,100,-0.076,50,30,48.18,91.19
7.16,0,0,0.025,21.87,45.24,395.6,142,31.6,100,-0.065,50,30,48.18,91.25
7.17,0,0,0,21.92,45.28,393.4,150.6,30.4,100,-0.042,50,30,48.18,91.69
7.17,0,0,0,21.98,45.61,391.9,494.3,30.6,100,-0.008,100,100,100,97.35
7.18,0,0,0,21.91,45.05,396.2,497.9,30.6,100,-0.046,100,100,100,96.82
7.19,0,0,0,21.89,45.15,393.7,156.1,29.7,100,-0.056,50,30,48.18,91.7
7.2,0,0,0.012,21.95,45.26,391.6,156.1,29,99.3,-0.026,50,30,48.18,91.9
7.21,0,0,0,22.03,45.51,390.2,155.1,29.4,100,0.014,50,30,48.18,92.13
7.21,0,0,0,21.87,46.14,389,149.6,29.9,100,-0.066,50,30,48.18,91.8
7.22,0,0,0.019,21.77,46.2,388.8,149,29.8,100,-0.115,50,30,48.18,91.44
7.23,0,0,0.029,21.76,45.87,390,159,30.2,98.2,-0.117,50,30,48.18,91.42
7.24,0,0,0.046,21.75,46.37,391.1,520.3,28.8,100,-0.122,100,100,100,96.52
7.25,0,0,0.015,21.73,46.11,392.6,158.3,30.1,100,-0.134,50,30,48.18,91.54
7.25,0,0,0.034,21.73,45.55,389.9,157.7,29.2,98.7,-0.134,50,30,48.18,91.19
7.26,0,0,0.044,21.82,45.51,390.8,161.4,29.5,98.1,-0.088,50,30,48.18,91.56
7.27,0,0,0.02,21.76,45.23,392,155,30.8,98.3,-0.118,50,30,48.18,91.07
7.28,0,0,0.029,21.66,45.06,392.1,142.3,30.1,97.2,-0.166,50,30,48.18,90.15
7.29,0,0,0.012,21.68,44.31,395.8,156.7,31.8,97.7,-0.156,50,30,48.18,90.43
7.3,0,0,0.022,21.81,44.26,399.6,138.2,31.3,98.5,-0.092,50,30,48.18,90.41
7.31,0,0,0.026,21.7,44.53,400.3,155.2,30.3,97.2,-0.149,50,30,48.18,90.46
7.32,0,0,0.01,21.71,44.37,398.2,146.9,28.4,97.1,-0.142,50,30,48.18,90.2
7.33,0,0,0.02,21.6,44.17,398.2,152.9,28.1,99.2,-0.197,50,30,48.18,90.1
7.34,0,0,0.037,21.55,44.36,402.9,144.8,28.7,100,-0.222,50,30,48.18,89.82
7.35,0,0,0.012,21.56,44.59,402.5,161.4,29.4,98.9,-0.22,50,30,48.18,90.31
7.36,0,0,0.032,21.66,44.62,405.3,157.1,29.3,99.8,-0.169,50,30,48.18,90.67
7.37,0,0,0.026,21.64,44.99,409.3,144.9,30.1,100,-0.178,50,30,48.18,90.39
7.38,0,0,0.043,21.73,45.48,409.6,157.3,29.8,99,-0.134,50,30,48.18,91.18
7.39,0,0,0.047,21.65,45.1,411.9,167.2,30.8,98.4,-0.176,50,30,48.18,90.96
7.4,0,0,0.042,21.59,44.99,412.2,146.2,31.4,97.7,-0.201,50,30,48.18,90.03
7.41,0,0,0.048,21.4,44.59,413.3,0,30.5,95.8,-0.298,0,0,0,80.32
7.42,0,0,0.051,21.63,44.48,412.1,147.7,31.6,95.2,-0.182,50,30,48.18,89.77
7.44,0,0,0.02,21.76,44.45,410.5,152.1,30.7,96.3,-0.118,50,30,48.18,90.48
7.45,0,0,0.022,21.71,44.41,411.1,142.1,29.7,96.4,-0.142,50,30,48.18,90
7.46,0,0,0.005,21.81,44.62,410.6,133.1,30,97.2,-0.095,50,30,48.18,90.25
7.47,0,0,0,21.92,44.28,410.9,0,30.2,97.8,-0.039,0,0,0,82.34
7.48,0,0,0.015,21.98,44.46,406.7,136,29.8,97.7,-0.01,50,30,48.18,90.96
7.49,0,0,0.027,21.94,44.67,407.1,152.3,28.9,97.7,-0.03,50,30,48.18,91.37
7.51,0,0,0.024,21.84,44.55,405.8,154.3,30.1,98.4,-0.08,50,30,48.18,91.08
7.52,0,0,0.015,21.66,44.35,405.8,144.8,31.6,98.8,-0.17,50,30,48.18,90.08
7.53,0,0,0.013,21.72,44.02,405.2,152.1,29.4,98.6,-0.136,50,30,48.18,90.42
7.54,0,0,0.002,21.72,44.84,404.7,7.9,31.4,99.1,-0.14,0,0,0,82.52
7.56,0,0,0,21.6,44.85,408,0,29.6,97.3,-0.196,0,0,0,81.33
7.57,0,0,0,21.84,44.74,408,148.1,29.6,98.1,-0.078,50,30,48.18,90.95
7.58,0,0,0.015,21.7,44.66,408.1,155.8,29.9,98.6,-0.147,50,30,48.18,90.69
7.6,0,0,0.017,21.7,44.46,406,160.6,30.9,98.5,-0.147,50,30,48.18,90.75
7.61,0,0,0.003,21.75,44.68,409,151.3,28.8,97.8,-0.123,50,30,48.18,90.66
7.62,0,0,0,21.91,45.2,409.8,159.7,30.9,99.3,-0.044,50,30,48.18,91.85
7.64,0,0,0,21.81,45.53,410.3,139.5,29.3,99.8,-0.095,50,30,48.18,91.04
7.65,0,0,0.007,21.86,45.56,409.2,0,30.1,100,-0.069,0,0,0,82.81
7.66,0,0,0.019,21.9,45.7,412.8,153,29.8,100,-0.051,50,30,48.18,91.85
7.68,0,0,0.008,21.95,45.1,414.2,143.4,31.6,100,-0.026,50,30,48.18,91.53
7.69,0,0,0.013,21.83,44.75,415.3,155.3,31.3,100,-0.084,50,30,48.18,91.32
7.71,0,0,0.012,21.84,44.35,415.1,487,28.6,100,-0.082,100,100,100,96.4
7.72,0,0,0.026,22.01,44.69,418.1,162.7,30.2,99.4,0.004,50,30,48.18,92.06
7.73,0,0,0.016,21.86,44.99,422.3,152.9,29.6,98.5,-0.067,50,30,48.18,91.31
7.75,0,0,0,21.97,44.65,421.1,144.2,28.6,98.6,-0.013,50,30,48.18,91.34
7.76,0,0,0.023,21.82,44.94,421.5,169.3,28.6,100,-0.09,50,30,48.18,91.77
7.78,0,0,0.044,21.74,45.1,420.1,160.7,30.8,100,-0.128,50,30,48.18,91.28
7.79,0,0,0.019,21.86,44.82,421.2,141.6,30.1,99,-0.068,50,30,48.18,90.96
7.81,0,0,0,21.99,44.46,426.3,0,31.4,98.2,-0.006,0,0,0,82.7
7.83,0,0,0,21.92,44.4,426.5,144.5,30.6,100,-0.041,50,30,48.18,91.19
7.84,0,0,0.011,22.02,44.74,426.4,154.9,28.8,100,0.011,50,30,48.18,91.85
7.86,0,0,0.001,22.17,44.83,421.8,149.6,29.2,99.9,0.085,50,30,48.18,91.16
7.87,0,0,0.015,22.18,45.03,424.2,126.8,30.6,98.5,0.091,50,30,48.18,90.37
7.89,0,0,0,22.22,44.99,423,164.6,28.1,97.2,0.11,50,30,48.18,91.22
7.9,0,0,0.013,21.64,44.76,423.5,133.1,30.5,96.7,-0.177,50,30,48.18,89.63
7.92,0,0,0,21.81,45.3,424,156.8,31,97.4,-0.096,50,30,48.18,91.22
7.94,0,0,0,21.98,45.33,419.8,119.4,30.3,97.9,-0.011,50,30,48.18,90.8
7.95,0,0,0,21.9,45.3,418.9,139.9,32.2,96.1,-0.05,50,30,48.18,90.93
7.97,0,0,0,21.93,45.8,416.3,500.4,29.5,97,-0.036,100,100,100,96.85
7.99,0,0,0.019,21.79,46.34,415.2,156.7,28.7,97.9,-0.103,50,30,48.18,91.61
8,0,0,0.034,21.71,46.71,416.4,15.6,31.7,97.8,-0.144,0,0,0,83.63
8.02,0,0,0.031,21.81,46.58,415.5,152.2,29.1,98.8,-0.092,50,30,48.18,91.73
8.04,0,0,0.043,21.73,46.56,416.7,130.4,30.2,100,-0.133,50,30,48.18,90.89
8.05,0,0,0.028,21.53,46.53,418.6,5.3,32,98.9,-0.234,0,0,0,82.23
8.07,0,0,0.041,21.55,46.34,417.1,145.6,30.3,98.9,-0.222,50,30,48.18,90.48
8.09,0,0,0.011,21.62,46.17,416.4,137.2,30.3,98.5,-0.188,50,30,48.18,90.38
8.11,0,0,0.021,21.72,45.66,417.6,144.6,29.2,97.3,-0.14,50,30,48.18,90.65
8.12,0,0,0,21.84,45.4,420.7,164,29,97.6,-0.077,50,30,48.18,91.64
8.14,0,0,0,21.82,45.34,422.1,137.1,28.7,97.5,-0.088,50,30,48.18,90.72
8.16,0,0,0,21.78,45.48,421.7,153.6,27.8,97.7,-0.109,50,30,48.18,91.13
8.18,0,0,0.014,21.92,45.28,422.2,138.5,29.2,99.1,-0.039,50,30,48.18,91.26
8.2,0,0,0.009,21.74,45.06,421.1,156.9,29.8,99.3,-0.128,50,30,48.18,91.08
8.22,0,0,0.005,21.79,44.79,420.2,139.3,28.8,100,-0.104,50,30,48.18,90.7
8.23,0,0,0.009,21.87,44.36,422.2,144.7,30.9,100,-0.062,50,30,48.18,91.02
8.25,0,0,0,21.99,44.67,422.3,159.4,30.9,98.4,-0.004,50,30,48.18,91.85
8.27,0,0,0,21.99,44.51,419.8,134.9,28.7,98.2,-0.007,50,30,48.18,91.02
8.29,0,0,0,21.92,44.79,419.8,153.8,31.3,98,-0.038,50,30,48.18,91.43
8.31,0,0,0.002,22.15,44.9,420.6,143.4,28.8,98,0.072,50,30,48.18,90.91
8.33,0,0,0,22.2,44.86,424.1,122.6,29.7,98.3,0.097,50,30,48.18,90.11
8.35,0,0,0,22.17,45.02,420.6,0,29.6,98.6,0.082,0,0,0,82.38
8.37,0,0,0.021,22.08,44.89,420.7,159.6,29.7,98.7,0.04,50,30,48.18,91.7
8.39,0,0,0.038,21.85,44.68,418.9,139.1,29.5,98.8,-0.073,50,30,48.18,90.77
8.41,0,0,0.042,21.95,44.59,414.7,140.3,29.8,98.4,-0.026,50,30,48.18,91.09
8.43,0,0,0.053,21.76,44.99,412.9,139.3,28.4,98.2,-0.118,50,30,48.18,90.49
8.45,0,0,0.048,21.71,45.04,413.3,154.4,31.6,98.7,-0.143,50,30,48.18,90.83
8.47,0,0,0.055,21.79,44.9,416.2,498.9,29.8,100,-0.102,100,100,100,96.33
8.49,0,0,0.048,21.84,45.47,414.8,155.4,30.6,99.2,-0.078,50,30,48.18,91.56
8.51,0,0,0.065,21.71,45.49,413,146.6,28,100,-0.146,50,30,48.18,90.87
8.53,0,0,0.073,21.73,45.41,414.3,137.5,29.3,98.5,-0.135,50,30,48.18,90.5
8.55,0,0,0.082,21.59,45.04,413.5,153.8,28.7,98.4,-0.203,50,30,48.18,90.32
8.57,0,0,0.066,21.62,45.42,411.5,158.6,31.3,99.9,-0.19,50,30,48.18,90.87
8.59,0,0,0.032,21.53,45.35,413.1,141.2,29.6,99.7,-0.235,50,30,48.18,89.95
8.61,0,0,0.043,21.5,45.1,413.4,140.6,30.6,100,-0.246,50,30,48.18,89.79
8.63,0,0,0.061,21.46,44.65,413.2,137.7,31.3,100,-0.266,50,30,48.18,89.39
8.65,0,0,0.05,21.39,44.65,414.1,149.9,31.5,99.2,-0.3,50,30,48.18,89.42
8.67,0,0,0.056,21.53,44.74,411.1,146.6,29.2,97.8,-0.234,50,30,48.18,89.71
8.7,0,0,0.065,21.6,44.51,413,130,29.8,98.5,-0.196,50,30,48.18,89.48
8.72,0,0,0.068,21.54,44.4,412.1,163.8,30,98.2,-0.23,50,30,48.18,90.18
8.74,0,0,0.076,21.49,44.28,411,146.6,30.7,98.8,-0.252,50,30,48.18,89.51
8.76,0,0,0.063,21.36,44.21,409.2,157.1,31.4,99.6,-0.314,50,30,48.18,89.4
8.78,0,0,0.064,21.51,44.19,410.7,163.1,31.6,97.4,-0.242,50,30,48.18,89.9
8.8,0,0,0.077,21.42,44.24,410.3,141.1,30,98.7,-0.287,50,30,48.18,89.05
8.83,0,0,0.072,21.44,44.51,408.6,157.3,28.7,99.6,-0.279,50,30,48.18,89.79
8.85,0,0,0.04,21.47,44.48,407.6,151.4,29.5,100,-0.263,50,30,48.18,89.76
8.87,0,0,0.049,21.52,44.47,407.3,154.1,29.5,98.2,-0.237,50,30,48.18,89.85
8.89,0,0,0.048,21.51,44.57,405.5,146,29.6,97.4,-0.242,50,30,48.18,89.52
8.92,0,0,0.024,21.58,44.57,404.3,136.6,30,99.6,-0.208,50,30,48.18,89.72
8.94,0,0,0.003,21.6,44.71,408.1,0,30.6,96,-0.199,0,0,0,81.12
8.96,0,0,0.022,21.7,44.77,409.5,132.4,29.3,96.4,-0.147,50,30,48.18,89.81
8.99,0,0,0.01,21.75,44.41,409.4,145.4,27.2,97.2,-0.126,50,30,48.18,90.3
9.01,0,0,0,21.91,44.29,407.3,160,30.8,97.3,-0.046,50,30,48.18,91.3
9.03,0,0,0,21.92,44.42,406.3,146.4,29.6,98.1,-0.038,50,30,48.18,91.09
9.05,0,0,0,21.95,44.68,408.3,147.8,28.9,97.5,-0.025,50,30,48.18,91.26
9.08,0,0,0.023,21.91,44.47,409.5,136,30.3,98,-0.047,50,30,48.18,90.72
9.1,0,0,0.03,21.76,44.21,407.3,149.9,28.7,97.4,-0.12,50,30,48.18,90.42
9.13,0,0,0.019,21.72,44.45,408.8,140.4,30.9,97.1,-0.138,50,30,48.18,90.07
9.15,0,0,0.039,21.87,44.41,407.5,167.9,30.9,99.3,-0.064,50,30,48.18,91.65
9.17,0,0,0.017,22.05,44.11,405.2,149.3,31.3,99,0.025,50,30,48.18,91.24
9.2,0,0,0,21.92,43.74,399.8,147.4,30.2,97.9,-0.04,50,30,48.18,90.83
9.22,0,0,0,21.82,44.03,400.6,157.8,28.6,97.6,-0.087,50,30,48.18,90.86
9.25,0,0,0,21.82,44,399.5,154.1,29.6,98,-0.087,50,30,48.18,90.78
9.27,0,0,0,21.91,44.57,400.7,0,29.8,97.2,-0.046,0,0,0,82.34
9.29,0,0,0,22.02,44.55,400.2,157,29.5,96.4,0.009,50,30,48.18,91.49
9.32,0,0,0,21.99,44.06,404.1,163.4,31.3,95.3,-0.003,50,30,48.18,91.44
9.34,0,0,0,21.94,44.23,402.1,150.7,29,95.6,-0.028,50,30,48.18,90.97
9.37,0,0,0,21.98,44.23,401.5,145.7,30.8,96.1,-0.012,50,30,48.18,90.99
9.39,0,0,0.018,21.95,43.89,404.4,156.2,30.4,97,-0.026,50,30,48.18,91.16
9.42,0,0,0.01,22.06,44,406,166.6,30,96.7,0.03,50,30,48.18,91.46
9.44,0,0,0,22.07,43.5,404.1,498.5,30.7,98.8,0.035,100,100,100,96.19
9.47,0,0,0.001,22.07,43.12,404.3,172.9,29.2,100,0.034,50,30,48.18,91.61
9.49,0,0,0.009,22.12,42.8,403,152.9,31.1,100,0.061,50,30,48.18,90.69
9.52,0,0,0.02,21.95,43.4,405.7,164.8,30.4,100,-0.025,50,30,48.18,91.54
9.54,0,0,0.027,21.84,42.89,405.3,161.7,29.4,99.7,-0.078,50,30,48.18,90.83
9.57,0,0,0.038,21.86,43.18,408.1,144,30.6,100,-0.07,50,30,48.18,90.5
9.6,0,0,0.029,21.85,42.95,408.5,146,29.6,100,-0.075,50,30,48.18,90.43
9.62,0,0,0.043,21.71,42.98,408.2,497.7,30,100,-0.144,100,100,100,95.31
9.65,0,0,0.018,21.93,43.39,405.6,145.4,31.3,99.9,-0.034,50,30,48.18,90.88
9.67,0,0,0.038,21.93,43.19,402.2,134.8,30.7,100,-0.037,50,30,48.18,90.47
9.7,0,0,0.043,21.99,43.33,402.7,160.8,29.6,99.8,-0.005,50,30,48.18,91.52
9.73,0,0,0.021,22.05,43.24,404.6,178,29.7,99.7,0.024,50,30,48.18,91.85
9.75,0,0,0.009,22.01,43.14,402.9,159.3,31.5,99.5,0.004,50,30,48.18,91.39
9.78,0,0,0.004,21.96,42.72,400.3,160.3,30.8,99.4,-0.019,50,30,48.18,91.14
9.8,0,0,0.01,21.98,43.19,402,155.7,30.5,99.1,-0.011,50,30,48.18,91.21
9.83,0,0,0,21.97,43.57,403.7,133.2,30.3,100,-0.014,50,30,48.18,90.74
9.86,0,0,0,22.02,43.37,401.2,164.2,30.6,100,0.01,50,30,48.18,91.62
9.88,0,0,0.004,22.11,43.48,399.6,157.8,29.8,99.5,0.054,50,30,48.18,91.09
9.91,0,0,0.021,22.23,43.8,400.8,163.9,31.6,98.9,0.113,50,30,48.18,90.88
9.94,0,0,0.013,22.18,44.02,398.9,149.1,29.5,98.9,0.091,50,30,48.18,90.69
9.97,0,0,0.007,22.28,43.63,400.8,144.7,30.8,99.3,0.136,50,30,48.18,90.12
9.99,0,0,0.004,22.14,43.6,398,153.4,29.7,99.7,0.069,50,30,48.18,90.92
10.02,0,0,0,22.23,43.7,397.5,169.2,30.1,100,0.114,50,30,48.18,91.12
10.05,0,0,0.012,22.1,43.95,397.1,148.6,30.4,100,0.051,50,30,48.18,91.07
10.07,0,0,0.012,22.07,44.22,397,146,29.1,100,0.035,50,30,48.18,91.21
10.1,0,0,0.029,21.79,44.5,398.5,138.9,29.8,100,-0.102,50,30,48.18,90.6
10.13,0,0,0.036,21.76,44.42,401.1,153.3,30.5,100,-0.121,50,30,48.18,90.86
10.16,0,0,0.033,21.69,44.56,402.5,154.2,30.6,97.2,-0.151,50,30,48.18,90.44
10.19,0,0,0.039,21.83,44.07,404.3,149.1,30.3,98.4,-0.082,50,30,48.18,90.74
10.21,0,0,0.013,21.96,44.5,400.5,157.7,31.2,98.8,-0.021,50,30,48.18,91.65
10.24,0,0,0.012,21.94,44.37,402.6,146,28.5,98.5,-0.031,50,30,48.18,91.15
10.27,0,0,0,21.78,44.87,405.5,131.9,30.5,99,-0.109,50,30,48.18,90.38
10.3,0,0,0,21.89,44.9,406.3,159.9,28.5,100,-0.053,50,30,48.18,91.74
10.33,0,0,0.01,22.01,45.04,407.9,155.6,29.1,100,0.003,50,30,48.18,92.05
10.35,0,0,0.033,21.9,44.91,409.2,22.7,30.8,97.5,-0.051,0,0,0,84.16
10.38,0,0,0.052,21.84,44.8,408,514,30,99.3,-0.078,100,100,100,96.25
10.41,0,0,0.045,21.85,44.82,408.7,161.9,28.7,100,-0.073,50,30,48.18,91.62
10.44,0,0,0.02,21.98,44.92,408.7,173.9,29.6,100,-0.008,50,30,48.18,92.51
10.47,0,0,0.041,21.94,44.69,409.3,143.4,29.3,99.8,-0.031,50,30,48.18,91.32
10.5,0,0,0.019,22.02,44.88,409.3,130,28.6,99.8,0.011,50,30,48.18,91.13
10.53,0,0,0.014,22.06,44.89,409.2,150.1,31.1,98.2,0.031,50,30,48.18,91.43
10.56,0,0,0.012,22.07,45.21,406.4,166,30.5,97.8,0.036,50,30,48.18,91.95
10.58,0,0,0.022,22.12,44.92,407,148.6,29.7,98.6,0.058,50,30,48.18,91.23
10.61,0,0,0.023,22.16,45.39,406,151.4,29.7,97.7,0.081,50,30,48.18,91.23
10.64,0,0,0.036,22.01,45.29,406.7,135.7,31.3,98.8,0.003,50,30,48.18,91.42
10.67,0,0,0.021,22.11,44.83,406.5,138.8,30.1,98.9,0.056,50,30,48.18,90.96
10.7,0,0,0.014,21.97,44.51,406.6,489.7,29.7,99.6,-0.012,100,100,100,96.91
10.73,0,0,0.03,21.93,44.45,403.9,155.2,31,100,-0.033,50,30,48.18,91.59
10.76,0,0,0.021,22.05,44.5,405.5,509.7,30.1,100,0.026,100,100,100,96.64
10.79,0,0,0.036,22,44.74,402.5,149.7,29.3,100,0,50,30,48.18,91.78
10.82,0,0,0.029,22.04,44.54,405.5,151.9,31.6,100,0.022,50,30,48.18,91.6
10.85,0,0,0.033,21.87,44.62,405,153.7,31.3,99.5,-0.065,50,30,48.18,91.31
10.88,0,0,0.046,21.9,44.43,406.7,3.5,30.4,98.6,-0.052,0,0,0,82.64
10.91,0,0,0.021,21.91,44.86,406.6,150.1,29.7,98.8,-0.045,50,30,48.18,91.37
10.94,0,0,0,21.92,44.79,405.5,142.4,31.2,97.2,-0.039,50,30,48.18,91.01
10.97,0,0,0,21.85,44.89,408.3,149.5,30.1,96.7,-0.073,50,30,48.18,90.94
11,0,0,0,22.08,45.52,407.9,158.4,29.7,97.1,0.041,50,30,48.18,91.73
11.03,0,0,0.006,22.16,45.82,408,149.4,29,96.3,0.077,50,30,48.18,91.23
11.06,0,0,0,22.04,45.64,410.1,156.4,30.6,96.5,0.022,50,30,48.18,91.8
11.09,0,0,0,22.15,45.26,410.5,142.8,29.7,96.9,0.073,50,30,48.18,90.91
11.12,0,0,0.006,22.03,44.82,408.7,127.8,31.9,96.9,0.016,50,30,48.18,90.72
11.15,0,0,0.029,21.88,44.67,407.8,503.7,30.1,97.3,-0.057,100,100,100,96.27
11.18,0,0,0.043,22.1,44.46,412.4,496.7,29.7,97.9,0.048,100,100,100,96.39
11.21,0,0,0.045,22.06,43.76,411.1,149.4,29.9,98.5,0.029,50,30,48.18,91.03
11.24,0,0,0.032,22.02,43.8,413.5,166.6,29.5,99,0.011,50,30,48.18,91.75
11.28,0,0,0.019,21.95,44.62,414.7,152,29.1,97.8,-0.027,50,30,48.18,91.38
11.31,0,0,0,22.01,44.71,414.4,496,29.6,100,0.004,100,100,100,97.02
11.34,0,0,0,22,44.86,416.5,159.3,29.9,100,-0.001,50,30,48.18,92.1
11.37,0,0,0,22.11,44.73,416,143.5,31.4,99.8,0.054,50,30,48.18,91.16
11.4,0,0,0,21.92,44.16,414.6,169.2,29.5,98.1,-0.041,50,30,48.18,91.65
11.43,0,0,0.002,21.98,44.44,410.1,152.4,31.3,100,-0.008,50,30,48.18,91.68
11.46,0,0,0,22.18,44.68,412.9,159.4,29,99.1,0.087,50,30,48.18,91.31
11.49,0,0,0,22.17,45.25,411.9,152.7,30.4,98.9,0.085,50,30,48.18,91.31
11.52,0,0,0.009,22.13,45.01,411.4,164.1,29.5,99.4,0.066,50,30,48.18,91.76
11.56,0,0,0.002,22.17,44.9,413.5,149.5,29,100,0.083,50,30,48.18,91.21
11.59,0,0,0,22.05,45.3,412.9,138.5,28.9,100,0.024,50,30,48.18,91.47
11.62,0,0,0.014,21.92,44.64,412.6,156.3,31.1,100,-0.038,50,30,48.18,91.65
11.65,0,0,0.018,21.91,44.9,410,147.9,30.1,100,-0.046,50,30,48.18,91.44
11.68,0,0,0.004,21.9,45.18,409.8,148.5,30.7,99.8,-0.048,50,30,48.18,91.52
11.71,0,0,0.024,21.81,45.04,409.2,169.1,30,99.4,-0.095,50,30,48.18,91.7
11.75,0,0,0.027,21.91,44.86,414,149.3,29.1,98.6,-0.044,50,30,48.18,91.34
11.78,0,0,0.045,21.75,44.74,412,157,30.3,97.8,-0.121,50,30,48.18,90.87
11.81,0,0,0.06,21.99,44.85,410.6,134.7,32.4,97.6,-0.003,50,30,48.18,91.11
11.84,0,0,0.061,21.87,44.92,410.8,137.9,30.6,97.8,-0.067,50,30,48.18,90.77
11.87,0,0,0.044,21.75,44.49,411.5,149.3,29.4,98.7,-0.126,50,30,48.18,90.59
11.91,0,0,0.041,21.57,44.21,410.7,130.5,32.1,98.8,-0.212,50,30,48.18,89.29
11.94,0,0,0.059,21.63,43.94,409,159.7,28.9,98.3,-0.182,50,30,48.18,90.24
11.97,0,0,0.026,21.6,44.23,406.3,4.6,31.2,97.8,-0.197,0,0,0,81.49
12,0,0,0.038,21.8,44.06,406.5,152.8,30.1,98,-0.098,50,30,48.18,90.68
12.04,0,0,0.009,21.83,43.56,407.1,149.8,31,98.1,-0.083,50,30,48.18,90.52
12.07,0,0,0.013,21.83,43.51,404.4,148.5,30,97.5,-0.083,50,30,48.18,90.41
12.1,0,0,0.006,21.83,44.25,403.9,134.7,30.7,95.9,-0.082,50,30,48.18,90.12
12.13,0,0,0,21.73,44.95,403.9,118.3,28.6,95.2,-0.136,50,30,48.18,89.41
12.17,0,0,0.01,21.55,45.14,404.1,135.7,30.1,94.6,-0.221,50,30,48.18,89.31
12.2,0,0,0,21.58,45.04,405.6,135.2,30.8,95.4,-0.21,50,30,48.18,89.42
12.23,0,0,0.009,21.68,45.14,405.6,133.1,29.3,97,-0.159,50,30,48.18,89.94
12.26,0,0,0,21.79,44.98,401.4,150.2,28.8,98.4,-0.105,50,30,48.18,90.93
12.3,0,0,0.015,21.77,45.08,398.9,149.5,30.1,100,-0.112,50,30,48.18,91.06
12.33,0,0,0.009,21.63,45.11,399.6,146.5,31.8,100,-0.182,50,30,48.18,90.45
12.36,0,0,0.008,21.78,45.25,401.5,134.7,30.9,99.4,-0.108,50,30,48.18,90.65
12.4,0,0,0,22.06,45.01,400.6,139.2,29.5,100,0.03,50,30,48.18,91.34
12.43,0,0,0.013,21.88,45.72,402,150.4,29.7,99.6,-0.057,50,30,48.18,91.7
12.46,0,0,0.008,21.93,45.74,404.9,161.5,29.7,100,-0.034,50,30,48.18,92.25
12.49,0,0,0.015,21.97,46.08,404,143,30.4,99.8,-0.017,50,30,48.18,91.93
12.53,0,0,0,21.79,45.9,400.5,148.2,30.4,99.2,-0.104,50,30,48.18,91.31
12.56,0,0,0,21.74,45.67,399.9,140.6,30.9,99.6,-0.13,50,30,48.18,90.83
12.59,0,0,0.007,21.8,45.34,399.7,489,31.8,100,-0.099,100,100,100,96.62
12.63,0,0,0.03,21.86,45.44,398.8,158.1,32,100,-0.069,50,30,48.18,91.78
12.66,0,0,0.026,22.15,45.68,398.6,135.4,30.5,100,0.072,50,30,48.18,91.16
12.69,0,0,0.044,21.92,45.42,397.3,153.9,29.9,100,-0.038,50,30,48.18,91.87
12.73,0,0,0.045,21.92,46.25,396.3,126.9,30.2,100,-0.04,50,30,48.18,91.36
12.76,0,0,0.035,21.88,46.2,399.4,141.4,30.1,99.4,-0.062,50,30,48.18,91.55
12.79,0,0,0.054,21.61,45.86,399.5,150.4,28,98.4,-0.194,50,30,48.18,90.6
12.83,0,0,0.04,21.42,45.91,396.3,161.6,28.8,96.3,-0.29,50,30,48.18,90.03
12.86,0,0,0.049,21.51,46.28,394.9,137.6,28.9,96.1,-0.242,50,30,48.18,89.79
12.9,0,0,0.066,21.66,45.97,396.4,149.2,30,96.9,-0.167,50,30,48.18,90.66
12.93,0,0,0.036,21.76,46.01,397.1,139.7,29.8,97.3,-0.12,50,30,48.18,90.79
12.96,0,0,0.03,21.66,46.15,398.8,135.7,31.4,96.2,-0.17,50,30,48.18,90.23
13,0,0,0.03,21.83,46.37,397.6,144.3,29.2,96.9,-0.083,50,30,48.18,91.29
13.03,0,0,0.014,21.97,46.41,396.8,151.5,31.4,98.3,-0.013,50,30,48.18,92.2
13.06,0,0,0.003,21.81,46.9,397.2,155.8,30.1,98.2,-0.092,50,30,48.18,91.9
13.1,0,0,0.008,21.81,46.73,400.7,145.1,29.2,97.1,-0.092,50,30,48.18,91.4
13.13,0,0,0.009,21.91,46.52,401.6,156.1,30.7,98.2,-0.047,50,30,48.18,92.11
13.17,0,0,0.003,21.98,46.09,404.4,147.6,31.4,97.6,-0.01,50,30,48.18,91.92
13.2,0,0,0,21.94,45.85,405.3,493.6,29.5,99,-0.029,100,100,100,97.18
13.23,0,0,0,22.02,46.1,404.7,144.4,30.5,97.1,0.011,50,30,48.18,91.76
13.27,0,0,0.008,21.9,45.89,406.6,500.6,29,97.9,-0.049,100,100,100,96.87
13.3,0,0,0,22.01,46.06,408.9,142.4,31.3,98.6,0.003,50,30,48.18,91.89
13.34,0,0,0,21.98,45.86,406.7,154.4,30.4,99.3,-0.007,50,30,48.18,92.21
13.37,0,0,0.007,22.07,45.95,408.8,153.9,30.6,100,0.035,50,30,48.18,92.09
13.41,0,0,0.004,22.1,46.12,409.3,158.8,31,100,0.051,50,30,48.18,92.18
13.44,0,0,0,21.98,46.3,410.5,141.3,28.9,100,-0.01,50,30,48.18,92.04
13.47,0,0,0,21.84,46.15,411.3,152.2,30.2,100,-0.079,50,30,48.18,91.79
13.51,0,0,0.002,21.95,46.07,413.6,138.9,30.7,100,-0.023,50,30,48.18,91.77
13.54,0,0,0,21.86,45.69,417.3,144.3,30.5,98.9,-0.07,50,30,48.18,91.34
13.58,0,0,0.004,22.11,45.5,419.3,152.7,29.8,98.3,0.052,50,30,48.18,91.59
13.61,0,0,0.001,22.22,45.2,419.4,162.8,31.1,100,0.111,50,30,48.18,91.51
13.65,0,0,0.025,22.03,45.44,417.8,137.4,30.6,100,0.015,50,30,48.18,91.56
13.68,0,0,0.025,21.86,45.63,415.5,146.1,29.6,100,-0.067,50,30,48.18,91.5
13.71,0,0,0.039,21.85,46.11,414.8,136.5,29.6,98.5,-0.075,50,30,48.18,91.19
13.75,0,0,0.023,21.98,46.38,412.7,127.5,30.3,97.8,-0.009,50,30,48.18,91.43
13.78,0,0,0.048,21.81,46,411.4,143.6,29.1,98.5,-0.094,50,30,48.18,91.21
13.82,0,0,0.064,21.86,45.53,411.6,162.3,29.3,99.1,-0.068,50,30,48.18,91.85
13.85,0,0,0.082,21.89,45.51,409.6,142.9,30.5,99.3,-0.052,50,30,48.18,91.4
13.89,0,0,0.069,21.74,45.56,411.5,141,31.1,100,-0.129,50,30,48.18,90.86
13.92,0,0,0.056,21.61,45.35,413.7,128.6,31.1,100,-0.195,50,30,48.18,89.91
13.96,0,0,0.056,21.73,44.88,414.6,155.8,30,99.8,-0.132,50,30,48.18,91.01
13.99,0,0,0.066,21.68,45.06,418.3,168.1,29,100,-0.157,50,30,48.18,91.27
14.03,0,0,0.084,21.63,44.49,420.3,143.5,30.5,99.8,-0.181,50,30,48.18,90.12
14.06,0,0,0.1,21.58,44,420.2,156.4,28.8,99,-0.207,50,30,48.18,90.05
14.09,0,0,0.097,21.37,44.12,423,174.3,32.1,99.6,-0.311,50,30,48.18,89.91
14.13,0,0,0.105,21.48,44.12,421.9,155.7,29.8,99.6,-0.255,50,30,48.18,89.78
14.16,0,0,0.117,21.56,44.15,417.8,118.8,29.5,100,-0.217,50,30,48.18,89.01
14.2,0,0,0.088,21.52,44.6,420.9,156.6,28.5,100,-0.24,50,30,48.18,90.14
14.23,0,0,0.067,21.72,44.48,421.7,168.3,30.7,99.8,-0.137,50,30,48.18,91.19
14.27,0,0,0.044,21.77,44.59,421.2,149.7,30.3,100,-0.116,50,30,48.18,90.85
14.3,0,0,0.062,21.54,44.37,420.6,141.4,28.2,100,-0.226,50,30,48.18,89.7
14.34,0,0,0.077,21.69,44.38,421.8,504.5,28.3,100,-0.155,100,100,100,95.68
14.37,0,0,0.089,21.5,44.31,425,157.3,29.4,100,-0.246,50,30,48.18,90
14.41,0,0,0.089,21.65,44.26,421.2,150.6,30,99.7,-0.174,50,30,48.18,90.29
14.44,0,0,0.064,21.6,44.45,420.9,158,28.7,98.8,-0.196,50,30,48.18,90.32
14.48,0,0,0.078,21.35,44.2,417,139.4,29.6,97.4,-0.322,50,30,48.18,88.59
14.51,0,0,0.068,21.43,44.45,419.5,149.3,29.4,97,-0.284,50,30,48.18,89.23
14.55,0,0,0.049,21.59,44.4,418.2,135.2,29.7,97.6,-0.203,50,30,48.18,89.45
14.58,0,0,0.041,21.57,44.67,418.5,137.2,28.4,97.7,-0.213,50,30,48.18,89.54
14.62,0,0,0.067,21.66,45.12,416.5,146.2,29.9,99.2,-0.168,50,30,48.18,90.47
14.65,0,0,0.041,21.69,44.71,416.9,162.7,30.4,100,-0.153,50,30,48.18,91.01
14.69,0,0,0.054,21.79,44.47,418.6,168.7,32.4,100,-0.102,50,30,48.18,91.49
14.72,0,0,0.053,21.82,44.53,420.4,140.6,31.2,100,-0.09,50,30,48.18,90.75
14.76,0,0,0.062,21.79,44.18,419.5,148.5,30.8,99.4,-0.102,50,30,48.18,90.71
14.79,0,0,0.05,21.87,44.38,418.2,151.8,30.6,100,-0.063,50,30,48.18,91.23
14.83,0,0,0.035,21.83,44.84,418.5,501.1,30,100,-0.086,100,100,100,96.41
14.86,0,0,0.061,21.84,44.78,422.1,149.4,31.5,100,-0.078,50,30,48.18,91.2
14.9,0,0,0.054,21.86,45.16,424,164.8,31.1,99.9,-0.071,50,30,48.18,91.84
14.93,0,0,0.049,21.84,45.03,426.5,142.1,30,97.8,-0.081,50,30,48.18,90.82
14.97,0,0,0.073,21.97,45.09,426.5,140.4,30.7,96.9,-0.017,50,30,48.18,91.19
15,0,0,0.079,21.72,45.11,424.5,154.9,28.7,97.6,-0.139,50,30,48.18,90.79
15.03,3.5,0,0.076,21.59,45.2,423,7.3,29,96.9,-0.205,0,0,0,81.9
15.07,7,0,0.067,21.7,45.39,421.3,141.5,30.5,96.3,-0.147,50,30,48.18,90.3
15.1,10.5,0,0.086,21.72,45.03,425.6,141.2,30.2,96.5,-0.14,50,30,48.18,90.23
15.14,14,0,0.091,21.9,45.11,425.5,163.1,30.6,98.4,-0.047,50,30,48.18,91.8
15.17,17.5,0,0.087,21.93,45.46,426.8,145.2,31.1,97.6,-0.036,50,30,48.18,91.4
15.21,20.9,0,0.099,21.88,45.03,426.7,154.8,29.8,97.4,-0.059,50,30,48.18,91.34
15.24,24.4,0,0.113,21.78,44.5,426.7,142.2,28.8,97,-0.107,50,30,48.18,90.35
15.28,27.9,0,0.111,21.61,44.65,427.4,151.4,29.1,98.1,-0.195,50,30,48.18,90.15
15.31,31.4,0,0.104,21.43,44.29,425.8,156.4,28.4,99.1,-0.284,50,30,48.18,89.59
15.35,34.9,0,0.122,21.34,44.64,423.2,138.1,29.9,99.5,-0.325,50,30,48.18,88.91
15.38,38.4,0,0.12,21.35,45.1,422.8,143.3,30.4,98.9,-0.32,50,30,48.18,89.21
15.42,41.9,0,0.129,21.44,45.22,423.7,160.5,30,99.2,-0.275,50,30,48.18,90.14
15.45,45.4,0,0.109,21.47,45.36,423.9,151.2,30.5,100,-0.261,50,30,48.18,90.1
15.49,48.8,0,0.083,21.37,45.77,423.7,164.4,30.4,100,-0.311,50,30,48.18,90.27
15.52,52.3,0,0.105,21.55,45.45,425.8,144.6,29.9,100,-0.222,50,30,48.18,90.23
15.56,55.8,0,0.088,21.47,45.36,425.6,163.2,30.4,99.8,-0.262,50,30,48.18,90.44
15.59,59.3,0,0.065,21.55,45.2,426,154.3,28.8,100,-0.225,50,30,48.18,90.4
15.63,62.8,0,0.091,21.46,44.88,422.5,159.9,29.8,100,-0.267,50,30,48.18,90.14
15.66,66.2,0,0.093,21.55,44.86,419,149.8,31.2,99.4,-0.221,50,30,48.18,90.11
15.7,69.7,0,0.1,21.67,45.17,416.5,149.5,32,100,-0.164,50,30,48.18,90.7
15.73,73.2,0,0.089,21.72,45.66,417.3,513.6,28.6,100,-0.139,100,100,100,96.19
15.77,76.7,0,0.103,21.58,44.92,417.7,159.7,29.7,99.6,-0.207,50,30,48.18,90.55
15.8,80.2,0,0.084,21.5,45.46,419.3,150.8,29.5,99.3,-0.249,50,30,48.18,90.14
15.84,83.6,0,0.089,21.56,45.57,418.3,148.2,29.5,99.6,-0.219,50,30,48.18,90.36
15.87,87.1,0,0.099,21.65,45.58,418.5,134,28.9,100,-0.172,50,30,48.18,90.33
15.91,90.6,0,0.106,21.66,44.83,415.1,12.6,31,99.3,-0.167,0,0,0,82.68
15.94,94,0,0.125,21.57,44.55,416.3,146,30.2,97.6,-0.21,50,30,48.18,89.78
15.97,97.5,0,0.111,21.47,44.42,416.9,153.7,30.8,96.6,-0.264,50,30,48.18,89.46
16.01,101,0,0.092,21.23,44.21,418,0,30.8,96.7,-0.382,0,0,0,79.63
16.04,104.4,0,0.078,21.26,44.08,420.3,158.7,30.8,96.4,-0.368,50,30,48.18,88.68
16.08,107.9,0,0.102,21.42,44.4,418.6,142.8,29.2,97.3,-0.286,50,30,48.18,89.03
16.11,111.3,0,0.106,21.43,44.68,420.8,166.1,29.6,98.8,-0.284,50,30,48.18,90
16.15,114.8,0,0.108,21.27,44.69,420.8,16.2,29.8,98,-0.362,0,0,0,81.31
16.18,118.2,0,0.09,21.35,44.37,420.4,134.6,29.8,97.3,-0.322,50,30,48.18,88.51
16.22,121.7,0,0.065,21.52,43.9,421.7,142,30.9,98.9,-0.236,50,30,48.18,89.35
16.25,125.1,0,0.077,21.5,44.05,419.6,160.3,30.9,98.9,-0.248,50,30,48.18,89.87
16.29,128.6,0,0.062,21.47,43.83,416.9,139.6,31.1,99.1,-0.262,50,30,48.18,89.09
16.32,132,0,0.09,21.48,44.08,417.8,151.8,30.2,99.8,-0.259,50,30,48.18,89.63
16.35,135.5,0,0.098,21.48,43.88,418.8,172.7,29.8,99.4,-0.256,50,30,48.18,90.17
16.39,138.9,0,0.091,21.8,43.96,420.5,155.1,31.4,98.9,-0.098,50,30,48.18,90.8
16.42,142.4,0,0.068,21.58,43.93,420.1,163.3,30.3,97.5,-0.206,50,30,48.18,90.08
16.46,145.8,0,0.052,21.69,44.14,419.4,165.7,29.2,96.8,-0.155,50,30,48.18,90.56
16.49,149.2,0,0.06,21.7,44.1,419.6,160.7,29.8,96.3,-0.148,50,30,48.18,90.39
16.53,152.6,0,0.065,21.49,44.46,419.1,0.3,28.3,95.2,-0.25,0,0,0,80.58
16.56,156.1,0,0.073,21.58,44.47,422.2,155.7,29.6,95.4,-0.207,50,30,48.18,89.84
16.59,159.5,0,0.066,21.78,44.14,422.1,146.6,29.9,95.7,-0.109,50,30,48.18,90.22
16.63,162.9,0,0.093,21.85,44.37,423.5,148.5,30.2,97,-0.075,50,30,48.18,90.74
16.66,166.3,0,0.111,21.85,44.18,424.8,144.3,30.7,96.3,-0.074,50,30,48.18,90.48
16.7,169.7,0,0.096,21.85,44,427,137,28.3,95.5,-0.074,50,30,48.18,90.11
16.73,173.2,0,0.088,21.8,43.84,424.4,151.3,30.9,96.4,-0.1,50,30,48.18,90.37
16.77,176.6,0,0.077,21.76,43.75,424.3,147.1,29.6,96.8,-0.121,50,30,48.18,90.11
16.8,180,0,0.096,21.7,43.51,423.9,183.8,28.6,97.2,-0.148,50,30,48.18,90.94
16.83,183.4,0,0.1,21.67,43.92,424,157.1,29,97.6,-0.164,50,30,48.18,90.22
16.87,186.8,0,0.107,21.7,44.07,428.2,165.8,29.7,97.8,-0.148,50,30,48.18,90.68
16.9,190.1,0,0.125,21.71,44.54,429.5,171.2,29.3,100,-0.142,50,30,48.18,91.28
16.94,193.5,0,0.107,21.61,44.44,430.6,164.1,28.8,100,-0.193,50,30,48.18,90.65
16.97,196.9,0,0.121,21.43,44.55,426.4,165.5,32.3,100,-0.283,50,30,48.18,90.06
17,200.3,0,0.114,21.55,44.69,423.1,148.7,29.6,100,-0.224,50,30,48.18,90.05
17.04,203.7,0,0.136,21.55,44.43,424.9,155.2,29.5,99.6,-0.222,50,30,48.18,90.12
17.07,207.1,0,0.132,21.59,44.2,426.9,162.6,31.4,100,-0.205,50,30,48.18,90.43
17.1,210.4,0,0.144,21.65,44.03,424.1,162.9,31.8,100,-0.172,50,30,48.18,90.62
17.14,213.8,0,0.14,21.71,43.97,425,144.4,28.4,99.1,-0.144,50,30,48.18,90.16
17.17,217.2,0,0.139,21.62,44.05,425.4,168.2,29.5,99.7,-0.189,50,30,48.18,90.62
17.21,220.5,0,0.113,21.55,44.12,428.5,176.7,29.7,99.6,-0.224,50,30,48.18,90.63
17.24,223.9,0,0.127,21.48,43.84,427.6,173.4,30.9,98.6,-0.255,50,30,48.18,90.1
17.27,227.2,0,0.147,21.51,43.65,424.2,176.3,28.9,98.9,-0.243,50,30,48.18,90.23
17.31,230.6,0,0.126,21.63,43.32,424.4,164.7,30.3,100,-0.18,50,30,48.18,90.34
17.34,233.9,0,0.132,21.59,42.92,427.1,170.2,31.1,100,-0.204,50,30,48.18,90.18
17.37,237.2,0,0.111,21.64,43.12,424.2,165.7,30.4,100,-0.176,50,30,48.18,90.33
17.41,240.6,0,0.103,21.72,42.88,423.1,21.6,29.5,100,-0.137,0,0,0,82.93
17.44,243.9,0,0.104,21.74,42.81,423.9,137.7,29.3,100,-0.129,50,30,48.18,89.73
17.47,247.2,0,0.104,21.55,42.59,425.8,169,29.7,100,-0.221,50,30,48.18,89.89
17.51,250.5,0,0.081,21.54,42.09,425.1,0,29.3,97.8,-0.226,0,0,0,80.12
17.54,253.8,0,0.06,21.57,41.58,424.4,148.8,29.6,97.7,-0.212,50,30,48.18,88.75
17.57,257.2,1,0.055,21.76,42.06,421.2,495.6,41.2,97.2,-0.118,100,100,100,94.55
17.6,260.5,1,0.057,21.79,41.41,424.9,146.6,40.4,99,-0.104,50,30,48.18,89.42
17.64,263.8,1,0.076,21.86,41.32,427.4,159.6,39.9,95.2,-0.069,50,30,48.18,89.79
17.67,267,1,0.074,21.88,41.65,431,149.9,41.7,96.2,-0.057,50,30,48.18,89.32
17.7,270.3,1,0.083,21.74,41.76,434,170.7,39.7,94.5,-0.126,50,30,48.18,89.8
17.74,273.6,1,0.099,21.87,41.79,431.8,175.6,39.5,94.1,-0.066,50,30,48.18,90.36
17.77,276.9,1,0.123,21.76,42.45,431.5,191.4,40.5,93.4,-0.119,50,30,48.18,90.46
17.8,280.2,1,0.105,21.76,42.46,431.5,160.1,39.6,93.6,-0.117,50,30,48.18,89.72
17.83,283.4,1,0.128,21.68,42.42,429.5,167.7,40.7,91.7,-0.159,50,30,48.18,89.23
17.87,286.7,1,0.127,21.66,42.87,433.9,154.2,40.6,92.9,-0.166,50,30,48.18,89.09
17.9,290,1,0.137,21.82,43.11,432.5,162,40.1,92.8,-0.089,50,30,48.18,90.1
17.93,293.2,1,0.147,21.83,43.5,433.4,178,40.7,93,-0.084,50,30,48.18,90.64
17.96,296.4,1,0.157,22.06,43.92,439.6,180.7,42.2,92.2,0.028,50,30,48.18,90.75
18,299.7,1,0.125,21.99,43.93,439,171.3,39.8,92.1,-0.004,50,30,48.18,91.31
18.03,302.9,1,0.135,21.9,44.62,442.8,158,40.8,89.4,-0.051,50,30,48.18,90.3
18.06,306.1,1,0.112,21.86,44.76,445.4,159.8,40.2,88.8,-0.069,50,30,48.18,90.38
18.09,309.4,2,0.119,22.04,44.34,449.6,174.4,45,87.2,0.021,50,30,48.18,89.43
18.13,312.6,2,0.098,22.03,44.18,452.6,170.9,44.9,85,0.015,50,30,48.18,89.13
18.16,315.8,2,0.106,22.07,44.76,455,163.8,43.7,84.1,0.034,50,30,48.18,89.26
18.19,319,2,0.104,22.08,44.5,455.9,184.2,44.1,82.8,0.039,50,30,48.18,89.49
18.22,322.2,2,0.099,22.01,44.88,456.2,167.3,41.4,80.5,0.003,50,30,48.18,89.96
18.25,325.4,2,0.108,22.09,45.25,455.3,170.5,43.6,79.4,0.046,50,30,48.18,89.12
18.29,328.6,2,0.129,21.96,45.33,459.9,170.8,43.9,77.9,-0.018,50,30,48.18,89.1
18.32,331.8,2,0.107,21.99,45.51,461,180.3,44.8,76.4,-0.007,50,30,48.18,89.14
18.35,334.9,2,0.121,22.02,45.57,461.4,169.2,42.5,75.4,0.011,50,30,48.18,89.38
18.38,338.1,2,0.093,22.09,45.43,464.9,150.7,43,71.6,0.045,50,30,48.18,88
18.41,341.3,2,0.1,22.18,46.02,470,171.1,42,70.7,0.091,50,30,48.18,88.69
18.44,344.4,2,0.086,22.17,46.1,474.1,161.1,45,69.1,0.084,50,30,48.18,87.4
18.48,347.6,2,0.074,22.04,46.87,477.8,162.1,42,70,0.021,50,30,48.18,89.21
18.51,350.7,2,0.055,22.21,47.16,481.8,155.2,42.7,69.2,0.103,50,30,48.18,88.17
18.54,353.8,2,0.07,22.17,47.86,486.5,154.7,42.5,68.3,0.084,50,30,48.18,88.54
18.57,357,2,0.055,22.15,48.32,490.8,158.4,44.7,66.2,0.074,50,30,48.18,88.03
18.6,360.1,2,0.071,22.38,48,494.4,187.5,41.5,64.9,0.192,50,30,48.18,88.74
18.63,363.2,2,0.06,22.23,48.66,498,178.9,44.6,63.4,0.115,50,30,48.18,88.23
18.66,366.3,2,0.089,22.36,48.64,501.9,165.4,43.7,62.4,0.18,50,30,48.18,87.49
18.69,369.4,2,0.079,22.19,48.43,506.5,152.2,42.8,61.1,0.093,50,30,48.18,87.8
18.72,372.5,2,0.067,22.13,48.7,507.6,159.3,42,60.5,0.067,50,30,48.18,88.48
18.76,375.6,2,0.069,22.17,48.5,511.5,177.4,41.5,58.3,0.083,50,30,48.18,88.78
18.79,378.7,2,0.06,22.26,48.65,515.9,158.6,41.8,57.7,0.128,50,30,48.18,87.77
18.82,381.7,2,0.091,22.22,49.04,518.3,175.4,43.7,56.8,0.11,50,30,48.18,87.9
18.85,384.8,2,0.079,22.13,49.02,522.8,158.3,42.2,55.8,0.063,50,30,48.18,88.09
18.88,387.8,2,0.066,22.08,49.12,524.2,158,42.7,55.6,0.039,50,30,48.18,88.13
18.91,390.9,2,0.083,22.15,48.59,526.6,164.9,44.5,53.1,0.076,50,30,48.18,87.06
18.94,393.9,3,0.065,22.35,48.84,530,158.6,44.2,50.6,0.177,50,30,48.18,86.04
18.97,397,3,0.078,22.55,48.96,535,10.6,46.2,48.8,0.272,0,0,0,76.39
19,400,3,0.186,22.33,48.93,534.9,188.4,44.2,47,0.165,50,30,48.18,86.71
19.03,403,3,0.255,22.33,48.64,539.2,198,45.6,46.6,0.165,50,30,48.18,86.44
19.06,406,3,0.331,22.18,48.67,540.1,205.8,43.6,44.8,0.089,50,30,48.18,87.68
19.09,409,3,0.391,22.06,48.01,541.3,233.1,44.6,44,0.032,50,30,48.18,88.29
19.12,412,3,0.422,21.97,48.14,548.1,224.2,45.4,42.8,-0.013,50,30,48.18,87.86
19.15,415,3,0.48,22.11,47.93,554,239.6,46.4,41.1,0.056,50,30,48.18,87.44
19.18,418,3,0.503,21.95,47.97,555.8,246.2,43,39.7,-0.026,50,30,48.18,88.76
19.21,421,3,0.531,21.91,48.02,559.6,277.1,44.4,38.9,-0.044,50,30,48.18,89.06
19.24,423.9,3,0.574,21.93,47.45,564,270.4,43.9,40.3,-0.036,50,30,48.18,89
19.27,426.9,3,0.606,21.99,47.57,565.3,279.4,46.1,40.7,-0.006,50,30,48.18,88.92
19.3,429.8,3,0.619,21.99,47.23,566.3,294,45.9,40.1,-0.007,50,30,48.18,89.23
19.33,432.8,3,0.607,22.04,46.66,569.1,268.1,44.8,41.8,0.022,50,30,48.18,88.64
19.36,435.7,3,0.599,21.94,46.83,570.7,283.6,43.9,41.1,-0.032,50,30,48.18,89.28
19.39,438.6,3,0.603,21.87,47.09,575.4,281.9,43.2,40.2,-0.066,50,30,48.18,89.19
19.42,441.5,3,0.609,21.85,46.91,575.6,297.3,44.1,40.5,-0.073,50,30,48.18,89.3
19.44,444.5,3,0.624,21.78,47.41,578.7,261.9,44.7,41.5,-0.108,50,30,48.18,88.07
19.47,447.4,3,0.619,21.65,47.55,578.5,293.8,44.6,42.7,-0.173,50,30,48.18,88.76
19.5,450.2,3,0.611,21.67,47.23,581.4,293.1,44.9,42.6,-0.163,50,30,48.18,88.58
19.53,453.1,3,0.617,21.85,47.18,583.6,289.8,44.8,42,-0.076,50,30,48.18,89.1
19.56,456,3,0.646,21.82,46.87,582.6,300,44.9,41.3,-0.09,50,30,48.18,89.07
19.59,458.9,3,0.672,21.74,46.84,587.4,294,44.5,39.6,-0.127,50,30,48.18,88.56
19.62,461.7,3,0.678,21.79,46.55,585.3,322,45.4,36.9,-0.106,50,30,48.18,88.46
19.65,464.6,3,0.671,21.58,46.75,587,303.8,44.5,36.4,-0.207,50,30,48.18,87.8
19.67,467.4,4,0.686,21.77,46.9,590.2,326.5,46.6,35.9,-0.115,50,30,48.18,88.11
19.7,470.2,4,0.673,21.64,47.08,593.4,314.7,46.3,35.1,-0.181,50,30,48.18,87.58
19.73,473,4,0.668,21.64,47.41,597,309.7,45.3,32.4,-0.181,50,30,48.18,87.67
19.76,475.9,4,0.655,21.52,47.21,600.6,307.3,45.5,29.8,-0.239,50,30,48.18,86.84
19.79,478.7,4,0.662,21.87,47.45,598.6,312.6,47.8,27.6,-0.063,50,30,48.18,87.38
19.81,481.5,4,0.666,22.01,47.58,598.6,301.7,47.8,25.3,0.006,50,30,48.18,87.51
19.84,484.2,4,0.657,22.01,47.48,604.7,312.5,46.4,24,0.007,50,30,48.18,87.88
19.87,487,4,0.682,22.02,46.84,606,329,45.3,21.8,0.012,50,30,48.18,87.88
19.9,489.8,4,0.679,21.99,47.34,608.5,664.4,44.8,20.1,-0.004,100,100,100,88.08
19.93,492.5,4,0.666,21.93,47.62,609.9,316.3,46.1,21,-0.036,50,30,48.18,87.53
19.95,495.3,4,0.681,22.08,48.01,610.4,318.6,46.7,20.7,0.038,50,30,48.18,87.48
19.98,498,4,0.698,22.07,48.15,615.8,334.4,44.8,17.3,0.036,50,30,48.18,87.92
20.01,500.7,5,0.709,22.08,48.25,620.5,330.1,47.1,13.7,0.042,50,30,48.18,86.82
20.03,503.5,5,0.692,21.89,47.97,623.9,314.4,46.8,11.3,-0.057,50,30,48.18,86.29
20.06,506.2,5,0.696,22.12,47.92,627,321.3,48.6,8.4,0.058,50,30,48.18,85.52
20.09,508.9,5,0.673,22.11,48.11,630.6,177.9,47.7,7.4,0.056,0,0,0,82.12
20.12,511.6,5,0.687,22.07,47.97,633.6,332.2,46.5,5.9,0.036,50,30,48.18,86.18
20.14,514.2,5,0.683,22.02,48.04,636.1,343.5,47.1,1.9,0.009,50,30,48.18,85.96
20.17,516.9,5,0.691,21.9,47.63,642.5,316.2,49.8,0,-0.052,50,30,48.18,84.19
20.2,519.6,5,0.684,21.92,47.91,644.7,334,46.4,0,-0.04,50,30,48.18,85.59
20.22,522.2,5,0.666,22.15,47.57,645.6,332.4,47.9,0,0.076,50,30,48.18,84.73
20.25,524.8,5,0.686,22.14,47.68,648.6,325.9,47.1,0,0.07,50,30,48.18,85
20.27,527.5,5,0.702,22.28,47.85,650.9,328,48.6,0,0.137,50,30,48.18,84.13
20.3,530.1,5,0.718,22.3,48.15,654,371.6,49.3,0,0.151,50,30,48.18,84.35
20.33,532.7,5,0.733,22.21,48.16,656.9,354.5,46.8,0,0.106,50,30,48.18,85.28
20.35,535.3,5,0.728,22.28,47.84,656.5,339.9,48.4,0,0.139,50,30,48.18,84.29
20.38,537.9,5,0.703,22.36,47.83,657.4,334.2,45.7,0,0.177,50,30,48.18,84.75
20.4,540.5,5,0.72,22.37,47.74,661.3,202.1,44.9,0,0.184,0,0,0,81.86
20.43,543,5,0.73,22.57,47.73,663.6,346.8,46.7,0,0.283,50,30,48.18,83.74
20.46,545.6,5,0.747,22.48,47.51,664.6,374.8,47.2,0,0.239,50,30,48.18,84.12
20.48,548.1,5,0.743,22.53,47.75,671.7,350,47.3,0,0.265,50,30,48.18,83.75
20.51,550.7,5,0.737,22.39,47.67,677.1,346.8,47.8,0,0.194,50,30,48.18,84.06
20.53,553.2,5,0.712,22.37,48.18,681.8,346.2,47,0,0.184,50,30,48.18,84.57
20.56,555.7,5,0.728,22.24,47.96,684.3,347.9,48.7,0,0.12,50,30,48.18,84.45
20.58,558.2,5,0.723,22.28,47.49,684.7,368.6,45.6,0,0.139,50,30,48.18,85.29
20.61,560.7,5,0.744,22.41,47.43,686.1,342.2,45.8,0,0.206,50,30,48.18,84.44
20.63,563.2,6,0.742,22.29,47.74,688.8,366.2,48.4,0,0.146,50,30,48.18,84.46
20.66,565.7,6,0.74,22.19,47.76,689.2,363.3,47.1,0,0.094,50,30,48.18,85.22
20.68,568.1,6,0.756,22.2,48.04,691.4,198.9,50.2,0,0.1,0,0,0,80.92
20.71,570.6,6,0.764,22.3,48.08,691.1,375.5,48.5,0,0.148,50,30,48.18,84.64
20.73,573,6,0.778,22.2,48.6,692.9,365.6,48.6,0,0.102,50,30,48.18,85.06
20.75,575.5,6,0.759,22.33,48.58,699.2,371.2,47.7,0,0.167,50,30,48.18,84.89
20.78,577.9,6,0.766,22.58,48.73,701.6,375.4,48.8,0,0.288,50,30,48.18,83.73
20.8,580.3,6,0.767,22.64,49.16,701,379.5,47.9,0,0.317,50,30,48.18,84
20.83,582.7,6,0.761,22.62,48.92,706,373.2,48.5,0,0.307,50,30,48.18,83.73
20.85,585.1,6,0.748,22.63,48.9,711.3,368.1,48.2,0,0.312,50,30,48.18,83.73
20.87,587.5,6,0.759,22.55,48.66,711.9,363,47.1,0,0.275,50,30,48.18,84.18
20.9,589.8,6,0.744,22.51,48.36,716.5,379.2,49.1,0,0.253,50,30,48.18,83.82
20.92,592.2,6,0.724,22.44,49.03,713.3,372.4,48.4,0,0.221,50,30,48.18,84.43
20.95,594.5,6,0.745,22.37,49.42,716.9,373.9,48.1,0,0.187,50,30,48.18,84.95
20.97,596.8,6,0.735,22.29,49.02,718.6,370,47.7,0,0.147,50,30,48.18,85.18
20.99,599.2,6,0.73,22.51,48.85,723.4,353.2,46.5,0,0.255,50,30,48.18,84.51
21.01,601.5,6,0.701,22.47,48.78,724.6,352.5,49.2,0,0.236,50,30,48.18,83.8
21.04,603.8,6,0.685,22.63,49.02,731.4,195.7,47.4,0,0.313,0,0,0,80.44
21.06,606.1,6,0.71,22.63,48.8,734.1,356.6,47.2,0,0.317,50,30,48.18,83.85
21.08,608.3,6,0.723,22.42,48.92,734.6,385.7,49.1,0,0.211,50,30,48.18,84.4
21.11,610.6,6,0.728,22.6,49.2,738,365.1,49.7,0,0.3,50,30,48.18,83.44
21.13,612.8,6,0.739,22.63,49.19,736.8,369.3,47.1,0,0.314,50,30,48.18,84.16
21.15,615.1,6,0.737,22.66,49.06,738.6,371.2,48.6,0,0.33,50,30,48.18,83.57
21.17,617.3,6,0.712,22.6,49.05,739,352.9,48.3,0,0.298,50,30,48.18,83.71
21.2,619.5,6,0.711,22.64,49.02,737.7,367,45.7,0,0.321,50,30,48.18,84.44
21.22,621.7,6,0.707,22.59,49.56,742.4,383.8,48.4,0,0.293,50,30,48.18,84.22
21.24,623.9,6,0.72,22.49,48.81,744.5,711.3,47.8,0,0.247,100,100,100,83.19
21.26,626.1,6,0.703,22.62,49.13,747.6,382,48.2,0,0.31,50,30,48.18,83.98
21.28,628.3,6,0.719,22.63,49.18,753.3,377.8,49.4,0,0.316,50,30,48.18,83.54
21.3,630.4,6,0.695,22.55,49.06,754.7,358.5,48.7,0,0.276,50,30,48.18,83.82
21.33,632.6,6,0.691,22.53,48.94,756.4,364.3,47.8,0,0.266,50,30,48.18,84.18
21.35,634.7,6,0.708,22.59,49.22,753.8,383.4,47.6,0,0.295,50,30,48.18,84.31
21.37,636.8,6,0.701,22.43,48.96,758.6,369.4,48.7,0,0.216,50,30,48.18,84.35
21.39,638.9,6,0.712,22.58,48.71,762,372.1,49.2,0,0.292,50,30,48.18,83.55
21.41,641,6,0.723,22.58,48.85,762.5,384.1,48.3,0,0.291,50,30,48.18,83.99
21.43,643.1,6,0.705,22.63,48.9,766.3,374.7,47.7,0,0.315,50,30,48.18,83.91
21.45,645.2,6,0.714,22.62,48.81,763.2,382.4,49.3,0,0.311,50,30,48.18,83.5
21.47,647.2,6,0.721,22.51,49.26,762.3,378.3,48.6,0,0.255,50,30,48.18,84.27
21.49,649.3,6,0.719,22.68,49.53,761,384.8,48.1,0,0.341,50,30,48.18,83.94
21.51,651.3,6,0.706,22.68,49.82,764.6,378.8,47.8,0,0.34,50,30,48.18,84.1
21.53,653.3,6,0.718,22.72,49.39,765.9,371.5,48.1,0,0.36,50,30,48.18,83.62
21.55,655.3,6,0.705,22.65,49.68,766.4,739.9,49.7,0,0.325,100,100,100,81.92
21.57,657.3,6,0.686,22.6,50.48,771.6,381.4,47.9,0,0.301,50,30,48.18,84.28
21.59,659.3,6,0.669,22.77,50.39,769.2,361.8,48,0,0.386,50,30,48.18,83.42
21.61,661.3,6,0.696,22.89,50.22,770.6,377.8,49.1,0,0.446,50,30,48.18,82.89
21.63,663.2,6,0.687,22.85,50.11,767.8,366.4,45.3,0,0.423,50,30,48.18,84.11
21.65,665.2,6,0.671,22.82,49.6,769.4,384.7,47.5,0,0.412,50,30,48.18,83.61
21.67,667.1,6,0.677,22.76,49.49,767.2,741.9,47,0,0.38,100,100,100,82.22
21.69,669,6,0.677,22.75,49.21,768.2,363.6,49,0,0.374,50,30,48.18,83.08
21.71,670.9,6,0.698,22.83,48.95,771,381.8,46,0,0.413,50,30,48.18,83.77
21.73,672.8,6,0.683,22.64,48.93,771.1,372.4,50.4,0,0.318,50,30,48.18,83.07
21.75,674.7,6,0.683,22.7,49.25,774.1,396,49.7,0,0.35,50,30,48.18,83.4
21.77,676.6,6,0.683,22.69,48.5,773.8,382.4,50.7,0,0.344,50,30,48.18,82.74
21.78,678.4,6,0.691,22.72,48.83,774.6,390.2,48.3,0,0.358,50,30,48.18,83.53
21.8,680.3,6,0.707,22.88,48.56,774.6,391.5,47.8,0,0.437,50,30,48.18,83
21.82,682.1,6,0.709,22.91,48.26,776.1,361.2,47.6,0,0.454,50,30,48.18,82.54
21.84,683.9,6,0.685,22.75,48.6,778.9,392.1,48.2,0,0.376,50,30,48.18,83.37
21.86,685.7,6,0.675,22.75,48.64,779.2,374.6,47.1,0,0.372,50,30,48.18,83.58
21.88,687.5,6,0.661,22.82,48.77,779.4,359,48.3,0,0.408,50,30,48.18,82.84
21.89,689.3,6,0.648,22.86,49.01,780.3,371.4,46.9,0,0.431,50,30,48.18,83.29
21.91,691.1,6,0.659,22.86,48.45,783.9,378.7,48.7,0,0.428,50,30,48.18,82.63
21.93,692.8,6,0.667,22.7,48.41,783.9,726,48.5,0,0.347,100,100,100,81.87
21.95,694.6,6,0.676,22.84,48.4,783.8,377,48.6,0,0.417,50,30,48.18,82.71
21.96,696.3,6,0.689,22.66,48.93,788.2,401.6,48.1,0,0.328,50,30,48.18,83.99
21.98,698,6,0.712,22.8,48.62,786.9,375.9,48.6,0,0.398,50,30,48.18,82.94
22,699.7,6,0.721,23.12,49.31,787.6,384,45.5,0,0.561,50,30,48.18,82.99
22.01,701.4,6,0.735,22.95,48.61,788.2,401.6,47,0,0.474,50,30,48.18,83.1
22.03,703.1,6,0.719,22.98,48.7,788.9,401.3,48,0,0.491,50,30,48.18,82.7
22.05,704.7,6,0.72,23.11,48.6,787.6,407.7,47.9,0,0.553,50,30,48.18,82.28
22.06,706.4,6,0.725,23.07,48.55,786.4,409.6,47.9,0,0.531,50,30,48.18,82.45
22.08,708,6,0.744,23.09,47.81,785.1,418.7,49,0,0.545,50,30,48.18,81.84
22.1,709.6,6,0.718,23.05,47.32,781.3,409.4,46.7,0,0.522,50,30,48.18,82.41
22.11,711.2,6,0.729,22.86,47.45,781.8,424.7,49.2,0,0.427,50,30,48.18,82.58
22.13,712.8,6,0.74,23.03,48.18,779.3,395.5,48,0,0.513,50,30,48.18,82.28
22.14,714.4,6,0.749,22.91,47.81,778.6,423.7,51.3,0,0.454,50,30,48.18,81.89
22.16,715.9,6,0.747,22.87,48.2,778.2,418,48.6,0,0.434,50,30,48.18,82.92
22.17,717.5,6,0.722,22.79,48.58,779,418,45.9,0,0.396,50,30,48.18,84.17
22.19,719,6,0.742,22.7,48.76,783.6,405.3,48.6,0,0.348,50,30,48.18,83.65
22.21,720.6,6,0.745,22.8,48.77,783.3,404.8,49.4,0,0.399,50,30,48.18,83.05
22.22,722.1,6,0.748,22.72,48.52,783.5,415.2,46.8,0,0.36,50,30,48.18,84.11
22.24,723.6,6,0.751,22.67,48.74,784.9,424.4,47.8,0,0.332,50,30,48.18,84.19
22.25,725,6,0.722,22.72,48.74,783.9,419.1,47.3,0,0.359,50,30,48.18,84.1
22.27,726.5,6,0.713,22.88,49.13,782.5,439.7,48.1,0,0.441,50,30,48.18,83.59
22.28,728,6,0.729,22.87,48.69,782.6,424,49.4,0,0.433,50,30,48.18,82.95
22.29,729.4,6,0.742,22.89,48.48,782,413.9,47.8,0,0.444,50,30,48.18,83.17
22.31,730.8,6,0.746,22.7,48,782.8,765,49.3,0,0.347,100,100,100,80.88
22.32,732.2,6,0.758,22.74,48.09,784.5,430.1,48,0,0.367,50,30,48.18,83.71
22.34,733.6,6,0.765,22.83,47.97,785.7,434.8,48.2,0,0.415,50,30,48.18,83.26
22.35,735,6,0.756,22.88,48.14,787.2,406.3,47.7,0,0.439,50,30,48.18,83.02
22.36,736.4,6,0.752,23.27,48.27,788,431.5,46.6,0,0.635,50,30,48.18,82.19
22.38,737.8,6,0.735,23.23,48.47,790.6,436.5,48,0,0.611,50,30,48.18,82.06
22.39,739.1,6,0.721,23.04,48.49,795.6,424.5,48.3,0,0.517,50,30,48.18,82.56
22.4,740.4,6,0.716,23.17,48.56,794.5,409.3,49.8,0,0.585,50,30,48.18,81.48
22.42,741.7,6,0.714,23.09,48.2,798.1,415.7,48.9,0,0.541,50,30,48.18,82
22.43,743,6,0.718,23.18,48.12,801.3,404.6,49.1,0,0.589,50,30,48.18,81.45
22.44,744.3,6,0.736,22.99,48.37,801.8,432.9,47.2,0,0.494,50,30,48.18,83.08
22.46,745.6,6,0.754,22.9,48.97,799.3,431.7,48,0,0.448,50,30,48.18,83.44
22.47,746.9,6,0.723,23,49.27,799,409.6,47.1,0,0.501,50,30,48.18,83.2
22.48,748.1,6,0.721,23,49.67,798.9,430.7,46.7,0,0.501,50,30,48.18,83.66
22.49,749.3,6,0.701,23.16,49.31,798.3,414.5,46.8,0,0.581,50,30,48.18,82.75
22.51,750.6,6,0.716,23.08,49.76,798,409.2,46.5,0,0.542,50,30,48.18,83.25
22.52,751.8,6,0.692,23.17,49.63,800.8,403.5,48.2,0,0.587,50,30,48.18,82.27
22.53,752.9,6,0.698,23.23,49.15,798.2,439.8,47.4,0,0.613,50,30,48.18,82.52
22.54,754.1,6,0.718,23.06,49.4,799.8,428.7,46.6,0,0.528,50,30,48.18,83.37
22.55,755.3,6,0.729,23.16,49.19,799.4,415.7,45.8,0,0.577,50,30,48.18,83.05
22.56,756.4,6,0.721,23.09,49.58,800.3,414.1,46.3,0,0.543,50,30,48.18,83.28
22.58,757.5,6,0.699,22.98,49.8,796.3,427.7,45.2,0,0.488,50,30,48.18,84.25
22.59,758.7,6,0.718,23.13,49.57,796.3,446.2,48.6,0,0.566,50,30,48.18,82.74
22.6,759.8,6,0.711,23.19,49.29,796.2,418.7,49.3,0,0.594,50,30,48.18,81.95
22.61,760.8,6,0.707,23.13,49.37,795.6,414,48.1,0,0.562,50,30,48.18,82.52
22.62,761.9,6,0.713,22.99,49.56,794.2,416.1,48.8,0,0.495,50,30,48.18,82.9
22.63,763,6,0.691,22.84,49.48,794,404.8,46.5,0,0.418,50,30,48.18,84.01
22.64,764,6,0.687,22.88,49.75,794.2,409.2,46.8,0,0.441,50,30,48.18,83.9
22.65,765,6,0.707,22.85,49.66,795.2,409.6,49.3,0,0.423,50,30,48.18,83.26
22.66,766.1,6,0.689,22.95,49.39,795.8,418.6,49,0,0.472,50,30,48.18,82.98
22.67,767.1,6,0.704,22.9,49.66,796.7,422.4,48.7,0,0.452,50,30,48.18,83.34
22.68,768,6,0.689,23.05,50.13,801,414.6,47.4,0,0.524,50,30,48.18,83.18
22.69,769,6,0.704,23.08,49.73,798.4,403.9,48.6,0,0.539,50,30,48.18,82.58
22.7,770,6,0.68,23.17,49.56,797.5,435.6,48.5,0,0.582,50,30,48.18,82.53
22.71,770.9,6,0.708,23,49.28,797.4,422.6,47.4,0,0.501,50,30,48.18,83.23
22.72,771.8,6,0.703,23.04,49.57,797.6,426.9,46.5,0,0.522,50,30,48.18,83.52
22.73,772.7,6,0.713,22.68,49.3,799.1,772.6,48.9,0,0.341,100,100,100,81.43
22.74,773.6,6,0.709,22.79,48.59,799.4,439.7,48.8,0,0.393,50,30,48.18,83.54
22.75,774.5,6,0.684,22.78,48.61,799,426.4,47.8,0,0.389,50,30,48.18,83.75
22.75,775.4,6,0.672,22.73,49.45,800.3,400.5,46.9,0,0.367,50,30,48.18,84.23
22.76,776.2,6,0.678,23.14,49.91,798.8,253.8,47.9,0,0.572,0,0,0,80.41
22.77,777.1,6,0.673,23.14,50.15,799,407,46.8,0,0.571,50,30,48.18,82.94
22.78,777.9,6,0.658,23.11,50.02,800.8,400.6,48.9,0,0.553,50,30,48.18,82.43
22.79,778.7,6,0.647,23.11,49.89,805.1,395.1,49,0,0.556,50,30,48.18,82.24
22.79,779.5,6,0.654,23.02,50.16,802.6,421.7,48,0,0.51,50,30,48.18,83.16
22.8,780.3,6,0.645,23.07,50.54,804.8,396,49.4,0,0.538,50,30,48.18,82.11
22.81,781,6,0.651,22.99,50.05,802.3,393.8,48.3,0,0.493,50,30,48.18,82.95
22.82,781.8,6,0.649,23.05,49.8,802.7,394.7,48.6,0,0.527,50,30,48.18,82.56
22.83,782.5,6,0.639,23.05,50.05,801.4,405,47.8,0,0.524,50,30,48.18,83
22.83,783.2,6,0.654,22.95,50.1,797.6,407.4,48.2,0,0.475,50,30,48.18,83.26
22.84,783.9,6,0.647,23.06,50.18,798.6,406.6,49.5,0,0.529,50,30,48.18,82.44
22.85,784.6,6,0.676,23.08,50.27,799.8,406.9,47.5,0,0.539,50,30,48.18,82.93
22.85,785.3,6,0.686,22.95,50.1,795.8,413.2,47.4,0,0.474,50,30,48.18,83.6
22.86,786,6,0.686,23.05,49.89,796.5,420.4,47.4,0,0.527,50,30,48.18,83.24
22.87,786.6,6,0.688,23.2,49.59,797.9,407.9,48.3,0,0.599,50,30,48.18,82.22
22.87,787.2,6,0.692,23.13,49.36,798.7,431.2,48.1,0,0.565,50,30,48.18,82.68
22.88,787.8,6,0.687,23.05,48.95,798.4,407.1,47.2,0,0.522,50,30,48.18,82.85
22.88,788.4,6,0.706,22.92,49.12,798.7,416.7,47,0,0.457,50,30,48.18,83.57
22.89,789,6,0.707,22.95,49.26,801.4,434,47.7,0,0.474,50,30,48.18,83.45
22.9,789.6,6,0.73,22.97,48.97,798.1,445.9,47,0,0.482,50,30,48.18,83.63
22.9,790.2,6,0.724,23.07,48.94,799.5,451.1,47.9,0,0.535,50,30,48.18,82.97
22.91,790.7,6,0.695,23.13,49.08,802.3,434.2,47.7,0,0.562,50,30,48.18,82.71
22.91,791.2,6,0.673,23.15,48.72,802.5,415.1,48.4,0,0.574,50,30,48.18,82.07
22.92,791.7,6,0.657,23.28,49.38,803.1,426.5,48,0,0.64,50,30,48.18,82.04
22.92,792.2,6,0.663,23.05,49.21,807,421.1,47.4,0,0.525,50,30,48.18,82.94
22.93,792.7,6,0.652,23.11,49.47,806.4,391.1,50,0,0.553,50,30,48.18,81.74
22.93,793.2,6,0.641,23.14,49.33,806.8,409.8,48.7,0,0.568,50,30,48.18,82.16
22.94,793.6,6,0.634,23.1,49.85,804.6,401.7,47,0,0.548,50,30,48.18,82.95
22.94,794,6,0.639,23.1,50.17,805.3,389.5,47.7,0,0.551,50,30,48.18,82.59
22.94,794.5,6,0.649,23.15,49.39,809.1,416,47.8,0,0.573,50,30,48.18,82.44
22.95,794.9,6,0.648,23.04,49.56,810.5,416.2,48.3,0,0.518,50,30,48.18,82.75
22.95,795.2,6,0.658,22.99,49.73,807.1,408.5,48.6,0,0.495,50,30,48.18,82.86
22.96,795.6,6,0.668,23.06,48.91,803.7,428.6,47.8,0,0.529,50,30,48.18,82.79
22.96,796,6,0.697,23.12,49.19,802.2,435.4,47.6,0,0.56,50,30,48.18,82.82
22.96,796.3,6,0.702,23.24,49.84,803.7,418.5,47.4,0,0.621,50,30,48.18,82.46
22.97,796.6,6,0.696,23.38,49.36,804.3,428.5,46.5,0,0.688,50,30,48.18,82.14
22.97,797,6,0.713,23.4,49.92,804.5,428.1,48.3,0,0.698,50,30,48.18,81.73
22.97,797.3,6,0.69,23.41,49.67,806.5,421,47.1,0,0.705,50,30,48.18,81.84
22.98,797.5,6,0.692,23.47,49.75,804.6,402.3,47,0,0.736,50,30,48.18,81.5
22.98,797.8,6,0.707,23.46,50.19,803.5,429.6,48.2,0,0.729,50,30,48.18,81.52
22.98,798.1,6,0.695,23.39,50.08,805.2,424.2,46,0,0.694,50,30,48.18,82.41
22.98,798.3,6,0.699,23.53,50.32,805.3,288.1,48.1,0,0.765,0,0,0,79.77
22.99,798.5,6,0.699,23.29,49.98,805.7,424.9,48.1,0,0.645,50,30,48.18,82.16
22.99,798.7,6,0.702,23.35,50.74,806.7,433.8,48.6,0,0.676,50,30,48.18,81.58
22.99,798.9,6,0.701,23.15,50.62,808.1,410.5,47.6,0,0.577,50,30,48.18,82.44
22.99,799.1,6,0.711,23.05,50.44,807.4,435.5,48.8,0,0.525,50,30,48.18,82.78
22.99,799.2,6,0.692,23.14,49.82,807.5,426.8,48.7,0,0.569,50,30,48.18,82.48
22.99,799.4,6,0.676,23.05,49.55,805.1,433.7,47.5,0,0.525,50,30,48.18,83.19
23,799.5,6,0.696,23.16,49.44,804.9,408.8,47.4,0,0.578,50,30,48.18,82.53
23,799.6,6,0.712,23.25,48.93,802.6,435.4,47.6,0,0.623,50,30,48.18,82.24
23,799.7,6,0.702,23.08,49.08,798.3,420,46.8,0,0.54,50,30,48.18,83.01
23,799.8,6,0.682,23.25,49.29,794.2,418,46.7,0,0.625,50,30,48.18,82.46
23,799.9,6,0.673,23.21,49.36,796.4,412.7,47.4,0,0.602,50,30,48.18,82.42
23,799.9,6,0.678,23.36,49.1,797.9,417.6,48,0,0.68,50,30,48.18,81.59
23,800,6,0.698,23.09,49.14,798.4,423.1,48,0,0.542,50,30,48.18,82.7
23,800,6,0.69,23.08,49.39,800.5,430.5,47.9,0,0.538,50,30,48.18,82.93
23,800,5,0.675,23.45,49.57,797.9,263.2,45.6,0,0.725,0,0,0,80.11
23,800,4,0.664,23.1,49.27,797.9,404.9,47.3,0,0.549,50,30,48.18,82.73
23,800,4,0.675,22.88,48.97,794.4,410.3,46.2,0.4,0.437,50,30,48.18,83.88
23,799.9,4,0.664,22.73,49.36,789.1,407.3,44.7,1.2,0.366,50,30,48.18,85.06
23,799.9,3,0.651,22.69,48.82,784.7,414.9,43.8,1.5,0.345,50,30,48.18,85.39
23,799.8,3,0.635,22.58,48.23,780.1,418.5,45.2,3,0.29,50,30,48.18,85.36
23,799.7,3,0.644,22.85,48.23,775.3,252.1,44.9,3.6,0.421,0,0,0,82.13
23,799.6,3,0.664,22.77,48.46,774.5,435,45.4,4.2,0.381,50,30,48.18,84.96
23,799.5,3,0.649,22.88,48.4,770.1,247.8,44.8,5.1,0.439,0,0,0,82.12
22.99,799.4,3,0.665,22.79,48.04,765.8,402.8,46.1,4,0.392,50,30,48.18,84.19
22.99,799.2,3,0.669,22.83,47.75,763.6,411.7,45.9,4.8,0.415,50,30,48.18,84.13
22.99,799.1,3,0.664,22.85,47.79,758.1,400.4,44.6,4.2,0.424,50,30,48.18,84.29
22.99,798.9,3,0.667,22.73,47.66,753.8,403.9,45.5,4.7,0.364,50,30,48.18,84.51
22.99,798.7,3,0.686,22.94,47.48,749,423.6,46.3,5.3,0.469,50,30,48.18,83.67
22.99,798.5,3,0.697,23.09,47.02,743.6,436.4,44.9,5.6,0.543,50,30,48.18,83.52
22.98,798.3,3,0.678,22.84,46.87,739,440.5,44.6,6.6,0.417,50,30,48.18,84.63
22.98,798.1,3,0.691,22.79,46.95,736.4,413.6,45.1,6.5,0.391,50,30,48.18,84.43
22.98,797.8,3,0.686,22.79,46.63,733.9,433.3,43.4,6.2,0.394,50,30,48.18,84.97
22.98,797.5,3,0.701,22.69,46.12,730.4,437.2,45.5,6.3,0.344,50,30,48.18,84.59
22.97,797.3,3,0.712,22.73,46.13,727,440.5,45.8,5.6,0.363,50,30,48.18,84.31
22.97,797,3,0.715,22.72,46.12,723.3,443.6,47.7,5.9,0.355,50,30,48.18,83.86
22.97,796.6,3,0.728,22.77,46.22,724.9,437.4,44.8,7,0.382,50,30,48.18,84.6
22.96,796.3,3,0.722,22.68,46.8,721.2,447.2,45.2,6.6,0.338,50,30,48.18,85.1
22.96,796,3,0.731,22.87,46.83,717,420.5,46.3,6.2,0.432,50,30,48.18,83.76
22.96,795.6,3,0.724,22.73,46.79,713.9,442.7,44.8,7.2,0.364,50,30,48.18,85.04
22.95,795.2,3,0.743,22.7,46.51,711.6,433.5,46.2,6.8,0.347,50,30,48.18,84.5
22.95,794.9,3,0.743,22.71,46.36,706.8,449.6,44.9,8.1,0.353,50,30,48.18,85.09
22.94,794.5,3,0.719,22.89,46.56,706.8,449.5,43.6,7.5,0.44,50,30,48.18,84.83
22.94,794,3,0.708,22.39,46.56,704.9,780,44.7,7.9,0.194,100,100,100,83.43
22.94,793.6,3,0.698,22.48,46.33,705.9,435.7,44.9,7.8,0.239,50,30,48.18,85.77
22.93,793.2,3,0.709,22.72,46.49,703.9,283.3,45.4,7.4,0.355,0,0,0,83.15
22.93,792.7,3,0.7,22.86,46.75,700.4,416.3,45,8.7,0.429,50,30,48.18,84.36
22.92,792.2,3,0.712,22.88,46.43,702.6,428.7,46.9,9.4,0.436,50,30,48.18,83.82
22.92,791.7,3,0.687,22.84,46.01,700.7,428.9,45.8,11,0.418,50,30,48.18,84.27
22.91,791.2,3,0.685,22.69,45.86,696.4,433.6,45.8,10.6,0.341,50,30,48.18,84.83
22.91,790.7,3,0.677,22.7,46.16,692.5,425.9,46.9,9.6,0.347,50,30,48.18,84.36
22.9,790.2,3,0.657,22.71,46.07,692.1,401.4,44.2,9.4,0.35,50,30,48.18,84.85
22.9,789.6,3,0.679,22.98,45.96,692,266.1,43.5,8.4,0.486,0,0,0,82.1
22.89,789,3,0.694,22.86,45.96,694.1,419.7,43.6,10.1,0.428,50,30,48.18,84.68
22.88,788.4,3,0.684,22.97,46.09,691.2,431,45,9.7,0.479,50,30,48.18,83.99
22.88,787.8,3,0.696,22.79,45.65,688.5,417.8,45.8,9,0.392,50,30,48.18,84.03
22.87,787.2,3,0.702,22.65,45.42,684.8,437.1,44.9,8.4,0.322,50,30,48.18,84.86
22.87,786.6,3,0.697,22.75,44.74,684.1,430.2,45.8,9.1,0.371,50,30,48.18,83.98
22.86,786,3,0.68,22.69,44.77,681,412.6,46.9,10.8,0.344,50,30,48.18,83.87
22.85,785.3,3,0.659,22.54,44.98,678.1,409.5,44.5,11.6,0.267,50,30,48.18,85.28
22.85,784.6,3,0.649,22.44,45.12,673.5,390,44.4,10.4,0.216,50,30,48.18,85.42
22.84,783.9,3,0.631,22.57,45.49,673.7,241.4,45.6,9.6,0.284,0,0,0,82.22
22.83,783.2,3,0.662,22.45,45.52,677.7,752.9,45.8,11.3,0.223,100,100,100,83.23
22.83,782.5,3,0.652,22.61,45.69,675.1,406.7,47.3,11.1,0.302,50,30,48.18,84.36
22.82,781.8,3,0.656,22.58,46.1,675,413.5,45.7,10.5,0.288,50,30,48.18,85.1
22.81,781,3,0.661,22.68,45.95,675.1,400.5,44.4,10.5,0.335,50,30,48.18,84.96
22.8,780.3,3,0.68,22.54,45.92,672.7,412.2,45.6,10.5,0.266,50,30,48.18,85.23
22.79,779.5,3,0.686,22.56,45.76,671.1,432,46.1,9.1,0.28,50,30,48.18,84.97
22.79,778.7,3,0.711,22.66,45.37,667.3,428.8,44.7,9.7,0.328,50,30,48.18,84.9
22.78,777.9,3,0.7,22.66,45.63,665,420.4,45.4,10.3,0.328,50,30,48.18,84.78
22.77,777.1,3,0.681,22.65,45.43,665.9,416.7,44.5,11,0.323,50,30,48.18,85.05
22.76,776.2,3,0.688,22.58,45.69,665.5,416.2,44.4,9,0.287,50,30,48.18,85.25
22.75,775.4,3,0.675,22.84,45.1,666.9,410,45.5,10,0.414,50,30,48.18,83.76
22.75,774.5,3,0.676,22.86,44.64,665.6,414.6,44.4,11.9,0.425,50,30,48.18,84.07
22.74,773.6,3,0.669,22.9,44.45,664.9,404.8,44.8,13.4,0.444,50,30,48.18,83.78
22.73,772.7,4,0.673,22.81,44.82,664.8,417.8,46,13.7,0.403,50,30,48.18,84.03
22.72,771.8,5,0.68,22.88,44.93,667.7,424.3,47.3,12.7,0.436,50,30,48.18,83.42
22.71,770.9,5,0.704,22.82,44.97,669.8,420.8,48.5,11,0.404,50,30,48.18,83.1
22.7,770,5,0.72,22.6,45.53,672.6,414.5,47.7,11.5,0.297,50,30,48.18,84.34
22.69,769,5,0.693,22.67,45.5,676.9,418.6,48.4,11,0.334,50,30,48.18,83.85
22.68,768,5,0.678,22.62,45.75,679.8,414,46.6,9.9,0.305,50,30,48.18,84.52
22.67,767.1,5,0.662,22.48,46,681,404.6,45.5,8.9,0.237,50,30,48.18,85.27
22.66,766.1,5,0.645,22.65,46.82,684.8,412.3,47.4,5.7,0.324,50,30,48.18,84.11
22.65,765,6,0.673,22.75,47.15,688.2,410,48.4,3.1,0.374,50,30,48.18,83.26
22.64,764,6,0.695,23.11,47.53,694.2,250.2,47,0,0.55,0,0,0,79.85
22.63,763,6,0.674,23.32,47.76,695.8,411,47.7,0,0.658,50,30,48.18,81.29
22.62,761.9,6,0.675,22.89,48.04,698.1,774.6,48.2,0,0.442,100,100,100,80.37
22.61,760.8,6,0.676,22.98,48.08,698.4,402.4,47.2,0,0.49,50,30,48.18,82.72
22.6,759.8,6,0.663,23.11,48.42,697.8,411.8,48.2,0,0.555,50,30,48.18,82.16
22.59,758.7,6,0.676,23.12,48.56,704.3,415.8,47.8,0,0.56,50,30,48.18,82.34
22.58,757.5,6,0.688,23.18,48.57,710.4,392,49.2,0,0.589,50,30,48.18,81.46
22.56,756.4,6,0.688,23.25,48.82,711.8,247.2,49.6,0,0.623,0,0,0,78.93
22.55,755.3,6,0.702,23.35,48.55,713.9,410.4,46.6,0,0.675,50,30,48.18,81.77
22.54,754.1,6,0.685,23.34,48.66,715.9,408.4,48.4,0,0.666,50,30,48.18,81.33
22.53,752.9,6,0.688,23.11,48.93,718.5,411.9,48.6,0,0.554,50,30,48.18,82.23
22.52,751.8,6,0.692,23.11,48.66,723.7,402,47.2,0,0.551,50,30,48.18,82.48
22.51,750.6,6,0.671,23.12,49.01,724.1,402.6,49.9,0,0.558,50,30,48.18,81.76
22.49,749.3,6,0.688,22.97,48.82,728.3,418.7,47.4,0,0.483,50,30,48.18,83.15
22.48,748.1,6,0.701,22.77,49.17,728.5,427.5,47.1,0,0.385,50,30,48.18,84.2
22.47,746.9,6,0.717,22.59,49.91,735,415,47.1,0,0.295,50,30,48.18,85.05
22.46,745.6,6,0.704,22.71,49.57,735.2,414.3,47.1,0,0.353,50,30,48.18,84.45
22.44,744.3,6,0.688,22.71,49.65,738.9,402.8,48.3,0,0.357,50,30,48.18,83.98
22.43,743,6,0.673,22.87,49.23,742,409.1,46.4,0,0.436,50,30,48.18,83.86
22.42,741.7,6,0.678,22.83,48.69,744.5,401.5,49,0,0.415,50,30,48.18,82.96
22.4,740.4,6,0.672,22.82,49.12,743.4,398.6,48.3,0,0.407,50,30,48.18,83.36
22.39,739.1,6,0.685,23.15,48.94,744.2,240.1,48.4,0,0.572,0,0,0,79.5
22.38,737.8,6,0.667,23.01,49.24,744.3,406.7,46.9,0,0.505,50,30,48.18,83.17
22.36,736.4,6,0.672,22.96,49.49,747.5,398.6,49.3,0,0.48,50,30,48.18,82.67
22.35,735,6,0.7,22.85,49.58,748,411.4,48.9,0,0.426,50,30,48.18,83.37
22.34,733.6,6,0.677,22.99,49.55,743.6,250.7,47.8,0,0.493,0,0,0,80.8
22.32,732.2,6,0.686,22.78,49.39,746.4,390.5,46.3,0,0.388,50,30,48.18,84.13
22.31,730.8,6,0.677,22.91,49.59,750.1,402,49.3,0,0.456,50,30,48.18,82.91
22.29,729.4,6,0.698,23.01,49.44,744.7,403.2,48.5,0,0.502,50,30,48.18,82.77
22.28,728,6,0.722,22.88,49.51,745.6,415.2,48,0,0.438,50,30,48.18,83.54
22.27,726.5,6,0.74,23.05,49.74,748.7,405.1,47.6,0,0.523,50,30,48.18,83.02
22.25,725,6,0.722,23.02,49.4,745.1,396.6,48.4,0,0.512,50,30,48.18,82.63
22.24,723.6,6,0.738,22.94,49.47,749.8,404,48.1,0,0.467,50,30,48.18,83.18
22.22,722.1,6,0.724,22.73,49.82,747.2,424.3,47.2,0,0.364,50,30,48.18,84.54
22.21,720.6,6,0.732,22.49,49.5,750.8,753.6,47,0,0.244,100,100,100,83.06
22.19,719,6,0.706,22.62,49.1,747.1,406.8,47.5,0,0.307,50,30,48.18,84.43
22.17,717.5,6,0.706,22.81,49.27,749.3,397.4,46.2,0,0.406,50,30,48.18,84.05
22.16,715.9,6,0.69,23.03,49.45,751.2,408.1,48.1,0,0.517,50,30,48.18,82.82
22.14,714.4,6,0.713,22.66,49.18,752.8,757.5,46.6,0,0.328,100,100,100,82.39
22.13,712.8,6,0.726,22.77,49.72,751.1,256.9,47.3,0,0.386,0,0,0,82.02
22.11,711.2,6,0.699,22.88,49.51,754.5,402.2,47.6,0,0.439,50,30,48.18,83.51
22.1,709.6,6,0.715,23,49.57,756.5,408.8,47.5,0,0.501,50,30,48.18,83.16
22.08,708,6,0.701,22.8,49.7,757.2,403.1,48.4,0,0.398,50,30,48.18,83.69
22.06,706.4,6,0.687,22.82,49.64,760.4,399.1,48.6,0,0.409,50,30,48.18,83.46
22.05,704.7,6,0.672,23.13,50.12,760.8,247.1,48.7,0,0.563,0,0,0,80.03
22.03,703.1,6,0.656,22.92,49.99,762.8,372.2,48.1,0,0.46,50,30,48.18,83.1
22.01,701.4,6,0.668,23.02,50.18,767.9,384.6,47.3,0,0.508,50,30,48.18,83.03
22,699.7,6,0.688,23.13,50.19,767.1,395.1,47.5,0,0.566,50,30,48.18,82.65
21.98,698,6,0.702,23.02,50.67,765.3,397.1,48.9,0,0.509,50,30,48.18,82.51
21.96,696.3,6,0.713,22.98,50.64,766.1,383.9,47.3,0,0.493,50,30,48.18,82.98
21.95,694.6,6,0.72,22.89,50.37,767.7,413.3,47.2,0,0.444,50,30,48.18,83.77
21.93,692.8,6,0.724,22.97,50.46,773.4,389.1,47.1,0,0.487,50,30,48.18,83.21
21.91,691.1,6,0.742,22.84,50.76,775.1,417.6,47.3,0,0.419,50,30,48.18,83.81
21.89,689.3,6,0.757,22.84,50.02,772.7,398.4,46,0,0.422,50,30,48.18,84.29
21.88,687.5,6,0.757,22.8,50.4,777.2,422.2,48.2,0,0.398,50,30,48.18,83.88
21.86,685.7,6,0.732,22.72,50.33,777.2,397.1,48.4,0,0.363,50,30,48.18,83.88
21.84,683.9,6,0.702,22.75,50.28,778,388.7,47,0,0.375,50,30,48.18,84.12
21.82,682.1,6,0.701,22.81,50.25,779.1,391,47.4,0,0.404,50,30,48.18,83.84
21.8,680.3,6,0.691,22.77,50.35,779.4,391.5,46,0,0.386,50,30,48.18,84.36
21.78,678.4,6,0.681,22.66,50.2,782.4,714,46.5,0,0.331,100,100,100,83.27
21.77,676.6,6,0.665,22.67,49.59,783.5,716.9,48.9,0,0.333,100,100,100,82.44
21.75,674.7,6,0.662,22.59,49.36,785,367.3,47.2,0,0.294,50,30,48.18,84.32
21.73,672.8,6,0.672,22.64,49.69,787.2,369.1,48,0,0.322,50,30,48.18,84.02
21.71,670.9,6,0.67,22.65,49.32,786.8,367.7,46.6,0,0.326,50,30,48.18,84.27
21.69,669,6,0.697,22.64,49.79,788.7,373.2,47,0,0.322,50,30,48.18,84.39
21.67,667.1,6,0.688,22.69,49.43,788.4,389.9,47.4,0,0.343,50,30,48.18,84.15
21.65,665.2,6,0.668,22.85,49.42,791.9,368.6,47.2,0,0.422,50,30,48.18,83.4
21.63,663.2,6,0.677,22.64,49.21,790.4,384,47.6,0,0.319,50,30,48.18,84.14
21.61,661.3,6,0.675,22.8,49.3,788.8,371.9,47.6,0,0.398,50,30,48.18,83.45
21.59,659.3,6,0.673,22.79,49.28,790.1,376.5,49.3,0,0.395,50,30,48.18,83
21.57,657.3,6,0.692,22.78,49.23,792.3,370.9,48.2,0,0.392,50,30,48.18,83.29
21.55,655.3,6,0.696,22.86,49.6,793.5,362.3,48.3,0,0.431,50,30,48.18,83.01
21.53,653.3,6,0.718,22.84,50.05,793.6,393.3,48.1,0,0.42,50,30,48.18,83.6
21.51,651.3,6,0.723,22.78,50.16,789.8,371.4,49.9,0,0.391,50,30,48.18,83
21.49,649.3,6,0.701,22.85,50.35,791.4,372.2,46.9,0,0.427,50,30,48.18,83.59
21.47,647.2,6,0.688,22.85,50.27,792.5,381.3,49.6,0,0.426,50,30,48.18,82.88
21.45,645.2,6,0.698,22.8,49.87,795.3,383.1,48.8,0,0.401,50,30,48.18,83.4
21.43,643.1,6,0.701,23.01,49.92,791.9,221.3,47.7,0,0.504,0,0,0,80.03
21.41,641,6,0.691,22.96,49.89,792.3,375.7,47,0,0.478,50,30,48.18,83.29
21.39,638.9,6,0.681,22.92,49.37,792,373.7,48.6,0,0.459,50,30,48.18,82.75
21.37,636.8,6,0.678,22.75,49.19,793.2,382.6,46.3,0,0.375,50,30,48.18,84.09
21.35,634.7,6,0.672,22.57,49.28,796,374.6,49.7,0,0.286,50,30,48.18,83.68
21.33,632.6,6,0.695,22.68,49.34,795.4,374.9,48.8,0,0.339,50,30,48.18,83.58
21.3,630.4,6,0.7,22.77,49.63,796.2,357.7,48.6,0,0.387,50,30,48.18,83.21
21.28,628.3,6,0.711,22.67,49.86,795.9,371.5,49.5,0,0.335,50,30,48.18,83.56
21.26,626.1,6,0.685,22.6,50.28,793.4,367.2,47.7,0,0.3,50,30,48.18,84.27
21.24,623.9,6,0.708,22.54,50.31,795,372.2,46.9,0,0.27,50,30,48.18,84.77
21.22,621.7,6,0.699,22.56,49.9,799.5,709.5,47.8,0,0.278,100,100,100,83.4
21.2,619.5,6,0.701,22.6,50.27,801.6,351.8,46.8,0,0.299,50,30,48.18,84.37
21.17,617.3,6,0.699,22.79,49.76,800.9,374,47.7,0,0.394,50,30,48.18,83.62
21.15,615.1,6,0.696,22.67,49.55,802.5,362.8,48.6,0,0.333,50,30,48.18,83.61
21.13,612.8,6,0.676,22.81,49.32,803.9,346.9,46.3,0,0.407,50,30,48.18,83.47
21.11,610.6,6,0.675,23.02,49.4,803.7,354.7,48.9,0,0.511,50,30,48.18,82.04
21.08,608.3,6,0.669,22.77,50.31,808.3,359.8,49,0,0.384,50,30,48.18,83.05
21.06,606.1,6,0.669,22.7,50.14,808,340.7,47,0,0.351,50,30,48.18,83.79
21.04,603.8,6,0.671,22.7,49.75,807.7,343.7,46.3,0,0.35,50,30,48.18,83.99
21.01,601.5,6,0.699,22.61,49.96,808,357.1,47.6,0,0.307,50,30,48.18,84.12
20.99,599.2,6,0.721,22.47,49.94,807.1,369.6,49.3,0,0.235,50,30,48.18,84.29
20.97,596.8,6,0.704,22.47,50.09,807,363.5,48.4,0,0.237,50,30,48.18,84.47
20.95,594.5,6,0.687,22.57,50.09,802.9,363.1,48.6,0,0.286,50,30,48.18,84.11
20.92,592.2,6,0.691,22.4,50.18,803.9,359,47.6,0,0.2,50,30,48.18,84.96
20.9,589.8,6,0.713,22.47,49.81,803.3,693.6,46.8,0,0.236,100,100,100,84.17
20.87,587.5,6,0.696,22.51,49.46,802.8,375.4,47.5,0,0.253,50,30,48.18,84.62
20.85,585.1,6,0.701,22.46,48.8,807.4,354.3,48,0,0.23,50,30,48.18,84.12
20.83,582.7,6,0.716,22.46,48.56,806.8,354.2,48.1,0,0.23,50,30,48.18,84.02
20.8,580.3,6,0.702,22.3,48.27,807.3,355.2,46.1,0,0.15,50,30,48.18,85.12
20.78,577.9,6,0.68,22.42,48.72,801.6,332.8,47.7,0,0.209,50,30,48.18,84.22
20.75,575.5,6,0.693,22.35,48.91,800.4,346.5,47.4,0,0.174,50,30,48.18,84.78
20.73,573,6,0.674,22.42,49.4,799.7,333.4,47.9,0,0.208,50,30,48.18,84.45
20.71,570.6,6,0.701,22.31,49.45,797.3,358.6,48.2,0,0.157,50,30,48.18,84.99
20.68,568.1,6,0.698,22.41,49.31,796.5,347.9,49,0,0.204,50,30,48.18,84.26
20.66,565.7,6,0.723,22.51,48.97,794,345.1,47.6,0,0.255,50,30,48.18,84.14
20.63,563.2,6,0.733,22.43,49.28,794.3,342.4,49.6,0,0.214,50,30,48.18,83.92
20.61,560.7,6,0.714,22.37,49.45,792.4,355.7,48.7,0,0.183,50,30,48.18,84.64
20.58,558.2,6,0.694,22.18,49.55,792.1,307.3,49.3,0,0.089,50,30,48.18,84.7
20.56,555.7,6,0.678,22.36,49.43,793.3,331,47.4,0,0.177,50,30,48.18,84.81
20.53,553.2,6,0.672,22.46,48.88,792.5,334.1,48,0,0.228,50,30,48.18,84.06
20.51,550.7,6,0.682,22.57,48.38,791.3,348.6,46.6,0,0.286,50,30,48.18,84
20.48,548.1,6,0.687,22.64,48.32,793.1,344.4,47.8,0,0.321,50,30,48.18,83.32
20.46,545.6,6,0.711,22.67,48.37,791.9,197.1,47.3,0,0.336,0,0,0,80.09
20.43,543,6,0.721,22.67,48.53,791.3,222.3,46.8,0,0.335,0,0,0,81.08
20.4,540.5,6,0.722,22.59,48.39,792.8,355.1,48.5,0,0.292,50,30,48.18,83.46
20.38,537.9,6,0.73,22.59,48.59,794.6,343.9,49.3,0,0.295,50,30,48.18,83.18
20.35,535.3,6,0.72,22.46,48.31,796,335.8,47,0,0.228,50,30,48.18,84.17
20.33,532.7,6,0.692,22.45,48.7,796.9,333.9,47.3,0,0.225,50,30,48.18,84.22
20.3,530.1,6,0.68,22.47,48.05,797,326.9,47.5,0,0.236,50,30,48.18,83.76
20.27,527.5,6,0.662,22.47,48.09,796.3,330.2,47.3,0,0.233,50,30,48.18,83.9
20.25,524.8,6,0.65,22.52,48.41,797.6,172.8,48.7,0,0.26,0,0,0,79.53
20.22,522.2,6,0.654,22.54,48.14,795.6,305.8,46.6,0,0.271,50,30,48.18,83.61
20.2,519.6,6,0.638,22.48,47.91,795,326.2,49.7,0,0.24,50,30,48.18,83.02
20.17,516.9,6,0.67,22.16,48.78,795.8,321.1,47,0,0.081,50,30,48.18,85.3
20.14,514.2,6,0.652,22.36,49.49,796.9,323.6,47.9,0,0.181,50,30,48.18,84.59
20.12,511.6,6,0.636,22.4,50.22,797.6,174,45.8,0,0.201,0,0,0,81.39
20.09,508.9,6,0.657,22.38,50,797,319.1,47.8,0,0.188,50,30,48.18,84.7
20.06,506.2,6,0.659,22.15,50.03,798,654.3,48.2,0,0.074,100,100,100,85.65
20.03,503.5,6,0.674,22.19,49.83,795.5,325.3,50.3,0,0.094,50,30,48.18,84.66
20.01,500.7,6,0.673,22.12,49.71,797.8,318.1,47.7,0,0.059,50,30,48.18,85.57
19.98,498,6,0.689,22.18,49.44,800.2,313.5,47.2,0,0.09,50,30,48.18,85.33
19.95,495.3,6,0.684,22.24,49.42,800.6,321.3,48.1,0,0.118,50,30,48.18,84.95
19.93,492.5,6,0.712,22.28,50.36,800.6,187.3,47.2,0,0.139,0,0,0,81.78
19.9,489.8,6,0.695,22.18,50.35,803,305.5,48.3,0,0.09,50,30,48.18,84.99
19.87,487,6,0.676,22.13,50.14,801.7,664.2,48.8,0,0.063,100,100,100,85.36
19.84,484.2,6,0.662,22.08,50.54,800.3,323.4,46.2,0,0.042,50,30,48.18,86.11
19.81,481.5,6,0.648,22.35,50.33,802.2,316.2,48.5,0,0.173,50,30,48.18,84.41
19.79,478.7,6,0.631,22.32,50.16,801.2,290.2,49,0,0.162,50,30,48.18,83.98
19.76,475.9,6,0.65,22.23,50.1,798.7,317,48.8,0,0.117,50,30,48.18,84.88
19.73,473,6,0.642,22.24,49.8,796.1,325.8,48,0,0.12,50,30,48.18,85.16
19.7,470.2,6,0.635,22.14,50.19,800.5,309.3,50.2,0,0.068,50,30,48.18,84.72
19.67,467.4,6,0.62,22.25,50.25,804.6,305.5,49.9,0,0.124,50,30,48.18,84.25
19.65,464.6,6,0.628,21.97,50.26,806.9,650.6,48.1,0,-0.013,100,100,100,86.02
19.62,461.7,6,0.643,22.23,50.02,807.6,281.7,47.3,0,0.115,50,30,48.18,84.54
19.59,458.9,6,0.632,22.15,50.16,806.6,147.4,48.8,0,0.074,0,0,0,80.59
19.56,456,6,0.66,21.98,49.45,806.7,317.6,46.6,0,-0.008,50,30,48.18,86.09
19.53,453.1,6,0.681,21.96,49.54,808.9,314.1,47.4,0,-0.021,50,30,48.18,85.75
19.5,450.2,6,0.688,21.95,49.75,811.3,305.5,48.3,0,-0.023,50,30,48.18,85.41
19.47,447.4,6,0.71,22.04,49.87,809.1,300,47.6,0,0.021,50,30,48.18,85.65
19.44,444.5,6,0.721,22.06,49.73,809.7,315.7,48.6,0,0.031,50,30,48.18,85.38
19.42,441.5,6,0.702,22.03,49.36,811.8,312.5,47,0,0.017,50,30,48.18,85.78
19.39,438.6,6,0.706,21.93,49.35,809.6,645.1,47.8,0,-0.035,100,100,100,85.87
19.36,435.7,6,0.697,21.99,48.81,810,302.9,46.6,0,-0.006,50,30,48.18,85.67
19.33,432.8,6,0.714,22.1,48.62,805.8,320.6,49.8,0,0.049,50,30,48.18,84.58
19.3,429.8,6,0.727,21.89,48.47,803.7,314.4,48.5,0,-0.053,50,30,48.18,84.83
19.27,426.9,6,0.741,21.94,48.41,804.5,300.5,47.8,0,-0.03,50,30,48.18,85.06
19.24,423.9,6,0.732,21.87,48.67,806.1,296.4,47.6,0,-0.064,50,30,48.18,84.83
19.21,421,6,0.748,22.02,48.19,805.2,321.4,47.1,0,0.008,50,30,48.18,85.54
19.18,418,6,0.749,22.09,47.69,806,298.6,47.1,0,0.045,50,30,48.18,84.82
19.15,415,6,0.754,22.14,48.1,807.3,308,47.8,0,0.069,50,30,48.18,84.67
19.12,412,6,0.725,22.15,48.31,807.5,295.5,48.1,0,0.077,50,30,48.18,84.4
19.09,409,6,0.729,21.93,48.53,808.9,670.3,47.4,0,-0.033,100,100,100,85.3
19.06,406,6,0.717,21.91,48.36,807.6,294,48.9,0,-0.045,50,30,48.18,84.37
19.03,403,6,0.714,21.93,48.59,810.7,281.6,48.6,0,-0.033,50,30,48.18,84.21
19,400,6,0.704,22.02,49.35,808.8,297.5,47.4,0,0.011,50,30,48.18,85.53
18.97,397,6,0.686,22.1,49.33,808.5,282.9,48.2,0,0.049,50,30,48.18,84.57
18.94,393.9,6,0.691,22.17,49.24,809.1,290.5,46.5,0,0.085,50,30,48.18,85
18.91,390.9,6,0.682,22.21,49.14,812.6,288.3,49.2,0,0.105,50,30,48.18,83.87
18.88,387.8,6,0.687,22.11,48.91,810.3,639.6,48.5,0,0.053,100,100,100,85.42
18.85,384.8,6,0.701,22.09,49.35,809,288.9,45.4,0,0.044,50,30,48.18,85.63
18.82,381.7,6,0.693,21.9,49.12,809.1,299.8,48.1,0,-0.05,50,30,48.18,85.02
18.79,378.7,6,0.707,22.19,48.9,810,262.2,49,0,0.094,50,30,48.18,83.19
18.76,375.6,6,0.688,22.1,49.67,809.3,290.8,48,0,0.052,50,30,48.18,84.96
18.72,372.5,6,0.674,22.07,49.52,809.7,275.4,48.4,0,0.035,50,30,48.18,84.44
18.69,369.4,6,0.692,21.87,49.17,808.4,277,47.5,0,-0.063,50,30,48.18,84.42
18.66,366.3,6,0.675,21.97,49.08,808,262.1,46.8,0,-0.013,50,30,48.18,84.53
18.63,363.2,6,0.697,22.1,49.79,805.2,273.1,47.5,0,0.052,50,30,48.18,84.68
18.6,360.1,6,0.716,21.85,49.79,804.7,277.3,47.8,0,-0.076,50,30,48.18,84.52
18.57,357,6,0.696,22.05,49.64,807.7,630.7,48.6,0,0.027,100,100,100,86.02
18.54,353.8,6,0.672,22.1,50.52,807.5,267.4,48.7,0,0.048,50,30,48.18,84.02
18.51,350.7,6,0.654,21.93,50.26,806.9,262.1,48.2,0,-0.035,50,30,48.18,84.21
18.48,347.6,6,0.641,21.93,50.03,807.8,269.9,48.1,0,-0.035,50,30,48.18,84.54
18.44,344.4,6,0.666,21.96,49.25,806.9,261.5,46,0,-0.021,50,30,48.18,84.78
18.41,341.3,6,0.688,21.73,49.69,807.6,271.3,47.6,0,-0.133,50,30,48.18,83.9
18.38,338.1,6,0.702,21.92,49.54,803.3,257.4,48.6,0,-0.039,50,30,48.18,83.9
18.35,334.9,6,0.682,21.73,48.84,803.9,262.7,49.9,0,-0.136,50,30,48.18,82.67
18.32,331.8,6,0.703,21.81,48.73,800.8,281,48,0,-0.095,50,30,48.18,84.1
18.29,328.6,6,0.709,21.81,49.6,798,262.8,48.5,0,-0.094,50,30,48.18,83.73
18.25,325.4,6,0.732,21.7,49.33,798.4,261.4,48.4,0,-0.147,50,30,48.18,83.21
18.22,322.2,6,0.737,21.82,49.77,798.6,273.6,47.4,0,-0.089,50,30,48.18,84.48
18.19,319,6,0.745,21.61,49.38,797.8,267,46.7,0,-0.194,50,30,48.18,83.57
18.16,315.8,6,0.753,21.44,49.29,796.6,267.8,48.1,0,-0.281,50,30,48.18,82.5
18.13,312.6,6,0.731,21.41,49.41,796.3,246.1,47.8,0,-0.296,50,30,48.18,81.86
18.09,309.4,6,0.705,21.3,49.33,795.7,258.7,49.9,0.8,-0.35,50,30,48.18,81.26
18.06,306.1,6,0.7,21.57,49.28,795.8,263.9,48,0,-0.216,50,30,48.18,82.89
18.03,302.9,6,0.711,21.38,48.88,798,257.1,47.4,0,-0.31,50,30,48.18,82
18,299.7,6,0.719,21.26,48.96,797.1,248.7,47.8,0,-0.368,50,30,48.18,81.23
17.96,296.4,6,0.735,21.39,49.09,797.3,251.1,47.4,0,-0.306,50,30,48.18,81.94
17.93,293.2,6,0.724,21.39,49.06,795.2,235.9,48.4,0,-0.306,50,30,48.18,81.16
17.9,290,6,0.71,21.61,48.81,796.9,605.9,47.3,0,-0.194,100,100,100,85.33
17.87,286.7,6,0.701,21.69,48.75,799,259.8,49.1,0,-0.152,50,30,48.18,82.7
17.83,283.4,6,0.722,21.58,49.25,799.4,253.8,47,0,-0.212,50,30,48.18,82.91
17.8,280.2,6,0.701,21.49,49.23,798.9,258.4,47.6,0,-0.254,50,30,48.18,82.54
17.77,276.9,6,0.681,21.62,48.93,805.2,578,48.9,0,-0.19,100,100,100,83.65
17.74,273.6,6,0.663,21.64,49.12,801.9,229.9,48.5,0,-0.178,50,30,48.18,81.91
17.7,270.3,6,0.688,21.82,48.34,801.3,245.1,47.8,0,-0.087,50,30,48.18,82.98
17.67,267,6,0.674,21.71,47.92,798.8,234,48.3,0,-0.144,50,30,48.18,81.93
17.64,263.8,6,0.653,21.72,48.41,801.8,231,48,0,-0.14,50,30,48.18,82.13
17.6,260.5,6,0.637,21.68,48.36,805,223.1,48.1,0,-0.16,50,30,48.18,81.65
17.57,257.2,6,0.668,21.75,49.08,806.6,84.1,49.5,0,-0.127,0,0,0,77.08
17.54,253.8,6,0.652,21.86,48.64,804.8,236,48.3,0,-0.072,50,30,48.18,82.73
17.51,250.5,6,0.641,21.61,48.75,806.1,232.9,46.2,0,-0.195,50,30,48.18,82.39
17.47,247.2,6,0.639,21.62,48.96,808.3,224.2,48.8,0,-0.191,50,30,48.18,81.42
17.44,243.9,6,0.649,21.82,48.54,807.2,230,49,0,-0.092,50,30,48.18,82.11
17.41,240.6,6,0.662,21.64,48.67,807.1,68.8,47.9,0,-0.178,0,0,0,75.87
17.37,237.2,6,0.646,21.66,48.71,809.1,218.1,47.9,0,-0.169,50,30,48.18,81.57
17.34,233.9,6,0.629,21.35,49.27,810.8,216.5,47,0,-0.326,50,30,48.18,80.81
17.31,230.6,6,0.65,21.45,48.87,817.8,212.4,47.6,0,-0.273,50,30,48.18,80.67
17.27,227.2,6,0.665,21.59,49.27,817.6,234.4,48.2,0,-0.205,50,30,48.18,81.82
17.24,223.9,6,0.653,21.67,48.89,817.1,216.2,49.3,0,-0.167,50,30,48.18,81.08
17.21,220.5,6,0.671,21.6,49.13,812.8,234.9,48.9,0,-0.199,50,30,48.18,81.67
17.17,217.2,6,0.65,21.73,48.58,813.8,571.5,47.3,0,-0.133,100,100,100,84.4
17.14,213.8,6,0.679,21.58,48.28,812.9,209.7,47.7,0,-0.209,50,30,48.18,80.86
17.1,210.4,6,0.703,21.57,48.51,809.6,216.9,48.4,0,-0.214,50,30,48.18,80.96
17.07,207.1,6,0.679,21.47,48.52,806.4,222.7,48.6,0,-0.262,50,30,48.18,80.75
17.04,203.7,6,0.68,21.45,48.7,805.3,220.3,48.5,0,-0.276,50,30,48.18,80.69
17,200.3,6,0.691,21.39,48.49,803.4,223.1,47.5,0,-0.304,50,30,48.18,80.81
16.97,196.9,6,0.671,21.37,48.82,804.9,225.8,46.5,0,-0.316,50,30,48.18,81.2
16.94,193.5,6,0.676,21.26,48.52,807.5,211.7,47,0,-0.37,50,30,48.18,80.09
16.9,190.1,6,0.682,21.17,48.98,806.8,209.2,48,0,-0.415,50,30,48.18,79.57
16.87,186.8,6,0.701,21.28,48.62,808.1,565.4,47.2,0.3,-0.361,100,100,100,82.9
16.83,183.4,6,0.719,21.15,48.98,807.8,212.8,48.9,0,-0.425,50,30,48.18,79.31
16.8,180,6,0.731,21.08,49.46,807.5,210.4,47.2,0,-0.459,50,30,48.18,79.66
16.77,176.6,6,0.718,21.07,49.89,807.4,227.7,48,0,-0.463,50,30,48.18,80.08
16.73,173.2,5,0.723,21.08,49.7,808.9,214.7,47.2,0,-0.46,50,30,48.18,79.86
16.7,169.7,5,0.722,21.09,49.68,806.8,222.9,45.5,0,-0.454,50,30,48.18,80.69
16.66,166.3,5,0.723,20.97,49.62,802.7,206.7,48.5,0,-0.517,50,30,48.18,78.85
16.63,162.9,5,0.715,20.95,49.64,801.2,207.8,45.8,0,-0.524,50,30,48.18,79.66
16.59,159.5,5,0.701,21.05,49.71,797.6,185.3,46.8,0,-0.477,50,30,48.18,79.1
16.56,156.1,5,0.701,21.04,49.51,795.1,183.3,47.9,0,-0.48,50,30,48.18,78.62
16.53,152.6,5,0.686,21.03,49.32,793.8,213.8,47.8,0,-0.483,50,30,48.18,79.47
16.49,149.2,5,0.702,21.08,49.23,790.6,195,48.4,0,-0.462,50,30,48.18,78.85
16.46,145.8,5,0.688,21.21,49.41,789.4,204.6,48.8,0.6,-0.393,50,30,48.18,79.64
16.42,142.4,5,0.68,21.2,49.35,788.1,211.8,46.5,0,-0.401,50,30,48.18,80.43
16.39,138.9,5,0.66,21.31,48.59,787.8,195.5,46.9,0,-0.343,50,30,48.18,79.95
16.35,135.5,5,0.657,21.22,48.34,789.5,180.2,47.2,0,-0.386,50,30,48.18,79
16.32,132,5,0.641,21.23,48.75,789.4,186.2,47,0,-0.386,50,30,48.18,79.39
16.29,128.6,5,0.63,21.18,48.96,787.1,168.8,46.8,0,-0.411,50,30,48.18,78.81
16.25,125.1,5,0.615,21.04,48.74,786.9,200.4,47.2,0,-0.48,50,30,48.18,79.04
16.22,121.7,5,0.638,20.91,48.73,784.4,176.8,45.5,0,-0.546,50,30,48.18,78.34
16.18,118.2,5,0.639,21.04,48.37,784.7,180.9,48.8,0,-0.477,50,30,48.18,77.85
16.15,114.8,5,0.641,21.1,48.92,786.4,177.8,47.8,0,-0.451,50,30,48.18,78.48
16.11,111.3,5,0.64,20.84,49.53,783.2,30.8,47.5,0,-0.581,0,0,0,70.52
16.08,107.9,5,0.633,20.87,49.38,782.7,190,47.9,0,-0.566,50,30,48.18,78.11
16.04,104.4,5,0.628,21.06,49.41,782.8,193,47,0,-0.469,50,30,48.18,79.2
16.01,101,5,0.637,21.11,49.37,779.3,197.8,47.1,0,-0.443,50,30,48.18,79.51
15.97,97.5,5,0.653,20.71,49.39,775.9,37,47.4,0,-0.644,0,0,0,70.51
15.94,94,5,0.658,20.75,49.56,776.6,196.2,48.9,0,-0.624,50,30,48.18,77.64
15.91,90.6,5,0.636,20.82,49.66,776.8,178.4,48.3,0,-0.588,50,30,48.18,77.59
15.87,87.1,5,0.604,20.87,48.71,774.7,191.8,47.2,0,-0.566,50,30,48.18,78.12
15.84,83.6,5,0.589,20.88,48.28,778.6,170,46.9,0,-0.558,50,30,48.18,77.46
15.8,80.2,5,0.61,20.87,48.33,775.4,161.2,45.5,0,-0.563,50,30,48.18,77.61
15.77,76.7,5,0.625,20.96,48.53,774.9,177.8,47.5,0,-0.517,50,30,48.18,77.92
15.73,73.2,4,0.631,20.85,47.39,773,181.2,45.1,0,-0.573,50,30,48.18,77.88
15.7,69.7,4,0.632,20.79,47.03,769,174.8,45.5,0,-0.6,50,30,48.18,77.23
15.66,66.2,4,0.619,20.85,47.2,768,162.3,48.1,0,-0.574,50,30,48.18,76.33
15.63,62.8,4,0.629,20.95,46.75,763.7,161.6,44.6,0,-0.524,50,30,48.18,77.57
15.59,59.3,4,0.618,21.06,46.54,762.2,174.8,46.1,0,-0.465,50,30,48.18,77.9
15.56,55.8,4,0.614,21.02,47.15,756.7,162.3,47,0,-0.489,50,30,48.18,77.3
15.52,52.3,4,0.606,21,47.42,757.9,169.5,45.6,0,-0.496,50,30,48.18,77.97
15.49,48.8,4,0.576,20.97,47.79,754.6,139.2,44.6,0.8,-0.512,50,30,48.18,77.47
15.45,45.4,4,0.553,21.06,47.59,752.4,167.2,43.9,0,-0.465,50,30,48.18,78.7
15.42,41.9,4,0.54,21.03,47.95,751,164.3,44.1,0.1,-0.482,50,30,48.18,78.56
15.38,38.4,4,0.533,20.91,47.94,747.5,160.7,46.1,0,-0.542,50,30,48.18,77.42
15.35,34.9,4,0.547,20.91,48.23,751.2,157.2,47.3,0,-0.544,50,30,48.18,77.05
15.31,31.4,4,0.542,20.99,48.34,754.2,168.8,45.4,0.2,-0.503,50,30,48.18,78.32
15.28,27.9,4,0.539,20.94,48.68,752,155.7,45.9,0,-0.53,50,30,48.18,77.68
15.24,24.4,4,0.547,20.87,48.35,752.6,179.1,48.2,0,-0.566,50,30,48.18,77.32
15.21,20.9,4,0.52,20.8,49.05,747.9,145.5,46.4,0,-0.6,50,30,48.18,76.85
15.17,17.5,4,0.516,20.81,49.05,743.8,149,45.2,0,-0.592,50,30,48.18,77.38
15.14,14,4,0.497,21.11,48.92,746.5,506.4,46.8,0.1,-0.446,100,100,100,83.15
15.1,10.5,3,0.499,20.98,48.95,744.7,137.8,45.1,0.8,-0.51,50,30,48.18,77.72
15.07,7,3,0.503,20.86,48.49,740,149,44.5,1.5,-0.569,50,30,48.18,77.72
15.03,3.5,3,0.502,20.99,48.96,738.3,500.1,42.4,3.7,-0.505,100,100,100,84.45
15,0,3,0.482,21.01,48.16,733.6,163.6,44.6,2.9,-0.493,50,30,48.18,78.68
14.97,0,3,0.406,21.21,47.62,733.2,138.3,44.4,2.3,-0.395,50,30,48.18,78.47
14.93,0,3,0.358,21.16,47.6,732.5,157.9,46.4,4,-0.419,50,30,48.18,78.45
14.9,0,3,0.318,21.21,47.87,734.6,152.8,45.8,3.6,-0.393,50,30,48.18,78.72
14.86,0,3,0.304,21.22,48,737.8,160.8,43.7,2.8,-0.387,50,30,48.18,79.59
14.83,0,3,0.292,21.2,47.58,738.1,150.8,43.8,2.1,-0.399,50,30,48.18,78.96
14.79,0,3,0.273,21.23,47.53,737.6,120.9,45.2,2.3,-0.383,50,30,48.18,77.77
14.76,0,3,0.256,21.33,48,738.2,162,45,1,-0.334,50,30,48.18,79.48
14.72,0,3,0.206,21.55,48.29,740.2,165.8,43.6,0.6,-0.225,50,30,48.18,80.88
14.69,0,3,0.195,21.68,48.24,744.6,143.3,45.1,0,-0.158,50,30,48.18,80.17
14.65,0,3,0.197,21.88,48.81,744.5,159.8,46,0.8,-0.061,50,30,48.18,81.44
14.62,0,3,0.165,21.89,48.91,744,139.9,44.1,0.3,-0.053,50,30,48.18,81.45
14.58,0,3,0.13,21.76,48.76,743.4,161.9,44.9,0,-0.121,50,30,48.18,81.27
14.55,0,2,0.125,22.08,48.76,741.3,138,43.1,1.3,0.041,50,30,48.18,81.81
14.51,0,2,0.126,21.91,48.75,744.4,134.1,43.8,0,-0.046,50,30,48.18,81.34
14.48,0,2,0.117,21.98,48.94,743,168.2,43.1,0,-0.01,50,30,48.18,82.91
14.44,0,2,0.123,21.98,48.79,740.9,145.5,43.9,0,-0.011,50,30,48.18,81.93
14.41,0,2,0.11,21.79,49.17,742.4,140.1,42.4,0,-0.103,50,30,48.18,81.66
14.37,0,2,0.095,21.75,49.13,743.2,153.6,44.5,0,-0.126,50,30,48.18,81.23
14.34,0,2,0.069,21.78,49.11,741.6,161.5,43.4,1,-0.108,50,30,48.18,82.05
14.3,0,2,0.09,21.83,49.31,742.1,141.7,44,0.8,-0.084,50,30,48.18,81.5
14.27,0,2,0.087,21.83,49.56,743.7,144.7,42.8,0.8,-0.086,50,30,48.18,82.04
14.23,0,2,0.068,21.96,49.58,745.2,170.2,42.6,1.5,-0.018,50,30,48.18,83.44
14.2,0,2,0.041,22.14,49.99,741.1,157.2,42.7,1.2,0.068,50,30,48.18,82.78
14.16,0,2,0.045,22.1,50.15,740.1,147,43.4,0.9,0.049,50,30,48.18,82.31
14.13,0,2,0.062,22.17,50.08,739.4,136.7,42.7,2.3,0.085,50,30,48.18,82.12
14.09,0,2,0.083,22.29,49.97,740.9,148.6,41.7,1.4,0.147,50,30,48.18,82.23
14.06,0,2,0.062,22.33,49.51,742.3,155.6,45.1,1,0.162,50,30,48.18,81.1
14.03,0,2,0.059,22.36,49.77,747.1,148.9,42.5,0.8,0.178,50,30,48.18,81.65
13.99,0,2,0.077,22.58,50.07,747.5,154.3,41.5,1.9,0.288,50,30,48.18,81.43
13.96,0,2,0.059,22.42,50.36,747.3,119.5,44.6,0.8,0.21,50,30,48.18,79.85
13.92,0,2,0.038,22.41,50.06,749.6,159.3,43.5,1,0.203,50,30,48.18,81.55
13.89,0,2,0.054,22.47,50.51,751.4,161.3,43.9,2.5,0.234,50,30,48.18,81.24
13.85,0,1,0.045,22.36,50.45,750.1,139.6,40.9,6,0.181,50,30,48.18,82.24
13.82,0,1,0.039,22.27,50.6,749.3,136.5,40,8.4,0.135,50,30,48.18,82.95
13.78,0,1,0.02,22.41,50.14,749.4,151.5,39.6,10.2,0.206,50,30,48.18,83.23
13.75,0,1,0.041,22.15,50.07,748.3,158.4,42.4,11.8,0.076,50,30,48.18,83.89
13.71,0,1,0.06,22.11,49.34,745.3,157,39.9,13.1,0.056,50,30,48.18,84.61
13.68,0,1,0.053,22.14,49.24,743.1,158.4,42.2,13.4,0.071,50,30,48.18,83.89
13.65,0,1,0.052,22.15,49.26,741,145.9,41.3,15.9,0.075,50,30,48.18,83.99
13.61,0,1,0.034,22.15,49.36,738.9,160.4,40.5,17.4,0.074,50,30,48.18,84.88
13.58,0,1,0.013,22.37,49.65,738.7,0,41.4,17.6,0.183,0,0,0,74.83
13.54,0,1,0.01,22.32,49.22,736.3,166.5,41.3,20.4,0.159,50,30,48.18,84.43
13.51,0,1,0.034,22.35,49.66,731,141,39.5,21.3,0.176,50,30,48.18,84.18
13.47,0,1,0.026,22.19,49.5,730,496,39.4,24.2,0.096,100,100,100,90.56
13.44,0,1,0.009,22.28,49.26,729.8,154.3,39.9,24.5,0.14,50,30,48.18,85.01
13.41,0,1,0.017,22.34,48.93,727.6,150.1,38.4,24.4,0.17,50,30,48.18,84.53
13.37,0,1,0,22.37,48.65,726.3,150.4,39.2,24.5,0.182,50,30,48.18,84.35
13.34,0,1,0.011,22.32,48.22,726.3,138.2,40.7,24,0.161,50,30,48.18,83.73
13.3,0,1,0.003,22.26,48.27,722.2,163.7,41,25.1,0.13,50,30,48.18,84.76
13.27,0,1,0,22.37,48.4,718.2,149.3,40.7,25.7,0.186,50,30,48.18,84.1
13.23,0,1,0.014,22.39,48.31,716.9,155.2,39.9,27.3,0.193,50,30,48.18,84.56
13.2,0,1,0.002,22.31,48.01,716.7,148.9,38.9,27.5,0.156,50,30,48.18,84.56
13.17,0,1,0.018,22.23,48.4,714,161.2,40.4,27.4,0.113,50,30,48.18,85.27
13.13,0,1,0.007,22.12,47.96,713.2,154,40,28.8,0.062,50,30,48.18,85.53
13.1,0,1,0,22.19,47.62,712.7,157.2,41.6,29.7,0.096,50,30,48.18,84.86
13.06,0,0,0,22.14,47.69,703.9,141.8,29.6,31.1,0.069,50,30,48.18,85.23
13.03,0,0,0.025,22.11,47.34,701.3,504.7,29.6,33.5,0.052,100,100,100,90.91
13,0,0,0.005,22.07,47.41,701.4,134,31.9,35.9,0.033,50,30,48.18,85.65
12.96,0,0,0.02,22.18,47.59,698.9,151.8,29.8,39.6,0.091,50,30,48.18,86.19
12.93,0,0,0.028,22.18,47.59,695.9,157.6,30.9,40.9,0.089,50,30,48.18,86.51
12.9,0,0,0.037,21.93,47.48,691.7,143.7,30.9,41.2,-0.035,50,30,48.18,86.48
12.86,0,0,0.037,21.74,46.82,688.4,152.5,30,43.7,-0.127,50,30,48.18,86.06
12.83,0,0,0.044,21.79,46.76,684.9,501.3,29.7,43.2,-0.103,100,100,100,91.33
12.79,0,0,0.013,21.76,46.25,681.7,156.5,29.2,46.4,-0.118,50,30,48.18,86.3
12.76,0,0,0.011,21.73,46,676.4,154.8,30.6,47.7,-0.133,50,30,48.18,86.17
12.73,0,0,0,21.69,46.38,670.8,163.3,31.3,48.3,-0.154,50,30,48.18,86.47
12.69,0,0,0,21.72,46.78,666.7,148.1,28.3,49.7,-0.139,50,30,48.18,86.42
12.66,0,0,0.015,21.73,46.73,664.3,157.4,30.3,50.2,-0.134,50,30,48.18,86.77
12.63,0,0,0.029,21.89,46.31,665.9,144.2,30.2,51.3,-0.056,50,30,48.18,86.91
12.59,0,0,0.024,21.87,46.39,662,159.6,30.4,51.7,-0.067,50,30,48.18,87.36
12.56,0,0,0.035,21.85,46.28,660.3,159,30.1,52.5,-0.075,50,30,48.18,87.33
12.53,0,0,0.033,21.95,46.37,661.8,154.2,29.8,54.3,-0.024,50,30,48.18,87.78
12.49,0,0,0.052,21.88,46.9,660.9,144.4,28.8,55.6,-0.061,50,30,48.18,87.52
12.46,0,0,0.044,21.92,46.84,659.3,157.8,28.7,57.6,-0.038,50,30,48.18,88.28
12.43,0,0,0.033,21.97,46.7,654.4,147.1,30.7,58,-0.016,50,30,48.18,88.11
12.4,0,0,0.036,21.8,46.36,652,148.9,29.4,59,-0.1,50,30,48.18,87.51
12.36,0,0,0.036,21.62,46.24,647.9,140.6,28.9,59.8,-0.188,50,30,48.18,86.63
12.33,0,0,0.036,21.64,46.07,647.3,147.5,30.9,61.5,-0.179,50,30,48.18,87.02
12.3,0,0,0.042,21.6,45.86,644.9,506.3,29.1,61.2,-0.198,100,100,100,92.02
12.26,0,0,0.052,21.49,45.55,642.1,138.6,30.3,62.9,-0.252,50,30,48.18,86.15
12.23,0,0,0.041,21.58,45.18,639.5,156.6,28.7,63.2,-0.21,50,30,48.18,86.89
12.2,0,0,0.013,21.64,45.36,640.3,137.2,31.2,64.9,-0.18,50,30,48.18,86.78
12.17,0,0,0.022,21.72,45.41,639.5,144.7,28.5,65.8,-0.139,50,30,48.18,87.42
12.13,0,0,0,21.89,45.39,639.5,161.4,28.3,67.2,-0.054,50,30,48.18,88.69
12.1,0,0,0.005,21.96,44.68,641,163.2,30.1,66.4,-0.02,50,30,48.18,88.65
12.07,0,0,0.004,22.02,44.77,638.8,145.3,29.3,66,0.012,50,30,48.18,88.17
12.04,0,0,0.021,21.97,44.88,642.4,149.9,29.4,67.6,-0.015,50,30,48.18,88.49
12,0,0,0.005,21.95,45.43,642,158.2,30.8,69.7,-0.023,50,30,48.18,89.09
11.97,0,0,0.014,22.01,45.34,641.5,143.6,29.3,69.2,0.006,50,30,48.18,88.69
11.94,0,0,0.028,22.03,45.58,642.3,148.4,31,67.6,0.015,50,30,48.18,88.71
11.91,0,0,0.041,22.16,45.53,638.7,160.5,29.1,69.8,0.079,50,30,48.18,88.78
11.87,0,0,0.046,22.03,45.62,635,164.6,30.4,72.4,0.016,50,30,48.18,89.67
11.84,0,0,0.039,21.91,45.63,630.5,162,30.3,73.4,-0.044,50,30,48.18,89.49
11.81,0,0,0.027,21.87,45.82,626.9,145.1,31.4,73.1,-0.065,50,30,48.18,88.87
11.78,0,0,0.005,21.88,46.12,626.9,159.8,30.4,73.2,-0.06,50,30,48.18,89.47
11.75,0,0,0,22.09,45.83,624.6,170.8,29.7,74,0.045,50,30,48.18,89.88
11.71,0,0,0.02,22.07,45.51,619.3,157.5,29.7,73.1,0.037,50,30,48.18,89.33
11.68,0,0,0.019,21.98,45.41,614.1,144.8,31.2,74.8,-0.011,50,30,48.18,89.28
11.65,0,0,0.012,22.14,45.08,614.3,164.4,30.6,77,0.067,50,30,48.18,89.54
11.62,0,0,0.011,22.05,45.13,609.2,151.5,29.2,78.6,0.026,50,30,48.18,89.65
11.59,0,0,0.005,22.05,45.18,610.4,173.2,29.8,78.6,0.026,50,30,48.18,90.31
11.56,0,0,0,22.13,45.41,606.7,163.7,32.5,78.6,0.063,50,30,48.18,89.83
11.52,0,0,0,22.06,45.23,604.7,144.2,28.5,80.4,0.029,50,30,48.18,89.62
11.49,0,0,0,22.06,44.95,601.8,162.6,27.9,81.2,0.029,50,30,48.18,90.15
11.46,0,0,0,21.99,44.82,601.2,142.8,30.6,81.3,-0.003,50,30,48.18,89.71
11.43,0,0,0.016,21.92,44.46,600.9,154.5,30.9,84.2,-0.038,50,30,48.18,89.95
11.4,0,0,0.015,21.97,44.11,601.9,143.3,29.9,84.8,-0.013,50,30,48.18,89.73
11.37,0,0,0,21.94,44.12,597.8,151,31.1,84.2,-0.03,50,30,48.18,89.78
11.34,0,0,0.001,21.84,43.98,591.6,147.3,28,85.8,-0.079,50,30,48.18,89.4
11.31,0,0,0,21.85,44.01,591.5,166,28.5,86.4,-0.074,50,30,48.18,90.08
11.28,0,0,0.002,21.92,43.97,587.8,507.3,30.3,87.4,-0.04,100,100,100,95.1
11.24,0,0,0.025,21.98,44.17,587.7,146.3,32,87.8,-0.008,50,30,48.18,90.18
11.21,0,0,0.02,22,44.44,586,164.1,29.3,88.7,-0.002,50,30,48.18,90.95
11.18,0,0,0.034,21.66,44.58,584.2,139.4,30.6,89.6,-0.166,50,30,48.18,89.12
11.15,0,0,0.042,21.54,44.65,579.2,3.3,30.1,91.4,-0.225,0,0,0,80.69
11.12,0,0,0.049,21.61,44.53,575.1,164,30.6,91.8,-0.194,50,30,48.18,89.85
11.09,0,0,0.049,21.59,44.72,573.5,141.4,29.3,94.5,-0.203,50,30,48.18,89.45
11.06,0,0,0.061,21.6,44.81,572.3,151.7,30.7,94.8,-0.199,50,30,48.18,89.85
11.03,0,0,0.074,21.37,44.69,569.2,0,30,94.1,-0.313,0,0,0,80.07
11,0,0,0.056,21.49,44.87,567.7,155,31,94.2,-0.253,50,30,48.18,89.5
10.97,0,0,0.073,21.53,44.93,565,152.8,29.3,93.8,-0.232,50,30,48.18,89.59
10.94,0,0,0.05,21.51,44.99,564.3,148.4,29.6,95.9,-0.245,50,30,48.18,89.58
10.91,0,0,0.061,21.6,45.08,563.2,159.4,29,96.4,-0.2,50,30,48.18,90.34
10.88,0,0,0.039,21.67,45.24,563.5,171.2,31.5,96.8,-0.164,50,30,48.18,91.07
10.85,0,0,0.056,21.35,45.34,562.6,132.9,30.6,97.4,-0.321,50,30,48.18,88.83
10.82,0,0,0.057,21.46,45.21,560.9,146.7,29.7,98.8,-0.268,50,30,48.18,89.74
10.79,0,0,0.034,21.67,45.32,558.9,147.6,29.5,100,-0.162,50,30,48.18,90.72
10.76,0,0,0.048,21.74,45.35,557.8,138.2,30.1,98.5,-0.131,50,30,48.18,90.53
10.73,0,0,0.021,21.85,45.37,556.4,144,28.1,100,-0.073,50,30,48.18,91.3
10.7,0,0,0.009,21.84,45.47,553.3,125.8,30.7,100,-0.078,50,30,48.18,90.75
10.67,0,0,0.033,21.78,45.8,554.1,151,29.7,100,-0.11,50,30,48.18,91.39
10.64,0,0,0.034,21.55,45.39,552.6,159.9,31.1,99.1,-0.221,50,30,48.18,90.58
10.61,0,0,0.017,21.76,45.49,549.8,166.7,29.6,97.3,-0.119,50,30,48.18,91.41
10.58,0,0,0,21.76,45.31,549.6,144.6,30.7,97.6,-0.12,50,30,48.18,90.7
10.56,0,0,0.005,21.95,44.79,548.9,150.1,30.2,98.2,-0.026,50,30,48.18,91.43
10.53,0,0,0.012,21.88,45.31,547,157.2,30.7,99,-0.059,50,30,48.18,91.68
10.5,0,0,0.018,21.81,45.06,546.1,140.9,29.4,98.9,-0.096,50,30,48.18,90.8
10.47,0,0,0.021,21.83,44.98,544,149.8,31.9,98.5,-0.085,50,30,48.18,91.09
10.44,0,0,0.017,21.81,44.94,542.1,139.9,32.3,100,-0.094,50,30,48.18,90.85
10.41,0,0,0.018,21.86,45.08,536.7,151.7,31.5,98.8,-0.07,50,30,48.18,91.32
10.38,0,0,0.023,21.75,45.09,536.2,151,30.7,96.9,-0.122,50,30,48.18,90.72
10.35,0,0,0.015,21.94,44.92,535.4,151.9,29.1,96.1,-0.03,50,30,48.18,91.3
10.33,0,0,0.028,21.94,44.7,532.2,143.9,30.6,94.5,-0.027,50,30,48.18,90.84
10.3,0,0,0.047,21.64,44.84,532.1,135,29.9,95.5,-0.18,50,30,48.18,89.58
10.27,0,0,0.017,21.64,45.27,534.1,132.9,30.1,97.8,-0.176,50,30,48.18,89.94
10.24,0,0,0.038,21.71,45.13,533.4,137.4,28.6,98.6,-0.142,50,30,48.18,90.35
10.21,0,0,0.031,21.73,44.84,530.8,148.7,28.5,99.7,-0.131,50,30,48.18,90.77
10.19,0,0,0.003,21.89,44.77,533.3,499.3,27.7,100,-0.055,100,100,100,96.63
10.16,0,0,0,21.91,44.65,537.6,162.2,29.8,100,-0.043,50,30,48.18,91.8
10.13,0,0,0.008,21.91,44.73,534.5,152.9,28.9,99.8,-0.045,50,30,48.18,91.51
10.1,0,0,0.007,21.82,44.6,534.9,148.9,31.9,100,-0.091,50,30,48.18,91.02
10.07,0,0,0.019,21.82,44.75,534,160.5,28,100,-0.089,50,30,48.18,91.44
10.05,0,0,0.028,21.77,44.43,534.3,5.3,30.1,97.7,-0.112,0,0,0,82.23
10.02,0,0,0.018,21.96,45,535,149.8,29,97.8,-0.02,50,30,48.18,91.5
9.99,0,0,0.012,21.95,45.4,536.1,153.8,29.1,97.9,-0.026,50,30,48.18,91.75
9.97,0,0,0.03,21.86,45.4,537.2,139.8,29.2,98.8,-0.07,50,30,48.18,91.09
9.94,0,0,0.043,21.82,45.29,536.3,146.7,28.9,98.4,-0.087,50,30,48.18,91.09
9.91,0,0,0.032,21.79,45.61,534.4,148.5,31.9,99,-0.103,50,30,48.18,91.2
9.88,0,0,0.04,21.62,45.02,529.4,162.3,29.7,99.6,-0.19,50,30,48.18,90.79
9.86,0,0,0.046,21.7,44.73,527.9,130.9,29.7,100,-0.151,50,30,48.18,90.08
9.83,0,0,0.018,21.73,44.92,528.6,128.5,30.3,99.8,-0.134,50,30,48.18,90.18
9.8,0,0,0.02,21.85,44.83,526.3,141.2,30.5,100,-0.073,50,30,48.18,91.01
9.78,0,0,0,21.85,44.79,525.7,167.5,31.1,98.6,-0.076,50,30,48.18,91.62
9.75,0,0,0.005,21.93,44.65,525.3,152.1,30.4,100,-0.034,50,30,48.18,91.56
9.73,0,0,0,22.02,44.52,526.8,140.1,29.3,100,0.009,50,30,48.18,91.34
9.7,0,0,0,21.93,44.5,527,492.6,30.9,100,-0.032,100,100,100,96.77
9.67,0,0,0.019,22.07,44.37,524.9,128.5,29.1,100,0.033,50,30,48.18,90.75
9.65,0,0,0,21.89,44.35,521.8,494.6,29.5,100,-0.055,100,100,100,96.53
9.62,0,0,0.02,21.98,44.38,520.1,150.2,30.8,100,-0.012,50,30,48.18,91.57
9.6,0,0,0,22.15,44.08,521,154.2,30.8,100,0.076,50,30,48.18,91.09
9.57,0,0,0,22.07,44.31,518.7,492.8,30.6,100,0.032,100,100,100,96.69
9.54,0,0,0,21.95,44.52,517.3,154.4,29.4,100,-0.026,50,30,48.18,91.64
9.52,0,0,0.011,22.02,44.4,515.6,175.8,31.6,99.9,0.01,50,30,48.18,92.35
9.49,0,0,0.014,21.97,44.32,511.1,153.9,28.9,100,-0.012,50,30,48.18,91.65
9.47,0,0,0.028,22.04,44.25,511,145,31.6,100,0.019,50,30,48.18,91.31
9.44,0,0,0.012,22.13,44.29,510.5,149.6,28.5,99.6,0.062,50,30,48.18,91.1
9.42,0,0,0.004,21.94,44.24,508.6,165.1,31.8,100,-0.03,50,30,48.18,91.83
9.39,0,0,0.003,21.75,44.24,509.9,161.7,29.6,98.6,-0.126,50,30,48.18,90.87
9.37,0,0,0,21.93,43.57,509.7,172,30.6,98.3,-0.036,50,30,48.18,91.57
9.34,0,0,0,21.93,43.4,508.2,150.9,30.2,99.1,-0.037,50,30,48.18,90.94
9.32,0,0,0,21.99,44.21,507.8,143.5,31.4,99.2,-0.005,50,30,48.18,91.28
9.29,0,0,0.024,21.72,44.06,509,148.2,30.2,99.8,-0.139,50,30,48.18,90.42
9.27,0,0,0.033,21.61,43.56,504.4,155.7,31.2,100,-0.192,50,30,48.18,90.08
9.25,0,0,0.044,21.52,43.42,506,150.8,31.6,100,-0.238,50,30,48.18,89.53
9.22,0,0,0.014,21.65,43.77,508.5,140.7,30.1,99.5,-0.171,50,30,48.18,89.81
9.2,0,0,0.031,21.64,43.82,508.8,157,30.5,99.5,-0.177,50,30,48.18,90.27
9.17,0,0,0.043,21.65,43.75,511,147.9,29.3,100,-0.175,50,30,48.18,90.04
9.15,0,0,0.035,21.79,44.35,507,138.3,30.8,100,-0.101,50,30,48.18,90.53
9.13,0,0,0.04,21.68,44.31,507.4,154.2,31.9,99.3,-0.158,50,30,48.18,90.49
9.1,0,0,0.026,21.65,43.84,506.3,162.5,30.7,100,-0.173,50,30,48.18,90.53
9.08,0,0,0.034,21.58,44.17,506.3,148.3,30.2,100,-0.208,50,30,48.18,89.96
9.05,0,0,0.04,21.75,44.28,502.2,142.5,30.2,99.9,-0.123,50,30,48.18,90.46
9.03,0,0,0.057,21.7,44.19,499.9,137,31.1,97,-0.148,50,30,48.18,89.78
9.01,0,0,0.055,21.87,44.07,499,147,29.7,96.9,-0.066,50,30,48.18,90.65
8.99,0,0,0.031,22.08,44.12,496.7,158.9,29.7,98,0.039,50,30,48.18,91.33
8.96,0,0,0.02,22.18,43.74,494.9,160.2,30.7,98.5,0.088,50,30,48.18,90.91
8.94,0,0,0.028,22.15,43.01,495.4,148,30.1,97.9,0.074,50,30,48.18,90.31
8.92,0,0,0.044,22.17,43.21,494.6,154.8,29.6,99,0.083,50,30,48.18,90.64
8.89,0,0,0.038,22.01,43.34,494.7,164.5,29.6,98.9,0.006,50,30,48.18,91.54
8.87,0,0,0.011,22.19,43.4,493.3,163.4,32,98.8,0.096,50,30,48.18,90.84
8.85,0,0,0.034,22.12,43.53,492.3,173.2,32,100,0.061,50,30,48.18,91.57
8.83,0,0,0.047,22.06,43.33,491.9,161.1,29.7,100,0.029,50,30,48.18,91.37
8.8,0,0,0.045,21.95,43.22,487.8,158.4,31.5,99.7,-0.024,50,30,48.18,91.25
8.78,0,0,0.025,21.93,43.19,488.6,144.6,28.9,98.2,-0.033,50,30,48.18,90.61
8.76,0,0,0.031,21.74,42.86,487.7,147.8,29.8,99.9,-0.126,50,30,48.18,90.06
8.74,0,0,0.039,21.82,42.57,485.8,0,28.8,99.4,-0.088,0,0,0,81.5
8.72,0,0,0.034,21.76,42.4,483.8,132.7,29.3,98.8,-0.117,50,30,48.18,89.39
8.7,0,0,0.012,21.67,42.58,484,144.8,30,99.6,-0.164,50,30,48.18,89.56
8.67,0,0,0.008,21.61,42.35,483,148.3,29.7,100,-0.191,50,30,48.18,89.41
8.65,0,0,0.019,21.53,42.4,481.3,147.7,28.9,100,-0.233,50,30,48.18,89.09
8.63,0,0,0,21.8,42.6,480.2,155.1,30.8,99.6,-0.098,50,30,48.18,90.36
8.61,0,0,0.014,21.7,42.81,479.3,146.1,29.1,98.7,-0.15,50,30,48.18,89.69
8.59,0,0,0,21.92,42.96,478.2,157.3,29.1,98.1,-0.041,50,30,48.18,90.84
8.57,0,0,0,21.85,42.93,479.2,153.2,29.4,97.3,-0.074,50,30,48.18,90.39
8.55,0,0,0,21.66,43.32,474.5,0,28.6,96.8,-0.169,0,0,0,80.91
8.53,0,0,0,21.79,43.77,472.2,141.6,28.7,96.8,-0.102,50,30,48.18,90.08
8.51,0,0,0,22.04,43.78,471.4,153.5,30.5,96.5,0.017,50,30,48.18,91.05
8.49,0,0,0,21.99,44.19,471.3,164.2,30.1,96.4,-0.004,50,30,48.18,91.62
8.47,0,0,0,21.94,44.24,470.4,143.2,28.9,97,-0.03,50,30,48.18,90.87
8.45,0,0,0.011,21.87,43.76,475,145,30.1,97.3,-0.065,50,30,48.18,90.51
8.43,0,0,0.024,21.93,43.24,475.9,141,30.2,97.8,-0.035,50,30,48.18,90.48
8.41,0,0,0,21.95,43.68,472.4,152.8,30.4,98.2,-0.023,50,30,48.18,91.12
8.39,0,0,0,21.96,44.17,472.4,141.1,28.5,97.4,-0.021,50,30,48.18,90.89
8.37,0,0,0,22.05,43.79,471.1,148.4,30.2,97.3,0.025,50,30,48.18,90.92
8.35,0,0,0,21.86,43.85,468.8,146.5,29.5,98,-0.069,50,30,48.18,90.63
8.33,0,0,0,21.93,43.66,469.5,166.4,29.6,98.5,-0.037,50,30,48.18,91.45
8.31,0,0,0.018,21.74,43.63,464.8,150.2,29.8,98.9,-0.13,50,30,48.18,90.3
8.29,0,0,0.013,21.83,43.56,463.4,142.9,30,98.7,-0.082,50,30,48.18,90.39
8.27,0,0,0,21.76,43.28,463.6,157.5,30.7,98.9,-0.116,50,30,48.18,90.48
8.25,0,0,0.003,21.56,43.53,465.1,0,28.1,99.1,-0.216,0,0,0,80.86
8.23,0,0,0,21.73,43.08,466.9,139.8,29.7,99.8,-0.133,50,30,48.18,89.84
8.22,0,0,0.01,21.67,42.76,467.8,16.7,31.2,100,-0.164,0,0,0,82.31
8.2,0,0,0,21.77,42.73,470,141.8,30.6,100,-0.115,50,30,48.18,89.92
8.18,0,0,0,21.88,43.14,469.1,146.8,29.4,100,-0.06,50,30,48.18,90.64
8.16,0,0,0.017,21.93,43.13,469.3,140.9,31.6,99.6,-0.035,50,30,48.18,90.61
8.14,0,0,0.031,21.92,43.41,469.9,143.7,30.2,99.4,-0.038,50,30,48.18,90.75
8.12,0,0,0.051,21.83,43.35,470.4,150.7,29.7,100,-0.084,50,30,48.18,90.65
8.11,0,0,0.049,21.74,43.3,468.4,146.5,30.3,98.5,-0.128,50,30,48.18,90.04
8.09,0,0,0.065,21.57,43.46,468.2,144,30.2,98.9,-0.214,50,30,48.18,89.41
8.07,0,0,0.061,21.35,43.44,468.1,159.4,31.3,99.4,-0.323,50,30,48.18,89.1
8.05,0,0,0.068,21.33,43.29,468.5,504,28.6,100,-0.332,100,100,100,93.95
8.04,0,0,0.035,21.44,43.31,468.2,149.9,29.5,100,-0.274,50,30,48.18,89.19
8.02,0,0,0.03,21.51,43.5,468.9,156.9,28.1,100,-0.242,50,30,48.18,89.72
8,0,0,0.033,21.47,43.39,469.9,155.9,27.8,100,-0.26,50,30,48.18,89.51
7.99,0,0,0.031,21.49,43.73,466.3,150.1,29.6,100,-0.251,50,30,48.18,89.53
7.97,0,0,0.031,21.61,43.52,465.8,140.3,29.2,100,-0.191,50,30,48.18,89.61
7.95,0,0,0.01,21.57,43.67,464.2,165.9,31.3,100,-0.21,50,30,48.18,90.28
7.94,0,0,0.033,21.48,43.62,467,132.3,31,98.8,-0.257,50,30,48.18,88.79
7.92,0,0,0.028,21.6,43.83,467.4,143.6,30.5,99.7,-0.198,50,30,48.18,89.74
7.9,0,0,0.047,21.68,43.43,465.7,157.1,30.2,99.6,-0.16,50,30,48.18,90.27
7.89,0,0,0.042,21.79,43.51,462.3,138.7,30,100,-0.103,50,30,48.18,90.21
7.87,0,0,0.05,21.74,43.83,459.5,156.4,29.9,100,-0.127,50,30,48.18,90.68
7.86,0,0,0.027,21.91,44.21,456.9,503.3,28.5,100,-0.047,100,100,100,96.44
7.84,0,0,0.031,21.87,44.26,458.3,513.7,28.8,100,-0.067,100,100,100,96.21
7.83,0,0,0.05,21.85,44.17,457.8,154,28.9,99.4,-0.075,50,30,48.18,91.07
7.81,0,0,0.022,21.84,43.95,461.4,147.9,30.5,98.4,-0.078,50,30,48.18,90.68
7.79,0,0,0.014,21.93,44.23,459.2,178.8,29,98.3,-0.034,50,30,48.18,92.03
7.78,0,0,0.013,21.74,44.51,457.3,133,28.7,98.9,-0.129,50,30,48.18,90.12
7.76,0,0,0.017,21.81,44.47,453.8,157.4,31,98.9,-0.095,50,30,48.18,91.08
7.75,0,0,0.031,21.85,44.74,453.4,143.6,29.9,98,-0.075,50,30,48.18,90.83
7.73,0,0,0.047,21.73,44.62,454.8,156,32.1,96.6,-0.135,50,30,48.18,90.57
7.72,0,0,0.026,21.74,45.04,455.1,150,30.7,97.9,-0.13,50,30,48.18,90.71
7.71,0,0,0.046,21.73,44.85,452.9,148.9,31.1,99.8,-0.134,50,30,48.18,90.77
7.69,0,0,0.021,21.58,44.19,449.8,146,27.8,99.3,-0.21,50,30,48.18,89.81
7.68,0,0,0.011,21.82,43.96,448.5,150.4,32.1,100,-0.089,50,30,48.18,90.84
7.66,0,0,0,21.86,43.81,451.8,144.9,29.2,99.7,-0.071,50,30,48.18,90.72
7.65,0,0,0,21.87,43.82,449.5,133.3,30.2,99.9,-0.062,50,30,48.18,90.46
7.64,0,0,0,21.84,43.61,446.6,155,29.3,99.2,-0.077,50,30,48.18,90.85
7.62,0,0,0.01,21.82,43.82,449.1,141.7,29.7,97.7,-0.091,50,30,48.18,90.28
7.61,0,0,0,21.69,43.84,451,154.1,28.4,98.2,-0.153,50,30,48.18,90.25
7.6,0,0,0.014,21.81,44.06,450.8,163.6,31.7,99.3,-0.095,50,30,48.18,91.16
7.58,0,0,0,21.74,44.23,453.1,157,30.4,100,-0.126,50,30,48.18,90.86
7.57,0,0,0.002,21.78,44.29,451,151.2,28,100,-0.109,50,30,48.18,90.83
7.56,0,0,0.012,21.9,44.45,452.2,177.3,29.5,99.9,-0.05,50,30,48.18,92.11
7.54,0,0,0.033,21.8,44.53,449.7,145,30.1,100,-0.097,50,30,48.18,90.83
7.53,0,0,0.05,21.53,44.49,448.3,149.7,31.9,99.8,-0.232,50,30,48.18,89.92
7.52,0,0,0.032,21.65,44.44,447,151,29,100,-0.175,50,30,48.18,90.39
7.51,0,0,0.036,21.67,44.7,442,128.1,30.8,100,-0.165,50,30,48.18,89.88
7.49,0,0,0.014,21.41,44.72,441.8,149.6,30.1,100,-0.292,50,30,48.18,89.58
7.48,0,0,0.006,21.71,44.3,442.5,165.5,32.8,98.5,-0.144,50,30,48.18,90.86
7.47,0,0,0.029,21.67,43.96,441.7,166.7,29.2,100,-0.165,50,30,48.18,90.76
7.46,0,0,0.048,21.53,44.75,443.3,159.2,31.1,100,-0.232,50,30,48.18,90.33
7.45,0,0,0.047,21.45,45.06,438.5,161.2,28.4,98.8,-0.274,50,30,48.18,90.07
7.44,0,0,0.056,21.42,44.36,438.5,153.7,30.5,98,-0.287,50,30,48.18,89.4
7.42,0,0,0.031,21.48,44.09,440.6,160,29.8,95.5,-0.255,50,30,48.18,89.49
7.41,0,0,0.035,21.88,44.17,442.1,483.9,31.4,97.1,-0.058,100,100,100,96.24
7.4,0,0,0.043,21.78,43.83,441.4,148.3,29.8,98.1,-0.107,50,30,48.18,90.4
7.39,0,0,0.059,21.65,43.66,439.9,145.7,30.5,98.9,-0.174,50,30,48.18,89.84
7.38,0,0,0.063,21.55,43.55,434.7,156.7,30.3,99,-0.221,50,30,48.18,89.78
7.37,0,0,0.06,21.48,43.9,434.4,145.2,27.3,99.5,-0.256,50,30,48.18,89.36
7.36,0,0,0.067,21.74,43.85,433.1,154.7,30.3,99.7,-0.128,50,30,48.18,90.61
7.35,0,0,0.079,21.82,43.22,432.3,141.2,30,100,-0.09,50,30,48.18,90.27
7.34,0,0,0.073,21.83,43.03,434.1,146.7,29.4,99.6,-0.082,50,30,48.18,90.4
7.33,0,0,0.059,21.65,43.18,431.9,145.1,29.6,99.3,-0.172,50,30,48.18,89.69
7.32,0,0,0.045,21.71,42.84,432.4,156.5,30.1,98.7,-0.141,50,30,48.18,90.08
7.31,0,0,0.046,21.65,43.23,433,137.6,28.9,98.3,-0.171,50,30,48.18,89.39
7.3,0,0,0.015,21.56,42.96,435.9,158.5,30.4,99.5,-0.219,50,30,48.18,89.68
7.29,0,0,0.023,21.64,42.96,434.5,146.9,28.1,99.5,-0.18,50,30,48.18,89.62
7.28,0,0,0.039,21.65,42.44,435,141.9,31,100,-0.173,50,30,48.18,89.39
7.27,0,0,0.035,21.71,42.67,434.2,155.5,30.6,99,-0.141,50,30,48.18,90.02
7.26,0,0,0.031,21.73,43.18,433.7,143.8,31,100,-0.135,50,30,48.18,90.01
7.25,0,0,0.027,21.87,43.01,435.4,500.3,29.7,99.4,-0.066,100,100,100,95.81
7.25,0,0,0.003,21.76,43.42,436,142.8,30.9,98.6,-0.121,50,30,48.18,90.03
7.24,0,0,0,21.9,43.72,434.2,155,28.3,98.8,-0.048,50,30,48.18,91.07
7.23,0,0,0,21.97,43.64,432.4,149.5,29.1,98.7,-0.013,50,30,48.18,91.13
7.22,0,0,0.01,22.14,43.76,429.2,156.7,29.8,98.2,0.069,50,30,48.18,90.93
7.21,0,0,0,22.08,43.99,430.6,158.9,30.3,98.9,0.042,50,30,48.18,91.35
7.21,0,0,0.019,22.06,44.11,428.3,144.5,29.2,97.3,0.031,50,30,48.18,90.88
7.2,0,0,0.04,21.84,43.7,427,143.2,29.9,98.6,-0.077,50,30,48.18,90.48
7.19,0,0,0.055,21.83,43.73,426.1,148.3,30.9,97.9,-0.082,50,30,48.18,90.53
7.18,0,0,0.041,21.91,43.83,430.1,481.7,30.2,98.1,-0.044,100,100,100,96.34
7.17,0,0,0.011,21.86,43.6,428.7,147.2,30.9,97.5,-0.068,50,30,48.18,90.52
7.17,0,0,0,22.05,43.07,427.8,146.2,28.7,97.9,0.024,50,30,48.18,90.66
7.16,0,0,0.002,22.16,43.29,428.8,494.1,32.6,100,0.078,100,100,100,95.96
7.15,0,0,0,22.28,43.45,430.3,154.8,29.8,100,0.14,50,30,48.18,90.4
7.15,0,0,0,22.13,43.42,431.4,0,28.8,98.5,0.063,0,0,0,81.91
7.14,0,0,0.016,22.16,43.82,433.2,167.1,31.6,97.9,0.077,50,30,48.18,91.17
7.13,0,0,0.033,22.08,44.15,430,154.3,30.8,97.4,0.037,50,30,48.18,91.16
7.13,0,0,0.009,22.16,44.28,427.8,162.4,30.4,100,0.081,50,30,48.18,91.38
7.12,0,0,0,22.21,44.2,426.3,149.1,29.1,98.8,0.103,50,30,48.18,90.66
7.12,0,0,0,22.06,44.06,426.7,154.8,30.7,98.2,0.032,50,30,48.18,91.26
7.11,0,0,0.002,22.11,43.87,425.5,140.2,30.2,97.9,0.054,50,30,48.18,90.55
7.1,0,0,0.005,22.27,44.05,428.2,138.1,29.5,97.3,0.131,50,30,48.18,89.92
7.1,0,0,0.005,22.29,44.58,431.2,142.9,31,97.2,0.146,50,30,48.18,90.14
7.09,0,0,0,22.37,44.93,427.6,137.3,29.2,99.2,0.185,50,30,48.18,90.01
7.09,0,0,0.01,22.08,45.09,426.2,139.2,29.4,100,0.04,50,30,48.18,91.3
7.08,0,0,0.009,22.21,44.89,426.7,137.9,29.6,99.9,0.104,50,30,48.18,90.69
7.08,0,0,0.002,22.14,44.76,425.2,146.9,31.1,99.9,0.071,50,30,48.18,91.17
7.07,0,0,0,22.03,44.61,425.3,148.7,30.5,99.5,0.017,50,30,48.18,91.53
7.07,0,0,0,21.85,44.74,426,141.9,29.3,100,-0.074,50,30,48.18,90.99
7.06,0,0,0.02,21.93,44.77,427.4,147.7,29.8,99.7,-0.035,50,30,48.18,91.43
7.06,0,0,0.005,21.91,45.15,429.3,154.8,28.2,100,-0.045,50,30,48.18,91.75
7.06,0,0,0,21.9,45.01,432.6,133.5,28.6,100,-0.051,50,30,48.18,91.01
7.05,0,0,0.014,21.91,44.89,438,158.8,30.9,100,-0.043,50,30,48.18,91.79
7.05,0,0,0.021,22.08,44.71,439,162.2,32.5,100,0.04,50,30,48.18,91.84
7.04,0,0,0.013,22.02,44.39,437.9,166.3,30.2,100,0.01,50,30,48.18,92.07
7.04,0,0,0,22.12,44.57,435.1,137.1,29.2,100,0.06,50,30,48.18,90.89
7.04,0,0,0.02,22.02,44.79,434.5,167.3,29.3,100,0.012,50,30,48.18,92.24
7.03,0,0,0.005,22.01,44.49,435.8,161.3,29.7,100,0.002,50,30,48.18,92.01
7.03,0,0,0.014,21.95,44.91,434.7,137.8,29.3,100,-0.025,50,30,48.18,91.3
7.03,0,0,0.033,21.85,44.92,432.7,130.7,30.6,99.4,-0.076,50,30,48.18,90.64
7.02,0,0,0.014,21.85,45.12,432.8,151.7,30.7,99.2,-0.075,50,30,48.18,91.33
7.02,0,0,0.027,21.85,45,430.6,129.7,30.9,98.7,-0.075,50,30,48.18,90.58
7.02,0,0,0.039,21.77,45.07,432.6,143.6,28.8,98,-0.113,50,30,48.18,90.67
7.02,0,0,0.056,21.58,45.34,430.2,161,30.1,97.5,-0.209,50,30,48.18,90.52
7.01,0,0,0.034,21.67,45.1,428.1,143.9,29.7,96.5,-0.162,50,30,48.18,90.18
7.01,0,0,0.031,21.8,45.04,429.3,162.4,29.4,97.5,-0.099,50,30,48.18,91.28
7.01,0,0,0.048,21.79,45.39,431.9,155.4,30,100,-0.102,50,30,48.18,91.43
7.01,0,0,0.033,21.92,45.29,430.9,129.6,29.7,100,-0.041,50,30,48.18,91.08
7.01,0,0,0.011,22.05,45.12,430.5,139.1,30.5,100,0.024,50,30,48.18,91.42
7.01,0,0,0.006,21.99,45.14,431.2,141,28.4,100,-0.004,50,30,48.18,91.64
7,0,0,0.006,22.16,45.05,432.3,148.5,30.4,100,0.078,50,30,48.18,91.27
7,0,0,0.011,22.07,45.33,434.1,161.1,29.9,100,0.033,50,30,48.18,92.1
7,0,0,0.001,22.17,45.74,436.5,154.6,29.6,98.8,0.082,50,30,48.18,91.56
7,0,0,0.017,22.12,45.7,436.1,159.2,30,99.1,0.058,50,30,48.18,91.89
7,0,0,0.016,21.89,45.81,435.4,150.5,31.5,97.6,-0.053,50,30,48.18,91.57
7,0,0,0.015,21.9,45.79,435.1,127.7,28.3,96.5,-0.047,50,30,48.18,90.8
7,0,0,0.035,21.93,45.21,435.5,144,31.4,96.6,-0.033,50,30,48.18,91.19
7,0,0,0.027,22.02,45.35,437.6,137.1,31.2,97.9,0.008,50,30,48.18,91.36
7,0,0,0.01,22.02,45.71,438,158.2,31.4,97.6,0.009,50,30,48.18,92.08
7,0,0,0,21.97,45.58,439.5,164.3,29.6,97,-0.014,50,30,48.18,92.13
7,0,0,0,21.78,45.75,440,146,27.8,96,-0.107,50,30,48.18,90.84
7,0,0,0,21.75,45.63,440.9,151.6,29.4,95.5,-0.126,50,30,48.18,90.78
7,0,0,0.022,21.75,45.34,439,161.9,32.3,97.2,-0.123,50,30,48.18,91.17
7,0,0,0.01,21.87,45.81,440.1,133.6,30.5,97.6,-0.064,50,30,48.18,90.97
7,0,0,0.01,21.76,46.01,435.9,147.6,31,99.2,-0.119,50,30,48.18,91.22
7,0,0,0.02,21.92,46.14,440.1,138.2,28.1,98.3,-0.04,50,30,48.18,91.49
7,0,0,0,22.12,46.3,436.4,138.8,30.6,98.9,0.058,50,30,48.18,91.48
7.01,0,0,0.005,22.03,46.01,434.1,491.6,29.9,100,0.014,100,100,100,97.48
7.01,0,0,0,22.11,45.62,433,152.9,31.7,98.8,0.056,50,30,48.18,91.67
7.01,0,0,0,22.13,45.8,434.7,146.9,31.5,100,0.064,50,30,48.18,91.61
7.01,0,0,0,22.28,45.66,438.1,152.2,28.9,98.9,0.138,50,30,48.18,91.05
7.01,0,0,0,22.24,45.58,438.6,0,30.6,97.1,0.118,0,0,0,82.17
7.01,0,0,0,22.37,45.44,436.5,155.1,29,96.8,0.185,50,30,48.18,90.5
7.02,0,0,0,22.22,45.15,435.1,133.6,29.7,97.4,0.109,50,30,48.18,90.38
7.02,0,0,0.024,22.28,44.98,436.8,158.7,29,96.8,0.138,50,30,48.18,90.79
7.02,0,0,0.045,22,44.56,437.1,155.9,31.2,96.7,-0.001,50,30,48.18,91.56
7.02,0,0,0.04,21.89,44.39,435.8,138.4,31.2,97.7,-0.055,50,30,48.18,90.67
7.03,0,0,0.024,21.92,44.34,435.7,151.8,30.7,97.3,-0.041,50,30,48.18,91.11
7.03,0,0,0.002,22.01,44.59,432.1,144.6,29.3,96.4,0.003,50,30,48.18,91.19
7.03,0,0,0,21.9,44.48,429.1,497.2,32.3,95.9,-0.047,100,100,100,96.19
7.04,0,0,0,22.03,44.72,428.9,163.9,30.1,96.2,0.015,50,30,48.18,91.7
7.04,0,0,0,22.01,44.55,431.8,153.8,30.3,96,0.003,50,30,48.18,91.4
7.04,0,0,0.016,21.8,44.95,429.5,145.6,29.9,99.1,-0.099,50,30,48.18,90.9
7.05,0,0,0,21.79,44.95,428.7,164.8,30.3,98.3,-0.105,50,30,48.18,91.35
7.05,0,0,0.024,21.75,44.77,431.1,142.7,30.1,97.4,-0.122,50,30,48.18,90.4
7.06,0,0,0.001,21.96,44.36,432.8,149.4,30.5,97.6,-0.02,50,30,48.18,91.24
7.06,0,0,0,22.1,44.08,431.5,161.7,29,98.5,0.047,50,30,48.18,91.38
7.06,0,0,0,22.15,44.27,428.7,154.3,30.2,98,0.076,50,30,48.18,90.97
7.07,0,0,0.016,21.78,44.35,430.1,160.7,30.7,97,-0.106,50,30,48.18,90.87
7.07,0,0,0.004,21.79,44.56,432.5,150.2,30.9,98.8,-0.106,50,30,48.18,90.81
7.08,0,0,0.002,21.8,44.87,431.7,133.3,30.7,99.7,-0.099,50,30,48.18,90.56
7.08,0,0,0.002,21.87,44.35,428.7,161.7,30.4,100,-0.066,50,30,48.18,91.49
7.09,0,0,0.024,21.94,44.8,429.9,147.5,31.6,99.9,-0.028,50,30,48.18,91.52
7.09,0,0,0.039,21.95,44.78,426.2,147.3,30.2,99.5,-0.023,50,30,48.18,91.5
7.1,0,0,0.009,21.78,45.29,427.9,153.1,30,100,-0.107,50,30,48.18,91.28
7.1,0,0,0.03,21.65,45.18,424.8,1.5,28.9,100,-0.175,0,0,0,82
7.11,0,0,0.026,21.74,44.8,426.5,141.6,30,99.8,-0.129,50,30,48.18,90.57
7.12,0,0,0.001,21.88,44.61,427.7,495.5,28.1,100,-0.06,100,100,100,96.57
7.12,0,0,0.008,21.85,44.66,425.5,146.8,30.2,100,-0.075,50,30,48.18,91.1
7.13,0,0,0,21.86,45.04,424.3,142.2,26.9,98.4,-0.069,50,30,48.18,90.98
7.13,0,0,0,21.93,45.4,421.3,154.9,28.3,97.9,-0.036,50,30,48.18,91.71
7.14,0,0,0,21.88,45.19,422.4,2.4,29.1,96.5,-0.062,0,0,0,82.55
7.15,0,0,0.016,21.76,45.25,420.1,152.1,29.7,94.3,-0.117,50,30,48.18,90.6
7.15,0,0,0,21.8,45.02,422.7,151,28.7,95.1,-0.101,50,30,48.18,90.68
7.16,0,0,0,21.91,45.39,427.9,160,30.8,95.2,-0.044,50,30,48.18,91.52
7.17,0,0,0,22.02,45.72,427.9,499.3,29.7,95.4,0.009,100,100,100,96.88
7.17,0,0,0,21.92,45.58,427.7,134.7,28.8,96.1,-0.04,50,30,48.18,90.96
7.18,0,0,0,21.72,45.11,429.4,143.4,29.1,95.4,-0.14,50,30,48.18,90.22
7.19,0,0,0,21.8,44.93,428.9,142.5,30.5,95.7,-0.101,50,30,48.18,90.44
7.2,0,0,0.004,21.78,45.27,428.9,141.9,29.4,96.3,-0.11,50,30,48.18,90.55
7.21,0,0,0,21.89,44.98,429.5,172,31.9,97.5,-0.055,50,30,48.18,91.88
7.21,0,0,0,22.04,44.55,426.8,155.9,31.6,97.6,0.018,50,30,48.18,91.51
7.22,0,0,0,21.93,44.62,426.6,158.9,28,98.1,-0.034,50,30,48.18,91.56
7.23,0,0,0,22.08,45.09,429.4,175.5,30.3,96.8,0.038,50,30,48.18,92.07
7.24,0,0,0,22,45.1,427,147,32.1,97.2,0.001,50,30,48.18,91.54
7.25,0,0,0.004,22.05,44.61,426.2,145.3,31.1,99.1,0.026,50,30,48.18,91.31
7.25,0,0,0.004,22,44.97,428.1,151.9,28.6,98.3,0,50,30,48.18,91.76
7.26,0,0,0.001,22.1,45.22,425.3,157.8,28.5,99.4,0.05,50,30,48.18,91.76
7.27,0,0,0,22.04,44.94,423.1,507.5,30.8,100,0.018,100,100,100,96.9
7.28,0,0,0.007,21.97,45.1,420.8,134.4,28.1,100,-0.013,50,30,48.18,91.36
7.29,0,0,0.016,22.11,45.08,419.9,151.3,30.4,100,0.054,50,30,48.18,91.55
7.3,0,0,0.017,22.26,45.23,422.8,0,29.9,98.6,0.127,0,0,0,82.12
7.31,0,0,0.014,22.17,45.35,423.2,155.1,31,100,0.086,50,30,48.18,91.52
7.32,0,0,0,22.39,45.24,420.5,145.7,29.5,100,0.192,50,30,48.18,90.41
7.33,0,0,0.016,22.11,45.1,422.5,150.7,30.4,100,0.056,50,30,48.18,91.52
7.34,0,0,0,22.09,45.37,422.9,161.4,29.9,100,0.044,50,30,48.18,92.03
7.35,0,0,0.001,22.23,45.39,422.4,149.6,31.3,99,0.113,50,30,48.18,91.07
7.36,0,0,0.023,22.13,45.28,425.7,163.3,29.7,98.4,0.064,50,30,48.18,91.75
7.37,0,0,0.006,21.95,44.97,422.7,168.9,30.1,100,-0.022,50,30,48.18,92.27
7.38,0,0,0,21.93,45.08,422,8.6,29.6,100,-0.035,0,0,0,83.53
7.39,0,0,0.024,21.74,44.76,424.2,142.3,31.6,100,-0.131,50,30,48.18,90.58
7.4,0,0,0,21.8,44.83,425.3,138.1,29.7,100,-0.1,50,30,48.18,90.71
7.41,0,0,0.022,21.92,45.01,426,169.6,30,100,-0.039,50,30,48.18,92.18
7.42,0,0,0,22.06,45.3,423.8,162.9,29.9,98.9,0.03,50,30,48.18,92.05
7.44,0,0,0.018,22.09,44.98,421.2,143,28.7,100,0.044,50,30,48.18,91.33
7.45,0,0,0.022,21.95,44.86,423.4,135.3,27.9,100,-0.023,50,30,48.18,91.21
7.46,0,0,0.007,21.88,45.66,424.3,150.1,29.2,100,-0.06,50,30,48.18,91.69
7.47,0,0,0,21.87,45.69,423.5,132.4,30,100,-0.063,50,30,48.18,91.14
7.48,0,0,0,21.81,45.76,425,147.9,30.7,100,-0.094,50,30,48.18,91.4
7.49,0,0,0,21.94,45.46,423.4,167.2,28.7,97.3,-0.03,50,30,48.18,92.08
7.51,0,0,0,21.89,45.71,424.9,491.4,30.8,98.7,-0.056,100,100,100,96.92
7.52,0,0,0.005,21.78,45.57,424.3,156.3,31,98.5,-0.111,50,30,48.18,91.3
7.53,0,0,0.001,21.8,45.37,423,164.9,30.7,97,-0.098,50,30,48.18,91.43
7.54,0,0,0.023,21.7,45.19,425.4,155.9,33.6,97.4,-0.147,50,30,48.18,90.77
7.56,0,0,0.028,21.74,45.06,425.6,158.6,30.1,98.2,-0.129,50,30,48.18,91.02
7.57,0,0,0.036,21.72,44.55,424.8,147.6,30.1,99.5,-0.137,50,30,48.18,90.57
7.58,0,0,0.01,21.65,44.17,423.3,163.8,29.6,99.5,-0.175,50,30,48.18,90.63
7.6,0,0,0,21.64,44.58,424.9,137.5,31.1,99.1,-0.18,50,30,48.18,89.91
7.61,0,0,0,21.77,44.37,419,150.4,29.1,99.1,-0.113,50,30,48.18,90.73
7.62,0,0,0,21.75,44.81,419.7,146.7,29.9,98.3,-0.125,50,30,48.18,90.6
7.64,0,0,0.018,21.67,44.45,420.9,159.1,31.2,98.4,-0.162,50,30,48.18,90.58
7.65,0,0,0.015,21.69,45.06,421.7,152.2,30.7,97.7,-0.152,50,30,48.18,90.6
7.66,0,0,0.035,21.58,44.62,420.6,148.8,29.6,96.3,-0.208,50,30,48.18,89.78
7.68,0,0,0.015,21.59,44.4,419.9,128.3,31,95.9,-0.204,50,30,48.18,89.06
7.69,0,0,0.038,21.59,44.09,414.7,143.3,28.6,95.1,-0.205,50,30,48.18,89.32
7.71,0,0,0.053,21.6,44.29,415.3,143.5,29,96.1,-0.2,50,30,48.18,89.53
7.72,0,0,0.064,21.68,44.48,412.8,145,30.5,96.9,-0.16,50,30,48.18,90.03
7.73,0,0,0.035,21.83,44.61,413.4,150.9,30.4,98.6,-0.082,50,30,48.18,91.01
7.75,0,0,0.034,21.63,44.28,415.1,173.5,30.1,98.5,-0.181,50,30,48.18,90.8
7.76,0,0,0.052,21.53,44.11,414.7,137.3,31.4,97.4,-0.234,50,30,48.18,89.15
7.78,0,0,0.033,21.56,44.68,417.4,145.9,30.3,98.2,-0.22,50,30,48.18,89.81
7.79,0,0,0.027,21.46,44.19,418.3,137.1,30.4,99.7,-0.268,50,30,48.18,89.16
7.81,0,0,0.01,21.63,43.98,417.6,156.7,31,98.8,-0.185,50,30,48.18,90.2
7.83,0,0,0,21.77,44.24,417.1,0,29.2,97.1,-0.112,0,0,0,81.71
7.84,0,0,0,21.9,44.12,417.7,496.1,31.4,97.9,-0.047,100,100,100,96.27
7.86,0,0,0.002,21.97,44.48,417.5,159.8,30.9,97.5,-0.013,50,30,48.18,91.63
7.87,0,0,0.025,21.84,44.44,420,0,29.5,97.4,-0.077,0,0,0,82.08
7.89,0,0,0.046,21.83,44.75,419.7,152.2,29.8,98.4,-0.084,50,30,48.18,91.06
7.9,0,0,0.018,21.67,44.65,421.3,156.9,29.9,98.5,-0.164,50,30,48.18,90.59
7.92,0,0,0.032,21.76,44.07,422.5,153.7,32.2,98.9,-0.118,50,30,48.18,90.65
7.94,0,0,0.017,21.66,44.35,419.1,510,30.5,99.7,-0.169,100,100,100,95.48
7.95,0,0,0.039,21.58,43.89,417.3,141.8,32.4,100,-0.207,50,30,48.18,89.66
7.97,0,0,0.034,21.63,44.49,416.2,152.7,31,98.5,-0.184,50,30,48.18,90.24
7.99,0,0,0.04,21.59,45.11,416,149.8,31.4,98.9,-0.205,50,30,48.18,90.28
8,0,0,0.019,21.61,44.63,415.8,143.5,31.1,99.5,-0.193,50,30,48.18,90.06
8.02,0,0,0.023,21.78,44.1,414.4,157.1,29.3,100,-0.11,50,30,48.18,90.94
8.04,0,0,0.043,21.69,44.38,413.2,147.9,31.6,99.1,-0.154,50,30,48.18,90.34
8.05,0,0,0.036,21.72,44.37,414.3,138.8,32.3,99.6,-0.139,50,30,48.18,90.23
8.07,0,0,0.015,21.7,43.88,416.9,144.5,30.2,99.3,-0.146,50,30,48.18,90.13
8.09,0,0,0.016,21.77,43.36,415.4,152.8,29.9,98.9,-0.113,50,30,48.18,90.39
8.11,0,0,0.034,21.88,43.55,416.4,155.1,30.1,99,-0.059,50,30,48.18,90.95
8.12,0,0,0.036,22,43.48,418.2,144.2,30.8,99.2,-0.001,50,30,48.18,91.06
8.14,0,0,0.021,21.91,43.7,417.4,158.5,31.6,99.5,-0.046,50,30,48.18,91.26
8.16,0,0,0.001,21.98,43.73,420.4,144.7,29.1,99.8,-0.01,50,30,48.18,91.16
8.18,0,0,0.002,21.89,43.68,416.3,134.8,31.4,98.9,-0.055,50,30,48.18,90.41
8.2,0,0,0,21.95,43.81,415.6,159,29.5,100,-0.024,50,30,48.18,91.53
8.22,0,0,0.014,21.96,43.96,411.5,157.8,29.4,100,-0.02,50,30,48.18,91.57
8.23,0,0,0.035,21.84,43.29,412.9,158.8,27.9,100,-0.077,50,30,48.18,90.93
8.25,0,0,0.006,21.84,43.48,415.5,150.9,30.4,99.8,-0.08,50,30,48.18,90.72
8.27,0,0,0.003,21.88,43.71,414.8,161.7,31.1,100,-0.061,50,30,48.18,91.3
8.29,0,0,0,21.84,43.97,417.6,133.9,29.2,99.7,-0.077,50,30,48.18,90.41
8.31,0,0,0,21.91,44.4,418.5,151.8,30.1,99.3,-0.045,50,30,48.18,91.31
8.33,0,0,0.012,21.88,44.66,415,141.9,29.5,99.4,-0.06,50,30,48.18,91
8.35,0,0,0.033,21.68,44.45,412.8,174.2,30.8,99.2,-0.158,50,30,48.18,91.14
8.37,0,0,0.037,21.77,44.33,412.1,155.4,30.3,99.5,-0.113,50,30,48.18,90.91
8.39,0,0,0.021,21.58,44.06,411.6,142.2,29.7,99.3,-0.209,50,30,48.18,89.66
8.41,0,0,0.007,21.7,44.04,413,156.9,29.4,99.8,-0.147,50,30,48.18,90.61
8.43,0,0,0.031,21.44,44.31,412.2,140.4,28.5,99,-0.276,50,30,48.18,89.17
8.45,0,0,0.032,21.65,44.28,412.9,160.4,30.3,99.6,-0.171,50,30,48.18,90.6
8.47,0,0,0.038,21.55,44.12,414.9,155,30.7,100,-0.22,50,30,48.18,90.05
8.49,0,0,0.015,21.6,43.76,413.3,153.6,29.9,99.6,-0.197,50,30,48.18,90.01
8.51,0,0,0.021,21.67,44.11,414.3,143.8,29,99.3,-0.162,50,30,48.18,90.08
8.53,0,0,0.03,21.76,44.11,415.9,157.7,29.5,100,-0.118,50,30,48.18,90.89
8.55,0,0,0,21.69,44.62,416.8,147,30.8,100,-0.153,50,30,48.18,90.51
8.57,0,0,0,21.78,43.97,418.6,0,30.5,97.2,-0.11,0,0,0,81.63
8.59,0,0,0.002,21.83,43.88,417.7,149.8,30,97.6,-0.085,50,30,48.18,90.58
8.61,0,0,0,21.87,43.98,417.3,159.3,29,98.7,-0.062,50,30,48.18,91.19
8.63,0,0,0,21.98,44.07,414.5,491.8,30.8,99.3,-0.012,100,100,100,96.7
8.65,0,0,0.018,21.76,43.97,413.6,136.2,32.3,99.1,-0.121,50,30,48.18,90.09
8.67,0,0,0,21.78,43.33,414.5,495.1,29.2,100,-0.107,100,100,100,95.75
8.7,0,0,0.013,21.91,43.2,412.2,146.8,30.1,100,-0.045,50,30,48.18,90.78
8.72,0,0,0,21.85,43.34,415.1,143.1,29.1,100,-0.076,50,30,48.18,90.48
8.74,0,0,0,21.89,42.85,412.7,152.7,31.3,98.7,-0.056,50,30,48.18,90.6
8.76,0,0,0.006,21.78,43.08,414.5,136.6,30.5,98.9,-0.108,50,30,48.18,89.84
8.78,0,0,0.022,21.55,43.15,412.5,154.5,30.5,99.1,-0.224,50,30,48.18,89.55
8.8,0,0,0.007,21.7,43.4,409.2,155.9,27.5,99.4,-0.15,50,30,48.18,90.28
8.83,0,0,0.021,21.75,43.65,407.2,161.8,29.2,98.6,-0.123,50,30,48.18,90.67
8.85,0,0,0,22,43.1,405.6,157.2,29.1,99.2,-0.002,50,30,48.18,91.29
8.87,0,0,0.01,21.97,43.16,409.7,155.1,30.8,99.7,-0.016,50,30,48.18,91.19
8.89,0,0,0.032,21.95,43.14,413.5,122.4,30,100,-0.026,50,30,48.18,90.17
8.92,0,0,0.038,22.07,43.64,415.9,141.6,29.6,99.6,0.035,50,30,48.18,90.82
8.94,0,0,0.008,22.03,43.8,416,142,30.2,100,0.014,50,30,48.18,91.09
8.96,0,0,0.005,22.07,43.78,414.5,128.8,30.1,100,0.036,50,30,48.18,90.52
8.99,0,0,0.018,22.11,44.45,412.6,145.5,28.1,100,0.055,50,30,48.18,91.13
9.01,0,0,0,22.19,44,410.4,144,29.9,100,0.093,50,30,48.18,90.63
9.03,0,0,0,22.08,43.79,411.6,168.7,30.5,100,0.038,50,30,48.18,91.7
9.05,0,0,0.008,22.04,43.79,413.3,153.6,29.6,100,0.018,50,30,48.18,91.41
9.08,0,0,0,21.92,42.83,413.6,148,31.2,100,-0.037,50,30,48.18,90.73
9.1,0,0,0.022,21.82,42.55,414.2,147.4,30.2,100,-0.087,50,30,48.18,90.23
9.13,0,0,0.038,21.82,42.62,419.4,131.8,29.7,100,-0.091,50,30,48.18,89.77
9.15,0,0,0.043,21.7,42.43,420.5,159.5,31.5,99.9,-0.146,50,30,48.18,90.1
9.17,0,0,0.013,21.89,43.12,419.5,151.4,31.7,100,-0.056,50,30,48.18,90.8
9.2,0,0,0.005,21.76,43.11,419.1,150.1,29.6,100,-0.117,50,30,48.18,90.31
9.22,0,0,0.019,21.8,42.5,421,156.3,28,98.3,-0.097,50,30,48.18,90.24
9.25,0,0,0.005,21.85,42.68,420.7,148,29.6,98.2,-0.075,50,30,48.18,90.21
9.27,0,0,0.019,21.72,42.86,420.5,154.2,30.7,99,-0.139,50,30,48.18,90.06
9.29,0,0,0.03,21.7,42.67,422.4,138.8,28.2,99.4,-0.146,50,30,48.18,89.51
9.32,0,0,0.015,21.78,42.87,420.7,156.3,30.6,98.7,-0.108,50,30,48.18,90.34
9.34,0,0,0.023,21.69,43.19,422.1,142.4,29.8,97.8,-0.151,50,30,48.18,89.63
9.37,0,0,0.037,21.86,43.22,425.3,152.7,32.1,98.6,-0.071,50,30,48.18,90.63
9.39,0,0,0.01,21.66,43.21,427.8,143.6,30.3,98,-0.17,50,30,48.18,89.55
9.42,0,0,0.003,21.69,43.06,429.5,166,30.3,98.2,-0.155,50,30,48.18,90.29
9.44,0,0,0.01,21.6,43.84,430.9,0,29.4,100,-0.197,0,0,0,81.21
9.47,0,0,0,21.57,43.8,431.7,143.4,30.9,100,-0.213,50,30,48.18,89.64
9.49,0,0,0.013,21.6,43.66,427.3,156.7,29.8,99.5,-0.196,50,30,48.18,90.06
9.52,0,0,0.015,22.06,43.9,426.1,511,31.1,100,0.03,100,100,100,96.38
9.54,0,0,0.038,21.96,43.21,426.6,0.7,29.7,98.7,-0.018,0,0,0,82.24
9.57,0,0,0.024,21.9,43.02,427.8,494.9,29.8,100,-0.05,100,100,100,96.06
9.6,0,0,0.038,21.75,43.17,428.8,147.3,29.4,100,-0.122,50,30,48.18,90.2
9.62,0,0,0.019,21.83,43.04,427.2,156.9,30.5,99.7,-0.082,50,30,48.18,90.71
9.65,0,0,0.04,21.87,43.2,425.1,164.2,30.3,99.2,-0.065,50,30,48.18,91.07
9.67,0,0,0.012,22.08,43.62,427.6,139.7,29.1,99.9,0.039,50,30,48.18,90.76
9.7,0,0,0.013,22.1,43.74,431.3,148.6,30.2,99.1,0.047,50,30,48.18,90.92
9.73,0,0,0,22.21,43.84,429.8,134.1,28.8,99.5,0.104,50,30,48.18,90.14
9.75,0,0,0,22.18,43.88,433.1,163.7,30.9,98.3,0.089,50,30,48.18,91.04
9.78,0,0,0,22.11,43.78,435,149.8,29.7,97.7,0.056,50,30,48.18,90.77
9.8,0,0,0.015,22.08,44.01,434.6,146.1,29.8,97.5,0.038,50,30,48.18,90.86
9.83,0,0,0.035,22.02,44.02,437.3,148.8,30.3,98.8,0.011,50,30,48.18,91.28
9.86,0,0,0.017,21.88,43.99,436.7,143.4,30.1,100,-0.06,50,30,48.18,90.86
9.88,0,0,0,22.07,43.93,435.8,157.7,28.9,99,0.034,50,30,48.18,91.36
9.91,0,0,0.006,21.96,43.86,430.4,139.4,31,98.4,-0.018,50,30,48.18,90.85
9.94,0,0,0,22.07,43.7,428,142.6,31.3,98.4,0.034,50,30,48.18,90.75
9.97,0,0,0,22.23,43.86,425.3,151.1,28.6,100,0.112,50,30,48.18,90.65
9.99,0,0,0.014,22.2,43.16,425.9,153.5,30.3,100,0.101,50,30,48.18,90.54
10.02,0,0,0.029,22.16,43.17,428.3,139.7,28.4,99.2,0.078,50,30,48.18,90.22
10.05,0,0,0.027,22.04,43.48,426.4,136.7,28,99.2,0.018,50,30,48.18,90.7
10.07,0,0,0.032,22.02,43.71,427.3,154.1,30.2,99.5,0.01,50,30,48.18,91.4
10.1,0,0,0.043,22.05,43.81,425.4,159.4,31.6,99.6,0.026,50,30,48.18,91.48
10.13,0,0,0.026,21.98,43.78,424.1,139.4,30,99,-0.009,50,30,48.18,90.95
10.16,0,0,0.041,21.93,44.06,423.8,161.2,29.6,100,-0.035,50,30,48.18,91.61
10.19,0,0,0.024,22.05,44.02,424.3,153.1,31.5,99.3,0.024,50,30,48.18,91.36
10.21,0,0,0.018,21.96,44.51,423.9,161.1,30.3,99,-0.02,50,30,48.18,91.78
10.24,0,0,0.003,21.9,44.62,426.8,158.7,29,98.8,-0.05,50,30,48.18,91.51
10.27,0,0,0,22.03,44.84,423.9,154.6,28.1,98.6,0.014,50,30,48.18,91.72
10.3,0,0,0.015,21.96,44.84,423.5,168.3,31.9,96.6,-0.02,50,30,48.18,91.88
10.33,0,0,0.002,21.93,45.43,423.9,132.9,30.1,96.3,-0.035,50,30,48.18,90.91
10.35,0,0,0.014,21.82,45.52,425.6,145.6,30.7,94.1,-0.087,50,30,48.18,90.7
10.38,0,0,0.025,21.85,45.51,424.2,143.2,30.2,93.1,-0.074,50,30,48.18,90.62
10.41,0,0,0.002,22,45.89,423,148.1,28.9,93.7,0.002,50,30,48.18,91.51
10.44,0,0,0.023,22.04,46.18,425.5,167.1,28.2,94.9,0.018,50,30,48.18,92.19
10.47,0,0,0.042,22.03,46.31,423.7,0,29.6,95.5,0.015,0,0,0,83.05
10.5,0,0,0.054,21.78,46.08,422.3,506.5,30.6,95.3,-0.108,100,100,100,96.18
10.53,0,0,0.058,21.68,46.04,423.4,160.6,31.4,95.9,-0.161,50,30,48.18,90.97
10.56,0,0,0.038,21.59,46.03,426.5,153.6,31.2,96.7,-0.202,50,30,48.18,90.53
10.58,0,0,0.027,21.67,45.79,428.1,144.6,31.1,95.4,-0.162,50,30,48.18,90.34
10.61,0,0,0.034,21.81,45.68,426.6,144.6,28.1,96.3,-0.094,50,30,48.18,90.9
10.64,0,0,0.024,21.93,45.19,425.3,154.5,30.5,95.9,-0.036,50,30,48.18,91.41
10.67,0,0,0.023,21.96,45.84,425.2,165.3,29.2,97.1,-0.022,50,30,48.18,92.2
10.7,0,0,0.042,21.92,46.05,422.8,154.5,30.5,98.4,-0.04,50,30,48.18,91.95
10.73,0,0,0.045,21.87,46.39,420.1,129.1,31.7,97.7,-0.063,50,30,48.18,91.08
10.76,0,0,0.041,21.79,46.63,422.6,127.1,30.4,97.6,-0.104,50,30,48.18,90.79
10.79,0,0,0.011,21.73,46.54,421,140.8,33.5,97.5,-0.133,50,30,48.18,90.94
10.82,0,0,0.016,21.62,46.78,423.8,159.4,30.2,96.4,-0.189,50,30,48.18,91.06
10.85,0,0,0,21.77,46.71,423.5,166.5,29.3,96.9,-0.116,50,30,48.18,91.84
10.88,0,0,0,21.86,47.26,421,497,29.6,98.7,-0.072,100,100,100,97.34
10.91,0,0,0,21.82,46.94,420.1,156.5,30.4,99.3,-0.089,50,30,48.18,92.07
10.94,0,0,0,21.69,46.6,420.7,150.8,29.2,98.1,-0.153,50,30,48.18,91.17
10.97,0,0,0.021,21.58,46.69,419.7,155.3,29.7,99,-0.206,50,30,48.18,91.03
11,0,0,0.024,21.7,46.16,421.1,136.2,31.4,98.6,-0.149,50,30,48.18,90.65
11.03,0,0,0,21.92,46.67,421.1,160.9,31.4,98.7,-0.04,50,30,48.18,92.41
11.06,0,0,0,21.93,46.11,421.4,142.9,30.1,100,-0.036,50,30,48.18,91.82
11.09,0,0,0.006,21.93,45.93,423.9,152.4,29.7,99.5,-0.033,50,30,48.18,92
11.12,0,0,0.017,21.92,46.63,427.8,150.3,30.7,99.5,-0.04,50,30,48.18,92.15
11.15,0,0,0,22.07,46.53,426.9,516.6,29.4,99.9,0.034,100,100,100,97.28
11.18,0,0,0.006,22.18,46.39,427.2,144.8,31.9,100,0.087,50,30,48.18,91.59
11.21,0,0,0.03,22.22,45.87,426.5,157.8,30.8,99.4,0.111,50,30,48.18,91.55
11.24,0,0,0.041,22.08,45.54,426.9,143.1,29.7,100,0.037,50,30,48.18,91.6
11.28,0,0,0.042,21.99,45.31,426.3,150.5,29,100,-0.005,50,30,48.18,91.98
11.31,0,0,0.056,21.86,45.12,427.6,130.7,32,100,-0.069,50,30,48.18,90.83
11.34,0,0,0.034,21.88,45.02,426.1,145.8,29.9,100,-0.058,50,30,48.18,91.33
11.37,0,0,0.018,21.77,45.04,427.1,157,30.4,100,-0.113,50,30,48.18,91.26
11.4,0,0,0,22.01,45.46,425.6,141.8,30.2,100,0.004,50,30,48.18,91.78
11.43,0,0,0.024,21.95,45.45,427.9,0,30.5,99.1,-0.023,0,0,0,83.03
11.46,0,0,0.022,22.02,45.16,427.4,140.1,29.8,99.5,0.008,50,30,48.18,91.53
11.49,0,0,0.014,22.2,45.14,423.2,144.1,29.4,98.9,0.097,50,30,48.18,90.92
11.52,0,0,0.019,22.1,45.22,420.1,151.8,30.8,98.1,0.05,50,30,48.18,91.46
11.56,0,0,0.038,22.02,45.56,420.6,160,29.2,99.6,0.01,50,30,48.18,92.28
11.59,0,0,0.023,21.89,45.71,421.8,145,30.4,100,-0.054,50,30,48.18,91.6
11.62,0,0,0.044,22.01,46.16,419.9,145.3,29.2,100,0.004,50,30,48.18,92.15
11.65,0,0,0.025,21.87,46.48,418.6,161.6,29.7,100,-0.065,50,30,48.18,92.3
11.68,0,0,0.043,21.67,46.55,418.4,149.1,31.3,100,-0.166,50,30,48.18,91.19
11.71,0,0,0.035,21.65,46.77,416.3,138.6,29.6,100,-0.174,50,30,48.18,90.9
11.75,0,0,0.011,21.64,46.95,414.7,150.6,29.9,98.6,-0.177,50,30,48.18,91.16
11.78,0,0,0.031,21.78,46.98,416.6,155.6,28.8,99.6,-0.108,50,30,48.18,91.95
11.81,0,0,0.035,21.75,46.64,415.8,146.4,28.5,100,-0.122,50,30,48.18,91.48
11.84,0,0,0.018,21.74,46.75,413.6,167.7,30,100,-0.131,50,30,48.18,92.09
11.87,0,0,0.027,21.77,46.56,409.4,157.7,30,100,-0.113,50,30,48.18,91.85
11.91,0,0,0.043,21.71,46.38,406.3,159,28.6,99.2,-0.146,50,30,48.18,91.5
11.94,0,0,0.059,21.63,46.11,409.4,152.1,29.7,99.3,-0.183,50,30,48.18,90.92
11.97,0,0,0.037,21.8,46.01,412,154.7,29,100,-0.102,50,30,48.18,91.64
12,0,0,0.011,22.04,46.33,417.4,140.6,31.3,99.6,0.018,50,30,48.18,91.92
12.04,0,0,0.017,22.06,45.85,418.3,151.5,30.3,98.6,0.029,50,30,48.18,91.9
12.07,0,0,0.037,21.95,45.13,412.8,144,30.5,99.8,-0.025,50,30,48.18,91.55
12.1,0,0,0.036,21.87,45.12,416.8,154.2,29.1,100,-0.066,50,30,48.18,91.56
12.13,0,0,0.043,21.92,45.34,416.9,134.8,31.7,100,-0.041,50,30,48.18,91.25
12.17,0,0,0.028,21.87,45.6,416.7,149.2,30.8,99.5,-0.066,50,30,48.18,91.54
12.2,0,0,0.034,21.74,45.29,416.6,5.2,29.5,99.7,-0.128,0,0,0,82.64
12.23,0,0,0.03,21.75,45.57,417,177.2,30.1,100,-0.125,50,30,48.18,91.98
12.26,0,0,0.027,21.9,45.76,417.8,148.7,26.9,100,-0.049,50,30,48.18,91.76
12.3,0,0,0.027,21.96,46.12,417.8,147.1,31.5,100,-0.017,50,30,48.18,92.08
12.33,0,0,0.012,21.88,45.52,416.9,137.8,31.5,99.5,-0.058,50,30,48.18,91.23
12.36,0,0,0.001,21.8,45.59,416.7,136,29.8,100,-0.098,50,30,48.18,90.95
12.4,0,0,0.023,21.86,45.62,420.5,164.9,29.2,100,-0.069,50,30,48.18,92.04
12.43,0,0,0.003,21.93,45.8,419,164.7,31.6,99,-0.033,50,30,48.18,92.28
12.46,0,0,0.001,22.05,45.69,416.6,146,29.7,99.8,0.023,50,30,48.18,91.83
12.49,0,0,0,22.16,45.82,417.2,0,30.5,99.2,0.078,0,0,0,82.77
12.53,0,0,0,21.99,45.84,418.2,166.7,29.5,100,-0.004,50,30,48.18,92.67
12.56,0,0,0,22.14,45.83,422.1,139.8,29,100,0.069,50,30,48.18,91.37
12.59,0,0,0,22.03,46.12,421.8,147.1,31.3,100,0.015,50,30,48.18,92.1
12.63,0,0,0.007,22.01,46.26,421.5,129.7,30.3,100,0.003,50,30,48.18,91.73
12.66,0,0,0,22.03,46.75,422.2,151.1,30.5,100,0.013,50,30,48.18,92.48
12.69,0,0,0,22.06,46.9,421,143,27.9,100,0.028,50,30,48.18,92.18
12.73,0,0,0,21.86,46.66,418.3,166,30,98.4,-0.071,50,30,48.18,92.29
12.76,0,0,0.016,21.94,46.72,415.9,151.9,28.6,98.9,-0.028,50,30,48.18,92.26
12.79,0,0,0.034,22.1,46.89,414.4,144.4,30.7,100,0.051,50,30,48.18,92.05
12.83,0,0,0.015,22.14,46.24,414.8,146.1,29.6,99.8,0.071,50,30,48.18,91.68
12.86,0,0,0,22.15,46.37,417.8,143.7,31.3,98.8,0.072,50,30,48.18,91.55
12.9,0,0,0,22.17,46.3,417.3,139.9,30.2,98.8,0.082,50,30,48.18,91.33
12.93,0,0,0.013,21.88,46.45,421.9,144.5,29.7,99.5,-0.06,50,30,48.18,91.77
12.96,0,0,0.016,21.95,46.5,419.5,162.6,29.6,100,-0.022,50,30,48.18,92.65
13,0,0,0.019,21.99,46.55,420,127.4,31.4,100,-0.006,50,30,48.18,91.74
13.03,0,0,0.036,21.96,46.48,417.3,153.7,29.6,99.5,-0.019,50,30,48.18,92.37
13.06,0,0,0.014,22.07,46.44,417,146.8,29.6,99.7,0.034,50,30,48.18,92.04
13.1,0,0,0,21.98,46.25,417.1,154.9,30.6,99.3,-0.011,50,30,48.18,92.35
13.13,0,0,0.018,22.04,45.79,420.4,146.1,28.8,100,0.018,50,30,48.18,91.93
13.17,0,0,0,21.97,45.81,418.9,159.8,29.2,100,-0.015,50,30,48.18,92.37
13.2,0,0,0.013,22.04,45.47,422.1,147.1,30.4,100,0.018,50,30,48.18,91.83
13.23,0,0,0.038,21.97,45.87,421.8,152.8,30.2,99.8,-0.013,50,30,48.18,92.18
13.27,0,0,0.048,22.03,45.81,419.6,147,29.4,100,0.015,50,30,48.18,91.98
13.3,0,0,0.028,21.9,45.36,418.9,2.8,29.7,98.4,-0.048,0,0,0,82.95
13.34,0,0,0.025,21.79,45.26,415,155.4,28.5,97.6,-0.103,50,30,48.18,91.12
13.37,0,0,0.024,21.84,45.31,415.7,166.5,29.2,97.2,-0.081,50,30,48.18,91.6
13.41,0,0,0.008,21.73,45.05,411.8,146.1,29.8,98.7,-0.135,50,30,48.18,90.65
13.44,0,0,0,21.87,44.38,415.9,165.3,29.4,99.5,-0.066,50,30,48.18,91.57
13.47,0,0,0,21.82,44.49,416.3,169.5,30.8,99.9,-0.091,50,30,48.18,91.59
13.51,0,0,0,21.92,45.1,412.4,137.4,30.3,98.1,-0.041,50,30,48.18,91.05
13.54,0,0,0.01,21.92,45.45,411.9,138.3,30.2,98.8,-0.039,50,30,48.18,91.29
13.58,0,0,0.031,22.11,45.16,414.1,151.5,30.8,99.9,0.054,50,30,48.18,91.57
13.61,0,0,0.039,22.08,44.41,411.4,149.2,31.1,100,0.037,50,30,48.18,91.36
13.65,0,0,0.028,22.21,44.79,413.5,0,29.3,99.9,0.104,0,0,0,82.26
13.68,0,0,0.042,22.01,44.98,415.8,131.7,27.4,97.9,0.006,50,30,48.18,91.06
13.71,0,0,0.024,22.13,44.86,416.2,146.8,31,98.2,0.066,50,30,48.18,91.07
13.75,0,0,0.01,22.27,45.28,416.4,163.3,30.2,97,0.136,50,30,48.18,91.06
13.78,0,0,0.037,21.84,45,419.3,148.9,29.6,97.3,-0.079,50,30,48.18,90.98
13.82,0,0,0.04,21.87,45.09,419.1,134.9,29.1,96.3,-0.062,50,30,48.18,90.63
13.85,0,0,0.05,21.91,44.88,420.5,151.5,30.9,95.8,-0.045,50,30,48.18,91.12
13.89,0,0,0.044,21.95,44.53,422.9,147.5,31.5,95.5,-0.023,50,30,48.18,91.01
13.92,0,0,0.024,21.81,44.25,428.5,153,29.7,95.6,-0.092,50,30,48.18,90.56
13.96,0,0,0.026,21.73,44.78,427.9,153.7,30.8,94.3,-0.135,50,30,48.18,90.33
13.99,0,0,0.034,21.68,44.99,428.6,137.8,30.4,93.5,-0.161,50,30,48.18,89.66
14.03,0,0,0.015,21.73,44.74,425.2,122.1,30.9,94,-0.135,50,30,48.18,89.34
14.06,0,0,0.026,21.74,44.79,423.3,144.6,30.4,93.4,-0.129,50,30,48.18,90.01
14.09,0,0,0.036,21.69,45.21,421.9,147.7,31.7,94.4,-0.154,50,30,48.18,90.18
14.13,0,0,0.038,21.78,45.38,422.3,5,30.5,94.4,-0.108,0,0,0,82.26
14.16,0,0,0.026,21.76,45.25,421.9,150.2,30.3,94.1,-0.121,50,30,48.18,90.48
14.2,0,0,0.017,21.81,45.32,423,136,30.5,94.5,-0.094,50,30,48.18,90.33
14.23,0,0,0.03,21.69,45.16,423.2,155.1,32,92.5,-0.156,50,30,48.18,90.18
14.27,0,0,0.049,21.66,44.75,423.4,146.6,29.2,93.6,-0.169,50,30,48.18,89.78
14.3,0,0,0.067,21.69,44.63,422.5,172.8,28.8,93.6,-0.153,50,30,48.18,90.64
14.34,0,0,0.063,21.73,44.15,422,154.5,30.1,93.4,-0.133,50,30,48.18,90.04
14.37,0,0,0.057,21.77,44.34,420,156.1,29.6,92.2,-0.113,50,30,48.18,90.19
14.41,0,0,0.06,21.67,44.59,420.3,1.9,29.8,92.9,-0.162,0,0,0,81.19
14.44,0,0,0.079,21.83,44.25,423.5,157.6,31.5,90.1,-0.085,50,30,48.18,90.2
14.48,0,0,0.085,21.62,44.38,423.7,142.7,28.7,91.4,-0.188,50,30,48.18,89.16
14.51,0,0,0.069,21.76,45.07,425.4,157,28.6,91.9,-0.116,50,30,48.18,90.44
14.55,0,0,0.057,21.61,45.28,426,132.4,29.4,91.1,-0.194,50,30,48.18,89.12
14.58,0,0,0.058,21.7,45.12,426.6,170.5,31.1,90.9,-0.15,50,30,48.18,90.5
14.62,0,0,0.054,21.78,45.23,428.9,144.9,30.2,89.6,-0.111,50,30,48.18,89.94
14.65,0,0,0.043,21.91,45.32,426.7,141.1,28.9,90.9,-0.047,50,30,48.18,90.47
14.69,0,0,0.063,21.97,44.82,426.7,502.4,29.6,93.2,-0.013,100,100,100,96.26
14.72,0,0,0.041,22.03,44.74,428.2,156.5,28.6,92,0.017,50,30,48.18,91.06
14.76,0,0,0.056,21.96,44.8,427.1,160.7,31.4,90.8,-0.017,50,30,48.18,91.08
14.79,0,0,0.032,22,45.16,425.5,151.9,29.9,90.6,-0.001,50,30,48.18,91.06
14.83,0,0,0.016,21.86,45.59,426.2,12.4,31.3,89.5,-0.071,0,0,0,82.7
14.86,0,0,0.007,21.95,46.08,424.1,155.1,31.8,89.9,-0.024,50,30,48.18,91.26
14.9,0,0,0.032,21.98,45.85,425.1,142.7,30.2,90.3,-0.01,50,30,48.18,90.94
14.93,0,0,0.041,21.98,45.99,424.2,146.4,31.4,90.8,-0.009,50,30,48.18,91.16
14.97,0,0,0.066,22,46.12,423.7,147.3,29.7,91.9,-0.001,50,30,48.18,91.41
15,0,0,0.056,22.05,46.38,425.5,3,32.1,92.1,0.025,0,0,0,82.89
15.03,3.5,0,0.037,22.09,46.72,429.6,146.8,30.8,91,0.046,50,30,48.18,91.19
15.07,7,0,0.021,21.96,46.01,431.8,157.7,29.7,91.5,-0.019,50,30,48.18,91.5
15.1,10.5,0,0.016,21.99,46.27,433,0,30.9,89.7,-0.005,0,0,0,82.53
15.14,14,0,0.006,21.88,46.02,433.2,141.4,29.7,89.8,-0.062,50,30,48.18,90.52
15.17,17.5,0,0.003,22.04,46.22,434.5,150.7,30.9,89.3,0.021,50,30,48.18,91.14
15.21,20.9,0,0,21.94,46.08,432.7,124.6,30.5,90.1,-0.028,50,30,48.18,90.33
15.24,24.4,0,0.002,21.99,46.36,432.1,154.8,30.1,90.7,-0.007,50,30,48.18,91.56
15.28,27.9,0,0.022,22.12,45.98,430.7,144.7,28,89.1,0.061,50,30,48.18,90.55
15.31,31.4,0,0.019,21.75,45.36,430.9,144.2,31.6,88.6,-0.124,50,30,48.18,89.78
15.35,34.9,0,0.016,21.6,45.73,431.7,146.4,28.7,88.6,-0.198,50,30,48.18,89.43
15.38,38.4,0,0.001,21.59,46.25,433,160,30.3,90.2,-0.201,50,30,48.18,90.17
15.42,41.9,0,0.035,21.74,46.23,433.8,168.9,31.5,91.9,-0.129,50,30,48.18,91.14
15.45,45.4,0,0.059,21.72,46.2,432.3,168.1,30.4,91.9,-0.137,50,30,48.18,91.04
15.49,48.8,0,0.054,21.75,46.39,435.7,145,29.5,92.1,-0.124,50,30,48.18,90.54
15.52,52.3,0,0.06,21.58,46.3,439.1,152.1,29.7,94.2,-0.211,50,30,48.18,90.28
15.56,55.8,0,0.04,21.55,46.51,439.4,155.6,29.5,94.7,-0.222,50,30,48.18,90.43
15.59,59.3,0,0.021,21.8,45.99,436.9,155,30.6,92.3,-0.099,50,30,48.18,90.89
15.63,62.8,0,0.044,21.83,46.09,437.4,161.2,28.6,93.9,-0.085,50,30,48.18,91.38
15.66,66.2,0,0.071,21.91,45.52,433.9,185.5,31.7,95.4,-0.045,50,30,48.18,92.34
15.7,69.7,0,0.077,21.83,44.87,433.8,504.2,30.6,97.2,-0.083,100,100,100,96.13
15.73,73.2,0,0.091,21.92,44.76,432,148.6,30.6,99,-0.038,50,30,48.18,91.37
15.77,76.7,0,0.114,21.79,44.98,430.5,165.8,29.8,99.1,-0.103,50,30,48.18,91.48
15.8,80.2,0,0.121,21.74,44.53,433,165.2,31.1,99.6,-0.13,50,30,48.18,91.14
15.84,83.6,0,0.105,21.68,44.25,428.2,160.1,31.2,99.4,-0.156,50,30,48.18,90.68
15.87,87.1,0,0.087,21.71,44.09,431.6,144.9,29.9,100,-0.144,50,30,48.18,90.31
15.91,90.6,0,0.111,21.64,44.53,430.1,499.6,29.2,100,-0.177,100,100,100,95.63
15.94,94,0,0.094,21.6,44.35,430.7,166.7,30.3,100,-0.199,50,30,48.18,90.65
15.97,97.5,0,0.072,21.74,44.64,431.4,155.3,31.1,100,-0.131,50,30,48.18,90.93
16.01,101,0,0.094,21.72,44.6,433.4,152.5,29.9,100,-0.14,50,30,48.18,90.76
16.04,104.4,0,0.112,21.78,44.71,436.1,161.2,29.6,100,-0.109,50,30,48.18,91.3
16.08,107.9,0,0.091,21.72,44.8,434.3,170.6,32.5,100,-0.139,50,30,48.18,91.39
16.11,111.3,0,0.086,21.67,45.04,435.4,163.3,27.9,100,-0.161,50,30,48.18,91.09
16.15,114.8,0,0.102,21.51,44.63,435.5,151.6,30.4,99,-0.242,50,30,48.18,89.88
16.18,118.2,0,0.102,21.54,44.67,433.4,152.7,28.7,100,-0.229,50,30,48.18,90.12
16.22,121.7,0,0.076,21.51,44.6,431.1,163.6,30.6,99.1,-0.243,50,30,48.18,90.23
16.25,125.1,0,0.086,21.59,44.83,432.5,150.3,30.7,100,-0.205,50,30,48.18,90.29
16.29,128.6,0,0.082,21.65,44.54,430.9,154,30.6,100,-0.174,50,30,48.18,90.53
16.32,132,0,0.07,21.58,44.58,431.4,11.6,30.3,99.5,-0.21,0,0,0,82.21
16.35,135.5,0,0.056,21.58,44.22,429.6,159.9,30.8,100,-0.208,50,30,48.18,90.32
16.39,138.9,0,0.067,21.57,44.27,430.4,146.2,29.5,100,-0.213,50,30,48.18,89.9
16.42,142.4,0,0.053,21.81,44.43,430.5,511.9,28.6,100,-0.093,100,100,100,96.09
16.46,145.8,0,0.034,21.65,44.4,428.6,150.9,29.6,99.1,-0.174,50,30,48.18,90.29
16.49,149.2,0,0.029,21.63,44.51,429.7,134.6,30.3,98.8,-0.182,50,30,48.18,89.76
16.53,152.6,0,0.048,21.75,44.76,427.8,147.3,30.5,100,-0.122,50,30,48.18,90.8
16.56,156.1,0,0.078,21.86,44.8,431.3,158.8,30.2,99.5,-0.071,50,30,48.18,91.49
16.59,159.5,0,0.082,21.85,44.88,433.6,137.8,31.4,100,-0.074,50,30,48.18,90.92
16.63,162.9,0,0.087,21.86,44.94,433.4,168.6,29.7,99.8,-0.07,50,30,48.18,91.87
16.66,166.3,0,0.103,21.92,44.91,434.4,167.1,29.2,100,-0.042,50,30,48.18,92.05
16.7,169.7,0,0.122,21.73,45.42,434.9,152.8,30.1,100,-0.133,50,30,48.18,91.13
16.73,173.2,0,0.109,21.74,45.07,432.9,162.8,30.5,100,-0.127,50,30,48.18,91.34
16.77,176.6,0,0.127,21.85,44.93,435.5,176.7,29.6,100,-0.073,50,30,48.18,92.11
16.8,180,0,0.115,21.88,44.86,432.7,156.1,30.3,99.8,-0.06,50,30,48.18,91.54
16.83,183.4,0,0.1,21.83,44.67,430.1,156.4,28.4,99.8,-0.086,50,30,48.18,91.29
16.87,186.8,0,0.083,21.84,44.63,429,161.1,29.7,99.6,-0.081,50,30,48.18,91.42
16.9,190.1,0,0.085,21.86,44.85,429.9,170.4,30.1,100,-0.07,50,30,48.18,91.92
16.94,193.5,0,0.07,21.93,44.7,428.4,156.3,30.3,100,-0.034,50,30,48.18,91.71
16.97,196.9,0,0.051,21.89,45.08,425.5,164.9,29,99.4,-0.056,50,30,48.18,91.89
17,200.3,0,0.046,21.85,44.81,427,133.4,29,99.1,-0.072,50,30,48.18,90.68
17.04,203.7,0,0.063,21.83,44.63,424.6,159.8,30.4,98.1,-0.085,50,30,48.18,91.21
17.07,207.1,0,0.085,21.76,44.58,427.4,156.2,31.3,98.8,-0.119,50,30,48.18,90.89
17.1,210.4,0,0.064,21.9,44.34,427.1,156.4,30.6,97.8,-0.048,50,30,48.18,91.25
17.14,213.8,0,0.07,21.77,44.54,424,0,29.5,98.1,-0.113,0,0,0,81.92
17.17,217.2,0,0.09,21.66,44.27,426.2,160.1,30.1,98.3,-0.167,50,30,48.18,90.49
17.21,220.5,0,0.075,21.58,44.02,421.6,163,30.1,97.9,-0.209,50,30,48.18,90.13
17.24,223.9,0,0.095,21.76,44.32,421.7,177.3,31.3,98.2,-0.119,50,30,48.18,91.38
17.27,227.2,0,0.078,21.84,44.38,421.2,143.7,30.9,97,-0.077,50,30,48.18,90.59
17.31,230.6,0,0.073,21.74,44.03,424.5,149.3,29.6,97.4,-0.131,50,30,48.18,90.26
17.34,233.9,0,0.085,21.94,43.98,426.5,146.6,30,97.5,-0.03,50,30,48.18,90.93
17.37,237.2,0,0.092,21.94,43.91,427.5,167.4,28.9,98.3,-0.029,50,30,48.18,91.61
17.41,240.6,0,0.083,21.94,44.48,428.7,161.9,30.1,100,-0.031,50,30,48.18,91.81
17.44,243.9,0,0.072,21.74,44.5,427.4,157.9,29.4,99,-0.129,50,30,48.18,90.86
17.47,247.2,0,0.097,21.69,44.92,426.3,167.6,29.3,100,-0.156,50,30,48.18,91.21
17.51,250.5,1,0.078,21.72,45.3,426.8,158.2,40.6,99.7,-0.141,50,30,48.18,90.98
17.54,253.8,1,0.078,21.85,45.32,431.4,182.6,41,97.9,-0.077,50,30,48.18,91.89
17.57,257.2,1,0.09,21.84,45.4,435.4,156,39.1,97.2,-0.078,50,30,48.18,91.35
17.6,260.5,1,0.079,21.93,45.35,438.9,520.4,40.4,98.2,-0.034,100,100,100,96.49
17.64,263.8,1,0.061,22.02,45.76,439.1,147.8,39.7,100,0.011,50,30,48.18,92.02
17.67,267,1,0.047,22.09,45.84,438.7,144.5,40.2,100,0.043,50,30,48.18,91.65
17.7,270.3,1,0.039,21.93,46.2,441.2,144.8,39.1,99.4,-0.035,50,30,48.18,91.86
17.74,273.6,1,0.067,22.03,46.32,444.6,0,40.7,97.8,0.015,0,0,0,83.09
17.77,276.9,1,0.089,22.05,46.31,444.3,514.7,40.6,97,0.024,100,100,100,96.82
17.8,280.2,1,0.109,21.96,46.08,445.1,163.2,42,96.9,-0.02,50,30,48.18,91.6
17.83,283.4,1,0.107,22.03,45.99,449.3,161.4,40.1,95.7,0.016,50,30,48.18,92
17.87,286.7,1,0.104,22.1,46.07,450.6,165.4,41.2,94.9,0.052,50,30,48.18,91.49
17.9,290,1,0.116,22.05,45.95,451.1,155.7,40.7,94.4,0.023,50,30,48.18,91.47
17.93,293.2,1,0.124,22.12,46.07,453.7,152.6,40.3,94.3,0.06,50,30,48.18,91.25
17.96,296.4,1,0.137,22.21,46.09,453.7,167.5,41.8,94.3,0.104,50,30,48.18,90.94
18,299.7,1,0.125,22.06,46.34,458,166.5,41.2,93,0.03,50,30,48.18,91.61
18.03,302.9,1,0.116,21.96,46.11,461.9,182.4,39.9,92.1,-0.021,50,30,48.18,92.33
18.06,306.1,1,0.1,21.85,46.01,462,174.7,40.5,90.6,-0.073,50,30,48.18,91.37
18.09,309.4,1,0.125,21.81,46.19,467.8,180.4,41.2,90.2,-0.094,50,30,48.18,91.19
18.13,312.6,1,0.117,21.92,46.03,471.7,159.1,40.9,90.8,-0.042,50,30,48.18,91.03
18.16,315.8,1,0.098,21.97,45.94,473.6,160.1,41.1,91.5,-0.014,50,30,48.18,91.27
18.19,319,1,0.114,21.97,45.76,475.1,166.2,41.1,91.7,-0.014,50,30,48.18,91.38
18.22,322.2,1,0.134,22.04,45.51,473.2,179.3,40.7,92.4,0.021,50,30,48.18,91.84
18.25,325.4,2,0.151,21.95,45.65,473.7,181.8,45.5,91.3,-0.024,50,30,48.18,90.39
18.29,328.6,2,0.122,22.05,46.22,478,14.9,43.2,89.6,0.027,0,0,0,82.49
18.32,331.8,2,0.124,21.92,46.58,480.5,166.5,41.9,87.2,-0.038,50,30,48.18,90.85
18.35,334.9,2,0.137,21.83,46.9,484.8,178.8,44,84.9,-0.086,50,30,48.18,90.11
18.38,338.1,2,0.117,21.67,47.19,490.9,162,42.9,82.7,-0.165,50,30,48.18,89.23
18.41,341.3,2,0.104,21.75,47.01,495.4,168.1,42.1,78.9,-0.125,50,30,48.18,89.49
18.44,344.4,2,0.084,21.97,46.62,497.3,160.4,42.9,76.3,-0.015,50,30,48.18,89.47
18.48,347.6,2,0.094,22.14,46.82,501.8,184.9,43.8,74.3,0.068,50,30,48.18,89.38
18.51,350.7,2,0.106,22.26,46.82,505.4,172,41,72.8,0.131,50,30,48.18,89.24
18.54,353.8,2,0.108,22.2,47.17,510.7,162.9,41.9,70.6,0.101,50,30,48.18,88.83
18.57,357,2,0.086,22.2,47.06,510.6,166.1,42.2,70.1,0.099,50,30,48.18,88.74
18.6,360.1,2,0.066,22.17,46.92,513.3,165.6,43,69.8,0.083,50,30,48.18,88.52
18.63,363.2,2,0.076,22.28,47.1,517.3,180.6,44.2,68.9,0.139,50,30,48.18,88.18
18.66,366.3,2,0.07,22.28,47.38,518.6,157.3,42.2,66.8,0.141,50,30,48.18,87.97
18.69,369.4,3,0.06,22.36,48,522.5,158.3,45.8,64,0.178,50,30,48.18,86.59
18.72,372.5,3,0.055,22.47,48.12,527.5,147,45,63,0.237,50,30,48.18,86
18.76,375.6,3,0.078,22.55,48.74,531.9,171.3,45.7,62.8,0.276,50,30,48.18,86.43
18.79,378.7,3,0.104,22.54,48.91,537,155.9,43.9,60.5,0.27,50,30,48.18,86.37
18.82,381.7,3,0.102,22.61,49.08,540.5,164.2,46.1,58.5,0.304,50,30,48.18,85.57
18.85,384.8,3,0.1,22.78,48.54,544.4,181.1,45.3,57.7,0.39,50,30,48.18,85.38
18.88,387.8,3,0.117,22.55,48.38,549.2,169.4,45.2,56.1,0.276,50,30,48.18,85.7
18.91,390.9,3,0.109,22.41,48.63,548.2,187.3,46.5,54.3,0.203,50,30,48.18,86.3
18.94,393.9,3,0.123,22.5,49.36,554.5,25.5,46.4,52.5,0.251,0,0,0,78.12
18.97,397,3,0.096,22.36,49.48,562.6,146.8,44.7,50.6,0.181,50,30,48.18,85.77
19,400,3,0.211,22.32,50.12,566.2,191.2,44.4,48.1,0.158,50,30,48.18,87.23
19.03,403,3,0.263,22.53,50.07,565.2,189.9,45,46.9,0.265,50,30,48.18,86.13
19.06,406,3,0.31,22.51,50.06,568.6,220.1,43.9,45.2,0.253,50,30,48.18,87.3
19.09,409,3,0.383,22.47,50.1,572.3,214.5,43.4,43.8,0.237,50,30,48.18,87.24
19.12,412,3,0.439,22.32,49.75,576.2,252.8,46.1,41.5,0.162,50,30,48.18,87.87
19.15,415,3,0.462,22.21,49.66,581.8,246.1,43.9,40.4,0.105,50,30,48.18,88.61
19.18,418,3,0.513,22.1,49.64,586.8,239.9,44.7,42,0.049,50,30,48.18,88.75
19.21,421,3,0.525,22.01,49.16,587.4,266.1,44.8,39.9,0.003,50,30,48.18,89.46
19.24,423.9,3,0.53,21.86,48.81,591.8,278.9,45.1,38.7,-0.069,50,30,48.18,89.01
19.27,426.9,3,0.561,21.65,48.72,591.7,277.8,45.2,39,-0.177,50,30,48.18,88.12
19.3,429.8,3,0.574,21.7,48.61,590.5,264,44.9,37.6,-0.151,50,30,48.18,87.81
19.33,432.8,3,0.593,21.75,48.58,594.5,287.7,45.4,37.4,-0.127,50,30,48.18,88.51
19.36,435.7,3,0.632,21.63,48.37,596.2,270.9,45.1,36.8,-0.183,50,30,48.18,87.56
19.39,438.6,3,0.636,21.66,48.22,593.8,294.1,43.3,37.2,-0.171,50,30,48.18,88.86
19.42,441.5,4,0.635,21.79,48.63,597.2,297.6,44.6,35.4,-0.106,50,30,48.18,89.03
19.44,444.5,4,0.667,21.9,48.34,601.1,297.2,47.1,34.4,-0.049,50,30,48.18,88.49
19.47,447.4,4,0.675,21.97,48.66,603.4,658.8,47.4,34.6,-0.016,100,100,100,89.24
19.5,450.2,4,0.669,21.85,47.75,603.4,295.2,46.3,35.3,-0.077,50,30,48.18,88.32
19.53,453.1,4,0.685,21.97,47.5,607.8,302.9,47.6,34.6,-0.014,50,30,48.18,88.41
19.56,456,4,0.693,21.95,46.98,611.4,318.3,45.7,32.5,-0.026,50,30,48.18,88.67
19.59,458.9,4,0.682,21.79,46.93,613.6,304.9,46.4,31.9,-0.102,50,30,48.18,87.68
19.62,461.7,4,0.679,21.77,47.03,617,144.2,46.4,31.2,-0.116,0,0,0,83.04
19.65,464.6,4,0.7,21.8,47.71,620.2,309.5,46.9,29.3,-0.097,50,30,48.18,87.64
19.67,467.4,4,0.68,21.78,47.88,625.8,313.6,48.1,28.8,-0.11,50,30,48.18,87.23
19.7,470.2,4,0.674,21.86,47.93,629.3,307.5,47.5,27.9,-0.068,50,30,48.18,87.57
19.73,473,4,0.671,21.87,47.72,627.9,312.6,45.4,28.1,-0.063,50,30,48.18,88.25
19.76,475.9,4,0.651,21.94,48.15,626.9,301.6,46.8,27.2,-0.031,50,30,48.18,88.03
19.79,478.7,4,0.652,22.15,47.96,625.2,299.3,46.5,28.6,0.076,50,30,48.18,87.8
19.81,481.5,4,0.645,22.16,47.73,626.7,297.9,44.6,30.1,0.082,50,30,48.18,88.37
19.84,484.2,4,0.654,22.11,47.38,627.3,312.2,47.4,28.3,0.055,50,30,48.18,87.59
19.87,487,4,0.671,21.85,47.03,627.5,327.2,47.4,26.1,-0.074,50,30,48.18,87.25
19.9,489.8,4,0.663,21.82,46.82,628.5,308.9,46.6,23.8,-0.089,50,30,48.18,86.9
19.93,492.5,4,0.656,21.87,46.45,630.3,303,46,26,-0.063,50,30,48.18,87.29
19.95,495.3,4,0.671,21.96,46.61,634.1,316.7,47.1,25.5,-0.022,50,30,48.18,87.43
19.98,498,5,0.66,22.07,46.88,639.6,322.6,46.9,23.9,0.035,50,30,48.18,87.36
20.01,500.7,5,0.648,22.1,46.96,639.3,300.8,47.3,21.6,0.048,50,30,48.18,86.72
20.03,503.5,5,0.657,22.24,46.77,640.5,315.3,46.7,18.1,0.121,50,30,48.18,86.1
20.06,506.2,5,0.644,22.39,46.9,644.9,306.5,48,16.8,0.192,50,30,48.18,85.01
20.09,508.9,5,0.628,22.47,47.39,651.7,174.2,49.6,14,0.235,0,0,0,80.49
20.12,511.6,5,0.655,22.44,47.5,654.6,326.9,46.4,11.6,0.221,50,30,48.18,85.15
20.14,514.2,5,0.647,22.36,48.25,654.4,292.6,49.2,7.2,0.177,50,30,48.18,84.01
20.17,516.9,5,0.647,22.32,48.37,659.2,321.9,46.1,6.1,0.159,50,30,48.18,85.45
20.2,519.6,5,0.66,22.23,48.47,662.3,330.5,49.1,4.5,0.113,50,30,48.18,84.85
20.22,522.2,5,0.644,22.15,48.49,662.6,336.3,46.4,3.2,0.073,50,30,48.18,85.92
20.25,524.8,5,0.664,22.1,48.63,666.4,327.1,44.6,0.5,0.05,50,30,48.18,86.32
20.27,527.5,5,0.691,22.24,47.98,664.3,338.7,45.7,0,0.122,50,30,48.18,85.27
20.3,530.1,5,0.675,22.24,47.81,666.7,329.5,48.2,0,0.12,50,30,48.18,84.38
20.33,532.7,5,0.654,22.23,49.02,671,339.8,45.5,0,0.113,50,30,48.18,85.79
20.35,535.3,5,0.669,22.24,48.64,670.4,315.7,46.8,0,0.118,50,30,48.18,84.97
20.38,537.9,5,0.668,22.2,48.78,675.3,333.4,47.1,0,0.101,50,30,48.18,85.26
20.4,540.5,5,0.682,22.13,48.81,677.7,328.5,48.3,0,0.063,50,30,48.18,85.13
20.43,543,5,0.678,22.29,48.77,683.2,330.7,47,0,0.146,50,30,48.18,84.92
20.46,545.6,5,0.693,22.46,48.62,686.5,342,47.1,0,0.231,50,30,48.18,84.31
20.48,548.1,5,0.68,22.33,48.8,689.1,334.2,47.5,0,0.163,50,30,48.18,84.69
20.51,550.7,5,0.663,22.29,48.57,692.5,328.7,46,0,0.145,50,30,48.18,85.12
20.53,553.2,5,0.672,22.06,48.34,693.6,342.1,45.9,0,0.032,50,30,48.18,86.04
20.56,555.7,5,0.659,22.2,49.18,695.1,341.3,47,0,0.101,50,30,48.18,85.51
20.58,558.2,5,0.661,22.22,49.11,694.8,325.9,47.4,0,0.109,50,30,48.18,85.14
20.61,560.7,5,0.677,22.24,49.04,693.1,330.7,47.4,0,0.118,50,30,48.18,85.1
20.63,563.2,5,0.666,22.06,49.2,697,336.1,48.2,0,0.029,50,30,48.18,85.65
20.66,565.7,6,0.663,22.18,49.38,701.7,314.3,46.6,0,0.092,50,30,48.18,85.51
20.68,568.1,6,0.677,22.09,48.83,706.8,686.2,48.5,0,0.047,100,100,100,84.88
20.71,570.6,6,0.666,22.18,48.8,711.2,348.1,47.6,0,0.089,50,30,48.18,85.35
20.73,573,6,0.664,22.21,48.87,713.9,326.9,47.7,0,0.105,50,30,48.18,85.01
20.75,575.5,6,0.69,22.11,49.33,715.7,344,46,0,0.055,50,30,48.18,86.24
20.78,577.9,6,0.695,22.11,49.73,719.6,703.8,48.5,0,0.054,100,100,100,84.88
20.8,580.3,6,0.675,22.22,50.18,721.5,332.5,48.7,0,0.108,50,30,48.18,85.1
20.83,582.7,6,0.668,22.41,49.38,725.6,348.2,49.8,0,0.207,50,30,48.18,84.02
20.85,585.1,6,0.68,22.39,49.15,728.6,689.1,50.5,0,0.194,100,100,100,83.26
20.87,587.5,6,0.675,22.46,49.12,729,328.3,48.8,0,0.23,50,30,48.18,83.86
20.9,589.8,6,0.691,22.39,49.13,731.7,351.2,49.2,0,0.195,50,30,48.18,84.23
20.92,592.2,6,0.679,22.35,49.11,737.3,354,48.2,0,0.173,50,30,48.18,84.71
20.95,594.5,6,0.676,22.43,49.25,737.7,356.2,46.3,0,0.217,50,30,48.18,85.02
20.97,596.8,6,0.657,22.3,49.18,739.2,358.8,46.4,0,0.151,50,30,48.18,85.48
20.99,599.2,6,0.644,22.4,49.1,741.5,341.1,47.1,0,0.197,50,30,48.18,84.71
21.01,601.5,6,0.676,22.41,48.95,741.5,359.5,47.7,0,0.204,50,30,48.18,84.62
21.04,603.8,6,0.668,22.55,48.57,745.4,338.1,46.8,0,0.274,50,30,48.18,83.99
21.06,606.1,6,0.649,22.51,48.49,746.9,354.9,47.6,0,0.255,50,30,48.18,84.04
21.08,608.3,6,0.675,22.6,48,748.5,364.9,49.1,0,0.3,50,30,48.18,83.17
21.11,610.6,6,0.695,22.6,49,749.9,351.3,48.1,0,0.298,50,30,48.18,83.73
21.13,612.8,6,0.701,22.64,49.45,752.5,377.4,46.5,0,0.321,50,30,48.18,84.47
21.15,615.1,6,0.7,22.62,49.65,753.5,350.8,45.9,0.3,0.311,50,30,48.18,84.56
21.17,617.3,6,0.722,22.56,49.71,751.3,375,47.8,0,0.282,50,30,48.18,84.44
21.2,619.5,6,0.711,22.44,49.48,753.1,359.3,47.5,0,0.22,50,30,48.18,84.77
21.22,621.7,6,0.689,22.57,49.59,755.3,355.9,49,0,0.283,50,30,48.18,83.85
21.24,623.9,6,0.669,22.53,49.06,755.3,363.5,47.7,0,0.265,50,30,48.18,84.24
21.26,626.1,6,0.663,22.68,49.14,758.9,348.1,48.2,0,0.338,50,30,48.18,83.43
21.28,628.3,6,0.649,22.63,49.5,761.8,344.6,48.5,0,0.315,50,30,48.18,83.61
21.3,630.4,6,0.645,22.68,50.09,762.9,355.7,49.9,0,0.342,50,30,48.18,83.26
21.33,632.6,6,0.656,22.53,49.76,764.3,346,46.8,0,0.262,50,30,48.18,84.61
21.35,634.7,6,0.668,22.63,49.49,764.4,350.8,48.8,0,0.316,50,30,48.18,83.58
21.37,636.8,6,0.688,22.59,49.73,768.7,383.1,47.5,0,0.297,50,30,48.18,84.5
21.39,638.9,6,0.71,22.54,49.03,772,399.3,49.1,0,0.272,50,30,48.18,84.13
21.41,641,6,0.728,22.76,49.06,774.2,375.6,47.2,0,0.38,50,30,48.18,83.66
21.43,643.1,6,0.699,22.56,49.97,774.2,364.9,48.6,0,0.281,50,30,48.18,84.21
21.45,645.2,6,0.695,22.62,50.08,773.2,370.6,50.5,0,0.309,50,30,48.18,83.47
21.47,647.2,6,0.684,22.49,50.02,772.2,381.6,48.9,0,0.244,50,30,48.18,84.58
21.49,649.3,6,0.682,22.53,49.9,771.4,361.8,46.3,0,0.266,50,30,48.18,84.95
21.51,651.3,6,0.682,22.63,49.99,773.1,380.7,46.2,0,0.314,50,30,48.18,84.84
21.53,653.3,6,0.685,22.72,49.91,773.7,370.2,48.6,0,0.36,50,30,48.18,83.64
21.55,655.3,6,0.681,23.03,50.14,776,192.2,48.4,0,0.515,0,0,0,78.83
21.57,657.3,6,0.681,22.83,50.39,778.6,355.1,48.5,0,0.417,50,30,48.18,82.99
21.59,659.3,6,0.669,22.65,50.77,782.1,376,47.2,0,0.323,50,30,48.18,84.15
21.61,661.3,6,0.686,22.63,50.57,784.3,380.2,48.5,0,0.314,50,30,48.18,83.94
21.63,663.2,6,0.677,22.74,50.59,783,377,48.7,0,0.37,50,30,48.18,83.42
21.65,665.2,6,0.675,22.84,50.57,783.5,397.4,47.3,0,0.419,50,30,48.18,83.7
21.67,667.1,6,0.674,22.66,50.81,787.8,374.8,45.9,0,0.331,50,30,48.18,84.43
21.69,669,6,0.691,22.81,50.55,787.2,372,47.9,0,0.408,50,30,48.18,83.35
21.71,670.9,6,0.703,22.84,50.26,785.6,380.8,47.1,0,0.422,50,30,48.18,83.68
21.73,672.8,6,0.695,22.79,50.34,786.8,386.1,46.5,0,0.397,50,30,48.18,84.08
21.75,674.7,6,0.675,23.06,50.66,786.8,380.3,48.5,0,0.531,50,30,48.18,82.3
21.77,676.6,6,0.67,22.95,50.84,784.9,376.5,46.3,0,0.475,50,30,48.18,83.24
21.78,678.4,6,0.677,22.98,50.98,784.9,385.9,47.9,0,0.489,50,30,48.18,82.72
21.8,680.3,6,0.701,23.04,50.65,785.3,386.9,46.6,0,0.522,50,30,48.18,83
21.82,682.1,6,0.719,22.73,50.58,785,401.9,47,0,0.367,50,30,48.18,84.21
21.84,683.9,6,0.695,22.8,50.93,787.4,389.2,47.4,0,0.399,50,30,48.18,83.59
21.86,685.7,6,0.673,22.78,50.91,787.4,373.1,47.6,0,0.389,50,30,48.18,83.44
21.88,687.5,6,0.653,22.81,50.5,790.9,363.5,48.2,0,0.405,50,30,48.18,83.2
21.89,689.3,6,0.661,22.85,50.31,795.1,369.6,48.9,0,0.426,50,30,48.18,82.98
21.91,691.1,6,0.685,22.69,49.85,793,750.1,47.3,0,0.344,100,100,100,82.43
21.93,692.8,6,0.678,22.85,49.97,796.1,381.9,48.7,0,0.423,50,30,48.18,83.29
21.95,694.6,6,0.7,22.95,49.55,795.5,384.2,49.4,0,0.473,50,30,48.18,82.55
21.96,696.3,6,0.68,23.02,48.76,795.2,382.4,49.7,0,0.51,50,30,48.18,81.9
21.98,698,6,0.672,23,49.13,794.8,387.1,48.3,0,0.501,50,30,48.18,82.55
22,699.7,6,0.68,23.07,48.94,797.6,395.3,49,0,0.535,50,30,48.18,82.11
22.01,701.4,6,0.676,22.91,49.24,798.5,383.3,48.9,0,0.457,50,30,48.18,82.73
22.03,703.1,6,0.679,23.11,48.91,801.2,391.7,47.6,0,0.551,50,30,48.18,82.33
22.05,704.7,6,0.698,22.99,49.87,803.3,394,45.9,0,0.494,50,30,48.18,83.65
22.06,706.4,6,0.7,22.8,49.89,802.1,392.3,46.6,0,0.401,50,30,48.18,84.13
22.08,708,6,0.7,22.9,49.85,802.1,402.1,51,0,0.451,50,30,48.18,82.53
22.1,709.6,6,0.717,22.78,49.75,801.8,411.5,46.7,0,0.387,50,30,48.18,84.33
22.11,711.2,6,0.706,22.85,50.04,800.5,401.4,49.6,0,0.423,50,30,48.18,83.2
22.13,712.8,6,0.698,22.92,49.94,800.1,397,47.4,0,0.461,50,30,48.18,83.52
22.14,714.4,6,0.696,22.75,50.24,801.2,394.9,48.2,0,0.377,50,30,48.18,83.83
22.16,715.9,6,0.675,22.85,49.93,797.8,239.8,46.1,0,0.424,0,0,0,81.66
22.17,717.5,6,0.69,22.7,50.02,797.8,404.5,47.7,0,0.352,50,30,48.18,84.35
22.19,719,6,0.708,22.71,50.44,797.9,255.7,46.5,0,0.357,0,0,0,82.37
22.21,720.6,6,0.73,22.7,50.2,797.1,414.4,47.6,0,0.35,50,30,48.18,84.43
22.22,722.1,6,0.738,22.87,50.21,794.7,396.1,47.3,0,0.437,50,30,48.18,83.67
22.24,723.6,6,0.735,22.83,49.89,794.9,425.1,46.9,0,0.416,50,30,48.18,84.28
22.25,725,6,0.713,22.83,49.89,798.6,419.9,48.8,0,0.415,50,30,48.18,83.68
22.27,726.5,6,0.688,22.61,50.04,804.8,413.9,48.7,0,0.304,50,30,48.18,84.44
22.28,728,6,0.692,22.59,49.88,806.4,406.6,48.8,0,0.297,50,30,48.18,84.32
22.29,729.4,6,0.669,22.64,50.22,807,240.9,47.4,0,0.319,0,0,0,81.95
22.31,730.8,6,0.687,22.76,49.53,810.8,401.4,47.2,0,0.381,50,30,48.18,83.94
22.32,732.2,6,0.713,22.8,49.11,812.8,411.8,49.2,0,0.4,50,30,48.18,83.14
22.34,733.6,6,0.735,22.78,49.56,812.6,419,46.7,0,0.39,50,30,48.18,84.19
22.35,735,6,0.753,22.95,49.72,812.3,425.2,49.2,0,0.476,50,30,48.18,82.93
22.36,736.4,6,0.749,22.56,49.41,813.7,777,46.9,0,0.281,100,100,100,82.27
22.38,737.8,6,0.748,22.9,49.87,811.5,263.5,48.4,0,0.449,0,0,0,81.34
22.39,739.1,6,0.76,22.72,49.38,812.1,439.4,48.9,0,0.36,50,30,48.18,83.89
22.4,740.4,6,0.774,22.82,49.33,811.5,426.9,48.7,0,0.411,50,30,48.18,83.45
22.42,741.7,6,0.782,22.8,49.18,811.6,441.5,46.7,0,0.401,50,30,48.18,84.2
22.43,743,6,0.775,22.84,49.54,810.5,449.6,46.2,0,0.419,50,30,48.18,84.44
22.44,744.3,6,0.771,22.93,49.48,808.7,434.2,49,0,0.466,50,30,48.18,83.1
22.46,745.6,6,0.739,22.9,49.59,806.9,413.5,48.7,0,0.449,50,30,48.18,83.19
22.47,746.9,6,0.712,22.76,49.38,803.2,417.2,48.4,0,0.38,50,30,48.18,83.78
22.48,748.1,6,0.734,22.83,50.04,798.7,265.1,48.7,0,0.417,0,0,0,81.7
22.49,749.3,6,0.751,22.94,50.01,796.9,443.4,47.4,0,0.472,50,30,48.18,83.93
22.51,750.6,6,0.741,23.05,50.43,797.2,439.6,47.3,0,0.525,50,30,48.18,83.36
22.52,751.8,6,0.724,22.97,50.44,798.7,426.4,46.3,0,0.485,50,30,48.18,83.83
22.53,752.9,6,0.742,22.84,49.48,798.7,446.2,46.1,0,0.418,50,30,48.18,84.56
22.54,754.1,6,0.75,22.8,50.02,799,430.3,48,0,0.4,50,30,48.18,84.17
22.55,755.3,6,0.739,22.99,49.54,800,426.9,46.2,0,0.493,50,30,48.18,83.79
22.56,756.4,6,0.757,23,49.72,799.1,422.8,47.1,0,0.499,50,30,48.18,83.51
22.58,757.5,6,0.727,22.95,49.86,800.7,425.1,48.4,0,0.477,50,30,48.18,83.36
22.59,758.7,6,0.71,22.96,49.59,798,418.1,48.7,0,0.479,50,30,48.18,83.08
22.6,759.8,6,0.715,22.97,49.92,796.6,410.4,49.3,0,0.486,50,30,48.18,82.91
22.61,760.8,6,0.721,22.98,49.94,795.2,439.3,46.4,0,0.488,50,30,48.18,84.06
22.62,761.9,6,0.726,22.91,49.61,797,425.8,47.9,0,0.457,50,30,48.18,83.57
22.63,763,6,0.728,22.77,49.25,797.5,420.8,48.5,0,0.386,50,30,48.18,83.75
22.64,764,6,0.73,22.79,49.68,797.2,426.9,48.9,0,0.397,50,30,48.18,83.78
22.65,765,6,0.704,22.99,49.97,798.7,408.7,48.2,0,0.494,50,30,48.18,83.18
22.66,766.1,6,0.693,22.98,49.88,800.1,424.3,46.7,0,0.49,50,30,48.18,83.77
22.67,767.1,6,0.713,22.93,49.9,803.1,403.8,48.2,0,0.467,50,30,48.18,83.27
22.68,768,6,0.692,23.04,49.95,802.7,403.3,47.3,0,0.519,50,30,48.18,83.16
22.69,769,6,0.709,23.06,49.63,804.2,430,47.5,0,0.53,50,30,48.18,83.15
22.7,770,6,0.695,23.09,49.48,805.3,416.6,47.9,0,0.547,50,30,48.18,82.69
22.71,770.9,6,0.701,23.51,49.46,805,272.6,49.7,0,0.755,0,0,0,78.85
22.72,771.8,6,0.706,23.28,49.74,805.8,425.2,47.6,0,0.64,50,30,48.18,82.27
22.73,772.7,6,0.699,23.25,50.06,803.8,419.2,46.5,0,0.623,50,30,48.18,82.75
22.74,773.6,6,0.686,23.45,50.23,805,263.9,49.6,0,0.724,0,0,0,78.97
22.75,774.5,6,0.709,23.37,50.3,806,431.4,46.1,0,0.683,50,30,48.18,82.42
22.75,775.4,6,0.695,23.18,50.18,809.9,417.9,49.2,0,0.59,50,30,48.18,82.04
22.76,776.2,6,0.692,23.08,49.99,809.9,424,48,0,0.541,50,30,48.18,82.91
22.77,777.1,6,0.687,23.03,50.25,810.5,403,48,0,0.516,50,30,48.18,82.79
22.78,777.9,6,0.67,22.84,49.78,810.7,406.9,47,0,0.422,50,30,48.18,83.86
22.79,778.7,6,0.677,22.87,49.58,810.3,408,47.5,0,0.434,50,30,48.18,83.56
22.79,779.5,6,0.699,22.96,48.8,809.6,428.1,48.1,0,0.478,50,30,48.18,82.95
22.8,780.3,6,0.686,22.89,49.35,808.3,404.3,48.5,0,0.445,50,30,48.18,83.07
22.81,781,6,0.686,22.85,49.22,810.7,417.8,48.1,0,0.424,50,30,48.18,83.4
22.82,781.8,6,0.698,23.12,49.69,816.9,269.9,47.9,0,0.56,0,0,0,80.69
22.83,782.5,6,0.701,23.01,49.65,814.3,423.6,47.9,0,0.504,50,30,48.18,83.02
22.83,783.2,6,0.713,23.16,49.55,816.6,412.1,48.4,0,0.579,50,30,48.18,82.13
22.84,783.9,6,0.698,23.23,49.35,815,411.9,48,0,0.612,50,30,48.18,81.97
22.85,784.6,6,0.685,23.26,49.45,818.5,424.7,47.2,0,0.631,50,30,48.18,82.19
22.85,785.3,6,0.697,23.22,49.78,815,399,48,0,0.611,50,30,48.18,82.01
22.86,786,6,0.708,22.89,49.35,815.8,796.1,46.9,0,0.446,100,100,100,80.71
22.87,786.6,6,0.706,22.98,49.53,815.4,426.3,46.8,0,0.488,50,30,48.18,83.44
22.87,787.2,6,0.705,23.04,49.34,813.4,428.7,48.5,0,0.519,50,30,48.18,82.7
22.88,787.8,6,0.704,23.13,49.53,811.2,419.3,46.3,0,0.565,50,30,48.18,83.01
22.88,788.4,6,0.7,23,49.78,810.8,429.4,47,0,0.501,50,30,48.18,83.49
22.89,789,6,0.714,22.95,49.79,810.6,415,47.5,0,0.477,50,30,48.18,83.37
22.9,789.6,6,0.715,23.09,49.64,808.8,435.4,48.8,0,0.545,50,30,48.18,82.64
22.9,790.2,6,0.692,23.16,49.07,809.7,414.2,50.1,0,0.579,50,30,48.18,81.56
22.91,790.7,6,0.698,23.09,48.89,809.4,430.6,47.2,0,0.542,50,30,48.18,82.81
22.91,791.2,6,0.706,23.3,48.91,810,292.4,48.2,0,0.647,0,0,0,80.43
22.92,791.7,6,0.719,23.4,49.38,807.8,443.4,46.8,0,0.699,50,30,48.18,82.07
22.92,792.2,6,0.725,23.25,49.41,811.9,457.8,47.4,0,0.625,50,30,48.18,82.4
22.93,792.7,6,0.726,23.31,49.6,811.8,435.8,48.7,0,0.655,50,30,48.18,81.8
22.93,793.2,6,0.715,23.46,50.11,810.4,433.5,47,0,0.73,50,30,48.18,81.86
22.94,793.6,6,0.704,23.31,49.89,810.4,415.4,48.1,0,0.656,50,30,48.18,81.88
22.94,794,6,0.709,23.18,49.5,812.5,435.1,48.2,0,0.59,50,30,48.18,82.38
22.94,794.5,6,0.684,23.09,49.75,811.3,426.6,48.4,0,0.546,50,30,48.18,82.69
22.95,794.9,6,0.665,23.09,49.48,807.8,405,47.3,0,0.543,50,30,48.18,82.75
22.95,795.2,6,0.694,23.17,49.48,810.6,437.4,48.7,0,0.582,50,30,48.18,82.34
22.96,795.6,6,0.707,23.24,49.52,809.3,421.8,48.2,0,0.621,50,30,48.18,82.07
22.96,796,6,0.713,23.32,49.1,807.2,440.2,48.2,0,0.66,50,30,48.18,81.83
22.96,796.3,6,0.7,23.33,49.24,806.5,423,48.5,0,0.663,50,30,48.18,81.6
22.97,796.6,6,0.679,23.47,49.72,804.7,414.4,47.7,0,0.732,50,30,48.18,81.43
22.97,797,6,0.664,23.37,49.87,799.6,415.5,48.4,0,0.686,50,30,48.18,81.69
22.97,797.3,6,0.661,23.2,49.86,799.9,394,47.5,0,0.602,50,30,48.18,82.4
22.98,797.5,6,0.685,22.86,49.51,801.7,767.4,45.9,0,0.431,100,100,100,81.77
22.98,797.8,6,0.668,22.99,49.64,801.2,408.2,48.8,0,0.494,50,30,48.18,82.84
22.98,798.1,6,0.662,22.93,49.27,798.8,768.7,46.5,0,0.463,100,100,100,81.26
22.98,798.3,6,0.693,23.08,49.1,802,413.4,48.9,0,0.538,50,30,48.18,82.32
22.99,798.5,6,0.679,23.17,48.7,805.1,428.8,48.2,0,0.585,50,30,48.18,82.15
22.99,798.7,6,0.681,23.25,49.21,807.8,422.6,48.4,0,0.624,50,30,48.18,81.9
22.99,798.9,6,0.671,23.33,49.66,807.4,421,49.3,0,0.667,50,30,48.18,81.46
22.99,799.1,6,0.691,23.33,50.09,809.2,431.5,49.4,0,0.666,50,30,48.18,81.62
22.99,799.2,6,0.669,23.35,49.92,807.6,420.8,47.5,0,0.675,50,30,48.18,82.03
22.99,799.4,6,0.691,23.34,50.04,806.8,425.8,47.4,0,0.672,50,30,48.18,82.16
23,799.5,6,0.672,23.25,49.73,809.3,413.3,48.9,0,0.625,50,30,48.18,81.82
23,799.6,6,0.697,23.17,50.26,810.3,438,48.3,0,0.586,50,30,48.18,82.54
23,799.7,6,0.694,23.63,50.51,808,271.7,49.4,0,0.816,0,0,0,78.41
23,799.8,6,0.694,23.89,50.72,808,269.9,47.9,0,0.944,0,0,0,77.78
23,799.9,6,0.71,23.77,50.2,806.6,424.7,48,0,0.887,50,30,48.18,80.31
23,799.9,6,0.685,23.94,50,805.4,277,47.4,0,0.972,0,0,0,78.24
23,800,6,0.676,23.7,49.96,806.1,434.9,47.5,0,0.849,50,30,48.18,80.91
23,800,6,0.693,23.54,50.44,807.1,435,48.2,0,0.769,50,30,48.18,81.12
23,800,5,0.68,23.45,50.58,807.6,435.2,46.1,0,0.725,50,30,48.18,82.03
23,800,4,0.68,23.25,50.38,805.5,409.8,46.2,0,0.624,50,30,48.18,82.59
23,800,4,0.693,23.19,50.29,798.4,433.3,47,0.5,0.597,50,30,48.18,82.96
23,799.9,4,0.682,22.91,49.67,794.6,431.2,46.3,0,0.457,50,30,48.18,84.14
23,799.9,4,0.683,23.12,49.49,788.6,272.9,47.3,0,0.562,0,0,0,81.1
23,799.8,4,0.682,23.06,49.39,782.8,439.7,46.2,0,0.53,50,30,48.18,83.58
23,799.7,3,0.697,22.92,49.08,775.8,427.3,44.2,0.8,0.459,50,30,48.18,84.57
23,799.6,3,0.69,22.56,48.43,772.4,781.3,46.5,3.1,0.279,100,100,100,82.45
23,799.5,3,0.672,22.79,48.21,765.8,425.1,43.5,3.8,0.394,50,30,48.18,85.21
22.99,799.4,3,0.658,22.75,47.74,767.4,421.4,44.3,4.1,0.374,50,30,48.18,84.94
22.99,799.2,3,0.674,22.78,47.56,765,407,44,4.1,0.387,50,30,48.18,84.73
22.99,799.1,3,0.658,22.84,47.19,759,435.2,44.7,3.2,0.416,50,30,48.18,84.34
22.99,798.9,3,0.659,22.7,46.65,754.5,408.1,45.1,3.4,0.347,50,30,48.18,84.29
22.99,798.7,3,0.641,22.73,46.87,746.7,393.9,43.6,2.2,0.361,50,30,48.18,84.44
22.99,798.5,3,0.673,22.7,46.69,744.5,431.7,44.1,1.2,0.347,50,30,48.18,84.62
22.98,798.3,3,0.685,22.81,46.75,742.5,462.3,46.8,0.7,0.404,50,30,48.18,83.43
22.98,798.1,3,0.675,22.6,46.77,738.5,768.1,45.7,1.6,0.298,100,100,100,81.97
22.98,797.8,3,0.669,22.58,47.16,737.1,391,45.6,0.9,0.287,50,30,48.18,84.35
22.98,797.5,3,0.66,22.6,47.04,740.4,416.4,46.1,3,0.296,50,30,48.18,84.56
22.97,797.3,3,0.645,22.36,46.64,733.3,389,43.4,3.9,0.179,50,30,48.18,85.92
22.97,797,3,0.655,22.47,46.65,730.3,410.4,44.5,4.8,0.231,50,30,48.18,85.5
22.97,796.6,3,0.673,22.58,46.43,723.8,420,43.7,5.9,0.287,50,30,48.18,85.45
22.96,796.3,3,0.692,22.66,46.46,718.6,416.2,45,7.7,0.326,50,30,48.18,84.92
22.96,796,3,0.703,22.64,46.61,715.8,434.1,46.8,6.8,0.319,50,30,48.18,84.58
22.96,795.6,3,0.695,22.78,46.08,714.2,427.3,45.2,8.1,0.386,50,30,48.18,84.41
22.95,795.2,3,0.712,22.89,46.18,710.2,417,45.5,7.9,0.443,50,30,48.18,83.83
22.95,794.9,3,0.698,22.76,46.03,705.9,414.4,44.9,8.7,0.375,50,30,48.18,84.49
22.94,794.5,3,0.711,22.69,45.66,702.3,440.6,45.3,9.2,0.34,50,30,48.18,84.8
22.94,794,3,0.731,22.64,45.83,699.8,448.5,45.8,8.2,0.317,50,30,48.18,84.9
22.94,793.6,3,0.733,22.54,45.63,697.3,791,44.8,8.4,0.269,100,100,100,82.39
22.93,793.2,3,0.709,22.64,45.55,694.7,427.8,44,9.7,0.316,50,30,48.18,85.28
22.93,792.7,3,0.702,22.51,45.24,692.6,438.1,44.4,10.7,0.252,50,30,48.18,85.71
22.92,792.2,3,0.688,22.54,44.86,692.1,429.9,45.9,11.3,0.268,50,30,48.18,84.97
22.92,791.7,3,0.684,22.63,45.63,691.3,436.6,46,11.8,0.312,50,30,48.18,85.04
22.91,791.2,3,0.694,22.62,45.73,688.7,425.6,45.5,13.3,0.308,50,30,48.18,85.28
22.91,790.7,3,0.717,22.65,45.5,688.5,441.9,46.1,13.5,0.322,50,30,48.18,85.11
22.9,790.2,3,0.717,22.57,45.5,687,421.5,43.2,15,0.285,50,30,48.18,86.19
22.9,789.6,3,0.727,22.61,45.67,684.6,425.3,45.9,14,0.302,50,30,48.18,85.25
22.89,789,3,0.705,22.87,45.76,680.8,439.5,45.1,15.5,0.432,50,30,48.18,84.84
22.88,788.4,3,0.709,22.8,45.73,676.7,435.9,45.1,15.7,0.395,50,30,48.18,85.08
22.88,787.8,3,0.699,22.87,45.57,674.7,422.4,44.3,16,0.433,50,30,48.18,84.88
22.87,787.2,3,0.71,22.87,45.23,673.2,438.8,44.6,15.2,0.431,50,30,48.18,84.78
22.87,786.6,3,0.691,22.87,45.69,670.4,434.1,44.7,16.2,0.43,50,30,48.18,84.98
22.86,786,3,0.67,22.74,45.96,670.6,394.8,44.8,15.5,0.365,50,30,48.18,85.06
22.85,785.3,3,0.695,22.82,46.12,670.1,413.9,45,16.3,0.405,50,30,48.18,85.04
22.85,784.6,3,0.711,22.75,45.82,665.3,431.8,45.5,15.9,0.37,50,30,48.18,85.17
22.84,783.9,3,0.724,22.66,45.82,665.8,441,43.7,17.1,0.329,50,30,48.18,86.22
22.83,783.2,3,0.722,22.64,45.86,664.8,437.9,45.9,14.7,0.319,50,30,48.18,85.39
22.83,782.5,3,0.737,22.61,45.27,662.4,425.3,44.9,14.4,0.3,50,30,48.18,85.44
22.82,781.8,3,0.749,22.63,45.36,658.9,421.2,44.7,15.4,0.314,50,30,48.18,85.52
22.81,781,3,0.732,22.71,45.6,654.3,436.3,45.3,16.3,0.352,50,30,48.18,85.35
22.8,780.3,3,0.743,22.9,45.49,652.6,456.3,44.3,17.7,0.447,50,30,48.18,85.13
22.79,779.5,3,0.719,22.73,45.59,651.3,420.2,45,17.8,0.363,50,30,48.18,85.36
22.79,778.7,3,0.733,22.61,45.59,650.3,427.3,47,17.9,0.301,50,30,48.18,85.31
22.78,777.9,3,0.706,22.87,46.18,648.2,414.5,45.2,17.5,0.434,50,30,48.18,84.9
22.77,777.1,3,0.692,22.8,46.02,648.1,432.3,45.9,17.1,0.398,50,30,48.18,85.03
22.76,776.2,3,0.694,22.69,46.21,647.1,419.6,44.4,16,0.34,50,30,48.18,85.75
22.75,775.4,3,0.716,22.76,46.11,644.9,436.5,45.8,16.4,0.375,50,30,48.18,85.26
22.75,774.5,3,0.706,22.46,45.42,642.4,422.3,45.3,17.2,0.229,50,30,48.18,86.19
22.74,773.6,3,0.709,22.46,45.6,638.5,446.1,44.9,16.6,0.228,50,30,48.18,86.55
22.73,772.7,4,0.685,22.6,45.44,637.7,270.6,46.5,14.6,0.299,0,0,0,83.18
22.72,771.8,4,0.701,22.61,45.19,640.9,419.9,45.9,13.8,0.302,50,30,48.18,84.99
22.71,770.9,5,0.685,22.68,45.44,645,427.9,47.3,11.4,0.337,50,30,48.18,84.26
22.7,770,6,0.674,22.74,45.9,652.6,400.9,47.3,9.1,0.365,50,30,48.18,83.71
22.69,769,6,0.696,22.88,46.13,657.1,417.7,45.5,4.1,0.436,50,30,48.18,83.47
22.68,768,6,0.706,22.87,47.02,663.5,417.9,48.2,1.4,0.433,50,30,48.18,82.75
22.67,767.1,6,0.685,22.8,47.49,668.2,413.4,46.4,0.4,0.396,50,30,48.18,83.59
22.66,766.1,6,0.682,22.82,48.1,673.9,424.3,47.8,0,0.407,50,30,48.18,83.41
22.65,765,6,0.683,22.92,48.12,676.6,417.4,48.3,0,0.458,50,30,48.18,82.82
22.64,764,6,0.666,23.27,48.4,677.8,423.6,46.4,0,0.633,50,30,48.18,82.23
22.63,763,6,0.665,22.77,48.11,680.9,753.8,47.3,0,0.382,100,100,100,81.43
22.62,761.9,6,0.689,22.8,48.2,683,409.6,47.7,0,0.4,50,30,48.18,83.37
22.61,760.8,6,0.666,22.92,48.56,689.7,403.4,48.2,0,0.456,50,30,48.18,82.87
22.6,759.8,6,0.679,22.99,48.94,693.8,405.4,46.9,0,0.494,50,30,48.18,83.14
22.59,758.7,6,0.69,22.85,49.19,696.2,421.3,48,0,0.424,50,30,48.18,83.58
22.58,757.5,6,0.675,23,49.3,699.3,260,47.7,0,0.5,0,0,0,80.98
22.56,756.4,6,0.66,22.85,49.69,704.1,420.8,46.7,0,0.422,50,30,48.18,84.18
22.55,755.3,6,0.662,22.9,49.5,709.9,397.2,50.4,0,0.448,50,30,48.18,82.57
22.54,754.1,6,0.683,22.71,49.69,714.4,417,45.9,0,0.355,50,30,48.18,84.89
22.53,752.9,6,0.697,22.66,49.58,717.9,416.9,47.3,0,0.33,50,30,48.18,84.59
22.52,751.8,6,0.678,22.77,49.23,723.5,418.7,45.8,0,0.385,50,30,48.18,84.54
22.51,750.6,6,0.691,22.8,49.28,725.4,397.2,48.7,0,0.402,50,30,48.18,83.33
22.49,749.3,6,0.714,22.71,49.18,725.4,406.3,47.7,0,0.353,50,30,48.18,84.05
22.48,748.1,6,0.695,22.92,49.05,726.2,398.8,48.8,0,0.457,50,30,48.18,82.83
22.47,746.9,6,0.68,23.02,48.85,726.6,398.9,46.4,0,0.509,50,30,48.18,83.07
22.46,745.6,6,0.687,22.54,48.52,726.7,754.7,46.5,0,0.27,100,100,100,82.65
22.44,744.3,6,0.699,22.74,48.49,725.3,406.7,46.9,0,0.366,50,30,48.18,83.95
22.43,743,6,0.696,22.67,48.66,732.5,446.9,47.5,0,0.333,50,30,48.18,84.49
22.42,741.7,6,0.681,22.59,48.74,731.7,416.8,47.8,0,0.293,50,30,48.18,84.41
22.4,740.4,6,0.7,22.61,48.2,734.7,399.8,48.7,0,0.305,50,30,48.18,83.7
22.39,739.1,6,0.679,22.82,48.38,735.3,387.8,46.6,0,0.41,50,30,48.18,83.48
22.38,737.8,6,0.686,22.75,48.15,736.8,416.3,47.5,0,0.373,50,30,48.18,83.7
22.36,736.4,6,0.687,22.86,48.13,738.8,410.2,47.4,0,0.427,50,30,48.18,83.24
22.35,735,6,0.677,22.94,48.01,740.7,408.8,47,0,0.469,50,30,48.18,82.98
22.34,733.6,6,0.657,23.03,47.97,743.3,392.7,48.5,0,0.511,50,30,48.18,82.04
22.32,732.2,6,0.665,23.01,47.95,742.4,408.1,49,0,0.504,50,30,48.18,82.1
22.31,730.8,6,0.67,22.78,48.08,743.4,393,49.2,0,0.391,50,30,48.18,82.77
22.29,729.4,6,0.672,22.66,48.64,744.7,397.3,45.9,0,0.331,50,30,48.18,84.45
22.28,728,6,0.693,22.82,49.08,748.3,396.9,47.3,0,0.411,50,30,48.18,83.62
22.27,726.5,6,0.697,22.81,49.1,754.4,384.5,47.4,0,0.405,50,30,48.18,83.51
22.25,725,6,0.689,22.75,48.6,758.1,403.4,46.9,0,0.373,50,30,48.18,83.9
22.24,723.6,6,0.679,22.86,49.24,756.3,252.3,48.8,0,0.427,0,0,0,80.93
22.22,722.1,6,0.703,23,48.88,758.9,392.3,47.7,0,0.501,50,30,48.18,82.69
22.21,720.6,6,0.684,22.99,48.67,760.7,391.2,48.5,0,0.495,50,30,48.18,82.4
22.19,719,6,0.687,22.89,48.85,762.4,408.4,47,0,0.446,50,30,48.18,83.47
22.17,717.5,6,0.681,22.97,49.34,762.3,381.9,48.1,0,0.486,50,30,48.18,82.76
22.16,715.9,6,0.708,22.95,48.54,764,399.9,47.8,0,0.475,50,30,48.18,82.8
22.14,714.4,6,0.724,23.11,48.8,765.3,403.5,47.3,0,0.552,50,30,48.18,82.53
22.13,712.8,6,0.722,23.02,49.06,765.9,399.8,47.6,0,0.508,50,30,48.18,82.8
22.11,711.2,6,0.714,22.92,49.65,767,404.5,48.2,0,0.457,50,30,48.18,83.28
22.1,709.6,6,0.734,22.93,50.06,766,400.3,47.5,0,0.467,50,30,48.18,83.48
22.08,708,6,0.711,23.09,49.77,769.6,405.2,49.2,0,0.546,50,30,48.18,82.37
22.06,706.4,6,0.715,22.81,49.05,768.5,763.3,47.5,0,0.405,100,100,100,81.41
22.05,704.7,6,0.722,22.88,49.35,770.7,414.2,47.8,0,0.438,50,30,48.18,83.52
22.03,703.1,6,0.743,22.95,48.82,772.5,409.9,48.1,0,0.476,50,30,48.18,82.91
22.01,701.4,6,0.752,22.79,48.44,773,421.4,47.5,0,0.393,50,30,48.18,83.68
22,699.7,6,0.728,22.66,48.93,772.8,406.7,46.8,0,0.33,50,30,48.18,84.41
21.98,698,6,0.725,22.7,48.8,776.3,395.2,48.3,0.1,0.347,50,30,48.18,83.68
21.96,696.3,6,0.74,22.6,48.07,776.8,739.7,48.1,0,0.3,100,100,100,82
21.95,694.6,6,0.73,22.83,48.16,775,417.2,47.4,0,0.412,50,30,48.18,83.44
21.93,692.8,6,0.749,22.78,48.28,773.3,393.5,48.7,0,0.388,50,30,48.18,83.02
21.91,691.1,6,0.733,22.81,48.52,775.3,391.9,46.7,0,0.406,50,30,48.18,83.57
21.89,689.3,6,0.731,22.97,48.97,772.6,392.9,47.6,0,0.485,50,30,48.18,82.88
21.88,687.5,6,0.72,22.97,48.76,771.6,396.2,49.3,0,0.482,50,30,48.18,82.35
21.86,685.7,6,0.716,22.71,48.87,773.5,389.9,49.1,0,0.354,50,30,48.18,83.36
21.84,683.9,6,0.689,22.91,49.25,773.5,223.9,47,0,0.456,0,0,0,80.41
21.82,682.1,6,0.701,22.9,49.55,772.6,249.9,46.2,0,0.449,0,0,0,81.59
21.8,680.3,6,0.724,22.9,49.9,769.6,392.8,48.1,0,0.452,50,30,48.18,83.33
21.78,678.4,6,0.706,23.06,49.16,768.8,391.2,47.9,0,0.531,50,30,48.18,82.49
21.77,676.6,6,0.71,22.85,48.58,770.1,396.9,47.4,0,0.426,50,30,48.18,83.27
21.75,674.7,6,0.705,22.88,48.33,768.9,394.8,47.7,0,0.437,50,30,48.18,82.98
21.73,672.8,6,0.697,22.88,48.96,768.8,372.8,48.5,0,0.44,50,30,48.18,82.76
21.71,670.9,6,0.71,22.78,48.89,769.8,378.7,48.2,0,0.387,50,30,48.18,83.28
21.69,669,6,0.689,22.81,48.6,768.2,379.2,48.9,0,0.403,50,30,48.18,82.83
21.67,667.1,6,0.711,22.73,48.82,768.4,384.2,48.4,0,0.366,50,30,48.18,83.38
21.65,665.2,6,0.701,22.83,48.95,769.6,384.7,47,0,0.414,50,30,48.18,83.5
21.63,663.2,6,0.678,22.78,48.56,770.8,370.4,47.1,0,0.387,50,30,48.18,83.4
21.61,661.3,6,0.672,22.78,48.3,769.4,357.9,48.6,0,0.39,50,30,48.18,82.7
21.59,659.3,6,0.658,22.91,47.94,772.2,373.7,47.3,0,0.452,50,30,48.18,82.65
21.57,657.3,6,0.688,22.91,48.2,774.1,362.1,46.1,0,0.451,50,30,48.18,82.98
21.55,655.3,6,0.676,22.8,48.51,774.9,341.3,48.9,0,0.397,50,30,48.18,82.46
21.53,653.3,6,0.688,22.83,49.12,776,363.4,47,0,0.412,50,30,48.18,83.36
21.51,651.3,6,0.702,22.79,49.78,778.7,380.6,44.5,0,0.396,50,30,48.18,84.67
21.49,649.3,6,0.71,22.74,49.31,778.9,377,49.2,0,0.369,50,30,48.18,83.24
21.47,647.2,6,0.732,22.53,49.18,781.4,386.4,47.3,0,0.265,50,30,48.18,84.64
21.45,645.2,6,0.708,22.64,49.52,782.7,366.9,48.7,0,0.318,50,30,48.18,83.74
21.43,643.1,6,0.682,22.55,49.3,780.8,359.2,47.9,0,0.275,50,30,48.18,84.17
21.41,641,6,0.683,22.74,49.63,781.8,229.6,48.3,0,0.371,0,0,0,80.99
21.39,638.9,6,0.707,22.7,49.27,783.5,366.5,48.7,0,0.35,50,30,48.18,83.4
21.37,636.8,6,0.714,22.77,49.12,782.5,386.7,48.9,0,0.382,50,30,48.18,83.26
21.35,634.7,6,0.688,22.76,48.62,781.7,351.8,45.2,0,0.378,50,30,48.18,83.87
21.33,632.6,6,0.672,22.76,48.91,781.8,366.9,45.5,0,0.38,50,30,48.18,84.02
21.3,630.4,6,0.681,22.81,48.93,780.5,215.9,50.1,0,0.405,0,0,0,79.51
21.28,628.3,6,0.676,22.8,48.62,778.1,339.4,49.3,0,0.398,50,30,48.18,82.37
21.26,626.1,6,0.665,22.65,48.87,779.5,348.5,48.5,0,0.326,50,30,48.18,83.34
21.24,623.9,6,0.693,22.46,48.71,779.6,689.5,46.7,0.6,0.228,100,100,100,84.03
21.22,621.7,6,0.716,22.51,48.88,779.7,373.5,49.3,0,0.255,50,30,48.18,83.87
21.2,619.5,6,0.715,22.57,48.69,780.9,373.8,47.8,0,0.282,50,30,48.18,84.05
21.17,617.3,6,0.722,22.6,48.64,781,378.3,48.6,0,0.3,50,30,48.18,83.7
21.15,615.1,6,0.711,22.51,48.77,782,388.7,48.6,0,0.255,50,30,48.18,84.2
21.13,612.8,6,0.703,22.75,49.67,781.4,212.3,48.1,0,0.373,0,0,0,80.52
21.11,610.6,6,0.69,22.82,49.72,781.9,366.4,48.9,0,0.41,50,30,48.18,83.06
21.08,608.3,6,0.704,22.74,49.83,784.1,710.9,48.5,0,0.371,100,100,100,82.44
21.06,606.1,6,0.721,22.57,50.01,781.6,367.9,48.7,0,0.285,50,30,48.18,84.18
21.04,603.8,6,0.73,22.56,49.85,779.7,387.3,48.7,0,0.282,50,30,48.18,84.35
21.01,601.5,6,0.727,22.6,49.5,778.3,365.5,47.7,0,0.298,50,30,48.18,84.19
20.99,599.2,6,0.723,22.52,49.29,780.2,364.3,47.7,0,0.26,50,30,48.18,84.38
20.97,596.8,6,0.703,22.52,49.31,780.8,372,49,0,0.262,50,30,48.18,84.07
20.95,594.5,6,0.704,22.56,49.67,783.3,354.3,47.1,0,0.28,50,30,48.18,84.45
20.92,592.2,6,0.711,22.71,49.83,781.3,365.4,47.9,0,0.357,50,30,48.18,83.79
20.9,589.8,6,0.727,22.74,49.87,780.3,214.7,48.4,0,0.369,0,0,0,80.6
20.87,587.5,6,0.701,22.57,50.19,780.1,353.8,47.2,0,0.284,50,30,48.18,84.45
20.85,585.1,6,0.706,22.64,50.39,780.2,369.3,46.6,0,0.319,50,30,48.18,84.44
20.83,582.7,6,0.698,22.62,50.44,780.9,353.7,48.4,0,0.309,50,30,48.18,83.8
20.8,580.3,6,0.72,22.31,50.17,782.4,691.3,50,0,0.153,100,100,100,83.92
20.78,577.9,6,0.731,22.4,50.59,781.2,365.2,48.2,0,0.198,50,30,48.18,84.74
20.75,575.5,6,0.726,22.3,51.02,779.9,355.3,48.1,0,0.151,50,30,48.18,84.88
20.73,573,6,0.732,22.34,50.66,778.4,375.2,48.4,0,0.169,50,30,48.18,84.98
20.71,570.6,6,0.717,22.55,50.61,776.3,193.4,47.2,0,0.274,0,0,0,80.85
20.68,568.1,6,0.703,22.6,50.59,775.5,344.8,47.6,0,0.299,50,30,48.18,83.96
20.66,565.7,6,0.698,22.57,50.37,774.3,354,47.3,0,0.285,50,30,48.18,84.34
20.63,563.2,6,0.678,22.45,49.74,776.7,330.2,48.3,0,0.225,50,30,48.18,84.29
20.61,560.7,6,0.664,22.57,50.17,779.9,183.3,47.4,0,0.287,0,0,0,80.57
20.58,558.2,6,0.689,22.55,50.34,779.4,344.6,47.8,0,0.274,50,30,48.18,84.18
20.56,555.7,6,0.685,22.51,50.36,779.2,349.9,46.5,0,0.257,50,30,48.18,84.75
20.53,553.2,6,0.708,22.67,50.88,778.7,203.9,51.2,0,0.334,0,0,0,79.42
20.51,550.7,6,0.713,22.62,50.49,778.6,345.5,49.2,0,0.313,50,30,48.18,83.41
20.48,548.1,6,0.731,22.55,50.43,779,342.1,49.2,0,0.275,50,30,48.18,83.7
20.46,545.6,6,0.738,22.62,50.64,781.1,186.1,47.5,0,0.309,0,0,0,80.28
20.43,543,6,0.716,22.42,50.18,782.3,363.4,47.5,0,0.211,50,30,48.18,84.98
20.4,540.5,6,0.689,22.58,50.24,784.4,327.8,48.3,0,0.288,50,30,48.18,83.8
20.38,537.9,6,0.677,22.81,50.73,786.8,179,49.4,0,0.404,0,0,0,78.76
20.35,535.3,6,0.695,22.76,50.59,786.2,333.8,48.3,0,0.382,50,30,48.18,83.02
20.33,532.7,6,0.704,22.55,50.5,786.7,336.8,48.7,0,0.276,50,30,48.18,83.77
20.3,530.1,6,0.706,22.45,50.62,788,339.6,50,0,0.227,50,30,48.18,83.71
20.27,527.5,6,0.709,22.55,50.99,788,332.9,49.1,0,0.276,50,30,48.18,83.42
20.25,524.8,6,0.693,22.45,50.19,787,323.2,48.2,0,0.223,50,30,48.18,84.29
20.22,522.2,6,0.679,22.35,50.1,791,336.2,48.7,0,0.176,50,30,48.18,84.66
20.2,519.6,6,0.669,22.32,49.77,791.1,315.3,46.2,0,0.162,50,30,48.18,85.24
20.17,516.9,6,0.693,22.52,49.64,793.1,329.2,48.2,0,0.259,50,30,48.18,84.02
20.14,514.2,6,0.705,22.29,49.71,791.8,333.5,48.4,0,0.146,50,30,48.18,84.87
20.12,511.6,6,0.68,22.2,49.22,792.9,328.4,47.4,0,0.099,50,30,48.18,85.29
20.09,508.9,6,0.671,22.26,49.33,796.6,298.1,47.5,0,0.13,50,30,48.18,84.74
20.06,506.2,6,0.7,22.35,49.61,796,329.5,46.7,0,0.174,50,30,48.18,85.08
20.03,503.5,6,0.697,22.26,49.46,796.2,681.4,48.2,0,0.131,100,100,100,84.63
20.01,500.7,6,0.701,22.16,49.5,794.6,325.2,46.7,0,0.078,50,30,48.18,85.73
19.98,498,6,0.685,22.15,49.46,798.9,303.7,48.1,0,0.076,50,30,48.18,85.11
19.95,495.3,6,0.704,22.18,49.76,795.7,183.4,47.8,0,0.09,0,0,0,81.9
19.93,492.5,6,0.683,22.41,49.62,796.6,328.3,49,0,0.205,50,30,48.18,84.16
19.9,489.8,6,0.695,22.28,49.66,798.3,311.7,47.8,0,0.14,50,30,48.18,84.86
19.87,487,6,0.702,22.29,49.36,798.9,651.5,47.7,0,0.146,100,100,100,85.09
19.84,484.2,6,0.686,22.25,49.23,795,333.8,46.5,0,0.126,50,30,48.18,85.41
19.81,481.5,6,0.686,22.01,49.09,792.6,675.7,49.1,0,0.003,100,100,100,85.29
19.79,478.7,6,0.694,21.89,48.18,793.9,325.3,48.9,0,-0.055,50,30,48.18,84.74
19.76,475.9,6,0.686,22.02,48.89,793.5,310.8,48,0,0.011,50,30,48.18,85.46
19.73,473,6,0.671,22.19,48.87,797.5,330.7,48.5,0,0.094,50,30,48.18,84.9
19.7,470.2,6,0.688,22.15,49.42,800.2,306.8,48.5,0,0.077,50,30,48.18,84.97
19.67,467.4,6,0.684,22.19,49.43,800.2,301.2,47.3,0,0.095,50,30,48.18,85.15
19.65,464.6,6,0.71,22.2,49.36,804.5,326.6,46.6,0,0.101,50,30,48.18,85.49
19.62,461.7,6,0.73,22.1,49.34,802.7,319.3,48.1,0,0.052,50,30,48.18,85.35
19.59,458.9,6,0.715,22.13,49.01,802.1,292.6,48.3,0,0.065,50,30,48.18,84.66
19.56,456,6,0.691,22.17,48.97,798.7,309.7,47.5,0,0.084,50,30,48.18,85.08
19.53,453.1,6,0.687,22.12,48.86,800.3,316.4,48.5,0,0.058,50,30,48.18,85.02
19.5,450.2,6,0.68,21.93,49.16,802.8,298.5,48.7,0,-0.037,50,30,48.18,84.97
19.47,447.4,6,0.703,22.03,49.32,806.2,323.4,47.7,0,0.013,50,30,48.18,85.75
19.44,444.5,6,0.696,22.02,49.74,806.3,290.5,47,0,0.009,50,30,48.18,85.63
19.42,441.5,6,0.721,21.91,49.94,805.7,293.1,48.2,0,-0.043,50,30,48.18,85.19
19.39,438.6,6,0.727,21.95,50.23,804.5,301.1,47.5,0,-0.025,50,30,48.18,85.68
19.36,435.7,6,0.701,22.27,50.13,808.1,301.2,47.4,0,0.136,50,30,48.18,84.89
19.33,432.8,6,0.688,22.15,50.07,804.1,300.1,47.2,0,0.077,50,30,48.18,85.45
19.3,429.8,6,0.714,22.09,49.83,802.8,331.2,48.6,0,0.043,50,30,48.18,85.56
19.27,426.9,6,0.691,22.08,49.74,802.5,620.8,48.5,0,0.042,100,100,100,86.21
19.24,423.9,6,0.701,22.19,50.05,798.8,276.3,48.2,0,0.097,50,30,48.18,84.34
19.21,421,6,0.72,22.08,50.03,796.9,293.6,45.7,0,0.04,50,30,48.18,86.05
19.18,418,6,0.694,22.1,50.35,800.3,285,48.9,0,0.049,50,30,48.18,84.64
19.15,415,6,0.719,21.94,50.25,800.3,292.1,47.9,0,-0.032,50,30,48.18,85.32
19.12,412,6,0.736,21.85,50.83,801.2,167.2,46.9,0,-0.075,0,0,0,81.55
19.09,409,6,0.738,21.92,50.61,799,293.5,48.5,0,-0.041,50,30,48.18,84.96
19.06,406,6,0.753,21.94,50.42,800.3,298.4,48.8,0,-0.03,50,30,48.18,85.2
19.03,403,6,0.738,21.84,50.43,800.4,290.2,47.2,0,-0.082,50,30,48.18,85.03
19,400,6,0.742,21.86,49.87,796.5,645.9,47.1,0.4,-0.071,100,100,100,86.15
18.97,397,6,0.741,21.8,49.17,797.3,292.2,49.1,0,-0.098,50,30,48.18,84.25
18.94,393.9,6,0.737,21.68,48.77,796.9,289.9,46.7,0,-0.16,50,30,48.18,84.3
18.91,390.9,6,0.738,21.66,49.28,799,306.8,49.1,0,-0.17,50,30,48.18,84.06
18.88,387.8,6,0.725,21.77,49.24,797.9,295,45.5,0,-0.113,50,30,48.18,85.32
18.85,384.8,6,0.725,21.74,49.61,796.5,283.2,47.5,0,-0.132,50,30,48.18,84.37
18.82,381.7,6,0.728,21.85,49.5,795.4,314.7,45.7,0,-0.074,50,30,48.18,85.94
18.79,378.7,6,0.705,21.88,49.48,796.3,275.9,48.8,0,-0.059,50,30,48.18,84.26
18.76,375.6,6,0.694,21.88,49.27,794.8,274.8,46.9,0,-0.061,50,30,48.18,84.71
18.72,372.5,6,0.699,21.9,49.29,792.7,282.8,47.4,0,-0.047,50,30,48.18,84.89
18.69,369.4,6,0.708,21.75,49,790.7,288.7,46.6,0,-0.124,50,30,48.18,84.64
18.66,366.3,6,0.72,21.71,49.1,788.3,281.8,47.4,0,-0.145,50,30,48.18,84.06
18.63,363.2,6,0.713,21.79,49.05,791.1,272.1,46.9,0,-0.103,50,30,48.18,84.21
18.6,360.1,6,0.707,21.6,49.26,792.4,282.3,47.7,0,-0.201,50,30,48.18,83.63
18.57,357,6,0.684,21.61,49.53,791.8,269.1,48.2,0,-0.193,50,30,48.18,83.24
18.54,353.8,6,0.671,21.4,49.48,790.6,274.2,45.7,0,-0.3,50,30,48.18,83.31
18.51,350.7,6,0.699,21.8,48.86,791.2,270.4,49,0,-0.098,50,30,48.18,83.5
18.48,347.6,6,0.686,21.72,48.77,796.3,261.9,46.8,0,-0.141,50,30,48.18,83.54
18.44,344.4,6,0.668,21.7,48.79,795.9,272.7,48,0,-0.148,50,30,48.18,83.47
18.41,341.3,6,0.681,21.84,49.05,797,259.4,48.7,0,-0.08,50,30,48.18,83.46
18.38,338.1,6,0.697,21.66,48.56,796.7,263.7,48.2,0,-0.168,50,30,48.18,82.9
18.35,334.9,6,0.673,21.81,48.21,796.8,278.7,47.2,0,-0.094,50,30,48.18,84.1
18.32,331.8,6,0.654,21.86,48.08,796,255.1,47.4,0,-0.068,50,30,48.18,83.47
18.29,328.6,6,0.679,22.16,48.41,798.4,264.7,47.4,0,0.078,50,30,48.18,83.79
18.25,325.4,6,0.706,21.84,48.53,793.7,256.4,47.5,0,-0.081,50,30,48.18,83.53
18.22,322.2,6,0.688,21.94,49.43,794.9,259.1,49.2,0,-0.028,50,30,48.18,83.86
18.19,319,6,0.666,21.98,48.78,798.1,601.5,48.1,0,-0.011,100,100,100,86.5
18.16,315.8,6,0.65,21.89,49.42,798.7,250.3,49.5,0,-0.057,50,30,48.18,83.28
18.13,312.6,6,0.664,21.82,49.9,796.8,253.3,47.9,0,-0.091,50,30,48.18,83.77
18.09,309.4,6,0.646,21.8,49.66,799.5,255,48.6,0,-0.102,50,30,48.18,83.45
18.06,306.1,6,0.638,21.94,49.59,800.2,251.1,46.2,0,-0.03,50,30,48.18,84.57
18.03,302.9,6,0.642,21.84,49.1,802.4,252.4,46.5,0,-0.082,50,30,48.18,83.89
18,299.7,6,0.65,21.91,49.2,802.7,265.8,45.9,0,-0.047,50,30,48.18,84.78
17.96,296.4,6,0.672,21.74,49.41,801.7,252.8,48.9,0,-0.128,50,30,48.18,82.99
17.93,293.2,6,0.652,21.67,48.96,804.1,239,48.1,0,-0.166,50,30,48.18,82.3
17.9,290,6,0.637,21.79,49.05,802.1,253.7,49.5,0,-0.107,50,30,48.18,82.84
17.87,286.7,6,0.623,21.82,48.88,800.6,245.2,48.5,0,-0.092,50,30,48.18,82.95
17.83,283.4,6,0.638,21.87,49.45,804.7,235.1,50.5,0,-0.067,50,30,48.18,82.41
17.8,280.2,6,0.633,21.79,49.67,803.2,248.4,45.6,0,-0.107,50,30,48.18,84.07
17.77,276.9,6,0.667,21.82,49.5,804.9,237.6,46.6,0,-0.092,50,30,48.18,83.46
17.74,273.6,6,0.655,21.84,49.47,806.5,103.9,49.4,0,-0.082,0,0,0,78.92
17.7,270.3,6,0.669,21.92,49.11,805.9,233.9,49,0,-0.038,50,30,48.18,82.88
17.67,267,6,0.666,21.77,49.28,807.3,248,48.2,0,-0.115,50,30,48.18,83.02
17.64,263.8,6,0.651,21.61,49.45,805.7,251.9,47,0,-0.196,50,30,48.18,82.97
17.6,260.5,6,0.642,21.55,49.75,804.9,233.7,48.2,0,-0.225,50,30,48.18,81.97
17.57,257.2,6,0.662,21.89,49.01,802.6,597,47.7,0,-0.052,100,100,100,84.91
17.54,253.8,6,0.659,21.68,48.86,802.9,226.3,48.9,0,-0.158,50,30,48.18,81.74
17.51,250.5,6,0.64,21.68,49.08,804,237.8,49.6,0,-0.162,50,30,48.18,81.92
17.47,247.2,6,0.67,21.62,49.01,801.5,237.1,46.9,0,-0.188,50,30,48.18,82.51
17.44,243.9,6,0.666,21.64,48.67,802.9,218.7,47.5,0,-0.18,50,30,48.18,81.68
17.41,240.6,6,0.659,21.64,48.48,802.5,232.4,47.2,0,-0.18,50,30,48.18,82.11
17.37,237.2,6,0.668,21.7,48.47,800.5,248,47.7,0,-0.147,50,30,48.18,82.7
17.34,233.9,6,0.676,21.84,48.81,801.6,585.9,48.5,0,-0.077,100,100,100,84.54
17.31,230.6,6,0.693,21.57,49.16,801.8,235.1,48.5,0,-0.215,50,30,48.18,81.82
17.27,227.2,6,0.671,21.49,49.62,802.2,224.6,47.4,0,-0.255,50,30,48.18,81.7
17.24,223.9,6,0.659,21.75,49.49,800.6,579.8,47.2,0,-0.127,100,100,100,84.88
17.21,220.5,6,0.669,21.67,49.26,800.5,211.6,50.1,0,-0.165,50,30,48.18,81.06
17.17,217.2,6,0.657,21.48,49.55,801,216.8,47.5,0,-0.261,50,30,48.18,81.37
17.14,213.8,6,0.651,21.55,49.41,801.6,220.3,47.4,0,-0.223,50,30,48.18,81.72
17.1,210.4,6,0.671,21.66,48.91,801,214.2,47.1,0,-0.17,50,30,48.18,81.87
17.07,207.1,6,0.657,21.67,49.98,799.8,225.9,47.4,0,-0.167,50,30,48.18,82.56
17.04,203.7,6,0.659,21.44,49.7,801.8,221,47.8,0,-0.28,50,30,48.18,81.32
17,200.3,6,0.655,21.47,49.57,801.8,229.5,46.5,0,-0.264,50,30,48.18,82.04
16.97,196.9,6,0.639,21.51,48.49,802.4,220.2,49.6,0,-0.245,50,30,48.18,80.54
16.94,193.5,6,0.625,21.52,48.37,805.5,212.6,47.7,0,-0.241,50,30,48.18,80.84
16.9,190.1,6,0.611,21.42,48.92,805.5,219.2,46.9,0,-0.289,50,30,48.18,81.14
16.87,186.8,6,0.609,21.23,49.26,805.7,68.8,48.8,0,-0.385,0,0,0,74.29
16.83,183.4,6,0.638,21.21,49.03,807,186.8,48.5,0,-0.394,50,30,48.18,78.89
16.8,180,6,0.62,21.39,49.46,808.2,193.5,45.4,0,-0.302,50,30,48.18,80.87
16.77,176.6,6,0.641,21.37,50.18,808.3,204.5,47.9,0,-0.317,50,30,48.18,80.48
16.73,173.2,6,0.627,21.27,50.14,808.3,215.1,47.8,0,-0.366,50,30,48.18,80.47
16.7,169.7,6,0.655,21.43,50.19,806.3,187.9,49.6,0,-0.287,50,30,48.18,79.73
16.66,166.3,6,0.655,21.07,49.94,804.6,210.6,46.7,0,-0.466,50,30,48.18,80.01
16.63,162.9,6,0.632,21.15,50.21,806.2,207.6,49.2,0,-0.427,50,30,48.18,79.35
16.59,159.5,6,0.612,21.1,49.41,808.7,177.2,49.6,0,-0.451,50,30,48.18,78
16.56,156.1,6,0.593,21.14,49.26,811.2,190.9,48.5,0,-0.432,50,30,48.18,78.77
16.53,152.6,6,0.61,21.31,49.47,811.5,205.6,46.5,0,-0.345,50,30,48.18,80.54
16.49,149.2,6,0.594,21.29,49.4,814.2,197.8,46.6,0,-0.355,50,30,48.18,80.15
16.46,145.8,6,0.608,21.3,49.93,810.8,202,47.5,0,-0.352,50,30,48.18,80.28
16.42,142.4,6,0.591,21.48,49.54,811.9,190.1,48.7,0,-0.261,50,30,48.18,80.07
16.39,138.9,5,0.612,21.33,49.7,813.7,179.6,46.9,0,-0.333,50,30,48.18,79.78
16.35,135.5,5,0.615,21.29,49.94,815.3,188,47.3,0,-0.355,50,30,48.18,79.82
16.32,132,5,0.616,21.05,50.43,814.6,46.1,47.8,0,-0.474,0,0,0,72.21
16.29,128.6,5,0.61,20.98,50.34,813.4,187.8,47.4,0,-0.51,50,30,48.18,78.56
16.25,125.1,5,0.587,20.91,50.43,810.1,185.9,47.7,0,-0.548,50,30,48.18,78.13
16.22,121.7,5,0.571,21,50.24,808.4,177.9,47.2,0,-0.5,50,30,48.18,78.49
16.18,118.2,5,0.59,20.99,50.59,807.5,198.2,45.9,0,-0.504,50,30,48.18,79.34
16.15,114.8,5,0.6,21.37,50.16,810.2,544.9,48.8,0,-0.315,100,100,100,83.36
16.11,111.3,5,0.62,21.29,49.89,807.2,186.6,47,0,-0.354,50,30,48.18,79.98
16.08,107.9,5,0.598,21.31,49.42,809.7,159.8,48.2,0,-0.344,50,30,48.18,78.68
16.04,104.4,5,0.601,21.48,49.5,808.3,533.6,46.8,0,-0.258,100,100,100,84.41
16.01,101,5,0.603,21.45,49.63,809.4,180,47.6,0,-0.277,50,30,48.18,80.04
15.97,97.5,4,0.609,21.32,49.49,804.4,179.4,46,0,-0.341,50,30,48.18,80.02
15.94,94,4,0.618,21.37,48.97,802,179.3,46,0,-0.316,50,30,48.18,80.07
15.91,90.6,4,0.618,21.27,49,798.7,169.4,48,0,-0.365,50,30,48.18,78.84
15.87,87.1,4,0.596,20.99,48.58,798,154.4,45.7,0.8,-0.503,50,30,48.18,77.95
15.84,83.6,4,0.587,20.94,48.31,794.8,185.8,47.6,1,-0.528,50,30,48.18,78.06
15.8,80.2,4,0.595,21.07,48.36,793.6,189.3,45.6,0.3,-0.465,50,30,48.18,79.2
15.77,76.7,4,0.6,21.04,48.27,796,183.2,47,0,-0.48,50,30,48.18,78.4
15.73,73.2,4,0.589,21.18,48.39,793.5,177.5,45.4,0,-0.41,50,30,48.18,79.28
15.7,69.7,4,0.604,21.09,48.21,792.9,177.9,45.2,0,-0.455,50,30,48.18,78.96
15.66,66.2,4,0.572,21.12,47.94,788.9,169.6,46.2,0,-0.438,50,30,48.18,78.42
15.63,62.8,4,0.55,21.07,48.26,790.4,158.5,44.7,1.1,-0.462,50,30,48.18,78.59
15.59,59.3,4,0.57,21.02,48.28,784.2,166.1,46,0.3,-0.486,50,30,48.18,78.19
15.56,55.8,4,0.548,20.9,48.39,783.3,5.4,47.4,0.1,-0.548,0,0,0,68.47
15.52,52.3,4,0.549,20.99,48.65,780.2,176.2,43.9,0,-0.504,50,30,48.18,79.09
15.49,48.8,4,0.563,20.83,48.43,777.7,161.9,46.7,0,-0.582,50,30,48.18,77.16
15.45,45.4,4,0.542,20.96,48.39,777.1,156.6,46.7,0,-0.52,50,30,48.18,77.44
15.42,41.9,4,0.515,20.7,48.76,781,158.5,45.1,0,-0.647,50,30,48.18,77.16
15.38,38.4,4,0.501,20.8,48.88,780.6,160.2,47,0.5,-0.598,50,30,48.18,77.1
15.35,34.9,4,0.513,20.83,48.71,780,146.6,46.5,0,-0.583,50,30,48.18,76.83
15.31,31.4,4,0.525,20.89,48.41,780.6,150.3,45.4,0,-0.552,50,30,48.18,77.42
15.28,27.9,4,0.496,21.12,48.03,779.7,172.4,45.6,0,-0.437,50,30,48.18,78.75
15.24,24.4,4,0.475,21.08,47.59,778.3,159.1,47,0.5,-0.46,50,30,48.18,77.62
15.21,20.9,4,0.491,21.22,47.5,779.1,160,45.6,0,-0.387,50,30,48.18,78.54
15.17,17.5,4,0.476,21.19,48.09,777,181.9,44.6,0,-0.403,50,30,48.18,79.59
15.14,14,4,0.454,21.14,48.12,778.9,155.1,45.5,0,-0.43,50,30,48.18,78.33
15.1,10.5,3,0.471,21.03,48.13,773.4,172,45.6,0,-0.482,50,30,48.18,78.42
15.07,7,3,0.445,21.16,48.1,769.7,150.9,46.1,0,-0.418,50,30,48.18,78.1
15.03,3.5,3,0.427,21.2,48.29,769.3,151.3,46.2,0.2,-0.398,50,30,48.18,78.32
15,0,3,0.451,21.16,48.24,769.2,141.9,45.2,0,-0.419,50,30,48.18,78.15
14.97,0,3,0.369,21.15,47.76,766.9,159.3,44.3,0.6,-0.425,50,30,48.18,78.78
14.93,0,3,0.316,21.64,47.74,766.8,506.3,44.1,0,-0.181,100,100,100,85.52
14.9,0,3,0.254,21.6,47.32,767.2,161.8,44.6,0,-0.199,50,30,48.18,80.23
14.86,0,3,0.207,21.69,47.59,766.3,175.1,45.6,0,-0.152,50,30,48.18,80.79
14.83,0,3,0.166,21.78,47.12,769.1,160.5,44.5,0,-0.111,50,30,48.18,80.8
14.79,0,3,0.158,21.69,47.27,768.4,162.1,44.5,0,-0.153,50,30,48.18,80.61
14.76,0,3,0.144,21.59,47.95,772.2,146.8,44.7,1.4,-0.204,50,30,48.18,80.1
14.72,0,3,0.119,21.8,48.3,773,140.8,43.6,0,-0.101,50,30,48.18,81.01
14.69,0,3,0.113,21.9,48.37,775.2,145.5,44.3,0,-0.049,50,30,48.18,81.35
14.65,0,2,0.084,21.92,48.4,774,148.6,41.1,0.2,-0.039,50,30,48.18,82.51
14.62,0,2,0.059,21.98,48.85,772.8,154.3,42.3,1.3,-0.012,50,30,48.18,82.79
14.58,0,2,0.047,22.06,48.99,775.2,147.1,43.9,2.1,0.031,50,30,48.18,82.09
14.55,0,2,0.05,21.97,49.46,777.2,151.4,43,0.8,-0.015,50,30,48.18,82.68
14.51,0,2,0.051,21.93,49.3,779.5,155.4,42.2,0.8,-0.036,50,30,48.18,82.8
14.48,0,2,0.071,22.03,49.41,779.4,495.3,42.5,1.6,0.017,100,100,100,88.1
14.44,0,2,0.074,22.2,49.05,778.5,148.6,43.2,1.3,0.098,50,30,48.18,81.8
14.41,0,2,0.092,22.07,49.31,776.6,156.1,41.7,2.4,0.037,50,30,48.18,83.13
14.37,0,2,0.094,21.87,49.23,775,148.1,44.5,1.5,-0.066,50,30,48.18,81.74
14.34,0,2,0.064,22,49.41,775.3,172.1,43.9,1.4,0.001,50,30,48.18,83.17
14.3,0,2,0.042,21.85,49.44,775.2,155.3,42.9,0.8,-0.075,50,30,48.18,82.36
14.27,0,2,0.06,21.85,49.37,774.2,141.3,43.5,0.4,-0.076,50,30,48.18,81.68
14.23,0,2,0.059,22.05,48.96,772.7,522.2,43,2.4,0.025,100,100,100,87.55
14.2,0,2,0.063,21.85,49.08,773.5,159.4,41.6,0.1,-0.076,50,30,48.18,82.64
14.16,0,2,0.065,22.06,48.84,772.3,161.9,43.4,0,0.031,50,30,48.18,82.42
14.13,0,2,0.059,22.04,48.56,772.4,142.1,42.8,0.6,0.021,50,30,48.18,82.03
14.09,0,2,0.073,22.17,48.52,775.7,149,43.7,0.8,0.084,50,30,48.18,81.51
14.06,0,2,0.072,22.09,48.46,775.7,126.4,43.7,0,0.045,50,30,48.18,81.01
14.03,0,2,0.086,22.08,48.74,776.6,149.2,43.4,1,0.039,50,30,48.18,82.05
13.99,0,2,0.089,22.01,48.59,774.7,147.7,44.2,3.1,0.005,50,30,48.18,82.17
13.96,0,2,0.088,21.88,48.38,772.9,1.1,45.6,2,-0.06,0,0,0,72.53
13.92,0,1,0.088,21.89,48.19,773.2,0,38.6,1.8,-0.055,0,0,0,74.1
13.89,0,1,0.06,22.08,48.51,771.1,142.3,40.3,2.3,0.041,50,30,48.18,82.79
13.85,0,1,0.072,21.74,48.32,770.3,120.6,42.1,3,-0.127,50,30,48.18,80.96
13.82,0,1,0.069,21.84,47.79,771.6,508.7,38.2,3.5,-0.078,100,100,100,87.85
13.78,0,1,0.079,21.79,47.97,771.1,159.6,39.9,5.1,-0.107,50,30,48.18,82.99
13.75,0,1,0.073,21.77,47.7,764.9,509.4,41.8,7.7,-0.114,100,100,100,87.41
13.71,0,1,0.046,21.84,47.6,762.9,160.9,43,9,-0.078,50,30,48.18,82.59
13.68,0,1,0.05,21.91,48,757.7,0,40.7,9.6,-0.044,0,0,0,74.66
13.65,0,1,0.047,21.84,47.5,757.7,152.9,41,10.7,-0.079,50,30,48.18,83.09
13.61,0,1,0.058,22.06,47.97,760.1,141.1,38.1,11.9,0.028,50,30,48.18,83.71
13.58,0,1,0.037,22.2,48.2,754.7,150.3,39.6,12.9,0.099,50,30,48.18,83.64
13.54,0,1,0.018,22.19,48.31,752.9,134.8,41.5,14.6,0.095,50,30,48.18,82.96
13.51,0,1,0.021,22.32,48.44,748.9,150.5,39,15.7,0.162,50,30,48.18,83.54
13.47,0,1,0.044,22.12,48.49,745.8,511.2,39.5,16.4,0.058,100,100,100,89.53
13.44,0,1,0.042,22.06,48.36,744.8,0,40.2,17,0.028,0,0,0,75.82
13.41,0,1,0.02,22.07,48.23,746.3,148.3,41.8,18.8,0.037,50,30,48.18,84.1
13.37,0,1,0.007,21.96,48.17,747.4,135.6,42,17.9,-0.021,50,30,48.18,83.69
13.34,0,1,0.025,21.99,48.46,747.3,152.4,40.7,17.9,-0.006,50,30,48.18,84.8
13.3,0,0,0.032,21.99,48.11,742.3,139.4,29.5,19.4,-0.004,50,30,48.18,84.64
13.27,0,0,0.028,21.91,47.85,739.5,141.7,30.6,21.3,-0.046,50,30,48.18,84.48
13.23,0,0,0.036,22,47.74,738,144.4,31.7,24,0,50,30,48.18,85.14
13.2,0,0,0.022,21.8,47.09,734.6,143.3,29.2,26.7,-0.1,50,30,48.18,84.39
13.17,0,0,0.028,21.74,47.01,733.1,151.5,30.7,29.4,-0.129,50,30,48.18,84.65
13.13,0,0,0.028,21.57,46.58,730.6,143.9,30.9,32.5,-0.213,50,30,48.18,83.94
13.1,0,0,0.009,21.6,46.49,725.8,127,30.3,33.5,-0.201,50,30,48.18,83.6
13.06,0,0,0,21.88,46.28,722.1,160.6,28.8,36.6,-0.059,50,30,48.18,85.9
13.03,0,0,0,22.01,46.3,715.8,11.2,30.7,37.4,0.004,0,0,0,78.16
13,0,0,0,21.98,46.44,708.9,144.1,29.5,39.3,-0.009,50,30,48.18,86.11
12.96,0,0,0.018,22.06,46.44,705.6,170.8,29.2,41.3,0.032,50,30,48.18,86.94
12.93,0,0,0,21.87,46.59,705.4,150.8,30.8,43.6,-0.064,50,30,48.18,86.38
12.9,0,0,0,21.87,47.06,705.5,156.9,29.9,43.3,-0.067,50,30,48.18,86.69
12.86,0,0,0,21.94,46.98,703.2,151.1,31.4,44.3,-0.031,50,30,48.18,86.86
12.83,0,0,0,22.11,46.79,700.4,140.3,30.5,45.8,0.056,50,30,48.18,86.43
12.79,0,0,0.013,22.34,46.5,697.6,136.1,29.7,45.1,0.17,50,30,48.18,85.27
12.76,0,0,0.008,22.29,46.41,694.5,163.6,30.6,47.1,0.144,50,30,48.18,86.45
12.73,0,0,0.019,22.13,45.95,691.7,152.1,32.7,46.3,0.066,50,30,48.18,86.44
12.69,0,0,0.007,22.1,46.04,689.3,155.9,29.7,48,0.047,50,30,48.18,86.9
12.66,0,0,0,22.12,46.14,687.3,155.8,29.2,48.7,0.061,50,30,48.18,86.9
12.63,0,0,0.006,22.12,46.61,684.4,159.1,30.4,50.1,0.059,50,30,48.18,87.33
12.59,0,0,0.013,22.07,45.92,681.9,166.6,30.1,51.4,0.035,50,30,48.18,87.61
12.56,0,0,0.013,22.02,45.61,682.8,131.1,29.7,50.8,0.012,50,30,48.18,86.54
12.53,0,0,0.015,22.08,45.9,676.4,148.8,29.2,49.9,0.041,50,30,48.18,86.87
12.49,0,0,0.02,22.08,46.1,674.4,141.7,30,51.7,0.039,50,30,48.18,86.92
12.46,0,0,0.036,22.11,46.5,671.7,154.8,30.8,53.6,0.054,50,30,48.18,87.55
12.43,0,0,0.047,21.95,46.76,668.5,157.2,29,55.6,-0.023,50,30,48.18,88.15
12.4,0,0,0.031,21.93,46.6,666.6,142.3,30.9,55.8,-0.033,50,30,48.18,87.59
12.36,0,0,0.017,22.07,46.6,663.1,152.7,31.3,57.8,0.034,50,30,48.18,88.09
12.33,0,0,0.002,22.05,46.55,659.6,148.9,29.3,58,0.022,50,30,48.18,88.06
12.3,0,0,0.012,21.92,46.01,655.9,142.2,30.3,60.7,-0.04,50,30,48.18,87.8
12.26,0,0,0,22.05,45.9,652.9,152,30.3,59.4,0.024,50,30,48.18,88.04
12.23,0,0,0,22.07,46.29,653.6,3.7,29,59.5,0.034,0,0,0,79.58
12.2,0,0,0,22.18,46.41,648.7,145.3,29.8,60.8,0.09,50,30,48.18,87.68
12.17,0,0,0.025,22.17,45.62,646.6,155.2,30.2,61.6,0.082,50,30,48.18,87.82
12.13,0,0,0.009,22.15,45.28,645.3,144.3,29.9,63.3,0.075,50,30,48.18,87.59
12.1,0,0,0,22.23,45.46,641.2,154,28.6,64.2,0.116,50,30,48.18,87.72
12.07,0,0,0.002,22.12,45.46,641.2,155.7,29.1,64.2,0.057,50,30,48.18,88.22
12.04,0,0,0.024,22.03,45.89,640.1,154.3,31.2,64.8,0.013,50,30,48.18,88.73
12,0,0,0.004,22.1,45.49,638.1,149,31.6,66.1,0.05,50,30,48.18,88.27
11.97,0,0,0.012,22.13,45.83,634,147.4,31.6,66.1,0.064,50,30,48.18,88.25
11.94,0,0,0.034,22.11,45.33,631.9,141.8,30.8,66.4,0.053,50,30,48.18,88
11.91,0,0,0.013,21.95,45.18,629.2,145.4,27.5,68,-0.025,50,30,48.18,88.43
11.87,0,0,0.006,21.99,44.88,625.8,482.3,32.1,68.8,-0.007,100,100,100,94.08
11.84,0,0,0.023,22,45.15,620.8,142,30.3,68.6,-0.001,50,30,48.18,88.55
11.81,0,0,0.012,21.95,45.34,615.2,148.8,30.1,68.7,-0.027,50,30,48.18,88.64
11.78,0,0,0,21.88,45.29,618.2,148.9,32.2,69.7,-0.062,50,30,48.18,88.47
11.75,0,0,0.015,21.9,45.42,615.4,148.6,28.8,68.5,-0.049,50,30,48.18,88.48
11.71,0,0,0,22.02,45.37,612.4,156.6,28.3,68.7,0.012,50,30,48.18,89
11.68,0,0,0.009,22.05,45.41,610.7,162.4,29.9,70.4,0.025,50,30,48.18,89.26
11.65,0,0,0,22.03,45.23,608.5,167.6,29.2,70.7,0.016,50,30,48.18,89.45
11.62,0,0,0.015,21.94,45.22,606.2,153.6,31,71.4,-0.032,50,30,48.18,88.98
11.59,0,0,0,21.96,45.11,601.3,161.8,27.6,71.8,-0.018,50,30,48.18,89.32
11.56,0,0,0.016,21.99,45.54,598.4,138.3,30.6,74.2,-0.004,50,30,48.18,89.12
11.52,0,0,0,22.1,45.71,592.8,163.9,30.2,74.2,0.047,50,30,48.18,89.63
11.49,0,0,0,21.98,46.09,591,150.9,29.2,75.2,-0.01,50,30,48.18,89.77
11.46,0,0,0.002,22.07,46.04,593.9,135,29.1,75.9,0.036,50,30,48.18,89.15
11.43,0,0,0.01,22.18,46.34,590.6,152.2,29.5,74.2,0.091,50,30,48.18,89.19
11.4,0,0,0.01,22.16,46.28,585.1,145.5,30.7,74.1,0.078,50,30,48.18,89.06
11.37,0,0,0,21.99,46.32,584.2,151,30.5,73.3,-0.004,50,30,48.18,89.71
11.34,0,0,0,21.98,46.28,581.9,154.5,31,74.2,-0.012,50,30,48.18,89.83
11.31,0,0,0,21.63,46.08,578.8,517.8,31.1,76.3,-0.183,100,100,100,93.61
11.28,0,0,0.023,21.71,46.31,579.5,2.3,30.3,74.3,-0.142,0,0,0,80.16
11.24,0,0,0.041,21.68,46,579.4,135.4,29.6,75.9,-0.157,50,30,48.18,88.23
11.21,0,0,0.022,21.78,45.95,578.9,141.3,28.7,77,-0.11,50,30,48.18,88.85
11.18,0,0,0.006,21.78,45.8,578.8,177.7,32.5,78.1,-0.111,50,30,48.18,89.99
11.15,0,0,0.015,21.81,45.92,574.5,167.3,30.1,78.8,-0.095,50,30,48.18,89.92
11.12,0,0,0.027,21.82,45.76,575.8,162.8,29.7,79,-0.088,50,30,48.18,89.79
11.09,0,0,0.041,22.07,45.37,571,166.1,29,79.3,0.035,50,30,48.18,90.17
11.06,0,0,0.048,22.06,45.53,568,155.3,30.2,80.4,0.027,50,30,48.18,90.08
11.03,0,0,0.06,22.02,45.38,569,137.4,30,80.4,0.011,50,30,48.18,89.6
11,0,0,0.026,22.04,45.1,568.5,160.4,30.5,81.1,0.019,50,30,48.18,90.2
10.97,0,0,0.026,22.16,44.94,565.3,147.2,28.2,81.5,0.077,50,30,48.18,89.35
10.94,0,0,0.011,22.06,44.75,565.3,149.4,30.8,82.2,0.031,50,30,48.18,89.76
10.91,0,0,0,22.18,44.59,561.5,0,29,81.2,0.088,0,0,0,80.43
10.88,0,0,0,22.21,45.28,558.6,162.6,30.8,83.3,0.103,50,30,48.18,89.93
10.85,0,0,0,22.26,45.74,557.2,154.6,29.2,82.9,0.128,50,30,48.18,89.63
10.82,0,0,0,22.16,45.68,556.5,133.6,29.2,84,0.079,50,30,48.18,89.46
10.79,0,0,0,22.18,45.59,558.1,144.1,27.5,84,0.089,50,30,48.18,89.66
10.76,0,0,0,22.1,45.68,555.5,158.6,30.1,84.2,0.048,50,30,48.18,90.46
10.73,0,0,0,22.03,45.71,552,161.9,29.1,85.9,0.016,50,30,48.18,90.98
10.7,0,0,0.007,21.92,45.37,553.9,152.1,32.3,86.5,-0.039,50,30,48.18,90.44
10.67,0,0,0.028,21.9,45.42,553.9,147.5,31.1,86,-0.05,50,30,48.18,90.19
10.64,0,0,0.025,21.83,45.37,555.6,146.4,32.1,87.1,-0.086,50,30,48.18,89.99
10.61,0,0,0.012,21.96,45.3,554.3,154.4,30.7,88.3,-0.02,50,30,48.18,90.8
10.58,0,0,0.004,22.17,45.72,556,148.5,29.8,88.5,0.084,50,30,48.18,90.32
10.56,0,0,0,22.11,45.63,554.4,146.3,29.5,89.3,0.057,50,30,48.18,90.51
10.53,0,0,0,21.9,45.17,553.4,159.6,31,89.1,-0.047,50,30,48.18,90.79
10.5,0,0,0,22.09,44.63,556.4,151.3,28.9,90.1,0.042,50,30,48.18,90.47
10.47,0,0,0.023,22.24,44.86,558.2,140.4,30.2,91,0.119,50,30,48.18,89.75
10.44,0,0,0.036,22.32,44.74,557.8,157.7,29.7,92.3,0.156,50,30,48.18,90.07
10.41,0,0,0.031,22.13,45.13,556.5,140.7,29.9,95.1,0.065,50,30,48.18,90.68
10.38,0,0,0.003,22.09,44.94,555.7,144,30.8,97.4,0.047,50,30,48.18,91.07
10.35,0,0,0,22.1,44.61,555.4,164.1,27.9,96.2,0.048,50,30,48.18,91.42
10.33,0,0,0,21.98,44.66,555.3,156.6,28.6,96.6,-0.011,50,30,48.18,91.53
10.3,0,0,0.021,21.99,45.29,556.1,153.8,29.9,96.3,-0.004,50,30,48.18,91.71
10.27,0,0,0.011,21.97,45.17,556.9,157.9,31.1,97.6,-0.014,50,30,48.18,91.84
10.24,0,0,0,22.05,45.37,557.9,142.3,28.2,96.7,0.025,50,30,48.18,91.27
10.21,0,0,0.019,21.96,45.2,553.2,149.1,31,98.4,-0.02,50,30,48.18,91.62
10.19,0,0,0.029,21.89,45.27,552.3,162.4,30.3,95.9,-0.053,50,30,48.18,91.55
10.16,0,0,0.028,21.82,45.55,554,161.3,29.3,95.5,-0.089,50,30,48.18,91.31
10.13,0,0,0.027,21.84,45.77,549.1,134.1,30.9,95,-0.077,50,30,48.18,90.62
10.1,0,0,0.048,21.79,45.72,547.1,0.4,29.3,93.7,-0.102,0,0,0,82.03
10.07,0,0,0.037,21.77,46.04,548.6,160.1,29.9,91.2,-0.113,50,30,48.18,90.85
10.05,0,0,0.016,21.6,46.32,548.2,148,28.2,92.6,-0.199,50,30,48.18,90.09
10.02,0,0,0.037,21.86,46.48,547.2,491.9,30.7,92.1,-0.068,100,100,100,96.46
9.99,0,0,0.047,21.77,46.25,546.4,161.5,29.1,92.7,-0.115,50,30,48.18,91.11
9.97,0,0,0.05,21.78,46.35,543.7,148.8,29.5,92.9,-0.108,50,30,48.18,90.83
9.94,0,0,0.057,21.71,46.57,541.2,0,30.9,93.8,-0.145,0,0,0,82.01
9.91,0,0,0.046,21.64,47.45,541,138.5,31,93.1,-0.177,50,30,48.18,90.44
9.88,0,0,0.019,21.92,47.76,537.9,145.3,28.3,94.3,-0.039,50,30,48.18,91.92
9.86,0,0,0.026,21.88,47.27,537.3,142.6,30.9,96.1,-0.06,50,30,48.18,91.67
9.83,0,0,0.005,21.95,47.1,538.4,128.6,29.5,97.7,-0.027,50,30,48.18,91.6
9.8,0,0,0,22.07,46.8,539,154.3,31,97.5,0.034,50,30,48.18,92.19
9.78,0,0,0,22.02,46.36,534.8,147,28.5,99.4,0.011,50,30,48.18,92.16
9.75,0,0,0.001,22.1,46.04,534.8,157.7,30,98.7,0.05,50,30,48.18,92
9.73,0,0,0.015,21.99,45.87,535,147.2,31.3,100,-0.004,50,30,48.18,92.09
9.7,0,0,0,21.99,45.39,533,158.2,31,100,-0.003,50,30,48.18,92.26
9.67,0,0,0,22.07,45.41,532.7,158.5,28.4,100,0.033,50,30,48.18,92.04
9.65,0,0,0.006,22.13,45.5,531,154.3,30.3,100,0.066,50,30,48.18,91.71
9.62,0,0,0,22.02,45.1,528.8,159.9,30.1,99.5,0.011,50,30,48.18,92.08
9.6,0,0,0.004,21.92,45.4,529.7,150.3,29.8,97.5,-0.041,50,30,48.18,91.49
9.57,0,0,0.018,21.89,44.98,528.9,165.4,31.1,97.5,-0.056,50,30,48.18,91.67
9.54,0,0,0.031,21.75,44.82,524,170.2,30.6,96.2,-0.122,50,30,48.18,91.13
9.52,0,0,0.022,21.88,44.2,521,142.1,30.7,96.5,-0.057,50,30,48.18,90.57
9.49,0,0,0.013,22,44.25,522.1,156.6,28.6,97,-0.002,50,30,48.18,91.49
9.47,0,0,0.017,22.03,44.04,521.1,156.4,31.1,97.5,0.013,50,30,48.18,91.37
9.44,0,0,0,21.91,44.21,518.5,143.7,30,97.4,-0.044,50,30,48.18,90.81
9.42,0,0,0,22.04,44.52,518,164.6,30,97.4,0.021,50,30,48.18,91.72
9.39,0,0,0.007,22.13,44.33,518.7,141.4,30.3,99,0.063,50,30,48.18,90.8
9.37,0,0,0,22.11,44.58,517.7,146.9,31.2,99.3,0.053,50,30,48.18,91.17
9.34,0,0,0.022,22.16,44.68,519.7,154.5,30.1,100,0.078,50,30,48.18,91.31
9.32,0,0,0.043,22.14,44.46,520,159.2,29.3,100,0.071,50,30,48.18,91.43
9.29,0,0,0.018,22.04,44.41,516.6,144.2,31.6,99.3,0.019,50,30,48.18,91.27
9.27,0,0,0.027,21.93,44.18,514.7,143.8,30.3,98.8,-0.033,50,30,48.18,91.03
9.25,0,0,0.04,21.92,43.87,510.4,145.2,30.8,100,-0.039,50,30,48.18,91.02
9.22,0,0,0.045,21.82,44.2,510.5,141.6,29.4,100,-0.09,50,30,48.18,90.65
9.2,0,0,0.041,21.73,44.01,510.4,163.1,30,99.7,-0.134,50,30,48.18,90.87
9.17,0,0,0.048,21.76,44.14,507.7,137.7,28.5,100,-0.117,50,30,48.18,90.32
9.15,0,0,0.042,21.85,44.28,506.4,154.1,31.1,99.5,-0.076,50,30,48.18,91.12
9.13,0,0,0.015,21.83,43.97,508.3,18.8,29.1,97.7,-0.084,0,0,0,83.29
9.1,0,0,0,21.95,44.14,507.4,161.7,31.4,99.8,-0.023,50,30,48.18,91.72
9.08,0,0,0.008,21.74,44.24,508.2,158.1,29.4,100,-0.127,50,30,48.18,90.89
9.05,0,0,0,21.82,44.63,507.3,156.2,32.3,100,-0.091,50,30,48.18,91.25
9.03,0,0,0.013,21.86,44.1,506.3,146.3,30.5,100,-0.07,50,30,48.18,90.91
9.01,0,0,0.003,21.84,44.3,504.4,139.6,30.2,100,-0.081,50,30,48.18,90.7
8.99,0,0,0,21.91,44.12,505.6,155.7,29.9,98.7,-0.046,50,30,48.18,91.26
8.96,0,0,0,22.01,44.4,504,166.9,29,97.8,0.007,50,30,48.18,91.9
8.94,0,0,0,21.94,44.13,501.9,136.7,30.4,99.8,-0.03,50,30,48.18,90.92
8.92,0,0,0.019,21.93,44.09,500.1,145.4,30.5,99.7,-0.034,50,30,48.18,91.12
8.89,0,0,0.021,21.82,44.48,499.9,141.7,29.7,100,-0.087,50,30,48.18,90.79
8.87,0,0,0.009,21.8,44.84,497.3,140.9,30.4,100,-0.101,50,30,48.18,90.8
8.85,0,0,0.012,21.98,44.96,496.9,150.4,30.1,100,-0.011,50,30,48.18,91.8
8.83,0,0,0,21.9,45.14,496.5,163.9,29.6,100,-0.049,50,30,48.18,91.99
8.8,0,0,0,21.81,45.54,497.3,147,29.8,98.4,-0.092,50,30,48.18,91.14
8.78,0,0,0,21.91,45.73,497.7,138,31.2,98,-0.044,50,30,48.18,91.26
8.76,0,0,0,22.14,46.14,493.6,151.3,30.2,98.6,0.072,50,30,48.18,91.67
8.74,0,0,0.019,22.18,46.24,493.6,152.4,31.5,99,0.089,50,30,48.18,91.65
8.72,0,0,0,22.2,45.95,495.5,158.8,31.5,98.8,0.098,50,30,48.18,91.65
8.7,0,0,0,22.1,45.72,492.1,141.1,31.2,99.9,0.05,50,30,48.18,91.5
8.67,0,0,0.01,22.01,45.87,487.7,143.5,32.1,99.2,0.006,50,30,48.18,91.89
8.65,0,0,0,21.97,45.96,484.8,146.5,31.7,97.4,-0.014,50,30,48.18,91.77
8.63,0,0,0.006,21.94,45.59,488.3,164.9,30.3,98.7,-0.028,50,30,48.18,92.21
8.61,0,0,0,22.11,45.44,487.4,143.1,29.7,98.8,0.053,50,30,48.18,91.33
8.59,0,0,0,22.13,45.7,486.7,146.6,31.1,97,0.062,50,30,48.18,91.29
8.57,0,0,0.01,21.93,45.53,482.7,157,29.9,96.9,-0.035,50,30,48.18,91.72
8.55,0,0,0,21.74,45.91,479.2,145.9,30.5,97.2,-0.127,50,30,48.18,90.87
8.53,0,0,0.015,21.84,45.51,479.8,153.1,30,98.2,-0.081,50,30,48.18,91.37
8.51,0,0,0.025,21.85,45.92,479.8,148.2,31.6,100,-0.076,50,30,48.18,91.61
8.49,0,0,0.042,21.89,46.19,477.8,141,31.5,100,-0.055,50,30,48.18,91.65
8.47,0,0,0.024,21.89,46.02,476.9,158.8,30.1,100,-0.055,50,30,48.18,92.12
8.45,0,0,0.035,21.69,46.04,474.9,137.7,30.6,100,-0.153,50,30,48.18,90.76
8.43,0,0,0.005,21.93,46.38,475.7,157.6,29.8,100,-0.037,50,30,48.18,92.35
8.41,0,0,0.024,21.92,46.44,476.8,162.3,29.8,99,-0.042,50,30,48.18,92.38
8.39,0,0,0,21.98,46.58,477.3,148.4,30.1,100,-0.012,50,30,48.18,92.34
8.37,0,0,0.02,22.02,46.8,476.9,7.6,29.5,99.3,0.011,0,0,0,84.22
8.35,0,0,0.042,21.8,46.65,477.6,137.8,31.7,100,-0.099,50,30,48.18,91.39
8.33,0,0,0.048,21.82,46.83,474.6,151.4,30.3,100,-0.088,50,30,48.18,91.95
8.31,0,0,0.034,21.92,47.03,474.7,156.3,31.4,100,-0.037,50,30,48.18,92.55
8.29,0,0,0.05,21.94,47.04,473.3,169.7,30.1,100,-0.032,50,30,48.18,93
8.27,0,0,0.036,22.02,46.55,469.9,509.1,29.9,99.8,0.012,100,100,100,97.5
8.25,0,0,0.053,21.67,46.46,471,154.4,31.9,100,-0.165,50,30,48.18,91.33
8.23,0,0,0.055,21.53,46.1,472.4,141.5,31,99.6,-0.234,50,30,48.18,90.24
8.22,0,0,0.022,21.55,45.99,469,155.9,29.4,100,-0.222,50,30,48.18,90.77
8.2,0,0,0.019,21.48,45.71,470.7,148.7,30,100,-0.258,50,30,48.18,90.18
8.18,0,0,0,21.6,45.04,470.3,151.8,30.7,100,-0.198,50,30,48.18,90.47
8.16,0,0,0.006,21.7,45.02,469.2,144,30.4,100,-0.147,50,30,48.18,90.61
8.14,0,0,0,21.82,45.27,467.9,157.5,30.8,100,-0.09,50,30,48.18,91.53
8.12,0,0,0.023,21.91,45.09,468.6,143,29.6,98.7,-0.044,50,30,48.18,91.25
8.11,0,0,0.037,21.74,45.67,466.4,159.8,29.8,99,-0.13,50,30,48.18,91.35
8.09,0,0,0.042,21.58,45.38,467.2,13.5,28.8,97.5,-0.207,0,0,0,82.48
8.07,0,0,0.037,21.67,45.75,463.5,152,29.6,96.7,-0.162,50,30,48.18,90.68
8.05,0,0,0.039,21.72,45.8,464.2,188.9,30,95.6,-0.137,50,30,48.18,91.89
8.04,0,0,0.027,21.66,46.13,462.8,153.8,29.4,95.8,-0.169,50,30,48.18,90.73
8.02,0,0,0.004,21.65,46.48,459.7,3.3,29.7,93.9,-0.172,0,0,0,82.03
8,0,0,0.011,21.64,46.39,460.3,133.8,31.1,93,-0.178,50,30,48.18,89.89
7.99,0,0,0.016,21.53,46.46,463.2,163.9,29.3,92.1,-0.233,50,30,48.18,90.31
7.97,0,0,0,21.68,46.04,463,498.8,30.1,93.5,-0.158,100,100,100,95.69
7.95,0,0,0,21.95,45.89,459.4,145.4,30.2,93,-0.024,50,30,48.18,91.2
7.94,0,0,0,21.91,45.67,459.5,154.4,31.4,92.9,-0.044,50,30,48.18,91.23
7.92,0,0,0,21.85,45.81,459.2,165.1,30.2,93.1,-0.074,50,30,48.18,91.4
7.9,0,0,0.023,21.97,45.9,459.6,147.1,29.8,93.6,-0.013,50,30,48.18,91.4
7.89,0,0,0.038,22,46.17,458.2,170.4,29.1,95.1,0,50,30,48.18,92.43
7.87,0,0,0.047,21.72,46.17,458,153.9,30.9,93.2,-0.141,50,30,48.18,90.71
7.86,0,0,0.05,21.8,46.96,458.5,155,29.4,92.5,-0.101,50,30,48.18,91.26
7.84,0,0,0.019,21.92,46.62,457.8,491.9,33.4,94.5,-0.04,100,100,100,96.96
7.83,0,0,0,22.03,46.83,453.9,158.1,30.4,91.6,0.012,50,30,48.18,91.88
7.81,0,0,0,22.08,47.07,454.4,156.3,29.8,92.7,0.042,50,30,48.18,91.81
7.79,0,0,0.003,22.06,46.94,456,146.2,30.2,94.3,0.03,50,30,48.18,91.7
7.78,0,0,0.005,22,46.96,454.5,144.5,30,93.6,0.001,50,30,48.18,91.81
7.76,0,0,0,21.96,47.02,457.2,152.4,29,94,-0.02,50,30,48.18,91.95
7.75,0,0,0.021,21.97,46.58,457.2,157.6,30.9,93.8,-0.016,50,30,48.18,91.96
7.73,0,0,0.012,21.82,46.49,456.2,151.8,30.4,96.1,-0.089,50,30,48.18,91.44
7.72,0,0,0.026,21.83,46.63,452.9,143.6,30,96,-0.083,50,30,48.18,91.27
7.71,0,0,0.037,21.9,46.59,451.7,494.4,30.6,95.7,-0.049,100,100,100,96.98
7.69,0,0,0.029,22.01,46.61,450.5,146.2,31,98.1,0.004,50,30,48.18,92.15
7.68,0,0,0.035,21.82,46.67,449.9,504.5,29.8,98.5,-0.092,100,100,100,96.87
7.66,0,0,0.03,21.7,46.11,450,148.3,31.2,98,-0.15,50,30,48.18,90.92
7.65,0,0,0.04,21.62,45.81,446.6,149.2,30.8,99.8,-0.187,50,30,48.18,90.75
7.64,0,0,0.018,21.71,45.49,447.3,135.2,29.1,99.3,-0.145,50,30,48.18,90.47
7.62,0,0,0.038,21.92,45.5,446.5,153.9,29.5,100,-0.039,50,30,48.18,91.89
7.61,0,0,0.052,21.86,45.15,447.2,145.3,30.1,100,-0.068,50,30,48.18,91.29
7.6,0,0,0.046,21.76,45.55,448.8,143.5,30.3,99.4,-0.12,50,30,48.18,90.93
7.58,0,0,0.05,21.74,45.24,450.1,508.4,32,99.6,-0.128,100,100,100,96.13
7.57,0,0,0.064,21.61,45.22,448.5,138.6,29.6,99.6,-0.193,50,30,48.18,90.14
7.56,0,0,0.062,21.67,45.19,446,151.3,30.7,99.6,-0.163,50,30,48.18,90.74
7.54,0,0,0.041,21.83,45.2,445.8,153,30,100,-0.083,50,30,48.18,91.42
7.53,0,0,0.03,21.78,45.39,443.1,0,30,99,-0.109,0,0,0,82.36
7.52,0,0,0.014,21.81,44.82,443.8,144,30.2,99.6,-0.093,50,30,48.18,90.9
7.51,0,0,0.023,21.87,45.11,443.6,159.2,29.1,100,-0.065,50,30,48.18,91.72
7.49,0,0,0.035,21.84,45.37,441.5,502.5,30.2,100,-0.077,100,100,100,96.66
7.48,0,0,0.024,21.74,45.36,442,151.4,30.2,99.1,-0.13,50,30,48.18,90.99
7.47,0,0,0.009,21.71,45.01,442.1,146,29.3,98.3,-0.146,50,30,48.18,90.5
7.46,0,0,0.032,21.64,45.02,441.3,8.5,30.5,96.8,-0.18,0,0,0,82.1
7.45,0,0,0.031,21.83,44.83,440.5,150.9,31.1,95.3,-0.084,50,30,48.18,90.75
7.44,0,0,0.019,21.93,44.69,439.4,515.5,29.3,96.5,-0.033,100,100,100,96.26
7.42,0,0,0.03,21.88,44.75,439.9,156,30.4,95.3,-0.058,50,30,48.18,91.06
7.41,0,0,0.037,21.76,44.64,436.6,150.4,28.7,94.7,-0.12,50,30,48.18,90.33
7.4,0,0,0.037,21.84,44.44,433.3,154.7,29.9,96.5,-0.081,50,30,48.18,90.86
7.39,0,0,0.016,21.98,44.56,433.1,146.9,28.8,98.3,-0.008,50,30,48.18,91.39
7.38,0,0,0,21.97,44.45,431.5,153,29,97.8,-0.015,50,30,48.18,91.44
7.37,0,0,0.015,21.82,44.54,430,156.4,31,96.3,-0.089,50,30,48.18,90.86
7.36,0,0,0,21.83,43.99,431.5,159.9,28.7,96.8,-0.084,50,30,48.18,90.85
7.35,0,0,0.013,21.9,44.01,432.1,166.4,30.5,96.8,-0.049,50,30,48.18,91.32
7.34,0,0,0.034,21.88,44.32,437.3,156.4,32.6,94.9,-0.058,50,30,48.18,90.88
7.33,0,0,0.053,21.76,44.02,436.2,137.8,29.6,94.3,-0.121,50,30,48.18,89.67
7.32,0,0,0.042,21.76,44.06,434.8,138.6,30.2,95.8,-0.121,50,30,48.18,89.86
7.31,0,0,0.061,21.77,43.98,432.5,150.2,30.4,96.5,-0.116,50,30,48.18,90.29
7.3,0,0,0.073,21.72,44.28,433.9,131.2,31.4,97.6,-0.136,50,30,48.18,89.79
7.29,0,0,0.054,21.7,44.31,433.3,146.5,28.2,98.4,-0.147,50,30,48.18,90.26
7.28,0,0,0.052,21.65,44.11,434.2,143.2,29.9,99.3,-0.172,50,30,48.18,89.98
7.27,0,0,0.052,21.54,43.77,436.4,0.5,31.9,98.4,-0.226,0,0,0,80.85
7.26,0,0,0.063,21.57,43.41,434.6,154.1,29.2,97.7,-0.214,50,30,48.18,89.57
7.25,0,0,0.068,21.6,43.52,432.4,160.5,30.7,98.1,-0.198,50,30,48.18,89.98
7.25,0,0,0.079,21.42,43.67,431.4,151.4,32.6,99.9,-0.284,50,30,48.18,89.29
7.24,0,0,0.085,21.43,43.85,432.3,161.7,28.4,99.4,-0.282,50,30,48.18,89.63
7.23,0,0,0.066,21.39,44.11,427.5,142.2,30.7,100,-0.302,50,30,48.18,89.05
7.22,0,0,0.043,21.49,44.83,427.6,141.3,31.9,100,-0.253,50,30,48.18,89.66
7.21,0,0,0.015,21.52,44.79,425.8,149.6,29.2,99.3,-0.237,50,30,48.18,89.94
7.21,0,0,0.019,21.81,44.66,425.3,497.7,29.6,100,-0.095,100,100,100,96.31
7.2,0,0,0.027,21.68,44.59,423.9,154.4,30.9,98.7,-0.157,50,30,48.18,90.56
7.19,0,0,0.031,21.73,44.71,425.4,153,29.1,99.7,-0.134,50,30,48.18,90.83
7.18,0,0,0.028,21.74,44.77,428,138,29.4,99.7,-0.129,50,30,48.18,90.44
7.17,0,0,0.006,21.83,44.75,426.1,145.3,30,98.2,-0.083,50,30,48.18,90.84
7.17,0,0,0,21.9,45.12,423.3,154.4,28.9,99.4,-0.05,50,30,48.18,91.63
7.16,0,0,0.005,22,45.43,421.7,150,30.6,99.9,0.002,50,30,48.18,92.02
7.15,0,0,0.002,21.94,45.16,418.7,129.8,30.9,99.6,-0.029,50,30,48.18,91.08
7.15,0,0,0,21.85,45.16,420.4,501.2,29.5,100,-0.074,100,100,100,96.62
7.14,0,0,0,21.9,45.3,422.7,150.6,28.7,100,-0.049,50,30,48.18,91.65
7.13,0,0,0.012,22,45.58,424.2,155.7,30,98.2,0,50,30,48.18,92.09
7.13,0,0,0.024,22.13,45.65,424.9,512.6,30.3,100,0.062,100,100,100,96.78
7.12,0,0,0.035,22.16,45.14,425.2,159.8,32.6,99.4,0.079,50,30,48.18,91.57
7.12,0,0,0.045,22.15,45.34,427.1,164.6,30.5,99.5,0.074,50,30,48.18,91.84
7.11,0,0,0.016,22.06,45.03,428.1,149.1,30.2,100,0.032,50,30,48.18,91.63
7.1,0,0,0.006,21.96,44.25,425.3,142.6,31.4,100,-0.02,50,30,48.18,91.23
7.1,0,0,0.002,22.22,44.21,422.9,176.2,30.3,99.9,0.108,50,30,48.18,91.54
7.09,0,0,0.01,22.19,44.09,425.2,140.3,29.2,100,0.093,50,30,48.18,90.56
7.09,0,0,0,21.93,43.88,422,139.6,30.8,100,-0.033,50,30,48.18,90.91
7.08,0,0,0.001,21.98,43.78,419.9,138,29.6,99.2,-0.01,50,30,48.18,90.91
7.08,0,0,0.008,21.87,43.77,420.9,144,30.7,98.9,-0.063,50,30,48.18,90.66
7.07,0,0,0,22.08,43.89,419.7,155.1,29.5,100,0.04,50,30,48.18,91.32
7.07,0,0,0.012,22.11,43.83,419.6,140.7,29.5,100,0.052,50,30,48.18,90.77
7.06,0,0,0.014,22.15,44.33,421.2,156.5,27.8,97.3,0.072,50,30,48.18,91.01
7.06,0,0,0.036,21.85,44.62,421,521.7,30.4,98.2,-0.072,100,100,100,96.05
7.06,0,0,0.052,21.86,44.87,419,133.1,28.8,98.1,-0.067,50,30,48.18,90.64
7.05,0,0,0.042,21.75,44.7,419.7,145.7,29.8,98.4,-0.122,50,30,48.18,90.57
7.05,0,0,0.016,21.73,44.76,418.7,156.1,31.1,99.3,-0.135,50,30,48.18,90.89
7.04,0,0,0.007,21.82,45.6,413.4,155.8,30.3,97.3,-0.09,50,30,48.18,91.34
7.04,0,0,0,21.71,45.87,414.7,154.5,32.1,96.9,-0.144,50,30,48.18,90.95
7.04,0,0,0.019,21.87,45.32,417.2,155.8,29.5,96,-0.065,50,30,48.18,91.29
7.03,0,0,0.013,21.78,45.03,416.3,172.3,29.2,97.2,-0.11,50,30,48.18,91.45
7.03,0,0,0.025,21.75,44.8,415.5,150.4,29.7,97,-0.123,50,30,48.18,90.6
7.03,0,0,0.006,21.63,45.14,412.7,139,29.8,97.4,-0.185,50,30,48.18,89.96
7.02,0,0,0.01,21.66,44.96,413.7,152.1,31.4,97.9,-0.168,50,30,48.18,90.46
7.02,0,0,0,21.86,44.57,413.5,159.6,30.5,98.4,-0.07,50,30,48.18,91.33
7.02,0,0,0,21.93,44.57,414.9,147.6,29.9,99.3,-0.035,50,30,48.18,91.32
7.02,0,0,0,22.17,44.58,417.4,136.4,30.6,99.1,0.086,50,30,48.18,90.58
7.01,0,0,0,22.02,44.44,419.1,150.7,31.1,98.1,0.01,50,30,48.18,91.43
7.01,0,0,0.008,21.93,44.75,418.6,149.9,29.7,97.9,-0.036,50,30,48.18,91.3
7.01,0,0,0.029,22.17,45,418.3,155.6,30.8,97.5,0.083,50,30,48.18,91.18
7.01,0,0,0.007,22,44.63,421.5,8.3,30,96.1,0.002,0,0,0,83.2
7.01,0,0,0,21.71,44.77,422.1,140,30.2,95.2,-0.145,50,30,48.18,89.92
7.01,0,0,0,21.7,45.07,421.8,484.8,30.9,97.9,-0.15,100,100,100,95.97
7,0,0,0,21.64,45.1,421.6,156.3,29.7,99.8,-0.18,50,30,48.18,90.74
7,0,0,0,21.71,44.95,422.1,143.3,30.6,99.4,-0.141,50,30,48.18,90.54
7,0,0,0.007,21.81,45.08,419.9,0,29.7,98.9,-0.093,0,0,0,82.35
7,0,0,0,21.76,45.21,420,160.1,32.8,100,-0.119,50,30,48.18,91.37
7,0,0,0.023,21.8,45.35,415.9,162.4,29.4,99,-0.097,50,30,48.18,91.56
7,0,0,0.044,21.55,45.26,414.6,143.3,29.7,98.8,-0.225,50,30,48.18,89.97
7,0,0,0.039,21.54,45.12,414.7,165.5,30.6,100,-0.228,50,30,48.18,90.68
7,0,0,0.011,21.6,45.17,413.3,142.9,30.9,99,-0.198,50,30,48.18,90.15
7,0,0,0,21.65,44.65,410.5,148.6,30.1,98.7,-0.173,50,30,48.18,90.29
