step,hour,gt_regime,detected,correct,p_occ,p_win,satisfaction,temperature,kwh_step,hvac,light
0,0.0,base,base,1,0.5,0.5,92.56,21.97,0.04583333333333333,0.5,0.5
1,0.016666666666666666,base,base,1,0.343,0.078,92.98,21.77,0.03836511861261815,0.4104783076208614,0.4990311573055642
2,0.03333333333333333,base,base,1,0.194,0.075,93.05,21.78,0.03836511861261815,0.4104783076208614,0.4990311573055642
3,0.05,base,base,1,0.149,0.075,92.65,21.79,0.03836511861261815,0.4104783076208614,0.4990311573055642
4,0.06666666666666667,base,base,1,0.109,0.075,92.16,21.52,0.03836511861261815,0.4104783076208614,0.4990311573055642
5,0.08333333333333333,base,base,1,0.103,0.075,92.41,21.5,0.03836511861261815,0.4104783076208614,0.4990311573055642
6,0.1,base,base,1,0.098,0.075,91.75,21.25,0.03836511861261815,0.4104783076208614,0.4990311573055642
7,0.11666666666666667,base,base,1,0.096,0.075,92.94,21.7,0.03836511861261815,0.4104783076208614,0.4990311573055642
8,0.13333333333333333,base,base,1,0.1,0.075,93.31,21.77,0.03836511861261815,0.4104783076208614,0.4990311573055642
9,0.15,base,base,1,0.094,0.075,93.05,21.73,0.03836511861261815,0.4104783076208614,0.4990311573055642
10,0.16666666666666666,base,base,1,0.093,0.075,93.24,21.95,0.03836511861261815,0.4104783076208614,0.4990311573055642
11,0.18333333333333332,base,base,1,0.093,0.075,93.57,21.81,0.03836511861261815,0.4104783076208614,0.4990311573055642
12,0.2,base,base,1,0.09,0.075,94.19,22.1,0.03836511861261815,0.4104783076208614,0.4990311573055642
13,0.21666666666666667,base,base,1,0.101,0.075,94.21,22.1,0.03836511861261815,0.4104783076208614,0.4990311573055642
14,0.23333333333333334,base,base,1,0.105,0.075,94.77,22.07,0.03836511861261815,0.4104783076208614,0.4990311573055642
15,0.25,base,base,1,0.1,0.075,94.2,22.17,0.03836511861261815,0.4104783076208614,0.4990311573055642
16,0.26666666666666666,base,base,1,0.101,0.075,94.93,22.09,0.03836511861261815,0.4104783076208614,0.4990311573055642
17,0.2833333333333333,base,base,1,0.099,0.075,94.83,21.99,0.03836511861261815,0.4104783076208614,0.4990311573055642
18,0.3,base,base,1,0.096,0.075,94.1,22.0,0.03836511861261815,0.4104783076208614,0.4990311573055642
19,0.31666666666666665,base,base,1,0.11,0.075,94.25,21.98,0.03836511861261815,0.4104783076208614,0.4990311573055642
20,0.3333333333333333,base,base,1,0.109,0.075,94.19,22.07,0.03836511861261815,0.4104783076208614,0.4990311573055642
21,0.35,base,base,1,0.106,0.075,93.94,22.01,0.03836511861261815,0.4104783076208614,0.4990311573055642
22,0.36666666666666664,base,base,1,0.113,0.075,94.2,22.04,0.03836511861261815,0.4104783076208614,0.4990311573055642
23,0.38333333333333336,base,base,1,0.119,0.075,94.66,22.04,0.03836511861261815,0.4104783076208614,0.4990311573055642
24,0.4,base,base,1,0.139,0.075,93.54,22.28,0.03836511861261815,0.4104783076208614,0.4990311573055642
25,0.4166666666666667,base,base,1,0.167,0.075,92.5,22.5,0.03836511861261815,0.4104783076208614,0.4990311573055642
26,0.43333333333333335,base,base,1,0.179,0.075,93.73,22.22,0.03836511861261815,0.4104783076208614,0.4990311573055642
27,0.45,base,base,1,0.179,0.075,94.32,22.05,0.03836511861261815,0.4104783076208614,0.4990311573055642
28,0.4666666666666667,base,base,1,0.155,0.075,94.21,22.14,0.03836511861261815,0.4104783076208614,0.4990311573055642
29,0.48333333333333334,base,base,1,0.139,0.075,93.78,22.07,0.03836511861261815,0.4104783076208614,0.4990311573055642
30,0.5,base,base,1,0.142,0.075,94.25,22.0,0.03836511861261815,0.4104783076208614,0.4990311573055642
31,0.5166666666666667,base,base,1,0.126,0.075,94.3,22.1,0.03836511861261815,0.4104783076208614,0.4990311573055642
32,0.5333333333333333,base,base,1,0.137,0.075,94.49,21.95,0.03836511861261815,0.4104783076208614,0.4990311573055642
33,0.55,base,base,1,0.127,0.075,94.2,21.95,0.03836511861261815,0.4104783076208614,0.4990311573055642
34,0.5666666666666667,base,base,1,0.127,0.075,93.9,21.93,0.03836511861261815,0.4104783076208614,0.4990311573055642
35,0.5833333333333334,base,base,1,0.135,0.075,93.35,21.91,0.03836511861261815,0.4104783076208614,0.4990311573055642
36,0.6,base,base,1,0.128,0.075,93.97,21.88,0.03836511861261815,0.4104783076208614,0.4990311573055642
37,0.6166666666666667,base,base,1,0.104,0.075,93.24,21.67,0.03836511861261815,0.4104783076208614,0.4990311573055642
38,0.6333333333333333,base,base,1,0.093,0.075,93.48,21.89,0.03836511861261815,0.4104783076208614,0.4990311573055642
39,0.65,base,base,1,0.091,0.075,93.72,21.91,0.03836511861261815,0.4104783076208614,0.4990311573055642
40,0.6666666666666666,base,base,1,0.089,0.075,92.8,21.8,0.03836511861261815,0.4104783076208614,0.4990311573055642
41,0.6833333333333333,base,base,1,0.087,0.075,94.4,22.01,0.03836511861261815,0.4104783076208614,0.4990311573055642
42,0.7,base,base,1,0.103,0.075,94.35,21.84,0.03836511861261815,0.4104783076208614,0.4990311573055642
43,0.7166666666666667,base,base,1,0.112,0.075,94.9,22.02,0.03836511861261815,0.4104783076208614,0.4990311573055642
44,0.7333333333333333,base,base,1,0.11,0.075,94.73,22.03,0.03836511861261815,0.4104783076208614,0.4990311573055642
45,0.75,base,base,1,0.105,0.075,93.89,22.1,0.03836511861261815,0.4104783076208614,0.4990311573055642
46,0.7666666666666667,base,base,1,0.112,0.075,93.43,22.14,0.03836511861261815,0.4104783076208614,0.4990311573055642
47,0.7833333333333333,base,base,1,0.12,0.075,94.48,22.0,0.03836511861261815,0.4104783076208614,0.4990311573055642
48,0.8,base,base,1,0.119,0.075,93.9,22.18,0.03836511861261815,0.4104783076208614,0.4990311573055642
49,0.8166666666666667,base,base,1,0.152,0.075,94.19,21.86,0.03836511861261815,0.4104783076208614,0.4990311573055642
50,0.8333333333333334,base,base,1,0.106,0.075,94.48,21.96,0.03836511861261815,0.4104783076208614,0.4990311573055642
51,0.85,base,base,1,0.093,0.075,95.15,21.95,0.03836511861261815,0.4104783076208614,0.4990311573055642
52,0.8666666666666667,base,base,1,0.09,0.075,95.25,21.96,0.03836511861261815,0.4104783076208614,0.4990311573055642
53,0.8833333333333333,base,base,1,0.089,0.075,95.59,21.97,0.03836511861261815,0.4104783076208614,0.4990311573055642
54,0.9,base,base,1,0.095,0.075,94.74,21.81,0.03836511861261815,0.4104783076208614,0.4990311573055642
55,0.9166666666666666,base,base,1,0.089,0.075,94.15,21.76,0.03836511861261815,0.4104783076208614,0.4990311573055642
56,0.9333333333333333,base,base,1,0.089,0.075,94.92,21.98,0.03836511861261815,0.4104783076208614,0.4990311573055642
57,0.95,base,base,1,0.095,0.075,94.88,21.9,0.03836511861261815,0.4104783076208614,0.4990311573055642
58,0.9666666666666667,base,base,1,0.09,0.075,94.75,21.89,0.03836511861261815,0.4104783076208614,0.4990311573055642
59,0.9833333333333333,base,base,1,0.086,0.075,94.72,21.9,0.03836511861261815,0.4104783076208614,0.4990311573055642
60,1.0,base,base,1,0.086,0.075,94.52,21.9,0.03836511861261815,0.4104783076208614,0.4990311573055642
61,1.0166666666666666,base,base,1,0.088,0.075,95.12,22.07,0.03836511861261815,0.4104783076208614,0.4990311573055642
62,1.0333333333333334,base,base,1,0.093,0.075,94.91,21.97,0.03836511861261815,0.4104783076208614,0.4990311573055642
63,1.05,base,base,1,0.092,0.075,95.33,21.97,0.03836511861261815,0.4104783076208614,0.4990311573055642
64,1.0666666666666667,base,base,1,0.09,0.075,95.2,22.01,0.03836511861261815,0.4104783076208614,0.4990311573055642
65,1.0833333333333333,base,base,1,0.089,0.075,95.97,22.01,0.03836511861261815,0.4104783076208614,0.4990311573055642
66,1.1,base,base,1,0.087,0.075,94.31,22.17,0.03836511861261815,0.4104783076208614,0.4990311573055642
67,1.1166666666666667,base,base,1,0.089,0.075,95.11,22.01,0.03836511861261815,0.4104783076208614,0.4990311573055642
68,1.1333333333333333,base,base,1,0.086,0.075,95.32,22.02,0.03836511861261815,0.4104783076208614,0.4990311573055642
69,1.15,base,base,1,0.089,0.075,94.88,21.95,0.03836511861261815,0.4104783076208614,0.4990311573055642
70,1.1666666666666667,base,base,1,0.093,0.075,93.67,21.77,0.03836511861261815,0.4104783076208614,0.4990311573055642
71,1.1833333333333333,base,base,1,0.089,0.075,95.13,21.95,0.03836511861261815,0.4104783076208614,0.4990311573055642
72,1.2,base,base,1,0.09,0.075,94.15,21.85,0.03836511861261815,0.4104783076208614,0.4990311573055642
73,1.2166666666666666,base,base,1,0.095,0.075,94.56,21.85,0.03836511861261815,0.4104783076208614,0.4990311573055642
74,1.2333333333333334,base,base,1,0.096,0.075,94.12,21.88,0.03836511861261815,0.4104783076208614,0.4990311573055642
75,1.25,base,base,1,0.093,0.075,93.7,21.7,0.03836511861261815,0.4104783076208614,0.4990311573055642
76,1.2666666666666666,base,base,1,0.102,0.075,92.33,21.57,0.03836511861261815,0.4104783076208614,0.4990311573055642
77,1.2833333333333334,base,base,1,0.111,0.075,93.7,21.82,0.03836511861261815,0.4104783076208614,0.4990311573055642
78,1.3,base,base,1,0.111,0.075,94.62,21.93,0.03836511861261815,0.4104783076208614,0.4990311573055642
79,1.3166666666666667,base,base,1,0.116,0.075,93.69,22.14,0.03836511861261815,0.4104783076208614,0.4990311573055642
80,1.3333333333333333,base,base,1,0.148,0.075,93.65,22.05,0.03836511861261815,0.4104783076208614,0.4990311573055642
81,1.35,base,base,1,0.138,0.075,93.54,21.96,0.03836511861261815,0.4104783076208614,0.4990311573055642
82,1.3666666666666667,base,base,1,0.125,0.075,93.41,21.88,0.03836511861261815,0.4104783076208614,0.4990311573055642
83,1.3833333333333333,base,base,1,0.116,0.075,93.38,21.86,0.03836511861261815,0.4104783076208614,0.4990311573055642
84,1.4,base,base,1,0.108,0.075,93.65,21.84,0.03836511861261815,0.4104783076208614,0.4990311573055642
85,1.4166666666666667,base,base,1,0.116,0.075,94.04,21.82,0.03836511861261815,0.4104783076208614,0.4990311573055642
86,1.4333333333333333,base,base,1,0.122,0.075,94.45,21.9,0.03836511861261815,0.4104783076208614,0.4990311573055642
87,1.45,base,base,1,0.11,0.075,94.31,21.87,0.03836511861261815,0.4104783076208614,0.4990311573055642
88,1.4666666666666666,base,base,1,0.099,0.075,93.34,21.73,0.03836511861261815,0.4104783076208614,0.4990311573055642
89,1.4833333333333334,base,base,1,0.093,0.075,94.61,21.96,0.03836511861261815,0.4104783076208614,0.4990311573055642
90,1.5,base,base,1,0.092,0.075,94.94,21.84,0.03836511861261815,0.4104783076208614,0.4990311573055642
91,1.5166666666666666,base,base,1,0.093,0.075,94.63,21.68,0.03836511861261815,0.4104783076208614,0.4990311573055642
92,1.5333333333333334,base,base,1,0.088,0.075,94.22,21.67,0.03836511861261815,0.4104783076208614,0.4990311573055642
93,1.55,base,base,1,0.086,0.075,93.25,21.57,0.03836511861261815,0.4104783076208614,0.4990311573055642
94,1.5666666666666667,base,base,1,0.09,0.075,94.21,21.73,0.03836511861261815,0.4104783076208614,0.4990311573055642
95,1.5833333333333333,base,base,1,0.092,0.075,93.11,21.61,0.03836511861261815,0.4104783076208614,0.4990311573055642
96,1.6,base,base,1,0.095,0.075,93.38,21.63,0.03836511861261815,0.4104783076208614,0.4990311573055642
97,1.6166666666666667,base,base,1,0.1,0.075,93.97,21.61,0.03836511861261815,0.4104783076208614,0.4990311573055642
98,1.6333333333333333,base,base,1,0.097,0.075,93.58,21.63,0.03836511861261815,0.4104783076208614,0.4990311573055642
99,1.65,base,base,1,0.101,0.075,92.14,21.24,0.03836511861261815,0.4104783076208614,0.4990311573055642
100,1.6666666666666667,base,base,1,0.092,0.075,93.99,21.77,0.03836511861261815,0.4104783076208614,0.4990311573055642
101,1.6833333333333333,base,base,1,0.092,0.075,94.82,21.73,0.03836511861261815,0.4104783076208614,0.4990311573055642
102,1.7,base,base,1,0.099,0.075,94.79,21.83,0.03836511861261815,0.4104783076208614,0.4990311573055642
103,1.7166666666666666,base,base,1,0.093,0.075,94.59,21.88,0.03836511861261815,0.4104783076208614,0.4990311573055642
104,1.7333333333333334,base,base,1,0.093,0.075,94.9,22.03,0.03836511861261815,0.4104783076208614,0.4990311573055642
105,1.75,base,base,1,0.094,0.075,93.51,21.64,0.03836511861261815,0.4104783076208614,0.4990311573055642
106,1.7666666666666666,base,base,1,0.087,0.075,93.71,21.66,0.03836511861261815,0.4104783076208614,0.4990311573055642
107,1.7833333333333334,base,base,1,0.094,0.075,94.36,21.88,0.03836511861261815,0.4104783076208614,0.4990311573055642
108,1.8,base,base,1,0.09,0.075,94.77,21.9,0.03836511861261815,0.4104783076208614,0.4990311573055642
109,1.8166666666666667,base,base,1,0.085,0.075,95.52,21.93,0.03836511861261815,0.4104783076208614,0.4990311573055642
110,1.8333333333333333,base,base,1,0.086,0.075,94.25,21.76,0.03836511861261815,0.4104783076208614,0.4990311573055642
111,1.85,base,base,1,0.083,0.075,94.0,21.71,0.03836511861261815,0.4104783076208614,0.4990311573055642
112,1.8666666666666667,base,base,1,0.084,0.075,94.32,21.8,0.03836511861261815,0.4104783076208614,0.4990311573055642
113,1.8833333333333333,base,base,1,0.081,0.075,94.33,21.81,0.03836511861261815,0.4104783076208614,0.4990311573055642
114,1.9,base,base,1,0.082,0.075,94.74,21.83,0.03836511861261815,0.4104783076208614,0.4990311573055642
115,1.9166666666666667,base,base,1,0.087,0.075,93.35,21.75,0.03836511861261815,0.4104783076208614,0.4990311573055642
116,1.9333333333333333,base,base,1,0.091,0.075,93.89,21.83,0.03836511861261815,0.4104783076208614,0.4990311573055642
117,1.95,base,base,1,0.095,0.075,93.37,21.7,0.03836511861261815,0.4104783076208614,0.4990311573055642
118,1.9666666666666666,base,base,1,0.109,0.076,93.73,21.8,0.03836511861261815,0.4104783076208614,0.4990311573055642
119,1.9833333333333334,base,base,1,0.107,0.076,94.12,21.93,0.03836511861261815,0.4104783076208614,0.4990311573055642
120,2.0,base,base,1,0.105,0.076,93.89,21.92,0.03836511861261815,0.4104783076208614,0.4990311573055642
121,2.0166666666666666,base,base,1,0.126,0.076,94.67,21.82,0.03836511861261815,0.4104783076208614,0.4990311573055642
122,2.033333333333333,base,base,1,0.106,0.076,94.05,21.91,0.03836511861261815,0.4104783076208614,0.4990311573055642
123,2.05,base,base,1,0.107,0.076,94.77,22.09,0.03836511861261815,0.4104783076208614,0.4990311573055642
124,2.066666666666667,base,base,1,0.107,0.076,94.74,22.05,0.03836511861261815,0.4104783076208614,0.4990311573055642
125,2.0833333333333335,base,base,1,0.105,0.076,94.22,22.04,0.03836511861261815,0.4104783076208614,0.4990311573055642
126,2.1,base,base,1,0.118,0.076,93.99,22.2,0.03836511861261815,0.4104783076208614,0.4990311573055642
127,2.1166666666666667,base,base,1,0.107,0.076,93.87,22.15,0.03836511861261815,0.4104783076208614,0.4990311573055642
128,2.1333333333333333,base,base,1,0.105,0.076,94.33,22.1,0.03836511861261815,0.4104783076208614,0.4990311573055642
129,2.15,base,base,1,0.104,0.076,94.29,22.05,0.03836511861261815,0.4104783076208614,0.4990311573055642
130,2.1666666666666665,base,base,1,0.102,0.076,93.87,21.83,0.03836511861261815,0.4104783076208614,0.4990311573055642
131,2.183333333333333,base,base,1,0.099,0.076,94.72,21.94,0.03836511861261815,0.4104783076208614,0.4990311573055642
132,2.2,base,base,1,0.094,0.076,94.21,21.81,0.03836511861261815,0.4104783076208614,0.4990311573055642
133,2.216666666666667,base,base,1,0.102,0.076,93.69,21.52,0.03836511861261815,0.4104783076208614,0.4990311573055642
134,2.2333333333333334,base,base,1,0.095,0.076,93.68,21.58,0.03836511861261815,0.4104783076208614,0.4990311573055642
135,2.25,base,base,1,0.091,0.076,94.77,21.91,0.03836511861261815,0.4104783076208614,0.4990311573055642
136,2.2666666666666666,base,base,1,0.093,0.076,94.06,21.78,0.03836511861261815,0.4104783076208614,0.4990311573055642
137,2.283333333333333,base,base,1,0.095,0.076,93.7,21.72,0.03836511861261815,0.4104783076208614,0.4990311573055642
138,2.3,base,base,1,0.09,0.076,93.84,21.67,0.03836511861261815,0.4104783076208614,0.4990311573055642
139,2.316666666666667,base,base,1,0.091,0.076,94.37,21.81,0.03836511861261815,0.4104783076208614,0.4990311573055642
140,2.3333333333333335,base,base,1,0.09,0.076,94.31,21.84,0.03836511861261815,0.4104783076208614,0.4990311573055642
141,2.35,base,base,1,0.085,0.076,94.2,21.56,0.03836511861261815,0.4104783076208614,0.4990311573055642
142,2.3666666666666667,base,base,1,0.084,0.076,94.09,21.6,0.03836511861261815,0.4104783076208614,0.4990311573055642
143,2.3833333333333333,base,base,1,0.085,0.076,95.16,21.73,0.03836511861261815,0.4104783076208614,0.4990311573055642
144,2.4,base,base,1,0.089,0.076,95.07,21.9,0.03836511861261815,0.4104783076208614,0.4990311573055642
145,2.4166666666666665,base,base,1,0.087,0.076,95.23,22.01,0.03836511861261815,0.4104783076208614,0.4990311573055642
146,2.433333333333333,base,base,1,0.095,0.077,95.85,21.99,0.03836511861261815,0.4104783076208614,0.4990311573055642
147,2.45,base,base,1,0.099,0.077,95.29,22.01,0.03836511861261815,0.4104783076208614,0.4990311573055642
148,2.466666666666667,base,base,1,0.094,0.077,94.99,21.95,0.03836511861261815,0.4104783076208614,0.4990311573055642
149,2.4833333333333334,base,base,1,0.09,0.077,94.39,21.73,0.03836511861261815,0.4104783076208614,0.4990311573055642
150,2.5,base,base,1,0.089,0.077,93.84,21.7,0.03836511861261815,0.4104783076208614,0.4990311573055642
151,2.5166666666666666,base,base,1,0.09,0.077,94.12,21.67,0.03836511861261815,0.4104783076208614,0.4990311573055642
152,2.533333333333333,base,base,1,0.091,0.077,93.22,21.65,0.03836511861261815,0.4104783076208614,0.4990311573055642
153,2.55,base,base,1,0.093,0.078,93.62,21.68,0.03836511861261815,0.4104783076208614,0.4990311573055642
154,2.566666666666667,base,base,1,0.097,0.078,93.81,21.77,0.03836511861261815,0.4104783076208614,0.4990311573055642
155,2.5833333333333335,base,base,1,0.108,0.078,94.53,21.88,0.03836511861261815,0.4104783076208614,0.4990311573055642
156,2.6,base,base,1,0.102,0.078,94.93,21.95,0.03836511861261815,0.4104783076208614,0.4990311573055642
157,2.6166666666666667,base,base,1,0.095,0.08,95.2,21.91,0.03836511861261815,0.4104783076208614,0.4990311573055642
158,2.6333333333333333,base,base,1,0.089,0.081,94.39,21.86,0.03836511861261815,0.4104783076208614,0.4990311573055642
159,2.65,base,base,1,0.087,0.082,95.18,21.85,0.03836511861261815,0.4104783076208614,0.4990311573055642
160,2.6666666666666665,base,base,1,0.085,0.088,93.85,21.6,0.03836511861261815,0.4104783076208614,0.4990311573055642
161,2.683333333333333,base,base,1,0.087,0.09,94.67,21.66,0.03836511861261815,0.4104783076208614,0.4990311573055642
162,2.7,base,base,1,0.085,0.103,94.3,21.59,0.03836511861261815,0.4104783076208614,0.4990311573055642
163,2.716666666666667,base,base,1,0.085,0.116,94.48,21.61,0.03836511861261815,0.4104783076208614,0.4990311573055642
164,2.7333333333333334,base,base,1,0.087,0.124,93.56,21.49,0.03836511861261815,0.4104783076208614,0.4990311573055642
165,2.75,base,base,1,0.087,0.143,93.24,21.47,0.03836511861261815,0.4104783076208614,0.4990311573055642
166,2.7666666666666666,base,base,1,0.094,0.171,92.12,21.23,0.03836511861261815,0.4104783076208614,0.4990311573055642
167,2.783333333333333,base,base,1,0.097,0.214,92.88,21.42,0.03836511861261815,0.4104783076208614,0.4990311573055642
168,2.8,base,base,1,0.094,0.325,92.94,21.54,0.03836511861261815,0.4104783076208614,0.4990311573055642
169,2.816666666666667,base,base,1,0.093,0.439,94.5,21.78,0.03836511861261815,0.4104783076208614,0.4990311573055642
170,2.8333333333333335,base,win,0,0.101,0.499,94.07,21.81,0.034747113215071186,0.3693817497054488,0.4758360887540544
171,2.85,base,base,1,0.096,0.489,93.97,21.85,0.03836511861261815,0.4104783076208614,0.4990311573055642
172,2.8666666666666667,base,base,1,0.106,0.336,93.89,21.71,0.03836511861261815,0.4104783076208614,0.4990311573055642
173,2.8833333333333333,base,base,1,0.101,0.283,93.44,21.78,0.03836511861261815,0.4104783076208614,0.4990311573055642
174,2.9,base,base,1,0.102,0.155,94.67,22.01,0.03836511861261815,0.4104783076208614,0.4990311573055642
175,2.9166666666666665,base,base,1,0.107,0.096,93.77,22.27,0.03836511861261815,0.4104783076208614,0.4990311573055642
176,2.933333333333333,base,base,1,0.118,0.083,93.48,22.1,0.03836511861261815,0.4104783076208614,0.4990311573055642
177,2.95,base,base,1,0.109,0.079,94.01,21.84,0.03836511861261815,0.4104783076208614,0.4990311573055642
178,2.966666666666667,base,base,1,0.096,0.079,93.57,21.81,0.03836511861261815,0.4104783076208614,0.4990311573055642
179,2.9833333333333334,base,base,1,0.09,0.078,93.28,21.78,0.03836511861261815,0.4104783076208614,0.4990311573055642
180,3.0,base,base,1,0.087,0.078,93.19,21.75,0.03836511861261815,0.4104783076208614,0.4990311573055642
181,3.0166666666666666,base,base,1,0.086,0.077,93.65,21.76,0.03836511861261815,0.4104783076208614,0.4990311573055642
182,3.033333333333333,base,base,1,0.097,0.076,92.54,21.54,0.03836511861261815,0.4104783076208614,0.4990311573055642
183,3.05,base,base,1,0.099,0.077,92.35,21.39,0.03836511861261815,0.4104783076208614,0.4990311573055642
184,3.066666666666667,base,base,1,0.094,0.077,92.25,21.54,0.03836511861261815,0.4104783076208614,0.4990311573055642
185,3.0833333333333335,base,base,1,0.088,0.076,92.16,21.41,0.03836511861261815,0.4104783076208614,0.4990311573055642
186,3.1,base,base,1,0.089,0.076,93.51,21.68,0.03836511861261815,0.4104783076208614,0.4990311573055642
187,3.1166666666666667,base,base,1,0.085,0.076,93.83,21.84,0.03836511861261815,0.4104783076208614,0.4990311573055642
188,3.1333333333333333,base,base,1,0.09,0.076,93.25,21.81,0.03836511861261815,0.4104783076208614,0.4990311573055642
189,3.15,base,base,1,0.087,0.076,92.86,21.77,0.03836511861261815,0.4104783076208614,0.4990311573055642
190,3.1666666666666665,base,base,1,0.085,0.076,93.48,21.9,0.03836511861261815,0.4104783076208614,0.4990311573055642
191,3.183333333333333,base,base,1,0.081,0.076,93.89,22.0,0.03836511861261815,0.4104783076208614,0.4990311573055642
192,3.2,base,base,1,0.083,0.076,92.84,21.81,0.03836511861261815,0.4104783076208614,0.4990311573055642
193,3.216666666666667,base,base,1,0.083,0.076,92.81,21.86,0.03836511861261815,0.4104783076208614,0.4990311573055642
194,3.2333333333333334,base,base,1,0.081,0.076,92.99,21.9,0.03836511861261815,0.4104783076208614,0.4990311573055642
195,3.25,base,base,1,0.08,0.076,93.72,21.87,0.03836511861261815,0.4104783076208614,0.4990311573055642
196,3.2666666666666666,base,base,1,0.08,0.076,92.95,21.75,0.03836511861261815,0.4104783076208614,0.4990311573055642
197,3.283333333333333,base,base,1,0.081,0.076,92.96,21.82,0.03836511861261815,0.4104783076208614,0.4990311573055642
198,3.3,base,base,1,0.08,0.076,92.45,21.69,0.03836511861261815,0.4104783076208614,0.4990311573055642
199,3.316666666666667,base,base,1,0.082,0.076,92.07,21.6,0.03836511861261815,0.4104783076208614,0.4990311573055642
200,3.3333333333333335,base,base,1,0.083,0.076,91.36,21.39,0.03836511861261815,0.4104783076208614,0.4990311573055642
201,3.35,base,base,1,0.081,0.076,91.42,21.34,0.03836511861261815,0.4104783076208614,0.4990311573055642
202,3.3666666666666667,base,base,1,0.087,0.076,91.34,21.42,0.03836511861261815,0.4104783076208614,0.4990311573055642
203,3.3833333333333333,base,base,1,0.085,0.076,91.13,21.35,0.03836511861261815,0.4104783076208614,0.4990311573055642
204,3.4,base,base,1,0.088,0.075,92.21,21.38,0.03836511861261815,0.4104783076208614,0.4990311573055642
205,3.4166666666666665,base,base,1,0.093,0.075,91.69,21.34,0.03836511861261815,0.4104783076208614,0.4990311573055642
206,3.433333333333333,base,base,1,0.096,0.075,92.41,21.45,0.03836511861261815,0.4104783076208614,0.4990311573055642
207,3.45,base,base,1,0.092,0.075,93.43,21.79,0.03836511861261815,0.4104783076208614,0.4990311573055642
208,3.466666666666667,base,base,1,0.099,0.075,92.03,21.49,0.03836511861261815,0.4104783076208614,0.4990311573055642
209,3.4833333333333334,base,base,1,0.099,0.075,92.49,21.41,0.03836511861261815,0.4104783076208614,0.4990311573055642
210,3.5,base,base,1,0.098,0.075,93.28,21.7,0.03836511861261815,0.4104783076208614,0.4990311573055642
211,3.5166666666666666,base,base,1,0.099,0.075,93.9,21.79,0.03836511861261815,0.4104783076208614,0.4990311573055642
212,3.533333333333333,base,base,1,0.094,0.075,94.07,22.04,0.03836511861261815,0.4104783076208614,0.4990311573055642
213,3.55,base,base,1,0.088,0.075,92.63,21.71,0.03836511861261815,0.4104783076208614,0.4990311573055642
214,3.566666666666667,base,base,1,0.088,0.075,93.23,21.75,0.03836511861261815,0.4104783076208614,0.4990311573055642
215,3.5833333333333335,base,base,1,0.086,0.075,93.36,21.8,0.03836511861261815,0.4104783076208614,0.4990311573055642
216,3.6,base,base,1,0.083,0.075,93.18,21.72,0.03836511861261815,0.4104783076208614,0.4990311573055642
217,3.6166666666666667,base,base,1,0.086,0.075,92.79,21.72,0.03836511861261815,0.4104783076208614,0.4990311573055642
218,3.6333333333333333,base,base,1,0.084,0.075,93.5,21.69,0.03836511861261815,0.4104783076208614,0.4990311573055642
219,3.65,base,base,1,0.088,0.075,92.92,21.8,0.03836511861261815,0.4104783076208614,0.4990311573055642
220,3.6666666666666665,base,base,1,0.084,0.075,92.6,21.56,0.03836511861261815,0.4104783076208614,0.4990311573055642
221,3.683333333333333,base,base,1,0.088,0.075,91.67,21.42,0.03836511861261815,0.4104783076208614,0.4990311573055642
222,3.7,base,base,1,0.084,0.075,93.19,21.64,0.03836511861261815,0.4104783076208614,0.4990311573055642
223,3.716666666666667,base,base,1,0.087,0.075,93.27,21.65,0.03836511861261815,0.4104783076208614,0.4990311573055642
224,3.7333333333333334,base,base,1,0.088,0.075,92.87,21.57,0.03836511861261815,0.4104783076208614,0.4990311573055642
225,3.75,base,base,1,0.093,0.075,91.82,21.31,0.03836511861261815,0.4104783076208614,0.4990311573055642
226,3.7666666666666666,base,base,1,0.093,0.075,92.88,21.55,0.03836511861261815,0.4104783076208614,0.4990311573055642
227,3.783333333333333,base,base,1,0.091,0.075,93.76,21.73,0.03836511861261815,0.4104783076208614,0.4990311573055642
228,3.8,base,base,1,0.097,0.075,93.08,21.56,0.03836511861261815,0.4104783076208614,0.4990311573055642
229,3.816666666666667,base,base,1,0.096,0.075,93.17,21.54,0.03836511861261815,0.4104783076208614,0.4990311573055642
230,3.8333333333333335,base,base,1,0.111,0.075,93.53,21.56,0.03836511861261815,0.4104783076208614,0.4990311573055642
231,3.85,base,base,1,0.096,0.075,93.39,21.68,0.03836511861261815,0.4104783076208614,0.4990311573055642
232,3.8666666666666667,base,base,1,0.091,0.075,94.34,21.85,0.03836511861261815,0.4104783076208614,0.4990311573055642
233,3.8833333333333333,base,base,1,0.084,0.075,93.41,21.69,0.03836511861261815,0.4104783076208614,0.4990311573055642
234,3.9,base,base,1,0.085,0.075,93.7,21.66,0.03836511861261815,0.4104783076208614,0.4990311573055642
235,3.9166666666666665,base,base,1,0.09,0.075,94.05,21.7,0.03836511861261815,0.4104783076208614,0.4990311573055642
236,3.933333333333333,base,base,1,0.092,0.075,93.1,21.61,0.03836511861261815,0.4104783076208614,0.4990311573055642
237,3.95,base,base,1,0.095,0.075,93.7,21.62,0.03836511861261815,0.4104783076208614,0.4990311573055642
238,3.966666666666667,base,base,1,0.098,0.075,93.09,21.56,0.03836511861261815,0.4104783076208614,0.4990311573055642
239,3.9833333333333334,base,base,1,0.098,0.075,91.86,21.5,0.03836511861261815,0.4104783076208614,0.4990311573055642
240,4.0,base,base,1,0.091,0.075,93.0,21.52,0.03836511861261815,0.4104783076208614,0.4990311573055642
241,4.016666666666667,base,base,1,0.097,0.075,92.64,21.52,0.03836511861261815,0.4104783076208614,0.4990311573055642
242,4.033333333333333,base,base,1,0.093,0.075,92.43,21.43,0.03836511861261815,0.4104783076208614,0.4990311573055642
243,4.05,base,base,1,0.09,0.075,93.06,21.52,0.03836511861261815,0.4104783076208614,0.4990311573055642
244,4.066666666666666,base,base,1,0.099,0.075,92.93,21.58,0.03836511861261815,0.4104783076208614,0.4990311573055642
245,4.083333333333333,base,base,1,0.094,0.075,94.13,21.85,0.03836511861261815,0.4104783076208614,0.4990311573055642
246,4.1,base,base,1,0.088,0.075,93.61,21.71,0.03836511861261815,0.4104783076208614,0.4990311573055642
247,4.116666666666666,base,base,1,0.085,0.075,93.36,21.69,0.03836511861261815,0.4104783076208614,0.4990311573055642
248,4.133333333333334,base,base,1,0.08,0.075,92.76,21.68,0.03836511861261815,0.4104783076208614,0.4990311573055642
249,4.15,base,base,1,0.08,0.075,93.55,21.8,0.03836511861261815,0.4104783076208614,0.4990311573055642
250,4.166666666666667,base,base,1,0.08,0.075,93.44,21.9,0.03836511861261815,0.4104783076208614,0.4990311573055642
251,4.183333333333334,base,base,1,0.079,0.075,93.38,21.88,0.03836511861261815,0.4104783076208614,0.4990311573055642
252,4.2,base,base,1,0.078,0.075,93.16,21.87,0.03836511861261815,0.4104783076208614,0.4990311573055642
253,4.216666666666667,base,base,1,0.08,0.075,93.51,21.86,0.03836511861261815,0.4104783076208614,0.4990311573055642
254,4.233333333333333,base,base,1,0.079,0.075,93.12,21.7,0.03836511861261815,0.4104783076208614,0.4990311573055642
255,4.25,base,base,1,0.079,0.075,93.65,21.69,0.03836511861261815,0.4104783076208614,0.4990311573055642
256,4.266666666666667,base,base,1,0.08,0.075,93.18,21.72,0.03836511861261815,0.4104783076208614,0.4990311573055642
257,4.283333333333333,base,base,1,0.08,0.075,93.42,21.71,0.03836511861261815,0.4104783076208614,0.4990311573055642
258,4.3,base,base,1,0.08,0.075,93.06,21.64,0.03836511861261815,0.4104783076208614,0.4990311573055642
259,4.316666666666666,base,base,1,0.088,0.075,92.75,21.48,0.03836511861261815,0.4104783076208614,0.4990311573055642
260,4.333333333333333,base,base,1,0.087,0.075,92.72,21.54,0.03836511861261815,0.4104783076208614,0.4990311573055642
261,4.35,base,base,1,0.082,0.075,92.65,21.72,0.03836511861261815,0.4104783076208614,0.4990311573055642
262,4.366666666666666,base,base,1,0.079,0.075,92.47,21.7,0.03836511861261815,0.4104783076208614,0.4990311573055642
263,4.383333333333334,base,base,1,0.079,0.075,92.15,21.5,0.03836511861261815,0.4104783076208614,0.4990311573055642
264,4.4,base,base,1,0.082,0.075,92.09,21.42,0.03836511861261815,0.4104783076208614,0.4990311573055642
265,4.416666666666667,base,base,1,0.085,0.075,92.47,21.33,0.03836511861261815,0.4104783076208614,0.4990311573055642
266,4.433333333333334,base,base,1,0.087,0.075,91.96,21.43,0.03836511861261815,0.4104783076208614,0.4990311573055642
267,4.45,base,base,1,0.088,0.075,92.03,21.26,0.03836511861261815,0.4104783076208614,0.4990311573055642
268,4.466666666666667,base,base,1,0.083,0.075,93.12,21.72,0.03836511861261815,0.4104783076208614,0.4990311573055642
269,4.483333333333333,base,base,1,0.08,0.075,93.34,21.78,0.03836511861261815,0.4104783076208614,0.4990311573055642
270,4.5,base,base,1,0.08,0.075,93.2,21.94,0.03836511861261815,0.4104783076208614,0.4990311573055642
271,4.516666666666667,base,base,1,0.082,0.075,92.95,21.77,0.03836511861261815,0.4104783076208614,0.4990311573055642
272,4.533333333333333,base,base,1,0.086,0.075,93.66,21.82,0.03836511861261815,0.4104783076208614,0.4990311573055642
273,4.55,base,base,1,0.084,0.075,93.18,21.62,0.03836511861261815,0.4104783076208614,0.4990311573055642
274,4.566666666666666,base,base,1,0.086,0.075,92.77,21.58,0.03836511861261815,0.4104783076208614,0.4990311573055642
275,4.583333333333333,base,base,1,0.09,0.075,92.97,21.53,0.03836511861261815,0.4104783076208614,0.4990311573055642
276,4.6,base,base,1,0.088,0.075,94.59,21.79,0.03836511861261815,0.4104783076208614,0.4990311573055642
277,4.616666666666666,base,base,1,0.083,0.075,93.55,21.77,0.03836511861261815,0.4104783076208614,0.4990311573055642
278,4.633333333333334,base,base,1,0.082,0.075,92.86,21.81,0.03836511861261815,0.4104783076208614,0.4990311573055642
279,4.65,base,base,1,0.084,0.075,93.85,21.84,0.03836511861261815,0.4104783076208614,0.4990311573055642
280,4.666666666666667,base,base,1,0.084,0.075,93.95,21.82,0.03836511861261815,0.4104783076208614,0.4990311573055642
281,4.683333333333334,base,base,1,0.084,0.075,92.9,21.8,0.03836511861261815,0.4104783076208614,0.4990311573055642
282,4.7,base,base,1,0.084,0.075,93.59,21.76,0.03836511861261815,0.4104783076208614,0.4990311573055642
283,4.716666666666667,base,base,1,0.083,0.075,93.71,21.88,0.03836511861261815,0.4104783076208614,0.4990311573055642
284,4.733333333333333,base,base,1,0.083,0.075,93.82,21.85,0.03836511861261815,0.4104783076208614,0.4990311573055642
285,4.75,base,base,1,0.085,0.075,94.27,21.85,0.03836511861261815,0.4104783076208614,0.4990311573055642
286,4.766666666666667,base,base,1,0.083,0.075,93.02,21.77,0.03836511861261815,0.4104783076208614,0.4990311573055642
287,4.783333333333333,base,base,1,0.083,0.075,94.06,21.73,0.03836511861261815,0.4104783076208614,0.4990311573055642
288,4.8,base,base,1,0.085,0.075,94.55,21.93,0.03836511861261815,0.4104783076208614,0.4990311573055642
289,4.816666666666666,base,base,1,0.082,0.075,94.25,21.66,0.03836511861261815,0.4104783076208614,0.4990311573055642
290,4.833333333333333,base,base,1,0.083,0.075,93.71,21.85,0.03836511861261815,0.4104783076208614,0.4990311573055642
291,4.85,base,base,1,0.08,0.075,93.79,21.76,0.03836511861261815,0.4104783076208614,0.4990311573055642
292,4.866666666666666,base,base,1,0.081,0.075,93.43,21.75,0.03836511861261815,0.4104783076208614,0.4990311573055642
293,4.883333333333334,base,base,1,0.085,0.075,92.59,21.55,0.03836511861261815,0.4104783076208614,0.4990311573055642
294,4.9,base,base,1,0.087,0.075,92.93,21.61,0.03836511861261815,0.4104783076208614,0.4990311573055642
295,4.916666666666667,base,base,1,0.084,0.075,92.95,21.66,0.03836511861261815,0.4104783076208614,0.4990311573055642
296,4.933333333333334,base,base,1,0.082,0.075,93.13,21.53,0.03836511861261815,0.4104783076208614,0.4990311573055642
297,4.95,base,base,1,0.095,0.075,93.16,21.65,0.03836511861261815,0.4104783076208614,0.4990311573055642
298,4.966666666666667,base,base,1,0.084,0.075,93.19,21.57,0.03836511861261815,0.4104783076208614,0.4990311573055642
299,4.983333333333333,base,base,1,0.081,0.075,92.77,21.54,0.03836511861261815,0.4104783076208614,0.4990311573055642
300,5.0,base,base,1,0.08,0.075,93.53,21.46,0.03836511861261815,0.4104783076208614,0.4990311573055642
301,5.016666666666667,base,base,1,0.082,0.075,94.08,21.65,0.03836511861261815,0.4104783076208614,0.4990311573055642
302,5.033333333333333,base,base,1,0.081,0.075,93.19,21.7,0.03836511861261815,0.4104783076208614,0.4990311573055642
303,5.05,base,base,1,0.081,0.075,94.5,21.76,0.03836511861261815,0.4104783076208614,0.4990311573055642
304,5.066666666666666,base,base,1,0.082,0.075,94.55,21.79,0.03836511861261815,0.4104783076208614,0.4990311573055642
305,5.083333333333333,base,base,1,0.081,0.075,94.15,21.84,0.03836511861261815,0.4104783076208614,0.4990311573055642
306,5.1,base,base,1,0.08,0.075,94.61,21.92,0.03836511861261815,0.4104783076208614,0.4990311573055642
307,5.116666666666666,base,base,1,0.079,0.075,94.21,21.91,0.03836511861261815,0.4104783076208614,0.4990311573055642
308,5.133333333333334,base,base,1,0.079,0.075,94.26,21.79,0.03836511861261815,0.4104783076208614,0.4990311573055642
309,5.15,base,base,1,0.08,0.075,93.39,21.69,0.03836511861261815,0.4104783076208614,0.4990311573055642
310,5.166666666666667,base,base,1,0.08,0.075,93.86,21.85,0.03836511861261815,0.4104783076208614,0.4990311573055642
311,5.183333333333334,base,base,1,0.079,0.075,93.12,21.5,0.03836511861261815,0.4104783076208614,0.4990311573055642
312,5.2,base,base,1,0.084,0.075,93.67,21.63,0.03836511861261815,0.4104783076208614,0.4990311573055642
313,5.216666666666667,base,base,1,0.083,0.075,93.55,21.53,0.03836511861261815,0.4104783076208614,0.4990311573055642
314,5.233333333333333,base,base,1,0.084,0.075,93.82,21.7,0.03836511861261815,0.4104783076208614,0.4990311573055642
315,5.25,base,base,1,0.083,0.075,93.89,21.83,0.03836511861261815,0.4104783076208614,0.4990311573055642
316,5.266666666666667,base,base,1,0.079,0.075,93.77,21.9,0.03836511861261815,0.4104783076208614,0.4990311573055642
317,5.283333333333333,base,base,1,0.082,0.075,94.1,21.74,0.03836511861261815,0.4104783076208614,0.4990311573055642
318,5.3,base,base,1,0.081,0.075,93.54,21.64,0.03836511861261815,0.4104783076208614,0.4990311573055642
319,5.316666666666666,base,base,1,0.082,0.075,93.08,21.56,0.03836511861261815,0.4104783076208614,0.4990311573055642
320,5.333333333333333,base,base,1,0.083,0.075,92.89,21.67,0.03836511861261815,0.4104783076208614,0.4990311573055642
321,5.35,base,base,1,0.083,0.075,93.8,21.75,0.03836511861261815,0.4104783076208614,0.4990311573055642
322,5.366666666666666,base,base,1,0.081,0.075,94.23,21.8,0.03836511861261815,0.4104783076208614,0.4990311573055642
323,5.383333333333334,base,base,1,0.079,0.075,93.41,21.62,0.03836511861261815,0.4104783076208614,0.4990311573055642
324,5.4,base,base,1,0.079,0.075,93.86,21.75,0.03836511861261815,0.4104783076208614,0.4990311573055642
325,5.416666666666667,base,base,1,0.08,0.075,93.73,21.62,0.03836511861261815,0.4104783076208614,0.4990311573055642
326,5.433333333333334,base,base,1,0.081,0.075,93.28,21.6,0.03836511861261815,0.4104783076208614,0.4990311573055642
327,5.45,base,base,1,0.081,0.075,92.54,21.5,0.03836511861261815,0.4104783076208614,0.4990311573055642
328,5.466666666666667,base,base,1,0.083,0.075,93.12,21.51,0.03836511861261815,0.4104783076208614,0.4990311573055642
329,5.483333333333333,base,base,1,0.083,0.075,92.57,21.54,0.03836511861261815,0.4104783076208614,0.4990311573055642
330,5.5,base,base,1,0.081,0.075,92.97,21.79,0.03836511861261815,0.4104783076208614,0.4990311573055642
331,5.516666666666667,base,base,1,0.077,0.075,93.6,21.81,0.03836511861261815,0.4104783076208614,0.4990311573055642
332,5.533333333333333,base,base,1,0.077,0.075,93.48,21.86,0.03836511861261815,0.4104783076208614,0.4990311573055642
333,5.55,base,base,1,0.077,0.075,93.3,21.77,0.03836511861261815,0.4104783076208614,0.4990311573055642
334,5.566666666666666,base,base,1,0.078,0.075,93.66,21.9,0.03836511861261815,0.4104783076208614,0.4990311573055642
335,5.583333333333333,base,base,1,0.077,0.075,93.59,22.04,0.03836511861261815,0.4104783076208614,0.4990311573055642
336,5.6,base,base,1,0.077,0.075,93.95,22.1,0.03836511861261815,0.4104783076208614,0.4990311573055642
337,5.616666666666666,base,base,1,0.076,0.075,93.45,21.91,0.03836511861261815,0.4104783076208614,0.4990311573055642
338,5.633333333333334,base,base,1,0.076,0.075,93.41,21.74,0.03836511861261815,0.4104783076208614,0.4990311573055642
339,5.65,base,base,1,0.079,0.075,93.28,21.65,0.03836511861261815,0.4104783076208614,0.4990311573055642
340,5.666666666666667,base,base,1,0.083,0.075,94.58,21.88,0.03836511861261815,0.4104783076208614,0.4990311573055642
341,5.683333333333334,base,base,1,0.079,0.075,93.27,21.68,0.03836511861261815,0.4104783076208614,0.4990311573055642
342,5.7,base,base,1,0.079,0.075,93.6,21.58,0.03836511861261815,0.4104783076208614,0.4990311573055642
343,5.716666666666667,base,base,1,0.08,0.075,93.99,21.77,0.03836511861261815,0.4104783076208614,0.4990311573055642
344,5.733333333333333,base,base,1,0.08,0.075,93.57,21.72,0.03836511861261815,0.4104783076208614,0.4990311573055642
345,5.75,base,base,1,0.077,0.075,93.84,21.84,0.03836511861261815,0.4104783076208614,0.4990311573055642
346,5.766666666666667,base,base,1,0.077,0.075,93.74,21.86,0.03836511861261815,0.4104783076208614,0.4990311573055642
347,5.783333333333333,base,base,1,0.077,0.075,94.09,21.8,0.03836511861261815,0.4104783076208614,0.4990311573055642
348,5.8,base,base,1,0.077,0.075,92.84,21.6,0.03836511861261815,0.4104783076208614,0.4990311573055642
349,5.816666666666666,base,base,1,0.077,0.075,94.16,21.93,0.03836511861261815,0.4104783076208614,0.4990311573055642
350,5.833333333333333,base,base,1,0.077,0.075,93.23,21.78,0.03836511861261815,0.4104783076208614,0.4990311573055642
351,5.85,base,base,1,0.077,0.075,94.19,21.78,0.03836511861261815,0.4104783076208614,0.4990311573055642
352,5.866666666666666,base,base,1,0.077,0.075,94.21,21.89,0.03836511861261815,0.4104783076208614,0.4990311573055642
353,5.883333333333334,base,base,1,0.078,0.075,94.36,22.06,0.03836511861261815,0.4104783076208614,0.4990311573055642
354,5.9,base,base,1,0.078,0.075,94.23,22.01,0.03836511861261815,0.4104783076208614,0.4990311573055642
355,5.916666666666667,base,base,1,0.078,0.075,94.82,22.07,0.03836511861261815,0.4104783076208614,0.4990311573055642
356,5.933333333333334,base,base,1,0.078,0.075,93.4,22.26,0.03836511861261815,0.4104783076208614,0.4990311573055642
357,5.95,base,base,1,0.077,0.075,94.32,22.1,0.03836511861261815,0.4104783076208614,0.4990311573055642
358,5.966666666666667,base,base,1,0.08,0.075,93.69,21.89,0.03836511861261815,0.4104783076208614,0.4990311573055642
359,5.983333333333333,base,base,1,0.078,0.075,93.74,21.97,0.03836511861261815,0.4104783076208614,0.4990311573055642
360,6.0,base,base,1,0.078,0.075,94.52,21.86,0.03836511861261815,0.4104783076208614,0.4990311573055642
361,6.016666666666667,base,base,1,0.08,0.075,94.83,21.94,0.03836511861261815,0.4104783076208614,0.4990311573055642
362,6.033333333333333,base,base,1,0.078,0.075,94.57,21.91,0.03836511861261815,0.4104783076208614,0.4990311573055642
363,6.05,base,base,1,0.078,0.075,94.36,21.83,0.03836511861261815,0.4104783076208614,0.4990311573055642
364,6.066666666666666,base,base,1,0.078,0.075,93.97,21.94,0.03836511861261815,0.4104783076208614,0.4990311573055642
365,6.083333333333333,base,base,1,0.077,0.075,94.39,22.0,0.03836511861261815,0.4104783076208614,0.4990311573055642
366,6.1,base,base,1,0.078,0.075,94.02,22.02,0.03836511861261815,0.4104783076208614,0.4990311573055642
367,6.116666666666666,base,base,1,0.078,0.075,94.38,21.95,0.03836511861261815,0.4104783076208614,0.4990311573055642
368,6.133333333333334,base,base,1,0.076,0.075,93.93,21.85,0.03836511861261815,0.4104783076208614,0.4990311573055642
369,6.15,base,base,1,0.076,0.075,93.83,21.81,0.03836511861261815,0.4104783076208614,0.4990311573055642
370,6.166666666666667,base,base,1,0.077,0.075,93.14,21.82,0.03836511861261815,0.4104783076208614,0.4990311573055642
371,6.183333333333334,base,base,1,0.076,0.075,92.75,22.23,0.03836511861261815,0.4104783076208614,0.4990311573055642
372,6.2,base,base,1,0.076,0.075,93.96,22.05,0.03836511861261815,0.4104783076208614,0.4990311573055642
373,6.216666666666667,base,base,1,0.076,0.075,94.11,21.99,0.03836511861261815,0.4104783076208614,0.4990311573055642
374,6.233333333333333,base,base,1,0.076,0.075,93.64,22.12,0.03836511861261815,0.4104783076208614,0.4990311573055642
375,6.25,base,base,1,0.077,0.075,94.47,22.03,0.03836511861261815,0.4104783076208614,0.4990311573055642
376,6.266666666666667,base,base,1,0.078,0.075,94.27,21.93,0.03836511861261815,0.4104783076208614,0.4990311573055642
377,6.283333333333333,base,base,1,0.078,0.075,93.98,21.86,0.03836511861261815,0.4104783076208614,0.4990311573055642
378,6.3,base,base,1,0.078,0.075,93.83,21.82,0.03836511861261815,0.4104783076208614,0.4990311573055642
379,6.316666666666666,base,base,1,0.078,0.075,94.41,21.91,0.03836511861261815,0.4104783076208614,0.4990311573055642
380,6.333333333333333,base,base,1,0.078,0.075,94.35,22.01,0.03836511861261815,0.4104783076208614,0.4990311573055642
381,6.35,base,base,1,0.078,0.075,93.03,21.86,0.03836511861261815,0.4104783076208614,0.4990311573055642
382,6.366666666666666,base,base,1,0.077,0.075,93.16,21.96,0.03836511861261815,0.4104783076208614,0.4990311573055642
383,6.383333333333334,base,base,1,0.076,0.075,93.22,21.93,0.03836511861261815,0.4104783076208614,0.4990311573055642
384,6.4,base,base,1,0.077,0.075,93.49,21.94,0.03836511861261815,0.4104783076208614,0.4990311573055642
385,6.416666666666667,base,base,1,0.077,0.075,92.27,21.9,0.03836511861261815,0.4104783076208614,0.4990311573055642
386,6.433333333333334,base,base,1,0.076,0.075,94.02,22.0,0.03836511861261815,0.4104783076208614,0.4990311573055642
387,6.45,base,base,1,0.076,0.075,92.82,22.18,0.03836511861261815,0.4104783076208614,0.4990311573055642
388,6.466666666666667,base,base,1,0.076,0.075,93.21,21.86,0.03836511861261815,0.4104783076208614,0.4990311573055642
389,6.483333333333333,base,base,1,0.077,0.075,92.46,21.77,0.03836511861261815,0.4104783076208614,0.4990311573055642
390,6.5,base,base,1,0.076,0.075,93.63,22.0,0.03836511861261815,0.4104783076208614,0.4990311573055642
391,6.516666666666667,base,base,1,0.076,0.075,92.99,21.98,0.03836511861261815,0.4104783076208614,0.4990311573055642
392,6.533333333333333,base,base,1,0.076,0.075,93.68,22.02,0.03836511861261815,0.4104783076208614,0.4990311573055642
393,6.55,base,base,1,0.076,0.075,92.92,21.87,0.03836511861261815,0.4104783076208614,0.4990311573055642
394,6.566666666666666,base,base,1,0.076,0.075,93.33,22.02,0.03836511861261815,0.4104783076208614,0.4990311573055642
395,6.583333333333333,base,base,1,0.077,0.075,92.81,21.92,0.03836511861261815,0.4104783076208614,0.4990311573055642
396,6.6,base,base,1,0.076,0.075,93.0,22.03,0.03836511861261815,0.4104783076208614,0.4990311573055642
397,6.616666666666666,base,base,1,0.076,0.075,91.75,21.59,0.03836511861261815,0.4104783076208614,0.4990311573055642
398,6.633333333333334,base,base,1,0.078,0.075,93.39,21.8,0.03836511861261815,0.4104783076208614,0.4990311573055642
399,6.65,base,base,1,0.078,0.075,93.09,21.77,0.03836511861261815,0.4104783076208614,0.4990311573055642
400,6.666666666666667,base,base,1,0.078,0.075,93.42,22.12,0.03836511861261815,0.4104783076208614,0.4990311573055642
401,6.683333333333334,base,base,1,0.077,0.075,93.31,22.24,0.03836511861261815,0.4104783076208614,0.4990311573055642
402,6.7,base,base,1,0.077,0.075,93.96,22.26,0.03836511861261815,0.4104783076208614,0.4990311573055642
403,6.716666666666667,base,base,1,0.078,0.075,93.07,22.37,0.03836511861261815,0.4104783076208614,0.4990311573055642
404,6.733333333333333,base,base,1,0.079,0.075,93.04,22.4,0.03836511861261815,0.4104783076208614,0.4990311573055642
405,6.75,base,base,1,0.078,0.075,94.4,22.06,0.03836511861261815,0.4104783076208614,0.4990311573055642
406,6.766666666666667,base,base,1,0.077,0.075,94.31,21.97,0.03836511861261815,0.4104783076208614,0.4990311573055642
407,6.783333333333333,base,base,1,0.078,0.075,94.11,22.08,0.03836511861261815,0.4104783076208614,0.4990311573055642
408,6.8,base,base,1,0.077,0.075,94.24,22.19,0.03836511861261815,0.4104783076208614,0.4990311573055642
409,6.816666666666666,base,base,1,0.078,0.075,94.03,21.95,0.03836511861261815,0.4104783076208614,0.4990311573055642
410,6.833333333333333,base,base,1,0.078,0.075,94.12,22.01,0.03836511861261815,0.4104783076208614,0.4990311573055642
411,6.85,base,base,1,0.077,0.075,93.94,22.12,0.03836511861261815,0.4104783076208614,0.4990311573055642
412,6.866666666666666,base,base,1,0.077,0.075,94.22,21.96,0.03836511861261815,0.4104783076208614,0.4990311573055642
413,6.883333333333334,base,base,1,0.077,0.075,93.41,22.2,0.03836511861261815,0.4104783076208614,0.4990311573055642
414,6.9,base,base,1,0.077,0.075,93.8,22.18,0.03836511861261815,0.4104783076208614,0.4990311573055642
415,6.916666666666667,base,base,1,0.076,0.075,93.84,22.09,0.03836511861261815,0.4104783076208614,0.4990311573055642
416,6.933333333333334,base,base,1,0.077,0.075,94.54,21.95,0.03836511861261815,0.4104783076208614,0.4990311573055642
417,6.95,base,base,1,0.077,0.075,93.99,21.85,0.03836511861261815,0.4104783076208614,0.4990311573055642
418,6.966666666666667,base,base,1,0.077,0.075,93.98,22.18,0.03836511861261815,0.4104783076208614,0.4990311573055642
419,6.983333333333333,base,base,1,0.077,0.075,94.41,22.09,0.03836511861261815,0.4104783076208614,0.4990311573055642
420,7.0,base,base,1,0.077,0.075,94.06,22.14,0.03836511861261815,0.4104783076208614,0.4990311573055642
421,7.016666666666667,base,base,1,0.078,0.075,93.8,22.21,0.03836511861261815,0.4104783076208614,0.4990311573055642
422,7.033333333333333,base,base,1,0.077,0.075,94.58,21.9,0.03836511861261815,0.4104783076208614,0.4990311573055642
423,7.05,base,base,1,0.077,0.075,94.18,21.8,0.03836511861261815,0.4104783076208614,0.4990311573055642
424,7.066666666666666,base,base,1,0.077,0.075,93.59,22.26,0.03836511861261815,0.4104783076208614,0.4990311573055642
425,7.083333333333333,base,base,1,0.077,0.075,93.39,22.2,0.03836511861261815,0.4104783076208614,0.4990311573055642
426,7.1,base,base,1,0.078,0.075,93.99,22.11,0.03836511861261815,0.4104783076208614,0.4990311573055642
427,7.116666666666666,base,base,1,0.077,0.075,93.89,22.19,0.03836511861261815,0.4104783076208614,0.4990311573055642
428,7.133333333333334,base,base,1,0.077,0.075,92.62,22.42,0.03836511861261815,0.4104783076208614,0.4990311573055642
429,7.15,base,base,1,0.078,0.075,94.63,22.14,0.03836511861261815,0.4104783076208614,0.4990311573055642
430,7.166666666666667,base,base,1,0.077,0.075,94.26,22.1,0.03836511861261815,0.4104783076208614,0.4990311573055642
431,7.183333333333334,base,base,1,0.078,0.075,94.42,22.24,0.03836511861261815,0.4104783076208614,0.4990311573055642
432,7.2,base,base,1,0.077,0.075,94.4,22.08,0.03836511861261815,0.4104783076208614,0.4990311573055642
433,7.216666666666667,base,base,1,0.077,0.075,94.77,22.01,0.03836511861261815,0.4104783076208614,0.4990311573055642
434,7.233333333333333,base,base,1,0.078,0.075,93.8,22.25,0.03836511861261815,0.4104783076208614,0.4990311573055642
435,7.25,occ,base,0,0.077,0.075,94.11,22.17,0.03836511861261815,0.4104783076208614,0.4990311573055642
436,7.266666666666667,occ,base,0,0.121,0.075,92.65,22.42,0.03836511861261815,0.4104783076208614,0.4990311573055642
437,7.283333333333333,occ,base,0,0.128,0.075,92.53,22.31,0.03836511861261815,0.4104783076208614,0.4990311573055642
438,7.3,occ,base,0,0.17,0.075,93.05,22.45,0.03836511861261815,0.4104783076208614,0.4990311573055642
439,7.316666666666666,occ,base,0,0.198,0.075,92.2,22.38,0.03836511861261815,0.4104783076208614,0.4990311573055642
440,7.333333333333333,occ,base,0,0.206,0.075,92.22,22.46,0.03836511861261815,0.4104783076208614,0.4990311573055642
441,7.35,occ,base,0,0.242,0.075,90.75,22.67,0.03836511861261815,0.4104783076208614,0.4990311573055642
442,7.366666666666666,occ,base,0,0.212,0.075,91.3,22.57,0.03836511861261815,0.4104783076208614,0.4990311573055642
443,7.383333333333334,occ,base,0,0.207,0.075,91.78,22.45,0.03836511861261815,0.4104783076208614,0.4990311573055642
444,7.4,occ,base,0,0.269,0.075,90.92,22.54,0.03836511861261815,0.4104783076208614,0.4990311573055642
445,7.416666666666667,occ,base,0,0.311,0.075,91.92,22.42,0.03836511861261815,0.4104783076208614,0.4990311573055642
446,7.433333333333334,occ,base,0,0.217,0.075,91.76,22.39,0.03836511861261815,0.4104783076208614,0.4990311573055642
447,7.45,occ,base,0,0.174,0.075,92.38,22.22,0.03836511861261815,0.4104783076208614,0.4990311573055642
448,7.466666666666667,occ,base,0,0.198,0.075,92.07,22.08,0.03836511861261815,0.4104783076208614,0.4990311573055642
449,7.483333333333333,occ,base,0,0.155,0.075,92.88,22.08,0.03836511861261815,0.4104783076208614,0.4990311573055642
450,7.5,occ,base,0,0.136,0.075,91.45,22.32,0.03836511861261815,0.4104783076208614,0.4990311573055642
451,7.516666666666667,occ,base,0,0.125,0.075,92.19,22.29,0.03836511861261815,0.4104783076208614,0.4990311573055642
452,7.533333333333333,occ,base,0,0.109,0.075,91.24,22.42,0.03836511861261815,0.4104783076208614,0.4990311573055642
453,7.55,occ,base,0,0.114,0.075,90.94,22.42,0.03836511861261815,0.4104783076208614,0.4990311573055642
454,7.566666666666666,occ,base,0,0.111,0.075,90.12,22.52,0.03836511861261815,0.4104783076208614,0.4990311573055642
455,7.583333333333333,occ,base,0,0.136,0.075,92.44,22.14,0.03836511861261815,0.4104783076208614,0.4990311573055642
456,7.6,occ,base,0,0.155,0.075,92.88,22.23,0.03836511861261815,0.4104783076208614,0.4990311573055642
457,7.616666666666666,occ,base,0,0.132,0.075,91.84,22.28,0.03836511861261815,0.4104783076208614,0.4990311573055642
458,7.633333333333334,occ,base,0,0.105,0.075,91.93,22.23,0.03836511861261815,0.4104783076208614,0.4990311573055642
459,7.65,occ,base,0,0.126,0.075,89.66,22.4,0.03836511861261815,0.4104783076208614,0.4990311573055642
460,7.666666666666667,occ,base,0,0.203,0.075,90.29,22.48,0.03836511861261815,0.4104783076208614,0.4990311573055642
461,7.683333333333334,occ,base,0,0.232,0.075,89.83,22.53,0.03836511861261815,0.4104783076208614,0.4990311573055642
462,7.7,occ,base,0,0.265,0.075,89.51,22.58,0.03836511861261815,0.4104783076208614,0.4990311573055642
463,7.716666666666667,occ,base,0,0.271,0.075,89.26,22.47,0.03836511861261815,0.4104783076208614,0.4990311573055642
464,7.733333333333333,occ,base,0,0.225,0.075,88.15,22.7,0.03836511861261815,0.4104783076208614,0.4990311573055642
465,7.75,occ,base,0,0.265,0.075,88.06,22.86,0.03836511861261815,0.4104783076208614,0.4990311573055642
466,7.766666666666667,occ,base,0,0.168,0.075,88.42,22.78,0.03836511861261815,0.4104783076208614,0.4990311573055642
467,7.783333333333333,occ,base,0,0.127,0.075,88.1,22.55,0.03836511861261815,0.4104783076208614,0.4990311573055642
468,7.8,occ,base,0,0.17,0.075,87.74,22.83,0.03836511861261815,0.4104783076208614,0.4990311573055642
469,7.816666666666666,occ,base,0,0.177,0.075,86.74,23.01,0.03836511861261815,0.4104783076208614,0.4990311573055642
470,7.833333333333333,occ,base,0,0.227,0.075,87.39,22.99,0.03836511861261815,0.4104783076208614,0.4990311573055642
471,7.85,occ,base,0,0.261,0.075,87.17,23.05,0.03836511861261815,0.4104783076208614,0.4990311573055642
472,7.866666666666666,occ,base,0,0.208,0.075,87.57,22.87,0.03836511861261815,0.4104783076208614,0.4990311573055642
473,7.883333333333334,occ,base,0,0.177,0.075,88.52,22.78,0.03836511861261815,0.4104783076208614,0.4990311573055642
474,7.9,occ,base,0,0.148,0.075,88.37,22.6,0.03836511861261815,0.4104783076208614,0.4990311573055642
475,7.916666666666667,occ,base,0,0.143,0.075,87.91,22.55,0.03836511861261815,0.4104783076208614,0.4990311573055642
476,7.933333333333334,occ,base,0,0.16,0.075,86.76,22.61,0.03836511861261815,0.4104783076208614,0.4990311573055642
477,7.95,occ,base,0,0.186,0.075,87.43,22.62,0.03836511861261815,0.4104783076208614,0.4990311573055642
478,7.966666666666667,occ,base,0,0.175,0.075,86.15,22.55,0.03836511861261815,0.4104783076208614,0.4990311573055642
479,7.983333333333333,occ,base,0,0.19,0.075,86.18,22.66,0.03836511861261815,0.4104783076208614,0.4990311573055642
480,8.0,occ,base,0,0.214,0.075,85.47,22.75,0.03836511861261815,0.4104783076208614,0.4990311573055642
481,8.016666666666667,occ,base,0,0.259,0.075,86.68,22.77,0.03836511861261815,0.4104783076208614,0.4990311573055642
482,8.033333333333333,full,base,0,0.289,0.075,85.87,23.07,0.03836511861261815,0.4104783076208614,0.4990311573055642
483,8.05,full,base,0,0.2,0.075,84.23,23.3,0.03836511861261815,0.4104783076208614,0.4990311573055642
484,8.066666666666666,full,base,0,0.26,0.075,83.72,23.35,0.03836511861261815,0.4104783076208614,0.4990311573055642
485,8.083333333333334,full,base,0,0.333,0.075,82.24,23.5,0.03836511861261815,0.4104783076208614,0.4990311573055642
486,8.1,full,occ,0,0.747,0.075,82.67,23.47,0.040848407681558827,0.4404373786371686,0.4974351354153734
487,8.116666666666667,full,occ,0,0.882,0.075,83.56,23.38,0.040848407681558827,0.4404373786371686,0.4974351354153734
488,8.133333333333333,full,occ,0,0.897,0.075,83.26,23.34,0.040848407681558827,0.4404373786371686,0.4974351354153734
489,8.15,full,occ,0,0.916,0.075,82.74,23.51,0.040848407681558827,0.4404373786371686,0.4974351354153734
490,8.166666666666666,full,occ,0,0.917,0.075,82.49,23.62,0.040848407681558827,0.4404373786371686,0.4974351354153734
491,8.183333333333334,full,occ,0,0.913,0.075,81.91,23.56,0.040848407681558827,0.4404373786371686,0.4974351354153734
492,8.2,full,occ,0,0.92,0.075,82.4,23.47,0.040848407681558827,0.4404373786371686,0.4974351354153734
493,8.216666666666667,full,occ,0,0.92,0.075,82.5,23.51,0.040848407681558827,0.4404373786371686,0.4974351354153734
494,8.233333333333333,full,occ,0,0.92,0.075,81.56,23.62,0.040848407681558827,0.4404373786371686,0.4974351354153734
495,8.25,full,occ,0,0.921,0.075,81.42,23.57,0.040848407681558827,0.4404373786371686,0.4974351354153734
496,8.266666666666667,full,occ,0,0.922,0.075,81.09,23.54,0.040848407681558827,0.4404373786371686,0.4974351354153734
497,8.283333333333333,full,occ,0,0.923,0.075,80.42,23.82,0.040848407681558827,0.4404373786371686,0.4974351354153734
498,8.3,full,occ,0,0.921,0.075,80.25,23.68,0.040848407681558827,0.4404373786371686,0.4974351354153734
499,8.316666666666666,full,occ,0,0.923,0.075,80.89,23.71,0.040848407681558827,0.4404373786371686,0.4974351354153734
500,8.333333333333334,full,occ,0,0.92,0.075,80.7,23.77,0.040848407681558827,0.4404373786371686,0.4974351354153734
501,8.35,full,occ,0,0.92,0.075,80.2,23.76,0.040848407681558827,0.4404373786371686,0.4974351354153734
502,8.366666666666667,full,occ,0,0.922,0.075,79.3,23.8,0.040848407681558827,0.4404373786371686,0.4974351354153734
503,8.383333333333333,full,occ,0,0.922,0.075,80.34,23.72,0.040848407681558827,0.4404373786371686,0.4974351354153734
504,8.4,full,occ,0,0.92,0.075,79.73,23.79,0.040848407681558827,0.4404373786371686,0.4974351354153734
505,8.416666666666666,full,occ,0,0.919,0.075,79.92,23.84,0.040848407681558827,0.4404373786371686,0.4974351354153734
506,8.433333333333334,full,occ,0,0.914,0.075,79.82,23.77,0.040848407681558827,0.4404373786371686,0.4974351354153734
507,8.45,full,occ,0,0.919,0.075,80.2,23.8,0.040848407681558827,0.4404373786371686,0.4974351354153734
508,8.466666666666667,full,occ,0,0.919,0.075,79.75,23.96,0.040848407681558827,0.4404373786371686,0.4974351354153734
509,8.483333333333333,full,occ,0,0.916,0.075,79.45,23.96,0.040848407681558827,0.4404373786371686,0.4974351354153734
510,8.5,full,occ,0,0.917,0.075,78.86,23.88,0.040848407681558827,0.4404373786371686,0.4974351354153734
511,8.516666666666667,full,occ,0,0.918,0.075,80.1,23.86,0.040848407681558827,0.4404373786371686,0.4974351354153734
512,8.533333333333333,full,occ,0,0.914,0.075,79.91,23.91,0.040848407681558827,0.4404373786371686,0.4974351354153734
513,8.55,full,occ,0,0.907,0.075,79.8,23.78,0.040848407681558827,0.4404373786371686,0.4974351354153734
514,8.566666666666666,full,occ,0,0.915,0.075,80.02,23.72,0.040848407681558827,0.4404373786371686,0.4974351354153734
515,8.583333333333334,full,occ,0,0.919,0.075,80.06,23.76,0.040848407681558827,0.4404373786371686,0.4974351354153734
516,8.6,full,occ,0,0.916,0.075,80.06,23.68,0.040848407681558827,0.4404373786371686,0.4974351354153734
517,8.616666666666667,full,occ,0,0.921,0.075,79.34,24.06,0.040848407681558827,0.4404373786371686,0.4974351354153734
518,8.633333333333333,full,occ,0,0.919,0.075,79.73,23.78,0.040848407681558827,0.4404373786371686,0.4974351354153734
519,8.65,full,occ,0,0.921,0.075,80.37,23.72,0.040848407681558827,0.4404373786371686,0.4974351354153734
520,8.666666666666666,full,occ,0,0.921,0.075,79.56,24.02,0.040848407681558827,0.4404373786371686,0.4974351354153734
521,8.683333333333334,full,occ,0,0.918,0.075,79.97,23.91,0.040848407681558827,0.4404373786371686,0.4974351354153734
522,8.7,full,occ,0,0.92,0.075,79.76,24.06,0.040848407681558827,0.4404373786371686,0.4974351354153734
523,8.716666666666667,full,occ,0,0.919,0.075,78.54,24.12,0.040848407681558827,0.4404373786371686,0.4974351354153734
524,8.733333333333333,full,occ,0,0.922,0.075,78.72,24.11,0.040848407681558827,0.4404373786371686,0.4974351354153734
525,8.75,full,occ,0,0.923,0.075,78.47,24.21,0.040848407681558827,0.4404373786371686,0.4974351354153734
526,8.766666666666667,full,occ,0,0.922,0.075,79.73,24.03,0.040848407681558827,0.4404373786371686,0.4974351354153734
527,8.783333333333333,full,occ,0,0.922,0.075,79.41,23.95,0.040848407681558827,0.4404373786371686,0.4974351354153734
528,8.8,full,occ,0,0.923,0.075,79.12,24.06,0.040848407681558827,0.4404373786371686,0.4974351354153734
529,8.816666666666666,full,occ,0,0.923,0.075,78.98,24.02,0.040848407681558827,0.4404373786371686,0.4974351354153734
530,8.833333333333334,full,occ,0,0.922,0.075,79.04,24.04,0.040848407681558827,0.4404373786371686,0.4974351354153734
531,8.85,full,occ,0,0.922,0.075,78.77,24.13,0.040848407681558827,0.4404373786371686,0.4974351354153734
532,8.866666666666667,full,occ,0,0.923,0.075,78.28,24.25,0.040848407681558827,0.4404373786371686,0.4974351354153734
533,8.883333333333333,full,occ,0,0.923,0.075,77.85,24.28,0.040848407681558827,0.4404373786371686,0.4974351354153734
534,8.9,full,occ,0,0.924,0.075,78.18,24.26,0.040848407681558827,0.4404373786371686,0.4974351354153734
535,8.916666666666666,full,occ,0,0.923,0.075,79.46,24.09,0.040848407681558827,0.4404373786371686,0.4974351354153734
536,8.933333333333334,full,occ,0,0.922,0.075,80.04,23.93,0.040848407681558827,0.4404373786371686,0.4974351354153734
537,8.95,full,occ,0,0.923,0.075,80.26,23.93,0.040848407681558827,0.4404373786371686,0.4974351354153734
538,8.966666666666667,full,occ,0,0.922,0.075,79.34,23.91,0.040848407681558827,0.4404373786371686,0.4974351354153734
539,8.983333333333333,full,occ,0,0.923,0.075,78.53,24.12,0.040848407681558827,0.4404373786371686,0.4974351354153734
540,9.0,full,occ,0,0.923,0.075,79.41,24.12,0.040848407681558827,0.4404373786371686,0.4974351354153734
541,9.016666666666667,full,occ,0,0.921,0.075,78.9,24.12,0.040848407681558827,0.4404373786371686,0.4974351354153734
542,9.033333333333333,full,occ,0,0.922,0.075,79.15,24.1,0.040848407681558827,0.4404373786371686,0.4974351354153734
543,9.05,full,occ,0,0.923,0.075,78.58,24.2,0.040848407681558827,0.4404373786371686,0.4974351354153734
544,9.066666666666666,full,occ,0,0.923,0.075,77.69,24.45,0.040848407681558827,0.4404373786371686,0.4974351354153734
545,9.083333333333334,full,occ,0,0.924,0.075,77.1,24.56,0.040848407681558827,0.4404373786371686,0.4974351354153734
546,9.1,full,occ,0,0.923,0.075,77.34,24.6,0.040848407681558827,0.4404373786371686,0.4974351354153734
547,9.116666666666667,full,occ,0,0.924,0.075,77.08,24.54,0.040848407681558827,0.4404373786371686,0.4974351354153734
548,9.133333333333333,full,occ,0,0.922,0.075,76.62,24.64,0.040848407681558827,0.4404373786371686,0.4974351354153734
549,9.15,full,occ,0,0.919,0.075,77.39,24.6,0.040848407681558827,0.4404373786371686,0.4974351354153734
550,9.166666666666666,full,occ,0,0.919,0.075,77.89,24.45,0.040848407681558827,0.4404373786371686,0.4974351354153734
551,9.183333333333334,full,occ,0,0.923,0.075,77.81,24.51,0.040848407681558827,0.4404373786371686,0.4974351354153734
552,9.2,full,occ,0,0.923,0.075,77.88,24.55,0.040848407681558827,0.4404373786371686,0.4974351354153734
553,9.216666666666667,full,occ,0,0.922,0.075,78.18,24.25,0.040848407681558827,0.4404373786371686,0.4974351354153734
554,9.233333333333333,full,occ,0,0.923,0.075,78.83,24.21,0.040848407681558827,0.4404373786371686,0.4974351354153734
555,9.25,full,occ,0,0.923,0.075,77.94,24.47,0.040848407681558827,0.4404373786371686,0.4974351354153734
556,9.266666666666667,full,occ,0,0.923,0.075,78.52,24.42,0.040848407681558827,0.4404373786371686,0.4974351354153734
557,9.283333333333333,full,occ,0,0.922,0.075,77.94,24.38,0.040848407681558827,0.4404373786371686,0.4974351354153734
558,9.3,full,occ,0,0.922,0.075,77.72,24.42,0.040848407681558827,0.4404373786371686,0.4974351354153734
559,9.316666666666666,full,occ,0,0.922,0.075,78.56,24.3,0.040848407681558827,0.4404373786371686,0.4974351354153734
560,9.333333333333334,full,occ,0,0.921,0.075,77.31,24.38,0.040848407681558827,0.4404373786371686,0.4974351354153734
561,9.35,full,occ,0,0.923,0.075,77.05,24.47,0.040848407681558827,0.4404373786371686,0.4974351354153734
562,9.366666666666667,full,occ,0,0.922,0.075,78.41,24.28,0.040848407681558827,0.4404373786371686,0.4974351354153734
563,9.383333333333333,full,occ,0,0.921,0.075,78.26,24.37,0.040848407681558827,0.4404373786371686,0.4974351354153734
564,9.4,full,occ,0,0.92,0.075,76.85,24.44,0.040848407681558827,0.4404373786371686,0.4974351354153734
565,9.416666666666666,full,occ,0,0.923,0.075,76.77,24.63,0.040848407681558827,0.4404373786371686,0.4974351354153734
566,9.433333333333334,full,occ,0,0.922,0.075,77.09,24.45,0.040848407681558827,0.4404373786371686,0.4974351354153734
567,9.45,full,occ,0,0.923,0.075,77.09,24.49,0.040848407681558827,0.4404373786371686,0.4974351354153734
568,9.466666666666667,full,occ,0,0.922,0.075,76.86,24.52,0.040848407681558827,0.4404373786371686,0.4974351354153734
569,9.483333333333333,full,occ,0,0.922,0.075,76.96,24.53,0.040848407681558827,0.4404373786371686,0.4974351354153734
570,9.5,full,occ,0,0.922,0.075,76.92,24.52,0.040848407681558827,0.4404373786371686,0.4974351354153734
571,9.516666666666667,full,occ,0,0.921,0.075,76.49,24.44,0.040848407681558827,0.4404373786371686,0.4974351354153734
572,9.533333333333333,full,occ,0,0.921,0.075,76.53,24.44,0.040848407681558827,0.4404373786371686,0.4974351354153734
573,9.55,full,occ,0,0.922,0.075,77.26,24.3,0.040848407681558827,0.4404373786371686,0.4974351354153734
574,9.566666666666666,full,occ,0,0.922,0.075,77.46,24.39,0.040848407681558827,0.4404373786371686,0.4974351354153734
575,9.583333333333334,full,occ,0,0.921,0.075,77.46,24.4,0.040848407681558827,0.4404373786371686,0.4974351354153734
576,9.6,full,occ,0,0.921,0.075,77.46,24.43,0.040848407681558827,0.4404373786371686,0.4974351354153734
577,9.616666666666667,full,occ,0,0.921,0.075,77.24,24.5,0.040848407681558827,0.4404373786371686,0.4974351354153734
578,9.633333333333333,full,occ,0,0.92,0.075,76.33,24.55,0.040848407681558827,0.4404373786371686,0.4974351354153734
579,9.65,full,occ,0,0.921,0.075,76.99,24.45,0.040848407681558827,0.4404373786371686,0.4974351354153734
580,9.666666666666666,full,occ,0,0.92,0.075,76.59,24.49,0.040848407681558827,0.4404373786371686,0.4974351354153734
581,9.683333333333334,full,occ,0,0.92,0.075,76.84,24.61,0.040848407681558827,0.4404373786371686,0.4974351354153734
582,9.7,full,occ,0,0.917,0.075,76.25,24.45,0.040848407681558827,0.4404373786371686,0.4974351354153734
583,9.716666666666667,full,occ,0,0.921,0.075,76.83,24.5,0.040848407681558827,0.4404373786371686,0.4974351354153734
584,9.733333333333333,full,occ,0,0.919,0.075,77.14,24.46,0.040848407681558827,0.4404373786371686,0.4974351354153734
585,9.75,full,occ,0,0.919,0.075,76.85,24.38,0.040848407681558827,0.4404373786371686,0.4974351354153734
586,9.766666666666667,full,occ,0,0.92,0.075,76.77,24.43,0.040848407681558827,0.4404373786371686,0.4974351354153734
587,9.783333333333333,full,occ,0,0.92,0.075,76.82,24.4,0.040848407681558827,0.4404373786371686,0.4974351354153734
588,9.8,full,occ,0,0.918,0.075,77.05,24.34,0.040848407681558827,0.4404373786371686,0.4974351354153734
589,9.816666666666666,full,occ,0,0.917,0.075,76.35,24.45,0.040848407681558827,0.4404373786371686,0.4974351354153734
590,9.833333333333334,full,occ,0,0.919,0.075,75.87,24.49,0.040848407681558827,0.4404373786371686,0.4974351354153734
591,9.85,full,occ,0,0.919,0.075,75.94,24.38,0.040848407681558827,0.4404373786371686,0.4974351354153734
592,9.866666666666667,full,occ,0,0.92,0.075,75.97,24.4,0.040848407681558827,0.4404373786371686,0.4974351354153734
593,9.883333333333333,full,occ,0,0.92,0.075,76.09,24.36,0.040848407681558827,0.4404373786371686,0.4974351354153734
594,9.9,full,occ,0,0.919,0.075,76.07,24.38,0.040848407681558827,0.4404373786371686,0.4974351354153734
595,9.916666666666666,full,occ,0,0.915,0.075,75.54,24.57,0.040848407681558827,0.4404373786371686,0.4974351354153734
596,9.933333333333334,full,occ,0,0.918,0.075,75.51,24.74,0.040848407681558827,0.4404373786371686,0.4974351354153734
597,9.95,full,occ,0,0.918,0.075,74.51,24.79,0.040848407681558827,0.4404373786371686,0.4974351354153734
598,9.966666666666667,full,occ,0,0.917,0.075,75.32,24.71,0.040848407681558827,0.4404373786371686,0.4974351354153734
599,9.983333333333333,full,occ,0,0.918,0.075,74.75,24.81,0.040848407681558827,0.4404373786371686,0.4974351354153734
600,10.0,full,occ,0,0.918,0.075,76.09,24.5,0.040848407681558827,0.4404373786371686,0.4974351354153734
601,10.016666666666667,full,occ,0,0.919,0.075,75.42,24.55,0.040848407681558827,0.4404373786371686,0.4974351354153734
602,10.033333333333333,full,occ,0,0.92,0.075,75.54,24.51,0.040848407681558827,0.4404373786371686,0.4974351354153734
603,10.05,full,occ,0,0.919,0.075,75.34,24.56,0.040848407681558827,0.4404373786371686,0.4974351354153734
604,10.066666666666666,full,occ,0,0.919,0.075,75.35,24.51,0.040848407681558827,0.4404373786371686,0.4974351354153734
605,10.083333333333334,full,occ,0,0.92,0.075,75.87,24.45,0.040848407681558827,0.4404373786371686,0.4974351354153734
606,10.1,full,occ,0,0.917,0.075,77.04,24.26,0.040848407681558827,0.4404373786371686,0.4974351354153734
607,10.116666666666667,full,occ,0,0.916,0.075,75.46,24.4,0.040848407681558827,0.4404373786371686,0.4974351354153734
608,10.133333333333333,full,occ,0,0.92,0.075,75.31,24.59,0.040848407681558827,0.4404373786371686,0.4974351354153734
609,10.15,full,occ,0,0.912,0.075,74.98,24.59,0.040848407681558827,0.4404373786371686,0.4974351354153734
610,10.166666666666666,full,occ,0,0.911,0.075,75.66,24.54,0.040848407681558827,0.4404373786371686,0.4974351354153734
611,10.183333333333334,full,occ,0,0.915,0.075,74.29,24.7,0.040848407681558827,0.4404373786371686,0.4974351354153734
612,10.2,full,occ,0,0.919,0.075,74.47,24.66,0.040848407681558827,0.4404373786371686,0.4974351354153734
613,10.216666666666667,full,occ,0,0.919,0.075,74.04,24.62,0.040848407681558827,0.4404373786371686,0.4974351354153734
614,10.233333333333333,full,occ,0,0.919,0.075,75.36,24.54,0.040848407681558827,0.4404373786371686,0.4974351354153734
615,10.25,full,occ,0,0.913,0.075,75.36,24.49,0.040848407681558827,0.4404373786371686,0.4974351354153734
616,10.266666666666667,full,occ,0,0.907,0.075,74.49,24.46,0.040848407681558827,0.4404373786371686,0.4974351354153734
617,10.283333333333333,full,occ,0,0.917,0.075,74.91,24.53,0.040848407681558827,0.4404373786371686,0.4974351354153734
618,10.3,full,occ,0,0.916,0.075,74.36,24.58,0.040848407681558827,0.4404373786371686,0.4974351354153734
619,10.316666666666666,full,occ,0,0.918,0.075,75.08,24.47,0.040848407681558827,0.4404373786371686,0.4974351354153734
620,10.333333333333334,full,occ,0,0.918,0.075,75.92,24.44,0.040848407681558827,0.4404373786371686,0.4974351354153734
621,10.35,full,occ,0,0.913,0.075,75.41,24.48,0.040848407681558827,0.4404373786371686,0.4974351354153734
622,10.366666666666667,full,occ,0,0.915,0.075,75.02,24.64,0.040848407681558827,0.4404373786371686,0.4974351354153734
623,10.383333333333333,full,occ,0,0.914,0.075,74.9,24.51,0.040848407681558827,0.4404373786371686,0.4974351354153734
624,10.4,full,occ,0,0.916,0.075,75.13,24.49,0.040848407681558827,0.4404373786371686,0.4974351354153734
625,10.416666666666666,full,occ,0,0.917,0.075,74.86,24.7,0.040848407681558827,0.4404373786371686,0.4974351354153734
626,10.433333333333334,full,occ,0,0.914,0.075,75.06,24.58,0.040848407681558827,0.4404373786371686,0.4974351354153734
627,10.45,full,occ,0,0.916,0.075,76.56,24.27,0.040848407681558827,0.4404373786371686,0.4974351354153734
628,10.466666666666667,full,occ,0,0.913,0.075,76.72,24.3,0.040848407681558827,0.4404373786371686,0.4974351354153734
629,10.483333333333333,full,occ,0,0.909,0.075,75.83,24.32,0.040848407681558827,0.4404373786371686,0.4974351354153734
630,10.5,full,occ,0,0.912,0.075,74.89,24.41,0.040848407681558827,0.4404373786371686,0.4974351354153734
631,10.516666666666667,full,occ,0,0.916,0.075,75.51,24.33,0.040848407681558827,0.4404373786371686,0.4974351354153734
632,10.533333333333333,full,occ,0,0.915,0.075,75.31,24.31,0.040848407681558827,0.4404373786371686,0.4974351354153734
633,10.55,full,occ,0,0.913,0.075,75.25,24.31,0.040848407681558827,0.4404373786371686,0.4974351354153734
634,10.566666666666666,full,occ,0,0.913,0.075,75.32,24.28,0.040848407681558827,0.4404373786371686,0.4974351354153734
635,10.583333333333334,full,occ,0,0.91,0.075,75.08,24.43,0.040848407681558827,0.4404373786371686,0.4974351354153734
636,10.6,full,occ,0,0.911,0.075,74.5,24.48,0.040848407681558827,0.4404373786371686,0.4974351354153734
637,10.616666666666667,full,occ,0,0.912,0.075,74.07,24.47,0.040848407681558827,0.4404373786371686,0.4974351354153734
638,10.633333333333333,full,occ,0,0.914,0.075,74.45,24.4,0.040848407681558827,0.4404373786371686,0.4974351354153734
639,10.65,full,occ,0,0.914,0.075,74.97,24.25,0.040848407681558827,0.4404373786371686,0.4974351354153734
640,10.666666666666666,full,occ,0,0.914,0.075,75.81,24.22,0.040848407681558827,0.4404373786371686,0.4974351354153734
641,10.683333333333334,full,occ,0,0.905,0.075,74.37,24.36,0.040848407681558827,0.4404373786371686,0.4974351354153734
642,10.7,full,occ,0,0.908,0.075,74.73,24.26,0.040848407681558827,0.4404373786371686,0.4974351354153734
643,10.716666666666667,full,occ,0,0.909,0.075,73.81,24.33,0.040848407681558827,0.4404373786371686,0.4974351354153734
644,10.733333333333333,full,occ,0,0.907,0.075,73.98,24.26,0.040848407681558827,0.4404373786371686,0.4974351354153734
645,10.75,full,occ,0,0.899,0.075,74.39,24.14,0.040848407681558827,0.4404373786371686,0.4974351354153734
646,10.766666666666667,full,occ,0,0.891,0.075,74.28,24.16,0.040848407681558827,0.4404373786371686,0.4974351354153734
647,10.783333333333333,full,occ,0,0.881,0.075,74.44,24.15,0.040848407681558827,0.4404373786371686,0.4974351354153734
648,10.8,full,occ,0,0.861,0.075,73.35,24.45,0.040848407681558827,0.4404373786371686,0.4974351354153734
649,10.816666666666666,full,occ,0,0.85,0.075,73.43,24.35,0.040848407681558827,0.4404373786371686,0.4974351354153734
650,10.833333333333334,full,occ,0,0.801,0.075,74.14,24.3,0.040848407681558827,0.4404373786371686,0.4974351354153734
651,10.85,full,occ,0,0.606,0.075,73.46,24.18,0.040848407681558827,0.4404373786371686,0.4974351354153734
652,10.866666666666667,full,occ,0,0.554,0.075,73.81,24.29,0.040848407681558827,0.4404373786371686,0.4974351354153734
653,10.883333333333333,full,base,0,0.483,0.075,73.89,24.46,0.03836511861261815,0.4104783076208614,0.4990311573055642
654,10.9,full,base,0,0.365,0.075,73.47,24.52,0.03836511861261815,0.4104783076208614,0.4990311573055642
655,10.916666666666666,full,base,0,0.232,0.075,71.36,24.88,0.03836511861261815,0.4104783076208614,0.4990311573055642
656,10.933333333333334,full,base,0,0.29,0.075,72.56,24.74,0.03836511861261815,0.4104783076208614,0.4990311573055642
657,10.95,full,base,0,0.295,0.075,73.52,24.44,0.03836511861261815,0.4104783076208614,0.4990311573055642
658,10.966666666666667,full,base,0,0.356,0.075,73.17,24.48,0.03836511861261815,0.4104783076208614,0.4990311573055642
659,10.983333333333333,full,base,0,0.395,0.075,73.5,24.35,0.03836511861261815,0.4104783076208614,0.4990311573055642
660,11.0,full,base,0,0.485,0.075,74.04,24.39,0.03836511861261815,0.4104783076208614,0.4990311573055642
661,11.016666666666667,occ,occ,1,0.519,0.075,72.48,24.37,0.040848407681558827,0.4404373786371686,0.4974351354153734
662,11.033333333333333,occ,occ,1,0.62,0.075,74.15,24.22,0.040848407681558827,0.4404373786371686,0.4974351354153734
663,11.05,occ,occ,1,0.692,0.075,73.44,24.27,0.040848407681558827,0.4404373786371686,0.4974351354153734
664,11.066666666666666,occ,occ,1,0.674,0.075,74.21,24.15,0.040848407681558827,0.4404373786371686,0.4974351354153734
665,11.083333333333334,occ,occ,1,0.689,0.075,73.86,24.19,0.040848407681558827,0.4404373786371686,0.4974351354153734
666,11.1,occ,occ,1,0.668,0.075,72.31,24.41,0.040848407681558827,0.4404373786371686,0.4974351354153734
667,11.116666666666667,occ,occ,1,0.663,0.075,73.26,24.37,0.040848407681558827,0.4404373786371686,0.4974351354153734
668,11.133333333333333,occ,occ,1,0.526,0.075,72.93,24.31,0.040848407681558827,0.4404373786371686,0.4974351354153734
669,11.15,occ,base,0,0.417,0.075,73.31,24.3,0.03836511861261815,0.4104783076208614,0.4990311573055642
670,11.166666666666666,occ,base,0,0.269,0.075,71.79,24.31,0.03836511861261815,0.4104783076208614,0.4990311573055642
671,11.183333333333334,occ,base,0,0.146,0.075,71.98,24.45,0.03836511861261815,0.4104783076208614,0.4990311573055642
672,11.2,occ,base,0,0.103,0.075,72.54,24.4,0.03836511861261815,0.4104783076208614,0.4990311573055642
673,11.216666666666667,occ,base,0,0.096,0.075,73.05,24.27,0.03836511861261815,0.4104783076208614,0.4990311573055642
674,11.233333333333333,occ,base,0,0.101,0.075,72.93,24.31,0.03836511861261815,0.4104783076208614,0.4990311573055642
675,11.25,occ,base,0,0.108,0.075,73.11,24.28,0.03836511861261815,0.4104783076208614,0.4990311573055642
676,11.266666666666667,occ,base,0,0.136,0.075,72.28,24.32,0.03836511861261815,0.4104783076208614,0.4990311573055642
677,11.283333333333333,occ,base,0,0.115,0.075,71.35,24.38,0.03836511861261815,0.4104783076208614,0.4990311573055642
678,11.3,occ,base,0,0.108,0.075,71.59,24.49,0.03836511861261815,0.4104783076208614,0.4990311573055642
679,11.316666666666666,occ,base,0,0.111,0.075,71.69,24.39,0.03836511861261815,0.4104783076208614,0.4990311573055642
680,11.333333333333334,occ,base,0,0.148,0.075,72.23,24.36,0.03836511861261815,0.4104783076208614,0.4990311573055642
681,11.35,occ,base,0,0.16,0.075,73.0,24.13,0.03836511861261815,0.4104783076208614,0.4990311573055642
682,11.366666666666667,occ,base,0,0.151,0.075,72.92,24.2,0.03836511861261815,0.4104783076208614,0.4990311573055642
683,11.383333333333333,occ,base,0,0.152,0.075,72.36,24.34,0.03836511861261815,0.4104783076208614,0.4990311573055642
684,11.4,occ,base,0,0.137,0.075,72.64,24.23,0.03836511861261815,0.4104783076208614,0.4990311573055642
685,11.416666666666666,occ,base,0,0.141,0.075,71.29,24.47,0.03836511861261815,0.4104783076208614,0.4990311573055642
686,11.433333333333334,occ,base,0,0.141,0.075,71.44,24.52,0.03836511861261815,0.4104783076208614,0.4990311573055642
687,11.45,occ,base,0,0.129,0.075,70.91,24.58,0.03836511861261815,0.4104783076208614,0.4990311573055642
688,11.466666666666667,occ,base,0,0.098,0.075,71.61,24.45,0.03836511861261815,0.4104783076208614,0.4990311573055642
689,11.483333333333333,occ,base,0,0.114,0.075,72.21,24.35,0.03836511861261815,0.4104783076208614,0.4990311573055642
690,11.5,occ,base,0,0.128,0.075,72.27,24.26,0.03836511861261815,0.4104783076208614,0.4990311573055642
691,11.516666666666667,occ,base,0,0.134,0.075,71.98,24.35,0.03836511861261815,0.4104783076208614,0.4990311573055642
692,11.533333333333333,occ,base,0,0.101,0.075,72.03,24.46,0.03836511861261815,0.4104783076208614,0.4990311573055642
693,11.55,occ,base,0,0.097,0.075,72.36,24.32,0.03836511861261815,0.4104783076208614,0.4990311573055642
694,11.566666666666666,occ,base,0,0.115,0.075,72.23,24.26,0.03836511861261815,0.4104783076208614,0.4990311573055642
695,11.583333333333334,occ,base,0,0.127,0.075,71.56,24.5,0.03836511861261815,0.4104783076208614,0.4990311573055642
696,11.6,occ,base,0,0.127,0.075,70.97,24.71,0.03836511861261815,0.4104783076208614,0.4990311573055642
697,11.616666666666667,occ,base,0,0.159,0.075,70.62,24.62,0.03836511861261815,0.4104783076208614,0.4990311573055642
698,11.633333333333333,occ,base,0,0.227,0.075,72.13,24.43,0.03836511861261815,0.4104783076208614,0.4990311573055642
699,11.65,occ,base,0,0.195,0.075,70.93,24.58,0.03836511861261815,0.4104783076208614,0.4990311573055642
700,11.666666666666666,occ,base,0,0.198,0.075,72.37,24.28,0.03836511861261815,0.4104783076208614,0.4990311573055642
701,11.683333333333334,occ,base,0,0.181,0.075,73.46,24.14,0.03836511861261815,0.4104783076208614,0.4990311573055642
702,11.7,occ,base,0,0.151,0.075,73.25,24.2,0.03836511861261815,0.4104783076208614,0.4990311573055642
703,11.716666666666667,full,base,0,0.145,0.075,72.08,24.34,0.03836511861261815,0.4104783076208614,0.4990311573055642
704,11.733333333333333,full,base,0,0.158,0.075,71.84,24.51,0.03836511861261815,0.4104783076208614,0.4990311573055642
705,11.75,occ,base,0,0.219,0.075,72.83,24.42,0.03836511861261815,0.4104783076208614,0.4990311573055642
706,11.766666666666667,occ,base,0,0.245,0.075,72.65,24.34,0.03836511861261815,0.4104783076208614,0.4990311573055642
707,11.783333333333333,occ,base,0,0.267,0.075,72.34,24.41,0.03836511861261815,0.4104783076208614,0.4990311573055642
708,11.8,occ,base,0,0.252,0.075,72.55,24.25,0.03836511861261815,0.4104783076208614,0.4990311573055642
709,11.816666666666666,occ,base,0,0.25,0.075,73.84,24.0,0.03836511861261815,0.4104783076208614,0.4990311573055642
710,11.833333333333334,occ,base,0,0.221,0.075,72.47,24.32,0.03836511861261815,0.4104783076208614,0.4990311573055642
711,11.85,occ,base,0,0.175,0.075,72.44,24.34,0.03836511861261815,0.4104783076208614,0.4990311573055642
712,11.866666666666667,occ,base,0,0.2,0.075,72.17,24.38,0.03836511861261815,0.4104783076208614,0.4990311573055642
713,11.883333333333333,occ,base,0,0.227,0.075,71.28,24.48,0.03836511861261815,0.4104783076208614,0.4990311573055642
714,11.9,occ,base,0,0.203,0.075,71.4,24.6,0.03836511861261815,0.4104783076208614,0.4990311573055642
715,11.916666666666666,occ,base,0,0.133,0.075,70.44,24.69,0.03836511861261815,0.4104783076208614,0.4990311573055642
716,11.933333333333334,occ,base,0,0.13,0.075,71.83,24.4,0.03836511861261815,0.4104783076208614,0.4990311573055642
717,11.95,occ,base,0,0.112,0.075,72.06,24.33,0.03836511861261815,0.4104783076208614,0.4990311573055642
718,11.966666666666667,occ,base,0,0.093,0.075,72.04,24.37,0.03836511861261815,0.4104783076208614,0.4990311573055642
719,11.983333333333333,occ,base,0,0.09,0.075,71.5,24.51,0.03836511861261815,0.4104783076208614,0.4990311573055642
720,12.0,occ,base,0,0.106,0.075,72.39,24.4,0.03836511861261815,0.4104783076208614,0.4990311573055642
721,12.016666666666667,occ,base,0,0.125,0.075,74.92,24.04,0.03836511861261815,0.4104783076208614,0.4990311573055642
722,12.033333333333333,occ,base,0,0.137,0.075,75.99,23.79,0.03836511861261815,0.4104783076208614,0.4990311573055642
723,12.05,occ,base,0,0.153,0.075,76.3,23.8,0.03836511861261815,0.4104783076208614,0.4990311573055642
724,12.066666666666666,occ,base,0,0.169,0.075,77.4,23.73,0.03836511861261815,0.4104783076208614,0.4990311573055642
725,12.083333333333334,occ,base,0,0.15,0.075,77.21,23.67,0.03836511861261815,0.4104783076208614,0.4990311573055642
726,12.1,occ,base,0,0.175,0.075,77.46,23.54,0.03836511861261815,0.4104783076208614,0.4990311573055642
727,12.116666666666667,occ,base,0,0.234,0.075,79.36,23.41,0.03836511861261815,0.4104783076208614,0.4990311573055642
728,12.133333333333333,occ,base,0,0.209,0.075,78.56,23.64,0.03836511861261815,0.4104783076208614,0.4990311573055642
729,12.15,occ,base,0,0.202,0.075,78.96,23.79,0.03836511861261815,0.4104783076208614,0.4990311573055642
730,12.166666666666666,occ,base,0,0.16,0.075,79.54,23.64,0.03836511861261815,0.4104783076208614,0.4990311573055642
731,12.183333333333334,occ,base,0,0.159,0.075,79.46,23.59,0.03836511861261815,0.4104783076208614,0.4990311573055642
732,12.2,occ,base,0,0.18,0.075,79.27,23.65,0.03836511861261815,0.4104783076208614,0.4990311573055642
733,12.216666666666667,occ,base,0,0.196,0.075,79.52,23.8,0.03836511861261815,0.4104783076208614,0.4990311573055642
734,12.233333333333333,occ,base,0,0.183,0.075,79.22,23.58,0.03836511861261815,0.4104783076208614,0.4990311573055642
735,12.25,occ,base,0,0.272,0.075,79.63,23.57,0.03836511861261815,0.4104783076208614,0.4990311573055642
736,12.266666666666667,occ,base,0,0.365,0.075,80.0,23.45,0.03836511861261815,0.4104783076208614,0.4990311573055642
737,12.283333333333333,occ,base,0,0.455,0.075,79.72,23.5,0.03836511861261815,0.4104783076208614,0.4990311573055642
738,12.3,occ,occ,1,0.601,0.075,80.58,23.45,0.040848407681558827,0.4404373786371686,0.4974351354153734
739,12.316666666666666,occ,occ,1,0.667,0.075,80.4,23.46,0.040848407681558827,0.4404373786371686,0.4974351354153734
740,12.333333333333334,occ,occ,1,0.749,0.075,81.06,23.37,0.040848407681558827,0.4404373786371686,0.4974351354153734
741,12.35,occ,occ,1,0.8,0.075,80.27,23.57,0.040848407681558827,0.4404373786371686,0.4974351354153734
742,12.366666666666667,occ,occ,1,0.829,0.075,80.23,23.57,0.040848407681558827,0.4404373786371686,0.4974351354153734
743,12.383333333333333,occ,occ,1,0.829,0.075,80.4,23.59,0.040848407681558827,0.4404373786371686,0.4974351354153734
744,12.4,occ,occ,1,0.829,0.075,81.16,23.57,0.040848407681558827,0.4404373786371686,0.4974351354153734
745,12.416666666666666,occ,occ,1,0.842,0.075,80.23,23.61,0.040848407681558827,0.4404373786371686,0.4974351354153734
746,12.433333333333334,occ,occ,1,0.855,0.075,80.3,23.4,0.040848407681558827,0.4404373786371686,0.4974351354153734
747,12.45,occ,occ,1,0.892,0.075,81.4,23.25,0.040848407681558827,0.4404373786371686,0.4974351354153734
748,12.466666666666667,occ,occ,1,0.896,0.075,81.03,23.33,0.040848407681558827,0.4404373786371686,0.4974351354153734
749,12.483333333333333,occ,occ,1,0.902,0.075,81.33,23.29,0.040848407681558827,0.4404373786371686,0.4974351354153734
750,12.5,occ,occ,1,0.897,0.075,81.46,23.28,0.040848407681558827,0.4404373786371686,0.4974351354153734
751,12.516666666666667,occ,occ,1,0.903,0.075,81.08,23.52,0.040848407681558827,0.4404373786371686,0.4974351354153734
752,12.533333333333333,occ,occ,1,0.9,0.075,80.76,23.56,0.040848407681558827,0.4404373786371686,0.4974351354153734
753,12.55,occ,occ,1,0.897,0.075,79.88,23.75,0.040848407681558827,0.4404373786371686,0.4974351354153734
754,12.566666666666666,occ,occ,1,0.906,0.075,80.5,23.63,0.040848407681558827,0.4404373786371686,0.4974351354153734
755,12.583333333333334,occ,occ,1,0.909,0.075,80.32,23.59,0.040848407681558827,0.4404373786371686,0.4974351354153734
756,12.6,occ,occ,1,0.911,0.075,80.13,23.59,0.040848407681558827,0.4404373786371686,0.4974351354153734
757,12.616666666666667,occ,occ,1,0.912,0.075,79.49,23.78,0.040848407681558827,0.4404373786371686,0.4974351354153734
758,12.633333333333333,occ,occ,1,0.917,0.075,79.95,23.76,0.040848407681558827,0.4404373786371686,0.4974351354153734
759,12.65,occ,occ,1,0.916,0.075,80.64,23.76,0.040848407681558827,0.4404373786371686,0.4974351354153734
760,12.666666666666666,occ,occ,1,0.913,0.075,81.71,23.61,0.040848407681558827,0.4404373786371686,0.4974351354153734
761,12.683333333333334,occ,occ,1,0.911,0.075,80.6,23.71,0.040848407681558827,0.4404373786371686,0.4974351354153734
762,12.7,occ,occ,1,0.916,0.075,79.08,23.9,0.040848407681558827,0.4404373786371686,0.4974351354153734
763,12.716666666666667,occ,occ,1,0.92,0.075,80.14,23.8,0.040848407681558827,0.4404373786371686,0.4974351354153734
764,12.733333333333333,occ,occ,1,0.918,0.075,81.17,23.68,0.040848407681558827,0.4404373786371686,0.4974351354153734
765,12.75,occ,occ,1,0.913,0.075,80.88,23.61,0.040848407681558827,0.4404373786371686,0.4974351354153734
766,12.766666666666667,occ,occ,1,0.914,0.075,81.95,23.5,0.040848407681558827,0.4404373786371686,0.4974351354153734
767,12.783333333333333,occ,occ,1,0.912,0.075,79.94,23.8,0.040848407681558827,0.4404373786371686,0.4974351354153734
768,12.8,occ,occ,1,0.917,0.075,80.99,23.78,0.040848407681558827,0.4404373786371686,0.4974351354153734
769,12.816666666666666,occ,occ,1,0.913,0.075,81.44,23.46,0.040848407681558827,0.4404373786371686,0.4974351354153734
770,12.833333333333334,occ,occ,1,0.913,0.075,80.74,23.64,0.040848407681558827,0.4404373786371686,0.4974351354153734
771,12.85,occ,occ,1,0.908,0.075,80.3,23.58,0.040848407681558827,0.4404373786371686,0.4974351354153734
772,12.866666666666667,occ,occ,1,0.911,0.075,81.49,23.51,0.040848407681558827,0.4404373786371686,0.4974351354153734
773,12.883333333333333,occ,occ,1,0.906,0.075,80.79,23.66,0.040848407681558827,0.4404373786371686,0.4974351354153734
774,12.9,occ,occ,1,0.91,0.075,79.56,23.9,0.040848407681558827,0.4404373786371686,0.4974351354153734
775,12.916666666666666,occ,occ,1,0.914,0.075,80.45,23.75,0.040848407681558827,0.4404373786371686,0.4974351354153734
776,12.933333333333334,occ,occ,1,0.915,0.075,80.77,23.63,0.040848407681558827,0.4404373786371686,0.4974351354153734
777,12.95,occ,occ,1,0.915,0.075,79.27,23.86,0.040848407681558827,0.4404373786371686,0.4974351354153734
778,12.966666666666667,occ,occ,1,0.918,0.075,80.32,23.81,0.040848407681558827,0.4404373786371686,0.4974351354153734
779,12.983333333333333,occ,occ,1,0.915,0.075,80.35,23.79,0.040848407681558827,0.4404373786371686,0.4974351354153734
780,13.0,full,occ,0,0.917,0.075,80.47,23.6,0.040848407681558827,0.4404373786371686,0.4974351354153734
781,13.016666666666667,full,occ,0,0.921,0.075,80.1,23.8,0.040848407681558827,0.4404373786371686,0.4974351354153734
782,13.033333333333333,full,occ,0,0.92,0.075,79.56,24.06,0.040848407681558827,0.4404373786371686,0.4974351354153734
783,13.05,full,occ,0,0.92,0.075,79.71,23.95,0.040848407681558827,0.4404373786371686,0.4974351354153734
784,13.066666666666666,occ,occ,1,0.921,0.075,79.95,23.85,0.040848407681558827,0.4404373786371686,0.4974351354153734
785,13.083333333333334,full,occ,0,0.92,0.075,80.99,23.69,0.040848407681558827,0.4404373786371686,0.4974351354153734
786,13.1,occ,occ,1,0.919,0.075,80.64,23.68,0.040848407681558827,0.4404373786371686,0.4974351354153734
787,13.116666666666667,full,occ,0,0.92,0.075,78.45,23.95,0.040848407681558827,0.4404373786371686,0.4974351354153734
788,13.133333333333333,full,occ,0,0.922,0.075,77.51,24.17,0.040848407681558827,0.4404373786371686,0.4974351354153734
789,13.15,full,occ,0,0.918,0.075,76.74,24.24,0.040848407681558827,0.4404373786371686,0.4974351354153734
790,13.166666666666666,full,occ,0,0.915,0.075,76.56,24.32,0.040848407681558827,0.4404373786371686,0.4974351354153734
791,13.183333333333334,full,occ,0,0.905,0.075,75.94,24.36,0.040848407681558827,0.4404373786371686,0.4974351354153734
792,13.2,full,occ,0,0.912,0.075,75.03,24.33,0.040848407681558827,0.4404373786371686,0.4974351354153734
793,13.216666666666667,full,occ,0,0.914,0.075,75.45,24.47,0.040848407681558827,0.4404373786371686,0.4974351354153734
794,13.233333333333333,full,occ,0,0.902,0.075,75.82,24.32,0.040848407681558827,0.4404373786371686,0.4974351354153734
795,13.25,full,occ,0,0.904,0.075,76.06,24.19,0.040848407681558827,0.4404373786371686,0.4974351354153734
796,13.266666666666667,full,occ,0,0.909,0.075,75.36,24.24,0.040848407681558827,0.4404373786371686,0.4974351354153734
797,13.283333333333333,full,occ,0,0.904,0.075,76.78,23.92,0.040848407681558827,0.4404373786371686,0.4974351354153734
798,13.3,full,occ,0,0.893,0.075,76.0,24.19,0.040848407681558827,0.4404373786371686,0.4974351354153734
799,13.316666666666666,full,occ,0,0.861,0.075,75.25,24.13,0.040848407681558827,0.4404373786371686,0.4974351354153734
800,13.333333333333334,full,occ,0,0.859,0.075,74.98,24.2,0.040848407681558827,0.4404373786371686,0.4974351354153734
801,13.35,full,occ,0,0.89,0.075,74.63,24.46,0.040848407681558827,0.4404373786371686,0.4974351354153734
802,13.366666666666667,full,occ,0,0.897,0.075,74.66,24.48,0.040848407681558827,0.4404373786371686,0.4974351354153734
803,13.383333333333333,full,occ,0,0.88,0.075,73.46,24.5,0.040848407681558827,0.4404373786371686,0.4974351354153734
804,13.4,full,occ,0,0.895,0.075,73.94,24.45,0.040848407681558827,0.4404373786371686,0.4974351354153734
805,13.416666666666666,full,occ,0,0.873,0.075,75.73,24.1,0.040848407681558827,0.4404373786371686,0.4974351354153734
806,13.433333333333334,full,occ,0,0.866,0.075,75.47,24.06,0.040848407681558827,0.4404373786371686,0.4974351354153734
807,13.45,full,occ,0,0.843,0.075,74.09,24.27,0.040848407681558827,0.4404373786371686,0.4974351354153734
808,13.466666666666667,full,occ,0,0.843,0.075,74.44,24.36,0.040848407681558827,0.4404373786371686,0.4974351354153734
809,13.483333333333333,full,occ,0,0.805,0.075,73.91,24.3,0.040848407681558827,0.4404373786371686,0.4974351354153734
810,13.5,full,occ,0,0.848,0.075,75.02,24.24,0.040848407681558827,0.4404373786371686,0.4974351354153734
811,13.516666666666667,full,occ,0,0.825,0.075,75.22,24.22,0.040848407681558827,0.4404373786371686,0.4974351354153734
812,13.533333333333333,full,occ,0,0.865,0.075,75.37,24.24,0.040848407681558827,0.4404373786371686,0.4974351354153734
813,13.55,full,occ,0,0.867,0.075,74.66,24.35,0.040848407681558827,0.4404373786371686,0.4974351354153734
814,13.566666666666666,full,occ,0,0.89,0.075,74.22,24.43,0.040848407681558827,0.4404373786371686,0.4974351354153734
815,13.583333333333334,full,occ,0,0.883,0.075,74.15,24.49,0.040848407681558827,0.4404373786371686,0.4974351354153734
816,13.6,full,occ,0,0.894,0.075,73.15,24.6,0.040848407681558827,0.4404373786371686,0.4974351354153734
817,13.616666666666667,full,occ,0,0.912,0.075,73.74,24.61,0.040848407681558827,0.4404373786371686,0.4974351354153734
818,13.633333333333333,full,occ,0,0.914,0.075,73.48,24.6,0.040848407681558827,0.4404373786371686,0.4974351354153734
819,13.65,full,occ,0,0.917,0.075,74.07,24.6,0.040848407681558827,0.4404373786371686,0.4974351354153734
820,13.666666666666666,full,occ,0,0.912,0.075,75.75,24.38,0.040848407681558827,0.4404373786371686,0.4974351354153734
821,13.683333333333334,full,occ,0,0.905,0.075,75.04,24.46,0.040848407681558827,0.4404373786371686,0.4974351354153734
822,13.7,full,occ,0,0.907,0.075,74.71,24.54,0.040848407681558827,0.4404373786371686,0.4974351354153734
823,13.716666666666667,full,occ,0,0.906,0.075,74.95,24.33,0.040848407681558827,0.4404373786371686,0.4974351354153734
824,13.733333333333333,full,occ,0,0.911,0.075,74.66,24.21,0.040848407681558827,0.4404373786371686,0.4974351354153734
825,13.75,full,occ,0,0.915,0.075,75.58,24.18,0.040848407681558827,0.4404373786371686,0.4974351354153734
826,13.766666666666667,full,occ,0,0.911,0.075,74.82,24.25,0.040848407681558827,0.4404373786371686,0.4974351354153734
827,13.783333333333333,full,occ,0,0.912,0.075,75.58,24.19,0.040848407681558827,0.4404373786371686,0.4974351354153734
828,13.8,full,occ,0,0.908,0.075,75.22,24.13,0.040848407681558827,0.4404373786371686,0.4974351354153734
829,13.816666666666666,full,occ,0,0.913,0.075,74.81,24.35,0.040848407681558827,0.4404373786371686,0.4974351354153734
830,13.833333333333334,full,occ,0,0.909,0.075,74.82,24.29,0.040848407681558827,0.4404373786371686,0.4974351354153734
831,13.85,full,occ,0,0.91,0.075,74.08,24.52,0.040848407681558827,0.4404373786371686,0.4974351354153734
832,13.866666666666667,full,occ,0,0.909,0.075,74.43,24.5,0.040848407681558827,0.4404373786371686,0.4974351354153734
833,13.883333333333333,full,occ,0,0.907,0.075,73.85,24.54,0.040848407681558827,0.4404373786371686,0.4974351354153734
834,13.9,full,occ,0,0.909,0.075,74.23,24.44,0.040848407681558827,0.4404373786371686,0.4974351354153734
835,13.916666666666666,full,occ,0,0.907,0.075,73.88,24.42,0.040848407681558827,0.4404373786371686,0.4974351354153734
836,13.933333333333334,full,occ,0,0.913,0.075,75.38,24.41,0.040848407681558827,0.4404373786371686,0.4974351354153734
837,13.95,full,occ,0,0.898,0.075,74.9,24.34,0.040848407681558827,0.4404373786371686,0.4974351354153734
838,13.966666666666667,full,occ,0,0.902,0.075,74.13,24.36,0.040848407681558827,0.4404373786371686,0.4974351354153734
839,13.983333333333333,full,occ,0,0.909,0.075,75.25,24.32,0.040848407681558827,0.4404373786371686,0.4974351354153734
840,14.0,full,occ,0,0.901,0.075,75.35,24.17,0.040848407681558827,0.4404373786371686,0.4974351354153734
841,14.016666666666667,full,occ,0,0.906,0.075,75.06,24.22,0.040848407681558827,0.4404373786371686,0.4974351354153734
842,14.033333333333333,full,occ,0,0.908,0.075,74.26,24.48,0.040848407681558827,0.4404373786371686,0.4974351354153734
843,14.05,full,occ,0,0.909,0.075,74.5,24.37,0.040848407681558827,0.4404373786371686,0.4974351354153734
844,14.066666666666666,full,occ,0,0.911,0.075,73.16,24.65,0.040848407681558827,0.4404373786371686,0.4974351354153734
845,14.083333333333334,full,occ,0,0.915,0.075,74.96,24.44,0.040848407681558827,0.4404373786371686,0.4974351354153734
846,14.1,full,occ,0,0.91,0.075,73.8,24.58,0.040848407681558827,0.4404373786371686,0.4974351354153734
847,14.116666666666667,full,occ,0,0.915,0.075,74.94,24.39,0.040848407681558827,0.4404373786371686,0.4974351354153734
848,14.133333333333333,full,occ,0,0.912,0.075,74.46,24.47,0.040848407681558827,0.4404373786371686,0.4974351354153734
849,14.15,full,occ,0,0.912,0.075,74.74,24.4,0.040848407681558827,0.4404373786371686,0.4974351354153734
850,14.166666666666666,full,occ,0,0.914,0.075,74.74,24.36,0.040848407681558827,0.4404373786371686,0.4974351354153734
851,14.183333333333334,full,occ,0,0.915,0.075,75.23,24.41,0.040848407681558827,0.4404373786371686,0.4974351354153734
852,14.2,full,occ,0,0.913,0.075,75.21,24.33,0.040848407681558827,0.4404373786371686,0.4974351354153734
853,14.216666666666667,full,occ,0,0.915,0.075,75.28,24.48,0.040848407681558827,0.4404373786371686,0.4974351354153734
854,14.233333333333333,full,occ,0,0.913,0.075,74.48,24.64,0.040848407681558827,0.4404373786371686,0.4974351354153734
855,14.25,full,occ,0,0.915,0.075,74.84,24.79,0.040848407681558827,0.4404373786371686,0.4974351354153734
856,14.266666666666667,full,occ,0,0.911,0.075,75.17,24.75,0.040848407681558827,0.4404373786371686,0.4974351354153734
857,14.283333333333333,full,occ,0,0.91,0.075,75.01,24.66,0.040848407681558827,0.4404373786371686,0.4974351354153734
858,14.3,full,occ,0,0.911,0.075,75.54,24.45,0.040848407681558827,0.4404373786371686,0.4974351354153734
859,14.316666666666666,full,occ,0,0.913,0.075,76.49,24.29,0.040848407681558827,0.4404373786371686,0.4974351354153734
860,14.333333333333334,full,occ,0,0.914,0.075,76.38,24.35,0.040848407681558827,0.4404373786371686,0.4974351354153734
861,14.35,full,occ,0,0.911,0.075,76.45,24.43,0.040848407681558827,0.4404373786371686,0.4974351354153734
862,14.366666666666667,full,occ,0,0.91,0.075,74.81,24.67,0.040848407681558827,0.4404373786371686,0.4974351354153734
863,14.383333333333333,full,occ,0,0.916,0.075,75.64,24.41,0.040848407681558827,0.4404373786371686,0.4974351354153734
864,14.4,full,occ,0,0.919,0.075,75.68,24.34,0.040848407681558827,0.4404373786371686,0.4974351354153734
865,14.416666666666666,full,occ,0,0.918,0.075,75.49,24.36,0.040848407681558827,0.4404373786371686,0.4974351354153734
866,14.433333333333334,full,occ,0,0.918,0.075,77.14,24.3,0.040848407681558827,0.4404373786371686,0.4974351354153734
867,14.45,full,occ,0,0.912,0.075,75.84,24.38,0.040848407681558827,0.4404373786371686,0.4974351354153734
868,14.466666666666667,full,occ,0,0.918,0.075,75.6,24.58,0.040848407681558827,0.4404373786371686,0.4974351354153734
869,14.483333333333333,full,occ,0,0.916,0.075,75.47,24.7,0.040848407681558827,0.4404373786371686,0.4974351354153734
870,14.5,full,occ,0,0.914,0.075,75.23,24.71,0.040848407681558827,0.4404373786371686,0.4974351354153734
871,14.516666666666667,full,occ,0,0.915,0.075,76.77,24.4,0.040848407681558827,0.4404373786371686,0.4974351354153734
872,14.533333333333333,full,occ,0,0.912,0.075,76.35,24.48,0.040848407681558827,0.4404373786371686,0.4974351354153734
873,14.55,full,occ,0,0.911,0.075,76.38,24.44,0.040848407681558827,0.4404373786371686,0.4974351354153734
874,14.566666666666666,full,occ,0,0.914,0.075,76.13,24.26,0.040848407681558827,0.4404373786371686,0.4974351354153734
875,14.583333333333334,full,occ,0,0.919,0.075,75.9,24.42,0.040848407681558827,0.4404373786371686,0.4974351354153734
876,14.6,full,occ,0,0.918,0.075,76.47,24.31,0.040848407681558827,0.4404373786371686,0.4974351354153734
877,14.616666666666667,full,occ,0,0.918,0.075,76.3,24.35,0.040848407681558827,0.4404373786371686,0.4974351354153734
878,14.633333333333333,full,occ,0,0.917,0.075,76.87,24.44,0.040848407681558827,0.4404373786371686,0.4974351354153734
879,14.65,full,occ,0,0.914,0.075,77.65,24.22,0.040848407681558827,0.4404373786371686,0.4974351354153734
880,14.666666666666666,full,occ,0,0.914,0.075,76.4,24.3,0.040848407681558827,0.4404373786371686,0.4974351354153734
881,14.683333333333334,full,occ,0,0.919,0.075,76.51,24.36,0.040848407681558827,0.4404373786371686,0.4974351354153734
882,14.7,full,occ,0,0.917,0.075,75.0,24.82,0.040848407681558827,0.4404373786371686,0.4974351354153734
883,14.716666666666667,full,occ,0,0.917,0.075,76.07,24.65,0.040848407681558827,0.4404373786371686,0.4974351354153734
884,14.733333333333333,full,occ,0,0.916,0.075,77.03,24.38,0.040848407681558827,0.4404373786371686,0.4974351354153734
885,14.75,full,occ,0,0.917,0.075,77.37,24.32,0.040848407681558827,0.4404373786371686,0.4974351354153734
886,14.766666666666667,full,occ,0,0.917,0.075,76.65,24.34,0.040848407681558827,0.4404373786371686,0.4974351354153734
887,14.783333333333333,full,occ,0,0.919,0.075,76.71,24.46,0.040848407681558827,0.4404373786371686,0.4974351354153734
888,14.8,full,occ,0,0.918,0.075,77.61,24.31,0.040848407681558827,0.4404373786371686,0.4974351354153734
889,14.816666666666666,full,occ,0,0.917,0.075,75.97,24.4,0.040848407681558827,0.4404373786371686,0.4974351354153734
890,14.833333333333334,full,occ,0,0.921,0.075,77.2,24.32,0.040848407681558827,0.4404373786371686,0.4974351354153734
891,14.85,full,occ,0,0.919,0.075,76.64,24.5,0.040848407681558827,0.4404373786371686,0.4974351354153734
892,14.866666666666667,full,occ,0,0.918,0.075,75.82,24.44,0.040848407681558827,0.4404373786371686,0.4974351354153734
893,14.883333333333333,full,occ,0,0.921,0.075,75.75,24.45,0.040848407681558827,0.4404373786371686,0.4974351354153734
894,14.9,full,occ,0,0.921,0.075,76.23,24.45,0.040848407681558827,0.4404373786371686,0.4974351354153734
895,14.916666666666666,full,occ,0,0.921,0.075,76.3,24.38,0.040848407681558827,0.4404373786371686,0.4974351354153734
896,14.933333333333334,full,occ,0,0.922,0.075,76.36,24.47,0.040848407681558827,0.4404373786371686,0.4974351354153734
897,14.95,full,occ,0,0.922,0.075,77.95,24.18,0.040848407681558827,0.4404373786371686,0.4974351354153734
898,14.966666666666667,full,occ,0,0.92,0.075,78.26,24.2,0.040848407681558827,0.4404373786371686,0.4974351354153734
899,14.983333333333333,full,occ,0,0.919,0.075,78.21,24.2,0.040848407681558827,0.4404373786371686,0.4974351354153734
900,15.0,full,occ,0,0.919,0.075,77.3,24.35,0.040848407681558827,0.4404373786371686,0.4974351354153734
901,15.016666666666667,full,occ,0,0.92,0.075,77.2,24.45,0.040848407681558827,0.4404373786371686,0.4974351354153734
902,15.033333333333333,full,occ,0,0.92,0.075,76.52,24.5,0.040848407681558827,0.4404373786371686,0.4974351354153734
903,15.05,full,occ,0,0.921,0.075,76.48,24.58,0.040848407681558827,0.4404373786371686,0.4974351354153734
904,15.066666666666666,full,occ,0,0.921,0.075,76.76,24.42,0.040848407681558827,0.4404373786371686,0.4974351354153734
905,15.083333333333334,full,occ,0,0.922,0.075,78.06,24.19,0.040848407681558827,0.4404373786371686,0.4974351354153734
906,15.1,full,occ,0,0.921,0.075,77.58,24.21,0.040848407681558827,0.4404373786371686,0.4974351354153734
907,15.116666666666667,full,occ,0,0.922,0.075,77.98,24.21,0.040848407681558827,0.4404373786371686,0.4974351354153734
908,15.133333333333333,full,occ,0,0.922,0.075,77.63,24.29,0.040848407681558827,0.4404373786371686,0.4974351354153734
909,15.15,full,occ,0,0.922,0.075,77.59,24.22,0.040848407681558827,0.4404373786371686,0.4974351354153734
910,15.166666666666666,full,occ,0,0.922,0.075,78.19,24.16,0.040848407681558827,0.4404373786371686,0.4974351354153734
911,15.183333333333334,full,occ,0,0.92,0.075,78.59,24.07,0.040848407681558827,0.4404373786371686,0.4974351354153734
912,15.2,full,occ,0,0.92,0.075,78.29,24.13,0.040848407681558827,0.4404373786371686,0.4974351354153734
913,15.216666666666667,full,occ,0,0.921,0.075,78.55,24.16,0.040848407681558827,0.4404373786371686,0.4974351354153734
914,15.233333333333333,full,occ,0,0.918,0.075,77.88,24.2,0.040848407681558827,0.4404373786371686,0.4974351354153734
915,15.25,full,occ,0,0.92,0.075,77.8,24.17,0.040848407681558827,0.4404373786371686,0.4974351354153734
916,15.266666666666667,full,occ,0,0.921,0.075,77.61,24.18,0.040848407681558827,0.4404373786371686,0.4974351354153734
917,15.283333333333333,full,occ,0,0.921,0.075,78.58,24.23,0.040848407681558827,0.4404373786371686,0.4974351354153734
918,15.3,full,occ,0,0.917,0.075,76.45,24.44,0.040848407681558827,0.4404373786371686,0.4974351354153734
919,15.316666666666666,full,occ,0,0.921,0.075,78.39,24.28,0.040848407681558827,0.4404373786371686,0.4974351354153734
920,15.333333333333334,full,occ,0,0.918,0.075,78.84,24.07,0.040848407681558827,0.4404373786371686,0.4974351354153734
921,15.35,full,occ,0,0.92,0.075,78.76,24.08,0.040848407681558827,0.4404373786371686,0.4974351354153734
922,15.366666666666667,full,occ,0,0.92,0.075,78.45,23.97,0.040848407681558827,0.4404373786371686,0.4974351354153734
923,15.383333333333333,full,occ,0,0.922,0.075,78.47,24.01,0.040848407681558827,0.4404373786371686,0.4974351354153734
924,15.4,full,occ,0,0.921,0.075,78.71,24.02,0.040848407681558827,0.4404373786371686,0.4974351354153734
925,15.416666666666666,full,occ,0,0.921,0.075,77.49,24.28,0.040848407681558827,0.4404373786371686,0.4974351354153734
926,15.433333333333334,full,occ,0,0.922,0.075,78.2,24.27,0.040848407681558827,0.4404373786371686,0.4974351354153734
927,15.45,full,occ,0,0.921,0.075,77.56,24.4,0.040848407681558827,0.4404373786371686,0.4974351354153734
928,15.466666666666667,full,occ,0,0.921,0.075,77.69,24.31,0.040848407681558827,0.4404373786371686,0.4974351354153734
929,15.483333333333333,full,occ,0,0.921,0.075,78.92,24.2,0.040848407681558827,0.4404373786371686,0.4974351354153734
930,15.5,full,occ,0,0.919,0.075,77.48,24.39,0.040848407681558827,0.4404373786371686,0.4974351354153734
931,15.516666666666667,full,occ,0,0.921,0.075,77.81,24.08,0.040848407681558827,0.4404373786371686,0.4974351354153734
932,15.533333333333333,full,occ,0,0.922,0.075,77.91,24.13,0.040848407681558827,0.4404373786371686,0.4974351354153734
933,15.55,full,occ,0,0.922,0.075,78.77,24.08,0.040848407681558827,0.4404373786371686,0.4974351354153734
934,15.566666666666666,full,occ,0,0.921,0.075,77.94,24.22,0.040848407681558827,0.4404373786371686,0.4974351354153734
935,15.583333333333334,full,occ,0,0.922,0.075,78.32,24.12,0.040848407681558827,0.4404373786371686,0.4974351354153734
936,15.6,full,occ,0,0.922,0.075,78.98,23.96,0.040848407681558827,0.4404373786371686,0.4974351354153734
937,15.616666666666667,full,occ,0,0.922,0.075,78.49,24.04,0.040848407681558827,0.4404373786371686,0.4974351354153734
938,15.633333333333333,full,occ,0,0.923,0.075,78.54,24.0,0.040848407681558827,0.4404373786371686,0.4974351354153734
939,15.65,full,occ,0,0.923,0.075,77.76,24.2,0.040848407681558827,0.4404373786371686,0.4974351354153734
940,15.666666666666666,full,occ,0,0.923,0.075,77.96,24.13,0.040848407681558827,0.4404373786371686,0.4974351354153734
941,15.683333333333334,full,occ,0,0.923,0.075,79.47,23.99,0.040848407681558827,0.4404373786371686,0.4974351354153734
942,15.7,full,occ,0,0.921,0.075,78.39,24.12,0.040848407681558827,0.4404373786371686,0.4974351354153734
943,15.716666666666667,full,occ,0,0.922,0.075,78.96,23.99,0.040848407681558827,0.4404373786371686,0.4974351354153734
944,15.733333333333333,full,occ,0,0.922,0.075,79.44,23.88,0.040848407681558827,0.4404373786371686,0.4974351354153734
945,15.75,full,occ,0,0.922,0.075,79.05,23.93,0.040848407681558827,0.4404373786371686,0.4974351354153734
946,15.766666666666667,full,occ,0,0.923,0.075,78.81,24.02,0.040848407681558827,0.4404373786371686,0.4974351354153734
947,15.783333333333333,full,occ,0,0.923,0.075,79.33,23.89,0.040848407681558827,0.4404373786371686,0.4974351354153734
948,15.8,full,occ,0,0.922,0.075,78.22,24.23,0.040848407681558827,0.4404373786371686,0.4974351354153734
949,15.816666666666666,full,occ,0,0.922,0.075,79.27,23.97,0.040848407681558827,0.4404373786371686,0.4974351354153734
950,15.833333333333334,full,occ,0,0.923,0.075,79.5,23.88,0.040848407681558827,0.4404373786371686,0.4974351354153734
951,15.85,full,occ,0,0.922,0.075,78.91,23.96,0.040848407681558827,0.4404373786371686,0.4974351354153734
952,15.866666666666667,full,occ,0,0.922,0.075,79.79,23.9,0.040848407681558827,0.4404373786371686,0.4974351354153734
953,15.883333333333333,full,occ,0,0.922,0.075,78.36,24.07,0.040848407681558827,0.4404373786371686,0.4974351354153734
954,15.9,full,occ,0,0.923,0.075,78.92,24.11,0.040848407681558827,0.4404373786371686,0.4974351354153734
955,15.916666666666666,full,occ,0,0.922,0.075,78.75,24.07,0.040848407681558827,0.4404373786371686,0.4974351354153734
956,15.933333333333334,full,occ,0,0.922,0.075,78.09,24.12,0.040848407681558827,0.4404373786371686,0.4974351354153734
957,15.95,full,occ,0,0.923,0.075,78.74,23.97,0.040848407681558827,0.4404373786371686,0.4974351354153734
958,15.966666666666667,full,occ,0,0.923,0.075,78.32,24.16,0.040848407681558827,0.4404373786371686,0.4974351354153734
959,15.983333333333333,full,occ,0,0.923,0.075,79.8,23.86,0.040848407681558827,0.4404373786371686,0.4974351354153734
960,16.0,full,occ,0,0.922,0.075,79.75,23.86,0.040848407681558827,0.4404373786371686,0.4974351354153734
961,16.016666666666666,full,occ,0,0.922,0.075,80.58,23.82,0.040848407681558827,0.4404373786371686,0.4974351354153734
962,16.033333333333335,full,occ,0,0.922,0.075,80.03,23.79,0.040848407681558827,0.4404373786371686,0.4974351354153734
963,16.05,full,occ,0,0.922,0.075,79.72,23.97,0.040848407681558827,0.4404373786371686,0.4974351354153734
964,16.066666666666666,full,occ,0,0.922,0.075,79.23,23.87,0.040848407681558827,0.4404373786371686,0.4974351354153734
965,16.083333333333332,full,occ,0,0.922,0.075,78.78,23.96,0.040848407681558827,0.4404373786371686,0.4974351354153734
966,16.1,full,occ,0,0.923,0.075,79.3,23.93,0.040848407681558827,0.4404373786371686,0.4974351354153734
967,16.116666666666667,full,occ,0,0.923,0.075,79.26,23.84,0.040848407681558827,0.4404373786371686,0.4974351354153734
968,16.133333333333333,full,occ,0,0.923,0.075,79.06,23.99,0.040848407681558827,0.4404373786371686,0.4974351354153734
969,16.15,full,occ,0,0.922,0.075,79.91,23.81,0.040848407681558827,0.4404373786371686,0.4974351354153734
970,16.166666666666668,full,occ,0,0.921,0.075,78.69,23.89,0.040848407681558827,0.4404373786371686,0.4974351354153734
971,16.183333333333334,full,occ,0,0.922,0.075,80.14,23.68,0.040848407681558827,0.4404373786371686,0.4974351354153734
972,16.2,full,occ,0,0.922,0.075,79.8,23.77,0.040848407681558827,0.4404373786371686,0.4974351354153734
973,16.216666666666665,full,occ,0,0.922,0.075,79.64,23.79,0.040848407681558827,0.4404373786371686,0.4974351354153734
974,16.233333333333334,full,occ,0,0.922,0.075,78.25,24.01,0.040848407681558827,0.4404373786371686,0.4974351354153734
975,16.25,full,occ,0,0.923,0.075,79.0,23.84,0.040848407681558827,0.4404373786371686,0.4974351354153734
976,16.266666666666666,full,occ,0,0.923,0.075,79.46,23.83,0.040848407681558827,0.4404373786371686,0.4974351354153734
977,16.283333333333335,full,occ,0,0.923,0.075,79.67,23.9,0.040848407681558827,0.4404373786371686,0.4974351354153734
978,16.3,full,occ,0,0.922,0.075,79.18,23.83,0.040848407681558827,0.4404373786371686,0.4974351354153734
979,16.316666666666666,full,occ,0,0.922,0.075,79.99,23.62,0.040848407681558827,0.4404373786371686,0.4974351354153734
980,16.333333333333332,full,occ,0,0.923,0.075,80.03,23.62,0.040848407681558827,0.4404373786371686,0.4974351354153734
981,16.35,full,occ,0,0.923,0.075,79.33,23.8,0.040848407681558827,0.4404373786371686,0.4974351354153734
982,16.366666666666667,full,occ,0,0.922,0.075,79.09,23.73,0.040848407681558827,0.4404373786371686,0.4974351354153734
983,16.383333333333333,full,occ,0,0.923,0.075,79.32,23.87,0.040848407681558827,0.4404373786371686,0.4974351354153734
984,16.4,full,occ,0,0.923,0.075,79.02,23.96,0.040848407681558827,0.4404373786371686,0.4974351354153734
985,16.416666666666668,full,occ,0,0.923,0.075,80.01,23.64,0.040848407681558827,0.4404373786371686,0.4974351354153734
986,16.433333333333334,full,occ,0,0.923,0.075,80.84,23.56,0.040848407681558827,0.4404373786371686,0.4974351354153734
987,16.45,full,occ,0,0.923,0.075,80.05,23.62,0.040848407681558827,0.4404373786371686,0.4974351354153734
988,16.466666666666665,full,occ,0,0.923,0.075,79.8,23.72,0.040848407681558827,0.4404373786371686,0.4974351354153734
989,16.483333333333334,full,occ,0,0.923,0.075,78.65,23.87,0.040848407681558827,0.4404373786371686,0.4974351354153734
990,16.5,full,occ,0,0.924,0.075,79.19,23.84,0.040848407681558827,0.4404373786371686,0.4974351354153734
991,16.516666666666666,full,occ,0,0.923,0.075,79.7,23.59,0.040848407681558827,0.4404373786371686,0.4974351354153734
992,16.533333333333335,full,occ,0,0.924,0.075,81.19,23.38,0.040848407681558827,0.4404373786371686,0.4974351354153734
993,16.55,full,occ,0,0.923,0.075,80.28,23.47,0.040848407681558827,0.4404373786371686,0.4974351354153734
994,16.566666666666666,full,occ,0,0.924,0.075,79.7,23.7,0.040848407681558827,0.4404373786371686,0.4974351354153734
995,16.583333333333332,full,occ,0,0.923,0.075,79.8,23.6,0.040848407681558827,0.4404373786371686,0.4974351354153734
996,16.6,full,occ,0,0.924,0.075,81.15,23.42,0.040848407681558827,0.4404373786371686,0.4974351354153734
997,16.616666666666667,full,occ,0,0.922,0.075,80.99,23.37,0.040848407681558827,0.4404373786371686,0.4974351354153734
998,16.633333333333333,full,occ,0,0.923,0.075,81.08,23.57,0.040848407681558827,0.4404373786371686,0.4974351354153734
999,16.65,full,occ,0,0.922,0.075,80.97,23.49,0.040848407681558827,0.4404373786371686,0.4974351354153734
1000,16.666666666666668,full,occ,0,0.923,0.075,80.56,23.42,0.040848407681558827,0.4404373786371686,0.4974351354153734
1001,16.683333333333334,full,occ,0,0.923,0.075,80.63,23.48,0.040848407681558827,0.4404373786371686,0.4974351354153734
1002,16.7,full,occ,0,0.923,0.075,81.23,23.45,0.040848407681558827,0.4404373786371686,0.4974351354153734
1003,16.716666666666665,full,occ,0,0.923,0.075,80.74,23.4,0.040848407681558827,0.4404373786371686,0.4974351354153734
1004,16.733333333333334,full,occ,0,0.923,0.075,80.72,23.33,0.040848407681558827,0.4404373786371686,0.4974351354153734
1005,16.75,full,occ,0,0.923,0.075,80.68,23.36,0.040848407681558827,0.4404373786371686,0.4974351354153734
1006,16.766666666666666,full,occ,0,0.923,0.075,80.45,23.38,0.040848407681558827,0.4404373786371686,0.4974351354153734
1007,16.783333333333335,full,occ,0,0.924,0.075,80.35,23.53,0.040848407681558827,0.4404373786371686,0.4974351354153734
1008,16.8,full,occ,0,0.923,0.075,80.64,23.45,0.040848407681558827,0.4404373786371686,0.4974351354153734
1009,16.816666666666666,full,occ,0,0.923,0.075,81.16,23.25,0.040848407681558827,0.4404373786371686,0.4974351354153734
1010,16.833333333333332,full,occ,0,0.923,0.075,80.94,23.29,0.040848407681558827,0.4404373786371686,0.4974351354153734
1011,16.85,full,occ,0,0.923,0.075,80.1,23.36,0.040848407681558827,0.4404373786371686,0.4974351354153734
1012,16.866666666666667,full,occ,0,0.923,0.075,79.64,23.48,0.040848407681558827,0.4404373786371686,0.4974351354153734
1013,16.883333333333333,full,occ,0,0.923,0.075,79.83,23.46,0.040848407681558827,0.4404373786371686,0.4974351354153734
1014,16.9,full,occ,0,0.922,0.075,80.46,23.35,0.040848407681558827,0.4404373786371686,0.4974351354153734
1015,16.916666666666668,full,occ,0,0.923,0.075,80.29,23.4,0.040848407681558827,0.4404373786371686,0.4974351354153734
1016,16.933333333333334,full,occ,0,0.923,0.075,79.95,23.5,0.040848407681558827,0.4404373786371686,0.4974351354153734
1017,16.95,full,occ,0,0.923,0.075,80.58,23.51,0.040848407681558827,0.4404373786371686,0.4974351354153734
1018,16.966666666666665,full,occ,0,0.922,0.075,80.28,23.34,0.040848407681558827,0.4404373786371686,0.4974351354153734
1019,16.983333333333334,full,occ,0,0.923,0.075,80.52,23.4,0.040848407681558827,0.4404373786371686,0.4974351354153734
1020,17.0,full,occ,0,0.923,0.075,80.24,23.38,0.040848407681558827,0.4404373786371686,0.4974351354153734
1021,17.016666666666666,full,occ,0,0.922,0.075,80.49,23.32,0.040848407681558827,0.4404373786371686,0.4974351354153734
1022,17.033333333333335,full,occ,0,0.923,0.075,79.99,23.37,0.040848407681558827,0.4404373786371686,0.4974351354153734
1023,17.05,full,occ,0,0.923,0.075,79.88,23.47,0.040848407681558827,0.4404373786371686,0.4974351354153734
1024,17.066666666666666,full,occ,0,0.923,0.075,80.27,23.39,0.040848407681558827,0.4404373786371686,0.4974351354153734
1025,17.083333333333332,full,occ,0,0.924,0.075,79.8,23.65,0.040848407681558827,0.4404373786371686,0.4974351354153734
1026,17.1,full,occ,0,0.923,0.075,80.2,23.38,0.040848407681558827,0.4404373786371686,0.4974351354153734
1027,17.116666666666667,full,occ,0,0.923,0.075,81.3,23.15,0.040848407681558827,0.4404373786371686,0.4974351354153734
1028,17.133333333333333,full,occ,0,0.923,0.075,82.36,22.91,0.040848407681558827,0.4404373786371686,0.4974351354153734
1029,17.15,full,occ,0,0.923,0.075,81.2,23.19,0.040848407681558827,0.4404373786371686,0.4974351354153734
1030,17.166666666666668,full,occ,0,0.923,0.075,82.23,23.01,0.040848407681558827,0.4404373786371686,0.4974351354153734
1031,17.183333333333334,full,occ,0,0.922,0.075,81.27,23.22,0.040848407681558827,0.4404373786371686,0.4974351354153734
1032,17.2,full,occ,0,0.923,0.075,81.91,23.16,0.040848407681558827,0.4404373786371686,0.4974351354153734
1033,17.216666666666665,full,occ,0,0.923,0.075,81.12,23.16,0.040848407681558827,0.4404373786371686,0.4974351354153734
1034,17.233333333333334,full,occ,0,0.924,0.075,83.18,22.86,0.040848407681558827,0.4404373786371686,0.4974351354153734
1035,17.25,full,occ,0,0.922,0.075,82.42,23.01,0.040848407681558827,0.4404373786371686,0.4974351354153734
1036,17.266666666666666,full,occ,0,0.921,0.075,82.58,22.64,0.040848407681558827,0.4404373786371686,0.4974351354153734
1037,17.283333333333335,full,occ,0,0.923,0.075,82.17,22.94,0.040848407681558827,0.4404373786371686,0.4974351354153734
1038,17.3,full,occ,0,0.923,0.075,81.32,23.03,0.040848407681558827,0.4404373786371686,0.4974351354153734
1039,17.316666666666666,full,occ,0,0.923,0.075,81.78,23.07,0.040848407681558827,0.4404373786371686,0.4974351354153734
1040,17.333333333333332,full,occ,0,0.923,0.075,82.09,22.95,0.040848407681558827,0.4404373786371686,0.4974351354153734
1041,17.35,full,occ,0,0.923,0.075,82.02,22.9,0.040848407681558827,0.4404373786371686,0.4974351354153734
1042,17.366666666666667,full,occ,0,0.923,0.075,81.87,23.07,0.040848407681558827,0.4404373786371686,0.4974351354153734
1043,17.383333333333333,full,occ,0,0.921,0.075,81.15,23.1,0.040848407681558827,0.4404373786371686,0.4974351354153734
1044,17.4,full,occ,0,0.923,0.075,82.34,22.76,0.040848407681558827,0.4404373786371686,0.4974351354153734
1045,17.416666666666668,full,occ,0,0.922,0.075,82.47,22.83,0.040848407681558827,0.4404373786371686,0.4974351354153734
1046,17.433333333333334,full,occ,0,0.922,0.075,81.26,22.99,0.040848407681558827,0.4404373786371686,0.4974351354153734
1047,17.45,full,occ,0,0.924,0.075,82.43,22.86,0.040848407681558827,0.4404373786371686,0.4974351354153734
1048,17.466666666666665,full,occ,0,0.923,0.075,81.75,22.87,0.040848407681558827,0.4404373786371686,0.4974351354153734
1049,17.483333333333334,full,occ,0,0.924,0.075,82.23,22.82,0.040848407681558827,0.4404373786371686,0.4974351354153734
1050,17.5,full,occ,0,0.924,0.075,82.14,22.9,0.040848407681558827,0.4404373786371686,0.4974351354153734
1051,17.516666666666666,full,occ,0,0.924,0.075,81.76,22.89,0.040848407681558827,0.4404373786371686,0.4974351354153734
1052,17.533333333333335,full,occ,0,0.924,0.075,81.93,22.92,0.040848407681558827,0.4404373786371686,0.4974351354153734
1053,17.55,full,occ,0,0.924,0.075,81.95,22.82,0.040848407681558827,0.4404373786371686,0.4974351354153734
1054,17.566666666666666,full,occ,0,0.924,0.075,82.46,22.83,0.040848407681558827,0.4404373786371686,0.4974351354153734
1055,17.583333333333332,full,occ,0,0.924,0.075,83.01,22.72,0.040848407681558827,0.4404373786371686,0.4974351354153734
1056,17.6,full,occ,0,0.924,0.075,83.49,22.62,0.040848407681558827,0.4404373786371686,0.4974351354153734
1057,17.616666666666667,full,occ,0,0.923,0.075,83.26,22.64,0.040848407681558827,0.4404373786371686,0.4974351354153734
1058,17.633333333333333,full,occ,0,0.923,0.075,82.25,22.79,0.040848407681558827,0.4404373786371686,0.4974351354153734
1059,17.65,full,occ,0,0.922,0.075,81.74,22.72,0.040848407681558827,0.4404373786371686,0.4974351354153734
1060,17.666666666666668,full,occ,0,0.923,0.075,83.12,22.25,0.040848407681558827,0.4404373786371686,0.4974351354153734
1061,17.683333333333334,full,occ,0,0.923,0.075,82.71,22.41,0.040848407681558827,0.4404373786371686,0.4974351354153734
1062,17.7,full,occ,0,0.922,0.075,82.04,22.62,0.040848407681558827,0.4404373786371686,0.4974351354153734
1063,17.716666666666665,full,occ,0,0.923,0.075,81.62,22.58,0.040848407681558827,0.4404373786371686,0.4974351354153734
1064,17.733333333333334,full,occ,0,0.923,0.075,82.08,22.46,0.040848407681558827,0.4404373786371686,0.4974351354153734
1065,17.75,full,occ,0,0.923,0.075,83.32,22.33,0.040848407681558827,0.4404373786371686,0.4974351354153734
1066,17.766666666666666,full,occ,0,0.923,0.075,83.6,22.42,0.040848407681558827,0.4404373786371686,0.4974351354153734
1067,17.783333333333335,full,occ,0,0.922,0.075,82.43,22.47,0.040848407681558827,0.4404373786371686,0.4974351354153734
1068,17.8,full,occ,0,0.922,0.075,82.2,22.5,0.040848407681558827,0.4404373786371686,0.4974351354153734
1069,17.816666666666666,full,occ,0,0.923,0.075,82.36,22.38,0.040848407681558827,0.4404373786371686,0.4974351354153734
1070,17.833333333333332,full,occ,0,0.924,0.075,83.25,22.32,0.040848407681558827,0.4404373786371686,0.4974351354153734
1071,17.85,full,occ,0,0.923,0.075,82.25,22.48,0.040848407681558827,0.4404373786371686,0.4974351354153734
1072,17.866666666666667,full,occ,0,0.923,0.075,81.12,22.72,0.040848407681558827,0.4404373786371686,0.4974351354153734
1073,17.883333333333333,full,occ,0,0.922,0.075,80.9,22.69,0.040848407681558827,0.4404373786371686,0.4974351354153734
1074,17.9,full,occ,0,0.923,0.075,83.3,22.38,0.040848407681558827,0.4404373786371686,0.4974351354153734
1075,17.916666666666668,full,occ,0,0.921,0.075,82.84,22.31,0.040848407681558827,0.4404373786371686,0.4974351354153734
1076,17.933333333333334,full,occ,0,0.923,0.075,83.11,22.33,0.040848407681558827,0.4404373786371686,0.4974351354153734
1077,17.95,full,occ,0,0.922,0.075,83.75,22.15,0.040848407681558827,0.4404373786371686,0.4974351354153734
1078,17.966666666666665,full,occ,0,0.922,0.075,83.11,22.29,0.040848407681558827,0.4404373786371686,0.4974351354153734
1079,17.983333333333334,full,occ,0,0.919,0.075,83.76,22.24,0.040848407681558827,0.4404373786371686,0.4974351354153734
1080,18.0,full,occ,0,0.917,0.075,83.85,22.29,0.040848407681558827,0.4404373786371686,0.4974351354153734
1081,18.016666666666666,full,occ,0,0.92,0.075,84.55,22.15,0.040848407681558827,0.4404373786371686,0.4974351354153734
1082,18.033333333333335,full,occ,0,0.922,0.075,83.44,22.36,0.040848407681558827,0.4404373786371686,0.4974351354153734
1083,18.05,full,occ,0,0.921,0.075,83.66,22.43,0.040848407681558827,0.4404373786371686,0.4974351354153734
1084,18.066666666666666,full,occ,0,0.922,0.075,83.49,22.45,0.040848407681558827,0.4404373786371686,0.4974351354153734
1085,18.083333333333332,full,occ,0,0.923,0.075,83.1,22.47,0.040848407681558827,0.4404373786371686,0.4974351354153734
1086,18.1,full,occ,0,0.923,0.075,83.97,22.36,0.040848407681558827,0.4404373786371686,0.4974351354153734
1087,18.116666666666667,occ,occ,1,0.923,0.075,84.2,22.25,0.040848407681558827,0.4404373786371686,0.4974351354153734
1088,18.133333333333333,occ,occ,1,0.923,0.075,84.42,22.27,0.040848407681558827,0.4404373786371686,0.4974351354153734
1089,18.15,occ,occ,1,0.923,0.075,83.06,22.61,0.040848407681558827,0.4404373786371686,0.4974351354153734
1090,18.166666666666668,occ,occ,1,0.923,0.075,84.37,22.65,0.040848407681558827,0.4404373786371686,0.4974351354153734
1091,18.183333333333334,occ,occ,1,0.92,0.075,84.59,22.39,0.040848407681558827,0.4404373786371686,0.4974351354153734
1092,18.2,occ,occ,1,0.92,0.075,85.05,22.38,0.040848407681558827,0.4404373786371686,0.4974351354153734
1093,18.216666666666665,occ,occ,1,0.919,0.075,84.74,22.37,0.040848407681558827,0.4404373786371686,0.4974351354153734
1094,18.233333333333334,occ,occ,1,0.922,0.075,86.14,22.16,0.040848407681558827,0.4404373786371686,0.4974351354153734
1095,18.25,occ,occ,1,0.921,0.075,86.05,22.24,0.040848407681558827,0.4404373786371686,0.4974351354153734
1096,18.266666666666666,occ,occ,1,0.918,0.075,85.05,22.37,0.040848407681558827,0.4404373786371686,0.4974351354153734
1097,18.283333333333335,occ,occ,1,0.921,0.075,84.91,22.35,0.040848407681558827,0.4404373786371686,0.4974351354153734
1098,18.3,occ,occ,1,0.921,0.075,84.75,22.4,0.040848407681558827,0.4404373786371686,0.4974351354153734
1099,18.316666666666666,occ,occ,1,0.918,0.075,85.17,22.5,0.040848407681558827,0.4404373786371686,0.4974351354153734
1100,18.333333333333332,occ,occ,1,0.913,0.075,86.27,22.21,0.040848407681558827,0.4404373786371686,0.4974351354153734
1101,18.35,occ,occ,1,0.915,0.075,84.77,22.31,0.040848407681558827,0.4404373786371686,0.4974351354153734
1102,18.366666666666667,occ,occ,1,0.909,0.075,84.96,22.29,0.040848407681558827,0.4404373786371686,0.4974351354153734
1103,18.383333333333333,occ,occ,1,0.904,0.075,85.57,22.22,0.040848407681558827,0.4404373786371686,0.4974351354153734
1104,18.4,occ,occ,1,0.903,0.075,85.62,22.27,0.040848407681558827,0.4404373786371686,0.4974351354153734
1105,18.416666666666668,occ,occ,1,0.912,0.075,84.12,22.43,0.040848407681558827,0.4404373786371686,0.4974351354153734
1106,18.433333333333334,occ,occ,1,0.915,0.075,85.31,22.27,0.040848407681558827,0.4404373786371686,0.4974351354153734
1107,18.45,occ,occ,1,0.911,0.075,84.87,22.43,0.040848407681558827,0.4404373786371686,0.4974351354153734
1108,18.466666666666665,occ,occ,1,0.915,0.075,85.13,22.4,0.040848407681558827,0.4404373786371686,0.4974351354153734
1109,18.483333333333334,occ,occ,1,0.915,0.075,85.67,22.17,0.040848407681558827,0.4404373786371686,0.4974351354153734
1110,18.5,occ,occ,1,0.913,0.075,85.6,22.23,0.040848407681558827,0.4404373786371686,0.4974351354153734
1111,18.516666666666666,occ,occ,1,0.919,0.075,85.26,22.34,0.040848407681558827,0.4404373786371686,0.4974351354153734
1112,18.533333333333335,occ,occ,1,0.92,0.075,84.95,22.55,0.040848407681558827,0.4404373786371686,0.4974351354153734
1113,18.55,occ,occ,1,0.918,0.075,83.76,22.5,0.040848407681558827,0.4404373786371686,0.4974351354153734
1114,18.566666666666666,occ,occ,1,0.918,0.075,85.06,22.46,0.040848407681558827,0.4404373786371686,0.4974351354153734
1115,18.583333333333332,occ,occ,1,0.911,0.075,84.28,22.41,0.040848407681558827,0.4404373786371686,0.4974351354153734
1116,18.6,occ,occ,1,0.918,0.075,85.0,22.28,0.040848407681558827,0.4404373786371686,0.4974351354153734
1117,18.616666666666667,occ,occ,1,0.911,0.075,83.42,22.46,0.040848407681558827,0.4404373786371686,0.4974351354153734
1118,18.633333333333333,occ,occ,1,0.913,0.075,83.28,22.65,0.040848407681558827,0.4404373786371686,0.4974351354153734
1119,18.65,occ,occ,1,0.918,0.075,84.51,22.45,0.040848407681558827,0.4404373786371686,0.4974351354153734
1120,18.666666666666668,occ,occ,1,0.922,0.075,85.71,22.31,0.040848407681558827,0.4404373786371686,0.4974351354153734
1121,18.683333333333334,occ,occ,1,0.92,0.075,85.73,22.41,0.040848407681558827,0.4404373786371686,0.4974351354153734
1122,18.7,occ,occ,1,0.92,0.075,85.52,22.3,0.040848407681558827,0.4404373786371686,0.4974351354153734
1123,18.716666666666665,occ,occ,1,0.922,0.075,86.63,22.2,0.040848407681558827,0.4404373786371686,0.4974351354153734
1124,18.733333333333334,occ,occ,1,0.919,0.075,86.28,22.19,0.040848407681558827,0.4404373786371686,0.4974351354153734
1125,18.75,occ,occ,1,0.918,0.075,86.88,22.12,0.040848407681558827,0.4404373786371686,0.4974351354153734
1126,18.766666666666666,occ,occ,1,0.917,0.075,87.07,22.08,0.040848407681558827,0.4404373786371686,0.4974351354153734
1127,18.783333333333335,occ,occ,1,0.917,0.075,87.01,21.86,0.040848407681558827,0.4404373786371686,0.4974351354153734
1128,18.8,occ,occ,1,0.918,0.075,87.12,21.87,0.040848407681558827,0.4404373786371686,0.4974351354153734
1129,18.816666666666666,occ,occ,1,0.918,0.075,86.29,21.8,0.040848407681558827,0.4404373786371686,0.4974351354153734
1130,18.833333333333332,occ,occ,1,0.918,0.075,87.41,21.91,0.040848407681558827,0.4404373786371686,0.4974351354153734
1131,18.85,occ,occ,1,0.913,0.075,86.52,21.96,0.040848407681558827,0.4404373786371686,0.4974351354153734
1132,18.866666666666667,occ,occ,1,0.921,0.075,87.64,22.05,0.040848407681558827,0.4404373786371686,0.4974351354153734
1133,18.883333333333333,occ,occ,1,0.918,0.075,87.18,22.14,0.040848407681558827,0.4404373786371686,0.4974351354153734
1134,18.9,occ,occ,1,0.917,0.075,87.44,21.91,0.040848407681558827,0.4404373786371686,0.4974351354153734
1135,18.916666666666668,occ,occ,1,0.912,0.075,87.97,21.89,0.040848407681558827,0.4404373786371686,0.4974351354153734
1136,18.933333333333334,base,occ,0,0.915,0.075,88.17,22.04,0.040848407681558827,0.4404373786371686,0.4974351354153734
1137,18.95,base,occ,0,0.778,0.075,88.08,22.14,0.040848407681558827,0.4404373786371686,0.4974351354153734
1138,18.966666666666665,base,base,1,0.418,0.075,88.89,21.94,0.03836511861261815,0.4104783076208614,0.4990311573055642
1139,18.983333333333334,base,base,1,0.171,0.075,88.05,21.71,0.03836511861261815,0.4104783076208614,0.4990311573055642
1140,19.0,base,base,1,0.098,0.075,88.73,21.92,0.03836511861261815,0.4104783076208614,0.4990311573055642
1141,19.016666666666666,base,base,1,0.082,0.075,89.32,21.85,0.03836511861261815,0.4104783076208614,0.4990311573055642
1142,19.033333333333335,base,base,1,0.08,0.075,89.02,21.77,0.03836511861261815,0.4104783076208614,0.4990311573055642
1143,19.05,base,base,1,0.081,0.075,89.75,21.79,0.03836511861261815,0.4104783076208614,0.4990311573055642
1144,19.066666666666666,base,base,1,0.083,0.075,89.4,21.75,0.03836511861261815,0.4104783076208614,0.4990311573055642
1145,19.083333333333332,base,base,1,0.082,0.075,89.3,21.68,0.03836511861261815,0.4104783076208614,0.4990311573055642
1146,19.1,base,base,1,0.084,0.075,89.64,21.7,0.03836511861261815,0.4104783076208614,0.4990311573055642
1147,19.116666666666667,base,base,1,0.082,0.075,89.13,21.59,0.03836511861261815,0.4104783076208614,0.4990311573055642
1148,19.133333333333333,base,base,1,0.082,0.075,89.83,21.74,0.03836511861261815,0.4104783076208614,0.4990311573055642
1149,19.15,base,base,1,0.08,0.075,89.32,21.56,0.03836511861261815,0.4104783076208614,0.4990311573055642
1150,19.166666666666668,base,base,1,0.081,0.075,88.73,21.41,0.03836511861261815,0.4104783076208614,0.4990311573055642
1151,19.183333333333334,base,base,1,0.084,0.075,88.7,21.5,0.03836511861261815,0.4104783076208614,0.4990311573055642
1152,19.2,base,base,1,0.086,0.075,90.36,21.72,0.03836511861261815,0.4104783076208614,0.4990311573055642
1153,19.216666666666665,base,base,1,0.08,0.075,90.67,21.87,0.03836511861261815,0.4104783076208614,0.4990311573055642
1154,19.233333333333334,base,base,1,0.079,0.075,90.68,21.72,0.03836511861261815,0.4104783076208614,0.4990311573055642
1155,19.25,base,base,1,0.08,0.075,91.99,21.94,0.03836511861261815,0.4104783076208614,0.4990311573055642
1156,19.266666666666666,base,base,1,0.081,0.075,91.31,21.9,0.03836511861261815,0.4104783076208614,0.4990311573055642
1157,19.283333333333335,base,base,1,0.082,0.075,90.07,21.62,0.03836511861261815,0.4104783076208614,0.4990311573055642
1158,19.3,base,base,1,0.084,0.075,90.06,21.61,0.03836511861261815,0.4104783076208614,0.4990311573055642
1159,19.316666666666666,base,base,1,0.083,0.075,90.72,21.6,0.03836511861261815,0.4104783076208614,0.4990311573055642
1160,19.333333333333332,base,base,1,0.086,0.075,91.76,22.02,0.03836511861261815,0.4104783076208614,0.4990311573055642
1161,19.35,base,base,1,0.082,0.075,91.75,22.05,0.03836511861261815,0.4104783076208614,0.4990311573055642
1162,19.366666666666667,base,base,1,0.081,0.075,91.44,21.92,0.03836511861261815,0.4104783076208614,0.4990311573055642
1163,19.383333333333333,base,base,1,0.079,0.075,91.65,21.92,0.03836511861261815,0.4104783076208614,0.4990311573055642
1164,19.4,base,base,1,0.078,0.075,91.37,21.79,0.03836511861261815,0.4104783076208614,0.4990311573055642
1165,19.416666666666668,base,base,1,0.079,0.075,91.94,21.72,0.03836511861261815,0.4104783076208614,0.4990311573055642
1166,19.433333333333334,base,base,1,0.078,0.075,91.59,21.76,0.03836511861261815,0.4104783076208614,0.4990311573055642
1167,19.45,base,base,1,0.079,0.075,91.46,21.58,0.03836511861261815,0.4104783076208614,0.4990311573055642
1168,19.466666666666665,base,base,1,0.081,0.075,91.61,21.6,0.03836511861261815,0.4104783076208614,0.4990311573055642
1169,19.483333333333334,base,base,1,0.081,0.075,92.21,21.79,0.03836511861261815,0.4104783076208614,0.4990311573055642
1170,19.5,base,base,1,0.081,0.075,91.83,21.66,0.03836511861261815,0.4104783076208614,0.4990311573055642
1171,19.516666666666666,base,base,1,0.084,0.075,91.52,21.57,0.03836511861261815,0.4104783076208614,0.4990311573055642
1172,19.533333333333335,base,base,1,0.085,0.075,92.04,21.57,0.03836511861261815,0.4104783076208614,0.4990311573055642
1173,19.55,base,base,1,0.089,0.075,91.96,21.61,0.03836511861261815,0.4104783076208614,0.4990311573055642
1174,19.566666666666666,base,base,1,0.089,0.075,91.56,21.61,0.03836511861261815,0.4104783076208614,0.4990311573055642
1175,19.583333333333332,base,base,1,0.087,0.075,92.56,21.79,0.03836511861261815,0.4104783076208614,0.4990311573055642
1176,19.6,base,base,1,0.083,0.075,92.13,21.58,0.03836511861261815,0.4104783076208614,0.4990311573055642
1177,19.616666666666667,base,base,1,0.087,0.075,92.89,21.64,0.03836511861261815,0.4104783076208614,0.4990311573055642
1178,19.633333333333333,base,base,1,0.095,0.075,92.94,21.74,0.03836511861261815,0.4104783076208614,0.4990311573055642
1179,19.65,base,base,1,0.085,0.075,93.85,21.96,0.03836511861261815,0.4104783076208614,0.4990311573055642
1180,19.666666666666668,base,base,1,0.085,0.075,92.8,21.83,0.03836511861261815,0.4104783076208614,0.4990311573055642
1181,19.683333333333334,base,base,1,0.081,0.075,93.13,21.71,0.03836511861261815,0.4104783076208614,0.4990311573055642
1182,19.7,base,base,1,0.081,0.075,91.81,21.48,0.03836511861261815,0.4104783076208614,0.4990311573055642
1183,19.716666666666665,base,base,1,0.085,0.075,91.41,21.4,0.03836511861261815,0.4104783076208614,0.4990311573055642
1184,19.733333333333334,base,base,1,0.083,0.075,92.26,21.55,0.03836511861261815,0.4104783076208614,0.4990311573055642
1185,19.75,base,base,1,0.085,0.075,92.54,21.59,0.03836511861261815,0.4104783076208614,0.4990311573055642
1186,19.766666666666666,base,base,1,0.086,0.075,91.38,21.53,0.03836511861261815,0.4104783076208614,0.4990311573055642
1187,19.783333333333335,base,base,1,0.082,0.075,91.84,21.44,0.03836511861261815,0.4104783076208614,0.4990311573055642
1188,19.8,base,base,1,0.081,0.075,93.0,21.73,0.03836511861261815,0.4104783076208614,0.4990311573055642
1189,19.816666666666666,base,base,1,0.079,0.075,92.0,21.57,0.03836511861261815,0.4104783076208614,0.4990311573055642
1190,19.833333333333332,base,base,1,0.08,0.075,92.39,21.77,0.03836511861261815,0.4104783076208614,0.4990311573055642
1191,19.85,base,base,1,0.079,0.075,93.41,21.79,0.03836511861261815,0.4104783076208614,0.4990311573055642
1192,19.866666666666667,base,base,1,0.08,0.075,92.33,21.73,0.03836511861261815,0.4104783076208614,0.4990311573055642
1193,19.883333333333333,base,base,1,0.081,0.075,92.56,21.69,0.03836511861261815,0.4104783076208614,0.4990311573055642
1194,19.9,base,base,1,0.081,0.075,92.31,21.69,0.03836511861261815,0.4104783076208614,0.4990311573055642
1195,19.916666666666668,base,base,1,0.08,0.075,92.12,21.53,0.03836511861261815,0.4104783076208614,0.4990311573055642
1196,19.933333333333334,base,base,1,0.082,0.075,91.43,21.44,0.03836511861261815,0.4104783076208614,0.4990311573055642
1197,19.95,base,base,1,0.08,0.075,92.34,21.54,0.03836511861261815,0.4104783076208614,0.4990311573055642
1198,19.966666666666665,base,base,1,0.082,0.075,92.88,21.66,0.03836511861261815,0.4104783076208614,0.4990311573055642
1199,19.983333333333334,base,base,1,0.079,0.075,92.9,21.67,0.03836511861261815,0.4104783076208614,0.4990311573055642
1200,20.0,base,base,1,0.08,0.075,93.25,21.86,0.03836511861261815,0.4104783076208614,0.4990311573055642
1201,20.016666666666666,base,base,1,0.079,0.075,92.3,21.66,0.03836511861261815,0.4104783076208614,0.4990311573055642
1202,20.033333333333335,base,base,1,0.081,0.075,92.31,21.6,0.03836511861261815,0.4104783076208614,0.4990311573055642
1203,20.05,base,base,1,0.083,0.075,92.25,21.48,0.03836511861261815,0.4104783076208614,0.4990311573055642
1204,20.066666666666666,base,base,1,0.082,0.075,91.97,21.46,0.03836511861261815,0.4104783076208614,0.4990311573055642
1205,20.083333333333332,base,base,1,0.084,0.075,91.91,21.37,0.03836511861261815,0.4104783076208614,0.4990311573055642
1206,20.1,base,base,1,0.086,0.075,92.12,21.48,0.03836511861261815,0.4104783076208614,0.4990311573055642
1207,20.116666666666667,base,base,1,0.081,0.075,91.79,21.49,0.03836511861261815,0.4104783076208614,0.4990311573055642
1208,20.133333333333333,base,base,1,0.081,0.075,91.75,21.38,0.03836511861261815,0.4104783076208614,0.4990311573055642
1209,20.15,base,base,1,0.084,0.075,91.19,21.4,0.03836511861261815,0.4104783076208614,0.4990311573055642
1210,20.166666666666668,base,base,1,0.082,0.075,92.03,21.58,0.03836511861261815,0.4104783076208614,0.4990311573055642
1211,20.183333333333334,base,base,1,0.083,0.075,91.8,21.46,0.03836511861261815,0.4104783076208614,0.4990311573055642
1212,20.2,base,base,1,0.082,0.075,92.67,21.72,0.03836511861261815,0.4104783076208614,0.4990311573055642
1213,20.216666666666665,base,base,1,0.082,0.075,93.0,21.66,0.03836511861261815,0.4104783076208614,0.4990311573055642
1214,20.233333333333334,base,base,1,0.083,0.075,93.42,21.81,0.03836511861261815,0.4104783076208614,0.4990311573055642
1215,20.25,base,base,1,0.084,0.075,92.89,21.61,0.03836511861261815,0.4104783076208614,0.4990311573055642
1216,20.266666666666666,base,base,1,0.086,0.075,92.02,21.43,0.03836511861261815,0.4104783076208614,0.4990311573055642
1217,20.283333333333335,base,base,1,0.085,0.075,91.21,21.24,0.03836511861261815,0.4104783076208614,0.4990311573055642
1218,20.3,base,base,1,0.083,0.075,91.97,21.41,0.03836511861261815,0.4104783076208614,0.4990311573055642
1219,20.316666666666666,base,base,1,0.085,0.075,92.86,21.55,0.03836511861261815,0.4104783076208614,0.4990311573055642
1220,20.333333333333332,base,base,1,0.085,0.075,92.33,21.53,0.03836511861261815,0.4104783076208614,0.4990311573055642
1221,20.35,base,base,1,0.084,0.075,92.68,21.59,0.03836511861261815,0.4104783076208614,0.4990311573055642
1222,20.366666666666667,base,base,1,0.084,0.075,92.39,21.45,0.03836511861261815,0.4104783076208614,0.4990311573055642
1223,20.383333333333333,base,base,1,0.083,0.075,91.99,21.43,0.03836511861261815,0.4104783076208614,0.4990311573055642
1224,20.4,base,base,1,0.083,0.075,91.02,21.13,0.03836511861261815,0.4104783076208614,0.4990311573055642
1225,20.416666666666668,base,base,1,0.083,0.075,92.0,21.39,0.03836511861261815,0.4104783076208614,0.4990311573055642
1226,20.433333333333334,base,base,1,0.089,0.075,92.12,21.47,0.03836511861261815,0.4104783076208614,0.4990311573055642
1227,20.45,base,base,1,0.086,0.075,93.37,21.81,0.03836511861261815,0.4104783076208614,0.4990311573055642
1228,20.466666666666665,base,base,1,0.083,0.075,92.84,21.7,0.03836511861261815,0.4104783076208614,0.4990311573055642
1229,20.483333333333334,base,base,1,0.086,0.075,92.45,21.61,0.03836511861261815,0.4104783076208614,0.4990311573055642
1230,20.5,base,base,1,0.084,0.075,93.14,21.74,0.03836511861261815,0.4104783076208614,0.4990311573055642
1231,20.516666666666666,base,base,1,0.088,0.075,93.4,21.75,0.03836511861261815,0.4104783076208614,0.4990311573055642
1232,20.533333333333335,base,base,1,0.084,0.075,92.75,21.55,0.03836511861261815,0.4104783076208614,0.4990311573055642
1233,20.55,base,base,1,0.086,0.075,92.29,21.42,0.03836511861261815,0.4104783076208614,0.4990311573055642
1234,20.566666666666666,base,base,1,0.09,0.075,91.48,21.27,0.03836511861261815,0.4104783076208614,0.4990311573055642
1235,20.583333333333332,base,base,1,0.089,0.075,92.66,21.44,0.03836511861261815,0.4104783076208614,0.4990311573055642
1236,20.6,base,base,1,0.084,0.075,92.72,21.59,0.03836511861261815,0.4104783076208614,0.4990311573055642
1237,20.616666666666667,base,base,1,0.084,0.075,92.87,21.71,0.03836511861261815,0.4104783076208614,0.4990311573055642
1238,20.633333333333333,base,base,1,0.083,0.075,92.53,21.56,0.03836511861261815,0.4104783076208614,0.4990311573055642
1239,20.65,base,base,1,0.082,0.075,92.28,21.49,0.03836511861261815,0.4104783076208614,0.4990311573055642
1240,20.666666666666668,base,base,1,0.083,0.075,93.73,21.83,0.03836511861261815,0.4104783076208614,0.4990311573055642
1241,20.683333333333334,base,base,1,0.09,0.075,93.73,21.75,0.03836511861261815,0.4104783076208614,0.4990311573055642
1242,20.7,base,base,1,0.091,0.075,93.6,21.8,0.03836511861261815,0.4104783076208614,0.4990311573055642
1243,20.716666666666665,base,base,1,0.086,0.075,92.49,21.62,0.03836511861261815,0.4104783076208614,0.4990311573055642
1244,20.733333333333334,base,base,1,0.092,0.075,93.29,21.68,0.03836511861261815,0.4104783076208614,0.4990311573055642
1245,20.75,base,base,1,0.091,0.075,92.92,21.66,0.03836511861261815,0.4104783076208614,0.4990311573055642
1246,20.766666666666666,base,base,1,0.084,0.075,92.29,21.46,0.03836511861261815,0.4104783076208614,0.4990311573055642
1247,20.783333333333335,base,base,1,0.083,0.076,91.1,21.28,0.03836511861261815,0.4104783076208614,0.4990311573055642
1248,20.8,base,base,1,0.083,0.076,92.11,21.37,0.03836511861261815,0.4104783076208614,0.4990311573055642
1249,20.816666666666666,base,base,1,0.083,0.076,92.93,21.64,0.03836511861261815,0.4104783076208614,0.4990311573055642
1250,20.833333333333332,base,base,1,0.086,0.075,94.06,21.82,0.03836511861261815,0.4104783076208614,0.4990311573055642
1251,20.85,base,base,1,0.098,0.075,92.27,21.5,0.03836511861261815,0.4104783076208614,0.4990311573055642
1252,20.866666666666667,base,base,1,0.089,0.076,92.68,21.53,0.03836511861261815,0.4104783076208614,0.4990311573055642
1253,20.883333333333333,base,base,1,0.097,0.076,92.78,21.73,0.03836511861261815,0.4104783076208614,0.4990311573055642
1254,20.9,base,base,1,0.098,0.076,92.46,21.52,0.03836511861261815,0.4104783076208614,0.4990311573055642
1255,20.916666666666668,base,base,1,0.095,0.076,92.78,21.55,0.03836511861261815,0.4104783076208614,0.4990311573055642
1256,20.933333333333334,base,base,1,0.099,0.076,91.96,21.41,0.03836511861261815,0.4104783076208614,0.4990311573055642
1257,20.95,base,base,1,0.102,0.077,92.67,21.46,0.03836511861261815,0.4104783076208614,0.4990311573055642
1258,20.966666666666665,base,base,1,0.097,0.077,92.26,21.43,0.03836511861261815,0.4104783076208614,0.4990311573055642
1259,20.983333333333334,base,base,1,0.099,0.078,91.04,21.1,0.03836511861261815,0.4104783076208614,0.4990311573055642
1260,21.0,base,base,1,0.091,0.081,92.97,21.51,0.03836511861261815,0.4104783076208614,0.4990311573055642
1261,21.016666666666666,base,base,1,0.093,0.08,92.71,21.48,0.03836511861261815,0.4104783076208614,0.4990311573055642
1262,21.033333333333335,base,base,1,0.098,0.08,92.77,21.45,0.03836511861261815,0.4104783076208614,0.4990311573055642
1263,21.05,base,base,1,0.099,0.084,93.16,21.65,0.03836511861261815,0.4104783076208614,0.4990311573055642
1264,21.066666666666666,base,base,1,0.102,0.081,93.3,21.69,0.03836511861261815,0.4104783076208614,0.4990311573055642
1265,21.083333333333332,base,base,1,0.095,0.084,93.77,21.69,0.03836511861261815,0.4104783076208614,0.4990311573055642
1266,21.1,base,base,1,0.097,0.09,92.24,21.59,0.03836511861261815,0.4104783076208614,0.4990311573055642
1267,21.116666666666667,base,base,1,0.098,0.087,92.8,21.46,0.03836511861261815,0.4104783076208614,0.4990311573055642
1268,21.133333333333333,base,base,1,0.096,0.115,92.91,21.51,0.03836511861261815,0.4104783076208614,0.4990311573055642
1269,21.15,base,base,1,0.101,0.133,92.89,21.47,0.03836511861261815,0.4104783076208614,0.4990311573055642
1270,21.166666666666668,base,base,1,0.101,0.172,92.29,21.31,0.03836511861261815,0.4104783076208614,0.4990311573055642
1271,21.183333333333334,base,base,1,0.095,0.29,92.88,21.54,0.03836511861261815,0.4104783076208614,0.4990311573055642
1272,21.2,base,base,1,0.085,0.471,93.56,21.65,0.03836511861261815,0.4104783076208614,0.4990311573055642
1273,21.216666666666665,base,win,0,0.083,0.582,92.45,21.44,0.034747113215071186,0.3693817497054488,0.4758360887540544
1274,21.233333333333334,base,win,0,0.083,0.689,92.67,21.53,0.034747113215071186,0.3693817497054488,0.4758360887540544
1275,21.25,base,win,0,0.084,0.725,92.36,21.43,0.034747113215071186,0.3693817497054488,0.4758360887540544
1276,21.266666666666666,base,win,0,0.086,0.731,92.73,21.56,0.034747113215071186,0.3693817497054488,0.4758360887540544
1277,21.283333333333335,base,win,0,0.103,0.597,93.12,21.66,0.034747113215071186,0.3693817497054488,0.4758360887540544
1278,21.3,base,base,1,0.107,0.42,92.43,21.5,0.03836511861261815,0.4104783076208614,0.4990311573055642
1279,21.316666666666666,base,base,1,0.112,0.244,92.82,21.59,0.03836511861261815,0.4104783076208614,0.4990311573055642
1280,21.333333333333332,base,base,1,0.106,0.127,93.24,21.77,0.03836511861261815,0.4104783076208614,0.4990311573055642
1281,21.35,base,base,1,0.11,0.09,93.53,21.76,0.03836511861261815,0.4104783076208614,0.4990311573055642
1282,21.366666666666667,base,base,1,0.105,0.085,93.6,21.82,0.03836511861261815,0.4104783076208614,0.4990311573055642
1283,21.383333333333333,base,base,1,0.106,0.08,92.88,21.76,0.03836511861261815,0.4104783076208614,0.4990311573055642
1284,21.4,base,base,1,0.1,0.079,93.41,21.8,0.03836511861261815,0.4104783076208614,0.4990311573055642
1285,21.416666666666668,base,base,1,0.094,0.079,93.77,21.8,0.03836511861261815,0.4104783076208614,0.4990311573055642
1286,21.433333333333334,base,base,1,0.095,0.078,92.86,21.51,0.03836511861261815,0.4104783076208614,0.4990311573055642
1287,21.45,base,base,1,0.097,0.078,92.95,21.72,0.03836511861261815,0.4104783076208614,0.4990311573055642
1288,21.466666666666665,base,base,1,0.104,0.078,94.09,21.87,0.03836511861261815,0.4104783076208614,0.4990311573055642
1289,21.483333333333334,base,base,1,0.096,0.077,92.93,21.69,0.03836511861261815,0.4104783076208614,0.4990311573055642
1290,21.5,base,base,1,0.098,0.078,93.36,21.69,0.03836511861261815,0.4104783076208614,0.4990311573055642
1291,21.516666666666666,base,base,1,0.101,0.078,93.5,21.79,0.03836511861261815,0.4104783076208614,0.4990311573055642
1292,21.533333333333335,base,base,1,0.091,0.077,93.83,21.84,0.03836511861261815,0.4104783076208614,0.4990311573055642
1293,21.55,base,base,1,0.087,0.077,93.39,21.69,0.03836511861261815,0.4104783076208614,0.4990311573055642
1294,21.566666666666666,base,base,1,0.098,0.077,93.54,21.86,0.03836511861261815,0.4104783076208614,0.4990311573055642
1295,21.583333333333332,base,base,1,0.092,0.077,92.9,21.64,0.03836511861261815,0.4104783076208614,0.4990311573055642
1296,21.6,base,base,1,0.106,0.077,92.94,21.69,0.03836511861261815,0.4104783076208614,0.4990311573055642
1297,21.616666666666667,base,base,1,0.099,0.077,94.27,21.83,0.03836511861261815,0.4104783076208614,0.4990311573055642
1298,21.633333333333333,base,base,1,0.1,0.077,94.74,21.97,0.03836511861261815,0.4104783076208614,0.4990311573055642
1299,21.65,base,base,1,0.102,0.077,94.01,21.99,0.03836511861261815,0.4104783076208614,0.4990311573055642
1300,21.666666666666668,base,base,1,0.102,0.077,93.57,22.08,0.03836511861261815,0.4104783076208614,0.4990311573055642
1301,21.683333333333334,base,base,1,0.104,0.077,93.36,21.59,0.03836511861261815,0.4104783076208614,0.4990311573055642
1302,21.7,base,base,1,0.1,0.076,93.84,21.68,0.03836511861261815,0.4104783076208614,0.4990311573055642
1303,21.716666666666665,base,base,1,0.1,0.076,92.91,21.63,0.03836511861261815,0.4104783076208614,0.4990311573055642
1304,21.733333333333334,base,base,1,0.113,0.077,93.14,21.52,0.03836511861261815,0.4104783076208614,0.4990311573055642
1305,21.75,base,base,1,0.103,0.076,94.04,21.65,0.03836511861261815,0.4104783076208614,0.4990311573055642
1306,21.766666666666666,base,base,1,0.101,0.076,93.2,21.63,0.03836511861261815,0.4104783076208614,0.4990311573055642
1307,21.783333333333335,base,base,1,0.106,0.076,94.55,21.67,0.03836511861261815,0.4104783076208614,0.4990311573055642
1308,21.8,base,base,1,0.096,0.076,93.71,21.68,0.03836511861261815,0.4104783076208614,0.4990311573055642
1309,21.816666666666666,base,base,1,0.092,0.076,94.67,21.88,0.03836511861261815,0.4104783076208614,0.4990311573055642
1310,21.833333333333332,base,base,1,0.094,0.076,94.52,22.03,0.03836511861261815,0.4104783076208614,0.4990311573055642
1311,21.85,base,base,1,0.108,0.076,94.35,21.8,0.03836511861261815,0.4104783076208614,0.4990311573055642
1312,21.866666666666667,base,base,1,0.095,0.076,93.51,21.52,0.03836511861261815,0.4104783076208614,0.4990311573055642
1313,21.883333333333333,base,base,1,0.095,0.076,92.53,21.39,0.03836511861261815,0.4104783076208614,0.4990311573055642
1314,21.9,base,base,1,0.093,0.076,92.17,21.22,0.03836511861261815,0.4104783076208614,0.4990311573055642
1315,21.916666666666668,base,base,1,0.092,0.076,92.87,21.46,0.03836511861261815,0.4104783076208614,0.4990311573055642
1316,21.933333333333334,base,base,1,0.089,0.076,92.14,21.19,0.03836511861261815,0.4104783076208614,0.4990311573055642
1317,21.95,base,base,1,0.089,0.076,92.31,21.09,0.03836511861261815,0.4104783076208614,0.4990311573055642
1318,21.966666666666665,base,base,1,0.088,0.076,93.67,21.25,0.03836511861261815,0.4104783076208614,0.4990311573055642
1319,21.983333333333334,base,base,1,0.086,0.076,92.47,21.4,0.03836511861261815,0.4104783076208614,0.4990311573055642
1320,22.0,base,base,1,0.084,0.075,93.03,21.43,0.03836511861261815,0.4104783076208614,0.4990311573055642
1321,22.016666666666666,base,base,1,0.085,0.075,93.48,21.53,0.03836511861261815,0.4104783076208614,0.4990311573055642
1322,22.033333333333335,base,base,1,0.089,0.075,94.26,21.63,0.03836511861261815,0.4104783076208614,0.4990311573055642
1323,22.05,base,base,1,0.091,0.075,93.43,21.57,0.03836511861261815,0.4104783076208614,0.4990311573055642
1324,22.066666666666666,base,base,1,0.094,0.075,92.7,21.45,0.03836511861261815,0.4104783076208614,0.4990311573055642
1325,22.083333333333332,base,base,1,0.107,0.076,92.86,21.49,0.03836511861261815,0.4104783076208614,0.4990311573055642
1326,22.1,base,base,1,0.101,0.076,92.24,21.46,0.03836511861261815,0.4104783076208614,0.4990311573055642
1327,22.116666666666667,base,base,1,0.093,0.076,92.66,21.58,0.03836511861261815,0.4104783076208614,0.4990311573055642
1328,22.133333333333333,base,base,1,0.094,0.076,92.61,21.54,0.03836511861261815,0.4104783076208614,0.4990311573055642
1329,22.15,base,base,1,0.085,0.076,92.24,21.52,0.03836511861261815,0.4104783076208614,0.4990311573055642
1330,22.166666666666668,base,base,1,0.084,0.076,92.14,21.49,0.03836511861261815,0.4104783076208614,0.4990311573055642
1331,22.183333333333334,base,base,1,0.085,0.076,92.55,21.56,0.03836511861261815,0.4104783076208614,0.4990311573055642
1332,22.2,base,base,1,0.084,0.076,92.15,21.47,0.03836511861261815,0.4104783076208614,0.4990311573055642
1333,22.216666666666665,base,base,1,0.088,0.076,92.76,21.64,0.03836511861261815,0.4104783076208614,0.4990311573055642
1334,22.233333333333334,base,base,1,0.082,0.076,93.09,21.76,0.03836511861261815,0.4104783076208614,0.4990311573055642
1335,22.25,base,base,1,0.085,0.076,91.91,21.62,0.03836511861261815,0.4104783076208614,0.4990311573055642
1336,22.266666666666666,base,base,1,0.082,0.076,92.53,21.49,0.03836511861261815,0.4104783076208614,0.4990311573055642
1337,22.283333333333335,base,base,1,0.082,0.076,92.42,21.63,0.03836511861261815,0.4104783076208614,0.4990311573055642
1338,22.3,base,base,1,0.081,0.076,92.17,21.63,0.03836511861261815,0.4104783076208614,0.4990311573055642
1339,22.316666666666666,base,base,1,0.081,0.077,92.34,21.7,0.03836511861261815,0.4104783076208614,0.4990311573055642
1340,22.333333333333332,base,base,1,0.081,0.076,93.35,21.92,0.03836511861261815,0.4104783076208614,0.4990311573055642
1341,22.35,base,base,1,0.083,0.076,94.27,22.01,0.03836511861261815,0.4104783076208614,0.4990311573055642
1342,22.366666666666667,base,base,1,0.091,0.076,93.04,21.75,0.03836511861261815,0.4104783076208614,0.4990311573055642
1343,22.383333333333333,base,base,1,0.088,0.076,93.48,21.78,0.03836511861261815,0.4104783076208614,0.4990311573055642
1344,22.4,base,base,1,0.093,0.076,93.14,21.94,0.03836511861261815,0.4104783076208614,0.4990311573055642
1345,22.416666666666668,base,base,1,0.087,0.076,93.25,21.84,0.03836511861261815,0.4104783076208614,0.4990311573055642
1346,22.433333333333334,base,base,1,0.089,0.076,93.69,21.92,0.03836511861261815,0.4104783076208614,0.4990311573055642
1347,22.45,base,base,1,0.105,0.076,93.02,21.6,0.03836511861261815,0.4104783076208614,0.4990311573055642
1348,22.466666666666665,base,base,1,0.105,0.075,92.6,21.54,0.03836511861261815,0.4104783076208614,0.4990311573055642
1349,22.483333333333334,base,base,1,0.124,0.075,93.62,21.65,0.03836511861261815,0.4104783076208614,0.4990311573055642
1350,22.5,base,base,1,0.125,0.075,92.72,21.65,0.03836511861261815,0.4104783076208614,0.4990311573055642
1351,22.516666666666666,base,base,1,0.118,0.075,93.16,21.67,0.03836511861261815,0.4104783076208614,0.4990311573055642
1352,22.533333333333335,base,base,1,0.112,0.075,92.39,21.78,0.03836511861261815,0.4104783076208614,0.4990311573055642
1353,22.55,base,base,1,0.096,0.075,94.15,22.06,0.03836511861261815,0.4104783076208614,0.4990311573055642
1354,22.566666666666666,base,base,1,0.114,0.075,94.55,22.07,0.03836511861261815,0.4104783076208614,0.4990311573055642
1355,22.583333333333332,base,base,1,0.117,0.075,94.79,21.87,0.03836511861261815,0.4104783076208614,0.4990311573055642
1356,22.6,base,base,1,0.109,0.075,94.11,21.94,0.03836511861261815,0.4104783076208614,0.4990311573055642
1357,22.616666666666667,base,base,1,0.115,0.075,93.89,22.09,0.03836511861261815,0.4104783076208614,0.4990311573055642
1358,22.633333333333333,base,base,1,0.134,0.076,93.94,21.94,0.03836511861261815,0.4104783076208614,0.4990311573055642
1359,22.65,base,base,1,0.115,0.075,94.06,22.02,0.03836511861261815,0.4104783076208614,0.4990311573055642
1360,22.666666666666668,base,base,1,0.114,0.075,93.81,22.14,0.03836511861261815,0.4104783076208614,0.4990311573055642
1361,22.683333333333334,base,base,1,0.115,0.075,93.19,22.14,0.03836511861261815,0.4104783076208614,0.4990311573055642
1362,22.7,base,base,1,0.145,0.075,94.27,22.01,0.03836511861261815,0.4104783076208614,0.4990311573055642
1363,22.716666666666665,base,base,1,0.137,0.075,94.18,22.11,0.03836511861261815,0.4104783076208614,0.4990311573055642
1364,22.733333333333334,base,base,1,0.163,0.075,93.71,22.16,0.03836511861261815,0.4104783076208614,0.4990311573055642
1365,22.75,base,base,1,0.148,0.075,93.79,22.03,0.03836511861261815,0.4104783076208614,0.4990311573055642
1366,22.766666666666666,base,base,1,0.145,0.075,94.3,22.04,0.03836511861261815,0.4104783076208614,0.4990311573055642
1367,22.783333333333335,base,base,1,0.14,0.075,93.93,22.03,0.03836511861261815,0.4104783076208614,0.4990311573055642
1368,22.8,base,base,1,0.125,0.075,92.73,22.11,0.03836511861261815,0.4104783076208614,0.4990311573055642
1369,22.816666666666666,base,base,1,0.114,0.075,93.8,22.13,0.03836511861261815,0.4104783076208614,0.4990311573055642
1370,22.833333333333332,base,base,1,0.111,0.075,93.42,22.27,0.03836511861261815,0.4104783076208614,0.4990311573055642
1371,22.85,base,base,1,0.116,0.075,93.94,22.04,0.03836511861261815,0.4104783076208614,0.4990311573055642
1372,22.866666666666667,base,base,1,0.107,0.075,93.63,22.03,0.03836511861261815,0.4104783076208614,0.4990311573055642
1373,22.883333333333333,base,base,1,0.104,0.075,93.25,21.94,0.03836511861261815,0.4104783076208614,0.4990311573055642
1374,22.9,base,base,1,0.097,0.075,94.01,21.89,0.03836511861261815,0.4104783076208614,0.4990311573055642
1375,22.916666666666668,base,base,1,0.103,0.075,93.87,22.0,0.03836511861261815,0.4104783076208614,0.4990311573055642
1376,22.933333333333334,base,base,1,0.099,0.075,93.22,21.69,0.03836511861261815,0.4104783076208614,0.4990311573055642
1377,22.95,base,base,1,0.098,0.075,93.58,21.72,0.03836511861261815,0.4104783076208614,0.4990311573055642
1378,22.966666666666665,base,base,1,0.095,0.075,93.33,21.71,0.03836511861261815,0.4104783076208614,0.4990311573055642
1379,22.983333333333334,base,base,1,0.091,0.075,92.02,21.59,0.03836511861261815,0.4104783076208614,0.4990311573055642
1380,23.0,base,base,1,0.086,0.075,93.73,21.81,0.03836511861261815,0.4104783076208614,0.4990311573055642
1381,23.016666666666666,base,base,1,0.095,0.075,92.46,21.57,0.03836511861261815,0.4104783076208614,0.4990311573055642
1382,23.033333333333335,base,base,1,0.089,0.075,93.17,21.55,0.03836511861261815,0.4104783076208614,0.4990311573055642
1383,23.05,base,base,1,0.085,0.075,93.95,21.86,0.03836511861261815,0.4104783076208614,0.4990311573055642
1384,23.066666666666666,base,base,1,0.084,0.075,93.6,21.87,0.03836511861261815,0.4104783076208614,0.4990311573055642
1385,23.083333333333332,base,base,1,0.085,0.075,94.06,21.92,0.03836511861261815,0.4104783076208614,0.4990311573055642
1386,23.1,base,base,1,0.09,0.075,93.87,21.88,0.03836511861261815,0.4104783076208614,0.4990311573055642
1387,23.116666666666667,base,base,1,0.09,0.075,93.64,21.88,0.03836511861261815,0.4104783076208614,0.4990311573055642
1388,23.133333333333333,base,base,1,0.087,0.075,94.02,21.89,0.03836511861261815,0.4104783076208614,0.4990311573055642
1389,23.15,base,base,1,0.086,0.075,93.24,21.92,0.03836511861261815,0.4104783076208614,0.4990311573055642
1390,23.166666666666668,base,base,1,0.082,0.075,93.63,21.83,0.03836511861261815,0.4104783076208614,0.4990311573055642
1391,23.183333333333334,base,base,1,0.083,0.075,93.36,21.87,0.03836511861261815,0.4104783076208614,0.4990311573055642
1392,23.2,base,base,1,0.084,0.075,93.59,22.08,0.03836511861261815,0.4104783076208614,0.4990311573055642
1393,23.216666666666665,base,base,1,0.088,0.075,93.75,22.15,0.03836511861261815,0.4104783076208614,0.4990311573055642
1394,23.233333333333334,base,base,1,0.116,0.075,93.4,22.2,0.03836511861261815,0.4104783076208614,0.4990311573055642
1395,23.25,base,base,1,0.143,0.075,93.13,22.21,0.03836511861261815,0.4104783076208614,0.4990311573055642
1396,23.266666666666666,base,base,1,0.138,0.075,94.06,22.15,0.03836511861261815,0.4104783076208614,0.4990311573055642
1397,23.283333333333335,base,base,1,0.136,0.075,94.34,22.06,0.03836511861261815,0.4104783076208614,0.4990311573055642
1398,23.3,base,base,1,0.128,0.075,95.22,21.93,0.03836511861261815,0.4104783076208614,0.4990311573055642
1399,23.316666666666666,base,base,1,0.124,0.075,94.26,21.75,0.03836511861261815,0.4104783076208614,0.4990311573055642
1400,23.333333333333332,base,base,1,0.106,0.075,94.84,21.74,0.03836511861261815,0.4104783076208614,0.4990311573055642
1401,23.35,base,base,1,0.095,0.075,94.42,21.8,0.03836511861261815,0.4104783076208614,0.4990311573055642
1402,23.366666666666667,base,base,1,0.093,0.075,94.85,22.04,0.03836511861261815,0.4104783076208614,0.4990311573055642
1403,23.383333333333333,base,base,1,0.095,0.075,93.81,21.78,0.03836511861261815,0.4104783076208614,0.4990311573055642
1404,23.4,base,base,1,0.103,0.075,94.14,21.75,0.03836511861261815,0.4104783076208614,0.4990311573055642
1405,23.416666666666668,base,base,1,0.109,0.075,93.3,21.68,0.03836511861261815,0.4104783076208614,0.4990311573055642
1406,23.433333333333334,base,base,1,0.098,0.075,93.01,21.68,0.03836511861261815,0.4104783076208614,0.4990311573055642
1407,23.45,base,base,1,0.093,0.075,92.67,21.57,0.03836511861261815,0.4104783076208614,0.4990311573055642
1408,23.466666666666665,base,base,1,0.092,0.075,92.83,21.66,0.03836511861261815,0.4104783076208614,0.4990311573055642
1409,23.483333333333334,base,base,1,0.092,0.075,94.46,21.75,0.03836511861261815,0.4104783076208614,0.4990311573055642
1410,23.5,base,base,1,0.091,0.075,93.57,21.63,0.03836511861261815,0.4104783076208614,0.4990311573055642
1411,23.516666666666666,base,base,1,0.087,0.075,93.12,21.65,0.03836511861261815,0.4104783076208614,0.4990311573055642
1412,23.533333333333335,base,base,1,0.086,0.075,94.23,21.81,0.03836511861261815,0.4104783076208614,0.4990311573055642
1413,23.55,base,base,1,0.087,0.075,93.88,21.85,0.03836511861261815,0.4104783076208614,0.4990311573055642
1414,23.566666666666666,base,base,1,0.085,0.075,94.32,21.8,0.03836511861261815,0.4104783076208614,0.4990311573055642
1415,23.583333333333332,base,base,1,0.086,0.075,93.64,21.82,0.03836511861261815,0.4104783076208614,0.4990311573055642
1416,23.6,base,base,1,0.091,0.075,93.91,21.7,0.03836511861261815,0.4104783076208614,0.4990311573055642
1417,23.616666666666667,base,base,1,0.083,0.075,94.01,21.72,0.03836511861261815,0.4104783076208614,0.4990311573055642
1418,23.633333333333333,base,base,1,0.081,0.075,94.78,21.76,0.03836511861261815,0.4104783076208614,0.4990311573055642
1419,23.65,base,base,1,0.08,0.075,93.5,21.7,0.03836511861261815,0.4104783076208614,0.4990311573055642
1420,23.666666666666668,base,base,1,0.081,0.075,95.15,21.92,0.03836511861261815,0.4104783076208614,0.4990311573055642
1421,23.683333333333334,base,base,1,0.083,0.075,94.62,21.8,0.03836511861261815,0.4104783076208614,0.4990311573055642
1422,23.7,base,base,1,0.082,0.075,94.43,21.67,0.03836511861261815,0.4104783076208614,0.4990311573055642
1423,23.716666666666665,base,base,1,0.083,0.075,95.22,21.87,0.03836511861261815,0.4104783076208614,0.4990311573055642
1424,23.733333333333334,base,base,1,0.083,0.075,95.34,21.9,0.03836511861261815,0.4104783076208614,0.4990311573055642
1425,23.75,base,base,1,0.08,0.075,94.63,22.17,0.03836511861261815,0.4104783076208614,0.4990311573055642
1426,23.766666666666666,base,base,1,0.085,0.075,94.34,21.83,0.03836511861261815,0.4104783076208614,0.4990311573055642
1427,23.783333333333335,base,base,1,0.081,0.075,94.64,21.92,0.03836511861261815,0.4104783076208614,0.4990311573055642
1428,23.8,base,base,1,0.081,0.075,93.26,21.57,0.03836511861261815,0.4104783076208614,0.4990311573055642
1429,23.816666666666666,base,base,1,0.082,0.075,94.24,21.64,0.03836511861261815,0.4104783076208614,0.4990311573055642
1430,23.833333333333332,base,base,1,0.082,0.075,95.03,22.01,0.03836511861261815,0.4104783076208614,0.4990311573055642
1431,23.85,base,base,1,0.089,0.075,94.82,21.96,0.03836511861261815,0.4104783076208614,0.4990311573055642
1432,23.866666666666667,base,base,1,0.093,0.075,94.1,21.74,0.03836511861261815,0.4104783076208614,0.4990311573055642
1433,23.883333333333333,base,base,1,0.099,0.075,93.62,21.64,0.03836511861261815,0.4104783076208614,0.4990311573055642
1434,23.9,base,base,1,0.094,0.075,93.37,21.58,0.03836511861261815,0.4104783076208614,0.4990311573055642
1435,23.916666666666668,base,base,1,0.088,0.075,93.88,21.61,0.03836511861261815,0.4104783076208614,0.4990311573055642
1436,23.933333333333334,base,base,1,0.09,0.075,93.5,21.74,0.03836511861261815,0.4104783076208614,0.4990311573055642
1437,23.95,base,base,1,0.088,0.075,94.07,22.02,0.03836511861261815,0.4104783076208614,0.4990311573055642
1438,23.966666666666665,base,base,1,0.091,0.075,93.93,22.1,0.03836511861261815,0.4104783076208614,0.4990311573055642
1439,23.983333333333334,base,base,1,0.101,0.075,93.58,22.08,0.03836511861261815,0.4104783076208614,0.4990311573055642
