step,hour,gt_regime,detected,correct,p_occ,p_win,satisfaction,temperature,kwh_step,hvac,light
0,0.0,base,base,1,0.5,0.5,93.08,22.04,0.04583333333333333,0.5,0.5
1,0.016666666666666666,base,base,1,0.336,0.078,92.82,21.93,0.04209922597297574,0.45523915381043073,0.49951557865278207
2,0.03333333333333333,base,base,1,0.221,0.075,92.57,21.98,0.04209922597297574,0.45523915381043073,0.49951557865278207
3,0.05,base,base,1,0.161,0.075,92.4,22.05,0.04209922597297574,0.45523915381043073,0.49951557865278207
4,0.06666666666666667,base,base,1,0.134,0.075,92.77,22.01,0.04209922597297574,0.45523915381043073,0.49951557865278207
5,0.08333333333333333,base,base,1,0.129,0.075,92.54,22.01,0.04209922597297574,0.45523915381043073,0.49951557865278207
6,0.1,base,base,1,0.116,0.075,92.34,21.82,0.04209922597297574,0.45523915381043073,0.49951557865278207
7,0.11666666666666667,base,base,1,0.094,0.075,92.47,21.86,0.04209922597297574,0.45523915381043073,0.49951557865278207
8,0.13333333333333333,base,base,1,0.089,0.075,92.44,21.93,0.04209922597297574,0.45523915381043073,0.49951557865278207
9,0.15,base,base,1,0.095,0.075,92.43,21.9,0.04209922597297574,0.45523915381043073,0.49951557865278207
10,0.16666666666666666,base,base,1,0.091,0.075,92.56,21.79,0.04209922597297574,0.45523915381043073,0.49951557865278207
11,0.18333333333333332,base,base,1,0.09,0.075,92.57,21.78,0.04209922597297574,0.45523915381043073,0.49951557865278207
12,0.2,base,base,1,0.089,0.075,93.42,21.88,0.04209922597297574,0.45523915381043073,0.49951557865278207
13,0.21666666666666667,base,base,1,0.088,0.075,91.95,21.75,0.04209922597297574,0.45523915381043073,0.49951557865278207
14,0.23333333333333334,base,base,1,0.085,0.075,93.21,21.96,0.04209922597297574,0.45523915381043073,0.49951557865278207
15,0.25,base,base,1,0.088,0.075,92.92,22.09,0.04209922597297574,0.45523915381043073,0.49951557865278207
16,0.26666666666666666,base,base,1,0.094,0.075,92.93,22.16,0.04209922597297574,0.45523915381043073,0.49951557865278207
17,0.2833333333333333,base,base,1,0.094,0.075,93.44,21.84,0.04209922597297574,0.45523915381043073,0.49951557865278207
18,0.3,base,base,1,0.087,0.075,93.88,21.92,0.04209922597297574,0.45523915381043073,0.49951557865278207
19,0.31666666666666665,base,base,1,0.087,0.075,93.59,22.06,0.04209922597297574,0.45523915381043073,0.49951557865278207
20,0.3333333333333333,base,base,1,0.088,0.075,93.41,22.15,0.04209922597297574,0.45523915381043073,0.49951557865278207
21,0.35,base,base,1,0.093,0.075,94.26,22.07,0.04209922597297574,0.45523915381043073,0.49951557865278207
22,0.36666666666666664,base,base,1,0.095,0.075,94.4,21.99,0.04209922597297574,0.45523915381043073,0.49951557865278207
23,0.38333333333333336,base,base,1,0.093,0.075,93.44,21.81,0.04209922597297574,0.45523915381043073,0.49951557865278207
24,0.4,base,base,1,0.091,0.075,93.43,21.61,0.04209922597297574,0.45523915381043073,0.49951557865278207
25,0.4166666666666667,base,base,1,0.096,0.075,94.01,21.89,0.04209922597297574,0.45523915381043073,0.49951557865278207
26,0.43333333333333335,base,base,1,0.092,0.075,93.4,21.82,0.04209922597297574,0.45523915381043073,0.49951557865278207
27,0.45,base,base,1,0.089,0.075,94.79,21.98,0.04209922597297574,0.45523915381043073,0.49951557865278207
28,0.4666666666666667,base,base,1,0.102,0.075,93.58,21.72,0.04209922597297574,0.45523915381043073,0.49951557865278207
29,0.48333333333333334,base,base,1,0.109,0.075,93.99,21.91,0.04209922597297574,0.45523915381043073,0.49951557865278207
30,0.5,base,base,1,0.114,0.075,94.5,21.96,0.04209922597297574,0.45523915381043073,0.49951557865278207
31,0.5166666666666667,base,base,1,0.117,0.075,93.47,21.85,0.04209922597297574,0.45523915381043073,0.49951557865278207
32,0.5333333333333333,base,base,1,0.109,0.075,93.42,22.22,0.04209922597297574,0.45523915381043073,0.49951557865278207
33,0.55,base,base,1,0.128,0.075,94.49,22.04,0.04209922597297574,0.45523915381043073,0.49951557865278207
34,0.5666666666666667,base,base,1,0.138,0.075,93.74,21.78,0.04209922597297574,0.45523915381043073,0.49951557865278207
35,0.5833333333333334,base,base,1,0.114,0.075,93.15,21.57,0.04209922597297574,0.45523915381043073,0.49951557865278207
36,0.6,base,base,1,0.104,0.075,94.53,21.91,0.04209922597297574,0.45523915381043073,0.49951557865278207
37,0.6166666666666667,base,base,1,0.103,0.075,94.38,21.99,0.04209922597297574,0.45523915381043073,0.49951557865278207
38,0.6333333333333333,base,base,1,0.102,0.075,93.87,21.82,0.04209922597297574,0.45523915381043073,0.49951557865278207
39,0.65,base,base,1,0.095,0.075,93.51,21.79,0.04209922597297574,0.45523915381043073,0.49951557865278207
40,0.6666666666666666,base,base,1,0.102,0.075,93.02,21.77,0.04209922597297574,0.45523915381043073,0.49951557865278207
41,0.6833333333333333,base,base,1,0.107,0.075,93.79,21.75,0.04209922597297574,0.45523915381043073,0.49951557865278207
42,0.7,base,base,1,0.104,0.075,93.31,21.77,0.04209922597297574,0.45523915381043073,0.49951557865278207
43,0.7166666666666667,base,base,1,0.099,0.075,92.4,21.64,0.04209922597297574,0.45523915381043073,0.49951557865278207
44,0.7333333333333333,base,base,1,0.089,0.075,93.92,21.83,0.04209922597297574,0.45523915381043073,0.49951557865278207
45,0.75,base,base,1,0.086,0.075,94.76,21.98,0.04209922597297574,0.45523915381043073,0.49951557865278207
46,0.7666666666666667,base,base,1,0.093,0.075,93.24,21.77,0.04209922597297574,0.45523915381043073,0.49951557865278207
47,0.7833333333333333,base,base,1,0.093,0.075,94.8,21.95,0.04209922597297574,0.45523915381043073,0.49951557865278207
48,0.8,base,base,1,0.107,0.075,94.58,21.91,0.04209922597297574,0.45523915381043073,0.49951557865278207
49,0.8166666666666667,base,base,1,0.105,0.075,93.66,21.72,0.04209922597297574,0.45523915381043073,0.49951557865278207
50,0.8333333333333334,base,base,1,0.103,0.075,93.67,21.82,0.04209922597297574,0.45523915381043073,0.49951557865278207
51,0.85,base,base,1,0.102,0.075,94.77,21.98,0.04209922597297574,0.45523915381043073,0.49951557865278207
52,0.8666666666666667,base,base,1,0.107,0.075,95.12,21.96,0.04209922597297574,0.45523915381043073,0.49951557865278207
53,0.8833333333333333,base,base,1,0.123,0.075,94.32,21.87,0.04209922597297574,0.45523915381043073,0.49951557865278207
54,0.9,base,base,1,0.114,0.075,94.03,21.92,0.04209922597297574,0.45523915381043073,0.49951557865278207
55,0.9166666666666666,base,base,1,0.111,0.075,92.97,21.43,0.04209922597297574,0.45523915381043073,0.49951557865278207
56,0.9333333333333333,base,base,1,0.102,0.075,93.58,21.65,0.04209922597297574,0.45523915381043073,0.49951557865278207
57,0.95,base,base,1,0.1,0.075,93.44,21.7,0.04209922597297574,0.45523915381043073,0.49951557865278207
58,0.9666666666666667,base,base,1,0.101,0.075,94.05,21.77,0.04209922597297574,0.45523915381043073,0.49951557865278207
59,0.9833333333333333,base,base,1,0.111,0.075,93.92,21.94,0.04209922597297574,0.45523915381043073,0.49951557865278207
60,1.0,base,base,1,0.113,0.075,93.87,22.12,0.04209922597297574,0.45523915381043073,0.49951557865278207
61,1.0166666666666666,base,base,1,0.131,0.075,94.66,22.02,0.04209922597297574,0.45523915381043073,0.49951557865278207
62,1.0333333333333334,base,base,1,0.117,0.075,94.2,21.69,0.04209922597297574,0.45523915381043073,0.49951557865278207
63,1.05,base,base,1,0.109,0.075,93.16,21.67,0.04209922597297574,0.45523915381043073,0.49951557865278207
64,1.0666666666666667,base,base,1,0.111,0.075,93.67,21.82,0.04209922597297574,0.45523915381043073,0.49951557865278207
65,1.0833333333333333,base,base,1,0.108,0.075,93.58,21.67,0.04209922597297574,0.45523915381043073,0.49951557865278207
66,1.1,base,base,1,0.105,0.075,92.7,21.54,0.04209922597297574,0.45523915381043073,0.49951557865278207
67,1.1166666666666667,base,base,1,0.098,0.075,92.47,21.51,0.04209922597297574,0.45523915381043073,0.49951557865278207
68,1.1333333333333333,base,base,1,0.095,0.075,92.73,21.5,0.04209922597297574,0.45523915381043073,0.49951557865278207
69,1.15,base,base,1,0.103,0.075,91.66,21.36,0.04209922597297574,0.45523915381043073,0.49951557865278207
70,1.1666666666666667,base,base,1,0.106,0.075,91.66,21.5,0.04209922597297574,0.45523915381043073,0.49951557865278207
71,1.1833333333333333,base,base,1,0.096,0.075,91.75,21.41,0.04209922597297574,0.45523915381043073,0.49951557865278207
72,1.2,base,base,1,0.087,0.075,92.31,21.59,0.04209922597297574,0.45523915381043073,0.49951557865278207
73,1.2166666666666666,base,base,1,0.082,0.075,91.86,21.58,0.04209922597297574,0.45523915381043073,0.49951557865278207
74,1.2333333333333334,base,base,1,0.081,0.076,93.07,21.9,0.04209922597297574,0.45523915381043073,0.49951557865278207
75,1.25,base,base,1,0.086,0.075,93.69,21.93,0.04209922597297574,0.45523915381043073,0.49951557865278207
76,1.2666666666666666,base,base,1,0.087,0.075,93.1,21.86,0.04209922597297574,0.45523915381043073,0.49951557865278207
77,1.2833333333333334,base,base,1,0.087,0.075,93.31,22.2,0.04209922597297574,0.45523915381043073,0.49951557865278207
78,1.3,base,base,1,0.101,0.076,93.34,22.17,0.04209922597297574,0.45523915381043073,0.49951557865278207
79,1.3166666666666667,base,base,1,0.109,0.076,94.03,22.08,0.04209922597297574,0.45523915381043073,0.49951557865278207
80,1.3333333333333333,base,base,1,0.123,0.075,94.24,21.92,0.04209922597297574,0.45523915381043073,0.49951557865278207
81,1.35,base,base,1,0.107,0.075,93.13,21.73,0.04209922597297574,0.45523915381043073,0.49951557865278207
82,1.3666666666666667,base,base,1,0.102,0.075,93.61,21.82,0.04209922597297574,0.45523915381043073,0.49951557865278207
83,1.3833333333333333,base,base,1,0.095,0.075,94.07,21.96,0.04209922597297574,0.45523915381043073,0.49951557865278207
84,1.4,base,base,1,0.09,0.075,94.28,22.11,0.04209922597297574,0.45523915381043073,0.49951557865278207
85,1.4166666666666667,base,base,1,0.095,0.076,94.45,22.01,0.04209922597297574,0.45523915381043073,0.49951557865278207
86,1.4333333333333333,base,base,1,0.095,0.075,93.08,22.04,0.04209922597297574,0.45523915381043073,0.49951557865278207
87,1.45,base,base,1,0.096,0.076,93.61,21.91,0.04209922597297574,0.45523915381043073,0.49951557865278207
88,1.4666666666666666,base,base,1,0.098,0.075,93.62,21.97,0.04209922597297574,0.45523915381043073,0.49951557865278207
89,1.4833333333333334,base,base,1,0.096,0.076,93.3,22.05,0.04209922597297574,0.45523915381043073,0.49951557865278207
90,1.5,base,base,1,0.107,0.076,93.86,21.98,0.04209922597297574,0.45523915381043073,0.49951557865278207
91,1.5166666666666666,base,base,1,0.092,0.076,93.12,21.87,0.04209922597297574,0.45523915381043073,0.49951557865278207
92,1.5333333333333334,base,base,1,0.091,0.075,93.23,21.7,0.04209922597297574,0.45523915381043073,0.49951557865278207
93,1.55,base,base,1,0.114,0.075,94.29,22.09,0.04209922597297574,0.45523915381043073,0.49951557865278207
94,1.5666666666666667,base,base,1,0.125,0.075,94.77,22.07,0.04209922597297574,0.45523915381043073,0.49951557865278207
95,1.5833333333333333,base,base,1,0.132,0.075,93.8,22.19,0.04209922597297574,0.45523915381043073,0.49951557865278207
96,1.6,base,base,1,0.142,0.076,93.97,22.1,0.04209922597297574,0.45523915381043073,0.49951557865278207
97,1.6166666666666667,base,base,1,0.123,0.076,94.02,22.09,0.04209922597297574,0.45523915381043073,0.49951557865278207
98,1.6333333333333333,base,base,1,0.145,0.076,94.25,22.05,0.04209922597297574,0.45523915381043073,0.49951557865278207
99,1.65,base,base,1,0.131,0.076,94.29,21.97,0.04209922597297574,0.45523915381043073,0.49951557865278207
100,1.6666666666666667,base,base,1,0.117,0.076,93.64,21.79,0.04209922597297574,0.45523915381043073,0.49951557865278207
101,1.6833333333333333,base,base,1,0.101,0.075,93.97,21.79,0.04209922597297574,0.45523915381043073,0.49951557865278207
102,1.7,base,base,1,0.095,0.075,94.23,21.72,0.04209922597297574,0.45523915381043073,0.49951557865278207
103,1.7166666666666666,base,base,1,0.094,0.075,94.1,21.85,0.04209922597297574,0.45523915381043073,0.49951557865278207
104,1.7333333333333334,base,base,1,0.093,0.075,94.16,21.76,0.04209922597297574,0.45523915381043073,0.49951557865278207
105,1.75,base,base,1,0.094,0.075,93.64,21.71,0.04209922597297574,0.45523915381043073,0.49951557865278207
106,1.7666666666666666,base,base,1,0.095,0.075,94.09,21.66,0.04209922597297574,0.45523915381043073,0.49951557865278207
107,1.7833333333333334,base,base,1,0.091,0.075,92.91,21.55,0.04209922597297574,0.45523915381043073,0.49951557865278207
108,1.8,base,base,1,0.093,0.075,93.63,21.61,0.04209922597297574,0.45523915381043073,0.49951557865278207
109,1.8166666666666667,base,base,1,0.098,0.075,93.61,21.62,0.04209922597297574,0.45523915381043073,0.49951557865278207
110,1.8333333333333333,base,base,1,0.096,0.075,93.33,21.67,0.04209922597297574,0.45523915381043073,0.49951557865278207
111,1.85,base,base,1,0.101,0.075,94.74,21.84,0.04209922597297574,0.45523915381043073,0.49951557865278207
112,1.8666666666666667,base,base,1,0.104,0.076,93.37,21.68,0.04209922597297574,0.45523915381043073,0.49951557865278207
113,1.8833333333333333,base,base,1,0.106,0.076,94.63,21.7,0.04209922597297574,0.45523915381043073,0.49951557865278207
114,1.9,base,base,1,0.095,0.075,92.95,21.49,0.04209922597297574,0.45523915381043073,0.49951557865278207
115,1.9166666666666667,base,base,1,0.11,0.076,93.02,21.58,0.04209922597297574,0.45523915381043073,0.49951557865278207
116,1.9333333333333333,base,base,1,0.107,0.076,94.27,21.85,0.04209922597297574,0.45523915381043073,0.49951557865278207
117,1.95,base,base,1,0.1,0.076,94.22,21.95,0.04209922597297574,0.45523915381043073,0.49951557865278207
118,1.9666666666666666,base,base,1,0.121,0.076,93.81,21.81,0.04209922597297574,0.45523915381043073,0.49951557865278207
119,1.9833333333333334,base,base,1,0.118,0.076,93.91,21.76,0.04209922597297574,0.45523915381043073,0.49951557865278207
120,2.0,base,base,1,0.102,0.076,92.87,21.67,0.04209922597297574,0.45523915381043073,0.49951557865278207
121,2.0166666666666666,base,base,1,0.098,0.076,92.75,21.62,0.04209922597297574,0.45523915381043073,0.49951557865278207
122,2.033333333333333,base,base,1,0.094,0.076,93.13,21.86,0.04209922597297574,0.45523915381043073,0.49951557865278207
123,2.05,base,base,1,0.099,0.076,93.82,21.78,0.04209922597297574,0.45523915381043073,0.49951557865278207
124,2.066666666666667,base,base,1,0.099,0.076,92.9,21.55,0.04209922597297574,0.45523915381043073,0.49951557865278207
125,2.0833333333333335,base,base,1,0.102,0.076,93.68,21.76,0.04209922597297574,0.45523915381043073,0.49951557865278207
126,2.1,base,base,1,0.106,0.076,93.4,21.78,0.04209922597297574,0.45523915381043073,0.49951557865278207
127,2.1166666666666667,base,base,1,0.09,0.076,94.02,21.88,0.04209922597297574,0.45523915381043073,0.49951557865278207
128,2.1333333333333333,base,base,1,0.094,0.076,93.07,21.79,0.04209922597297574,0.45523915381043073,0.49951557865278207
129,2.15,base,base,1,0.091,0.076,93.92,21.86,0.04209922597297574,0.45523915381043073,0.49951557865278207
130,2.1666666666666665,base,base,1,0.086,0.076,94.15,21.86,0.04209922597297574,0.45523915381043073,0.49951557865278207
131,2.183333333333333,base,base,1,0.088,0.076,93.16,21.8,0.04209922597297574,0.45523915381043073,0.49951557865278207
132,2.2,base,base,1,0.089,0.077,93.76,21.73,0.04209922597297574,0.45523915381043073,0.49951557865278207
133,2.216666666666667,base,base,1,0.088,0.077,91.6,21.37,0.04209922597297574,0.45523915381043073,0.49951557865278207
134,2.2333333333333334,base,base,1,0.089,0.077,91.61,21.46,0.04209922597297574,0.45523915381043073,0.49951557865278207
135,2.25,base,base,1,0.086,0.077,93.41,21.75,0.04209922597297574,0.45523915381043073,0.49951557865278207
136,2.2666666666666666,base,base,1,0.093,0.077,93.31,21.74,0.04209922597297574,0.45523915381043073,0.49951557865278207
137,2.283333333333333,base,base,1,0.092,0.077,93.76,21.77,0.04209922597297574,0.45523915381043073,0.49951557865278207
138,2.3,base,base,1,0.092,0.077,93.02,21.94,0.04209922597297574,0.45523915381043073,0.49951557865278207
139,2.316666666666667,base,base,1,0.094,0.078,93.83,21.99,0.04209922597297574,0.45523915381043073,0.49951557865278207
140,2.3333333333333335,base,base,1,0.103,0.078,92.31,21.58,0.04209922597297574,0.45523915381043073,0.49951557865278207
141,2.35,base,base,1,0.096,0.078,90.9,21.4,0.04209922597297574,0.45523915381043073,0.49951557865278207
142,2.3666666666666667,base,base,1,0.086,0.08,91.49,21.55,0.04209922597297574,0.45523915381043073,0.49951557865278207
143,2.3833333333333333,base,base,1,0.085,0.08,92.52,21.76,0.04209922597297574,0.45523915381043073,0.49951557865278207
144,2.4,base,base,1,0.085,0.08,92.05,21.69,0.04209922597297574,0.45523915381043073,0.49951557865278207
145,2.4166666666666665,base,base,1,0.086,0.079,92.75,21.73,0.04209922597297574,0.45523915381043073,0.49951557865278207
146,2.433333333333333,base,base,1,0.09,0.079,93.19,21.89,0.04209922597297574,0.45523915381043073,0.49951557865278207
147,2.45,base,base,1,0.089,0.079,92.58,21.65,0.04209922597297574,0.45523915381043073,0.49951557865278207
148,2.466666666666667,base,base,1,0.086,0.079,92.01,21.52,0.04209922597297574,0.45523915381043073,0.49951557865278207
149,2.4833333333333334,base,base,1,0.087,0.078,92.86,21.64,0.04209922597297574,0.45523915381043073,0.49951557865278207
150,2.5,base,base,1,0.089,0.078,93.53,21.77,0.04209922597297574,0.45523915381043073,0.49951557865278207
151,2.5166666666666666,base,base,1,0.087,0.078,93.84,21.77,0.04209922597297574,0.45523915381043073,0.49951557865278207
152,2.533333333333333,base,base,1,0.095,0.078,94.01,21.83,0.04209922597297574,0.45523915381043073,0.49951557865278207
153,2.55,base,base,1,0.098,0.078,93.78,21.84,0.04209922597297574,0.45523915381043073,0.49951557865278207
154,2.566666666666667,base,base,1,0.113,0.078,93.76,21.81,0.04209922597297574,0.45523915381043073,0.49951557865278207
155,2.5833333333333335,base,base,1,0.108,0.078,93.65,21.62,0.04209922597297574,0.45523915381043073,0.49951557865278207
156,2.6,base,base,1,0.118,0.079,93.12,21.62,0.04209922597297574,0.45523915381043073,0.49951557865278207
157,2.6166666666666667,base,base,1,0.107,0.08,93.28,21.63,0.04209922597297574,0.45523915381043073,0.49951557865278207
158,2.6333333333333333,base,base,1,0.105,0.081,93.3,21.6,0.04209922597297574,0.45523915381043073,0.49951557865278207
159,2.65,base,base,1,0.104,0.082,92.12,21.41,0.04209922597297574,0.45523915381043073,0.49951557865278207
160,2.6666666666666665,base,base,1,0.103,0.085,93.05,21.47,0.04209922597297574,0.45523915381043073,0.49951557865278207
161,2.683333333333333,base,base,1,0.105,0.085,92.78,21.51,0.04209922597297574,0.45523915381043073,0.49951557865278207
162,2.7,base,base,1,0.1,0.089,91.87,21.37,0.04209922597297574,0.45523915381043073,0.49951557865278207
163,2.716666666666667,base,base,1,0.098,0.094,92.78,21.43,0.04209922597297574,0.45523915381043073,0.49951557865278207
164,2.7333333333333334,base,base,1,0.099,0.106,92.57,21.53,0.04209922597297574,0.45523915381043073,0.49951557865278207
165,2.75,base,base,1,0.102,0.122,93.4,21.74,0.04209922597297574,0.45523915381043073,0.49951557865278207
166,2.7666666666666666,base,base,1,0.106,0.138,93.17,21.7,0.04209922597297574,0.45523915381043073,0.49951557865278207
167,2.783333333333333,base,base,1,0.102,0.172,93.63,21.82,0.04209922597297574,0.45523915381043073,0.49951557865278207
168,2.8,base,base,1,0.1,0.196,93.78,21.87,0.04209922597297574,0.45523915381043073,0.49951557865278207
169,2.816666666666667,base,base,1,0.102,0.262,93.89,21.89,0.04209922597297574,0.45523915381043073,0.49951557865278207
170,2.8333333333333335,base,base,1,0.1,0.347,94.12,22.04,0.04209922597297574,0.45523915381043073,0.49951557865278207
171,2.85,base,base,1,0.102,0.392,93.88,21.95,0.04209922597297574,0.45523915381043073,0.49951557865278207
172,2.8666666666666667,base,base,1,0.103,0.373,93.11,21.78,0.04209922597297574,0.45523915381043073,0.49951557865278207
173,2.8833333333333333,base,base,1,0.102,0.302,92.94,21.62,0.04209922597297574,0.45523915381043073,0.49951557865278207
174,2.9,base,base,1,0.091,0.266,93.5,21.66,0.04209922597297574,0.45523915381043073,0.49951557865278207
175,2.9166666666666665,base,base,1,0.098,0.203,93.29,21.59,0.04209922597297574,0.45523915381043073,0.49951557865278207
176,2.933333333333333,base,base,1,0.099,0.152,92.74,21.78,0.04209922597297574,0.45523915381043073,0.49951557865278207
177,2.95,base,base,1,0.104,0.092,93.57,21.83,0.04209922597297574,0.45523915381043073,0.49951557865278207
178,2.966666666666667,base,base,1,0.096,0.082,92.71,21.62,0.04209922597297574,0.45523915381043073,0.49951557865278207
179,2.9833333333333334,base,base,1,0.089,0.081,93.3,21.69,0.04209922597297574,0.45523915381043073,0.49951557865278207
180,3.0,base,base,1,0.093,0.08,92.23,21.4,0.04209922597297574,0.45523915381043073,0.49951557865278207
181,3.0166666666666666,base,base,1,0.1,0.081,91.87,21.41,0.04209922597297574,0.45523915381043073,0.49951557865278207
182,3.033333333333333,base,base,1,0.1,0.079,92.63,21.35,0.04209922597297574,0.45523915381043073,0.49951557865278207
183,3.05,base,base,1,0.127,0.079,93.17,21.49,0.04209922597297574,0.45523915381043073,0.49951557865278207
184,3.066666666666667,base,base,1,0.106,0.077,93.69,21.8,0.04209922597297574,0.45523915381043073,0.49951557865278207
185,3.0833333333333335,base,base,1,0.099,0.076,93.8,21.69,0.04209922597297574,0.45523915381043073,0.49951557865278207
186,3.1,base,base,1,0.097,0.076,93.73,21.66,0.04209922597297574,0.45523915381043073,0.49951557865278207
187,3.1166666666666667,base,base,1,0.097,0.076,93.6,21.57,0.04209922597297574,0.45523915381043073,0.49951557865278207
188,3.1333333333333333,base,base,1,0.091,0.076,94.31,21.67,0.04209922597297574,0.45523915381043073,0.49951557865278207
189,3.15,base,base,1,0.093,0.076,94.71,21.85,0.04209922597297574,0.45523915381043073,0.49951557865278207
190,3.1666666666666665,base,base,1,0.094,0.075,94.0,21.83,0.04209922597297574,0.45523915381043073,0.49951557865278207
191,3.183333333333333,base,base,1,0.099,0.075,92.64,21.69,0.04209922597297574,0.45523915381043073,0.49951557865278207
192,3.2,base,base,1,0.089,0.075,92.91,21.64,0.04209922597297574,0.45523915381043073,0.49951557865278207
193,3.216666666666667,base,base,1,0.088,0.075,93.25,21.71,0.04209922597297574,0.45523915381043073,0.49951557865278207
194,3.2333333333333334,base,base,1,0.086,0.075,92.68,21.62,0.04209922597297574,0.45523915381043073,0.49951557865278207
195,3.25,base,base,1,0.089,0.075,92.71,21.64,0.04209922597297574,0.45523915381043073,0.49951557865278207
196,3.2666666666666666,base,base,1,0.088,0.075,93.2,21.76,0.04209922597297574,0.45523915381043073,0.49951557865278207
197,3.283333333333333,base,base,1,0.085,0.075,93.0,21.65,0.04209922597297574,0.45523915381043073,0.49951557865278207
198,3.3,base,base,1,0.088,0.075,92.23,21.47,0.04209922597297574,0.45523915381043073,0.49951557865278207
199,3.316666666666667,base,base,1,0.093,0.075,91.88,21.41,0.04209922597297574,0.45523915381043073,0.49951557865278207
200,3.3333333333333335,base,base,1,0.092,0.076,91.31,21.33,0.04209922597297574,0.45523915381043073,0.49951557865278207
201,3.35,base,base,1,0.091,0.076,91.57,21.35,0.04209922597297574,0.45523915381043073,0.49951557865278207
202,3.3666666666666667,base,base,1,0.091,0.076,92.64,21.5,0.04209922597297574,0.45523915381043073,0.49951557865278207
203,3.3833333333333333,base,base,1,0.091,0.075,93.37,21.81,0.04209922597297574,0.45523915381043073,0.49951557865278207
204,3.4,base,base,1,0.089,0.075,92.2,21.48,0.04209922597297574,0.45523915381043073,0.49951557865278207
205,3.4166666666666665,base,base,1,0.102,0.075,93.08,21.76,0.04209922597297574,0.45523915381043073,0.49951557865278207
206,3.433333333333333,base,base,1,0.104,0.075,94.19,21.88,0.04209922597297574,0.45523915381043073,0.49951557865278207
207,3.45,base,base,1,0.103,0.075,92.81,21.6,0.04209922597297574,0.45523915381043073,0.49951557865278207
208,3.466666666666667,base,base,1,0.107,0.075,92.25,21.48,0.04209922597297574,0.45523915381043073,0.49951557865278207
209,3.4833333333333334,base,base,1,0.115,0.075,92.73,21.69,0.04209922597297574,0.45523915381043073,0.49951557865278207
210,3.5,base,base,1,0.112,0.075,92.31,21.7,0.04209922597297574,0.45523915381043073,0.49951557865278207
211,3.5166666666666666,base,base,1,0.099,0.075,92.75,21.84,0.04209922597297574,0.45523915381043073,0.49951557865278207
212,3.533333333333333,base,base,1,0.094,0.075,93.42,21.95,0.04209922597297574,0.45523915381043073,0.49951557865278207
213,3.55,base,base,1,0.088,0.075,92.95,21.79,0.04209922597297574,0.45523915381043073,0.49951557865278207
214,3.566666666666667,base,base,1,0.094,0.075,93.7,21.85,0.04209922597297574,0.45523915381043073,0.49951557865278207
215,3.5833333333333335,base,base,1,0.096,0.075,93.6,21.91,0.04209922597297574,0.45523915381043073,0.49951557865278207
216,3.6,base,base,1,0.096,0.075,94.29,21.94,0.04209922597297574,0.45523915381043073,0.49951557865278207
217,3.6166666666666667,base,base,1,0.092,0.075,93.65,21.92,0.04209922597297574,0.45523915381043073,0.49951557865278207
218,3.6333333333333333,base,base,1,0.093,0.075,93.57,21.85,0.04209922597297574,0.45523915381043073,0.49951557865278207
219,3.65,base,base,1,0.091,0.075,93.27,21.7,0.04209922597297574,0.45523915381043073,0.49951557865278207
220,3.6666666666666665,base,base,1,0.1,0.075,92.32,21.57,0.04209922597297574,0.45523915381043073,0.49951557865278207
221,3.683333333333333,base,base,1,0.102,0.075,92.49,21.51,0.04209922597297574,0.45523915381043073,0.49951557865278207
222,3.7,base,base,1,0.103,0.075,93.19,21.5,0.04209922597297574,0.45523915381043073,0.49951557865278207
223,3.716666666666667,base,base,1,0.091,0.075,92.61,21.68,0.04209922597297574,0.45523915381043073,0.49951557865278207
224,3.7333333333333334,base,base,1,0.084,0.075,92.39,21.4,0.04209922597297574,0.45523915381043073,0.49951557865278207
225,3.75,base,base,1,0.087,0.075,94.69,21.92,0.04209922597297574,0.45523915381043073,0.49951557865278207
226,3.7666666666666666,base,base,1,0.088,0.075,94.11,21.84,0.04209922597297574,0.45523915381043073,0.49951557865278207
227,3.783333333333333,base,base,1,0.09,0.075,93.59,21.85,0.04209922597297574,0.45523915381043073,0.49951557865278207
228,3.8,base,base,1,0.09,0.075,94.23,21.9,0.04209922597297574,0.45523915381043073,0.49951557865278207
229,3.816666666666667,base,base,1,0.093,0.075,94.27,21.93,0.04209922597297574,0.45523915381043073,0.49951557865278207
230,3.8333333333333335,base,base,1,0.089,0.075,94.07,21.8,0.04209922597297574,0.45523915381043073,0.49951557865278207
231,3.85,base,base,1,0.087,0.075,95.44,22.0,0.04209922597297574,0.45523915381043073,0.49951557865278207
232,3.8666666666666667,base,base,1,0.085,0.075,93.63,21.82,0.04209922597297574,0.45523915381043073,0.49951557865278207
233,3.8833333333333333,base,base,1,0.083,0.075,93.81,21.78,0.04209922597297574,0.45523915381043073,0.49951557865278207
234,3.9,base,base,1,0.083,0.075,93.57,21.71,0.04209922597297574,0.45523915381043073,0.49951557865278207
235,3.9166666666666665,base,base,1,0.086,0.075,92.86,21.55,0.04209922597297574,0.45523915381043073,0.49951557865278207
236,3.933333333333333,base,base,1,0.089,0.075,93.8,21.7,0.04209922597297574,0.45523915381043073,0.49951557865278207
237,3.95,base,base,1,0.087,0.075,94.23,21.87,0.04209922597297574,0.45523915381043073,0.49951557865278207
238,3.966666666666667,base,base,1,0.084,0.075,93.96,21.79,0.04209922597297574,0.45523915381043073,0.49951557865278207
239,3.9833333333333334,base,base,1,0.086,0.075,93.8,21.8,0.04209922597297574,0.45523915381043073,0.49951557865278207
240,4.0,base,base,1,0.085,0.075,93.16,21.51,0.04209922597297574,0.45523915381043073,0.49951557865278207
241,4.016666666666667,base,base,1,0.09,0.075,93.58,21.61,0.04209922597297574,0.45523915381043073,0.49951557865278207
242,4.033333333333333,base,base,1,0.102,0.075,93.08,21.6,0.04209922597297574,0.45523915381043073,0.49951557865278207
243,4.05,base,base,1,0.107,0.075,93.09,21.66,0.04209922597297574,0.45523915381043073,0.49951557865278207
244,4.066666666666666,base,base,1,0.091,0.075,92.93,21.78,0.04209922597297574,0.45523915381043073,0.49951557865278207
245,4.083333333333333,base,base,1,0.08,0.075,93.06,21.87,0.04209922597297574,0.45523915381043073,0.49951557865278207
246,4.1,base,base,1,0.079,0.075,94.03,21.83,0.04209922597297574,0.45523915381043073,0.49951557865278207
247,4.116666666666666,base,base,1,0.078,0.075,92.38,21.82,0.04209922597297574,0.45523915381043073,0.49951557865278207
248,4.133333333333334,base,base,1,0.078,0.075,92.92,21.92,0.04209922597297574,0.45523915381043073,0.49951557865278207
249,4.15,base,base,1,0.078,0.075,92.07,21.79,0.04209922597297574,0.45523915381043073,0.49951557865278207
250,4.166666666666667,base,base,1,0.078,0.075,92.21,21.76,0.04209922597297574,0.45523915381043073,0.49951557865278207
251,4.183333333333334,base,base,1,0.078,0.075,92.91,21.88,0.04209922597297574,0.45523915381043073,0.49951557865278207
252,4.2,base,base,1,0.08,0.075,92.82,21.86,0.04209922597297574,0.45523915381043073,0.49951557865278207
253,4.216666666666667,base,base,1,0.078,0.075,93.51,21.98,0.04209922597297574,0.45523915381043073,0.49951557865278207
254,4.233333333333333,base,base,1,0.078,0.075,93.39,22.04,0.04209922597297574,0.45523915381043073,0.49951557865278207
255,4.25,base,base,1,0.078,0.075,92.59,21.81,0.04209922597297574,0.45523915381043073,0.49951557865278207
256,4.266666666666667,base,base,1,0.078,0.075,93.37,21.78,0.04209922597297574,0.45523915381043073,0.49951557865278207
257,4.283333333333333,base,base,1,0.078,0.075,92.85,21.73,0.04209922597297574,0.45523915381043073,0.49951557865278207
258,4.3,base,base,1,0.079,0.075,93.33,21.78,0.04209922597297574,0.45523915381043073,0.49951557865278207
259,4.316666666666666,base,base,1,0.079,0.075,93.09,21.82,0.04209922597297574,0.45523915381043073,0.49951557865278207
260,4.333333333333333,base,base,1,0.08,0.075,94.02,21.79,0.04209922597297574,0.45523915381043073,0.49951557865278207
261,4.35,base,base,1,0.079,0.075,94.0,21.93,0.04209922597297574,0.45523915381043073,0.49951557865278207
262,4.366666666666666,base,base,1,0.078,0.075,92.89,21.7,0.04209922597297574,0.45523915381043073,0.49951557865278207
263,4.383333333333334,base,base,1,0.083,0.075,92.76,21.68,0.04209922597297574,0.45523915381043073,0.49951557865278207
264,4.4,base,base,1,0.083,0.075,93.02,21.78,0.04209922597297574,0.45523915381043073,0.49951557865278207
265,4.416666666666667,base,base,1,0.079,0.075,93.93,21.77,0.04209922597297574,0.45523915381043073,0.49951557865278207
266,4.433333333333334,base,base,1,0.081,0.075,93.21,21.8,0.04209922597297574,0.45523915381043073,0.49951557865278207
267,4.45,base,base,1,0.082,0.075,93.41,21.82,0.04209922597297574,0.45523915381043073,0.49951557865278207
268,4.466666666666667,base,base,1,0.081,0.075,93.4,21.67,0.04209922597297574,0.45523915381043073,0.49951557865278207
269,4.483333333333333,base,base,1,0.086,0.075,92.94,21.54,0.04209922597297574,0.45523915381043073,0.49951557865278207
270,4.5,base,base,1,0.102,0.075,93.73,21.67,0.04209922597297574,0.45523915381043073,0.49951557865278207
271,4.516666666666667,base,base,1,0.092,0.075,93.16,21.67,0.04209922597297574,0.45523915381043073,0.49951557865278207
272,4.533333333333333,base,base,1,0.092,0.075,93.22,21.53,0.04209922597297574,0.45523915381043073,0.49951557865278207
273,4.55,base,base,1,0.087,0.075,94.03,21.67,0.04209922597297574,0.45523915381043073,0.49951557865278207
274,4.566666666666666,base,base,1,0.083,0.075,93.43,21.68,0.04209922597297574,0.45523915381043073,0.49951557865278207
275,4.583333333333333,base,base,1,0.084,0.075,93.66,21.68,0.04209922597297574,0.45523915381043073,0.49951557865278207
276,4.6,base,base,1,0.087,0.075,94.74,21.96,0.04209922597297574,0.45523915381043073,0.49951557865278207
277,4.616666666666666,base,base,1,0.086,0.075,94.48,21.79,0.04209922597297574,0.45523915381043073,0.49951557865278207
278,4.633333333333334,base,base,1,0.085,0.075,94.35,21.71,0.04209922597297574,0.45523915381043073,0.49951557865278207
279,4.65,base,base,1,0.082,0.075,93.62,21.61,0.04209922597297574,0.45523915381043073,0.49951557865278207
280,4.666666666666667,base,base,1,0.083,0.075,93.69,21.7,0.04209922597297574,0.45523915381043073,0.49951557865278207
281,4.683333333333334,base,base,1,0.086,0.075,93.84,21.73,0.04209922597297574,0.45523915381043073,0.49951557865278207
282,4.7,base,base,1,0.084,0.075,93.87,21.84,0.04209922597297574,0.45523915381043073,0.49951557865278207
283,4.716666666666667,base,base,1,0.082,0.075,93.42,21.73,0.04209922597297574,0.45523915381043073,0.49951557865278207
284,4.733333333333333,base,base,1,0.083,0.075,93.53,21.7,0.04209922597297574,0.45523915381043073,0.49951557865278207
285,4.75,base,base,1,0.083,0.075,93.67,21.71,0.04209922597297574,0.45523915381043073,0.49951557865278207
286,4.766666666666667,base,base,1,0.082,0.075,94.3,21.85,0.04209922597297574,0.45523915381043073,0.49951557865278207
287,4.783333333333333,base,base,1,0.081,0.075,93.91,21.67,0.04209922597297574,0.45523915381043073,0.49951557865278207
288,4.8,base,base,1,0.083,0.075,94.08,21.9,0.04209922597297574,0.45523915381043073,0.49951557865278207
289,4.816666666666666,base,base,1,0.081,0.075,92.79,21.71,0.04209922597297574,0.45523915381043073,0.49951557865278207
290,4.833333333333333,base,base,1,0.082,0.075,93.76,21.88,0.04209922597297574,0.45523915381043073,0.49951557865278207
291,4.85,base,base,1,0.083,0.075,94.07,22.08,0.04209922597297574,0.45523915381043073,0.49951557865278207
292,4.866666666666666,base,base,1,0.085,0.075,93.9,21.99,0.04209922597297574,0.45523915381043073,0.49951557865278207
293,4.883333333333334,base,base,1,0.086,0.075,93.92,22.08,0.04209922597297574,0.45523915381043073,0.49951557865278207
294,4.9,base,base,1,0.085,0.075,93.75,21.88,0.04209922597297574,0.45523915381043073,0.49951557865278207
295,4.916666666666667,base,base,1,0.084,0.075,92.64,21.72,0.04209922597297574,0.45523915381043073,0.49951557865278207
296,4.933333333333334,base,base,1,0.085,0.075,93.4,21.86,0.04209922597297574,0.45523915381043073,0.49951557865278207
297,4.95,base,base,1,0.086,0.075,94.14,21.95,0.04209922597297574,0.45523915381043073,0.49951557865278207
298,4.966666666666667,base,base,1,0.082,0.075,93.64,21.9,0.04209922597297574,0.45523915381043073,0.49951557865278207
299,4.983333333333333,base,base,1,0.082,0.075,94.3,21.94,0.04209922597297574,0.45523915381043073,0.49951557865278207
300,5.0,base,base,1,0.082,0.075,93.83,21.9,0.04209922597297574,0.45523915381043073,0.49951557865278207
301,5.016666666666667,base,base,1,0.082,0.075,94.77,22.03,0.04209922597297574,0.45523915381043073,0.49951557865278207
302,5.033333333333333,base,base,1,0.081,0.075,94.22,21.86,0.04209922597297574,0.45523915381043073,0.49951557865278207
303,5.05,base,base,1,0.08,0.075,94.25,21.87,0.04209922597297574,0.45523915381043073,0.49951557865278207
304,5.066666666666666,base,base,1,0.08,0.075,93.83,21.81,0.04209922597297574,0.45523915381043073,0.49951557865278207
305,5.083333333333333,base,base,1,0.085,0.075,92.99,21.69,0.04209922597297574,0.45523915381043073,0.49951557865278207
306,5.1,base,base,1,0.085,0.075,92.41,21.68,0.04209922597297574,0.45523915381043073,0.49951557865278207
307,5.116666666666666,base,base,1,0.08,0.075,93.69,21.79,0.04209922597297574,0.45523915381043073,0.49951557865278207
308,5.133333333333334,base,base,1,0.08,0.075,93.38,21.78,0.04209922597297574,0.45523915381043073,0.49951557865278207
309,5.15,base,base,1,0.08,0.075,93.59,21.86,0.04209922597297574,0.45523915381043073,0.49951557865278207
310,5.166666666666667,base,base,1,0.08,0.075,93.77,21.91,0.04209922597297574,0.45523915381043073,0.49951557865278207
311,5.183333333333334,base,base,1,0.079,0.075,94.3,22.0,0.04209922597297574,0.45523915381043073,0.49951557865278207
312,5.2,base,base,1,0.079,0.075,93.8,22.02,0.04209922597297574,0.45523915381043073,0.49951557865278207
313,5.216666666666667,base,base,1,0.08,0.075,94.09,21.97,0.04209922597297574,0.45523915381043073,0.49951557865278207
314,5.233333333333333,base,base,1,0.08,0.075,94.04,21.96,0.04209922597297574,0.45523915381043073,0.49951557865278207
315,5.25,base,base,1,0.079,0.075,94.36,22.14,0.04209922597297574,0.45523915381043073,0.49951557865278207
316,5.266666666666667,base,base,1,0.08,0.075,93.81,21.7,0.04209922597297574,0.45523915381043073,0.49951557865278207
317,5.283333333333333,base,base,1,0.081,0.075,94.12,21.92,0.04209922597297574,0.45523915381043073,0.49951557865278207
318,5.3,base,base,1,0.078,0.075,94.47,22.0,0.04209922597297574,0.45523915381043073,0.49951557865278207
319,5.316666666666666,base,base,1,0.083,0.075,94.11,21.83,0.04209922597297574,0.45523915381043073,0.49951557865278207
320,5.333333333333333,base,base,1,0.08,0.075,93.95,21.93,0.04209922597297574,0.45523915381043073,0.49951557865278207
321,5.35,base,base,1,0.08,0.075,95.07,22.0,0.04209922597297574,0.45523915381043073,0.49951557865278207
322,5.366666666666666,base,base,1,0.08,0.075,94.11,21.9,0.04209922597297574,0.45523915381043073,0.49951557865278207
323,5.383333333333334,base,base,1,0.082,0.075,93.66,21.77,0.04209922597297574,0.45523915381043073,0.49951557865278207
324,5.4,base,base,1,0.082,0.075,93.93,21.85,0.04209922597297574,0.45523915381043073,0.49951557865278207
325,5.416666666666667,base,base,1,0.079,0.075,94.25,21.9,0.04209922597297574,0.45523915381043073,0.49951557865278207
326,5.433333333333334,base,base,1,0.08,0.075,93.76,21.77,0.04209922597297574,0.45523915381043073,0.49951557865278207
327,5.45,base,base,1,0.079,0.075,93.55,21.7,0.04209922597297574,0.45523915381043073,0.49951557865278207
328,5.466666666666667,base,base,1,0.081,0.075,93.47,21.79,0.04209922597297574,0.45523915381043073,0.49951557865278207
329,5.483333333333333,base,base,1,0.08,0.075,94.32,21.91,0.04209922597297574,0.45523915381043073,0.49951557865278207
330,5.5,base,base,1,0.078,0.075,92.64,21.57,0.04209922597297574,0.45523915381043073,0.49951557865278207
331,5.516666666666667,base,base,1,0.08,0.075,93.6,21.73,0.04209922597297574,0.45523915381043073,0.49951557865278207
332,5.533333333333333,base,base,1,0.079,0.075,93.09,21.76,0.04209922597297574,0.45523915381043073,0.49951557865278207
333,5.55,base,base,1,0.078,0.075,93.22,21.76,0.04209922597297574,0.45523915381043073,0.49951557865278207
334,5.566666666666666,base,base,1,0.079,0.075,93.91,21.85,0.04209922597297574,0.45523915381043073,0.49951557865278207
335,5.583333333333333,base,base,1,0.079,0.075,94.0,21.92,0.04209922597297574,0.45523915381043073,0.49951557865278207
336,5.6,base,base,1,0.078,0.075,93.7,21.82,0.04209922597297574,0.45523915381043073,0.49951557865278207
337,5.616666666666666,base,base,1,0.079,0.075,93.11,21.73,0.04209922597297574,0.45523915381043073,0.49951557865278207
338,5.633333333333334,base,base,1,0.08,0.075,94.55,22.0,0.04209922597297574,0.45523915381043073,0.49951557865278207
339,5.65,base,base,1,0.079,0.075,93.28,22.06,0.04209922597297574,0.45523915381043073,0.49951557865278207
340,5.666666666666667,base,base,1,0.078,0.075,93.12,21.8,0.04209922597297574,0.45523915381043073,0.49951557865278207
341,5.683333333333334,base,base,1,0.08,0.075,92.81,21.62,0.04209922597297574,0.45523915381043073,0.49951557865278207
342,5.7,base,base,1,0.078,0.075,92.01,21.56,0.04209922597297574,0.45523915381043073,0.49951557865278207
343,5.716666666666667,base,base,1,0.077,0.075,92.2,21.73,0.04209922597297574,0.45523915381043073,0.49951557865278207
344,5.733333333333333,base,base,1,0.077,0.075,92.61,21.76,0.04209922597297574,0.45523915381043073,0.49951557865278207
345,5.75,base,base,1,0.076,0.075,91.93,21.64,0.04209922597297574,0.45523915381043073,0.49951557865278207
346,5.766666666666667,base,base,1,0.076,0.075,92.22,21.69,0.04209922597297574,0.45523915381043073,0.49951557865278207
347,5.783333333333333,base,base,1,0.076,0.075,93.1,21.84,0.04209922597297574,0.45523915381043073,0.49951557865278207
348,5.8,base,base,1,0.077,0.075,93.56,21.87,0.04209922597297574,0.45523915381043073,0.49951557865278207
349,5.816666666666666,base,base,1,0.078,0.075,94.01,21.95,0.04209922597297574,0.45523915381043073,0.49951557865278207
350,5.833333333333333,base,base,1,0.078,0.075,93.97,21.75,0.04209922597297574,0.45523915381043073,0.49951557865278207
351,5.85,base,base,1,0.08,0.075,93.67,21.78,0.04209922597297574,0.45523915381043073,0.49951557865278207
352,5.866666666666666,base,base,1,0.079,0.075,94.67,22.0,0.04209922597297574,0.45523915381043073,0.49951557865278207
353,5.883333333333334,base,base,1,0.078,0.075,94.79,21.96,0.04209922597297574,0.45523915381043073,0.49951557865278207
354,5.9,base,base,1,0.078,0.075,94.35,21.9,0.04209922597297574,0.45523915381043073,0.49951557865278207
355,5.916666666666667,base,base,1,0.08,0.075,93.24,21.75,0.04209922597297574,0.45523915381043073,0.49951557865278207
356,5.933333333333334,base,base,1,0.079,0.075,94.44,21.94,0.04209922597297574,0.45523915381043073,0.49951557865278207
357,5.95,base,base,1,0.078,0.075,94.2,21.91,0.04209922597297574,0.45523915381043073,0.49951557865278207
358,5.966666666666667,base,base,1,0.077,0.075,94.7,22.14,0.04209922597297574,0.45523915381043073,0.49951557865278207
359,5.983333333333333,base,base,1,0.077,0.075,94.6,22.1,0.04209922597297574,0.45523915381043073,0.49951557865278207
360,6.0,base,base,1,0.078,0.075,94.45,21.99,0.04209922597297574,0.45523915381043073,0.49951557865278207
361,6.016666666666667,base,base,1,0.078,0.075,93.76,21.98,0.04209922597297574,0.45523915381043073,0.49951557865278207
362,6.033333333333333,base,base,1,0.076,0.075,93.19,22.17,0.04209922597297574,0.45523915381043073,0.49951557865278207
363,6.05,base,base,1,0.076,0.075,93.95,22.12,0.04209922597297574,0.45523915381043073,0.49951557865278207
364,6.066666666666666,base,base,1,0.077,0.075,94.26,22.06,0.04209922597297574,0.45523915381043073,0.49951557865278207
365,6.083333333333333,base,base,1,0.077,0.075,93.94,21.97,0.04209922597297574,0.45523915381043073,0.49951557865278207
366,6.1,base,base,1,0.078,0.075,94.06,22.07,0.04209922597297574,0.45523915381043073,0.49951557865278207
367,6.116666666666666,base,base,1,0.078,0.075,94.52,21.9,0.04209922597297574,0.45523915381043073,0.49951557865278207
368,6.133333333333334,base,base,1,0.077,0.075,94.59,22.0,0.04209922597297574,0.45523915381043073,0.49951557865278207
369,6.15,base,base,1,0.078,0.075,94.32,21.95,0.04209922597297574,0.45523915381043073,0.49951557865278207
370,6.166666666666667,base,base,1,0.077,0.075,93.18,21.71,0.04209922597297574,0.45523915381043073,0.49951557865278207
371,6.183333333333334,base,base,1,0.077,0.075,93.88,21.95,0.04209922597297574,0.45523915381043073,0.49951557865278207
372,6.2,base,base,1,0.077,0.075,94.19,21.86,0.04209922597297574,0.45523915381043073,0.49951557865278207
373,6.216666666666667,base,base,1,0.077,0.075,93.52,21.83,0.04209922597297574,0.45523915381043073,0.49951557865278207
374,6.233333333333333,base,base,1,0.076,0.075,93.7,21.88,0.04209922597297574,0.45523915381043073,0.49951557865278207
375,6.25,base,base,1,0.077,0.075,93.8,21.79,0.04209922597297574,0.45523915381043073,0.49951557865278207
376,6.266666666666667,base,base,1,0.077,0.075,94.67,21.99,0.04209922597297574,0.45523915381043073,0.49951557865278207
377,6.283333333333333,base,base,1,0.077,0.075,94.36,22.05,0.04209922597297574,0.45523915381043073,0.49951557865278207
378,6.3,base,base,1,0.079,0.075,93.4,22.21,0.04209922597297574,0.45523915381043073,0.49951557865278207
379,6.316666666666666,base,base,1,0.078,0.075,94.24,22.08,0.04209922597297574,0.45523915381043073,0.49951557865278207
380,6.333333333333333,base,base,1,0.077,0.075,94.49,22.2,0.04209922597297574,0.45523915381043073,0.49951557865278207
381,6.35,base,base,1,0.078,0.075,93.95,22.18,0.04209922597297574,0.45523915381043073,0.49951557865278207
382,6.366666666666666,base,base,1,0.077,0.075,94.65,22.02,0.04209922597297574,0.45523915381043073,0.49951557865278207
383,6.383333333333334,base,base,1,0.077,0.075,94.86,21.99,0.04209922597297574,0.45523915381043073,0.49951557865278207
384,6.4,base,base,1,0.078,0.075,94.67,22.06,0.04209922597297574,0.45523915381043073,0.49951557865278207
385,6.416666666666667,base,base,1,0.078,0.075,94.39,21.89,0.04209922597297574,0.45523915381043073,0.49951557865278207
386,6.433333333333334,base,base,1,0.078,0.075,94.29,22.09,0.04209922597297574,0.45523915381043073,0.49951557865278207
387,6.45,base,base,1,0.077,0.075,93.59,22.13,0.04209922597297574,0.45523915381043073,0.49951557865278207
388,6.466666666666667,base,base,1,0.076,0.075,94.34,22.06,0.04209922597297574,0.45523915381043073,0.49951557865278207
389,6.483333333333333,base,base,1,0.077,0.075,93.39,22.23,0.04209922597297574,0.45523915381043073,0.49951557865278207
390,6.5,base,base,1,0.077,0.075,93.89,22.09,0.04209922597297574,0.45523915381043073,0.49951557865278207
391,6.516666666666667,base,base,1,0.076,0.075,94.21,22.05,0.04209922597297574,0.45523915381043073,0.49951557865278207
392,6.533333333333333,base,base,1,0.077,0.075,93.64,21.91,0.04209922597297574,0.45523915381043073,0.49951557865278207
393,6.55,base,base,1,0.076,0.075,94.21,22.07,0.04209922597297574,0.45523915381043073,0.49951557865278207
394,6.566666666666666,base,base,1,0.076,0.075,93.59,21.78,0.04209922597297574,0.45523915381043073,0.49951557865278207
395,6.583333333333333,base,base,1,0.076,0.075,93.64,21.86,0.04209922597297574,0.45523915381043073,0.49951557865278207
396,6.6,base,base,1,0.076,0.075,93.31,21.76,0.04209922597297574,0.45523915381043073,0.49951557865278207
397,6.616666666666666,base,base,1,0.077,0.075,93.19,21.71,0.04209922597297574,0.45523915381043073,0.49951557865278207
398,6.633333333333334,base,base,1,0.076,0.075,93.63,21.77,0.04209922597297574,0.45523915381043073,0.49951557865278207
399,6.65,base,base,1,0.076,0.075,94.24,21.94,0.04209922597297574,0.45523915381043073,0.49951557865278207
400,6.666666666666667,base,base,1,0.076,0.075,94.1,21.92,0.04209922597297574,0.45523915381043073,0.49951557865278207
401,6.683333333333334,base,base,1,0.076,0.075,93.87,21.92,0.04209922597297574,0.45523915381043073,0.49951557865278207
402,6.7,base,base,1,0.076,0.075,93.99,21.97,0.04209922597297574,0.45523915381043073,0.49951557865278207
403,6.716666666666667,base,base,1,0.076,0.075,94.17,22.06,0.04209922597297574,0.45523915381043073,0.49951557865278207
404,6.733333333333333,base,base,1,0.076,0.075,93.15,22.18,0.04209922597297574,0.45523915381043073,0.49951557865278207
405,6.75,base,base,1,0.076,0.075,94.49,22.04,0.04209922597297574,0.45523915381043073,0.49951557865278207
406,6.766666666666667,base,base,1,0.076,0.075,93.07,22.41,0.04209922597297574,0.45523915381043073,0.49951557865278207
407,6.783333333333333,base,base,1,0.077,0.075,93.87,22.21,0.04209922597297574,0.45523915381043073,0.49951557865278207
408,6.8,base,base,1,0.076,0.075,94.42,22.03,0.04209922597297574,0.45523915381043073,0.49951557865278207
409,6.816666666666666,base,base,1,0.076,0.075,93.97,22.0,0.04209922597297574,0.45523915381043073,0.49951557865278207
410,6.833333333333333,base,base,1,0.076,0.075,93.42,22.3,0.04209922597297574,0.45523915381043073,0.49951557865278207
411,6.85,base,base,1,0.076,0.075,93.3,22.36,0.04209922597297574,0.45523915381043073,0.49951557865278207
412,6.866666666666666,base,base,1,0.077,0.075,93.37,22.26,0.04209922597297574,0.45523915381043073,0.49951557865278207
413,6.883333333333334,base,base,1,0.076,0.075,94.02,22.12,0.04209922597297574,0.45523915381043073,0.49951557865278207
414,6.9,base,base,1,0.076,0.075,94.37,21.86,0.04209922597297574,0.45523915381043073,0.49951557865278207
415,6.916666666666667,base,base,1,0.078,0.075,94.44,21.85,0.04209922597297574,0.45523915381043073,0.49951557865278207
416,6.933333333333334,base,base,1,0.077,0.075,94.2,21.93,0.04209922597297574,0.45523915381043073,0.49951557865278207
417,6.95,base,base,1,0.078,0.075,94.0,21.8,0.04209922597297574,0.45523915381043073,0.49951557865278207
418,6.966666666666667,base,base,1,0.076,0.075,93.44,21.82,0.04209922597297574,0.45523915381043073,0.49951557865278207
419,6.983333333333333,base,base,1,0.076,0.075,93.69,21.89,0.04209922597297574,0.45523915381043073,0.49951557865278207
420,7.0,base,base,1,0.076,0.075,94.21,21.8,0.04209922597297574,0.45523915381043073,0.49951557865278207
421,7.016666666666667,base,base,1,0.077,0.075,94.58,22.05,0.04209922597297574,0.45523915381043073,0.49951557865278207
422,7.033333333333333,base,base,1,0.076,0.075,93.39,21.68,0.04209922597297574,0.45523915381043073,0.49951557865278207
423,7.05,base,base,1,0.076,0.075,94.57,21.94,0.04209922597297574,0.45523915381043073,0.49951557865278207
424,7.066666666666666,base,base,1,0.076,0.075,93.52,22.05,0.04209922597297574,0.45523915381043073,0.49951557865278207
425,7.083333333333333,base,base,1,0.076,0.075,94.34,22.04,0.04209922597297574,0.45523915381043073,0.49951557865278207
426,7.1,base,base,1,0.076,0.075,94.17,21.99,0.04209922597297574,0.45523915381043073,0.49951557865278207
427,7.116666666666666,base,base,1,0.076,0.075,94.72,21.99,0.04209922597297574,0.45523915381043073,0.49951557865278207
428,7.133333333333334,base,base,1,0.076,0.075,94.04,21.89,0.04209922597297574,0.45523915381043073,0.49951557865278207
429,7.15,base,base,1,0.076,0.075,94.27,22.12,0.04209922597297574,0.45523915381043073,0.49951557865278207
430,7.166666666666667,base,base,1,0.076,0.075,93.98,22.25,0.04209922597297574,0.45523915381043073,0.49951557865278207
431,7.183333333333334,base,base,1,0.076,0.075,95.11,22.0,0.04209922597297574,0.45523915381043073,0.49951557865278207
432,7.2,base,base,1,0.076,0.075,94.91,22.13,0.04209922597297574,0.45523915381043073,0.49951557865278207
433,7.216666666666667,base,base,1,0.076,0.075,94.52,22.09,0.04209922597297574,0.45523915381043073,0.49951557865278207
434,7.233333333333333,base,base,1,0.076,0.075,94.82,22.14,0.04209922597297574,0.45523915381043073,0.49951557865278207
435,7.25,base,base,1,0.076,0.075,94.14,22.12,0.04209922597297574,0.45523915381043073,0.49951557865278207
436,7.266666666666667,occ,base,0,0.076,0.075,92.97,22.33,0.04209922597297574,0.45523915381043073,0.49951557865278207
437,7.283333333333333,occ,base,0,0.097,0.075,92.65,22.38,0.04209922597297574,0.45523915381043073,0.49951557865278207
438,7.3,occ,base,0,0.115,0.075,92.77,22.25,0.04209922597297574,0.45523915381043073,0.49951557865278207
439,7.316666666666666,occ,base,0,0.137,0.075,92.22,22.45,0.04209922597297574,0.45523915381043073,0.49951557865278207
440,7.333333333333333,occ,base,0,0.144,0.075,93.23,22.35,0.04209922597297574,0.45523915381043073,0.49951557865278207
441,7.35,occ,base,0,0.145,0.075,93.23,22.33,0.04209922597297574,0.45523915381043073,0.49951557865278207
442,7.366666666666666,occ,base,0,0.135,0.075,93.62,21.88,0.04209922597297574,0.45523915381043073,0.49951557865278207
443,7.383333333333334,occ,base,0,0.134,0.075,93.42,22.06,0.04209922597297574,0.45523915381043073,0.49951557865278207
444,7.4,occ,base,0,0.161,0.075,93.48,21.97,0.04209922597297574,0.45523915381043073,0.49951557865278207
445,7.416666666666667,occ,base,0,0.18,0.075,92.91,22.05,0.04209922597297574,0.45523915381043073,0.49951557865278207
446,7.433333333333334,occ,base,0,0.186,0.075,92.82,22.22,0.04209922597297574,0.45523915381043073,0.49951557865278207
447,7.45,occ,base,0,0.136,0.075,91.82,22.29,0.04209922597297574,0.45523915381043073,0.49951557865278207
448,7.466666666666667,occ,base,0,0.134,0.075,92.44,22.12,0.04209922597297574,0.45523915381043073,0.49951557865278207
449,7.483333333333333,occ,base,0,0.111,0.075,92.04,22.17,0.04209922597297574,0.45523915381043073,0.49951557865278207
450,7.5,occ,base,0,0.142,0.075,92.79,22.01,0.04209922597297574,0.45523915381043073,0.49951557865278207
451,7.516666666666667,occ,base,0,0.125,0.075,91.83,22.26,0.04209922597297574,0.45523915381043073,0.49951557865278207
452,7.533333333333333,occ,base,0,0.124,0.075,92.45,22.12,0.04209922597297574,0.45523915381043073,0.49951557865278207
453,7.55,occ,base,0,0.143,0.075,91.57,22.34,0.04209922597297574,0.45523915381043073,0.49951557865278207
454,7.566666666666666,occ,base,0,0.119,0.075,90.66,22.47,0.04209922597297574,0.45523915381043073,0.49951557865278207
455,7.583333333333333,occ,base,0,0.118,0.075,91.31,22.4,0.04209922597297574,0.45523915381043073,0.49951557865278207
456,7.6,occ,base,0,0.129,0.075,90.79,22.31,0.04209922597297574,0.45523915381043073,0.49951557865278207
457,7.616666666666666,occ,base,0,0.21,0.075,90.19,22.29,0.04209922597297574,0.45523915381043073,0.49951557865278207
458,7.633333333333334,occ,base,0,0.293,0.075,90.55,22.33,0.04209922597297574,0.45523915381043073,0.49951557865278207
459,7.65,occ,base,0,0.34,0.075,90.29,22.48,0.04209922597297574,0.45523915381043073,0.49951557865278207
460,7.666666666666667,occ,base,0,0.252,0.075,89.53,22.51,0.04209922597297574,0.45523915381043073,0.49951557865278207
461,7.683333333333334,occ,base,0,0.223,0.075,90.62,22.54,0.04209922597297574,0.45523915381043073,0.49951557865278207
462,7.7,occ,base,0,0.144,0.075,89.91,22.6,0.04209922597297574,0.45523915381043073,0.49951557865278207
463,7.716666666666667,occ,base,0,0.12,0.075,90.14,22.62,0.04209922597297574,0.45523915381043073,0.49951557865278207
464,7.733333333333333,occ,base,0,0.101,0.075,90.55,22.41,0.04209922597297574,0.45523915381043073,0.49951557865278207
465,7.75,occ,base,0,0.09,0.075,90.01,22.41,0.04209922597297574,0.45523915381043073,0.49951557865278207
466,7.766666666666667,occ,base,0,0.094,0.075,91.13,22.32,0.04209922597297574,0.45523915381043073,0.49951557865278207
467,7.783333333333333,occ,base,0,0.089,0.075,88.07,22.73,0.04209922597297574,0.45523915381043073,0.49951557865278207
468,7.8,occ,base,0,0.1,0.075,88.95,22.75,0.04209922597297574,0.45523915381043073,0.49951557865278207
469,7.816666666666666,occ,base,0,0.086,0.075,88.82,22.62,0.04209922597297574,0.45523915381043073,0.49951557865278207
470,7.833333333333333,occ,base,0,0.087,0.075,88.35,22.51,0.04209922597297574,0.45523915381043073,0.49951557865278207
471,7.85,occ,base,0,0.096,0.075,87.54,22.61,0.04209922597297574,0.45523915381043073,0.49951557865278207
472,7.866666666666666,occ,base,0,0.131,0.075,88.82,22.57,0.04209922597297574,0.45523915381043073,0.49951557865278207
473,7.883333333333334,occ,base,0,0.146,0.075,87.29,22.67,0.04209922597297574,0.45523915381043073,0.49951557865278207
474,7.9,occ,base,0,0.145,0.075,87.7,22.7,0.04209922597297574,0.45523915381043073,0.49951557865278207
475,7.916666666666667,occ,base,0,0.181,0.075,88.71,22.53,0.04209922597297574,0.45523915381043073,0.49951557865278207
476,7.933333333333334,occ,base,0,0.137,0.075,88.07,22.61,0.04209922597297574,0.45523915381043073,0.49951557865278207
477,7.95,occ,base,0,0.119,0.075,87.21,22.76,0.04209922597297574,0.45523915381043073,0.49951557865278207
478,7.966666666666667,occ,base,0,0.108,0.075,86.52,22.74,0.04209922597297574,0.45523915381043073,0.49951557865278207
479,7.983333333333333,occ,base,0,0.105,0.075,86.19,22.88,0.04209922597297574,0.45523915381043073,0.49951557865278207
480,8.0,occ,base,0,0.096,0.075,85.95,22.89,0.04209922597297574,0.45523915381043073,0.49951557865278207
481,8.016666666666667,occ,base,0,0.117,0.075,86.27,22.95,0.04209922597297574,0.45523915381043073,0.49951557865278207
482,8.033333333333333,full,base,0,0.12,0.075,85.01,23.2,0.04209922597297574,0.45523915381043073,0.49951557865278207
483,8.05,full,base,0,0.153,0.075,85.94,23.07,0.04209922597297574,0.45523915381043073,0.49951557865278207
484,8.066666666666666,full,base,0,0.178,0.075,84.9,23.21,0.04209922597297574,0.45523915381043073,0.49951557865278207
485,8.083333333333334,full,base,0,0.343,0.075,84.8,23.13,0.04209922597297574,0.45523915381043073,0.49951557865278207
486,8.1,full,occ,0,0.699,0.075,84.72,23.16,0.043340870507446075,0.4702186893185843,0.49871756770768666
487,8.116666666666667,full,occ,0,0.879,0.075,86.05,22.98,0.043340870507446075,0.4702186893185843,0.49871756770768666
488,8.133333333333333,full,occ,0,0.897,0.075,85.23,23.1,0.043340870507446075,0.4702186893185843,0.49871756770768666
489,8.15,full,occ,0,0.915,0.075,84.4,23.19,0.043340870507446075,0.4702186893185843,0.49871756770768666
490,8.166666666666666,full,occ,0,0.919,0.075,82.71,23.44,0.043340870507446075,0.4702186893185843,0.49871756770768666
491,8.183333333333334,full,occ,0,0.921,0.075,83.26,23.57,0.043340870507446075,0.4702186893185843,0.49871756770768666
492,8.2,full,occ,0,0.919,0.075,83.28,23.57,0.043340870507446075,0.4702186893185843,0.49871756770768666
493,8.216666666666667,full,occ,0,0.918,0.075,82.79,23.45,0.043340870507446075,0.4702186893185843,0.49871756770768666
494,8.233333333333333,full,occ,0,0.921,0.075,81.99,23.65,0.043340870507446075,0.4702186893185843,0.49871756770768666
495,8.25,full,occ,0,0.922,0.075,82.02,23.57,0.043340870507446075,0.4702186893185843,0.49871756770768666
496,8.266666666666667,full,occ,0,0.922,0.075,81.46,23.71,0.043340870507446075,0.4702186893185843,0.49871756770768666
497,8.283333333333333,full,occ,0,0.92,0.075,81.48,23.75,0.043340870507446075,0.4702186893185843,0.49871756770768666
498,8.3,full,occ,0,0.919,0.075,81.34,23.72,0.043340870507446075,0.4702186893185843,0.49871756770768666
499,8.316666666666666,full,occ,0,0.92,0.075,80.88,23.74,0.043340870507446075,0.4702186893185843,0.49871756770768666
500,8.333333333333334,full,occ,0,0.922,0.075,81.34,23.79,0.043340870507446075,0.4702186893185843,0.49871756770768666
501,8.35,full,occ,0,0.917,0.075,81.32,23.5,0.043340870507446075,0.4702186893185843,0.49871756770768666
502,8.366666666666667,full,occ,0,0.921,0.075,81.24,23.54,0.043340870507446075,0.4702186893185843,0.49871756770768666
503,8.383333333333333,full,occ,0,0.922,0.075,81.39,23.56,0.043340870507446075,0.4702186893185843,0.49871756770768666
504,8.4,full,occ,0,0.919,0.075,79.44,23.79,0.043340870507446075,0.4702186893185843,0.49871756770768666
505,8.416666666666666,full,occ,0,0.921,0.075,78.73,23.95,0.043340870507446075,0.4702186893185843,0.49871756770768666
506,8.433333333333334,full,occ,0,0.922,0.075,79.39,24.03,0.043340870507446075,0.4702186893185843,0.49871756770768666
507,8.45,full,occ,0,0.919,0.075,79.51,23.84,0.043340870507446075,0.4702186893185843,0.49871756770768666
508,8.466666666666667,full,occ,0,0.922,0.075,80.13,23.78,0.043340870507446075,0.4702186893185843,0.49871756770768666
509,8.483333333333333,full,occ,0,0.919,0.075,80.04,23.82,0.043340870507446075,0.4702186893185843,0.49871756770768666
510,8.5,full,occ,0,0.919,0.075,80.24,23.82,0.043340870507446075,0.4702186893185843,0.49871756770768666
511,8.516666666666667,full,occ,0,0.919,0.075,80.01,23.92,0.043340870507446075,0.4702186893185843,0.49871756770768666
512,8.533333333333333,full,occ,0,0.919,0.075,80.77,23.62,0.043340870507446075,0.4702186893185843,0.49871756770768666
513,8.55,full,occ,0,0.918,0.075,79.74,23.79,0.043340870507446075,0.4702186893185843,0.49871756770768666
514,8.566666666666666,full,occ,0,0.922,0.075,79.27,23.92,0.043340870507446075,0.4702186893185843,0.49871756770768666
515,8.583333333333334,full,occ,0,0.922,0.075,79.25,23.98,0.043340870507446075,0.4702186893185843,0.49871756770768666
516,8.6,full,occ,0,0.921,0.075,79.09,24.0,0.043340870507446075,0.4702186893185843,0.49871756770768666
517,8.616666666666667,full,occ,0,0.923,0.075,79.71,23.98,0.043340870507446075,0.4702186893185843,0.49871756770768666
518,8.633333333333333,full,occ,0,0.921,0.075,80.68,23.76,0.043340870507446075,0.4702186893185843,0.49871756770768666
519,8.65,full,occ,0,0.922,0.075,80.46,23.82,0.043340870507446075,0.4702186893185843,0.49871756770768666
520,8.666666666666666,full,occ,0,0.921,0.075,79.75,23.98,0.043340870507446075,0.4702186893185843,0.49871756770768666
521,8.683333333333334,full,occ,0,0.921,0.075,79.68,23.99,0.043340870507446075,0.4702186893185843,0.49871756770768666
522,8.7,full,occ,0,0.923,0.075,78.71,24.17,0.043340870507446075,0.4702186893185843,0.49871756770768666
523,8.716666666666667,full,occ,0,0.923,0.075,79.33,24.23,0.043340870507446075,0.4702186893185843,0.49871756770768666
524,8.733333333333333,full,occ,0,0.922,0.075,79.21,24.17,0.043340870507446075,0.4702186893185843,0.49871756770768666
525,8.75,full,occ,0,0.923,0.075,78.55,24.27,0.043340870507446075,0.4702186893185843,0.49871756770768666
526,8.766666666666667,full,occ,0,0.923,0.075,79.51,24.09,0.043340870507446075,0.4702186893185843,0.49871756770768666
527,8.783333333333333,full,occ,0,0.922,0.075,78.71,24.13,0.043340870507446075,0.4702186893185843,0.49871756770768666
528,8.8,full,occ,0,0.923,0.075,78.83,24.2,0.043340870507446075,0.4702186893185843,0.49871756770768666
529,8.816666666666666,full,occ,0,0.923,0.075,78.64,24.07,0.043340870507446075,0.4702186893185843,0.49871756770768666
530,8.833333333333334,full,occ,0,0.923,0.075,78.84,24.12,0.043340870507446075,0.4702186893185843,0.49871756770768666
531,8.85,full,occ,0,0.923,0.075,77.73,24.28,0.043340870507446075,0.4702186893185843,0.49871756770768666
532,8.866666666666667,full,occ,0,0.923,0.075,77.81,24.28,0.043340870507446075,0.4702186893185843,0.49871756770768666
533,8.883333333333333,full,occ,0,0.922,0.075,77.47,24.41,0.043340870507446075,0.4702186893185843,0.49871756770768666
534,8.9,full,occ,0,0.923,0.075,76.88,24.5,0.043340870507446075,0.4702186893185843,0.49871756770768666
535,8.916666666666666,full,occ,0,0.923,0.075,78.55,24.29,0.043340870507446075,0.4702186893185843,0.49871756770768666
536,8.933333333333334,full,occ,0,0.922,0.075,78.22,24.32,0.043340870507446075,0.4702186893185843,0.49871756770768666
537,8.95,full,occ,0,0.923,0.075,78.17,24.31,0.043340870507446075,0.4702186893185843,0.49871756770768666
538,8.966666666666667,full,occ,0,0.923,0.075,79.19,24.22,0.043340870507446075,0.4702186893185843,0.49871756770768666
539,8.983333333333333,full,occ,0,0.922,0.075,79.41,24.08,0.043340870507446075,0.4702186893185843,0.49871756770768666
540,9.0,full,occ,0,0.923,0.075,80.18,24.02,0.043340870507446075,0.4702186893185843,0.49871756770768666
541,9.016666666666667,full,occ,0,0.922,0.075,78.35,24.28,0.043340870507446075,0.4702186893185843,0.49871756770768666
542,9.033333333333333,full,occ,0,0.923,0.075,77.58,24.45,0.043340870507446075,0.4702186893185843,0.49871756770768666
543,9.05,full,occ,0,0.923,0.075,78.2,24.42,0.043340870507446075,0.4702186893185843,0.49871756770768666
544,9.066666666666666,full,occ,0,0.923,0.075,78.64,24.13,0.043340870507446075,0.4702186893185843,0.49871756770768666
545,9.083333333333334,full,occ,0,0.923,0.075,78.59,24.02,0.043340870507446075,0.4702186893185843,0.49871756770768666
546,9.1,full,occ,0,0.923,0.075,78.36,24.15,0.043340870507446075,0.4702186893185843,0.49871756770768666
547,9.116666666666667,full,occ,0,0.923,0.075,78.63,24.11,0.043340870507446075,0.4702186893185843,0.49871756770768666
548,9.133333333333333,full,occ,0,0.922,0.075,77.93,24.19,0.043340870507446075,0.4702186893185843,0.49871756770768666
549,9.15,full,occ,0,0.923,0.075,79.32,24.04,0.043340870507446075,0.4702186893185843,0.49871756770768666
550,9.166666666666666,full,occ,0,0.921,0.075,77.99,24.14,0.043340870507446075,0.4702186893185843,0.49871756770768666
551,9.183333333333334,full,occ,0,0.922,0.075,78.71,24.08,0.043340870507446075,0.4702186893185843,0.49871756770768666
552,9.2,full,occ,0,0.919,0.075,78.74,24.02,0.043340870507446075,0.4702186893185843,0.49871756770768666
553,9.216666666666667,full,occ,0,0.921,0.075,78.38,24.04,0.043340870507446075,0.4702186893185843,0.49871756770768666
554,9.233333333333333,full,occ,0,0.923,0.075,77.79,24.26,0.043340870507446075,0.4702186893185843,0.49871756770768666
555,9.25,full,occ,0,0.922,0.075,78.08,24.33,0.043340870507446075,0.4702186893185843,0.49871756770768666
556,9.266666666666667,full,occ,0,0.921,0.075,78.24,24.26,0.043340870507446075,0.4702186893185843,0.49871756770768666
557,9.283333333333333,full,occ,0,0.921,0.075,77.3,24.38,0.043340870507446075,0.4702186893185843,0.49871756770768666
558,9.3,full,occ,0,0.922,0.075,77.51,24.43,0.043340870507446075,0.4702186893185843,0.49871756770768666
559,9.316666666666666,full,occ,0,0.921,0.075,78.38,24.18,0.043340870507446075,0.4702186893185843,0.49871756770768666
560,9.333333333333334,full,occ,0,0.921,0.075,77.7,24.33,0.043340870507446075,0.4702186893185843,0.49871756770768666
561,9.35,full,occ,0,0.921,0.075,78.81,24.27,0.043340870507446075,0.4702186893185843,0.49871756770768666
562,9.366666666666667,full,occ,0,0.918,0.075,77.66,24.42,0.043340870507446075,0.4702186893185843,0.49871756770768666
563,9.383333333333333,full,occ,0,0.919,0.075,75.99,24.65,0.043340870507446075,0.4702186893185843,0.49871756770768666
564,9.4,full,occ,0,0.921,0.075,77.55,24.39,0.043340870507446075,0.4702186893185843,0.49871756770768666
565,9.416666666666666,full,occ,0,0.92,0.075,77.89,24.3,0.043340870507446075,0.4702186893185843,0.49871756770768666
566,9.433333333333334,full,occ,0,0.921,0.075,78.11,24.27,0.043340870507446075,0.4702186893185843,0.49871756770768666
567,9.45,full,occ,0,0.92,0.075,77.73,24.37,0.043340870507446075,0.4702186893185843,0.49871756770768666
568,9.466666666666667,full,occ,0,0.92,0.075,77.47,24.48,0.043340870507446075,0.4702186893185843,0.49871756770768666
569,9.483333333333333,full,occ,0,0.92,0.075,77.78,24.36,0.043340870507446075,0.4702186893185843,0.49871756770768666
570,9.5,full,occ,0,0.921,0.075,77.02,24.55,0.043340870507446075,0.4702186893185843,0.49871756770768666
571,9.516666666666667,full,occ,0,0.92,0.075,77.21,24.47,0.043340870507446075,0.4702186893185843,0.49871756770768666
572,9.533333333333333,full,occ,0,0.921,0.075,77.17,24.38,0.043340870507446075,0.4702186893185843,0.49871756770768666
573,9.55,full,occ,0,0.921,0.075,77.49,24.27,0.043340870507446075,0.4702186893185843,0.49871756770768666
574,9.566666666666666,full,occ,0,0.922,0.075,77.36,24.49,0.043340870507446075,0.4702186893185843,0.49871756770768666
575,9.583333333333334,full,occ,0,0.92,0.075,77.86,24.3,0.043340870507446075,0.4702186893185843,0.49871756770768666
576,9.6,full,occ,0,0.921,0.075,77.67,24.33,0.043340870507446075,0.4702186893185843,0.49871756770768666
577,9.616666666666667,full,occ,0,0.921,0.075,78.63,24.23,0.043340870507446075,0.4702186893185843,0.49871756770768666
578,9.633333333333333,full,occ,0,0.919,0.075,77.47,24.39,0.043340870507446075,0.4702186893185843,0.49871756770768666
579,9.65,full,occ,0,0.921,0.075,76.38,24.5,0.043340870507446075,0.4702186893185843,0.49871756770768666
580,9.666666666666666,full,occ,0,0.922,0.075,77.89,24.25,0.043340870507446075,0.4702186893185843,0.49871756770768666
581,9.683333333333334,full,occ,0,0.921,0.075,77.61,24.43,0.043340870507446075,0.4702186893185843,0.49871756770768666
582,9.7,full,occ,0,0.92,0.075,77.6,24.26,0.043340870507446075,0.4702186893185843,0.49871756770768666
583,9.716666666666667,full,occ,0,0.921,0.075,77.57,24.29,0.043340870507446075,0.4702186893185843,0.49871756770768666
584,9.733333333333333,full,occ,0,0.921,0.075,77.45,24.19,0.043340870507446075,0.4702186893185843,0.49871756770768666
585,9.75,full,occ,0,0.922,0.075,76.86,24.42,0.043340870507446075,0.4702186893185843,0.49871756770768666
586,9.766666666666667,full,occ,0,0.921,0.075,78.86,24.12,0.043340870507446075,0.4702186893185843,0.49871756770768666
587,9.783333333333333,full,occ,0,0.918,0.075,77.77,24.09,0.043340870507446075,0.4702186893185843,0.49871756770768666
588,9.8,full,occ,0,0.921,0.075,77.76,24.12,0.043340870507446075,0.4702186893185843,0.49871756770768666
589,9.816666666666666,full,occ,0,0.92,0.075,77.9,24.09,0.043340870507446075,0.4702186893185843,0.49871756770768666
590,9.833333333333334,full,occ,0,0.918,0.075,76.8,24.37,0.043340870507446075,0.4702186893185843,0.49871756770768666
591,9.85,full,occ,0,0.919,0.075,77.19,24.25,0.043340870507446075,0.4702186893185843,0.49871756770768666
592,9.866666666666667,full,occ,0,0.92,0.075,76.41,24.34,0.043340870507446075,0.4702186893185843,0.49871756770768666
593,9.883333333333333,full,occ,0,0.921,0.075,76.45,24.42,0.043340870507446075,0.4702186893185843,0.49871756770768666
594,9.9,full,occ,0,0.92,0.075,76.74,24.35,0.043340870507446075,0.4702186893185843,0.49871756770768666
595,9.916666666666666,full,occ,0,0.92,0.075,76.64,24.28,0.043340870507446075,0.4702186893185843,0.49871756770768666
596,9.933333333333334,full,occ,0,0.917,0.075,76.1,24.33,0.043340870507446075,0.4702186893185843,0.49871756770768666
597,9.95,full,occ,0,0.921,0.075,77.8,24.06,0.043340870507446075,0.4702186893185843,0.49871756770768666
598,9.966666666666667,full,occ,0,0.919,0.075,76.33,24.19,0.043340870507446075,0.4702186893185843,0.49871756770768666
599,9.983333333333333,full,occ,0,0.918,0.075,77.23,24.21,0.043340870507446075,0.4702186893185843,0.49871756770768666
600,10.0,full,occ,0,0.91,0.075,77.05,24.18,0.043340870507446075,0.4702186893185843,0.49871756770768666
601,10.016666666666667,full,occ,0,0.9,0.075,75.43,24.42,0.043340870507446075,0.4702186893185843,0.49871756770768666
602,10.033333333333333,full,occ,0,0.908,0.075,76.01,24.24,0.043340870507446075,0.4702186893185843,0.49871756770768666
603,10.05,full,occ,0,0.915,0.075,75.21,24.55,0.043340870507446075,0.4702186893185843,0.49871756770768666
604,10.066666666666666,full,occ,0,0.901,0.075,75.35,24.49,0.043340870507446075,0.4702186893185843,0.49871756770768666
605,10.083333333333334,full,occ,0,0.878,0.075,75.96,24.29,0.043340870507446075,0.4702186893185843,0.49871756770768666
606,10.1,full,occ,0,0.877,0.075,74.97,24.51,0.043340870507446075,0.4702186893185843,0.49871756770768666
607,10.116666666666667,full,occ,0,0.905,0.075,75.57,24.45,0.043340870507446075,0.4702186893185843,0.49871756770768666
608,10.133333333333333,full,occ,0,0.905,0.075,75.12,24.38,0.043340870507446075,0.4702186893185843,0.49871756770768666
609,10.15,full,occ,0,0.913,0.075,76.07,24.29,0.043340870507446075,0.4702186893185843,0.49871756770768666
610,10.166666666666666,full,occ,0,0.911,0.075,75.69,24.5,0.043340870507446075,0.4702186893185843,0.49871756770768666
611,10.183333333333334,full,occ,0,0.917,0.075,75.64,24.48,0.043340870507446075,0.4702186893185843,0.49871756770768666
612,10.2,full,occ,0,0.918,0.075,75.99,24.29,0.043340870507446075,0.4702186893185843,0.49871756770768666
613,10.216666666666667,full,occ,0,0.921,0.075,76.49,24.41,0.043340870507446075,0.4702186893185843,0.49871756770768666
614,10.233333333333333,full,occ,0,0.918,0.075,76.11,24.52,0.043340870507446075,0.4702186893185843,0.49871756770768666
615,10.25,full,occ,0,0.917,0.075,76.31,24.31,0.043340870507446075,0.4702186893185843,0.49871756770768666
616,10.266666666666667,full,occ,0,0.918,0.075,75.88,24.35,0.043340870507446075,0.4702186893185843,0.49871756770768666
617,10.283333333333333,full,occ,0,0.919,0.075,75.87,24.53,0.043340870507446075,0.4702186893185843,0.49871756770768666
618,10.3,full,occ,0,0.916,0.075,75.1,24.54,0.043340870507446075,0.4702186893185843,0.49871756770768666
619,10.316666666666666,full,occ,0,0.919,0.075,75.45,24.62,0.043340870507446075,0.4702186893185843,0.49871756770768666
620,10.333333333333334,full,occ,0,0.914,0.075,75.05,24.63,0.043340870507446075,0.4702186893185843,0.49871756770768666
621,10.35,full,occ,0,0.918,0.075,75.6,24.45,0.043340870507446075,0.4702186893185843,0.49871756770768666
622,10.366666666666667,full,occ,0,0.919,0.075,75.94,24.54,0.043340870507446075,0.4702186893185843,0.49871756770768666
623,10.383333333333333,full,occ,0,0.916,0.075,74.74,24.67,0.043340870507446075,0.4702186893185843,0.49871756770768666
624,10.4,full,occ,0,0.917,0.075,76.69,24.19,0.043340870507446075,0.4702186893185843,0.49871756770768666
625,10.416666666666666,full,occ,0,0.916,0.075,75.68,24.34,0.043340870507446075,0.4702186893185843,0.49871756770768666
626,10.433333333333334,full,occ,0,0.917,0.075,75.63,24.2,0.043340870507446075,0.4702186893185843,0.49871756770768666
627,10.45,full,occ,0,0.909,0.075,76.4,24.2,0.043340870507446075,0.4702186893185843,0.49871756770768666
628,10.466666666666667,full,occ,0,0.911,0.075,76.71,23.96,0.043340870507446075,0.4702186893185843,0.49871756770768666
629,10.483333333333333,full,occ,0,0.917,0.075,76.72,23.93,0.043340870507446075,0.4702186893185843,0.49871756770768666
630,10.5,full,occ,0,0.917,0.075,76.68,24.12,0.043340870507446075,0.4702186893185843,0.49871756770768666
631,10.516666666666667,full,occ,0,0.912,0.075,76.68,24.06,0.043340870507446075,0.4702186893185843,0.49871756770768666
632,10.533333333333333,full,occ,0,0.913,0.075,75.97,24.09,0.043340870507446075,0.4702186893185843,0.49871756770768666
633,10.55,full,occ,0,0.916,0.075,76.43,24.05,0.043340870507446075,0.4702186893185843,0.49871756770768666
634,10.566666666666666,full,occ,0,0.915,0.075,75.44,24.29,0.043340870507446075,0.4702186893185843,0.49871756770768666
635,10.583333333333334,full,occ,0,0.913,0.075,75.43,24.2,0.043340870507446075,0.4702186893185843,0.49871756770768666
636,10.6,full,occ,0,0.911,0.075,75.19,24.31,0.043340870507446075,0.4702186893185843,0.49871756770768666
637,10.616666666666667,full,occ,0,0.913,0.075,74.68,24.42,0.043340870507446075,0.4702186893185843,0.49871756770768666
638,10.633333333333333,full,occ,0,0.902,0.075,73.49,24.6,0.043340870507446075,0.4702186893185843,0.49871756770768666
639,10.65,full,occ,0,0.904,0.075,74.63,24.36,0.043340870507446075,0.4702186893185843,0.49871756770768666
640,10.666666666666666,full,occ,0,0.91,0.075,75.67,24.12,0.043340870507446075,0.4702186893185843,0.49871756770768666
641,10.683333333333334,full,occ,0,0.909,0.075,74.9,24.26,0.043340870507446075,0.4702186893185843,0.49871756770768666
642,10.7,full,occ,0,0.896,0.075,74.98,24.18,0.043340870507446075,0.4702186893185843,0.49871756770768666
643,10.716666666666667,full,occ,0,0.912,0.075,75.07,24.21,0.043340870507446075,0.4702186893185843,0.49871756770768666
644,10.733333333333333,full,occ,0,0.911,0.075,74.79,24.42,0.043340870507446075,0.4702186893185843,0.49871756770768666
645,10.75,full,occ,0,0.907,0.075,74.83,24.32,0.043340870507446075,0.4702186893185843,0.49871756770768666
646,10.766666666666667,full,occ,0,0.91,0.075,74.54,24.27,0.043340870507446075,0.4702186893185843,0.49871756770768666
647,10.783333333333333,full,occ,0,0.899,0.075,74.65,24.23,0.043340870507446075,0.4702186893185843,0.49871756770768666
648,10.8,full,occ,0,0.884,0.075,74.93,24.14,0.043340870507446075,0.4702186893185843,0.49871756770768666
649,10.816666666666666,full,occ,0,0.891,0.075,75.29,24.14,0.043340870507446075,0.4702186893185843,0.49871756770768666
650,10.833333333333334,full,occ,0,0.894,0.075,76.0,24.0,0.043340870507446075,0.4702186893185843,0.49871756770768666
651,10.85,full,occ,0,0.899,0.075,75.27,24.18,0.043340870507446075,0.4702186893185843,0.49871756770768666
652,10.866666666666667,full,occ,0,0.898,0.075,75.25,24.26,0.043340870507446075,0.4702186893185843,0.49871756770768666
653,10.883333333333333,full,occ,0,0.903,0.075,74.4,24.37,0.043340870507446075,0.4702186893185843,0.49871756770768666
654,10.9,full,occ,0,0.897,0.075,74.06,24.39,0.043340870507446075,0.4702186893185843,0.49871756770768666
655,10.916666666666666,occ,occ,1,0.898,0.075,74.27,24.38,0.043340870507446075,0.4702186893185843,0.49871756770768666
656,10.933333333333334,full,occ,0,0.906,0.075,74.58,24.36,0.043340870507446075,0.4702186893185843,0.49871756770768666
657,10.95,occ,occ,1,0.897,0.075,74.39,24.29,0.043340870507446075,0.4702186893185843,0.49871756770768666
658,10.966666666666667,occ,occ,1,0.871,0.075,72.67,24.49,0.043340870507446075,0.4702186893185843,0.49871756770768666
659,10.983333333333333,full,occ,0,0.885,0.075,73.08,24.51,0.043340870507446075,0.4702186893185843,0.49871756770768666
660,11.0,full,occ,0,0.896,0.075,74.81,24.23,0.043340870507446075,0.4702186893185843,0.49871756770768666
661,11.016666666666667,occ,occ,1,0.892,0.075,75.07,23.99,0.043340870507446075,0.4702186893185843,0.49871756770768666
662,11.033333333333333,occ,occ,1,0.898,0.075,75.78,23.87,0.043340870507446075,0.4702186893185843,0.49871756770768666
663,11.05,occ,occ,1,0.896,0.075,75.02,23.95,0.043340870507446075,0.4702186893185843,0.49871756770768666
664,11.066666666666666,occ,occ,1,0.892,0.075,74.39,24.26,0.043340870507446075,0.4702186893185843,0.49871756770768666
665,11.083333333333334,occ,occ,1,0.87,0.075,73.41,24.27,0.043340870507446075,0.4702186893185843,0.49871756770768666
666,11.1,full,occ,0,0.836,0.075,72.37,24.37,0.043340870507446075,0.4702186893185843,0.49871756770768666
667,11.116666666666667,occ,occ,1,0.822,0.075,73.86,24.1,0.043340870507446075,0.4702186893185843,0.49871756770768666
668,11.133333333333333,occ,occ,1,0.659,0.075,72.91,24.21,0.043340870507446075,0.4702186893185843,0.49871756770768666
669,11.15,occ,occ,1,0.696,0.075,73.11,24.27,0.043340870507446075,0.4702186893185843,0.49871756770768666
670,11.166666666666666,occ,occ,1,0.522,0.075,73.66,24.0,0.043340870507446075,0.4702186893185843,0.49871756770768666
671,11.183333333333334,occ,base,0,0.34,0.075,73.38,24.02,0.04209922597297574,0.45523915381043073,0.49951557865278207
672,11.2,occ,base,0,0.222,0.075,74.32,23.93,0.04209922597297574,0.45523915381043073,0.49951557865278207
673,11.216666666666667,full,base,0,0.136,0.075,74.13,23.89,0.04209922597297574,0.45523915381043073,0.49951557865278207
674,11.233333333333333,full,base,0,0.116,0.075,73.83,24.22,0.04209922597297574,0.45523915381043073,0.49951557865278207
675,11.25,full,base,0,0.116,0.075,72.48,24.41,0.04209922597297574,0.45523915381043073,0.49951557865278207
676,11.266666666666667,full,base,0,0.152,0.075,72.12,24.45,0.04209922597297574,0.45523915381043073,0.49951557865278207
677,11.283333333333333,occ,base,0,0.212,0.075,73.68,24.16,0.04209922597297574,0.45523915381043073,0.49951557865278207
678,11.3,occ,base,0,0.292,0.075,73.17,24.17,0.04209922597297574,0.45523915381043073,0.49951557865278207
679,11.316666666666666,occ,base,0,0.309,0.075,73.15,24.29,0.04209922597297574,0.45523915381043073,0.49951557865278207
680,11.333333333333334,occ,base,0,0.313,0.075,72.63,24.25,0.04209922597297574,0.45523915381043073,0.49951557865278207
681,11.35,occ,base,0,0.376,0.075,74.08,24.03,0.04209922597297574,0.45523915381043073,0.49951557865278207
682,11.366666666666667,occ,base,0,0.298,0.075,73.07,24.2,0.04209922597297574,0.45523915381043073,0.49951557865278207
683,11.383333333333333,occ,base,0,0.281,0.075,72.68,24.35,0.04209922597297574,0.45523915381043073,0.49951557865278207
684,11.4,occ,base,0,0.279,0.075,73.32,24.2,0.04209922597297574,0.45523915381043073,0.49951557865278207
685,11.416666666666666,occ,base,0,0.351,0.075,73.27,24.26,0.04209922597297574,0.45523915381043073,0.49951557865278207
686,11.433333333333334,occ,base,0,0.455,0.075,74.17,24.12,0.04209922597297574,0.45523915381043073,0.49951557865278207
687,11.45,full,base,0,0.456,0.075,73.04,24.33,0.04209922597297574,0.45523915381043073,0.49951557865278207
688,11.466666666666667,occ,occ,1,0.535,0.075,74.34,24.08,0.043340870507446075,0.4702186893185843,0.49871756770768666
689,11.483333333333333,occ,occ,1,0.552,0.075,74.18,24.1,0.043340870507446075,0.4702186893185843,0.49871756770768666
690,11.5,full,occ,0,0.597,0.075,74.49,23.95,0.043340870507446075,0.4702186893185843,0.49871756770768666
691,11.516666666666667,full,occ,0,0.607,0.075,74.72,23.95,0.043340870507446075,0.4702186893185843,0.49871756770768666
692,11.533333333333333,full,occ,0,0.696,0.075,75.05,23.94,0.043340870507446075,0.4702186893185843,0.49871756770768666
693,11.55,full,occ,0,0.758,0.075,73.92,24.11,0.043340870507446075,0.4702186893185843,0.49871756770768666
694,11.566666666666666,full,occ,0,0.816,0.075,74.36,24.04,0.043340870507446075,0.4702186893185843,0.49871756770768666
695,11.583333333333334,full,occ,0,0.837,0.075,73.18,24.2,0.043340870507446075,0.4702186893185843,0.49871756770768666
696,11.6,occ,occ,1,0.858,0.075,75.1,24.01,0.043340870507446075,0.4702186893185843,0.49871756770768666
697,11.616666666666667,occ,occ,1,0.822,0.075,75.41,23.79,0.043340870507446075,0.4702186893185843,0.49871756770768666
698,11.633333333333333,occ,occ,1,0.811,0.075,74.87,23.9,0.043340870507446075,0.4702186893185843,0.49871756770768666
699,11.65,occ,occ,1,0.829,0.075,74.15,23.96,0.043340870507446075,0.4702186893185843,0.49871756770768666
700,11.666666666666666,occ,occ,1,0.846,0.075,74.06,24.01,0.043340870507446075,0.4702186893185843,0.49871756770768666
701,11.683333333333334,occ,occ,1,0.855,0.075,71.43,24.35,0.043340870507446075,0.4702186893185843,0.49871756770768666
702,11.7,occ,occ,1,0.876,0.075,72.85,24.27,0.043340870507446075,0.4702186893185843,0.49871756770768666
703,11.716666666666667,occ,occ,1,0.868,0.075,72.21,24.27,0.043340870507446075,0.4702186893185843,0.49871756770768666
704,11.733333333333333,occ,occ,1,0.837,0.075,72.52,24.32,0.043340870507446075,0.4702186893185843,0.49871756770768666
705,11.75,occ,occ,1,0.824,0.075,72.39,24.34,0.043340870507446075,0.4702186893185843,0.49871756770768666
706,11.766666666666667,occ,occ,1,0.84,0.075,73.06,24.0,0.043340870507446075,0.4702186893185843,0.49871756770768666
707,11.783333333333333,occ,occ,1,0.839,0.075,73.7,23.98,0.043340870507446075,0.4702186893185843,0.49871756770768666
708,11.8,occ,occ,1,0.843,0.075,74.31,23.91,0.043340870507446075,0.4702186893185843,0.49871756770768666
709,11.816666666666666,full,occ,0,0.806,0.075,73.84,24.06,0.043340870507446075,0.4702186893185843,0.49871756770768666
710,11.833333333333334,full,occ,0,0.781,0.075,73.22,24.17,0.043340870507446075,0.4702186893185843,0.49871756770768666
711,11.85,full,occ,0,0.776,0.075,73.02,24.26,0.043340870507446075,0.4702186893185843,0.49871756770768666
712,11.866666666666667,full,occ,0,0.759,0.075,73.21,24.11,0.043340870507446075,0.4702186893185843,0.49871756770768666
713,11.883333333333333,full,occ,0,0.721,0.075,74.99,23.99,0.043340870507446075,0.4702186893185843,0.49871756770768666
714,11.9,occ,occ,1,0.704,0.075,72.71,24.32,0.043340870507446075,0.4702186893185843,0.49871756770768666
715,11.916666666666666,occ,occ,1,0.763,0.075,73.12,24.3,0.043340870507446075,0.4702186893185843,0.49871756770768666
716,11.933333333333334,full,occ,0,0.762,0.075,72.36,24.43,0.043340870507446075,0.4702186893185843,0.49871756770768666
717,11.95,occ,occ,1,0.775,0.075,71.86,24.49,0.043340870507446075,0.4702186893185843,0.49871756770768666
718,11.966666666666667,occ,occ,1,0.782,0.075,71.76,24.59,0.043340870507446075,0.4702186893185843,0.49871756770768666
719,11.983333333333333,occ,occ,1,0.765,0.075,72.95,24.36,0.043340870507446075,0.4702186893185843,0.49871756770768666
720,12.0,occ,occ,1,0.736,0.075,73.74,24.23,0.043340870507446075,0.4702186893185843,0.49871756770768666
721,12.016666666666667,occ,occ,1,0.72,0.075,75.87,23.92,0.043340870507446075,0.4702186893185843,0.49871756770768666
722,12.033333333333333,occ,occ,1,0.595,0.075,76.07,23.9,0.043340870507446075,0.4702186893185843,0.49871756770768666
723,12.05,occ,occ,1,0.534,0.075,77.15,23.7,0.043340870507446075,0.4702186893185843,0.49871756770768666
724,12.066666666666666,occ,base,0,0.492,0.075,77.53,23.82,0.04209922597297574,0.45523915381043073,0.49951557865278207
725,12.083333333333334,occ,base,0,0.404,0.075,77.33,23.73,0.04209922597297574,0.45523915381043073,0.49951557865278207
726,12.1,occ,base,0,0.424,0.075,78.16,23.64,0.04209922597297574,0.45523915381043073,0.49951557865278207
727,12.116666666666667,occ,base,0,0.419,0.075,78.83,23.67,0.04209922597297574,0.45523915381043073,0.49951557865278207
728,12.133333333333333,occ,base,0,0.398,0.075,78.42,23.69,0.04209922597297574,0.45523915381043073,0.49951557865278207
729,12.15,occ,base,0,0.446,0.075,77.72,23.92,0.04209922597297574,0.45523915381043073,0.49951557865278207
730,12.166666666666666,occ,occ,1,0.53,0.075,78.82,23.66,0.043340870507446075,0.4702186893185843,0.49871756770768666
731,12.183333333333334,occ,occ,1,0.607,0.075,78.95,23.71,0.043340870507446075,0.4702186893185843,0.49871756770768666
732,12.2,occ,occ,1,0.658,0.075,79.42,23.74,0.043340870507446075,0.4702186893185843,0.49871756770768666
733,12.216666666666667,occ,occ,1,0.63,0.075,78.74,23.71,0.043340870507446075,0.4702186893185843,0.49871756770768666
734,12.233333333333333,occ,occ,1,0.67,0.075,78.52,23.84,0.043340870507446075,0.4702186893185843,0.49871756770768666
735,12.25,full,occ,0,0.658,0.075,79.95,23.56,0.043340870507446075,0.4702186893185843,0.49871756770768666
736,12.266666666666667,occ,occ,1,0.64,0.075,79.12,23.76,0.043340870507446075,0.4702186893185843,0.49871756770768666
737,12.283333333333333,occ,occ,1,0.645,0.075,78.6,23.86,0.043340870507446075,0.4702186893185843,0.49871756770768666
738,12.3,occ,occ,1,0.655,0.075,78.71,23.81,0.043340870507446075,0.4702186893185843,0.49871756770768666
739,12.316666666666666,occ,occ,1,0.683,0.075,79.18,23.68,0.043340870507446075,0.4702186893185843,0.49871756770768666
740,12.333333333333334,occ,occ,1,0.727,0.075,79.37,23.72,0.043340870507446075,0.4702186893185843,0.49871756770768666
741,12.35,occ,occ,1,0.758,0.075,79.67,23.51,0.043340870507446075,0.4702186893185843,0.49871756770768666
742,12.366666666666667,occ,occ,1,0.836,0.075,80.15,23.62,0.043340870507446075,0.4702186893185843,0.49871756770768666
743,12.383333333333333,occ,occ,1,0.827,0.075,79.22,23.8,0.043340870507446075,0.4702186893185843,0.49871756770768666
744,12.4,occ,occ,1,0.861,0.075,80.25,23.76,0.043340870507446075,0.4702186893185843,0.49871756770768666
745,12.416666666666666,occ,occ,1,0.859,0.075,79.52,23.87,0.043340870507446075,0.4702186893185843,0.49871756770768666
746,12.433333333333334,occ,occ,1,0.845,0.075,79.85,23.83,0.043340870507446075,0.4702186893185843,0.49871756770768666
747,12.45,occ,occ,1,0.849,0.075,81.32,23.42,0.043340870507446075,0.4702186893185843,0.49871756770768666
748,12.466666666666667,occ,occ,1,0.849,0.075,81.15,23.39,0.043340870507446075,0.4702186893185843,0.49871756770768666
749,12.483333333333333,occ,occ,1,0.871,0.075,80.86,23.37,0.043340870507446075,0.4702186893185843,0.49871756770768666
750,12.5,occ,occ,1,0.895,0.075,81.53,23.27,0.043340870507446075,0.4702186893185843,0.49871756770768666
751,12.516666666666667,occ,occ,1,0.9,0.075,80.14,23.68,0.043340870507446075,0.4702186893185843,0.49871756770768666
752,12.533333333333333,occ,occ,1,0.904,0.075,80.93,23.62,0.043340870507446075,0.4702186893185843,0.49871756770768666
753,12.55,occ,occ,1,0.902,0.075,80.27,23.77,0.043340870507446075,0.4702186893185843,0.49871756770768666
754,12.566666666666666,full,occ,0,0.899,0.075,80.49,23.68,0.043340870507446075,0.4702186893185843,0.49871756770768666
755,12.583333333333334,full,occ,0,0.896,0.075,79.91,23.77,0.043340870507446075,0.4702186893185843,0.49871756770768666
756,12.6,full,occ,0,0.906,0.075,81.12,23.61,0.043340870507446075,0.4702186893185843,0.49871756770768666
757,12.616666666666667,full,occ,0,0.904,0.075,80.91,23.76,0.043340870507446075,0.4702186893185843,0.49871756770768666
758,12.633333333333333,full,occ,0,0.908,0.075,80.71,23.72,0.043340870507446075,0.4702186893185843,0.49871756770768666
759,12.65,full,occ,0,0.913,0.075,81.57,23.6,0.043340870507446075,0.4702186893185843,0.49871756770768666
760,12.666666666666666,occ,occ,1,0.912,0.075,80.37,23.59,0.043340870507446075,0.4702186893185843,0.49871756770768666
761,12.683333333333334,occ,occ,1,0.918,0.075,80.96,23.64,0.043340870507446075,0.4702186893185843,0.49871756770768666
762,12.7,occ,occ,1,0.918,0.075,80.36,23.74,0.043340870507446075,0.4702186893185843,0.49871756770768666
763,12.716666666666667,occ,occ,1,0.918,0.075,81.32,23.6,0.043340870507446075,0.4702186893185843,0.49871756770768666
764,12.733333333333333,occ,occ,1,0.918,0.075,81.42,23.6,0.043340870507446075,0.4702186893185843,0.49871756770768666
765,12.75,occ,occ,1,0.918,0.075,81.57,23.54,0.043340870507446075,0.4702186893185843,0.49871756770768666
766,12.766666666666667,occ,occ,1,0.92,0.075,80.75,23.73,0.043340870507446075,0.4702186893185843,0.49871756770768666
767,12.783333333333333,occ,occ,1,0.92,0.075,81.32,23.48,0.043340870507446075,0.4702186893185843,0.49871756770768666
768,12.8,occ,occ,1,0.92,0.075,82.02,23.54,0.043340870507446075,0.4702186893185843,0.49871756770768666
769,12.816666666666666,occ,occ,1,0.918,0.075,81.44,23.64,0.043340870507446075,0.4702186893185843,0.49871756770768666
770,12.833333333333334,occ,occ,1,0.917,0.075,80.92,23.59,0.043340870507446075,0.4702186893185843,0.49871756770768666
771,12.85,occ,occ,1,0.919,0.075,80.32,23.67,0.043340870507446075,0.4702186893185843,0.49871756770768666
772,12.866666666666667,occ,occ,1,0.919,0.075,81.64,23.43,0.043340870507446075,0.4702186893185843,0.49871756770768666
773,12.883333333333333,occ,occ,1,0.917,0.075,82.64,23.31,0.043340870507446075,0.4702186893185843,0.49871756770768666
774,12.9,occ,occ,1,0.918,0.075,81.51,23.48,0.043340870507446075,0.4702186893185843,0.49871756770768666
775,12.916666666666666,full,occ,0,0.92,0.075,81.22,23.76,0.043340870507446075,0.4702186893185843,0.49871756770768666
776,12.933333333333334,full,occ,0,0.919,0.075,81.12,23.67,0.043340870507446075,0.4702186893185843,0.49871756770768666
777,12.95,full,occ,0,0.92,0.075,80.05,23.84,0.043340870507446075,0.4702186893185843,0.49871756770768666
778,12.966666666666667,full,occ,0,0.918,0.075,80.18,23.68,0.043340870507446075,0.4702186893185843,0.49871756770768666
779,12.983333333333333,occ,occ,1,0.918,0.075,80.93,23.65,0.043340870507446075,0.4702186893185843,0.49871756770768666
780,13.0,occ,occ,1,0.918,0.075,81.1,23.54,0.043340870507446075,0.4702186893185843,0.49871756770768666
781,13.016666666666667,full,occ,0,0.921,0.075,79.58,23.77,0.043340870507446075,0.4702186893185843,0.49871756770768666
782,13.033333333333333,full,occ,0,0.923,0.075,79.96,23.91,0.043340870507446075,0.4702186893185843,0.49871756770768666
783,13.05,full,occ,0,0.922,0.075,77.84,24.21,0.043340870507446075,0.4702186893185843,0.49871756770768666
784,13.066666666666666,full,occ,0,0.923,0.075,77.59,24.32,0.043340870507446075,0.4702186893185843,0.49871756770768666
785,13.083333333333334,occ,occ,1,0.922,0.075,77.16,24.31,0.043340870507446075,0.4702186893185843,0.49871756770768666
786,13.1,occ,occ,1,0.918,0.075,76.29,24.42,0.043340870507446075,0.4702186893185843,0.49871756770768666
787,13.116666666666667,occ,occ,1,0.914,0.075,77.63,24.02,0.043340870507446075,0.4702186893185843,0.49871756770768666
788,13.133333333333333,occ,occ,1,0.914,0.075,77.97,23.9,0.043340870507446075,0.4702186893185843,0.49871756770768666
789,13.15,full,occ,0,0.911,0.075,77.3,23.97,0.043340870507446075,0.4702186893185843,0.49871756770768666
790,13.166666666666666,occ,occ,1,0.913,0.075,77.63,23.98,0.043340870507446075,0.4702186893185843,0.49871756770768666
791,13.183333333333334,full,occ,0,0.912,0.075,76.43,24.16,0.043340870507446075,0.4702186893185843,0.49871756770768666
792,13.2,full,occ,0,0.914,0.075,76.7,24.17,0.043340870507446075,0.4702186893185843,0.49871756770768666
793,13.216666666666667,full,occ,0,0.907,0.075,75.49,24.37,0.043340870507446075,0.4702186893185843,0.49871756770768666
794,13.233333333333333,full,occ,0,0.911,0.075,75.54,24.38,0.043340870507446075,0.4702186893185843,0.49871756770768666
795,13.25,full,occ,0,0.905,0.075,75.22,24.37,0.043340870507446075,0.4702186893185843,0.49871756770768666
796,13.266666666666667,full,occ,0,0.915,0.075,74.85,24.51,0.043340870507446075,0.4702186893185843,0.49871756770768666
797,13.283333333333333,full,occ,0,0.913,0.075,77.17,24.0,0.043340870507446075,0.4702186893185843,0.49871756770768666
798,13.3,full,occ,0,0.913,0.075,76.29,24.08,0.043340870507446075,0.4702186893185843,0.49871756770768666
799,13.316666666666666,full,occ,0,0.914,0.075,76.69,24.06,0.043340870507446075,0.4702186893185843,0.49871756770768666
800,13.333333333333334,full,occ,0,0.916,0.075,76.02,24.27,0.043340870507446075,0.4702186893185843,0.49871756770768666
801,13.35,full,occ,0,0.915,0.075,76.34,24.18,0.043340870507446075,0.4702186893185843,0.49871756770768666
802,13.366666666666667,full,occ,0,0.914,0.075,75.09,24.35,0.043340870507446075,0.4702186893185843,0.49871756770768666
803,13.383333333333333,full,occ,0,0.918,0.075,75.51,24.36,0.043340870507446075,0.4702186893185843,0.49871756770768666
804,13.4,full,occ,0,0.915,0.075,73.87,24.68,0.043340870507446075,0.4702186893185843,0.49871756770768666
805,13.416666666666666,full,occ,0,0.915,0.075,74.11,24.63,0.043340870507446075,0.4702186893185843,0.49871756770768666
806,13.433333333333334,full,occ,0,0.915,0.075,74.59,24.48,0.043340870507446075,0.4702186893185843,0.49871756770768666
807,13.45,full,occ,0,0.902,0.075,74.22,24.44,0.043340870507446075,0.4702186893185843,0.49871756770768666
808,13.466666666666667,full,occ,0,0.907,0.075,75.42,24.27,0.043340870507446075,0.4702186893185843,0.49871756770768666
809,13.483333333333333,full,occ,0,0.907,0.075,75.02,24.35,0.043340870507446075,0.4702186893185843,0.49871756770768666
810,13.5,full,occ,0,0.912,0.075,75.14,24.38,0.043340870507446075,0.4702186893185843,0.49871756770768666
811,13.516666666666667,full,occ,0,0.912,0.075,74.11,24.38,0.043340870507446075,0.4702186893185843,0.49871756770768666
812,13.533333333333333,full,occ,0,0.913,0.075,74.85,24.28,0.043340870507446075,0.4702186893185843,0.49871756770768666
813,13.55,full,occ,0,0.903,0.075,74.75,24.46,0.043340870507446075,0.4702186893185843,0.49871756770768666
814,13.566666666666666,full,occ,0,0.905,0.075,74.83,24.36,0.043340870507446075,0.4702186893185843,0.49871756770768666
815,13.583333333333334,full,occ,0,0.909,0.075,74.33,24.5,0.043340870507446075,0.4702186893185843,0.49871756770768666
816,13.6,full,occ,0,0.907,0.075,74.62,24.38,0.043340870507446075,0.4702186893185843,0.49871756770768666
817,13.616666666666667,full,occ,0,0.91,0.075,74.86,24.39,0.043340870507446075,0.4702186893185843,0.49871756770768666
818,13.633333333333333,full,occ,0,0.909,0.075,73.63,24.46,0.043340870507446075,0.4702186893185843,0.49871756770768666
819,13.65,full,occ,0,0.915,0.075,75.35,24.29,0.043340870507446075,0.4702186893185843,0.49871756770768666
820,13.666666666666666,full,occ,0,0.91,0.075,75.51,24.29,0.043340870507446075,0.4702186893185843,0.49871756770768666
821,13.683333333333334,full,occ,0,0.905,0.075,74.88,24.2,0.043340870507446075,0.4702186893185843,0.49871756770768666
822,13.7,full,occ,0,0.911,0.075,74.63,24.29,0.043340870507446075,0.4702186893185843,0.49871756770768666
823,13.716666666666667,full,occ,0,0.913,0.075,74.86,24.37,0.043340870507446075,0.4702186893185843,0.49871756770768666
824,13.733333333333333,full,occ,0,0.909,0.075,74.37,24.31,0.043340870507446075,0.4702186893185843,0.49871756770768666
825,13.75,full,occ,0,0.915,0.075,75.23,24.37,0.043340870507446075,0.4702186893185843,0.49871756770768666
826,13.766666666666667,full,occ,0,0.909,0.075,74.26,24.33,0.043340870507446075,0.4702186893185843,0.49871756770768666
827,13.783333333333333,full,occ,0,0.91,0.075,74.43,24.45,0.043340870507446075,0.4702186893185843,0.49871756770768666
828,13.8,full,occ,0,0.908,0.075,74.93,24.3,0.043340870507446075,0.4702186893185843,0.49871756770768666
829,13.816666666666666,full,occ,0,0.91,0.075,75.33,24.24,0.043340870507446075,0.4702186893185843,0.49871756770768666
830,13.833333333333334,full,occ,0,0.91,0.075,75.2,24.24,0.043340870507446075,0.4702186893185843,0.49871756770768666
831,13.85,full,occ,0,0.886,0.075,74.39,24.33,0.043340870507446075,0.4702186893185843,0.49871756770768666
832,13.866666666666667,full,occ,0,0.893,0.075,74.99,24.15,0.043340870507446075,0.4702186893185843,0.49871756770768666
833,13.883333333333333,full,occ,0,0.893,0.075,75.16,24.24,0.043340870507446075,0.4702186893185843,0.49871756770768666
834,13.9,full,occ,0,0.903,0.075,75.28,24.07,0.043340870507446075,0.4702186893185843,0.49871756770768666
835,13.916666666666666,full,occ,0,0.906,0.075,75.27,24.12,0.043340870507446075,0.4702186893185843,0.49871756770768666
836,13.933333333333334,full,occ,0,0.906,0.075,75.05,24.12,0.043340870507446075,0.4702186893185843,0.49871756770768666
837,13.95,full,occ,0,0.915,0.075,75.22,24.23,0.043340870507446075,0.4702186893185843,0.49871756770768666
838,13.966666666666667,full,occ,0,0.908,0.075,75.76,24.04,0.043340870507446075,0.4702186893185843,0.49871756770768666
839,13.983333333333333,full,occ,0,0.909,0.075,74.69,24.39,0.043340870507446075,0.4702186893185843,0.49871756770768666
840,14.0,full,occ,0,0.912,0.075,75.13,24.2,0.043340870507446075,0.4702186893185843,0.49871756770768666
841,14.016666666666667,full,occ,0,0.905,0.075,75.16,24.25,0.043340870507446075,0.4702186893185843,0.49871756770768666
842,14.033333333333333,full,occ,0,0.893,0.075,74.43,24.47,0.043340870507446075,0.4702186893185843,0.49871756770768666
843,14.05,full,occ,0,0.905,0.075,73.0,24.69,0.043340870507446075,0.4702186893185843,0.49871756770768666
844,14.066666666666666,full,occ,0,0.905,0.075,74.16,24.47,0.043340870507446075,0.4702186893185843,0.49871756770768666
845,14.083333333333334,full,occ,0,0.91,0.075,74.88,24.34,0.043340870507446075,0.4702186893185843,0.49871756770768666
846,14.1,full,occ,0,0.913,0.075,75.35,24.23,0.043340870507446075,0.4702186893185843,0.49871756770768666
847,14.116666666666667,full,occ,0,0.912,0.075,75.3,24.31,0.043340870507446075,0.4702186893185843,0.49871756770768666
848,14.133333333333333,full,occ,0,0.914,0.075,75.64,24.3,0.043340870507446075,0.4702186893185843,0.49871756770768666
849,14.15,full,occ,0,0.911,0.075,76.84,24.13,0.043340870507446075,0.4702186893185843,0.49871756770768666
850,14.166666666666666,full,occ,0,0.908,0.075,76.81,24.12,0.043340870507446075,0.4702186893185843,0.49871756770768666
851,14.183333333333334,full,occ,0,0.903,0.075,76.25,24.15,0.043340870507446075,0.4702186893185843,0.49871756770768666
852,14.2,full,occ,0,0.906,0.075,76.8,24.23,0.043340870507446075,0.4702186893185843,0.49871756770768666
853,14.216666666666667,full,occ,0,0.9,0.075,76.88,24.2,0.043340870507446075,0.4702186893185843,0.49871756770768666
854,14.233333333333333,full,occ,0,0.901,0.075,76.66,24.06,0.043340870507446075,0.4702186893185843,0.49871756770768666
855,14.25,full,occ,0,0.907,0.075,75.55,24.26,0.043340870507446075,0.4702186893185843,0.49871756770768666
856,14.266666666666667,full,occ,0,0.911,0.075,76.19,24.18,0.043340870507446075,0.4702186893185843,0.49871756770768666
857,14.283333333333333,full,occ,0,0.908,0.075,76.55,24.03,0.043340870507446075,0.4702186893185843,0.49871756770768666
858,14.3,full,occ,0,0.91,0.075,76.11,24.09,0.043340870507446075,0.4702186893185843,0.49871756770768666
859,14.316666666666666,full,occ,0,0.911,0.075,75.84,24.33,0.043340870507446075,0.4702186893185843,0.49871756770768666
860,14.333333333333334,full,occ,0,0.908,0.075,76.03,24.4,0.043340870507446075,0.4702186893185843,0.49871756770768666
861,14.35,full,occ,0,0.905,0.075,75.82,24.25,0.043340870507446075,0.4702186893185843,0.49871756770768666
862,14.366666666666667,full,occ,0,0.911,0.075,76.88,24.16,0.043340870507446075,0.4702186893185843,0.49871756770768666
863,14.383333333333333,full,occ,0,0.906,0.075,75.82,24.23,0.043340870507446075,0.4702186893185843,0.49871756770768666
864,14.4,full,occ,0,0.912,0.075,76.52,24.13,0.043340870507446075,0.4702186893185843,0.49871756770768666
865,14.416666666666666,full,occ,0,0.914,0.075,75.81,24.29,0.043340870507446075,0.4702186893185843,0.49871756770768666
866,14.433333333333334,full,occ,0,0.914,0.075,75.94,24.38,0.043340870507446075,0.4702186893185843,0.49871756770768666
867,14.45,full,occ,0,0.913,0.075,75.98,24.36,0.043340870507446075,0.4702186893185843,0.49871756770768666
868,14.466666666666667,full,occ,0,0.913,0.075,77.66,24.12,0.043340870507446075,0.4702186893185843,0.49871756770768666
869,14.483333333333333,full,occ,0,0.907,0.075,76.75,24.23,0.043340870507446075,0.4702186893185843,0.49871756770768666
870,14.5,full,occ,0,0.911,0.075,77.05,24.2,0.043340870507446075,0.4702186893185843,0.49871756770768666
871,14.516666666666667,full,occ,0,0.909,0.075,76.53,24.38,0.043340870507446075,0.4702186893185843,0.49871756770768666
872,14.533333333333333,full,occ,0,0.911,0.075,76.06,24.49,0.043340870507446075,0.4702186893185843,0.49871756770768666
873,14.55,full,occ,0,0.91,0.075,76.25,24.32,0.043340870507446075,0.4702186893185843,0.49871756770768666
874,14.566666666666666,full,occ,0,0.913,0.075,76.36,24.32,0.043340870507446075,0.4702186893185843,0.49871756770768666
875,14.583333333333334,full,occ,0,0.911,0.075,76.19,24.41,0.043340870507446075,0.4702186893185843,0.49871756770768666
876,14.6,full,occ,0,0.91,0.075,75.98,24.44,0.043340870507446075,0.4702186893185843,0.49871756770768666
877,14.616666666666667,full,occ,0,0.91,0.075,75.03,24.57,0.043340870507446075,0.4702186893185843,0.49871756770768666
878,14.633333333333333,full,occ,0,0.915,0.075,76.61,24.21,0.043340870507446075,0.4702186893185843,0.49871756770768666
879,14.65,full,occ,0,0.916,0.075,76.79,24.09,0.043340870507446075,0.4702186893185843,0.49871756770768666
880,14.666666666666666,full,occ,0,0.917,0.075,77.98,24.02,0.043340870507446075,0.4702186893185843,0.49871756770768666
881,14.683333333333334,full,occ,0,0.914,0.075,76.93,24.3,0.043340870507446075,0.4702186893185843,0.49871756770768666
882,14.7,full,occ,0,0.913,0.075,76.05,24.25,0.043340870507446075,0.4702186893185843,0.49871756770768666
883,14.716666666666667,full,occ,0,0.919,0.075,77.49,24.04,0.043340870507446075,0.4702186893185843,0.49871756770768666
884,14.733333333333333,full,occ,0,0.917,0.075,77.23,24.01,0.043340870507446075,0.4702186893185843,0.49871756770768666
885,14.75,full,occ,0,0.918,0.075,77.16,24.01,0.043340870507446075,0.4702186893185843,0.49871756770768666
886,14.766666666666667,full,occ,0,0.919,0.075,77.64,24.09,0.043340870507446075,0.4702186893185843,0.49871756770768666
887,14.783333333333333,full,occ,0,0.917,0.075,77.34,24.19,0.043340870507446075,0.4702186893185843,0.49871756770768666
888,14.8,full,occ,0,0.918,0.075,77.47,24.1,0.043340870507446075,0.4702186893185843,0.49871756770768666
889,14.816666666666666,full,occ,0,0.917,0.075,77.73,24.14,0.043340870507446075,0.4702186893185843,0.49871756770768666
890,14.833333333333334,full,occ,0,0.916,0.075,77.51,24.22,0.043340870507446075,0.4702186893185843,0.49871756770768666
891,14.85,full,occ,0,0.915,0.075,77.7,24.16,0.043340870507446075,0.4702186893185843,0.49871756770768666
892,14.866666666666667,full,occ,0,0.917,0.075,77.9,24.13,0.043340870507446075,0.4702186893185843,0.49871756770768666
893,14.883333333333333,full,occ,0,0.916,0.075,77.44,24.16,0.043340870507446075,0.4702186893185843,0.49871756770768666
894,14.9,full,occ,0,0.919,0.075,76.46,24.28,0.043340870507446075,0.4702186893185843,0.49871756770768666
895,14.916666666666666,full,occ,0,0.92,0.075,77.91,24.3,0.043340870507446075,0.4702186893185843,0.49871756770768666
896,14.933333333333334,full,occ,0,0.915,0.075,77.66,24.32,0.043340870507446075,0.4702186893185843,0.49871756770768666
897,14.95,full,occ,0,0.914,0.075,77.44,24.26,0.043340870507446075,0.4702186893185843,0.49871756770768666
898,14.966666666666667,full,occ,0,0.917,0.075,78.44,24.17,0.043340870507446075,0.4702186893185843,0.49871756770768666
899,14.983333333333333,full,occ,0,0.914,0.075,78.23,24.19,0.043340870507446075,0.4702186893185843,0.49871756770768666
900,15.0,full,occ,0,0.916,0.075,77.58,24.23,0.043340870507446075,0.4702186893185843,0.49871756770768666
901,15.016666666666667,full,occ,0,0.917,0.075,77.13,24.32,0.043340870507446075,0.4702186893185843,0.49871756770768666
902,15.033333333333333,full,occ,0,0.919,0.075,76.61,24.41,0.043340870507446075,0.4702186893185843,0.49871756770768666
903,15.05,full,occ,0,0.92,0.075,76.55,24.46,0.043340870507446075,0.4702186893185843,0.49871756770768666
904,15.066666666666666,full,occ,0,0.92,0.075,75.9,24.6,0.043340870507446075,0.4702186893185843,0.49871756770768666
905,15.083333333333334,full,occ,0,0.92,0.075,76.77,24.45,0.043340870507446075,0.4702186893185843,0.49871756770768666
906,15.1,full,occ,0,0.919,0.075,77.0,24.22,0.043340870507446075,0.4702186893185843,0.49871756770768666
907,15.116666666666667,full,occ,0,0.92,0.075,77.32,24.18,0.043340870507446075,0.4702186893185843,0.49871756770768666
908,15.133333333333333,full,occ,0,0.92,0.075,77.48,24.05,0.043340870507446075,0.4702186893185843,0.49871756770768666
909,15.15,full,occ,0,0.921,0.075,77.26,24.23,0.043340870507446075,0.4702186893185843,0.49871756770768666
910,15.166666666666666,full,occ,0,0.92,0.075,76.4,24.5,0.043340870507446075,0.4702186893185843,0.49871756770768666
911,15.183333333333334,full,occ,0,0.92,0.075,77.78,24.09,0.043340870507446075,0.4702186893185843,0.49871756770768666
912,15.2,full,occ,0,0.92,0.075,77.76,23.99,0.043340870507446075,0.4702186893185843,0.49871756770768666
913,15.216666666666667,full,occ,0,0.921,0.075,77.1,24.18,0.043340870507446075,0.4702186893185843,0.49871756770768666
914,15.233333333333333,full,occ,0,0.921,0.075,78.42,24.11,0.043340870507446075,0.4702186893185843,0.49871756770768666
915,15.25,full,occ,0,0.919,0.075,78.49,24.17,0.043340870507446075,0.4702186893185843,0.49871756770768666
916,15.266666666666667,full,occ,0,0.918,0.075,78.1,24.09,0.043340870507446075,0.4702186893185843,0.49871756770768666
917,15.283333333333333,full,occ,0,0.92,0.075,77.04,24.3,0.043340870507446075,0.4702186893185843,0.49871756770768666
918,15.3,full,occ,0,0.921,0.075,77.43,24.34,0.043340870507446075,0.4702186893185843,0.49871756770768666
919,15.316666666666666,full,occ,0,0.919,0.075,78.97,24.09,0.043340870507446075,0.4702186893185843,0.49871756770768666
920,15.333333333333334,full,occ,0,0.916,0.075,78.11,24.23,0.043340870507446075,0.4702186893185843,0.49871756770768666
921,15.35,full,occ,0,0.918,0.075,77.27,24.24,0.043340870507446075,0.4702186893185843,0.49871756770768666
922,15.366666666666667,full,occ,0,0.921,0.075,78.41,24.0,0.043340870507446075,0.4702186893185843,0.49871756770768666
923,15.383333333333333,full,occ,0,0.921,0.075,79.26,23.99,0.043340870507446075,0.4702186893185843,0.49871756770768666
924,15.4,full,occ,0,0.919,0.075,78.51,23.92,0.043340870507446075,0.4702186893185843,0.49871756770768666
925,15.416666666666666,full,occ,0,0.921,0.075,78.72,24.06,0.043340870507446075,0.4702186893185843,0.49871756770768666
926,15.433333333333334,full,occ,0,0.92,0.075,79.25,23.91,0.043340870507446075,0.4702186893185843,0.49871756770768666
927,15.45,full,occ,0,0.921,0.075,78.56,24.03,0.043340870507446075,0.4702186893185843,0.49871756770768666
928,15.466666666666667,full,occ,0,0.921,0.075,79.39,23.82,0.043340870507446075,0.4702186893185843,0.49871756770768666
929,15.483333333333333,full,occ,0,0.921,0.075,79.11,23.73,0.043340870507446075,0.4702186893185843,0.49871756770768666
930,15.5,full,occ,0,0.922,0.075,79.4,23.83,0.043340870507446075,0.4702186893185843,0.49871756770768666
931,15.516666666666667,full,occ,0,0.921,0.075,79.07,24.01,0.043340870507446075,0.4702186893185843,0.49871756770768666
932,15.533333333333333,full,occ,0,0.919,0.075,78.04,24.08,0.043340870507446075,0.4702186893185843,0.49871756770768666
933,15.55,full,occ,0,0.92,0.075,77.54,24.24,0.043340870507446075,0.4702186893185843,0.49871756770768666
934,15.566666666666666,full,occ,0,0.92,0.075,79.15,23.82,0.043340870507446075,0.4702186893185843,0.49871756770768666
935,15.583333333333334,full,occ,0,0.92,0.075,78.5,24.11,0.043340870507446075,0.4702186893185843,0.49871756770768666
936,15.6,full,occ,0,0.919,0.075,78.65,23.99,0.043340870507446075,0.4702186893185843,0.49871756770768666
937,15.616666666666667,full,occ,0,0.921,0.075,78.0,24.06,0.043340870507446075,0.4702186893185843,0.49871756770768666
938,15.633333333333333,full,occ,0,0.922,0.075,79.15,23.87,0.043340870507446075,0.4702186893185843,0.49871756770768666
939,15.65,full,occ,0,0.921,0.075,79.28,24.03,0.043340870507446075,0.4702186893185843,0.49871756770768666
940,15.666666666666666,full,occ,0,0.92,0.075,78.61,24.04,0.043340870507446075,0.4702186893185843,0.49871756770768666
941,15.683333333333334,full,occ,0,0.921,0.075,77.82,24.08,0.043340870507446075,0.4702186893185843,0.49871756770768666
942,15.7,full,occ,0,0.922,0.075,78.99,23.98,0.043340870507446075,0.4702186893185843,0.49871756770768666
943,15.716666666666667,full,occ,0,0.92,0.075,79.88,23.83,0.043340870507446075,0.4702186893185843,0.49871756770768666
944,15.733333333333333,full,occ,0,0.92,0.075,79.47,23.79,0.043340870507446075,0.4702186893185843,0.49871756770768666
945,15.75,full,occ,0,0.922,0.075,79.1,23.92,0.043340870507446075,0.4702186893185843,0.49871756770768666
946,15.766666666666667,full,occ,0,0.921,0.075,79.2,23.86,0.043340870507446075,0.4702186893185843,0.49871756770768666
947,15.783333333333333,full,occ,0,0.922,0.075,79.42,23.95,0.043340870507446075,0.4702186893185843,0.49871756770768666
948,15.8,full,occ,0,0.92,0.075,78.94,23.89,0.043340870507446075,0.4702186893185843,0.49871756770768666
949,15.816666666666666,full,occ,0,0.921,0.075,78.06,24.0,0.043340870507446075,0.4702186893185843,0.49871756770768666
950,15.833333333333334,full,occ,0,0.922,0.075,79.03,23.99,0.043340870507446075,0.4702186893185843,0.49871756770768666
951,15.85,full,occ,0,0.92,0.075,77.98,24.07,0.043340870507446075,0.4702186893185843,0.49871756770768666
952,15.866666666666667,full,occ,0,0.921,0.075,78.83,23.86,0.043340870507446075,0.4702186893185843,0.49871756770768666
953,15.883333333333333,full,occ,0,0.92,0.075,78.63,23.99,0.043340870507446075,0.4702186893185843,0.49871756770768666
954,15.9,full,occ,0,0.921,0.075,78.09,24.15,0.043340870507446075,0.4702186893185843,0.49871756770768666
955,15.916666666666666,full,occ,0,0.921,0.075,80.0,23.71,0.043340870507446075,0.4702186893185843,0.49871756770768666
956,15.933333333333334,full,occ,0,0.922,0.075,79.44,23.89,0.043340870507446075,0.4702186893185843,0.49871756770768666
957,15.95,full,occ,0,0.922,0.075,79.83,23.77,0.043340870507446075,0.4702186893185843,0.49871756770768666
958,15.966666666666667,full,occ,0,0.922,0.075,80.31,23.63,0.043340870507446075,0.4702186893185843,0.49871756770768666
959,15.983333333333333,full,occ,0,0.923,0.075,80.68,23.57,0.043340870507446075,0.4702186893185843,0.49871756770768666
960,16.0,full,occ,0,0.922,0.075,80.13,23.69,0.043340870507446075,0.4702186893185843,0.49871756770768666
961,16.016666666666666,full,occ,0,0.922,0.075,79.93,23.68,0.043340870507446075,0.4702186893185843,0.49871756770768666
962,16.033333333333335,full,occ,0,0.922,0.075,79.42,23.7,0.043340870507446075,0.4702186893185843,0.49871756770768666
963,16.05,full,occ,0,0.922,0.075,79.42,23.7,0.043340870507446075,0.4702186893185843,0.49871756770768666
964,16.066666666666666,full,occ,0,0.921,0.075,78.31,23.86,0.043340870507446075,0.4702186893185843,0.49871756770768666
965,16.083333333333332,full,occ,0,0.922,0.075,78.63,23.9,0.043340870507446075,0.4702186893185843,0.49871756770768666
966,16.1,full,occ,0,0.922,0.075,79.08,23.81,0.043340870507446075,0.4702186893185843,0.49871756770768666
967,16.116666666666667,full,occ,0,0.921,0.075,79.96,23.7,0.043340870507446075,0.4702186893185843,0.49871756770768666
968,16.133333333333333,full,occ,0,0.92,0.075,79.72,23.66,0.043340870507446075,0.4702186893185843,0.49871756770768666
969,16.15,full,occ,0,0.921,0.075,79.43,23.73,0.043340870507446075,0.4702186893185843,0.49871756770768666
970,16.166666666666668,full,occ,0,0.922,0.075,79.44,23.83,0.043340870507446075,0.4702186893185843,0.49871756770768666
971,16.183333333333334,full,occ,0,0.922,0.075,79.34,23.82,0.043340870507446075,0.4702186893185843,0.49871756770768666
972,16.2,full,occ,0,0.922,0.075,79.65,23.71,0.043340870507446075,0.4702186893185843,0.49871756770768666
973,16.216666666666665,full,occ,0,0.922,0.075,79.86,23.62,0.043340870507446075,0.4702186893185843,0.49871756770768666
974,16.233333333333334,full,occ,0,0.922,0.075,80.26,23.73,0.043340870507446075,0.4702186893185843,0.49871756770768666
975,16.25,full,occ,0,0.923,0.075,79.81,23.67,0.043340870507446075,0.4702186893185843,0.49871756770768666
976,16.266666666666666,full,occ,0,0.923,0.075,79.82,23.7,0.043340870507446075,0.4702186893185843,0.49871756770768666
977,16.283333333333335,full,occ,0,0.923,0.075,79.88,23.79,0.043340870507446075,0.4702186893185843,0.49871756770768666
978,16.3,full,occ,0,0.922,0.075,79.89,23.76,0.043340870507446075,0.4702186893185843,0.49871756770768666
979,16.316666666666666,full,occ,0,0.923,0.075,79.18,23.86,0.043340870507446075,0.4702186893185843,0.49871756770768666
980,16.333333333333332,full,occ,0,0.923,0.075,79.6,23.72,0.043340870507446075,0.4702186893185843,0.49871756770768666
981,16.35,full,occ,0,0.921,0.075,80.28,23.47,0.043340870507446075,0.4702186893185843,0.49871756770768666
982,16.366666666666667,full,occ,0,0.92,0.075,80.22,23.57,0.043340870507446075,0.4702186893185843,0.49871756770768666
983,16.383333333333333,full,occ,0,0.921,0.075,79.93,23.68,0.043340870507446075,0.4702186893185843,0.49871756770768666
984,16.4,full,occ,0,0.921,0.075,80.16,23.51,0.043340870507446075,0.4702186893185843,0.49871756770768666
985,16.416666666666668,full,occ,0,0.922,0.075,80.66,23.52,0.043340870507446075,0.4702186893185843,0.49871756770768666
986,16.433333333333334,full,occ,0,0.922,0.075,80.42,23.51,0.043340870507446075,0.4702186893185843,0.49871756770768666
987,16.45,full,occ,0,0.923,0.075,80.01,23.59,0.043340870507446075,0.4702186893185843,0.49871756770768666
988,16.466666666666665,full,occ,0,0.923,0.075,80.65,23.48,0.043340870507446075,0.4702186893185843,0.49871756770768666
989,16.483333333333334,full,occ,0,0.922,0.075,80.86,23.35,0.043340870507446075,0.4702186893185843,0.49871756770768666
990,16.5,full,occ,0,0.921,0.075,79.44,23.63,0.043340870507446075,0.4702186893185843,0.49871756770768666
991,16.516666666666666,full,occ,0,0.922,0.075,80.85,23.36,0.043340870507446075,0.4702186893185843,0.49871756770768666
992,16.533333333333335,full,occ,0,0.922,0.075,80.09,23.57,0.043340870507446075,0.4702186893185843,0.49871756770768666
993,16.55,full,occ,0,0.922,0.075,80.29,23.45,0.043340870507446075,0.4702186893185843,0.49871756770768666
994,16.566666666666666,full,occ,0,0.923,0.075,81.19,23.23,0.043340870507446075,0.4702186893185843,0.49871756770768666
995,16.583333333333332,full,occ,0,0.922,0.075,80.13,23.38,0.043340870507446075,0.4702186893185843,0.49871756770768666
996,16.6,full,occ,0,0.923,0.075,81.67,23.3,0.043340870507446075,0.4702186893185843,0.49871756770768666
997,16.616666666666667,full,occ,0,0.92,0.075,80.2,23.5,0.043340870507446075,0.4702186893185843,0.49871756770768666
998,16.633333333333333,full,occ,0,0.922,0.075,79.77,23.69,0.043340870507446075,0.4702186893185843,0.49871756770768666
999,16.65,full,occ,0,0.922,0.075,80.14,23.52,0.043340870507446075,0.4702186893185843,0.49871756770768666
1000,16.666666666666668,full,occ,0,0.922,0.075,80.09,23.52,0.043340870507446075,0.4702186893185843,0.49871756770768666
1001,16.683333333333334,full,occ,0,0.922,0.075,80.81,23.42,0.043340870507446075,0.4702186893185843,0.49871756770768666
1002,16.7,full,occ,0,0.922,0.075,80.94,23.28,0.043340870507446075,0.4702186893185843,0.49871756770768666
1003,16.716666666666665,full,occ,0,0.923,0.075,81.13,23.27,0.043340870507446075,0.4702186893185843,0.49871756770768666
1004,16.733333333333334,full,occ,0,0.923,0.075,81.32,23.25,0.043340870507446075,0.4702186893185843,0.49871756770768666
1005,16.75,full,occ,0,0.923,0.075,81.16,23.29,0.043340870507446075,0.4702186893185843,0.49871756770768666
1006,16.766666666666666,full,occ,0,0.923,0.075,80.71,23.36,0.043340870507446075,0.4702186893185843,0.49871756770768666
1007,16.783333333333335,full,occ,0,0.923,0.075,80.51,23.47,0.043340870507446075,0.4702186893185843,0.49871756770768666
1008,16.8,full,occ,0,0.923,0.075,79.67,23.49,0.043340870507446075,0.4702186893185843,0.49871756770768666
1009,16.816666666666666,full,occ,0,0.923,0.075,80.81,23.27,0.043340870507446075,0.4702186893185843,0.49871756770768666
1010,16.833333333333332,full,occ,0,0.923,0.075,80.91,23.23,0.043340870507446075,0.4702186893185843,0.49871756770768666
1011,16.85,full,occ,0,0.923,0.075,81.72,23.18,0.043340870507446075,0.4702186893185843,0.49871756770768666
1012,16.866666666666667,full,occ,0,0.923,0.075,81.21,23.25,0.043340870507446075,0.4702186893185843,0.49871756770768666
1013,16.883333333333333,full,occ,0,0.923,0.075,81.84,23.19,0.043340870507446075,0.4702186893185843,0.49871756770768666
1014,16.9,full,occ,0,0.923,0.075,81.34,23.29,0.043340870507446075,0.4702186893185843,0.49871756770768666
1015,16.916666666666668,full,occ,0,0.923,0.075,81.89,23.04,0.043340870507446075,0.4702186893185843,0.49871756770768666
1016,16.933333333333334,full,occ,0,0.924,0.075,82.74,23.03,0.043340870507446075,0.4702186893185843,0.49871756770768666
1017,16.95,full,occ,0,0.922,0.075,81.37,23.24,0.043340870507446075,0.4702186893185843,0.49871756770768666
1018,16.966666666666665,full,occ,0,0.923,0.075,81.7,23.11,0.043340870507446075,0.4702186893185843,0.49871756770768666
1019,16.983333333333334,full,occ,0,0.923,0.075,81.42,23.21,0.043340870507446075,0.4702186893185843,0.49871756770768666
1020,17.0,full,occ,0,0.923,0.075,81.58,23.35,0.043340870507446075,0.4702186893185843,0.49871756770768666
1021,17.016666666666666,full,occ,0,0.922,0.075,80.58,23.44,0.043340870507446075,0.4702186893185843,0.49871756770768666
1022,17.033333333333335,full,occ,0,0.923,0.075,80.37,23.4,0.043340870507446075,0.4702186893185843,0.49871756770768666
1023,17.05,full,occ,0,0.923,0.075,80.74,23.48,0.043340870507446075,0.4702186893185843,0.49871756770768666
1024,17.066666666666666,full,occ,0,0.922,0.075,80.22,23.33,0.043340870507446075,0.4702186893185843,0.49871756770768666
1025,17.083333333333332,full,occ,0,0.923,0.075,81.11,23.21,0.043340870507446075,0.4702186893185843,0.49871756770768666
1026,17.1,full,occ,0,0.923,0.075,80.5,23.13,0.043340870507446075,0.4702186893185843,0.49871756770768666
1027,17.116666666666667,full,occ,0,0.923,0.075,82.1,23.13,0.043340870507446075,0.4702186893185843,0.49871756770768666
1028,17.133333333333333,full,occ,0,0.923,0.075,80.86,23.19,0.043340870507446075,0.4702186893185843,0.49871756770768666
1029,17.15,full,occ,0,0.924,0.075,81.7,22.99,0.043340870507446075,0.4702186893185843,0.49871756770768666
1030,17.166666666666668,full,occ,0,0.924,0.075,83.11,22.77,0.043340870507446075,0.4702186893185843,0.49871756770768666
1031,17.183333333333334,full,occ,0,0.923,0.075,83.32,22.85,0.043340870507446075,0.4702186893185843,0.49871756770768666
1032,17.2,full,occ,0,0.923,0.075,83.11,22.88,0.043340870507446075,0.4702186893185843,0.49871756770768666
1033,17.216666666666665,full,occ,0,0.923,0.075,82.27,22.83,0.043340870507446075,0.4702186893185843,0.49871756770768666
1034,17.233333333333334,full,occ,0,0.924,0.075,81.05,23.16,0.043340870507446075,0.4702186893185843,0.49871756770768666
1035,17.25,full,occ,0,0.923,0.075,80.9,23.24,0.043340870507446075,0.4702186893185843,0.49871756770768666
1036,17.266666666666666,full,occ,0,0.924,0.075,81.66,23.06,0.043340870507446075,0.4702186893185843,0.49871756770768666
1037,17.283333333333335,full,occ,0,0.923,0.075,83.13,22.77,0.043340870507446075,0.4702186893185843,0.49871756770768666
1038,17.3,full,occ,0,0.923,0.075,82.9,22.8,0.043340870507446075,0.4702186893185843,0.49871756770768666
1039,17.316666666666666,full,occ,0,0.923,0.075,83.19,22.8,0.043340870507446075,0.4702186893185843,0.49871756770768666
1040,17.333333333333332,full,occ,0,0.924,0.075,82.6,22.77,0.043340870507446075,0.4702186893185843,0.49871756770768666
1041,17.35,full,occ,0,0.924,0.075,82.14,23.03,0.043340870507446075,0.4702186893185843,0.49871756770768666
1042,17.366666666666667,full,occ,0,0.923,0.075,82.01,22.99,0.043340870507446075,0.4702186893185843,0.49871756770768666
1043,17.383333333333333,full,occ,0,0.924,0.075,83.04,22.83,0.043340870507446075,0.4702186893185843,0.49871756770768666
1044,17.4,full,occ,0,0.924,0.075,83.22,22.55,0.043340870507446075,0.4702186893185843,0.49871756770768666
1045,17.416666666666668,full,occ,0,0.924,0.075,82.23,22.88,0.043340870507446075,0.4702186893185843,0.49871756770768666
1046,17.433333333333334,full,occ,0,0.923,0.075,82.94,22.75,0.043340870507446075,0.4702186893185843,0.49871756770768666
1047,17.45,full,occ,0,0.923,0.075,83.0,22.65,0.043340870507446075,0.4702186893185843,0.49871756770768666
1048,17.466666666666665,full,occ,0,0.923,0.075,82.32,22.69,0.043340870507446075,0.4702186893185843,0.49871756770768666
1049,17.483333333333334,full,occ,0,0.924,0.075,82.19,22.65,0.043340870507446075,0.4702186893185843,0.49871756770768666
1050,17.5,full,occ,0,0.924,0.075,82.91,22.84,0.043340870507446075,0.4702186893185843,0.49871756770768666
1051,17.516666666666666,full,occ,0,0.924,0.075,82.99,22.68,0.043340870507446075,0.4702186893185843,0.49871756770768666
1052,17.533333333333335,full,occ,0,0.924,0.075,83.43,22.44,0.043340870507446075,0.4702186893185843,0.49871756770768666
1053,17.55,full,occ,0,0.923,0.075,84.01,22.49,0.043340870507446075,0.4702186893185843,0.49871756770768666
1054,17.566666666666666,full,occ,0,0.924,0.075,82.86,22.65,0.043340870507446075,0.4702186893185843,0.49871756770768666
1055,17.583333333333332,full,occ,0,0.923,0.075,82.47,22.73,0.043340870507446075,0.4702186893185843,0.49871756770768666
1056,17.6,full,occ,0,0.922,0.075,82.46,22.78,0.043340870507446075,0.4702186893185843,0.49871756770768666
1057,17.616666666666667,full,occ,0,0.92,0.075,81.87,22.73,0.043340870507446075,0.4702186893185843,0.49871756770768666
1058,17.633333333333333,full,occ,0,0.922,0.075,82.65,22.65,0.043340870507446075,0.4702186893185843,0.49871756770768666
1059,17.65,full,occ,0,0.922,0.075,81.97,22.42,0.043340870507446075,0.4702186893185843,0.49871756770768666
1060,17.666666666666668,full,occ,0,0.924,0.075,84.24,22.29,0.043340870507446075,0.4702186893185843,0.49871756770768666
1061,17.683333333333334,full,occ,0,0.922,0.075,82.11,22.55,0.043340870507446075,0.4702186893185843,0.49871756770768666
1062,17.7,full,occ,0,0.923,0.075,82.4,22.56,0.043340870507446075,0.4702186893185843,0.49871756770768666
1063,17.716666666666665,full,occ,0,0.922,0.075,82.77,22.47,0.043340870507446075,0.4702186893185843,0.49871756770768666
1064,17.733333333333334,full,occ,0,0.924,0.075,82.99,22.47,0.043340870507446075,0.4702186893185843,0.49871756770768666
1065,17.75,full,occ,0,0.923,0.075,83.05,22.51,0.043340870507446075,0.4702186893185843,0.49871756770768666
1066,17.766666666666666,full,occ,0,0.923,0.075,82.73,22.45,0.043340870507446075,0.4702186893185843,0.49871756770768666
1067,17.783333333333335,full,occ,0,0.923,0.075,83.88,22.4,0.043340870507446075,0.4702186893185843,0.49871756770768666
1068,17.8,full,occ,0,0.923,0.075,83.09,22.47,0.043340870507446075,0.4702186893185843,0.49871756770768666
1069,17.816666666666666,full,occ,0,0.923,0.075,83.42,22.31,0.043340870507446075,0.4702186893185843,0.49871756770768666
1070,17.833333333333332,full,occ,0,0.923,0.075,83.08,22.54,0.043340870507446075,0.4702186893185843,0.49871756770768666
1071,17.85,full,occ,0,0.921,0.075,82.22,22.46,0.043340870507446075,0.4702186893185843,0.49871756770768666
1072,17.866666666666667,full,occ,0,0.921,0.075,83.2,22.28,0.043340870507446075,0.4702186893185843,0.49871756770768666
1073,17.883333333333333,full,occ,0,0.921,0.075,82.78,22.51,0.043340870507446075,0.4702186893185843,0.49871756770768666
1074,17.9,full,occ,0,0.921,0.075,82.9,22.3,0.043340870507446075,0.4702186893185843,0.49871756770768666
1075,17.916666666666668,full,occ,0,0.923,0.075,82.85,22.36,0.043340870507446075,0.4702186893185843,0.49871756770768666
1076,17.933333333333334,full,occ,0,0.92,0.075,83.52,22.33,0.043340870507446075,0.4702186893185843,0.49871756770768666
1077,17.95,full,occ,0,0.921,0.075,83.22,22.21,0.043340870507446075,0.4702186893185843,0.49871756770768666
1078,17.966666666666665,full,occ,0,0.921,0.075,82.33,22.34,0.043340870507446075,0.4702186893185843,0.49871756770768666
1079,17.983333333333334,full,occ,0,0.923,0.075,82.8,22.4,0.043340870507446075,0.4702186893185843,0.49871756770768666
1080,18.0,full,occ,0,0.923,0.075,82.46,22.34,0.043340870507446075,0.4702186893185843,0.49871756770768666
1081,18.016666666666666,full,occ,0,0.923,0.075,82.94,22.32,0.043340870507446075,0.4702186893185843,0.49871756770768666
1082,18.033333333333335,full,occ,0,0.923,0.075,84.31,22.38,0.043340870507446075,0.4702186893185843,0.49871756770768666
1083,18.05,full,occ,0,0.92,0.075,83.77,22.41,0.043340870507446075,0.4702186893185843,0.49871756770768666
1084,18.066666666666666,full,occ,0,0.921,0.075,84.75,22.2,0.043340870507446075,0.4702186893185843,0.49871756770768666
1085,18.083333333333332,full,occ,0,0.922,0.075,84.43,22.16,0.043340870507446075,0.4702186893185843,0.49871756770768666
1086,18.1,full,occ,0,0.923,0.075,84.26,22.16,0.043340870507446075,0.4702186893185843,0.49871756770768666
1087,18.116666666666667,occ,occ,1,0.923,0.075,84.92,22.09,0.043340870507446075,0.4702186893185843,0.49871756770768666
1088,18.133333333333333,occ,occ,1,0.922,0.075,85.0,22.13,0.043340870507446075,0.4702186893185843,0.49871756770768666
1089,18.15,occ,occ,1,0.922,0.075,84.88,22.16,0.043340870507446075,0.4702186893185843,0.49871756770768666
1090,18.166666666666668,occ,occ,1,0.923,0.075,85.72,22.16,0.043340870507446075,0.4702186893185843,0.49871756770768666
1091,18.183333333333334,occ,occ,1,0.921,0.075,85.32,22.17,0.043340870507446075,0.4702186893185843,0.49871756770768666
1092,18.2,occ,occ,1,0.92,0.075,85.53,22.11,0.043340870507446075,0.4702186893185843,0.49871756770768666
1093,18.216666666666665,occ,occ,1,0.922,0.075,84.44,22.33,0.043340870507446075,0.4702186893185843,0.49871756770768666
1094,18.233333333333334,occ,occ,1,0.923,0.075,86.5,22.14,0.043340870507446075,0.4702186893185843,0.49871756770768666
1095,18.25,occ,occ,1,0.922,0.075,86.3,21.93,0.043340870507446075,0.4702186893185843,0.49871756770768666
1096,18.266666666666666,occ,occ,1,0.922,0.075,86.39,21.94,0.043340870507446075,0.4702186893185843,0.49871756770768666
1097,18.283333333333335,occ,occ,1,0.922,0.075,85.35,22.21,0.043340870507446075,0.4702186893185843,0.49871756770768666
1098,18.3,occ,occ,1,0.923,0.075,85.28,22.28,0.043340870507446075,0.4702186893185843,0.49871756770768666
1099,18.316666666666666,occ,occ,1,0.922,0.075,86.46,22.31,0.043340870507446075,0.4702186893185843,0.49871756770768666
1100,18.333333333333332,occ,occ,1,0.923,0.075,86.42,22.15,0.043340870507446075,0.4702186893185843,0.49871756770768666
1101,18.35,occ,occ,1,0.923,0.075,86.48,22.29,0.043340870507446075,0.4702186893185843,0.49871756770768666
1102,18.366666666666667,occ,occ,1,0.922,0.075,86.65,22.24,0.043340870507446075,0.4702186893185843,0.49871756770768666
1103,18.383333333333333,occ,occ,1,0.921,0.075,86.09,22.28,0.043340870507446075,0.4702186893185843,0.49871756770768666
1104,18.4,occ,occ,1,0.922,0.075,86.95,22.22,0.043340870507446075,0.4702186893185843,0.49871756770768666
1105,18.416666666666668,occ,occ,1,0.92,0.075,85.9,22.07,0.043340870507446075,0.4702186893185843,0.49871756770768666
1106,18.433333333333334,occ,occ,1,0.923,0.075,86.45,22.26,0.043340870507446075,0.4702186893185843,0.49871756770768666
1107,18.45,occ,occ,1,0.921,0.075,85.49,22.18,0.043340870507446075,0.4702186893185843,0.49871756770768666
1108,18.466666666666665,occ,occ,1,0.923,0.075,86.83,22.1,0.043340870507446075,0.4702186893185843,0.49871756770768666
1109,18.483333333333334,occ,occ,1,0.922,0.075,87.03,22.02,0.043340870507446075,0.4702186893185843,0.49871756770768666
1110,18.5,occ,occ,1,0.923,0.075,85.51,22.18,0.043340870507446075,0.4702186893185843,0.49871756770768666
1111,18.516666666666666,occ,occ,1,0.923,0.075,85.86,22.18,0.043340870507446075,0.4702186893185843,0.49871756770768666
1112,18.533333333333335,occ,occ,1,0.923,0.075,85.48,22.22,0.043340870507446075,0.4702186893185843,0.49871756770768666
1113,18.55,occ,occ,1,0.921,0.075,85.62,22.14,0.043340870507446075,0.4702186893185843,0.49871756770768666
1114,18.566666666666666,occ,occ,1,0.923,0.075,87.5,22.02,0.043340870507446075,0.4702186893185843,0.49871756770768666
1115,18.583333333333332,occ,occ,1,0.922,0.075,86.45,22.03,0.043340870507446075,0.4702186893185843,0.49871756770768666
1116,18.6,occ,occ,1,0.924,0.075,85.91,21.74,0.043340870507446075,0.4702186893185843,0.49871756770768666
1117,18.616666666666667,occ,occ,1,0.921,0.075,87.07,21.96,0.043340870507446075,0.4702186893185843,0.49871756770768666
1118,18.633333333333333,occ,occ,1,0.921,0.075,85.85,21.66,0.043340870507446075,0.4702186893185843,0.49871756770768666
1119,18.65,occ,occ,1,0.922,0.075,86.96,21.66,0.043340870507446075,0.4702186893185843,0.49871756770768666
1120,18.666666666666668,occ,occ,1,0.92,0.075,87.24,21.75,0.043340870507446075,0.4702186893185843,0.49871756770768666
1121,18.683333333333334,occ,occ,1,0.921,0.075,86.99,21.89,0.043340870507446075,0.4702186893185843,0.49871756770768666
1122,18.7,occ,occ,1,0.919,0.075,87.89,22.12,0.043340870507446075,0.4702186893185843,0.49871756770768666
1123,18.716666666666665,occ,occ,1,0.918,0.075,87.12,22.25,0.043340870507446075,0.4702186893185843,0.49871756770768666
1124,18.733333333333334,occ,occ,1,0.918,0.075,87.26,22.21,0.043340870507446075,0.4702186893185843,0.49871756770768666
1125,18.75,occ,occ,1,0.917,0.075,87.9,22.14,0.043340870507446075,0.4702186893185843,0.49871756770768666
1126,18.766666666666666,occ,occ,1,0.917,0.075,88.78,22.03,0.043340870507446075,0.4702186893185843,0.49871756770768666
1127,18.783333333333335,occ,occ,1,0.917,0.075,88.44,22.01,0.043340870507446075,0.4702186893185843,0.49871756770768666
1128,18.8,occ,occ,1,0.917,0.075,87.27,21.88,0.043340870507446075,0.4702186893185843,0.49871756770768666
1129,18.816666666666666,base,occ,0,0.914,0.075,88.23,22.01,0.043340870507446075,0.4702186893185843,0.49871756770768666
1130,18.833333333333332,base,occ,0,0.735,0.075,88.43,22.17,0.043340870507446075,0.4702186893185843,0.49871756770768666
1131,18.85,base,base,1,0.366,0.075,89.43,21.98,0.04209922597297574,0.45523915381043073,0.49951557865278207
1132,18.866666666666667,base,base,1,0.156,0.075,89.22,22.05,0.04209922597297574,0.45523915381043073,0.49951557865278207
1133,18.883333333333333,base,base,1,0.096,0.075,87.91,21.59,0.04209922597297574,0.45523915381043073,0.49951557865278207
1134,18.9,base,base,1,0.093,0.075,89.55,21.81,0.04209922597297574,0.45523915381043073,0.49951557865278207
1135,18.916666666666668,base,base,1,0.085,0.075,89.35,21.85,0.04209922597297574,0.45523915381043073,0.49951557865278207
1136,18.933333333333334,base,base,1,0.084,0.075,89.7,21.89,0.04209922597297574,0.45523915381043073,0.49951557865278207
1137,18.95,base,base,1,0.082,0.075,88.88,21.7,0.04209922597297574,0.45523915381043073,0.49951557865278207
1138,18.966666666666665,base,base,1,0.082,0.075,90.81,22.04,0.04209922597297574,0.45523915381043073,0.49951557865278207
1139,18.983333333333334,base,base,1,0.08,0.075,90.43,21.91,0.04209922597297574,0.45523915381043073,0.49951557865278207
1140,19.0,base,base,1,0.081,0.075,90.66,21.92,0.04209922597297574,0.45523915381043073,0.49951557865278207
1141,19.016666666666666,base,base,1,0.082,0.075,89.46,21.68,0.04209922597297574,0.45523915381043073,0.49951557865278207
1142,19.033333333333335,base,base,1,0.085,0.075,90.52,21.72,0.04209922597297574,0.45523915381043073,0.49951557865278207
1143,19.05,base,base,1,0.081,0.075,91.64,21.9,0.04209922597297574,0.45523915381043073,0.49951557865278207
1144,19.066666666666666,base,base,1,0.082,0.075,91.3,21.75,0.04209922597297574,0.45523915381043073,0.49951557865278207
1145,19.083333333333332,base,base,1,0.08,0.075,91.63,21.9,0.04209922597297574,0.45523915381043073,0.49951557865278207
1146,19.1,base,base,1,0.08,0.075,91.61,21.84,0.04209922597297574,0.45523915381043073,0.49951557865278207
1147,19.116666666666667,base,base,1,0.079,0.075,92.04,21.96,0.04209922597297574,0.45523915381043073,0.49951557865278207
1148,19.133333333333333,base,base,1,0.079,0.075,91.43,21.82,0.04209922597297574,0.45523915381043073,0.49951557865278207
1149,19.15,base,base,1,0.079,0.075,92.32,21.94,0.04209922597297574,0.45523915381043073,0.49951557865278207
1150,19.166666666666668,base,base,1,0.079,0.075,91.99,21.84,0.04209922597297574,0.45523915381043073,0.49951557865278207
1151,19.183333333333334,base,base,1,0.079,0.075,91.73,21.83,0.04209922597297574,0.45523915381043073,0.49951557865278207
1152,19.2,base,base,1,0.079,0.075,91.5,21.78,0.04209922597297574,0.45523915381043073,0.49951557865278207
1153,19.216666666666665,base,base,1,0.079,0.075,90.86,21.53,0.04209922597297574,0.45523915381043073,0.49951557865278207
1154,19.233333333333334,base,base,1,0.081,0.075,91.42,21.62,0.04209922597297574,0.45523915381043073,0.49951557865278207
1155,19.25,base,base,1,0.08,0.075,91.16,21.64,0.04209922597297574,0.45523915381043073,0.49951557865278207
1156,19.266666666666666,base,base,1,0.08,0.075,92.1,21.9,0.04209922597297574,0.45523915381043073,0.49951557865278207
1157,19.283333333333335,base,base,1,0.077,0.075,91.75,21.77,0.04209922597297574,0.45523915381043073,0.49951557865278207
1158,19.3,base,base,1,0.078,0.075,93.11,21.9,0.04209922597297574,0.45523915381043073,0.49951557865278207
1159,19.316666666666666,base,base,1,0.079,0.075,91.53,21.79,0.04209922597297574,0.45523915381043073,0.49951557865278207
1160,19.333333333333332,base,base,1,0.081,0.075,91.62,21.59,0.04209922597297574,0.45523915381043073,0.49951557865278207
1161,19.35,base,base,1,0.08,0.075,91.36,21.44,0.04209922597297574,0.45523915381043073,0.49951557865278207
1162,19.366666666666667,base,base,1,0.086,0.075,92.4,21.63,0.04209922597297574,0.45523915381043073,0.49951557865278207
1163,19.383333333333333,base,base,1,0.083,0.075,92.61,21.47,0.04209922597297574,0.45523915381043073,0.49951557865278207
1164,19.4,base,base,1,0.085,0.075,93.01,21.6,0.04209922597297574,0.45523915381043073,0.49951557865278207
1165,19.416666666666668,base,base,1,0.085,0.075,92.72,21.71,0.04209922597297574,0.45523915381043073,0.49951557865278207
1166,19.433333333333334,base,base,1,0.082,0.075,92.49,21.64,0.04209922597297574,0.45523915381043073,0.49951557865278207
1167,19.45,base,base,1,0.082,0.075,92.75,21.61,0.04209922597297574,0.45523915381043073,0.49951557865278207
1168,19.466666666666665,base,base,1,0.083,0.075,92.99,21.71,0.04209922597297574,0.45523915381043073,0.49951557865278207
1169,19.483333333333334,base,base,1,0.084,0.075,93.36,21.77,0.04209922597297574,0.45523915381043073,0.49951557865278207
1170,19.5,base,base,1,0.083,0.075,93.58,21.73,0.04209922597297574,0.45523915381043073,0.49951557865278207
1171,19.516666666666666,base,base,1,0.086,0.075,93.2,21.67,0.04209922597297574,0.45523915381043073,0.49951557865278207
1172,19.533333333333335,base,base,1,0.088,0.075,93.44,21.66,0.04209922597297574,0.45523915381043073,0.49951557865278207
1173,19.55,base,base,1,0.09,0.075,93.35,21.47,0.04209922597297574,0.45523915381043073,0.49951557865278207
1174,19.566666666666666,base,base,1,0.1,0.075,93.3,21.58,0.04209922597297574,0.45523915381043073,0.49951557865278207
1175,19.583333333333332,base,base,1,0.093,0.075,93.75,21.74,0.04209922597297574,0.45523915381043073,0.49951557865278207
1176,19.6,base,base,1,0.093,0.075,93.51,21.61,0.04209922597297574,0.45523915381043073,0.49951557865278207
1177,19.616666666666667,base,base,1,0.095,0.075,94.01,21.74,0.04209922597297574,0.45523915381043073,0.49951557865278207
1178,19.633333333333333,base,base,1,0.095,0.075,93.0,21.67,0.04209922597297574,0.45523915381043073,0.49951557865278207
1179,19.65,base,base,1,0.091,0.075,93.21,21.63,0.04209922597297574,0.45523915381043073,0.49951557865278207
1180,19.666666666666668,base,base,1,0.097,0.075,92.64,21.55,0.04209922597297574,0.45523915381043073,0.49951557865278207
1181,19.683333333333334,base,base,1,0.099,0.075,92.2,21.45,0.04209922597297574,0.45523915381043073,0.49951557865278207
1182,19.7,base,base,1,0.1,0.075,92.88,21.4,0.04209922597297574,0.45523915381043073,0.49951557865278207
1183,19.716666666666665,base,base,1,0.1,0.075,93.19,21.54,0.04209922597297574,0.45523915381043073,0.49951557865278207
1184,19.733333333333334,base,base,1,0.099,0.075,93.37,21.7,0.04209922597297574,0.45523915381043073,0.49951557865278207
1185,19.75,base,base,1,0.09,0.075,92.48,21.51,0.04209922597297574,0.45523915381043073,0.49951557865278207
1186,19.766666666666666,base,base,1,0.094,0.075,91.74,21.56,0.04209922597297574,0.45523915381043073,0.49951557865278207
1187,19.783333333333335,base,base,1,0.091,0.075,92.95,21.56,0.04209922597297574,0.45523915381043073,0.49951557865278207
1188,19.8,base,base,1,0.088,0.075,92.24,21.66,0.04209922597297574,0.45523915381043073,0.49951557865278207
1189,19.816666666666666,base,base,1,0.084,0.075,92.1,21.41,0.04209922597297574,0.45523915381043073,0.49951557865278207
1190,19.833333333333332,base,base,1,0.083,0.075,92.43,21.46,0.04209922597297574,0.45523915381043073,0.49951557865278207
1191,19.85,base,base,1,0.088,0.075,94.04,21.9,0.04209922597297574,0.45523915381043073,0.49951557865278207
1192,19.866666666666667,base,base,1,0.083,0.075,93.7,21.92,0.04209922597297574,0.45523915381043073,0.49951557865278207
1193,19.883333333333333,base,base,1,0.081,0.075,93.59,21.93,0.04209922597297574,0.45523915381043073,0.49951557865278207
1194,19.9,base,base,1,0.08,0.075,94.05,21.96,0.04209922597297574,0.45523915381043073,0.49951557865278207
1195,19.916666666666668,base,base,1,0.082,0.075,93.6,21.93,0.04209922597297574,0.45523915381043073,0.49951557865278207
1196,19.933333333333334,base,base,1,0.08,0.075,92.84,21.59,0.04209922597297574,0.45523915381043073,0.49951557865278207
1197,19.95,base,base,1,0.085,0.075,93.47,21.58,0.04209922597297574,0.45523915381043073,0.49951557865278207
1198,19.966666666666665,base,base,1,0.095,0.075,93.04,21.59,0.04209922597297574,0.45523915381043073,0.49951557865278207
1199,19.983333333333334,base,base,1,0.097,0.075,93.12,21.62,0.04209922597297574,0.45523915381043073,0.49951557865278207
1200,20.0,base,base,1,0.092,0.075,92.69,21.53,0.04209922597297574,0.45523915381043073,0.49951557865278207
1201,20.016666666666666,base,base,1,0.09,0.075,93.6,21.88,0.04209922597297574,0.45523915381043073,0.49951557865278207
1202,20.033333333333335,base,base,1,0.084,0.075,92.98,21.83,0.04209922597297574,0.45523915381043073,0.49951557865278207
1203,20.05,base,base,1,0.083,0.075,93.17,21.69,0.04209922597297574,0.45523915381043073,0.49951557865278207
1204,20.066666666666666,base,base,1,0.083,0.075,93.57,21.86,0.04209922597297574,0.45523915381043073,0.49951557865278207
1205,20.083333333333332,base,base,1,0.084,0.075,93.8,21.86,0.04209922597297574,0.45523915381043073,0.49951557865278207
1206,20.1,base,base,1,0.081,0.075,93.72,21.7,0.04209922597297574,0.45523915381043073,0.49951557865278207
1207,20.116666666666667,base,base,1,0.083,0.075,93.89,21.82,0.04209922597297574,0.45523915381043073,0.49951557865278207
1208,20.133333333333333,base,base,1,0.081,0.075,94.16,21.89,0.04209922597297574,0.45523915381043073,0.49951557865278207
1209,20.15,base,base,1,0.081,0.075,92.71,21.6,0.04209922597297574,0.45523915381043073,0.49951557865278207
1210,20.166666666666668,base,base,1,0.083,0.075,92.05,21.47,0.04209922597297574,0.45523915381043073,0.49951557865278207
1211,20.183333333333334,base,base,1,0.084,0.075,92.83,21.56,0.04209922597297574,0.45523915381043073,0.49951557865278207
1212,20.2,base,base,1,0.083,0.075,93.12,21.74,0.04209922597297574,0.45523915381043073,0.49951557865278207
1213,20.216666666666665,base,base,1,0.081,0.075,92.43,21.72,0.04209922597297574,0.45523915381043073,0.49951557865278207
1214,20.233333333333334,base,base,1,0.085,0.075,91.98,21.61,0.04209922597297574,0.45523915381043073,0.49951557865278207
1215,20.25,base,base,1,0.083,0.075,92.13,21.55,0.04209922597297574,0.45523915381043073,0.49951557865278207
1216,20.266666666666666,base,base,1,0.083,0.075,93.45,21.72,0.04209922597297574,0.45523915381043073,0.49951557865278207
1217,20.283333333333335,base,base,1,0.082,0.075,93.32,21.9,0.04209922597297574,0.45523915381043073,0.49951557865278207
1218,20.3,base,base,1,0.081,0.075,93.04,21.74,0.04209922597297574,0.45523915381043073,0.49951557865278207
1219,20.316666666666666,base,base,1,0.083,0.075,93.46,21.69,0.04209922597297574,0.45523915381043073,0.49951557865278207
1220,20.333333333333332,base,base,1,0.083,0.075,93.52,21.78,0.04209922597297574,0.45523915381043073,0.49951557865278207
1221,20.35,base,base,1,0.087,0.075,93.53,21.7,0.04209922597297574,0.45523915381043073,0.49951557865278207
1222,20.366666666666667,base,base,1,0.093,0.075,93.32,21.59,0.04209922597297574,0.45523915381043073,0.49951557865278207
1223,20.383333333333333,base,base,1,0.096,0.075,92.82,21.53,0.04209922597297574,0.45523915381043073,0.49951557865278207
1224,20.4,base,base,1,0.098,0.075,93.37,21.54,0.04209922597297574,0.45523915381043073,0.49951557865278207
1225,20.416666666666668,base,base,1,0.098,0.075,93.39,21.58,0.04209922597297574,0.45523915381043073,0.49951557865278207
1226,20.433333333333334,base,base,1,0.095,0.075,93.7,21.6,0.04209922597297574,0.45523915381043073,0.49951557865278207
1227,20.45,base,base,1,0.091,0.075,92.96,21.44,0.04209922597297574,0.45523915381043073,0.49951557865278207
1228,20.466666666666665,base,base,1,0.091,0.075,93.31,21.57,0.04209922597297574,0.45523915381043073,0.49951557865278207
1229,20.483333333333334,base,base,1,0.09,0.075,94.15,21.83,0.04209922597297574,0.45523915381043073,0.49951557865278207
1230,20.5,base,base,1,0.093,0.075,94.09,21.74,0.04209922597297574,0.45523915381043073,0.49951557865278207
1231,20.516666666666666,base,base,1,0.092,0.075,94.0,21.82,0.04209922597297574,0.45523915381043073,0.49951557865278207
1232,20.533333333333335,base,base,1,0.094,0.075,93.36,21.73,0.04209922597297574,0.45523915381043073,0.49951557865278207
1233,20.55,base,base,1,0.091,0.075,92.83,21.62,0.04209922597297574,0.45523915381043073,0.49951557865278207
1234,20.566666666666666,base,base,1,0.094,0.075,93.36,21.72,0.04209922597297574,0.45523915381043073,0.49951557865278207
1235,20.583333333333332,base,base,1,0.095,0.075,94.23,21.78,0.04209922597297574,0.45523915381043073,0.49951557865278207
1236,20.6,base,base,1,0.097,0.075,95.14,21.97,0.04209922597297574,0.45523915381043073,0.49951557865278207
1237,20.616666666666667,base,base,1,0.092,0.075,93.98,22.01,0.04209922597297574,0.45523915381043073,0.49951557865278207
1238,20.633333333333333,base,base,1,0.092,0.075,93.97,21.9,0.04209922597297574,0.45523915381043073,0.49951557865278207
1239,20.65,base,base,1,0.095,0.075,94.08,21.74,0.04209922597297574,0.45523915381043073,0.49951557865278207
1240,20.666666666666668,base,base,1,0.094,0.075,93.82,21.68,0.04209922597297574,0.45523915381043073,0.49951557865278207
1241,20.683333333333334,base,base,1,0.093,0.075,94.39,21.75,0.04209922597297574,0.45523915381043073,0.49951557865278207
1242,20.7,base,base,1,0.095,0.075,93.72,21.72,0.04209922597297574,0.45523915381043073,0.49951557865278207
1243,20.716666666666665,base,base,1,0.091,0.075,93.83,21.76,0.04209922597297574,0.45523915381043073,0.49951557865278207
1244,20.733333333333334,base,base,1,0.099,0.075,92.7,21.63,0.04209922597297574,0.45523915381043073,0.49951557865278207
1245,20.75,base,base,1,0.101,0.075,91.61,21.38,0.04209922597297574,0.45523915381043073,0.49951557865278207
1246,20.766666666666666,base,base,1,0.088,0.076,92.25,21.53,0.04209922597297574,0.45523915381043073,0.49951557865278207
1247,20.783333333333335,base,base,1,0.094,0.075,92.96,21.56,0.04209922597297574,0.45523915381043073,0.49951557865278207
1248,20.8,base,base,1,0.099,0.075,92.82,21.65,0.04209922597297574,0.45523915381043073,0.49951557865278207
1249,20.816666666666666,base,base,1,0.107,0.075,92.96,21.63,0.04209922597297574,0.45523915381043073,0.49951557865278207
1250,20.833333333333332,base,base,1,0.105,0.075,93.49,21.78,0.04209922597297574,0.45523915381043073,0.49951557865278207
1251,20.85,base,base,1,0.105,0.075,93.31,21.74,0.04209922597297574,0.45523915381043073,0.49951557865278207
1252,20.866666666666667,base,base,1,0.099,0.075,93.69,21.76,0.04209922597297574,0.45523915381043073,0.49951557865278207
1253,20.883333333333333,base,base,1,0.099,0.076,92.78,21.7,0.04209922597297574,0.45523915381043073,0.49951557865278207
1254,20.9,base,base,1,0.108,0.076,92.46,21.65,0.04209922597297574,0.45523915381043073,0.49951557865278207
1255,20.916666666666668,base,base,1,0.106,0.076,93.6,21.84,0.04209922597297574,0.45523915381043073,0.49951557865278207
1256,20.933333333333334,base,base,1,0.104,0.076,93.19,21.73,0.04209922597297574,0.45523915381043073,0.49951557865278207
1257,20.95,base,base,1,0.114,0.076,91.82,21.4,0.04209922597297574,0.45523915381043073,0.49951557865278207
1258,20.966666666666665,base,base,1,0.116,0.078,92.77,21.53,0.04209922597297574,0.45523915381043073,0.49951557865278207
1259,20.983333333333334,base,base,1,0.117,0.078,92.79,21.51,0.04209922597297574,0.45523915381043073,0.49951557865278207
1260,21.0,base,base,1,0.107,0.078,93.71,21.68,0.04209922597297574,0.45523915381043073,0.49951557865278207
1261,21.016666666666666,base,base,1,0.106,0.079,93.2,21.58,0.04209922597297574,0.45523915381043073,0.49951557865278207
1262,21.033333333333335,base,base,1,0.114,0.081,93.2,21.76,0.04209922597297574,0.45523915381043073,0.49951557865278207
1263,21.05,base,base,1,0.117,0.081,93.4,21.73,0.04209922597297574,0.45523915381043073,0.49951557865278207
1264,21.066666666666666,base,base,1,0.111,0.083,93.98,21.8,0.04209922597297574,0.45523915381043073,0.49951557865278207
1265,21.083333333333332,base,base,1,0.104,0.087,93.26,21.73,0.04209922597297574,0.45523915381043073,0.49951557865278207
1266,21.1,base,base,1,0.105,0.09,93.14,21.63,0.04209922597297574,0.45523915381043073,0.49951557865278207
1267,21.116666666666667,base,base,1,0.102,0.104,92.92,21.63,0.04209922597297574,0.45523915381043073,0.49951557865278207
1268,21.133333333333333,base,base,1,0.126,0.116,93.89,21.73,0.04209922597297574,0.45523915381043073,0.49951557865278207
1269,21.15,base,base,1,0.131,0.133,93.87,21.77,0.04209922597297574,0.45523915381043073,0.49951557865278207
1270,21.166666666666668,base,base,1,0.107,0.167,94.33,21.8,0.04209922597297574,0.45523915381043073,0.49951557865278207
1271,21.183333333333334,base,base,1,0.099,0.246,94.8,21.92,0.04209922597297574,0.45523915381043073,0.49951557865278207
1272,21.2,base,base,1,0.098,0.349,93.34,21.59,0.04209922597297574,0.45523915381043073,0.49951557865278207
1273,21.216666666666665,base,win,0,0.087,0.556,93.19,21.6,0.04029022327420226,0.4346908748527244,0.4879180443770272
1274,21.233333333333334,base,win,0,0.082,0.705,92.94,21.45,0.04029022327420226,0.4346908748527244,0.4879180443770272
1275,21.25,base,win,0,0.083,0.779,92.96,21.43,0.04029022327420226,0.4346908748527244,0.4879180443770272
1276,21.266666666666666,base,win,0,0.086,0.79,93.22,21.61,0.04029022327420226,0.4346908748527244,0.4879180443770272
1277,21.283333333333335,base,win,0,0.096,0.738,92.77,21.48,0.04029022327420226,0.4346908748527244,0.4879180443770272
1278,21.3,base,win,0,0.107,0.63,92.54,21.51,0.04029022327420226,0.4346908748527244,0.4879180443770272
1279,21.316666666666666,base,win,0,0.104,0.51,93.37,21.7,0.04029022327420226,0.4346908748527244,0.4879180443770272
1280,21.333333333333332,base,base,1,0.107,0.315,94.01,21.88,0.04209922597297574,0.45523915381043073,0.49951557865278207
1281,21.35,base,base,1,0.114,0.149,94.12,21.75,0.04209922597297574,0.45523915381043073,0.49951557865278207
1282,21.366666666666667,base,base,1,0.103,0.102,92.25,21.47,0.04209922597297574,0.45523915381043073,0.49951557865278207
1283,21.383333333333333,base,base,1,0.124,0.087,93.07,21.65,0.04209922597297574,0.45523915381043073,0.49951557865278207
1284,21.4,base,base,1,0.108,0.081,93.64,21.63,0.04209922597297574,0.45523915381043073,0.49951557865278207
1285,21.416666666666668,base,base,1,0.105,0.08,93.66,21.75,0.04209922597297574,0.45523915381043073,0.49951557865278207
1286,21.433333333333334,base,base,1,0.1,0.079,93.22,21.6,0.04209922597297574,0.45523915381043073,0.49951557865278207
1287,21.45,base,base,1,0.099,0.079,93.6,21.68,0.04209922597297574,0.45523915381043073,0.49951557865278207
1288,21.466666666666665,base,base,1,0.122,0.079,94.38,21.75,0.04209922597297574,0.45523915381043073,0.49951557865278207
1289,21.483333333333334,base,base,1,0.108,0.078,93.86,21.62,0.04209922597297574,0.45523915381043073,0.49951557865278207
1290,21.5,base,base,1,0.104,0.078,92.99,21.6,0.04209922597297574,0.45523915381043073,0.49951557865278207
1291,21.516666666666666,base,base,1,0.118,0.078,92.91,21.64,0.04209922597297574,0.45523915381043073,0.49951557865278207
1292,21.533333333333335,base,base,1,0.121,0.079,91.83,21.41,0.04209922597297574,0.45523915381043073,0.49951557865278207
1293,21.55,base,base,1,0.11,0.078,91.97,21.41,0.04209922597297574,0.45523915381043073,0.49951557865278207
1294,21.566666666666666,base,base,1,0.107,0.079,93.67,21.85,0.04209922597297574,0.45523915381043073,0.49951557865278207
1295,21.583333333333332,base,base,1,0.099,0.078,93.99,21.91,0.04209922597297574,0.45523915381043073,0.49951557865278207
1296,21.6,base,base,1,0.096,0.077,94.14,21.91,0.04209922597297574,0.45523915381043073,0.49951557865278207
1297,21.616666666666667,base,base,1,0.107,0.078,93.8,21.93,0.04209922597297574,0.45523915381043073,0.49951557865278207
1298,21.633333333333333,base,base,1,0.093,0.078,94.11,21.96,0.04209922597297574,0.45523915381043073,0.49951557865278207
1299,21.65,base,base,1,0.102,0.078,93.8,21.86,0.04209922597297574,0.45523915381043073,0.49951557865278207
1300,21.666666666666668,base,base,1,0.09,0.077,93.71,21.81,0.04209922597297574,0.45523915381043073,0.49951557865278207
1301,21.683333333333334,base,base,1,0.092,0.077,93.64,21.71,0.04209922597297574,0.45523915381043073,0.49951557865278207
1302,21.7,base,base,1,0.112,0.077,93.38,21.72,0.04209922597297574,0.45523915381043073,0.49951557865278207
1303,21.716666666666665,base,base,1,0.111,0.076,92.45,21.5,0.04209922597297574,0.45523915381043073,0.49951557865278207
1304,21.733333333333334,base,base,1,0.113,0.077,93.19,21.64,0.04209922597297574,0.45523915381043073,0.49951557865278207
1305,21.75,base,base,1,0.104,0.076,93.44,21.86,0.04209922597297574,0.45523915381043073,0.49951557865278207
1306,21.766666666666666,base,base,1,0.098,0.076,94.7,21.99,0.04209922597297574,0.45523915381043073,0.49951557865278207
1307,21.783333333333335,base,base,1,0.091,0.077,93.85,21.93,0.04209922597297574,0.45523915381043073,0.49951557865278207
1308,21.8,base,base,1,0.098,0.076,94.47,22.06,0.04209922597297574,0.45523915381043073,0.49951557865278207
1309,21.816666666666666,base,base,1,0.11,0.076,94.31,22.0,0.04209922597297574,0.45523915381043073,0.49951557865278207
1310,21.833333333333332,base,base,1,0.095,0.077,93.87,21.88,0.04209922597297574,0.45523915381043073,0.49951557865278207
1311,21.85,base,base,1,0.087,0.077,93.36,21.84,0.04209922597297574,0.45523915381043073,0.49951557865278207
1312,21.866666666666667,base,base,1,0.087,0.077,93.05,21.84,0.04209922597297574,0.45523915381043073,0.49951557865278207
1313,21.883333333333333,base,base,1,0.088,0.076,93.5,21.92,0.04209922597297574,0.45523915381043073,0.49951557865278207
1314,21.9,base,base,1,0.092,0.076,92.65,21.72,0.04209922597297574,0.45523915381043073,0.49951557865278207
1315,21.916666666666668,base,base,1,0.089,0.076,93.48,21.94,0.04209922597297574,0.45523915381043073,0.49951557865278207
1316,21.933333333333334,base,base,1,0.098,0.076,93.13,21.77,0.04209922597297574,0.45523915381043073,0.49951557865278207
1317,21.95,base,base,1,0.097,0.076,92.59,21.63,0.04209922597297574,0.45523915381043073,0.49951557865278207
1318,21.966666666666665,base,base,1,0.097,0.076,93.56,21.83,0.04209922597297574,0.45523915381043073,0.49951557865278207
1319,21.983333333333334,base,base,1,0.102,0.076,93.89,21.75,0.04209922597297574,0.45523915381043073,0.49951557865278207
1320,22.0,base,base,1,0.133,0.076,94.09,21.85,0.04209922597297574,0.45523915381043073,0.49951557865278207
1321,22.016666666666666,base,base,1,0.111,0.076,94.11,21.93,0.04209922597297574,0.45523915381043073,0.49951557865278207
1322,22.033333333333335,base,base,1,0.116,0.076,93.48,22.13,0.04209922597297574,0.45523915381043073,0.49951557865278207
1323,22.05,base,base,1,0.108,0.076,94.28,22.11,0.04209922597297574,0.45523915381043073,0.49951557865278207
1324,22.066666666666666,base,base,1,0.116,0.076,94.4,22.0,0.04209922597297574,0.45523915381043073,0.49951557865278207
1325,22.083333333333332,base,base,1,0.118,0.076,94.32,21.95,0.04209922597297574,0.45523915381043073,0.49951557865278207
1326,22.1,base,base,1,0.118,0.076,94.47,21.74,0.04209922597297574,0.45523915381043073,0.49951557865278207
1327,22.116666666666667,base,base,1,0.111,0.075,93.7,21.7,0.04209922597297574,0.45523915381043073,0.49951557865278207
1328,22.133333333333333,base,base,1,0.113,0.076,93.52,21.72,0.04209922597297574,0.45523915381043073,0.49951557865278207
1329,22.15,base,base,1,0.117,0.076,93.35,21.48,0.04209922597297574,0.45523915381043073,0.49951557865278207
1330,22.166666666666668,base,base,1,0.103,0.075,94.05,21.75,0.04209922597297574,0.45523915381043073,0.49951557865278207
1331,22.183333333333334,base,base,1,0.104,0.075,93.98,21.86,0.04209922597297574,0.45523915381043073,0.49951557865278207
1332,22.2,base,base,1,0.117,0.076,95.08,22.03,0.04209922597297574,0.45523915381043073,0.49951557865278207
1333,22.216666666666665,base,base,1,0.113,0.075,93.37,21.71,0.04209922597297574,0.45523915381043073,0.49951557865278207
1334,22.233333333333334,base,base,1,0.101,0.075,93.99,21.7,0.04209922597297574,0.45523915381043073,0.49951557865278207
1335,22.25,base,base,1,0.119,0.075,94.03,21.82,0.04209922597297574,0.45523915381043073,0.49951557865278207
1336,22.266666666666666,base,base,1,0.124,0.075,94.49,21.91,0.04209922597297574,0.45523915381043073,0.49951557865278207
1337,22.283333333333335,base,base,1,0.113,0.075,94.25,21.93,0.04209922597297574,0.45523915381043073,0.49951557865278207
1338,22.3,base,base,1,0.106,0.075,93.56,21.71,0.04209922597297574,0.45523915381043073,0.49951557865278207
1339,22.316666666666666,base,base,1,0.106,0.075,93.95,21.84,0.04209922597297574,0.45523915381043073,0.49951557865278207
1340,22.333333333333332,base,base,1,0.104,0.075,94.11,21.84,0.04209922597297574,0.45523915381043073,0.49951557865278207
1341,22.35,base,base,1,0.112,0.075,93.84,21.78,0.04209922597297574,0.45523915381043073,0.49951557865278207
1342,22.366666666666667,base,base,1,0.111,0.075,94.27,21.85,0.04209922597297574,0.45523915381043073,0.49951557865278207
1343,22.383333333333333,base,base,1,0.143,0.075,94.18,21.88,0.04209922597297574,0.45523915381043073,0.49951557865278207
1344,22.4,base,base,1,0.147,0.075,94.53,21.9,0.04209922597297574,0.45523915381043073,0.49951557865278207
1345,22.416666666666668,base,base,1,0.128,0.075,94.57,22.01,0.04209922597297574,0.45523915381043073,0.49951557865278207
1346,22.433333333333334,base,base,1,0.115,0.075,93.82,21.76,0.04209922597297574,0.45523915381043073,0.49951557865278207
1347,22.45,base,base,1,0.119,0.075,93.73,21.92,0.04209922597297574,0.45523915381043073,0.49951557865278207
1348,22.466666666666665,base,base,1,0.129,0.075,94.4,22.05,0.04209922597297574,0.45523915381043073,0.49951557865278207
1349,22.483333333333334,base,base,1,0.12,0.075,94.65,21.89,0.04209922597297574,0.45523915381043073,0.49951557865278207
1350,22.5,base,base,1,0.122,0.075,94.48,22.09,0.04209922597297574,0.45523915381043073,0.49951557865278207
1351,22.516666666666666,base,base,1,0.138,0.075,94.62,21.95,0.04209922597297574,0.45523915381043073,0.49951557865278207
1352,22.533333333333335,base,base,1,0.136,0.075,94.48,22.03,0.04209922597297574,0.45523915381043073,0.49951557865278207
1353,22.55,base,base,1,0.135,0.075,94.24,21.84,0.04209922597297574,0.45523915381043073,0.49951557865278207
1354,22.566666666666666,base,base,1,0.108,0.075,93.72,21.83,0.04209922597297574,0.45523915381043073,0.49951557865278207
1355,22.583333333333332,base,base,1,0.105,0.075,94.32,22.04,0.04209922597297574,0.45523915381043073,0.49951557865278207
1356,22.6,base,base,1,0.118,0.075,94.61,21.97,0.04209922597297574,0.45523915381043073,0.49951557865278207
1357,22.616666666666667,base,base,1,0.116,0.075,94.73,22.1,0.04209922597297574,0.45523915381043073,0.49951557865278207
1358,22.633333333333333,base,base,1,0.122,0.075,94.27,21.92,0.04209922597297574,0.45523915381043073,0.49951557865278207
1359,22.65,base,base,1,0.101,0.075,93.17,21.73,0.04209922597297574,0.45523915381043073,0.49951557865278207
1360,22.666666666666668,base,base,1,0.094,0.075,93.64,21.73,0.04209922597297574,0.45523915381043073,0.49951557865278207
1361,22.683333333333334,base,base,1,0.093,0.075,93.93,21.75,0.04209922597297574,0.45523915381043073,0.49951557865278207
1362,22.7,base,base,1,0.097,0.075,94.0,21.84,0.04209922597297574,0.45523915381043073,0.49951557865278207
1363,22.716666666666665,base,base,1,0.102,0.075,93.52,21.9,0.04209922597297574,0.45523915381043073,0.49951557865278207
1364,22.733333333333334,base,base,1,0.107,0.075,94.03,21.92,0.04209922597297574,0.45523915381043073,0.49951557865278207
1365,22.75,base,base,1,0.114,0.075,94.68,21.92,0.04209922597297574,0.45523915381043073,0.49951557865278207
1366,22.766666666666666,base,base,1,0.107,0.075,93.36,21.73,0.04209922597297574,0.45523915381043073,0.49951557865278207
1367,22.783333333333335,base,base,1,0.111,0.075,93.74,21.78,0.04209922597297574,0.45523915381043073,0.49951557865278207
1368,22.8,base,base,1,0.108,0.075,93.45,21.76,0.04209922597297574,0.45523915381043073,0.49951557865278207
1369,22.816666666666666,base,base,1,0.109,0.075,94.45,21.93,0.04209922597297574,0.45523915381043073,0.49951557865278207
1370,22.833333333333332,base,base,1,0.099,0.075,94.06,22.04,0.04209922597297574,0.45523915381043073,0.49951557865278207
1371,22.85,base,base,1,0.122,0.075,94.43,22.05,0.04209922597297574,0.45523915381043073,0.49951557865278207
1372,22.866666666666667,base,base,1,0.114,0.075,94.86,22.01,0.04209922597297574,0.45523915381043073,0.49951557865278207
1373,22.883333333333333,base,base,1,0.119,0.075,94.07,22.02,0.04209922597297574,0.45523915381043073,0.49951557865278207
1374,22.9,base,base,1,0.113,0.075,93.61,21.65,0.04209922597297574,0.45523915381043073,0.49951557865278207
1375,22.916666666666668,base,base,1,0.111,0.075,93.78,21.74,0.04209922597297574,0.45523915381043073,0.49951557865278207
1376,22.933333333333334,base,base,1,0.109,0.075,93.42,21.73,0.04209922597297574,0.45523915381043073,0.49951557865278207
1377,22.95,base,base,1,0.107,0.075,93.81,21.74,0.04209922597297574,0.45523915381043073,0.49951557865278207
1378,22.966666666666665,base,base,1,0.109,0.075,92.97,21.61,0.04209922597297574,0.45523915381043073,0.49951557865278207
1379,22.983333333333334,base,base,1,0.119,0.075,92.98,21.61,0.04209922597297574,0.45523915381043073,0.49951557865278207
1380,23.0,base,base,1,0.108,0.075,93.09,21.69,0.04209922597297574,0.45523915381043073,0.49951557865278207
1381,23.016666666666666,base,base,1,0.109,0.075,93.73,21.86,0.04209922597297574,0.45523915381043073,0.49951557865278207
1382,23.033333333333335,base,base,1,0.118,0.075,94.62,21.95,0.04209922597297574,0.45523915381043073,0.49951557865278207
1383,23.05,base,base,1,0.114,0.075,94.57,22.08,0.04209922597297574,0.45523915381043073,0.49951557865278207
1384,23.066666666666666,base,base,1,0.12,0.075,93.67,22.21,0.04209922597297574,0.45523915381043073,0.49951557865278207
1385,23.083333333333332,base,base,1,0.135,0.075,93.73,22.21,0.04209922597297574,0.45523915381043073,0.49951557865278207
1386,23.1,base,base,1,0.142,0.075,95.24,22.06,0.04209922597297574,0.45523915381043073,0.49951557865278207
1387,23.116666666666667,base,base,1,0.157,0.075,94.65,22.1,0.04209922597297574,0.45523915381043073,0.49951557865278207
1388,23.133333333333333,base,base,1,0.124,0.075,95.19,22.05,0.04209922597297574,0.45523915381043073,0.49951557865278207
1389,23.15,base,base,1,0.133,0.075,94.88,22.13,0.04209922597297574,0.45523915381043073,0.49951557865278207
1390,23.166666666666668,base,base,1,0.119,0.075,94.62,21.99,0.04209922597297574,0.45523915381043073,0.49951557865278207
1391,23.183333333333334,base,base,1,0.11,0.075,93.48,21.74,0.04209922597297574,0.45523915381043073,0.49951557865278207
1392,23.2,base,base,1,0.099,0.075,93.37,21.59,0.04209922597297574,0.45523915381043073,0.49951557865278207
1393,23.216666666666665,base,base,1,0.095,0.075,93.06,21.67,0.04209922597297574,0.45523915381043073,0.49951557865278207
1394,23.233333333333334,base,base,1,0.111,0.075,94.68,21.91,0.04209922597297574,0.45523915381043073,0.49951557865278207
1395,23.25,base,base,1,0.115,0.075,93.42,21.67,0.04209922597297574,0.45523915381043073,0.49951557865278207
1396,23.266666666666666,base,base,1,0.106,0.075,92.96,21.56,0.04209922597297574,0.45523915381043073,0.49951557865278207
1397,23.283333333333335,base,base,1,0.101,0.075,93.16,21.71,0.04209922597297574,0.45523915381043073,0.49951557865278207
1398,23.3,base,base,1,0.099,0.075,94.63,21.8,0.04209922597297574,0.45523915381043073,0.49951557865278207
1399,23.316666666666666,base,base,1,0.095,0.075,94.82,21.81,0.04209922597297574,0.45523915381043073,0.49951557865278207
1400,23.333333333333332,base,base,1,0.094,0.075,94.26,21.79,0.04209922597297574,0.45523915381043073,0.49951557865278207
1401,23.35,base,base,1,0.091,0.075,93.39,21.64,0.04209922597297574,0.45523915381043073,0.49951557865278207
1402,23.366666666666667,base,base,1,0.094,0.075,94.5,21.9,0.04209922597297574,0.45523915381043073,0.49951557865278207
1403,23.383333333333333,base,base,1,0.099,0.075,93.69,21.84,0.04209922597297574,0.45523915381043073,0.49951557865278207
1404,23.4,base,base,1,0.102,0.075,94.08,21.74,0.04209922597297574,0.45523915381043073,0.49951557865278207
1405,23.416666666666668,base,base,1,0.112,0.075,93.89,21.89,0.04209922597297574,0.45523915381043073,0.49951557865278207
1406,23.433333333333334,base,base,1,0.124,0.075,93.44,21.75,0.04209922597297574,0.45523915381043073,0.49951557865278207
1407,23.45,base,base,1,0.111,0.075,94.21,21.84,0.04209922597297574,0.45523915381043073,0.49951557865278207
1408,23.466666666666665,base,base,1,0.104,0.075,94.46,22.07,0.04209922597297574,0.45523915381043073,0.49951557865278207
1409,23.483333333333334,base,base,1,0.118,0.075,94.46,21.95,0.04209922597297574,0.45523915381043073,0.49951557865278207
1410,23.5,base,base,1,0.108,0.075,93.93,21.92,0.04209922597297574,0.45523915381043073,0.49951557865278207
1411,23.516666666666666,base,base,1,0.111,0.075,94.02,21.88,0.04209922597297574,0.45523915381043073,0.49951557865278207
1412,23.533333333333335,base,base,1,0.108,0.075,94.52,22.06,0.04209922597297574,0.45523915381043073,0.49951557865278207
1413,23.55,base,base,1,0.11,0.075,94.35,22.1,0.04209922597297574,0.45523915381043073,0.49951557865278207
1414,23.566666666666666,base,base,1,0.113,0.075,94.47,22.01,0.04209922597297574,0.45523915381043073,0.49951557865278207
1415,23.583333333333332,base,base,1,0.118,0.075,94.15,21.97,0.04209922597297574,0.45523915381043073,0.49951557865278207
1416,23.6,base,base,1,0.122,0.075,93.58,22.07,0.04209922597297574,0.45523915381043073,0.49951557865278207
1417,23.616666666666667,base,base,1,0.155,0.075,94.01,22.09,0.04209922597297574,0.45523915381043073,0.49951557865278207
1418,23.633333333333333,base,base,1,0.132,0.075,94.05,21.97,0.04209922597297574,0.45523915381043073,0.49951557865278207
1419,23.65,base,base,1,0.118,0.075,93.84,21.79,0.04209922597297574,0.45523915381043073,0.49951557865278207
1420,23.666666666666668,base,base,1,0.097,0.075,93.37,21.79,0.04209922597297574,0.45523915381043073,0.49951557865278207
1421,23.683333333333334,base,base,1,0.093,0.075,92.29,21.63,0.04209922597297574,0.45523915381043073,0.49951557865278207
1422,23.7,base,base,1,0.088,0.075,92.39,21.73,0.04209922597297574,0.45523915381043073,0.49951557865278207
1423,23.716666666666665,base,base,1,0.09,0.075,92.66,21.65,0.04209922597297574,0.45523915381043073,0.49951557865278207
1424,23.733333333333334,base,base,1,0.088,0.075,92.28,21.66,0.04209922597297574,0.45523915381043073,0.49951557865278207
1425,23.75,base,base,1,0.089,0.075,92.27,21.51,0.04209922597297574,0.45523915381043073,0.49951557865278207
1426,23.766666666666666,base,base,1,0.098,0.075,93.21,21.64,0.04209922597297574,0.45523915381043073,0.49951557865278207
1427,23.783333333333335,base,base,1,0.089,0.075,93.13,21.63,0.04209922597297574,0.45523915381043073,0.49951557865278207
1428,23.8,base,base,1,0.086,0.075,93.48,21.8,0.04209922597297574,0.45523915381043073,0.49951557865278207
1429,23.816666666666666,base,base,1,0.086,0.075,93.28,21.69,0.04209922597297574,0.45523915381043073,0.49951557865278207
1430,23.833333333333332,base,base,1,0.091,0.075,93.3,21.59,0.04209922597297574,0.45523915381043073,0.49951557865278207
1431,23.85,base,base,1,0.097,0.075,93.27,21.8,0.04209922597297574,0.45523915381043073,0.49951557865278207
1432,23.866666666666667,base,base,1,0.098,0.075,93.99,21.92,0.04209922597297574,0.45523915381043073,0.49951557865278207
1433,23.883333333333333,base,base,1,0.099,0.075,93.81,21.84,0.04209922597297574,0.45523915381043073,0.49951557865278207
1434,23.9,base,base,1,0.095,0.075,92.84,21.7,0.04209922597297574,0.45523915381043073,0.49951557865278207
1435,23.916666666666668,base,base,1,0.094,0.075,94.38,21.97,0.04209922597297574,0.45523915381043073,0.49951557865278207
1436,23.933333333333334,base,base,1,0.09,0.075,93.81,21.74,0.04209922597297574,0.45523915381043073,0.49951557865278207
1437,23.95,base,base,1,0.091,0.075,93.77,21.89,0.04209922597297574,0.45523915381043073,0.49951557865278207
1438,23.966666666666665,base,base,1,0.088,0.075,93.44,21.76,0.04209922597297574,0.45523915381043073,0.49951557865278207
1439,23.983333333333334,base,base,1,0.086,0.075,92.75,21.66,0.04209922597297574,0.45523915381043073,0.49951557865278207
