step,hour,gt_regime,detected,correct,p_occ,p_win,satisfaction,temperature,kwh_step,hvac,light
0,0.0,base,base,1,0.5,0.5,92.16,21.9,0.04583333333333333,0.5,0.5
1,0.016666666666666666,base,base,1,0.258,0.401,80.61,21.96,0.041666666666666664,0.5,0.0
2,0.03333333333333333,base,base,1,0.139,0.373,79.8,22.21,0.041666666666666664,0.5,0.0
3,0.05,base,base,1,0.104,0.339,80.89,22.17,0.041666666666666664,0.5,0.0
4,0.06666666666666667,base,base,1,0.097,0.307,81.06,22.02,0.041666666666666664,0.5,0.0
5,0.08333333333333333,base,base,1,0.091,0.296,80.24,22.07,0.041666666666666664,0.5,0.0
6,0.1,base,base,1,0.09,0.295,80.3,21.88,0.041666666666666664,0.5,0.0
7,0.11666666666666667,base,base,1,0.091,0.278,80.43,21.89,0.041666666666666664,0.5,0.0
8,0.13333333333333333,base,base,1,0.091,0.285,81.23,21.92,0.041666666666666664,0.5,0.0
9,0.15,base,base,1,0.091,0.301,80.4,21.93,0.041666666666666664,0.5,0.0
10,0.16666666666666666,base,base,1,0.089,0.319,81.01,22.01,0.041666666666666664,0.5,0.0
11,0.18333333333333332,base,base,1,0.094,0.333,80.36,21.73,0.041666666666666664,0.5,0.0
12,0.2,base,base,1,0.096,0.334,80.35,21.67,0.041666666666666664,0.5,0.0
13,0.21666666666666667,base,base,1,0.09,0.352,80.2,21.74,0.041666666666666664,0.5,0.0
14,0.23333333333333334,base,base,1,0.09,0.362,80.26,21.62,0.041666666666666664,0.5,0.0
15,0.25,base,base,1,0.091,0.407,80.03,21.62,0.041666666666666664,0.5,0.0
16,0.26666666666666666,base,base,1,0.09,0.459,80.3,21.6,0.041666666666666664,0.5,0.0
17,0.2833333333333333,base,win,0,0.088,0.506,80.57,21.74,0.041666666666666664,0.5,0.0
18,0.3,base,win,0,0.088,0.536,80.85,21.87,0.041666666666666664,0.5,0.0
19,0.31666666666666665,base,win,0,0.091,0.535,80.8,21.83,0.041666666666666664,0.5,0.0
20,0.3333333333333333,base,win,0,0.09,0.536,81.04,21.88,0.041666666666666664,0.5,0.0
21,0.35,base,win,0,0.09,0.527,82.13,22.0,0.041666666666666664,0.5,0.0
22,0.36666666666666664,base,win,0,0.089,0.503,81.81,21.84,0.041666666666666664,0.5,0.0
23,0.38333333333333336,base,base,1,0.088,0.49,81.17,21.68,0.041666666666666664,0.5,0.0
24,0.4,base,win,0,0.086,0.52,81.85,21.82,0.041666666666666664,0.5,0.0
25,0.4166666666666667,base,win,0,0.086,0.535,81.87,21.88,0.041666666666666664,0.5,0.0
26,0.43333333333333335,base,win,0,0.086,0.542,82.82,21.96,0.041666666666666664,0.5,0.0
27,0.45,base,win,0,0.087,0.54,81.56,21.73,0.041666666666666664,0.5,0.0
28,0.4666666666666667,base,win,0,0.086,0.562,81.3,21.66,0.041666666666666664,0.5,0.0
29,0.48333333333333334,base,win,0,0.086,0.588,82.49,21.88,0.041666666666666664,0.5,0.0
30,0.5,base,win,0,0.087,0.585,83.05,22.02,0.041666666666666664,0.5,0.0
31,0.5166666666666667,base,win,0,0.086,0.589,82.76,22.0,0.041666666666666664,0.5,0.0
32,0.5333333333333333,base,win,0,0.086,0.578,82.61,21.89,0.041666666666666664,0.5,0.0
33,0.55,base,win,0,0.086,0.569,81.88,21.77,0.041666666666666664,0.5,0.0
34,0.5666666666666667,base,win,0,0.086,0.57,83.35,21.86,0.041666666666666664,0.5,0.0
35,0.5833333333333334,base,win,0,0.089,0.545,82.9,22.0,0.041666666666666664,0.5,0.0
36,0.6,base,win,0,0.088,0.524,82.63,21.81,0.041666666666666664,0.5,0.0
37,0.6166666666666667,base,win,0,0.087,0.512,82.41,21.88,0.041666666666666664,0.5,0.0
38,0.6333333333333333,base,base,1,0.087,0.487,82.51,22.02,0.041666666666666664,0.5,0.0
39,0.65,base,base,1,0.086,0.497,82.48,21.98,0.041666666666666664,0.5,0.0
40,0.6666666666666666,base,win,0,0.085,0.508,82.65,22.03,0.041666666666666664,0.5,0.0
41,0.6833333333333333,base,base,1,0.086,0.497,82.55,21.97,0.041666666666666664,0.5,0.0
42,0.7,base,win,0,0.086,0.509,81.98,21.86,0.041666666666666664,0.5,0.0
43,0.7166666666666667,base,win,0,0.086,0.514,81.78,21.88,0.041666666666666664,0.5,0.0
44,0.7333333333333333,base,win,0,0.087,0.517,82.13,21.93,0.041666666666666664,0.5,0.0
45,0.75,base,base,1,0.088,0.485,81.51,21.81,0.041666666666666664,0.5,0.0
46,0.7666666666666667,base,win,0,0.086,0.5,82.03,21.7,0.041666666666666664,0.5,0.0
47,0.7833333333333333,base,win,0,0.086,0.52,82.62,21.88,0.041666666666666664,0.5,0.0
48,0.8,base,base,1,0.088,0.494,82.47,22.05,0.041666666666666664,0.5,0.0
49,0.8166666666666667,base,base,1,0.086,0.496,81.95,21.75,0.041666666666666664,0.5,0.0
50,0.8333333333333334,base,win,0,0.085,0.515,82.08,21.85,0.041666666666666664,0.5,0.0
51,0.85,base,win,0,0.086,0.507,82.74,22.01,0.041666666666666664,0.5,0.0
52,0.8666666666666667,base,base,1,0.087,0.492,82.89,21.79,0.041666666666666664,0.5,0.0
53,0.8833333333333333,base,base,1,0.086,0.495,83.66,21.92,0.041666666666666664,0.5,0.0
54,0.9,base,base,1,0.087,0.479,82.53,21.95,0.041666666666666664,0.5,0.0
55,0.9166666666666666,base,base,1,0.086,0.475,82.75,21.94,0.041666666666666664,0.5,0.0
56,0.9333333333333333,base,base,1,0.086,0.485,83.08,22.03,0.041666666666666664,0.5,0.0
57,0.95,base,base,1,0.086,0.491,82.66,21.84,0.041666666666666664,0.5,0.0
58,0.9666666666666667,base,base,1,0.086,0.492,81.06,21.58,0.041666666666666664,0.5,0.0
59,0.9833333333333333,base,win,0,0.086,0.546,81.71,21.73,0.041666666666666664,0.5,0.0
60,1.0,base,win,0,0.085,0.567,82.69,21.89,0.041666666666666664,0.5,0.0
61,1.0166666666666666,base,win,0,0.087,0.565,82.61,22.01,0.041666666666666664,0.5,0.0
62,1.0333333333333334,base,win,0,0.087,0.564,82.0,21.86,0.041666666666666664,0.5,0.0
63,1.05,base,win,0,0.086,0.558,82.86,21.83,0.041666666666666664,0.5,0.0
64,1.0666666666666667,base,win,0,0.086,0.564,82.13,22.15,0.041666666666666664,0.5,0.0
65,1.0833333333333333,base,win,0,0.086,0.544,82.57,21.95,0.041666666666666664,0.5,0.0
66,1.1,base,win,0,0.087,0.523,82.68,21.85,0.041666666666666664,0.5,0.0
67,1.1166666666666667,base,win,0,0.087,0.51,85.49,21.91,0.041666666666666664,0.5,0.0
68,1.1333333333333333,base,win,0,0.089,0.5,81.73,21.72,0.041666666666666664,0.5,0.0
69,1.15,base,win,0,0.086,0.503,81.68,21.73,0.041666666666666664,0.5,0.0
70,1.1666666666666667,base,win,0,0.085,0.525,81.87,21.81,0.041666666666666664,0.5,0.0
71,1.1833333333333333,base,win,0,0.089,0.518,81.78,21.84,0.041666666666666664,0.5,0.0
72,1.2,base,win,0,0.089,0.502,81.31,21.61,0.041666666666666664,0.5,0.0
73,1.2166666666666666,base,win,0,0.086,0.508,81.66,21.68,0.041666666666666664,0.5,0.0
74,1.2333333333333334,base,win,0,0.088,0.506,82.28,21.77,0.041666666666666664,0.5,0.0
75,1.25,base,win,0,0.089,0.506,82.33,21.68,0.041666666666666664,0.5,0.0
76,1.2666666666666666,base,win,0,0.09,0.515,82.69,21.9,0.041666666666666664,0.5,0.0
77,1.2833333333333334,base,win,0,0.09,0.511,81.45,21.58,0.041666666666666664,0.5,0.0
78,1.3,base,win,0,0.087,0.538,83.05,21.83,0.041666666666666664,0.5,0.0
79,1.3166666666666667,base,win,0,0.092,0.524,83.28,21.91,0.041666666666666664,0.5,0.0
80,1.3333333333333333,base,win,0,0.089,0.527,81.85,21.77,0.041666666666666664,0.5,0.0
81,1.35,base,win,0,0.088,0.543,82.53,21.84,0.041666666666666664,0.5,0.0
82,1.3666666666666667,base,win,0,0.088,0.537,82.48,21.93,0.041666666666666664,0.5,0.0
83,1.3833333333333333,base,win,0,0.088,0.557,82.3,22.04,0.041666666666666664,0.5,0.0
84,1.4,base,win,0,0.087,0.548,82.33,21.9,0.041666666666666664,0.5,0.0
85,1.4166666666666667,base,win,0,0.086,0.551,81.28,21.66,0.041666666666666664,0.5,0.0
86,1.4333333333333333,base,win,0,0.087,0.555,81.8,21.58,0.041666666666666664,0.5,0.0
87,1.45,base,win,0,0.085,0.613,81.25,21.63,0.041666666666666664,0.5,0.0
88,1.4666666666666666,base,win,0,0.085,0.636,82.43,21.92,0.041666666666666664,0.5,0.0
89,1.4833333333333334,base,win,0,0.085,0.636,83.31,22.06,0.041666666666666664,0.5,0.0
90,1.5,base,win,0,0.085,0.634,83.3,21.92,0.041666666666666664,0.5,0.0
91,1.5166666666666666,base,win,0,0.086,0.636,81.55,21.74,0.041666666666666664,0.5,0.0
92,1.5333333333333334,base,win,0,0.085,0.662,81.81,21.63,0.041666666666666664,0.5,0.0
93,1.55,base,win,0,0.086,0.692,81.66,21.71,0.041666666666666664,0.5,0.0
94,1.5666666666666667,base,win,0,0.085,0.705,82.11,21.82,0.041666666666666664,0.5,0.0
95,1.5833333333333333,base,win,0,0.085,0.71,81.87,21.74,0.041666666666666664,0.5,0.0
96,1.6,base,win,0,0.085,0.712,81.66,21.74,0.041666666666666664,0.5,0.0
97,1.6166666666666667,base,win,0,0.084,0.724,81.93,21.7,0.041666666666666664,0.5,0.0
98,1.6333333333333333,base,win,0,0.085,0.726,82.29,21.89,0.041666666666666664,0.5,0.0
99,1.65,base,win,0,0.085,0.714,81.74,21.81,0.041666666666666664,0.5,0.0
100,1.6666666666666667,base,win,0,0.086,0.715,81.56,21.8,0.041666666666666664,0.5,0.0
101,1.6833333333333333,base,win,0,0.086,0.716,81.85,21.75,0.041666666666666664,0.5,0.0
102,1.7,base,win,0,0.085,0.726,81.42,21.59,0.041666666666666664,0.5,0.0
103,1.7166666666666666,base,win,0,0.085,0.736,81.57,21.65,0.041666666666666664,0.5,0.0
104,1.7333333333333334,base,win,0,0.086,0.726,82.82,22.08,0.041666666666666664,0.5,0.0
105,1.75,base,win,0,0.087,0.698,83.77,22.09,0.041666666666666664,0.5,0.0
106,1.7666666666666666,base,win,0,0.087,0.692,82.5,22.16,0.041666666666666664,0.5,0.0
107,1.7833333333333334,base,win,0,0.087,0.686,82.51,22.14,0.041666666666666664,0.5,0.0
108,1.8,base,win,0,0.086,0.686,83.64,22.12,0.041666666666666664,0.5,0.0
109,1.8166666666666667,base,win,0,0.088,0.675,84.25,21.95,0.041666666666666664,0.5,0.0
110,1.8333333333333333,base,win,0,0.089,0.671,81.7,21.61,0.041666666666666664,0.5,0.0
111,1.85,base,win,0,0.09,0.666,82.03,21.67,0.041666666666666664,0.5,0.0
112,1.8666666666666667,base,win,0,0.089,0.677,81.72,21.53,0.041666666666666664,0.5,0.0
113,1.8833333333333333,base,win,0,0.09,0.67,81.22,21.58,0.041666666666666664,0.5,0.0
114,1.9,base,win,0,0.088,0.666,79.92,21.33,0.041666666666666664,0.5,0.0
115,1.9166666666666667,base,win,0,0.087,0.654,81.78,21.4,0.041666666666666664,0.5,0.0
116,1.9333333333333333,base,win,0,0.091,0.634,81.39,21.66,0.041666666666666664,0.5,0.0
117,1.95,base,win,0,0.089,0.604,80.9,21.6,0.041666666666666664,0.5,0.0
118,1.9666666666666666,base,win,0,0.089,0.575,81.96,21.69,0.041666666666666664,0.5,0.0
119,1.9833333333333334,base,win,0,0.092,0.549,83.21,21.87,0.041666666666666664,0.5,0.0
120,2.0,base,win,0,0.089,0.519,82.43,21.98,0.041666666666666664,0.5,0.0
121,2.0166666666666666,base,base,1,0.092,0.488,83.8,22.02,0.041666666666666664,0.5,0.0
122,2.033333333333333,base,base,1,0.091,0.461,82.61,22.04,0.041666666666666664,0.5,0.0
123,2.05,base,base,1,0.089,0.447,82.73,21.93,0.041666666666666664,0.5,0.0
124,2.066666666666667,base,base,1,0.091,0.441,82.47,21.86,0.041666666666666664,0.5,0.0
125,2.0833333333333335,base,base,1,0.089,0.436,82.49,21.82,0.041666666666666664,0.5,0.0
126,2.1,base,base,1,0.088,0.455,82.82,22.07,0.041666666666666664,0.5,0.0
127,2.1166666666666667,base,base,1,0.09,0.479,82.4,22.18,0.041666666666666664,0.5,0.0
128,2.1333333333333333,base,base,1,0.09,0.487,82.48,21.92,0.041666666666666664,0.5,0.0
129,2.15,base,base,1,0.088,0.481,81.85,21.81,0.041666666666666664,0.5,0.0
130,2.1666666666666665,base,base,1,0.087,0.465,82.22,21.86,0.041666666666666664,0.5,0.0
131,2.183333333333333,base,base,1,0.087,0.419,81.99,21.9,0.041666666666666664,0.5,0.0
132,2.2,base,base,1,0.087,0.379,81.82,21.85,0.041666666666666664,0.5,0.0
133,2.216666666666667,base,base,1,0.087,0.349,82.22,21.95,0.041666666666666664,0.5,0.0
134,2.2333333333333334,base,base,1,0.087,0.331,83.17,21.86,0.041666666666666664,0.5,0.0
135,2.25,base,base,1,0.087,0.314,82.28,21.83,0.041666666666666664,0.5,0.0
136,2.2666666666666666,base,base,1,0.086,0.314,81.94,22.06,0.041666666666666664,0.5,0.0
137,2.283333333333333,base,base,1,0.086,0.315,82.89,21.99,0.041666666666666664,0.5,0.0
138,2.3,base,base,1,0.087,0.314,82.17,22.0,0.041666666666666664,0.5,0.0
139,2.316666666666667,base,base,1,0.088,0.32,83.06,21.96,0.041666666666666664,0.5,0.0
140,2.3333333333333335,base,base,1,0.086,0.341,82.13,22.01,0.041666666666666664,0.5,0.0
141,2.35,base,base,1,0.087,0.347,82.38,21.88,0.041666666666666664,0.5,0.0
142,2.3666666666666667,base,base,1,0.085,0.356,82.49,21.97,0.041666666666666664,0.5,0.0
143,2.3833333333333333,base,base,1,0.085,0.36,82.22,21.89,0.041666666666666664,0.5,0.0
144,2.4,base,base,1,0.086,0.359,82.29,21.88,0.041666666666666664,0.5,0.0
145,2.4166666666666665,base,base,1,0.086,0.362,82.23,22.1,0.041666666666666664,0.5,0.0
146,2.433333333333333,base,base,1,0.085,0.378,82.02,21.8,0.041666666666666664,0.5,0.0
147,2.45,base,base,1,0.086,0.389,83.45,21.89,0.041666666666666664,0.5,0.0
148,2.466666666666667,base,base,1,0.086,0.392,82.29,22.12,0.041666666666666664,0.5,0.0
149,2.4833333333333334,base,base,1,0.089,0.394,82.35,21.87,0.041666666666666664,0.5,0.0
150,2.5,base,base,1,0.085,0.39,82.04,21.79,0.041666666666666664,0.5,0.0
151,2.5166666666666666,base,base,1,0.086,0.391,81.95,21.76,0.041666666666666664,0.5,0.0
152,2.533333333333333,base,base,1,0.086,0.411,81.69,21.74,0.041666666666666664,0.5,0.0
153,2.55,base,base,1,0.085,0.434,82.51,21.84,0.041666666666666664,0.5,0.0
154,2.566666666666667,base,base,1,0.085,0.438,82.01,21.91,0.041666666666666664,0.5,0.0
155,2.5833333333333335,base,base,1,0.085,0.438,83.38,21.95,0.041666666666666664,0.5,0.0
156,2.6,base,base,1,0.086,0.431,81.77,21.76,0.041666666666666664,0.5,0.0
157,2.6166666666666667,base,base,1,0.086,0.442,81.28,21.69,0.041666666666666664,0.5,0.0
158,2.6333333333333333,base,base,1,0.085,0.47,81.37,21.71,0.041666666666666664,0.5,0.0
159,2.65,base,base,1,0.085,0.496,82.07,21.9,0.041666666666666664,0.5,0.0
160,2.6666666666666665,base,base,1,0.085,0.495,81.92,21.89,0.041666666666666664,0.5,0.0
161,2.683333333333333,base,base,1,0.086,0.483,81.74,21.8,0.041666666666666664,0.5,0.0
162,2.7,base,base,1,0.086,0.483,81.38,21.71,0.041666666666666664,0.5,0.0
163,2.716666666666667,base,win,0,0.086,0.511,81.4,21.61,0.041666666666666664,0.5,0.0
164,2.7333333333333334,base,win,0,0.086,0.508,82.47,21.76,0.041666666666666664,0.5,0.0
165,2.75,base,win,0,0.087,0.515,82.5,21.82,0.041666666666666664,0.5,0.0
166,2.7666666666666666,base,win,0,0.087,0.518,82.35,21.77,0.041666666666666664,0.5,0.0
167,2.783333333333333,base,win,0,0.087,0.53,82.98,21.95,0.041666666666666664,0.5,0.0
168,2.8,base,win,0,0.089,0.523,83.21,21.92,0.041666666666666664,0.5,0.0
169,2.816666666666667,base,win,0,0.093,0.515,83.04,21.92,0.041666666666666664,0.5,0.0
170,2.8333333333333335,base,win,0,0.091,0.518,83.3,21.97,0.041666666666666664,0.5,0.0
171,2.85,base,win,0,0.091,0.533,83.3,21.91,0.041666666666666664,0.5,0.0
172,2.8666666666666667,base,win,0,0.092,0.527,83.34,21.91,0.041666666666666664,0.5,0.0
173,2.8833333333333333,base,win,0,0.094,0.529,84.11,21.87,0.041666666666666664,0.5,0.0
174,2.9,base,win,0,0.097,0.519,83.49,22.1,0.041666666666666664,0.5,0.0
175,2.9166666666666665,base,win,0,0.094,0.589,83.12,21.87,0.041666666666666664,0.5,0.0
176,2.933333333333333,base,win,0,0.094,0.583,82.38,21.67,0.041666666666666664,0.5,0.0
177,2.95,base,win,0,0.094,0.581,83.17,21.92,0.041666666666666664,0.5,0.0
178,2.966666666666667,base,win,0,0.09,0.613,84.59,21.89,0.041666666666666664,0.5,0.0
179,2.9833333333333334,base,win,0,0.095,0.608,83.19,21.82,0.041666666666666664,0.5,0.0
180,3.0,base,win,0,0.089,0.628,82.22,21.75,0.041666666666666664,0.5,0.0
181,3.0166666666666666,base,win,0,0.087,0.653,82.93,21.76,0.041666666666666664,0.5,0.0
182,3.033333333333333,base,win,0,0.086,0.678,83.04,21.93,0.041666666666666664,0.5,0.0
183,3.05,base,win,0,0.087,0.702,82.89,21.79,0.041666666666666664,0.5,0.0
184,3.066666666666667,base,win,0,0.088,0.702,83.12,21.92,0.041666666666666664,0.5,0.0
185,3.0833333333333335,base,win,0,0.089,0.71,83.16,22.03,0.041666666666666664,0.5,0.0
186,3.1,base,win,0,0.087,0.732,83.38,21.83,0.041666666666666664,0.5,0.0
187,3.1166666666666667,base,win,0,0.091,0.723,82.44,21.67,0.041666666666666664,0.5,0.0
188,3.1333333333333333,base,win,0,0.087,0.733,82.04,21.74,0.041666666666666664,0.5,0.0
189,3.15,base,win,0,0.086,0.739,81.26,21.62,0.041666666666666664,0.5,0.0
190,3.1666666666666665,base,win,0,0.088,0.724,82.38,21.87,0.041666666666666664,0.5,0.0
191,3.183333333333333,base,win,0,0.088,0.717,82.87,21.92,0.041666666666666664,0.5,0.0
192,3.2,base,win,0,0.089,0.709,82.71,22.12,0.041666666666666664,0.5,0.0
193,3.216666666666667,base,win,0,0.091,0.72,82.9,22.02,0.041666666666666664,0.5,0.0
194,3.2333333333333334,base,win,0,0.091,0.717,82.48,21.84,0.041666666666666664,0.5,0.0
195,3.25,base,win,0,0.092,0.7,82.93,21.91,0.041666666666666664,0.5,0.0
196,3.2666666666666666,base,win,0,0.09,0.697,82.14,21.78,0.041666666666666664,0.5,0.0
197,3.283333333333333,base,win,0,0.09,0.685,82.5,21.9,0.041666666666666664,0.5,0.0
198,3.3,base,win,0,0.089,0.675,82.02,21.73,0.041666666666666664,0.5,0.0
199,3.316666666666667,base,win,0,0.091,0.663,81.87,21.81,0.041666666666666664,0.5,0.0
200,3.3333333333333335,base,win,0,0.086,0.663,82.7,21.96,0.041666666666666664,0.5,0.0
201,3.35,base,win,0,0.087,0.661,81.66,21.74,0.041666666666666664,0.5,0.0
202,3.3666666666666667,base,win,0,0.085,0.662,81.25,21.62,0.041666666666666664,0.5,0.0
203,3.3833333333333333,base,win,0,0.086,0.663,81.78,21.76,0.041666666666666664,0.5,0.0
204,3.4,base,win,0,0.085,0.669,82.54,21.82,0.041666666666666664,0.5,0.0
205,3.4166666666666665,base,win,0,0.086,0.661,82.23,21.85,0.041666666666666664,0.5,0.0
206,3.433333333333333,base,win,0,0.086,0.653,81.73,21.68,0.041666666666666664,0.5,0.0
207,3.45,base,win,0,0.086,0.641,82.28,21.65,0.041666666666666664,0.5,0.0
208,3.466666666666667,base,win,0,0.086,0.636,82.96,21.88,0.041666666666666664,0.5,0.0
209,3.4833333333333334,base,win,0,0.086,0.637,82.22,21.74,0.041666666666666664,0.5,0.0
210,3.5,base,win,0,0.087,0.639,81.46,21.58,0.041666666666666664,0.5,0.0
211,3.5166666666666666,base,win,0,0.086,0.636,81.43,21.61,0.041666666666666664,0.5,0.0
212,3.533333333333333,base,win,0,0.085,0.643,81.38,21.58,0.041666666666666664,0.5,0.0
213,3.55,base,win,0,0.086,0.651,81.2,21.48,0.041666666666666664,0.5,0.0
214,3.566666666666667,base,win,0,0.087,0.656,82.64,21.68,0.041666666666666664,0.5,0.0
215,3.5833333333333335,base,win,0,0.087,0.659,81.7,21.63,0.041666666666666664,0.5,0.0
216,3.6,base,win,0,0.086,0.669,83.38,21.63,0.041666666666666664,0.5,0.0
217,3.6166666666666667,base,win,0,0.086,0.684,82.51,21.93,0.041666666666666664,0.5,0.0
218,3.6333333333333333,base,win,0,0.084,0.678,82.19,21.81,0.041666666666666664,0.5,0.0
219,3.65,base,win,0,0.084,0.679,82.61,21.76,0.041666666666666664,0.5,0.0
220,3.6666666666666665,base,win,0,0.086,0.683,82.04,21.81,0.041666666666666664,0.5,0.0
221,3.683333333333333,base,win,0,0.086,0.683,82.25,21.73,0.041666666666666664,0.5,0.0
222,3.7,base,win,0,0.086,0.678,82.02,21.71,0.041666666666666664,0.5,0.0
223,3.716666666666667,base,win,0,0.084,0.679,81.67,21.68,0.041666666666666664,0.5,0.0
224,3.7333333333333334,base,win,0,0.084,0.686,82.65,21.93,0.041666666666666664,0.5,0.0
225,3.75,base,win,0,0.084,0.688,82.85,21.91,0.041666666666666664,0.5,0.0
226,3.7666666666666666,base,win,0,0.085,0.695,82.49,21.89,0.041666666666666664,0.5,0.0
227,3.783333333333333,base,win,0,0.085,0.682,83.84,21.79,0.041666666666666664,0.5,0.0
228,3.8,base,win,0,0.085,0.676,83.05,21.92,0.041666666666666664,0.5,0.0
229,3.816666666666667,base,win,0,0.085,0.675,81.87,21.72,0.041666666666666664,0.5,0.0
230,3.8333333333333335,base,win,0,0.085,0.681,81.46,21.46,0.041666666666666664,0.5,0.0
231,3.85,base,win,0,0.085,0.684,82.5,21.85,0.041666666666666664,0.5,0.0
232,3.8666666666666667,base,win,0,0.085,0.688,82.24,21.71,0.041666666666666664,0.5,0.0
233,3.8833333333333333,base,win,0,0.088,0.691,82.21,21.82,0.041666666666666664,0.5,0.0
234,3.9,base,win,0,0.084,0.697,82.91,22.0,0.041666666666666664,0.5,0.0
235,3.9166666666666665,base,win,0,0.086,0.687,82.29,21.84,0.041666666666666664,0.5,0.0
236,3.933333333333333,base,win,0,0.084,0.684,82.76,21.83,0.041666666666666664,0.5,0.0
237,3.95,base,win,0,0.085,0.678,81.83,21.74,0.041666666666666664,0.5,0.0
238,3.966666666666667,base,win,0,0.083,0.689,81.9,21.64,0.041666666666666664,0.5,0.0
239,3.9833333333333334,base,win,0,0.083,0.723,81.59,21.69,0.041666666666666664,0.5,0.0
240,4.0,base,win,0,0.084,0.735,82.15,21.87,0.041666666666666664,0.5,0.0
241,4.016666666666667,base,win,0,0.083,0.732,82.72,21.9,0.041666666666666664,0.5,0.0
242,4.033333333333333,base,win,0,0.084,0.726,82.13,22.15,0.041666666666666664,0.5,0.0
243,4.05,base,win,0,0.084,0.714,82.87,22.07,0.041666666666666664,0.5,0.0
244,4.066666666666666,base,win,0,0.085,0.725,83.04,21.77,0.041666666666666664,0.5,0.0
245,4.083333333333333,base,win,0,0.092,0.718,82.86,22.16,0.041666666666666664,0.5,0.0
246,4.1,base,win,0,0.089,0.737,83.74,21.95,0.041666666666666664,0.5,0.0
247,4.116666666666666,base,win,0,0.087,0.755,83.98,21.97,0.041666666666666664,0.5,0.0
248,4.133333333333334,base,win,0,0.087,0.746,82.38,22.14,0.041666666666666664,0.5,0.0
249,4.15,base,win,0,0.086,0.742,82.96,22.03,0.041666666666666664,0.5,0.0
250,4.166666666666667,base,win,0,0.087,0.74,82.73,21.91,0.041666666666666664,0.5,0.0
251,4.183333333333334,base,win,0,0.086,0.737,82.06,21.77,0.041666666666666664,0.5,0.0
252,4.2,base,win,0,0.086,0.734,82.79,21.81,0.041666666666666664,0.5,0.0
253,4.216666666666667,base,win,0,0.085,0.733,82.8,21.88,0.041666666666666664,0.5,0.0
254,4.233333333333333,base,win,0,0.085,0.729,81.84,21.57,0.041666666666666664,0.5,0.0
255,4.25,base,win,0,0.089,0.73,82.53,21.71,0.041666666666666664,0.5,0.0
256,4.266666666666667,base,win,0,0.087,0.724,82.14,21.73,0.041666666666666664,0.5,0.0
257,4.283333333333333,base,win,0,0.085,0.719,81.99,21.82,0.041666666666666664,0.5,0.0
258,4.3,base,win,0,0.085,0.708,82.14,21.79,0.041666666666666664,0.5,0.0
259,4.316666666666666,base,win,0,0.087,0.704,83.54,21.91,0.041666666666666664,0.5,0.0
260,4.333333333333333,base,win,0,0.085,0.695,82.84,21.74,0.041666666666666664,0.5,0.0
261,4.35,base,win,0,0.087,0.699,82.64,21.67,0.041666666666666664,0.5,0.0
262,4.366666666666666,base,win,0,0.088,0.7,83.05,21.84,0.041666666666666664,0.5,0.0
263,4.383333333333334,base,win,0,0.093,0.695,82.82,22.08,0.041666666666666664,0.5,0.0
264,4.4,base,win,0,0.088,0.701,82.63,21.94,0.041666666666666664,0.5,0.0
265,4.416666666666667,base,win,0,0.085,0.697,82.3,21.87,0.041666666666666664,0.5,0.0
266,4.433333333333334,base,win,0,0.084,0.693,82.43,21.93,0.041666666666666664,0.5,0.0
267,4.45,base,win,0,0.083,0.696,82.53,21.92,0.041666666666666664,0.5,0.0
268,4.466666666666667,base,win,0,0.083,0.7,82.11,21.79,0.041666666666666664,0.5,0.0
269,4.483333333333333,base,win,0,0.084,0.697,82.61,21.77,0.041666666666666664,0.5,0.0
270,4.5,base,win,0,0.086,0.696,82.82,22.0,0.041666666666666664,0.5,0.0
271,4.516666666666667,base,win,0,0.084,0.689,82.52,21.81,0.041666666666666664,0.5,0.0
272,4.533333333333333,base,win,0,0.085,0.69,82.94,22.08,0.041666666666666664,0.5,0.0
273,4.55,base,win,0,0.089,0.698,83.16,21.98,0.041666666666666664,0.5,0.0
274,4.566666666666666,base,win,0,0.086,0.703,82.42,21.76,0.041666666666666664,0.5,0.0
275,4.583333333333333,base,win,0,0.089,0.7,83.47,21.98,0.041666666666666664,0.5,0.0
276,4.6,base,win,0,0.085,0.7,83.06,21.94,0.041666666666666664,0.5,0.0
277,4.616666666666666,base,win,0,0.085,0.702,83.35,21.98,0.041666666666666664,0.5,0.0
278,4.633333333333334,base,win,0,0.088,0.704,81.62,21.65,0.041666666666666664,0.5,0.0
279,4.65,base,win,0,0.086,0.705,81.72,21.72,0.041666666666666664,0.5,0.0
280,4.666666666666667,base,win,0,0.085,0.694,81.62,21.48,0.041666666666666664,0.5,0.0
281,4.683333333333334,base,win,0,0.085,0.679,81.71,21.77,0.041666666666666664,0.5,0.0
282,4.7,base,win,0,0.085,0.644,81.71,21.78,0.041666666666666664,0.5,0.0
283,4.716666666666667,base,win,0,0.083,0.645,82.23,22.07,0.041666666666666664,0.5,0.0
284,4.733333333333333,base,win,0,0.083,0.642,83.07,21.99,0.041666666666666664,0.5,0.0
285,4.75,base,win,0,0.083,0.642,81.99,21.86,0.041666666666666664,0.5,0.0
286,4.766666666666667,base,win,0,0.083,0.644,82.1,21.77,0.041666666666666664,0.5,0.0
287,4.783333333333333,base,win,0,0.083,0.652,81.76,21.75,0.041666666666666664,0.5,0.0
288,4.8,base,win,0,0.083,0.662,81.96,21.8,0.041666666666666664,0.5,0.0
289,4.816666666666666,base,win,0,0.083,0.668,81.7,21.74,0.041666666666666664,0.5,0.0
290,4.833333333333333,base,win,0,0.083,0.694,83.88,21.97,0.041666666666666664,0.5,0.0
291,4.85,base,win,0,0.085,0.681,82.0,21.84,0.041666666666666664,0.5,0.0
292,4.866666666666666,base,win,0,0.084,0.672,82.84,21.98,0.041666666666666664,0.5,0.0
293,4.883333333333334,base,win,0,0.083,0.681,82.17,21.93,0.041666666666666664,0.5,0.0
294,4.9,base,win,0,0.083,0.692,82.59,22.03,0.041666666666666664,0.5,0.0
295,4.916666666666667,base,win,0,0.083,0.685,81.88,21.81,0.041666666666666664,0.5,0.0
296,4.933333333333334,base,win,0,0.084,0.669,82.14,21.85,0.041666666666666664,0.5,0.0
297,4.95,base,win,0,0.084,0.659,81.76,21.75,0.041666666666666664,0.5,0.0
298,4.966666666666667,base,win,0,0.083,0.666,82.19,21.82,0.041666666666666664,0.5,0.0
299,4.983333333333333,base,win,0,0.084,0.664,83.19,22.16,0.041666666666666664,0.5,0.0
300,5.0,base,win,0,0.084,0.656,84.09,22.21,0.041666666666666664,0.5,0.0
301,5.016666666666667,base,win,0,0.086,0.651,83.22,22.03,0.041666666666666664,0.5,0.0
302,5.033333333333333,base,win,0,0.084,0.632,82.15,21.88,0.041666666666666664,0.5,0.0
303,5.05,base,win,0,0.083,0.632,82.71,21.96,0.041666666666666664,0.5,0.0
304,5.066666666666666,base,win,0,0.083,0.637,82.77,21.88,0.041666666666666664,0.5,0.0
305,5.083333333333333,base,win,0,0.084,0.645,84.02,21.93,0.041666666666666664,0.5,0.0
306,5.1,base,win,0,0.084,0.651,81.8,21.84,0.041666666666666664,0.5,0.0
307,5.116666666666666,base,win,0,0.083,0.656,81.49,21.66,0.041666666666666664,0.5,0.0
308,5.133333333333334,base,win,0,0.083,0.672,82.07,21.76,0.041666666666666664,0.5,0.0
309,5.15,base,win,0,0.084,0.688,81.27,21.66,0.041666666666666664,0.5,0.0
310,5.166666666666667,base,win,0,0.083,0.708,83.06,21.8,0.041666666666666664,0.5,0.0
311,5.183333333333334,base,win,0,0.083,0.707,82.34,21.9,0.041666666666666664,0.5,0.0
312,5.2,base,win,0,0.083,0.698,82.33,21.92,0.041666666666666664,0.5,0.0
313,5.216666666666667,base,win,0,0.083,0.696,81.87,22.13,0.041666666666666664,0.5,0.0
314,5.233333333333333,base,win,0,0.083,0.69,82.15,22.04,0.041666666666666664,0.5,0.0
315,5.25,base,win,0,0.083,0.696,81.93,22.05,0.041666666666666664,0.5,0.0
316,5.266666666666667,base,win,0,0.085,0.696,81.42,21.87,0.041666666666666664,0.5,0.0
317,5.283333333333333,base,win,0,0.085,0.7,80.89,21.79,0.041666666666666664,0.5,0.0
318,5.3,base,win,0,0.087,0.707,82.16,21.9,0.041666666666666664,0.5,0.0
319,5.316666666666666,base,win,0,0.086,0.686,81.43,21.95,0.041666666666666664,0.5,0.0
320,5.333333333333333,base,win,0,0.086,0.684,81.48,21.99,0.041666666666666664,0.5,0.0
321,5.35,base,win,0,0.085,0.672,81.4,21.97,0.041666666666666664,0.5,0.0
322,5.366666666666666,base,win,0,0.086,0.678,81.61,22.03,0.041666666666666664,0.5,0.0
323,5.383333333333334,base,win,0,0.086,0.677,81.59,21.98,0.041666666666666664,0.5,0.0
324,5.4,base,win,0,0.085,0.669,81.53,21.73,0.041666666666666664,0.5,0.0
325,5.416666666666667,base,win,0,0.087,0.699,81.1,21.71,0.041666666666666664,0.5,0.0
326,5.433333333333334,base,win,0,0.086,0.701,81.1,21.7,0.041666666666666664,0.5,0.0
327,5.45,base,win,0,0.087,0.723,80.08,21.59,0.041666666666666664,0.5,0.0
328,5.466666666666667,base,win,0,0.086,0.731,82.21,21.91,0.041666666666666664,0.5,0.0
329,5.483333333333333,base,win,0,0.084,0.716,80.81,21.79,0.041666666666666664,0.5,0.0
330,5.5,base,win,0,0.086,0.722,80.66,21.74,0.041666666666666664,0.5,0.0
331,5.516666666666667,base,win,0,0.085,0.719,81.32,21.81,0.041666666666666664,0.5,0.0
332,5.533333333333333,base,win,0,0.084,0.716,81.15,21.73,0.041666666666666664,0.5,0.0
333,5.55,base,win,0,0.084,0.732,81.09,21.72,0.041666666666666664,0.5,0.0
334,5.566666666666666,base,win,0,0.084,0.748,82.1,21.82,0.041666666666666664,0.5,0.0
335,5.583333333333333,base,win,0,0.085,0.735,80.78,21.69,0.041666666666666664,0.5,0.0
336,5.6,base,win,0,0.085,0.732,81.22,21.83,0.041666666666666664,0.5,0.0
337,5.616666666666666,base,win,0,0.085,0.737,81.73,21.94,0.041666666666666664,0.5,0.0
338,5.633333333333334,base,win,0,0.084,0.719,81.65,21.86,0.041666666666666664,0.5,0.0
339,5.65,base,win,0,0.084,0.697,81.6,21.91,0.041666666666666664,0.5,0.0
340,5.666666666666667,base,win,0,0.084,0.7,81.5,21.85,0.041666666666666664,0.5,0.0
341,5.683333333333334,base,win,0,0.084,0.692,82.8,22.02,0.041666666666666664,0.5,0.0
342,5.7,base,win,0,0.084,0.688,80.82,21.69,0.041666666666666664,0.5,0.0
343,5.716666666666667,base,win,0,0.084,0.695,81.41,21.75,0.041666666666666664,0.5,0.0
344,5.733333333333333,base,win,0,0.083,0.698,81.24,21.79,0.041666666666666664,0.5,0.0
345,5.75,base,win,0,0.083,0.683,81.68,21.84,0.041666666666666664,0.5,0.0
346,5.766666666666667,base,win,0,0.085,0.666,80.91,21.74,0.041666666666666664,0.5,0.0
347,5.783333333333333,base,win,0,0.084,0.667,80.52,21.58,0.041666666666666664,0.5,0.0
348,5.8,base,win,0,0.083,0.69,82.06,21.89,0.041666666666666664,0.5,0.0
349,5.816666666666666,base,win,0,0.084,0.695,81.13,22.24,0.041666666666666664,0.5,0.0
350,5.833333333333333,base,win,0,0.084,0.671,81.45,21.84,0.041666666666666664,0.5,0.0
351,5.85,base,win,0,0.084,0.654,82.27,21.93,0.041666666666666664,0.5,0.0
352,5.866666666666666,base,win,0,0.084,0.65,81.96,22.02,0.041666666666666664,0.5,0.0
353,5.883333333333334,base,win,0,0.083,0.645,81.56,22.2,0.041666666666666664,0.5,0.0
354,5.9,base,win,0,0.083,0.655,82.48,22.16,0.041666666666666664,0.5,0.0
355,5.916666666666667,base,win,0,0.083,0.646,82.1,21.97,0.041666666666666664,0.5,0.0
356,5.933333333333334,base,win,0,0.083,0.651,82.5,22.01,0.041666666666666664,0.5,0.0
357,5.95,base,win,0,0.083,0.638,81.53,22.18,0.041666666666666664,0.5,0.0
358,5.966666666666667,base,win,0,0.083,0.622,81.84,22.05,0.041666666666666664,0.5,0.0
359,5.983333333333333,base,win,0,0.083,0.614,82.45,22.01,0.041666666666666664,0.5,0.0
360,6.0,base,win,0,0.083,0.61,83.25,21.95,0.041666666666666664,0.5,0.0
361,6.016666666666667,base,win,0,0.083,0.622,81.61,21.8,0.041666666666666664,0.5,0.0
362,6.033333333333333,base,win,0,0.083,0.63,82.78,21.91,0.041666666666666664,0.5,0.0
363,6.05,base,win,0,0.083,0.631,81.46,21.79,0.041666666666666664,0.5,0.0
364,6.066666666666666,base,win,0,0.084,0.619,82.15,21.84,0.041666666666666664,0.5,0.0
365,6.083333333333333,base,win,0,0.084,0.604,81.55,22.13,0.041666666666666664,0.5,0.0
366,6.1,base,win,0,0.084,0.597,82.0,21.94,0.041666666666666664,0.5,0.0
367,6.116666666666666,base,win,0,0.084,0.597,81.28,21.83,0.041666666666666664,0.5,0.0
368,6.133333333333334,base,win,0,0.084,0.583,82.45,21.99,0.041666666666666664,0.5,0.0
369,6.15,base,win,0,0.084,0.587,82.26,22.02,0.041666666666666664,0.5,0.0
370,6.166666666666667,base,win,0,0.084,0.604,82.74,21.96,0.041666666666666664,0.5,0.0
371,6.183333333333334,base,win,0,0.083,0.609,81.88,22.06,0.041666666666666664,0.5,0.0
372,6.2,base,win,0,0.084,0.611,82.38,22.01,0.041666666666666664,0.5,0.0
373,6.216666666666667,base,win,0,0.084,0.628,81.53,21.79,0.041666666666666664,0.5,0.0
374,6.233333333333333,base,win,0,0.084,0.627,82.26,21.81,0.041666666666666664,0.5,0.0
375,6.25,base,win,0,0.083,0.625,81.85,21.85,0.041666666666666664,0.5,0.0
376,6.266666666666667,base,win,0,0.083,0.614,82.87,21.88,0.041666666666666664,0.5,0.0
377,6.283333333333333,base,win,0,0.083,0.632,81.96,21.9,0.041666666666666664,0.5,0.0
378,6.3,base,win,0,0.084,0.651,81.89,21.91,0.041666666666666664,0.5,0.0
379,6.316666666666666,base,win,0,0.084,0.648,82.36,21.85,0.041666666666666664,0.5,0.0
380,6.333333333333333,base,win,0,0.084,0.647,82.03,22.05,0.041666666666666664,0.5,0.0
381,6.35,base,win,0,0.084,0.639,82.1,21.97,0.041666666666666664,0.5,0.0
382,6.366666666666666,base,win,0,0.085,0.658,83.46,21.93,0.041666666666666664,0.5,0.0
383,6.383333333333334,base,win,0,0.083,0.655,82.13,22.16,0.041666666666666664,0.5,0.0
384,6.4,base,win,0,0.084,0.656,81.61,21.86,0.041666666666666664,0.5,0.0
385,6.416666666666667,base,win,0,0.085,0.674,81.7,22.07,0.041666666666666664,0.5,0.0
386,6.433333333333334,base,win,0,0.084,0.664,82.19,22.03,0.041666666666666664,0.5,0.0
387,6.45,base,win,0,0.084,0.656,81.97,22.02,0.041666666666666664,0.5,0.0
388,6.466666666666667,base,win,0,0.084,0.655,82.27,22.13,0.041666666666666664,0.5,0.0
389,6.483333333333333,base,win,0,0.085,0.674,81.91,22.08,0.041666666666666664,0.5,0.0
390,6.5,base,win,0,0.084,0.666,82.01,21.85,0.041666666666666664,0.5,0.0
391,6.516666666666667,base,win,0,0.083,0.659,81.74,21.78,0.041666666666666664,0.5,0.0
392,6.533333333333333,base,win,0,0.084,0.668,83.13,21.78,0.041666666666666664,0.5,0.0
393,6.55,base,win,0,0.083,0.666,82.24,21.91,0.041666666666666664,0.5,0.0
394,6.566666666666666,base,win,0,0.083,0.643,83.69,22.12,0.041666666666666664,0.5,0.0
395,6.583333333333333,base,win,0,0.085,0.633,82.08,22.25,0.041666666666666664,0.5,0.0
396,6.6,base,win,0,0.086,0.633,82.17,22.24,0.041666666666666664,0.5,0.0
397,6.616666666666666,base,win,0,0.086,0.631,83.12,22.02,0.041666666666666664,0.5,0.0
398,6.633333333333334,base,win,0,0.085,0.639,83.99,21.97,0.041666666666666664,0.5,0.0
399,6.65,base,win,0,0.084,0.635,83.15,21.98,0.041666666666666664,0.5,0.0
400,6.666666666666667,base,win,0,0.085,0.648,84.11,21.98,0.041666666666666664,0.5,0.0
401,6.683333333333334,base,win,0,0.084,0.647,83.83,22.12,0.041666666666666664,0.5,0.0
402,6.7,base,win,0,0.085,0.639,83.37,21.9,0.041666666666666664,0.5,0.0
403,6.716666666666667,base,win,0,0.083,0.64,82.61,21.89,0.041666666666666664,0.5,0.0
404,6.733333333333333,base,win,0,0.083,0.641,82.43,22.05,0.041666666666666664,0.5,0.0
405,6.75,base,win,0,0.083,0.639,82.16,22.17,0.041666666666666664,0.5,0.0
406,6.766666666666667,base,win,0,0.083,0.648,82.19,21.9,0.041666666666666664,0.5,0.0
407,6.783333333333333,base,win,0,0.084,0.626,83.42,21.73,0.041666666666666664,0.5,0.0
408,6.8,base,win,0,0.084,0.672,82.72,22.15,0.041666666666666664,0.5,0.0
409,6.816666666666666,base,win,0,0.083,0.668,83.11,22.0,0.041666666666666664,0.5,0.0
410,6.833333333333333,base,win,0,0.083,0.678,82.61,22.04,0.041666666666666664,0.5,0.0
411,6.85,base,win,0,0.083,0.677,83.02,22.11,0.041666666666666664,0.5,0.0
412,6.866666666666666,base,win,0,0.084,0.692,82.39,22.04,0.041666666666666664,0.5,0.0
413,6.883333333333334,base,win,0,0.082,0.687,82.39,21.96,0.041666666666666664,0.5,0.0
414,6.9,base,win,0,0.083,0.689,82.95,21.96,0.041666666666666664,0.5,0.0
415,6.916666666666667,base,win,0,0.082,0.685,82.23,21.96,0.041666666666666664,0.5,0.0
416,6.933333333333334,base,win,0,0.082,0.68,82.74,22.19,0.041666666666666664,0.5,0.0
417,6.95,base,win,0,0.083,0.691,82.91,22.01,0.041666666666666664,0.5,0.0
418,6.966666666666667,base,win,0,0.083,0.707,81.8,22.13,0.041666666666666664,0.5,0.0
419,6.983333333333333,base,win,0,0.082,0.699,82.3,22.0,0.041666666666666664,0.5,0.0
420,7.0,base,win,0,0.083,0.704,82.54,21.76,0.041666666666666664,0.5,0.0
421,7.016666666666667,base,win,0,0.083,0.732,82.4,21.9,0.041666666666666664,0.5,0.0
422,7.033333333333333,base,win,0,0.082,0.72,82.41,22.09,0.041666666666666664,0.5,0.0
423,7.05,base,win,0,0.083,0.724,82.74,22.06,0.041666666666666664,0.5,0.0
424,7.066666666666666,base,win,0,0.083,0.739,82.02,21.95,0.041666666666666664,0.5,0.0
425,7.083333333333333,base,win,0,0.084,0.754,84.82,22.03,0.041666666666666664,0.5,0.0
426,7.1,base,win,0,0.083,0.747,82.37,22.18,0.041666666666666664,0.5,0.0
427,7.116666666666666,base,win,0,0.083,0.737,81.98,22.17,0.041666666666666664,0.5,0.0
428,7.133333333333334,base,win,0,0.082,0.726,81.78,22.26,0.041666666666666664,0.5,0.0
429,7.15,base,win,0,0.082,0.722,83.46,22.16,0.041666666666666664,0.5,0.0
430,7.166666666666667,base,win,0,0.082,0.701,83.5,22.16,0.041666666666666664,0.5,0.0
431,7.183333333333334,base,win,0,0.082,0.687,82.42,21.9,0.041666666666666664,0.5,0.0
432,7.2,base,win,0,0.082,0.671,83.03,22.03,0.041666666666666664,0.5,0.0
433,7.216666666666667,base,win,0,0.082,0.669,82.28,21.87,0.041666666666666664,0.5,0.0
434,7.233333333333333,base,win,0,0.081,0.654,82.96,22.02,0.041666666666666664,0.5,0.0
435,7.25,base,win,0,0.082,0.634,83.96,21.91,0.041666666666666664,0.5,0.0
436,7.266666666666667,occ,win,0,0.082,0.621,83.29,22.01,0.041666666666666664,0.5,0.0
437,7.283333333333333,occ,win,0,0.093,0.641,83.2,22.42,0.041666666666666664,0.5,0.0
438,7.3,occ,win,0,0.098,0.657,82.98,22.28,0.041666666666666664,0.5,0.0
439,7.316666666666666,occ,win,0,0.1,0.67,82.59,22.36,0.041666666666666664,0.5,0.0
440,7.333333333333333,occ,win,0,0.102,0.68,83.42,22.34,0.041666666666666664,0.5,0.0
441,7.35,occ,win,0,0.107,0.684,82.21,22.24,0.041666666666666664,0.5,0.0
442,7.366666666666666,occ,win,0,0.108,0.687,81.86,22.25,0.041666666666666664,0.5,0.0
443,7.383333333333334,occ,win,0,0.111,0.684,83.49,21.97,0.041666666666666664,0.5,0.0
444,7.4,occ,win,0,0.117,0.645,81.77,22.28,0.041666666666666664,0.5,0.0
445,7.416666666666667,occ,win,0,0.116,0.638,82.9,22.15,0.041666666666666664,0.5,0.0
446,7.433333333333334,occ,win,0,0.114,0.657,80.29,22.47,0.041666666666666664,0.5,0.0
447,7.45,occ,win,0,0.109,0.666,80.67,22.24,0.041666666666666664,0.5,0.0
448,7.466666666666667,occ,win,0,0.115,0.656,81.72,22.4,0.041666666666666664,0.5,0.0
449,7.483333333333333,occ,win,0,0.117,0.658,79.39,22.38,0.041666666666666664,0.5,0.0
450,7.5,occ,win,0,0.124,0.647,80.61,22.25,0.041666666666666664,0.5,0.0
451,7.516666666666667,occ,win,0,0.125,0.632,80.34,22.42,0.041666666666666664,0.5,0.0
452,7.533333333333333,occ,win,0,0.141,0.616,80.59,22.21,0.041666666666666664,0.5,0.0
453,7.55,occ,win,0,0.145,0.605,81.35,22.28,0.041666666666666664,0.5,0.0
454,7.566666666666666,occ,win,0,0.144,0.594,80.71,22.36,0.041666666666666664,0.5,0.0
455,7.583333333333333,occ,win,0,0.152,0.585,79.77,22.38,0.041666666666666664,0.5,0.0
456,7.6,occ,win,0,0.155,0.579,80.8,22.37,0.041666666666666664,0.5,0.0
457,7.616666666666666,occ,win,0,0.171,0.569,80.17,22.29,0.041666666666666664,0.5,0.0
458,7.633333333333334,occ,win,0,0.217,0.525,82.81,22.11,0.041666666666666664,0.5,0.0
459,7.65,occ,base,0,0.29,0.441,80.85,22.37,0.041666666666666664,0.5,0.0
460,7.666666666666667,occ,base,0,0.381,0.396,78.41,22.7,0.041666666666666664,0.5,0.0
461,7.683333333333334,occ,occ,1,0.494,0.363,79.2,22.53,0.041666666666666664,0.5,0.0
462,7.7,occ,occ,1,0.594,0.331,79.22,22.71,0.041666666666666664,0.5,0.0
463,7.716666666666667,occ,occ,1,0.719,0.265,77.66,22.7,0.041666666666666664,0.5,0.0
464,7.733333333333333,occ,occ,1,0.785,0.244,79.63,22.54,0.041666666666666664,0.5,0.0
465,7.75,occ,occ,1,0.849,0.202,78.7,22.43,0.041666666666666664,0.5,0.0
466,7.766666666666667,occ,occ,1,0.871,0.187,78.35,22.64,0.041666666666666664,0.5,0.0
467,7.783333333333333,occ,occ,1,0.883,0.176,79.28,22.74,0.041666666666666664,0.5,0.0
468,7.8,occ,occ,1,0.88,0.196,78.9,22.69,0.041666666666666664,0.5,0.0
469,7.816666666666666,occ,occ,1,0.861,0.267,79.74,22.6,0.041666666666666664,0.5,0.0
470,7.833333333333333,occ,occ,1,0.865,0.303,79.33,22.41,0.041666666666666664,0.5,0.0
471,7.85,occ,occ,1,0.89,0.265,78.63,22.46,0.041666666666666664,0.5,0.0
472,7.866666666666666,occ,occ,1,0.883,0.283,78.24,22.64,0.041666666666666664,0.5,0.0
473,7.883333333333334,occ,occ,1,0.887,0.264,76.35,22.72,0.041666666666666664,0.5,0.0
474,7.9,occ,occ,1,0.886,0.299,77.41,22.68,0.041666666666666664,0.5,0.0
475,7.916666666666667,occ,occ,1,0.898,0.258,79.28,22.34,0.041666666666666664,0.5,0.0
476,7.933333333333334,occ,occ,1,0.905,0.255,76.95,22.64,0.041666666666666664,0.5,0.0
477,7.95,occ,occ,1,0.907,0.249,76.57,22.66,0.041666666666666664,0.5,0.0
478,7.966666666666667,occ,occ,1,0.905,0.282,76.08,22.49,0.041666666666666664,0.5,0.0
479,7.983333333333333,occ,occ,1,0.909,0.297,75.18,22.73,0.041666666666666664,0.5,0.0
480,8.0,occ,occ,1,0.908,0.321,75.08,22.63,0.041666666666666664,0.5,0.0
481,8.016666666666667,occ,occ,1,0.912,0.298,77.95,22.72,0.041666666666666664,0.5,0.0
482,8.033333333333333,occ,occ,1,0.913,0.316,76.62,22.91,0.041666666666666664,0.5,0.0
483,8.05,full,occ,0,0.909,0.392,77.52,22.76,0.041666666666666664,0.5,0.0
484,8.066666666666666,full,occ,0,0.913,0.438,77.89,22.94,0.041666666666666664,0.5,0.0
485,8.083333333333334,full,occ,0,0.914,0.452,80.04,22.93,0.041666666666666664,0.5,0.0
486,8.1,full,occ,0,0.915,0.482,77.83,23.22,0.041666666666666664,0.5,0.0
487,8.116666666666667,full,full,1,0.914,0.592,78.85,23.25,0.041666666666666664,0.5,0.0
488,8.133333333333333,full,full,1,0.915,0.737,79.06,23.14,0.041666666666666664,0.5,0.0
489,8.15,full,full,1,0.916,0.806,79.63,22.95,0.041666666666666664,0.5,0.0
490,8.166666666666666,full,full,1,0.916,0.852,77.52,23.48,0.041666666666666664,0.5,0.0
491,8.183333333333334,full,full,1,0.915,0.88,77.32,23.52,0.041666666666666664,0.5,0.0
492,8.2,full,full,1,0.915,0.889,78.33,23.39,0.041666666666666664,0.5,0.0
493,8.216666666666667,full,full,1,0.915,0.892,78.9,23.15,0.041666666666666664,0.5,0.0
494,8.233333333333333,full,full,1,0.913,0.899,78.9,23.09,0.041666666666666664,0.5,0.0
495,8.25,full,full,1,0.912,0.892,77.84,23.44,0.041666666666666664,0.5,0.0
496,8.266666666666667,full,full,1,0.914,0.895,77.41,23.56,0.041666666666666664,0.5,0.0
497,8.283333333333333,full,full,1,0.915,0.902,75.86,23.61,0.041666666666666664,0.5,0.0
498,8.3,full,full,1,0.917,0.897,77.0,23.49,0.041666666666666664,0.5,0.0
499,8.316666666666666,full,full,1,0.918,0.901,76.27,23.57,0.041666666666666664,0.5,0.0
500,8.333333333333334,full,full,1,0.918,0.906,77.5,23.37,0.041666666666666664,0.5,0.0
501,8.35,full,full,1,0.917,0.908,76.03,23.72,0.041666666666666664,0.5,0.0
502,8.366666666666667,full,full,1,0.917,0.909,75.71,23.88,0.041666666666666664,0.5,0.0
503,8.383333333333333,full,full,1,0.918,0.907,75.69,23.63,0.041666666666666664,0.5,0.0
504,8.4,full,full,1,0.918,0.908,76.18,23.85,0.041666666666666664,0.5,0.0
505,8.416666666666666,full,full,1,0.917,0.91,74.57,24.12,0.041666666666666664,0.5,0.0
506,8.433333333333334,full,full,1,0.917,0.911,74.78,23.74,0.041666666666666664,0.5,0.0
507,8.45,full,full,1,0.918,0.911,75.12,23.75,0.041666666666666664,0.5,0.0
508,8.466666666666667,full,full,1,0.917,0.911,75.86,23.78,0.041666666666666664,0.5,0.0
509,8.483333333333333,full,full,1,0.912,0.911,75.47,23.73,0.041666666666666664,0.5,0.0
510,8.5,full,full,1,0.916,0.912,74.09,23.88,0.041666666666666664,0.5,0.0
511,8.516666666666667,full,full,1,0.919,0.911,74.15,23.86,0.041666666666666664,0.5,0.0
512,8.533333333333333,full,full,1,0.919,0.911,74.97,23.9,0.041666666666666664,0.5,0.0
513,8.55,full,full,1,0.917,0.912,74.59,23.9,0.041666666666666664,0.5,0.0
514,8.566666666666666,full,full,1,0.916,0.912,75.55,23.72,0.041666666666666664,0.5,0.0
515,8.583333333333334,full,full,1,0.915,0.913,74.45,24.03,0.041666666666666664,0.5,0.0
516,8.6,full,full,1,0.918,0.913,75.1,23.84,0.041666666666666664,0.5,0.0
517,8.616666666666667,full,full,1,0.917,0.913,74.94,23.93,0.041666666666666664,0.5,0.0
518,8.633333333333333,full,full,1,0.919,0.913,75.84,23.79,0.041666666666666664,0.5,0.0
519,8.65,full,full,1,0.916,0.913,74.09,24.0,0.041666666666666664,0.5,0.0
520,8.666666666666666,full,full,1,0.918,0.913,73.84,23.96,0.041666666666666664,0.5,0.0
521,8.683333333333334,full,full,1,0.918,0.913,75.17,23.86,0.041666666666666664,0.5,0.0
522,8.7,full,full,1,0.917,0.914,74.69,23.92,0.041666666666666664,0.5,0.0
523,8.716666666666667,full,full,1,0.916,0.914,73.69,24.0,0.041666666666666664,0.5,0.0
524,8.733333333333333,full,full,1,0.919,0.914,72.55,24.14,0.041666666666666664,0.5,0.0
525,8.75,full,full,1,0.92,0.914,74.55,23.88,0.041666666666666664,0.5,0.0
526,8.766666666666667,full,full,1,0.92,0.914,74.47,23.94,0.041666666666666664,0.5,0.0
527,8.783333333333333,full,full,1,0.92,0.915,73.71,24.04,0.041666666666666664,0.5,0.0
528,8.8,full,full,1,0.921,0.915,74.8,23.85,0.041666666666666664,0.5,0.0
529,8.816666666666666,full,full,1,0.921,0.916,75.13,23.65,0.041666666666666664,0.5,0.0
530,8.833333333333334,full,full,1,0.921,0.915,74.91,23.79,0.041666666666666664,0.5,0.0
531,8.85,full,full,1,0.921,0.916,75.26,23.75,0.041666666666666664,0.5,0.0
532,8.866666666666667,full,full,1,0.921,0.917,74.02,24.05,0.041666666666666664,0.5,0.0
533,8.883333333333333,full,full,1,0.922,0.918,73.67,24.09,0.041666666666666664,0.5,0.0
534,8.9,full,full,1,0.922,0.918,73.23,24.13,0.041666666666666664,0.5,0.0
535,8.916666666666666,full,full,1,0.922,0.918,73.18,24.29,0.041666666666666664,0.5,0.0
536,8.933333333333334,full,full,1,0.922,0.919,74.11,24.17,0.041666666666666664,0.5,0.0
537,8.95,full,full,1,0.922,0.919,73.59,24.22,0.041666666666666664,0.5,0.0
538,8.966666666666667,full,full,1,0.923,0.919,74.13,24.03,0.041666666666666664,0.5,0.0
539,8.983333333333333,full,full,1,0.923,0.92,73.43,24.34,0.041666666666666664,0.5,0.0
540,9.0,full,full,1,0.922,0.92,73.46,24.28,0.041666666666666664,0.5,0.0
541,9.016666666666667,full,full,1,0.923,0.919,73.24,24.42,0.041666666666666664,0.5,0.0
542,9.033333333333333,full,full,1,0.923,0.92,74.28,24.27,0.041666666666666664,0.5,0.0
543,9.05,full,full,1,0.922,0.92,73.41,24.29,0.041666666666666664,0.5,0.0
544,9.066666666666666,full,full,1,0.923,0.92,74.16,24.19,0.041666666666666664,0.5,0.0
545,9.083333333333334,full,full,1,0.923,0.921,74.72,24.09,0.041666666666666664,0.5,0.0
546,9.1,full,full,1,0.923,0.921,74.37,24.0,0.041666666666666664,0.5,0.0
547,9.116666666666667,full,full,1,0.923,0.92,75.57,23.86,0.041666666666666664,0.5,0.0
548,9.133333333333333,full,full,1,0.923,0.921,74.0,24.13,0.041666666666666664,0.5,0.0
549,9.15,full,full,1,0.923,0.921,74.05,24.09,0.041666666666666664,0.5,0.0
550,9.166666666666666,full,full,1,0.923,0.921,73.28,24.37,0.041666666666666664,0.5,0.0
551,9.183333333333334,full,full,1,0.923,0.921,73.87,24.28,0.041666666666666664,0.5,0.0
552,9.2,full,full,1,0.923,0.921,74.06,24.25,0.041666666666666664,0.5,0.0
553,9.216666666666667,full,full,1,0.923,0.921,73.08,24.38,0.041666666666666664,0.5,0.0
554,9.233333333333333,full,full,1,0.923,0.921,72.63,24.62,0.041666666666666664,0.5,0.0
555,9.25,full,full,1,0.923,0.921,73.93,24.26,0.041666666666666664,0.5,0.0
556,9.266666666666667,full,full,1,0.923,0.92,72.92,24.4,0.041666666666666664,0.5,0.0
557,9.283333333333333,full,full,1,0.922,0.92,73.81,24.19,0.041666666666666664,0.5,0.0
558,9.3,full,full,1,0.922,0.92,73.15,24.23,0.041666666666666664,0.5,0.0
559,9.316666666666666,full,full,1,0.923,0.921,73.75,24.01,0.041666666666666664,0.5,0.0
560,9.333333333333334,full,full,1,0.923,0.921,74.86,24.0,0.041666666666666664,0.5,0.0
561,9.35,full,full,1,0.922,0.92,73.57,24.31,0.041666666666666664,0.5,0.0
562,9.366666666666667,full,full,1,0.921,0.919,73.83,24.23,0.041666666666666664,0.5,0.0
563,9.383333333333333,full,full,1,0.923,0.92,73.25,24.2,0.041666666666666664,0.5,0.0
564,9.4,full,full,1,0.923,0.921,74.91,24.07,0.041666666666666664,0.5,0.0
565,9.416666666666666,full,full,1,0.922,0.92,74.87,24.09,0.041666666666666664,0.5,0.0
566,9.433333333333334,full,full,1,0.923,0.921,74.22,24.25,0.041666666666666664,0.5,0.0
567,9.45,full,full,1,0.923,0.921,72.61,24.52,0.041666666666666664,0.5,0.0
568,9.466666666666667,full,full,1,0.923,0.922,73.77,24.33,0.041666666666666664,0.5,0.0
569,9.483333333333333,full,full,1,0.923,0.921,74.09,24.38,0.041666666666666664,0.5,0.0
570,9.5,full,full,1,0.922,0.92,73.4,24.33,0.041666666666666664,0.5,0.0
571,9.516666666666667,full,full,1,0.922,0.92,73.52,24.35,0.041666666666666664,0.5,0.0
572,9.533333333333333,full,full,1,0.923,0.921,72.95,24.38,0.041666666666666664,0.5,0.0
573,9.55,full,full,1,0.923,0.921,74.0,24.3,0.041666666666666664,0.5,0.0
574,9.566666666666666,full,full,1,0.923,0.921,74.21,24.31,0.041666666666666664,0.5,0.0
575,9.583333333333334,full,full,1,0.922,0.921,73.56,24.25,0.041666666666666664,0.5,0.0
576,9.6,full,full,1,0.923,0.922,73.81,24.29,0.041666666666666664,0.5,0.0
577,9.616666666666667,full,full,1,0.923,0.922,73.3,24.46,0.041666666666666664,0.5,0.0
578,9.633333333333333,full,full,1,0.923,0.921,73.57,24.38,0.041666666666666664,0.5,0.0
579,9.65,full,full,1,0.922,0.921,73.47,24.41,0.041666666666666664,0.5,0.0
580,9.666666666666666,full,full,1,0.922,0.921,73.93,24.14,0.041666666666666664,0.5,0.0
581,9.683333333333334,full,full,1,0.923,0.921,73.15,24.13,0.041666666666666664,0.5,0.0
582,9.7,full,full,1,0.923,0.921,72.87,24.25,0.041666666666666664,0.5,0.0
583,9.716666666666667,full,full,1,0.923,0.921,73.71,24.19,0.041666666666666664,0.5,0.0
584,9.733333333333333,full,full,1,0.922,0.921,73.36,24.21,0.041666666666666664,0.5,0.0
585,9.75,full,full,1,0.923,0.921,72.36,24.25,0.041666666666666664,0.5,0.0
586,9.766666666666667,full,full,1,0.923,0.922,73.18,24.31,0.041666666666666664,0.5,0.0
587,9.783333333333333,full,full,1,0.923,0.921,73.11,24.56,0.041666666666666664,0.5,0.0
588,9.8,full,full,1,0.92,0.919,71.94,24.63,0.041666666666666664,0.5,0.0
589,9.816666666666666,full,full,1,0.923,0.921,72.73,24.33,0.041666666666666664,0.5,0.0
590,9.833333333333334,full,full,1,0.923,0.921,72.59,24.22,0.041666666666666664,0.5,0.0
591,9.85,full,full,1,0.923,0.921,71.67,24.3,0.041666666666666664,0.5,0.0
592,9.866666666666667,full,full,1,0.923,0.921,72.43,24.25,0.041666666666666664,0.5,0.0
593,9.883333333333333,full,full,1,0.922,0.921,72.24,24.2,0.041666666666666664,0.5,0.0
594,9.9,full,full,1,0.922,0.92,72.17,24.35,0.041666666666666664,0.5,0.0
595,9.916666666666666,full,full,1,0.922,0.92,72.7,24.27,0.041666666666666664,0.5,0.0
596,9.933333333333334,full,full,1,0.923,0.921,73.63,24.09,0.041666666666666664,0.5,0.0
597,9.95,full,full,1,0.922,0.92,71.6,24.35,0.041666666666666664,0.5,0.0
598,9.966666666666667,full,full,1,0.922,0.92,71.1,24.28,0.041666666666666664,0.5,0.0
599,9.983333333333333,full,full,1,0.922,0.919,71.44,24.15,0.041666666666666664,0.5,0.0
600,10.0,full,full,1,0.923,0.919,71.12,24.22,0.041666666666666664,0.5,0.0
601,10.016666666666667,full,full,1,0.922,0.919,71.55,24.22,0.041666666666666664,0.5,0.0
602,10.033333333333333,full,full,1,0.922,0.919,71.2,24.22,0.041666666666666664,0.5,0.0
603,10.05,full,full,1,0.922,0.919,71.41,24.37,0.041666666666666664,0.5,0.0
604,10.066666666666666,full,full,1,0.922,0.92,71.25,24.55,0.041666666666666664,0.5,0.0
605,10.083333333333334,full,full,1,0.922,0.92,70.85,24.64,0.041666666666666664,0.5,0.0
606,10.1,full,full,1,0.922,0.92,69.99,24.71,0.041666666666666664,0.5,0.0
607,10.116666666666667,full,full,1,0.922,0.921,71.59,24.49,0.041666666666666664,0.5,0.0
608,10.133333333333333,full,full,1,0.923,0.921,72.43,24.48,0.041666666666666664,0.5,0.0
609,10.15,full,full,1,0.922,0.921,71.97,24.27,0.041666666666666664,0.5,0.0
610,10.166666666666666,full,full,1,0.923,0.922,72.46,24.29,0.041666666666666664,0.5,0.0
611,10.183333333333334,full,full,1,0.922,0.921,73.06,24.2,0.041666666666666664,0.5,0.0
612,10.2,full,full,1,0.923,0.921,72.22,24.28,0.041666666666666664,0.5,0.0
613,10.216666666666667,full,full,1,0.923,0.922,71.52,24.34,0.041666666666666664,0.5,0.0
614,10.233333333333333,full,full,1,0.923,0.921,72.0,24.24,0.041666666666666664,0.5,0.0
615,10.25,full,full,1,0.923,0.921,71.08,24.15,0.041666666666666664,0.5,0.0
616,10.266666666666667,full,full,1,0.923,0.921,71.77,24.15,0.041666666666666664,0.5,0.0
617,10.283333333333333,full,full,1,0.923,0.921,71.81,24.38,0.041666666666666664,0.5,0.0
618,10.3,full,full,1,0.923,0.922,71.94,24.27,0.041666666666666664,0.5,0.0
619,10.316666666666666,full,full,1,0.923,0.921,71.44,24.16,0.041666666666666664,0.5,0.0
620,10.333333333333334,full,full,1,0.923,0.922,72.39,24.09,0.041666666666666664,0.5,0.0
621,10.35,full,full,1,0.922,0.921,72.47,24.04,0.041666666666666664,0.5,0.0
622,10.366666666666667,full,full,1,0.922,0.921,72.55,24.07,0.041666666666666664,0.5,0.0
623,10.383333333333333,full,full,1,0.923,0.922,71.7,24.1,0.041666666666666664,0.5,0.0
624,10.4,full,full,1,0.922,0.921,69.66,24.47,0.041666666666666664,0.5,0.0
625,10.416666666666666,full,full,1,0.922,0.921,69.91,24.49,0.041666666666666664,0.5,0.0
626,10.433333333333334,full,full,1,0.922,0.921,70.06,24.29,0.041666666666666664,0.5,0.0
627,10.45,full,full,1,0.923,0.921,69.23,24.42,0.041666666666666664,0.5,0.0
628,10.466666666666667,full,full,1,0.922,0.92,70.87,24.17,0.041666666666666664,0.5,0.0
629,10.483333333333333,full,full,1,0.922,0.92,70.07,24.31,0.041666666666666664,0.5,0.0
630,10.5,full,full,1,0.921,0.92,71.63,24.08,0.041666666666666664,0.5,0.0
631,10.516666666666667,full,full,1,0.922,0.921,70.5,24.1,0.041666666666666664,0.5,0.0
632,10.533333333333333,full,full,1,0.923,0.921,70.38,24.39,0.041666666666666664,0.5,0.0
633,10.55,full,full,1,0.922,0.921,70.21,24.24,0.041666666666666664,0.5,0.0
634,10.566666666666666,full,full,1,0.923,0.921,70.8,24.1,0.041666666666666664,0.5,0.0
635,10.583333333333334,full,full,1,0.922,0.92,69.76,24.17,0.041666666666666664,0.5,0.0
636,10.6,full,full,1,0.923,0.921,70.19,24.06,0.041666666666666664,0.5,0.0
637,10.616666666666667,full,full,1,0.921,0.92,70.67,23.97,0.041666666666666664,0.5,0.0
638,10.633333333333333,full,full,1,0.922,0.92,69.96,24.01,0.041666666666666664,0.5,0.0
639,10.65,full,full,1,0.921,0.919,70.04,24.15,0.041666666666666664,0.5,0.0
640,10.666666666666666,full,full,1,0.922,0.919,69.7,24.2,0.041666666666666664,0.5,0.0
641,10.683333333333334,full,full,1,0.921,0.919,69.55,24.15,0.041666666666666664,0.5,0.0
642,10.7,full,full,1,0.922,0.919,68.85,24.11,0.041666666666666664,0.5,0.0
643,10.716666666666667,full,full,1,0.921,0.918,67.91,24.35,0.041666666666666664,0.5,0.0
644,10.733333333333333,full,full,1,0.921,0.918,69.16,24.05,0.041666666666666664,0.5,0.0
645,10.75,full,full,1,0.921,0.918,68.86,24.03,0.041666666666666664,0.5,0.0
646,10.766666666666667,full,full,1,0.922,0.919,69.11,24.0,0.041666666666666664,0.5,0.0
647,10.783333333333333,full,full,1,0.922,0.919,68.98,23.97,0.041666666666666664,0.5,0.0
648,10.8,full,full,1,0.922,0.919,70.2,23.83,0.041666666666666664,0.5,0.0
649,10.816666666666666,full,full,1,0.921,0.918,68.95,24.08,0.041666666666666664,0.5,0.0
650,10.833333333333334,full,full,1,0.921,0.919,68.72,23.99,0.041666666666666664,0.5,0.0
651,10.85,full,full,1,0.922,0.919,70.28,23.85,0.041666666666666664,0.5,0.0
652,10.866666666666667,full,full,1,0.92,0.918,69.96,23.93,0.041666666666666664,0.5,0.0
653,10.883333333333333,full,full,1,0.921,0.918,69.55,23.96,0.041666666666666664,0.5,0.0
654,10.9,full,full,1,0.921,0.919,68.38,24.05,0.041666666666666664,0.5,0.0
655,10.916666666666666,full,full,1,0.922,0.919,68.65,24.08,0.041666666666666664,0.5,0.0
656,10.933333333333334,occ,full,0,0.921,0.919,69.29,23.94,0.041666666666666664,0.5,0.0
657,10.95,occ,full,0,0.921,0.919,68.79,23.88,0.041666666666666664,0.5,0.0
658,10.966666666666667,occ,full,0,0.92,0.919,68.66,23.92,0.041666666666666664,0.5,0.0
659,10.983333333333333,occ,full,0,0.921,0.919,69.56,23.74,0.041666666666666664,0.5,0.0
660,11.0,occ,full,0,0.921,0.919,68.89,23.83,0.041666666666666664,0.5,0.0
661,11.016666666666667,occ,full,0,0.92,0.918,66.91,23.9,0.041666666666666664,0.5,0.0
662,11.033333333333333,occ,full,0,0.922,0.919,68.05,24.09,0.041666666666666664,0.5,0.0
663,11.05,occ,full,0,0.921,0.919,65.88,24.21,0.041666666666666664,0.5,0.0
664,11.066666666666666,occ,full,0,0.921,0.919,67.94,24.0,0.041666666666666664,0.5,0.0
665,11.083333333333334,occ,full,0,0.919,0.918,67.62,24.03,0.041666666666666664,0.5,0.0
666,11.1,occ,full,0,0.922,0.919,68.24,23.95,0.041666666666666664,0.5,0.0
667,11.116666666666667,occ,full,0,0.919,0.917,67.3,24.13,0.041666666666666664,0.5,0.0
668,11.133333333333333,occ,full,0,0.921,0.919,68.03,23.94,0.041666666666666664,0.5,0.0
669,11.15,occ,full,0,0.921,0.918,68.13,23.86,0.041666666666666664,0.5,0.0
670,11.166666666666666,occ,full,0,0.92,0.918,68.16,23.99,0.041666666666666664,0.5,0.0
671,11.183333333333334,occ,full,0,0.921,0.919,68.12,24.15,0.041666666666666664,0.5,0.0
672,11.2,occ,full,0,0.921,0.919,67.4,24.14,0.041666666666666664,0.5,0.0
673,11.216666666666667,occ,full,0,0.921,0.919,68.16,24.02,0.041666666666666664,0.5,0.0
674,11.233333333333333,occ,full,0,0.92,0.919,67.04,24.33,0.041666666666666664,0.5,0.0
675,11.25,occ,full,0,0.917,0.917,66.01,23.96,0.041666666666666664,0.5,0.0
676,11.266666666666667,occ,full,0,0.92,0.918,68.21,23.82,0.041666666666666664,0.5,0.0
677,11.283333333333333,occ,full,0,0.921,0.918,68.32,23.78,0.041666666666666664,0.5,0.0
678,11.3,occ,full,0,0.921,0.918,69.09,23.78,0.041666666666666664,0.5,0.0
679,11.316666666666666,occ,full,0,0.921,0.918,68.12,23.91,0.041666666666666664,0.5,0.0
680,11.333333333333334,occ,full,0,0.921,0.919,68.06,24.15,0.041666666666666664,0.5,0.0
681,11.35,occ,full,0,0.918,0.918,67.83,24.12,0.041666666666666664,0.5,0.0
682,11.366666666666667,occ,full,0,0.92,0.919,67.27,24.01,0.041666666666666664,0.5,0.0
683,11.383333333333333,occ,full,0,0.92,0.919,68.54,23.99,0.041666666666666664,0.5,0.0
684,11.4,occ,full,0,0.919,0.918,67.71,24.05,0.041666666666666664,0.5,0.0
685,11.416666666666666,occ,full,0,0.921,0.919,66.96,24.29,0.041666666666666664,0.5,0.0
686,11.433333333333334,occ,full,0,0.921,0.92,66.85,24.31,0.041666666666666664,0.5,0.0
687,11.45,occ,full,0,0.92,0.919,66.78,24.31,0.041666666666666664,0.5,0.0
688,11.466666666666667,full,full,1,0.92,0.918,66.76,24.14,0.041666666666666664,0.5,0.0
689,11.483333333333333,occ,full,0,0.92,0.918,67.21,23.94,0.041666666666666664,0.5,0.0
690,11.5,occ,full,0,0.92,0.918,68.53,24.01,0.041666666666666664,0.5,0.0
691,11.516666666666667,occ,full,0,0.92,0.919,68.57,23.96,0.041666666666666664,0.5,0.0
692,11.533333333333333,occ,full,0,0.918,0.918,67.88,24.03,0.041666666666666664,0.5,0.0
693,11.55,full,full,1,0.919,0.918,67.95,23.99,0.041666666666666664,0.5,0.0
694,11.566666666666666,occ,full,0,0.919,0.918,66.63,24.01,0.041666666666666664,0.5,0.0
695,11.583333333333334,occ,full,0,0.921,0.918,67.29,23.96,0.041666666666666664,0.5,0.0
696,11.6,occ,full,0,0.921,0.917,66.42,24.14,0.041666666666666664,0.5,0.0
697,11.616666666666667,occ,full,0,0.919,0.917,66.66,24.12,0.041666666666666664,0.5,0.0
698,11.633333333333333,occ,full,0,0.917,0.916,67.82,23.93,0.041666666666666664,0.5,0.0
699,11.65,occ,full,0,0.919,0.916,65.84,24.3,0.041666666666666664,0.5,0.0
700,11.666666666666666,occ,full,0,0.92,0.918,66.94,24.14,0.041666666666666664,0.5,0.0
701,11.683333333333334,full,full,1,0.919,0.917,66.65,24.15,0.041666666666666664,0.5,0.0
702,11.7,occ,full,0,0.919,0.918,66.54,24.09,0.041666666666666664,0.5,0.0
703,11.716666666666667,occ,full,0,0.92,0.918,65.65,24.31,0.041666666666666664,0.5,0.0
704,11.733333333333333,occ,full,0,0.921,0.919,66.76,24.07,0.041666666666666664,0.5,0.0
705,11.75,occ,full,0,0.921,0.919,66.54,24.06,0.041666666666666664,0.5,0.0
706,11.766666666666667,occ,full,0,0.92,0.919,67.02,24.18,0.041666666666666664,0.5,0.0
707,11.783333333333333,occ,full,0,0.921,0.92,65.56,24.09,0.041666666666666664,0.5,0.0
708,11.8,occ,full,0,0.921,0.92,68.29,23.94,0.041666666666666664,0.5,0.0
709,11.816666666666666,occ,full,0,0.92,0.919,64.68,23.86,0.041666666666666664,0.5,0.0
710,11.833333333333334,occ,full,0,0.921,0.919,67.19,24.1,0.041666666666666664,0.5,0.0
711,11.85,occ,full,0,0.92,0.919,64.56,24.02,0.041666666666666664,0.5,0.0
712,11.866666666666667,occ,full,0,0.92,0.919,65.7,23.86,0.041666666666666664,0.5,0.0
713,11.883333333333333,occ,full,0,0.92,0.919,66.84,23.93,0.041666666666666664,0.5,0.0
714,11.9,occ,full,0,0.92,0.919,65.38,23.64,0.041666666666666664,0.5,0.0
715,11.916666666666666,occ,full,0,0.922,0.92,66.5,23.62,0.041666666666666664,0.5,0.0
716,11.933333333333334,occ,full,0,0.921,0.919,67.19,23.5,0.041666666666666664,0.5,0.0
717,11.95,occ,full,0,0.922,0.919,64.73,23.54,0.041666666666666664,0.5,0.0
718,11.966666666666667,occ,full,0,0.922,0.92,63.86,23.83,0.041666666666666664,0.5,0.0
719,11.983333333333333,occ,full,0,0.922,0.92,66.35,23.67,0.041666666666666664,0.5,0.0
720,12.0,occ,full,0,0.92,0.919,68.08,23.47,0.041666666666666664,0.5,0.0
721,12.016666666666667,occ,full,0,0.919,0.918,69.32,23.51,0.041666666666666664,0.5,0.0
722,12.033333333333333,occ,full,0,0.92,0.919,67.99,23.53,0.041666666666666664,0.5,0.0
723,12.05,occ,full,0,0.921,0.92,69.93,23.43,0.041666666666666664,0.5,0.0
724,12.066666666666666,occ,full,0,0.921,0.92,68.93,23.53,0.041666666666666664,0.5,0.0
725,12.083333333333334,occ,full,0,0.92,0.919,70.74,23.37,0.041666666666666664,0.5,0.0
726,12.1,occ,full,0,0.92,0.919,71.68,23.36,0.041666666666666664,0.5,0.0
727,12.116666666666667,occ,full,0,0.919,0.919,71.25,23.13,0.041666666666666664,0.5,0.0
728,12.133333333333333,occ,full,0,0.921,0.92,71.1,23.43,0.041666666666666664,0.5,0.0
729,12.15,occ,full,0,0.919,0.92,72.95,23.39,0.041666666666666664,0.5,0.0
730,12.166666666666666,occ,full,0,0.92,0.92,72.9,23.33,0.041666666666666664,0.5,0.0
731,12.183333333333334,occ,full,0,0.921,0.921,72.02,23.31,0.041666666666666664,0.5,0.0
732,12.2,occ,full,0,0.92,0.92,73.06,23.43,0.041666666666666664,0.5,0.0
733,12.216666666666667,occ,full,0,0.92,0.92,72.37,23.44,0.041666666666666664,0.5,0.0
734,12.233333333333333,occ,full,0,0.921,0.921,71.57,23.66,0.041666666666666664,0.5,0.0
735,12.25,occ,full,0,0.921,0.921,72.95,23.7,0.041666666666666664,0.5,0.0
736,12.266666666666667,occ,full,0,0.919,0.92,71.89,23.69,0.041666666666666664,0.5,0.0
737,12.283333333333333,occ,full,0,0.922,0.921,71.67,23.65,0.041666666666666664,0.5,0.0
738,12.3,occ,full,0,0.919,0.92,72.07,23.79,0.041666666666666664,0.5,0.0
739,12.316666666666666,occ,full,0,0.921,0.921,70.71,23.61,0.041666666666666664,0.5,0.0
740,12.333333333333334,occ,full,0,0.92,0.921,72.35,23.52,0.041666666666666664,0.5,0.0
741,12.35,occ,full,0,0.919,0.92,72.36,23.39,0.041666666666666664,0.5,0.0
742,12.366666666666667,occ,full,0,0.922,0.922,73.02,23.3,0.041666666666666664,0.5,0.0
743,12.383333333333333,occ,full,0,0.921,0.921,73.26,23.27,0.041666666666666664,0.5,0.0
744,12.4,occ,full,0,0.922,0.922,74.1,23.17,0.041666666666666664,0.5,0.0
745,12.416666666666666,occ,full,0,0.922,0.922,74.39,23.3,0.041666666666666664,0.5,0.0
746,12.433333333333334,occ,full,0,0.918,0.919,74.17,23.31,0.041666666666666664,0.5,0.0
747,12.45,occ,full,0,0.92,0.92,74.11,23.29,0.041666666666666664,0.5,0.0
748,12.466666666666667,occ,full,0,0.92,0.92,71.44,23.53,0.041666666666666664,0.5,0.0
749,12.483333333333333,occ,full,0,0.921,0.921,73.22,23.53,0.041666666666666664,0.5,0.0
750,12.5,occ,full,0,0.92,0.92,74.19,23.35,0.041666666666666664,0.5,0.0
751,12.516666666666667,occ,full,0,0.92,0.92,74.43,23.35,0.041666666666666664,0.5,0.0
752,12.533333333333333,occ,full,0,0.92,0.92,74.19,23.26,0.041666666666666664,0.5,0.0
753,12.55,occ,full,0,0.921,0.921,74.02,23.18,0.041666666666666664,0.5,0.0
754,12.566666666666666,occ,full,0,0.919,0.92,74.03,23.27,0.041666666666666664,0.5,0.0
755,12.583333333333334,occ,full,0,0.919,0.919,74.83,23.45,0.041666666666666664,0.5,0.0
756,12.6,occ,full,0,0.919,0.92,74.2,23.34,0.041666666666666664,0.5,0.0
757,12.616666666666667,occ,full,0,0.92,0.92,74.54,23.59,0.041666666666666664,0.5,0.0
758,12.633333333333333,occ,full,0,0.92,0.92,74.76,23.6,0.041666666666666664,0.5,0.0
759,12.65,occ,full,0,0.921,0.921,74.02,23.48,0.041666666666666664,0.5,0.0
760,12.666666666666666,occ,full,0,0.92,0.92,73.77,23.65,0.041666666666666664,0.5,0.0
761,12.683333333333334,occ,full,0,0.922,0.922,74.84,23.5,0.041666666666666664,0.5,0.0
762,12.7,occ,full,0,0.919,0.92,74.82,23.34,0.041666666666666664,0.5,0.0
763,12.716666666666667,occ,full,0,0.922,0.921,76.49,23.29,0.041666666666666664,0.5,0.0
764,12.733333333333333,occ,full,0,0.918,0.918,75.88,23.34,0.041666666666666664,0.5,0.0
765,12.75,full,full,1,0.92,0.92,74.83,23.63,0.041666666666666664,0.5,0.0
766,12.766666666666667,full,full,1,0.918,0.919,73.79,23.88,0.041666666666666664,0.5,0.0
767,12.783333333333333,full,full,1,0.922,0.921,73.38,24.0,0.041666666666666664,0.5,0.0
768,12.8,full,full,1,0.922,0.922,74.83,23.65,0.041666666666666664,0.5,0.0
769,12.816666666666666,full,full,1,0.921,0.921,74.09,23.82,0.041666666666666664,0.5,0.0
770,12.833333333333334,full,full,1,0.921,0.921,72.9,23.76,0.041666666666666664,0.5,0.0
771,12.85,full,full,1,0.922,0.922,74.28,23.73,0.041666666666666664,0.5,0.0
772,12.866666666666667,full,full,1,0.923,0.922,74.0,23.79,0.041666666666666664,0.5,0.0
773,12.883333333333333,full,full,1,0.922,0.921,75.12,23.73,0.041666666666666664,0.5,0.0
774,12.9,full,full,1,0.92,0.92,75.97,23.46,0.041666666666666664,0.5,0.0
775,12.916666666666666,occ,full,0,0.919,0.92,76.05,23.39,0.041666666666666664,0.5,0.0
776,12.933333333333334,occ,full,0,0.919,0.919,75.16,23.4,0.041666666666666664,0.5,0.0
777,12.95,occ,full,0,0.92,0.92,74.93,23.43,0.041666666666666664,0.5,0.0
778,12.966666666666667,occ,full,0,0.921,0.92,75.59,23.42,0.041666666666666664,0.5,0.0
779,12.983333333333333,occ,full,0,0.92,0.92,76.06,23.33,0.041666666666666664,0.5,0.0
780,13.0,occ,full,0,0.92,0.92,74.6,23.62,0.041666666666666664,0.5,0.0
781,13.016666666666667,full,full,1,0.922,0.921,74.0,23.76,0.041666666666666664,0.5,0.0
782,13.033333333333333,full,full,1,0.923,0.922,72.1,23.99,0.041666666666666664,0.5,0.0
783,13.05,full,full,1,0.923,0.922,73.19,23.88,0.041666666666666664,0.5,0.0
784,13.066666666666666,full,full,1,0.922,0.921,73.04,24.06,0.041666666666666664,0.5,0.0
785,13.083333333333334,full,full,1,0.921,0.921,72.4,24.06,0.041666666666666664,0.5,0.0
786,13.1,full,full,1,0.921,0.921,72.12,23.91,0.041666666666666664,0.5,0.0
787,13.116666666666667,full,full,1,0.922,0.921,71.86,23.98,0.041666666666666664,0.5,0.0
788,13.133333333333333,full,full,1,0.922,0.921,71.65,24.04,0.041666666666666664,0.5,0.0
789,13.15,full,full,1,0.922,0.921,71.07,24.17,0.041666666666666664,0.5,0.0
790,13.166666666666666,full,full,1,0.922,0.92,70.2,24.16,0.041666666666666664,0.5,0.0
791,13.183333333333334,full,full,1,0.921,0.92,70.99,24.17,0.041666666666666664,0.5,0.0
792,13.2,full,full,1,0.921,0.919,70.36,24.05,0.041666666666666664,0.5,0.0
793,13.216666666666667,full,full,1,0.922,0.92,71.17,23.99,0.041666666666666664,0.5,0.0
794,13.233333333333333,full,full,1,0.921,0.919,70.72,23.98,0.041666666666666664,0.5,0.0
795,13.25,full,full,1,0.922,0.92,70.72,24.03,0.041666666666666664,0.5,0.0
796,13.266666666666667,full,full,1,0.922,0.92,69.93,24.1,0.041666666666666664,0.5,0.0
797,13.283333333333333,full,full,1,0.922,0.92,70.89,24.03,0.041666666666666664,0.5,0.0
798,13.3,full,full,1,0.922,0.92,70.7,24.15,0.041666666666666664,0.5,0.0
799,13.316666666666666,full,full,1,0.921,0.919,70.51,24.17,0.041666666666666664,0.5,0.0
800,13.333333333333334,full,full,1,0.921,0.92,70.19,24.3,0.041666666666666664,0.5,0.0
801,13.35,full,full,1,0.922,0.92,70.32,24.28,0.041666666666666664,0.5,0.0
802,13.366666666666667,full,full,1,0.922,0.92,71.76,24.14,0.041666666666666664,0.5,0.0
803,13.383333333333333,full,full,1,0.921,0.92,70.38,24.3,0.041666666666666664,0.5,0.0
804,13.4,full,full,1,0.922,0.921,70.9,24.24,0.041666666666666664,0.5,0.0
805,13.416666666666666,full,full,1,0.921,0.92,71.65,24.1,0.041666666666666664,0.5,0.0
806,13.433333333333334,full,full,1,0.921,0.92,70.43,24.27,0.041666666666666664,0.5,0.0
807,13.45,full,full,1,0.921,0.92,69.94,24.29,0.041666666666666664,0.5,0.0
808,13.466666666666667,full,full,1,0.922,0.92,70.83,24.09,0.041666666666666664,0.5,0.0
809,13.483333333333333,full,full,1,0.922,0.92,70.94,24.18,0.041666666666666664,0.5,0.0
810,13.5,full,full,1,0.922,0.92,69.74,24.38,0.041666666666666664,0.5,0.0
811,13.516666666666667,full,full,1,0.921,0.919,70.2,24.25,0.041666666666666664,0.5,0.0
812,13.533333333333333,full,full,1,0.92,0.918,70.19,24.05,0.041666666666666664,0.5,0.0
813,13.55,full,full,1,0.921,0.919,70.74,24.01,0.041666666666666664,0.5,0.0
814,13.566666666666666,full,full,1,0.919,0.918,69.41,24.22,0.041666666666666664,0.5,0.0
815,13.583333333333334,full,full,1,0.921,0.919,68.99,24.2,0.041666666666666664,0.5,0.0
816,13.6,full,full,1,0.921,0.919,69.26,24.12,0.041666666666666664,0.5,0.0
817,13.616666666666667,full,full,1,0.921,0.919,68.45,24.42,0.041666666666666664,0.5,0.0
818,13.633333333333333,full,full,1,0.92,0.918,69.61,24.19,0.041666666666666664,0.5,0.0
819,13.65,full,full,1,0.921,0.918,69.22,24.18,0.041666666666666664,0.5,0.0
820,13.666666666666666,full,full,1,0.921,0.919,69.17,24.34,0.041666666666666664,0.5,0.0
821,13.683333333333334,full,full,1,0.921,0.919,69.45,24.26,0.041666666666666664,0.5,0.0
822,13.7,full,full,1,0.922,0.92,69.29,24.21,0.041666666666666664,0.5,0.0
823,13.716666666666667,full,full,1,0.922,0.919,68.94,24.11,0.041666666666666664,0.5,0.0
824,13.733333333333333,full,full,1,0.922,0.919,70.65,23.85,0.041666666666666664,0.5,0.0
825,13.75,full,full,1,0.921,0.919,68.57,24.1,0.041666666666666664,0.5,0.0
826,13.766666666666667,full,full,1,0.921,0.918,69.07,24.16,0.041666666666666664,0.5,0.0
827,13.783333333333333,full,full,1,0.921,0.918,68.98,24.2,0.041666666666666664,0.5,0.0
828,13.8,full,full,1,0.919,0.916,70.29,24.14,0.041666666666666664,0.5,0.0
829,13.816666666666666,full,full,1,0.921,0.918,70.91,23.99,0.041666666666666664,0.5,0.0
830,13.833333333333334,full,full,1,0.92,0.918,69.91,23.89,0.041666666666666664,0.5,0.0
831,13.85,full,full,1,0.922,0.919,70.3,23.96,0.041666666666666664,0.5,0.0
832,13.866666666666667,full,full,1,0.922,0.919,70.48,24.11,0.041666666666666664,0.5,0.0
833,13.883333333333333,full,full,1,0.922,0.92,69.1,24.39,0.041666666666666664,0.5,0.0
834,13.9,full,full,1,0.922,0.919,70.13,24.38,0.041666666666666664,0.5,0.0
835,13.916666666666666,full,full,1,0.92,0.919,69.5,24.28,0.041666666666666664,0.5,0.0
836,13.933333333333334,full,full,1,0.922,0.92,70.13,24.54,0.041666666666666664,0.5,0.0
837,13.95,full,full,1,0.922,0.921,70.97,24.39,0.041666666666666664,0.5,0.0
838,13.966666666666667,full,full,1,0.922,0.921,71.26,24.37,0.041666666666666664,0.5,0.0
839,13.983333333333333,full,full,1,0.922,0.921,70.73,24.4,0.041666666666666664,0.5,0.0
840,14.0,full,full,1,0.923,0.921,70.31,24.3,0.041666666666666664,0.5,0.0
841,14.016666666666667,full,full,1,0.923,0.922,70.65,24.21,0.041666666666666664,0.5,0.0
842,14.033333333333333,full,full,1,0.923,0.922,71.22,24.17,0.041666666666666664,0.5,0.0
843,14.05,full,full,1,0.923,0.921,70.54,24.28,0.041666666666666664,0.5,0.0
844,14.066666666666666,full,full,1,0.923,0.921,71.59,24.11,0.041666666666666664,0.5,0.0
845,14.083333333333334,full,full,1,0.922,0.921,71.51,24.02,0.041666666666666664,0.5,0.0
846,14.1,full,full,1,0.922,0.921,70.66,24.23,0.041666666666666664,0.5,0.0
847,14.116666666666667,full,full,1,0.922,0.92,70.49,24.45,0.041666666666666664,0.5,0.0
848,14.133333333333333,full,full,1,0.922,0.92,70.14,24.43,0.041666666666666664,0.5,0.0
849,14.15,full,full,1,0.923,0.921,71.26,24.17,0.041666666666666664,0.5,0.0
850,14.166666666666666,full,full,1,0.922,0.92,72.08,24.13,0.041666666666666664,0.5,0.0
851,14.183333333333334,full,full,1,0.92,0.919,71.08,24.1,0.041666666666666664,0.5,0.0
852,14.2,full,full,1,0.923,0.921,71.58,24.09,0.041666666666666664,0.5,0.0
853,14.216666666666667,full,full,1,0.922,0.92,72.07,24.02,0.041666666666666664,0.5,0.0
854,14.233333333333333,full,full,1,0.923,0.92,69.99,24.4,0.041666666666666664,0.5,0.0
855,14.25,full,full,1,0.923,0.921,71.15,24.15,0.041666666666666664,0.5,0.0
856,14.266666666666667,full,full,1,0.922,0.92,71.33,24.14,0.041666666666666664,0.5,0.0
857,14.283333333333333,full,full,1,0.922,0.92,71.81,24.14,0.041666666666666664,0.5,0.0
858,14.3,full,full,1,0.921,0.92,71.89,24.05,0.041666666666666664,0.5,0.0
859,14.316666666666666,full,full,1,0.923,0.92,72.49,24.19,0.041666666666666664,0.5,0.0
860,14.333333333333334,full,full,1,0.921,0.92,72.0,24.1,0.041666666666666664,0.5,0.0
861,14.35,full,full,1,0.922,0.92,72.65,24.15,0.041666666666666664,0.5,0.0
862,14.366666666666667,full,full,1,0.922,0.921,70.82,24.27,0.041666666666666664,0.5,0.0
863,14.383333333333333,full,full,1,0.922,0.92,69.78,24.33,0.041666666666666664,0.5,0.0
864,14.4,full,full,1,0.923,0.92,71.23,24.28,0.041666666666666664,0.5,0.0
865,14.416666666666666,full,full,1,0.923,0.921,70.76,24.47,0.041666666666666664,0.5,0.0
866,14.433333333333334,full,full,1,0.923,0.921,71.58,24.43,0.041666666666666664,0.5,0.0
867,14.45,full,full,1,0.922,0.92,72.13,24.23,0.041666666666666664,0.5,0.0
868,14.466666666666667,full,full,1,0.922,0.92,71.1,24.17,0.041666666666666664,0.5,0.0
869,14.483333333333333,full,full,1,0.923,0.92,71.87,24.09,0.041666666666666664,0.5,0.0
870,14.5,full,full,1,0.922,0.92,70.97,24.14,0.041666666666666664,0.5,0.0
871,14.516666666666667,full,full,1,0.922,0.919,71.93,24.03,0.041666666666666664,0.5,0.0
872,14.533333333333333,full,full,1,0.922,0.919,72.6,24.05,0.041666666666666664,0.5,0.0
873,14.55,full,full,1,0.922,0.919,70.36,24.31,0.041666666666666664,0.5,0.0
874,14.566666666666666,full,full,1,0.922,0.919,69.63,24.48,0.041666666666666664,0.5,0.0
875,14.583333333333334,full,full,1,0.923,0.92,71.5,24.07,0.041666666666666664,0.5,0.0
876,14.6,full,full,1,0.923,0.92,72.38,24.03,0.041666666666666664,0.5,0.0
877,14.616666666666667,full,full,1,0.923,0.92,72.04,24.31,0.041666666666666664,0.5,0.0
878,14.633333333333333,full,full,1,0.922,0.92,72.35,24.25,0.041666666666666664,0.5,0.0
879,14.65,full,full,1,0.922,0.92,72.5,24.13,0.041666666666666664,0.5,0.0
880,14.666666666666666,full,full,1,0.923,0.921,71.34,24.15,0.041666666666666664,0.5,0.0
881,14.683333333333334,full,full,1,0.923,0.921,71.16,24.42,0.041666666666666664,0.5,0.0
882,14.7,full,full,1,0.923,0.92,71.62,24.21,0.041666666666666664,0.5,0.0
883,14.716666666666667,full,full,1,0.923,0.919,72.08,24.14,0.041666666666666664,0.5,0.0
884,14.733333333333333,full,full,1,0.923,0.92,71.62,24.17,0.041666666666666664,0.5,0.0
885,14.75,full,full,1,0.922,0.92,72.07,24.33,0.041666666666666664,0.5,0.0
886,14.766666666666667,full,full,1,0.922,0.919,72.07,24.24,0.041666666666666664,0.5,0.0
887,14.783333333333333,full,full,1,0.922,0.919,71.98,24.29,0.041666666666666664,0.5,0.0
888,14.8,full,full,1,0.922,0.92,70.46,24.39,0.041666666666666664,0.5,0.0
889,14.816666666666666,full,full,1,0.923,0.92,71.25,24.42,0.041666666666666664,0.5,0.0
890,14.833333333333334,full,full,1,0.923,0.92,71.94,24.31,0.041666666666666664,0.5,0.0
891,14.85,full,full,1,0.923,0.92,72.54,24.24,0.041666666666666664,0.5,0.0
892,14.866666666666667,full,full,1,0.922,0.92,71.87,24.25,0.041666666666666664,0.5,0.0
893,14.883333333333333,full,full,1,0.922,0.92,71.74,24.26,0.041666666666666664,0.5,0.0
894,14.9,full,full,1,0.922,0.92,71.81,24.26,0.041666666666666664,0.5,0.0
895,14.916666666666666,full,full,1,0.922,0.919,71.88,24.11,0.041666666666666664,0.5,0.0
896,14.933333333333334,full,full,1,0.923,0.919,72.7,24.08,0.041666666666666664,0.5,0.0
897,14.95,full,full,1,0.923,0.92,72.51,24.16,0.041666666666666664,0.5,0.0
898,14.966666666666667,full,full,1,0.923,0.92,71.49,24.14,0.041666666666666664,0.5,0.0
899,14.983333333333333,full,full,1,0.922,0.919,72.08,24.12,0.041666666666666664,0.5,0.0
900,15.0,full,full,1,0.922,0.918,72.11,24.14,0.041666666666666664,0.5,0.0
901,15.016666666666667,full,full,1,0.923,0.919,74.02,23.98,0.041666666666666664,0.5,0.0
902,15.033333333333333,full,full,1,0.922,0.92,73.3,24.07,0.041666666666666664,0.5,0.0
903,15.05,full,full,1,0.923,0.92,73.38,23.94,0.041666666666666664,0.5,0.0
904,15.066666666666666,full,full,1,0.924,0.921,73.05,24.15,0.041666666666666664,0.5,0.0
905,15.083333333333334,full,full,1,0.923,0.92,72.37,24.39,0.041666666666666664,0.5,0.0
906,15.1,full,full,1,0.922,0.92,73.41,24.08,0.041666666666666664,0.5,0.0
907,15.116666666666667,full,full,1,0.922,0.919,73.19,24.06,0.041666666666666664,0.5,0.0
908,15.133333333333333,full,full,1,0.923,0.92,73.48,24.14,0.041666666666666664,0.5,0.0
909,15.15,full,full,1,0.922,0.92,74.53,23.99,0.041666666666666664,0.5,0.0
910,15.166666666666666,full,full,1,0.922,0.92,73.45,23.98,0.041666666666666664,0.5,0.0
911,15.183333333333334,full,full,1,0.923,0.92,74.14,24.03,0.041666666666666664,0.5,0.0
912,15.2,full,full,1,0.923,0.92,73.47,24.14,0.041666666666666664,0.5,0.0
913,15.216666666666667,full,full,1,0.922,0.919,73.7,24.01,0.041666666666666664,0.5,0.0
914,15.233333333333333,full,full,1,0.923,0.919,73.29,24.13,0.041666666666666664,0.5,0.0
915,15.25,full,full,1,0.923,0.919,74.34,24.06,0.041666666666666664,0.5,0.0
916,15.266666666666667,full,full,1,0.923,0.92,73.16,24.16,0.041666666666666664,0.5,0.0
917,15.283333333333333,full,full,1,0.923,0.92,74.35,24.06,0.041666666666666664,0.5,0.0
918,15.3,full,full,1,0.923,0.919,73.61,23.97,0.041666666666666664,0.5,0.0
919,15.316666666666666,full,full,1,0.923,0.92,74.65,23.87,0.041666666666666664,0.5,0.0
920,15.333333333333334,full,full,1,0.923,0.919,73.84,23.96,0.041666666666666664,0.5,0.0
921,15.35,full,full,1,0.923,0.919,74.1,23.88,0.041666666666666664,0.5,0.0
922,15.366666666666667,full,full,1,0.922,0.918,74.11,23.92,0.041666666666666664,0.5,0.0
923,15.383333333333333,full,full,1,0.922,0.918,73.19,24.01,0.041666666666666664,0.5,0.0
924,15.4,full,full,1,0.923,0.919,73.68,24.1,0.041666666666666664,0.5,0.0
925,15.416666666666666,full,full,1,0.922,0.919,73.16,24.24,0.041666666666666664,0.5,0.0
926,15.433333333333334,full,full,1,0.923,0.919,73.33,24.08,0.041666666666666664,0.5,0.0
927,15.45,full,full,1,0.923,0.92,74.08,23.98,0.041666666666666664,0.5,0.0
928,15.466666666666667,full,full,1,0.923,0.92,74.01,24.07,0.041666666666666664,0.5,0.0
929,15.483333333333333,full,full,1,0.924,0.92,75.35,23.91,0.041666666666666664,0.5,0.0
930,15.5,full,full,1,0.922,0.918,73.07,24.17,0.041666666666666664,0.5,0.0
931,15.516666666666667,full,full,1,0.923,0.92,74.2,24.29,0.041666666666666664,0.5,0.0
932,15.533333333333333,full,full,1,0.923,0.919,73.85,24.02,0.041666666666666664,0.5,0.0
933,15.55,full,full,1,0.923,0.92,75.49,23.83,0.041666666666666664,0.5,0.0
934,15.566666666666666,full,full,1,0.922,0.918,74.63,24.01,0.041666666666666664,0.5,0.0
935,15.583333333333334,full,full,1,0.923,0.919,75.01,23.87,0.041666666666666664,0.5,0.0
936,15.6,full,full,1,0.923,0.919,72.81,23.99,0.041666666666666664,0.5,0.0
937,15.616666666666667,full,full,1,0.924,0.92,73.91,23.94,0.041666666666666664,0.5,0.0
938,15.633333333333333,full,full,1,0.923,0.919,74.43,23.88,0.041666666666666664,0.5,0.0
939,15.65,full,full,1,0.922,0.918,75.73,23.66,0.041666666666666664,0.5,0.0
940,15.666666666666666,full,full,1,0.921,0.917,74.35,23.82,0.041666666666666664,0.5,0.0
941,15.683333333333334,full,full,1,0.923,0.919,74.18,23.74,0.041666666666666664,0.5,0.0
942,15.7,full,full,1,0.923,0.919,74.17,24.03,0.041666666666666664,0.5,0.0
943,15.716666666666667,full,full,1,0.923,0.919,74.16,23.78,0.041666666666666664,0.5,0.0
944,15.733333333333333,full,full,1,0.924,0.919,74.7,23.76,0.041666666666666664,0.5,0.0
945,15.75,full,full,1,0.923,0.919,72.66,23.96,0.041666666666666664,0.5,0.0
946,15.766666666666667,full,full,1,0.923,0.918,72.98,24.07,0.041666666666666664,0.5,0.0
947,15.783333333333333,full,full,1,0.924,0.92,74.21,23.95,0.041666666666666664,0.5,0.0
948,15.8,full,full,1,0.923,0.919,74.73,23.8,0.041666666666666664,0.5,0.0
949,15.816666666666666,full,full,1,0.923,0.918,74.37,23.75,0.041666666666666664,0.5,0.0
950,15.833333333333334,full,full,1,0.923,0.918,74.24,24.0,0.041666666666666664,0.5,0.0
951,15.85,full,full,1,0.923,0.918,74.18,23.81,0.041666666666666664,0.5,0.0
952,15.866666666666667,full,full,1,0.923,0.918,74.3,23.88,0.041666666666666664,0.5,0.0
953,15.883333333333333,full,full,1,0.923,0.918,73.63,23.8,0.041666666666666664,0.5,0.0
954,15.9,full,full,1,0.923,0.919,75.27,23.74,0.041666666666666664,0.5,0.0
955,15.916666666666666,full,full,1,0.922,0.917,74.49,23.85,0.041666666666666664,0.5,0.0
956,15.933333333333334,full,full,1,0.923,0.918,75.72,23.6,0.041666666666666664,0.5,0.0
957,15.95,full,full,1,0.923,0.917,74.41,23.64,0.041666666666666664,0.5,0.0
958,15.966666666666667,full,full,1,0.923,0.918,74.16,23.82,0.041666666666666664,0.5,0.0
959,15.983333333333333,full,full,1,0.923,0.918,74.89,23.52,0.041666666666666664,0.5,0.0
960,16.0,full,full,1,0.923,0.917,75.31,23.48,0.041666666666666664,0.5,0.0
961,16.016666666666666,full,full,1,0.922,0.916,74.3,23.7,0.041666666666666664,0.5,0.0
962,16.033333333333335,full,full,1,0.923,0.916,73.36,23.84,0.041666666666666664,0.5,0.0
963,16.05,full,full,1,0.923,0.917,72.91,24.06,0.041666666666666664,0.5,0.0
964,16.066666666666666,full,full,1,0.923,0.917,73.5,23.92,0.041666666666666664,0.5,0.0
965,16.083333333333332,full,full,1,0.923,0.917,74.36,23.66,0.041666666666666664,0.5,0.0
966,16.1,full,full,1,0.923,0.917,74.25,23.71,0.041666666666666664,0.5,0.0
967,16.116666666666667,full,full,1,0.923,0.916,75.61,23.46,0.041666666666666664,0.5,0.0
968,16.133333333333333,full,full,1,0.922,0.914,75.23,23.48,0.041666666666666664,0.5,0.0
969,16.15,full,full,1,0.923,0.914,74.81,23.58,0.041666666666666664,0.5,0.0
970,16.166666666666668,full,full,1,0.922,0.913,73.31,23.61,0.041666666666666664,0.5,0.0
971,16.183333333333334,full,full,1,0.923,0.913,73.98,23.61,0.041666666666666664,0.5,0.0
972,16.2,full,full,1,0.923,0.915,74.12,23.63,0.041666666666666664,0.5,0.0
973,16.216666666666665,full,full,1,0.923,0.916,74.11,23.65,0.041666666666666664,0.5,0.0
974,16.233333333333334,full,full,1,0.923,0.915,74.54,23.44,0.041666666666666664,0.5,0.0
975,16.25,full,full,1,0.923,0.916,73.84,23.67,0.041666666666666664,0.5,0.0
976,16.266666666666666,full,full,1,0.923,0.916,74.54,23.5,0.041666666666666664,0.5,0.0
977,16.283333333333335,full,full,1,0.923,0.917,74.16,23.54,0.041666666666666664,0.5,0.0
978,16.3,full,full,1,0.923,0.917,73.36,23.8,0.041666666666666664,0.5,0.0
979,16.316666666666666,full,full,1,0.923,0.917,74.18,23.51,0.041666666666666664,0.5,0.0
980,16.333333333333332,full,full,1,0.924,0.917,74.49,23.53,0.041666666666666664,0.5,0.0
981,16.35,full,full,1,0.923,0.916,75.36,23.49,0.041666666666666664,0.5,0.0
982,16.366666666666667,full,full,1,0.923,0.915,74.1,23.55,0.041666666666666664,0.5,0.0
983,16.383333333333333,full,full,1,0.923,0.914,73.55,23.68,0.041666666666666664,0.5,0.0
984,16.4,full,full,1,0.923,0.915,73.15,23.68,0.041666666666666664,0.5,0.0
985,16.416666666666668,full,full,1,0.924,0.915,74.09,23.53,0.041666666666666664,0.5,0.0
986,16.433333333333334,full,full,1,0.924,0.917,73.94,23.49,0.041666666666666664,0.5,0.0
987,16.45,full,full,1,0.923,0.917,75.15,23.3,0.041666666666666664,0.5,0.0
988,16.466666666666665,full,full,1,0.923,0.915,73.56,23.56,0.041666666666666664,0.5,0.0
989,16.483333333333334,full,full,1,0.923,0.916,73.55,23.42,0.041666666666666664,0.5,0.0
990,16.5,full,full,1,0.924,0.916,73.52,23.55,0.041666666666666664,0.5,0.0
991,16.516666666666666,full,full,1,0.924,0.917,73.77,23.58,0.041666666666666664,0.5,0.0
992,16.533333333333335,full,full,1,0.922,0.914,73.37,23.41,0.041666666666666664,0.5,0.0
993,16.55,full,full,1,0.924,0.915,75.53,23.35,0.041666666666666664,0.5,0.0
994,16.566666666666666,full,full,1,0.922,0.912,73.73,23.4,0.041666666666666664,0.5,0.0
995,16.583333333333332,full,full,1,0.923,0.913,73.37,23.32,0.041666666666666664,0.5,0.0
996,16.6,full,full,1,0.924,0.914,74.04,23.24,0.041666666666666664,0.5,0.0
997,16.616666666666667,full,full,1,0.924,0.916,73.4,23.33,0.041666666666666664,0.5,0.0
998,16.633333333333333,full,full,1,0.924,0.915,72.96,23.52,0.041666666666666664,0.5,0.0
999,16.65,full,full,1,0.923,0.914,73.59,23.35,0.041666666666666664,0.5,0.0
1000,16.666666666666668,full,full,1,0.923,0.913,74.44,23.23,0.041666666666666664,0.5,0.0
1001,16.683333333333334,full,full,1,0.924,0.915,73.31,23.21,0.041666666666666664,0.5,0.0
1002,16.7,full,full,1,0.924,0.915,74.12,23.47,0.041666666666666664,0.5,0.0
1003,16.716666666666665,full,full,1,0.923,0.914,73.27,23.6,0.041666666666666664,0.5,0.0
1004,16.733333333333334,full,full,1,0.924,0.915,74.44,23.29,0.041666666666666664,0.5,0.0
1005,16.75,full,full,1,0.924,0.915,74.87,23.21,0.041666666666666664,0.5,0.0
1006,16.766666666666666,full,full,1,0.923,0.912,73.91,23.27,0.041666666666666664,0.5,0.0
1007,16.783333333333335,full,full,1,0.923,0.914,73.97,23.13,0.041666666666666664,0.5,0.0
1008,16.8,full,full,1,0.922,0.911,74.0,23.38,0.041666666666666664,0.5,0.0
1009,16.816666666666666,full,full,1,0.924,0.914,73.61,23.32,0.041666666666666664,0.5,0.0
1010,16.833333333333332,full,full,1,0.923,0.913,73.76,23.18,0.041666666666666664,0.5,0.0
1011,16.85,full,full,1,0.923,0.914,73.18,23.11,0.041666666666666664,0.5,0.0
1012,16.866666666666667,full,full,1,0.923,0.913,72.91,23.25,0.041666666666666664,0.5,0.0
1013,16.883333333333333,full,full,1,0.922,0.911,72.27,23.41,0.041666666666666664,0.5,0.0
1014,16.9,full,full,1,0.923,0.912,72.33,23.41,0.041666666666666664,0.5,0.0
1015,16.916666666666668,full,full,1,0.922,0.91,73.94,23.2,0.041666666666666664,0.5,0.0
1016,16.933333333333334,full,full,1,0.923,0.911,74.02,23.05,0.041666666666666664,0.5,0.0
1017,16.95,full,full,1,0.923,0.911,73.46,23.23,0.041666666666666664,0.5,0.0
1018,16.966666666666665,full,full,1,0.923,0.913,72.57,23.14,0.041666666666666664,0.5,0.0
1019,16.983333333333334,full,full,1,0.923,0.912,73.81,23.11,0.041666666666666664,0.5,0.0
1020,17.0,full,full,1,0.923,0.912,73.13,23.03,0.041666666666666664,0.5,0.0
1021,17.016666666666666,full,full,1,0.923,0.912,74.02,23.07,0.041666666666666664,0.5,0.0
1022,17.033333333333335,full,full,1,0.923,0.911,72.77,23.26,0.041666666666666664,0.5,0.0
1023,17.05,full,full,1,0.923,0.91,73.18,23.28,0.041666666666666664,0.5,0.0
1024,17.066666666666666,full,full,1,0.923,0.91,72.11,23.17,0.041666666666666664,0.5,0.0
1025,17.083333333333332,full,full,1,0.924,0.911,74.42,23.04,0.041666666666666664,0.5,0.0
1026,17.1,full,full,1,0.922,0.907,73.51,23.03,0.041666666666666664,0.5,0.0
1027,17.116666666666667,full,full,1,0.922,0.907,74.04,22.98,0.041666666666666664,0.5,0.0
1028,17.133333333333333,full,full,1,0.923,0.909,74.02,22.81,0.041666666666666664,0.5,0.0
1029,17.15,full,full,1,0.924,0.911,71.58,23.04,0.041666666666666664,0.5,0.0
1030,17.166666666666668,full,full,1,0.924,0.909,71.87,23.31,0.041666666666666664,0.5,0.0
1031,17.183333333333334,full,full,1,0.923,0.91,70.49,23.24,0.041666666666666664,0.5,0.0
1032,17.2,full,full,1,0.923,0.908,72.58,23.0,0.041666666666666664,0.5,0.0
1033,17.216666666666665,full,full,1,0.923,0.909,71.25,23.0,0.041666666666666664,0.5,0.0
1034,17.233333333333334,full,full,1,0.923,0.908,72.76,22.94,0.041666666666666664,0.5,0.0
1035,17.25,full,full,1,0.923,0.908,71.42,23.0,0.041666666666666664,0.5,0.0
1036,17.266666666666666,full,full,1,0.923,0.908,70.89,23.17,0.041666666666666664,0.5,0.0
1037,17.283333333333335,full,full,1,0.923,0.91,70.85,23.1,0.041666666666666664,0.5,0.0
1038,17.3,full,full,1,0.923,0.909,72.58,23.0,0.041666666666666664,0.5,0.0
1039,17.316666666666666,full,full,1,0.923,0.907,73.33,22.88,0.041666666666666664,0.5,0.0
1040,17.333333333333332,full,full,1,0.921,0.901,71.29,22.95,0.041666666666666664,0.5,0.0
1041,17.35,full,full,1,0.922,0.904,70.69,22.83,0.041666666666666664,0.5,0.0
1042,17.366666666666667,full,full,1,0.921,0.904,73.59,22.65,0.041666666666666664,0.5,0.0
1043,17.383333333333333,full,full,1,0.919,0.897,71.22,22.98,0.041666666666666664,0.5,0.0
1044,17.4,full,full,1,0.919,0.897,71.7,22.85,0.041666666666666664,0.5,0.0
1045,17.416666666666668,full,full,1,0.923,0.902,72.5,22.78,0.041666666666666664,0.5,0.0
1046,17.433333333333334,full,full,1,0.921,0.898,71.7,22.76,0.041666666666666664,0.5,0.0
1047,17.45,full,full,1,0.921,0.899,71.91,22.59,0.041666666666666664,0.5,0.0
1048,17.466666666666665,full,full,1,0.922,0.902,73.02,22.63,0.041666666666666664,0.5,0.0
1049,17.483333333333334,full,full,1,0.922,0.903,72.3,22.62,0.041666666666666664,0.5,0.0
1050,17.5,full,full,1,0.921,0.899,71.82,22.86,0.041666666666666664,0.5,0.0
1051,17.516666666666666,full,full,1,0.921,0.9,70.6,22.95,0.041666666666666664,0.5,0.0
1052,17.533333333333335,full,full,1,0.921,0.898,72.3,22.62,0.041666666666666664,0.5,0.0
1053,17.55,full,full,1,0.922,0.899,71.47,22.67,0.041666666666666664,0.5,0.0
1054,17.566666666666666,full,full,1,0.921,0.897,71.36,22.56,0.041666666666666664,0.5,0.0
1055,17.583333333333332,full,full,1,0.923,0.897,72.71,22.42,0.041666666666666664,0.5,0.0
1056,17.6,full,full,1,0.923,0.89,70.79,22.68,0.041666666666666664,0.5,0.0
1057,17.616666666666667,full,full,1,0.922,0.894,72.6,22.68,0.041666666666666664,0.5,0.0
1058,17.633333333333333,full,full,1,0.922,0.892,70.0,22.71,0.041666666666666664,0.5,0.0
1059,17.65,full,full,1,0.923,0.896,70.93,22.75,0.041666666666666664,0.5,0.0
1060,17.666666666666668,full,full,1,0.921,0.89,71.28,22.53,0.041666666666666664,0.5,0.0
1061,17.683333333333334,full,full,1,0.922,0.89,71.99,22.47,0.041666666666666664,0.5,0.0
1062,17.7,full,full,1,0.921,0.885,72.26,22.62,0.041666666666666664,0.5,0.0
1063,17.716666666666665,full,full,1,0.922,0.883,70.01,22.74,0.041666666666666664,0.5,0.0
1064,17.733333333333334,full,full,1,0.921,0.885,71.27,22.38,0.041666666666666664,0.5,0.0
1065,17.75,full,full,1,0.921,0.883,73.6,22.3,0.041666666666666664,0.5,0.0
1066,17.766666666666666,full,full,1,0.922,0.873,73.5,22.32,0.041666666666666664,0.5,0.0
1067,17.783333333333335,full,full,1,0.92,0.87,71.42,22.33,0.041666666666666664,0.5,0.0
1068,17.8,full,full,1,0.922,0.86,71.95,22.47,0.041666666666666664,0.5,0.0
1069,17.816666666666666,full,full,1,0.921,0.864,72.38,22.32,0.041666666666666664,0.5,0.0
1070,17.833333333333332,full,full,1,0.922,0.852,72.19,22.53,0.041666666666666664,0.5,0.0
1071,17.85,full,full,1,0.92,0.854,70.94,22.41,0.041666666666666664,0.5,0.0
1072,17.866666666666667,full,full,1,0.919,0.857,72.33,22.3,0.041666666666666664,0.5,0.0
1073,17.883333333333333,full,full,1,0.918,0.856,72.96,22.3,0.041666666666666664,0.5,0.0
1074,17.9,full,full,1,0.918,0.855,72.71,22.07,0.041666666666666664,0.5,0.0
1075,17.916666666666668,full,full,1,0.917,0.83,71.36,22.15,0.041666666666666664,0.5,0.0
1076,17.933333333333334,full,full,1,0.916,0.811,71.35,22.2,0.041666666666666664,0.5,0.0
1077,17.95,full,full,1,0.916,0.797,73.31,21.97,0.041666666666666664,0.5,0.0
1078,17.966666666666665,full,full,1,0.913,0.773,73.25,21.99,0.041666666666666664,0.5,0.0
1079,17.983333333333334,full,full,1,0.917,0.733,73.1,21.89,0.041666666666666664,0.5,0.0
1080,18.0,full,full,1,0.916,0.707,72.22,21.86,0.041666666666666664,0.5,0.0
1081,18.016666666666666,full,full,1,0.916,0.659,73.04,22.2,0.041666666666666664,0.5,0.0
1082,18.033333333333335,full,full,1,0.915,0.663,73.16,21.93,0.041666666666666664,0.5,0.0
1083,18.05,full,full,1,0.915,0.643,73.2,22.08,0.041666666666666664,0.5,0.0
1084,18.066666666666666,full,full,1,0.911,0.637,72.06,22.09,0.041666666666666664,0.5,0.0
1085,18.083333333333332,full,full,1,0.916,0.593,71.51,22.16,0.041666666666666664,0.5,0.0
1086,18.1,full,full,1,0.918,0.527,71.93,21.93,0.041666666666666664,0.5,0.0
1087,18.116666666666667,occ,occ,1,0.918,0.442,73.27,22.07,0.041666666666666664,0.5,0.0
1088,18.133333333333333,occ,occ,1,0.921,0.414,71.83,22.28,0.041666666666666664,0.5,0.0
1089,18.15,occ,occ,1,0.92,0.416,72.61,22.35,0.041666666666666664,0.5,0.0
1090,18.166666666666668,occ,occ,1,0.919,0.44,71.6,22.33,0.041666666666666664,0.5,0.0
1091,18.183333333333334,occ,occ,1,0.92,0.459,71.99,22.26,0.041666666666666664,0.5,0.0
1092,18.2,occ,occ,1,0.921,0.467,71.53,22.55,0.041666666666666664,0.5,0.0
1093,18.216666666666665,occ,full,0,0.921,0.525,71.7,22.59,0.041666666666666664,0.5,0.0
1094,18.233333333333334,occ,full,0,0.921,0.586,70.92,22.56,0.041666666666666664,0.5,0.0
1095,18.25,occ,full,0,0.921,0.654,70.71,22.5,0.041666666666666664,0.5,0.0
1096,18.266666666666666,occ,full,0,0.921,0.703,72.17,22.65,0.041666666666666664,0.5,0.0
1097,18.283333333333335,occ,full,0,0.919,0.716,71.24,22.46,0.041666666666666664,0.5,0.0
1098,18.3,occ,full,0,0.922,0.774,71.05,22.62,0.041666666666666664,0.5,0.0
1099,18.316666666666666,occ,full,0,0.921,0.795,71.55,22.43,0.041666666666666664,0.5,0.0
1100,18.333333333333332,occ,full,0,0.921,0.806,73.27,22.45,0.041666666666666664,0.5,0.0
1101,18.35,occ,full,0,0.922,0.814,72.84,22.5,0.041666666666666664,0.5,0.0
1102,18.366666666666667,occ,full,0,0.92,0.816,72.33,22.27,0.041666666666666664,0.5,0.0
1103,18.383333333333333,occ,full,0,0.922,0.832,72.95,22.44,0.041666666666666664,0.5,0.0
1104,18.4,occ,full,0,0.919,0.805,71.69,22.64,0.041666666666666664,0.5,0.0
1105,18.416666666666668,occ,full,0,0.919,0.79,71.39,22.64,0.041666666666666664,0.5,0.0
1106,18.433333333333334,occ,full,0,0.92,0.783,72.65,22.48,0.041666666666666664,0.5,0.0
1107,18.45,occ,full,0,0.92,0.791,72.06,22.53,0.041666666666666664,0.5,0.0
1108,18.466666666666665,occ,full,0,0.92,0.798,73.34,22.45,0.041666666666666664,0.5,0.0
1109,18.483333333333334,occ,full,0,0.92,0.787,73.1,22.36,0.041666666666666664,0.5,0.0
1110,18.5,occ,full,0,0.922,0.822,72.97,22.45,0.041666666666666664,0.5,0.0
1111,18.516666666666666,occ,full,0,0.917,0.782,73.12,22.21,0.041666666666666664,0.5,0.0
1112,18.533333333333335,occ,full,0,0.921,0.8,74.55,22.1,0.041666666666666664,0.5,0.0
1113,18.55,occ,full,0,0.921,0.8,73.97,22.04,0.041666666666666664,0.5,0.0
1114,18.566666666666666,occ,full,0,0.921,0.831,74.08,22.16,0.041666666666666664,0.5,0.0
1115,18.583333333333332,occ,full,0,0.92,0.819,74.53,22.06,0.041666666666666664,0.5,0.0
1116,18.6,occ,full,0,0.92,0.809,75.79,22.01,0.041666666666666664,0.5,0.0
1117,18.616666666666667,occ,full,0,0.915,0.751,76.58,22.2,0.041666666666666664,0.5,0.0
1118,18.633333333333333,occ,full,0,0.908,0.638,76.89,22.11,0.041666666666666664,0.5,0.0
1119,18.65,occ,full,0,0.913,0.579,76.4,22.18,0.041666666666666664,0.5,0.0
1120,18.666666666666668,occ,full,0,0.914,0.538,77.07,21.96,0.041666666666666664,0.5,0.0
1121,18.683333333333334,occ,full,0,0.915,0.557,77.25,22.16,0.041666666666666664,0.5,0.0
1122,18.7,occ,occ,1,0.913,0.452,76.05,22.26,0.041666666666666664,0.5,0.0
1123,18.716666666666665,occ,occ,1,0.914,0.423,77.16,22.08,0.041666666666666664,0.5,0.0
1124,18.733333333333334,occ,occ,1,0.913,0.408,77.38,22.07,0.041666666666666664,0.5,0.0
1125,18.75,occ,occ,1,0.914,0.411,77.41,22.04,0.041666666666666664,0.5,0.0
1126,18.766666666666666,occ,occ,1,0.912,0.37,76.44,22.21,0.041666666666666664,0.5,0.0
1127,18.783333333333335,occ,occ,1,0.913,0.379,76.99,22.19,0.041666666666666664,0.5,0.0
1128,18.8,occ,occ,1,0.909,0.319,77.45,22.09,0.041666666666666664,0.5,0.0
1129,18.816666666666666,occ,occ,1,0.912,0.313,77.85,21.98,0.041666666666666664,0.5,0.0
1130,18.833333333333332,occ,occ,1,0.911,0.303,77.53,21.98,0.041666666666666664,0.5,0.0
1131,18.85,occ,occ,1,0.905,0.222,77.77,21.8,0.041666666666666664,0.5,0.0
1132,18.866666666666667,occ,occ,1,0.909,0.241,77.09,21.89,0.041666666666666664,0.5,0.0
1133,18.883333333333333,occ,occ,1,0.903,0.208,75.91,21.74,0.041666666666666664,0.5,0.0
1134,18.9,occ,occ,1,0.904,0.213,76.3,21.77,0.041666666666666664,0.5,0.0
1135,18.916666666666668,occ,occ,1,0.907,0.223,77.33,21.86,0.041666666666666664,0.5,0.0
1136,18.933333333333334,occ,occ,1,0.903,0.205,76.69,22.03,0.041666666666666664,0.5,0.0
1137,18.95,occ,occ,1,0.904,0.223,77.47,22.04,0.041666666666666664,0.5,0.0
1138,18.966666666666665,occ,occ,1,0.896,0.195,77.19,21.94,0.041666666666666664,0.5,0.0
1139,18.983333333333334,occ,occ,1,0.901,0.197,77.99,22.06,0.041666666666666664,0.5,0.0
1140,19.0,base,occ,0,0.899,0.199,77.53,22.04,0.041666666666666664,0.5,0.0
1141,19.016666666666666,base,occ,0,0.752,0.161,78.65,22.04,0.041666666666666664,0.5,0.0
1142,19.033333333333335,base,occ,0,0.62,0.182,77.43,21.82,0.041666666666666664,0.5,0.0
1143,19.05,base,occ,0,0.444,0.209,78.7,21.77,0.041666666666666664,0.5,0.0
1144,19.066666666666666,base,base,1,0.323,0.241,77.71,21.75,0.041666666666666664,0.5,0.0
1145,19.083333333333332,base,base,1,0.219,0.259,78.26,21.92,0.041666666666666664,0.5,0.0
1146,19.1,base,base,1,0.158,0.252,78.6,21.9,0.041666666666666664,0.5,0.0
1147,19.116666666666667,base,base,1,0.128,0.239,78.97,21.93,0.041666666666666664,0.5,0.0
1148,19.133333333333333,base,base,1,0.114,0.226,78.97,21.96,0.041666666666666664,0.5,0.0
1149,19.15,base,base,1,0.114,0.228,79.31,22.12,0.041666666666666664,0.5,0.0
1150,19.166666666666668,base,base,1,0.108,0.217,79.16,22.03,0.041666666666666664,0.5,0.0
1151,19.183333333333334,base,base,1,0.111,0.226,78.84,22.09,0.041666666666666664,0.5,0.0
1152,19.2,base,base,1,0.107,0.219,79.53,22.02,0.041666666666666664,0.5,0.0
1153,19.216666666666665,base,base,1,0.115,0.222,79.75,22.04,0.041666666666666664,0.5,0.0
1154,19.233333333333334,base,base,1,0.107,0.197,79.4,22.2,0.041666666666666664,0.5,0.0
1155,19.25,base,base,1,0.107,0.186,80.54,22.15,0.041666666666666664,0.5,0.0
1156,19.266666666666666,base,base,1,0.101,0.186,80.39,22.02,0.041666666666666664,0.5,0.0
1157,19.283333333333335,base,base,1,0.101,0.192,81.38,21.87,0.041666666666666664,0.5,0.0
1158,19.3,base,base,1,0.101,0.18,80.31,21.89,0.041666666666666664,0.5,0.0
1159,19.316666666666666,base,base,1,0.098,0.168,81.02,21.77,0.041666666666666664,0.5,0.0
1160,19.333333333333332,base,base,1,0.1,0.174,80.31,21.8,0.041666666666666664,0.5,0.0
1161,19.35,base,base,1,0.096,0.18,80.31,21.83,0.041666666666666664,0.5,0.0
1162,19.366666666666667,base,base,1,0.1,0.194,80.48,22.16,0.041666666666666664,0.5,0.0
1163,19.383333333333333,base,base,1,0.096,0.183,80.68,21.84,0.041666666666666664,0.5,0.0
1164,19.4,base,base,1,0.094,0.187,80.62,21.76,0.041666666666666664,0.5,0.0
1165,19.416666666666668,base,base,1,0.093,0.191,80.56,21.61,0.041666666666666664,0.5,0.0
1166,19.433333333333334,base,base,1,0.096,0.189,81.61,21.73,0.041666666666666664,0.5,0.0
1167,19.45,base,base,1,0.092,0.181,81.6,21.81,0.041666666666666664,0.5,0.0
1168,19.466666666666665,base,base,1,0.093,0.174,81.64,21.74,0.041666666666666664,0.5,0.0
1169,19.483333333333334,base,base,1,0.091,0.173,82.94,21.67,0.041666666666666664,0.5,0.0
1170,19.5,base,base,1,0.093,0.174,81.78,21.82,0.041666666666666664,0.5,0.0
1171,19.516666666666666,base,base,1,0.09,0.174,83.27,21.89,0.041666666666666664,0.5,0.0
1172,19.533333333333335,base,base,1,0.089,0.174,83.27,21.91,0.041666666666666664,0.5,0.0
1173,19.55,base,base,1,0.091,0.193,83.33,21.93,0.041666666666666664,0.5,0.0
1174,19.566666666666666,base,base,1,0.09,0.208,81.6,21.64,0.041666666666666664,0.5,0.0
1175,19.583333333333332,base,base,1,0.09,0.216,82.36,21.78,0.041666666666666664,0.5,0.0
1176,19.6,base,base,1,0.088,0.213,82.94,21.92,0.041666666666666664,0.5,0.0
1177,19.616666666666667,base,base,1,0.086,0.215,82.12,21.59,0.041666666666666664,0.5,0.0
1178,19.633333333333333,base,base,1,0.086,0.23,83.37,21.92,0.041666666666666664,0.5,0.0
1179,19.65,base,base,1,0.086,0.226,81.66,21.81,0.041666666666666664,0.5,0.0
1180,19.666666666666668,base,base,1,0.086,0.23,81.95,21.86,0.041666666666666664,0.5,0.0
1181,19.683333333333334,base,base,1,0.087,0.232,81.37,21.74,0.041666666666666664,0.5,0.0
1182,19.7,base,base,1,0.086,0.242,82.21,21.8,0.041666666666666664,0.5,0.0
1183,19.716666666666665,base,base,1,0.086,0.241,81.67,21.68,0.041666666666666664,0.5,0.0
1184,19.733333333333334,base,base,1,0.086,0.256,82.84,21.8,0.041666666666666664,0.5,0.0
1185,19.75,base,base,1,0.086,0.26,83.27,22.04,0.041666666666666664,0.5,0.0
1186,19.766666666666666,base,base,1,0.086,0.26,82.94,22.01,0.041666666666666664,0.5,0.0
1187,19.783333333333335,base,base,1,0.085,0.261,83.92,22.09,0.041666666666666664,0.5,0.0
1188,19.8,base,base,1,0.086,0.257,82.55,21.98,0.041666666666666664,0.5,0.0
1189,19.816666666666666,base,base,1,0.085,0.251,82.24,22.03,0.041666666666666664,0.5,0.0
1190,19.833333333333332,base,base,1,0.085,0.247,82.21,21.85,0.041666666666666664,0.5,0.0
1191,19.85,base,base,1,0.085,0.243,81.38,21.67,0.041666666666666664,0.5,0.0
1192,19.866666666666667,base,base,1,0.084,0.265,82.05,21.69,0.041666666666666664,0.5,0.0
1193,19.883333333333333,base,base,1,0.085,0.269,80.51,21.49,0.041666666666666664,0.5,0.0
1194,19.9,base,base,1,0.085,0.292,82.17,21.59,0.041666666666666664,0.5,0.0
1195,19.916666666666668,base,base,1,0.085,0.312,82.1,21.83,0.041666666666666664,0.5,0.0
1196,19.933333333333334,base,base,1,0.085,0.301,81.54,21.72,0.041666666666666664,0.5,0.0
1197,19.95,base,base,1,0.085,0.311,81.9,21.81,0.041666666666666664,0.5,0.0
1198,19.966666666666665,base,base,1,0.085,0.309,81.97,21.79,0.041666666666666664,0.5,0.0
1199,19.983333333333334,base,base,1,0.085,0.303,82.29,21.96,0.041666666666666664,0.5,0.0
1200,20.0,base,base,1,0.085,0.294,82.37,22.09,0.041666666666666664,0.5,0.0
1201,20.016666666666666,base,base,1,0.085,0.286,82.31,21.88,0.041666666666666664,0.5,0.0
1202,20.033333333333335,base,base,1,0.085,0.278,81.11,21.88,0.041666666666666664,0.5,0.0
1203,20.05,base,base,1,0.087,0.277,81.76,21.81,0.041666666666666664,0.5,0.0
1204,20.066666666666666,base,base,1,0.085,0.266,81.54,21.83,0.041666666666666664,0.5,0.0
1205,20.083333333333332,base,base,1,0.085,0.267,82.0,21.67,0.041666666666666664,0.5,0.0
1206,20.1,base,base,1,0.085,0.292,81.93,21.8,0.041666666666666664,0.5,0.0
1207,20.116666666666667,base,base,1,0.085,0.291,80.79,21.58,0.041666666666666664,0.5,0.0
1208,20.133333333333333,base,base,1,0.085,0.317,81.59,21.69,0.041666666666666664,0.5,0.0
1209,20.15,base,base,1,0.084,0.335,80.91,21.56,0.041666666666666664,0.5,0.0
1210,20.166666666666668,base,base,1,0.084,0.371,81.4,21.63,0.041666666666666664,0.5,0.0
1211,20.183333333333334,base,base,1,0.084,0.391,81.36,21.7,0.041666666666666664,0.5,0.0
1212,20.2,base,base,1,0.085,0.427,81.31,21.65,0.041666666666666664,0.5,0.0
1213,20.216666666666665,base,base,1,0.084,0.455,82.0,21.73,0.041666666666666664,0.5,0.0
1214,20.233333333333334,base,base,1,0.084,0.475,82.19,21.74,0.041666666666666664,0.5,0.0
1215,20.25,base,base,1,0.084,0.489,80.76,21.58,0.041666666666666664,0.5,0.0
1216,20.266666666666666,base,win,0,0.084,0.528,81.02,21.6,0.041666666666666664,0.5,0.0
1217,20.283333333333335,base,win,0,0.084,0.568,81.97,21.61,0.041666666666666664,0.5,0.0
1218,20.3,base,win,0,0.084,0.588,82.09,21.6,0.041666666666666664,0.5,0.0
1219,20.316666666666666,base,win,0,0.085,0.614,80.82,21.52,0.041666666666666664,0.5,0.0
1220,20.333333333333332,base,win,0,0.084,0.639,80.64,21.47,0.041666666666666664,0.5,0.0
1221,20.35,base,win,0,0.084,0.649,82.25,21.64,0.041666666666666664,0.5,0.0
1222,20.366666666666667,base,win,0,0.084,0.651,82.04,21.82,0.041666666666666664,0.5,0.0
1223,20.383333333333333,base,win,0,0.084,0.633,82.15,21.47,0.041666666666666664,0.5,0.0
1224,20.4,base,win,0,0.086,0.618,81.6,21.37,0.041666666666666664,0.5,0.0
1225,20.416666666666668,base,win,0,0.087,0.592,81.02,21.47,0.041666666666666664,0.5,0.0
1226,20.433333333333334,base,win,0,0.087,0.567,81.01,21.44,0.041666666666666664,0.5,0.0
1227,20.45,base,win,0,0.088,0.538,81.92,21.58,0.041666666666666664,0.5,0.0
1228,20.466666666666665,base,win,0,0.085,0.558,81.44,21.64,0.041666666666666664,0.5,0.0
1229,20.483333333333334,base,win,0,0.085,0.552,81.4,21.63,0.041666666666666664,0.5,0.0
1230,20.5,base,win,0,0.085,0.537,81.34,21.67,0.041666666666666664,0.5,0.0
1231,20.516666666666666,base,win,0,0.085,0.54,81.87,21.72,0.041666666666666664,0.5,0.0
1232,20.533333333333335,base,win,0,0.084,0.558,81.92,21.64,0.041666666666666664,0.5,0.0
1233,20.55,base,win,0,0.085,0.582,81.19,21.55,0.041666666666666664,0.5,0.0
1234,20.566666666666666,base,win,0,0.086,0.572,82.17,21.65,0.041666666666666664,0.5,0.0
1235,20.583333333333332,base,win,0,0.086,0.561,82.11,21.74,0.041666666666666664,0.5,0.0
1236,20.6,base,win,0,0.087,0.542,82.19,21.68,0.041666666666666664,0.5,0.0
1237,20.616666666666667,base,win,0,0.085,0.539,82.63,21.97,0.041666666666666664,0.5,0.0
1238,20.633333333333333,base,win,0,0.085,0.513,81.87,21.72,0.041666666666666664,0.5,0.0
1239,20.65,base,win,0,0.085,0.516,81.27,21.57,0.041666666666666664,0.5,0.0
1240,20.666666666666668,base,win,0,0.085,0.511,82.42,21.8,0.041666666666666664,0.5,0.0
1241,20.683333333333334,base,win,0,0.084,0.524,82.16,21.87,0.041666666666666664,0.5,0.0
1242,20.7,base,win,0,0.085,0.516,81.97,21.79,0.041666666666666664,0.5,0.0
1243,20.716666666666665,base,win,0,0.084,0.529,82.25,21.9,0.041666666666666664,0.5,0.0
1244,20.733333333333334,base,win,0,0.085,0.525,81.75,21.71,0.041666666666666664,0.5,0.0
1245,20.75,base,win,0,0.087,0.537,83.21,21.75,0.041666666666666664,0.5,0.0
1246,20.766666666666666,base,win,0,0.085,0.561,84.3,21.93,0.041666666666666664,0.5,0.0
1247,20.783333333333335,base,win,0,0.085,0.575,83.47,21.88,0.041666666666666664,0.5,0.0
1248,20.8,base,win,0,0.085,0.577,83.01,21.73,0.041666666666666664,0.5,0.0
1249,20.816666666666666,base,win,0,0.087,0.59,82.09,21.66,0.041666666666666664,0.5,0.0
1250,20.833333333333332,base,win,0,0.089,0.616,82.03,21.67,0.041666666666666664,0.5,0.0
1251,20.85,base,win,0,0.09,0.626,82.82,21.85,0.041666666666666664,0.5,0.0
1252,20.866666666666667,base,win,0,0.09,0.63,82.44,21.81,0.041666666666666664,0.5,0.0
1253,20.883333333333333,base,win,0,0.087,0.656,84.1,21.96,0.041666666666666664,0.5,0.0
1254,20.9,base,win,0,0.088,0.663,84.12,22.19,0.041666666666666664,0.5,0.0
1255,20.916666666666668,base,win,0,0.087,0.679,83.05,21.99,0.041666666666666664,0.5,0.0
1256,20.933333333333334,base,win,0,0.087,0.687,83.17,22.05,0.041666666666666664,0.5,0.0
1257,20.95,base,win,0,0.086,0.694,82.6,21.97,0.041666666666666664,0.5,0.0
1258,20.966666666666665,base,win,0,0.085,0.69,81.69,21.71,0.041666666666666664,0.5,0.0
1259,20.983333333333334,base,win,0,0.085,0.703,81.78,21.75,0.041666666666666664,0.5,0.0
1260,21.0,base,win,0,0.085,0.714,81.67,21.74,0.041666666666666664,0.5,0.0
1261,21.016666666666666,base,win,0,0.085,0.73,81.46,21.78,0.041666666666666664,0.5,0.0
1262,21.033333333333335,base,win,0,0.085,0.737,81.4,21.62,0.041666666666666664,0.5,0.0
1263,21.05,base,win,0,0.085,0.759,80.66,21.48,0.041666666666666664,0.5,0.0
1264,21.066666666666666,base,win,0,0.084,0.784,80.89,21.66,0.041666666666666664,0.5,0.0
1265,21.083333333333332,base,win,0,0.084,0.793,81.98,21.76,0.041666666666666664,0.5,0.0
1266,21.1,base,win,0,0.085,0.79,81.27,21.68,0.041666666666666664,0.5,0.0
1267,21.116666666666667,base,win,0,0.084,0.789,81.24,21.72,0.041666666666666664,0.5,0.0
1268,21.133333333333333,base,win,0,0.084,0.793,82.1,21.76,0.041666666666666664,0.5,0.0
1269,21.15,base,win,0,0.084,0.79,81.98,21.85,0.041666666666666664,0.5,0.0
1270,21.166666666666668,base,win,0,0.084,0.781,81.47,21.74,0.041666666666666664,0.5,0.0
1271,21.183333333333334,base,win,0,0.086,0.779,80.73,21.49,0.041666666666666664,0.5,0.0
1272,21.2,base,win,0,0.084,0.797,80.54,21.49,0.041666666666666664,0.5,0.0
1273,21.216666666666665,base,win,0,0.083,0.81,81.61,21.66,0.041666666666666664,0.5,0.0
1274,21.233333333333334,base,win,0,0.083,0.809,82.4,21.85,0.041666666666666664,0.5,0.0
1275,21.25,base,win,0,0.084,0.798,81.33,21.61,0.041666666666666664,0.5,0.0
1276,21.266666666666666,base,win,0,0.085,0.803,82.43,21.83,0.041666666666666664,0.5,0.0
1277,21.283333333333335,base,win,0,0.084,0.793,81.42,21.65,0.041666666666666664,0.5,0.0
1278,21.3,base,win,0,0.083,0.802,80.66,21.5,0.041666666666666664,0.5,0.0
1279,21.316666666666666,base,win,0,0.083,0.814,82.12,21.65,0.041666666666666664,0.5,0.0
1280,21.333333333333332,base,win,0,0.084,0.817,81.44,21.62,0.041666666666666664,0.5,0.0
1281,21.35,base,win,0,0.084,0.81,81.56,21.61,0.041666666666666664,0.5,0.0
1282,21.366666666666667,base,win,0,0.085,0.803,82.29,21.83,0.041666666666666664,0.5,0.0
1283,21.383333333333333,base,win,0,0.084,0.791,82.75,21.85,0.041666666666666664,0.5,0.0
1284,21.4,base,win,0,0.086,0.77,81.98,21.66,0.041666666666666664,0.5,0.0
1285,21.416666666666668,base,win,0,0.085,0.765,81.16,21.59,0.041666666666666664,0.5,0.0
1286,21.433333333333334,base,win,0,0.084,0.778,81.03,21.59,0.041666666666666664,0.5,0.0
1287,21.45,base,win,0,0.083,0.798,81.46,21.69,0.041666666666666664,0.5,0.0
1288,21.466666666666665,base,win,0,0.085,0.8,80.91,21.64,0.041666666666666664,0.5,0.0
1289,21.483333333333334,base,win,0,0.084,0.805,81.73,22.14,0.041666666666666664,0.5,0.0
1290,21.5,base,win,0,0.085,0.794,82.69,22.09,0.041666666666666664,0.5,0.0
1291,21.516666666666666,base,win,0,0.086,0.782,81.18,22.23,0.041666666666666664,0.5,0.0
1292,21.533333333333335,base,win,0,0.086,0.772,81.99,21.96,0.041666666666666664,0.5,0.0
1293,21.55,base,win,0,0.086,0.761,81.14,21.72,0.041666666666666664,0.5,0.0
1294,21.566666666666666,base,win,0,0.085,0.767,81.32,21.67,0.041666666666666664,0.5,0.0
1295,21.583333333333332,base,win,0,0.087,0.778,82.64,22.01,0.041666666666666664,0.5,0.0
1296,21.6,base,win,0,0.087,0.77,81.46,22.1,0.041666666666666664,0.5,0.0
1297,21.616666666666667,base,win,0,0.087,0.762,81.44,21.95,0.041666666666666664,0.5,0.0
1298,21.633333333333333,base,win,0,0.088,0.754,81.18,21.94,0.041666666666666664,0.5,0.0
1299,21.65,base,win,0,0.086,0.746,81.85,21.99,0.041666666666666664,0.5,0.0
1300,21.666666666666668,base,win,0,0.087,0.743,81.7,22.02,0.041666666666666664,0.5,0.0
1301,21.683333333333334,base,win,0,0.087,0.741,81.57,21.87,0.041666666666666664,0.5,0.0
1302,21.7,base,win,0,0.087,0.735,81.23,21.85,0.041666666666666664,0.5,0.0
1303,21.716666666666665,base,win,0,0.089,0.731,80.92,21.71,0.041666666666666664,0.5,0.0
1304,21.733333333333334,base,win,0,0.088,0.737,81.04,21.79,0.041666666666666664,0.5,0.0
1305,21.75,base,win,0,0.087,0.731,81.38,21.48,0.041666666666666664,0.5,0.0
1306,21.766666666666666,base,win,0,0.087,0.768,80.75,21.7,0.041666666666666664,0.5,0.0
1307,21.783333333333335,base,win,0,0.088,0.773,80.33,21.66,0.041666666666666664,0.5,0.0
1308,21.8,base,win,0,0.087,0.781,80.76,21.8,0.041666666666666664,0.5,0.0
1309,21.816666666666666,base,win,0,0.089,0.772,81.47,22.02,0.041666666666666664,0.5,0.0
1310,21.833333333333332,base,win,0,0.089,0.76,81.54,21.94,0.041666666666666664,0.5,0.0
1311,21.85,base,win,0,0.091,0.745,81.92,22.03,0.041666666666666664,0.5,0.0
1312,21.866666666666667,base,win,0,0.088,0.737,81.81,22.16,0.041666666666666664,0.5,0.0
1313,21.883333333333333,base,win,0,0.087,0.724,81.97,21.84,0.041666666666666664,0.5,0.0
1314,21.9,base,win,0,0.087,0.717,83.05,22.02,0.041666666666666664,0.5,0.0
1315,21.916666666666668,base,win,0,0.087,0.718,81.89,21.97,0.041666666666666664,0.5,0.0
1316,21.933333333333334,base,win,0,0.087,0.705,81.78,22.0,0.041666666666666664,0.5,0.0
1317,21.95,base,win,0,0.089,0.693,82.52,21.87,0.041666666666666664,0.5,0.0
1318,21.966666666666665,base,win,0,0.088,0.688,81.39,21.86,0.041666666666666664,0.5,0.0
1319,21.983333333333334,base,win,0,0.088,0.681,82.24,21.9,0.041666666666666664,0.5,0.0
1320,22.0,base,win,0,0.087,0.68,81.37,21.84,0.041666666666666664,0.5,0.0
1321,22.016666666666666,base,win,0,0.088,0.681,80.16,21.38,0.041666666666666664,0.5,0.0
1322,22.033333333333335,base,win,0,0.087,0.743,80.87,21.68,0.041666666666666664,0.5,0.0
1323,22.05,base,win,0,0.089,0.751,81.78,21.93,0.041666666666666664,0.5,0.0
1324,22.066666666666666,base,win,0,0.088,0.741,82.0,21.98,0.041666666666666664,0.5,0.0
1325,22.083333333333332,base,win,0,0.087,0.736,81.32,21.88,0.041666666666666664,0.5,0.0
1326,22.1,base,win,0,0.087,0.736,81.42,21.79,0.041666666666666664,0.5,0.0
1327,22.116666666666667,base,win,0,0.086,0.742,80.47,21.57,0.041666666666666664,0.5,0.0
1328,22.133333333333333,base,win,0,0.085,0.768,80.29,21.52,0.041666666666666664,0.5,0.0
1329,22.15,base,win,0,0.085,0.795,80.72,21.6,0.041666666666666664,0.5,0.0
1330,22.166666666666668,base,win,0,0.085,0.806,81.76,21.89,0.041666666666666664,0.5,0.0
1331,22.183333333333334,base,win,0,0.088,0.79,81.43,21.66,0.041666666666666664,0.5,0.0
1332,22.2,base,win,0,0.085,0.795,81.63,21.83,0.041666666666666664,0.5,0.0
1333,22.216666666666665,base,win,0,0.087,0.776,82.15,22.03,0.041666666666666664,0.5,0.0
1334,22.233333333333334,base,win,0,0.087,0.756,81.54,21.79,0.041666666666666664,0.5,0.0
1335,22.25,base,win,0,0.086,0.756,82.15,21.93,0.041666666666666664,0.5,0.0
1336,22.266666666666666,base,win,0,0.085,0.753,82.24,21.87,0.041666666666666664,0.5,0.0
1337,22.283333333333335,base,win,0,0.087,0.739,83.42,22.08,0.041666666666666664,0.5,0.0
1338,22.3,base,win,0,0.088,0.718,82.64,21.82,0.041666666666666664,0.5,0.0
1339,22.316666666666666,base,win,0,0.086,0.714,82.71,21.86,0.041666666666666664,0.5,0.0
1340,22.333333333333332,base,win,0,0.088,0.704,82.62,21.88,0.041666666666666664,0.5,0.0
1341,22.35,base,win,0,0.092,0.689,82.05,21.71,0.041666666666666664,0.5,0.0
1342,22.366666666666667,base,win,0,0.089,0.683,82.05,21.77,0.041666666666666664,0.5,0.0
1343,22.383333333333333,base,win,0,0.087,0.69,83.16,21.95,0.041666666666666664,0.5,0.0
1344,22.4,base,win,0,0.086,0.684,83.95,22.06,0.041666666666666664,0.5,0.0
1345,22.416666666666668,base,win,0,0.088,0.67,82.36,22.13,0.041666666666666664,0.5,0.0
1346,22.433333333333334,base,win,0,0.089,0.663,82.47,21.89,0.041666666666666664,0.5,0.0
1347,22.45,base,win,0,0.088,0.658,83.43,21.95,0.041666666666666664,0.5,0.0
1348,22.466666666666665,base,win,0,0.089,0.663,83.57,21.73,0.041666666666666664,0.5,0.0
1349,22.483333333333334,base,win,0,0.09,0.664,82.43,21.83,0.041666666666666664,0.5,0.0
1350,22.5,base,win,0,0.088,0.663,82.77,22.11,0.041666666666666664,0.5,0.0
1351,22.516666666666666,base,win,0,0.087,0.679,82.64,22.11,0.041666666666666664,0.5,0.0
1352,22.533333333333335,base,win,0,0.088,0.685,83.85,22.1,0.041666666666666664,0.5,0.0
1353,22.55,base,win,0,0.087,0.667,82.41,21.87,0.041666666666666664,0.5,0.0
1354,22.566666666666666,base,win,0,0.086,0.665,82.58,21.86,0.041666666666666664,0.5,0.0
1355,22.583333333333332,base,win,0,0.087,0.674,82.88,21.82,0.041666666666666664,0.5,0.0
1356,22.6,base,win,0,0.088,0.682,83.25,21.77,0.041666666666666664,0.5,0.0
1357,22.616666666666667,base,win,0,0.093,0.67,82.72,21.74,0.041666666666666664,0.5,0.0
1358,22.633333333333333,base,win,0,0.095,0.66,82.64,21.81,0.041666666666666664,0.5,0.0
1359,22.65,base,win,0,0.09,0.68,82.87,21.91,0.041666666666666664,0.5,0.0
1360,22.666666666666668,base,win,0,0.09,0.68,82.87,21.8,0.041666666666666664,0.5,0.0
1361,22.683333333333334,base,win,0,0.09,0.672,82.74,22.05,0.041666666666666664,0.5,0.0
1362,22.7,base,win,0,0.087,0.65,83.46,21.86,0.041666666666666664,0.5,0.0
1363,22.716666666666665,base,win,0,0.086,0.643,83.63,21.79,0.041666666666666664,0.5,0.0
1364,22.733333333333334,base,win,0,0.086,0.656,82.18,21.78,0.041666666666666664,0.5,0.0
1365,22.75,base,win,0,0.088,0.644,83.36,21.98,0.041666666666666664,0.5,0.0
1366,22.766666666666666,base,win,0,0.087,0.635,82.75,21.79,0.041666666666666664,0.5,0.0
1367,22.783333333333335,base,win,0,0.087,0.634,82.64,22.04,0.041666666666666664,0.5,0.0
1368,22.8,base,win,0,0.089,0.611,82.53,22.07,0.041666666666666664,0.5,0.0
1369,22.816666666666666,base,win,0,0.086,0.601,82.9,21.94,0.041666666666666664,0.5,0.0
1370,22.833333333333332,base,win,0,0.088,0.598,83.1,21.94,0.041666666666666664,0.5,0.0
1371,22.85,base,win,0,0.088,0.58,83.47,21.91,0.041666666666666664,0.5,0.0
1372,22.866666666666667,base,win,0,0.087,0.551,82.66,21.92,0.041666666666666664,0.5,0.0
1373,22.883333333333333,base,win,0,0.087,0.544,81.94,21.83,0.041666666666666664,0.5,0.0
1374,22.9,base,win,0,0.085,0.548,83.66,21.87,0.041666666666666664,0.5,0.0
1375,22.916666666666668,base,win,0,0.088,0.528,84.29,22.0,0.041666666666666664,0.5,0.0
1376,22.933333333333334,base,win,0,0.086,0.522,82.69,21.95,0.041666666666666664,0.5,0.0
1377,22.95,base,win,0,0.086,0.509,83.81,21.92,0.041666666666666664,0.5,0.0
1378,22.966666666666665,base,base,1,0.086,0.474,81.53,21.7,0.041666666666666664,0.5,0.0
1379,22.983333333333334,base,base,1,0.086,0.46,82.55,21.97,0.041666666666666664,0.5,0.0
1380,23.0,base,base,1,0.086,0.424,82.58,21.96,0.041666666666666664,0.5,0.0
1381,23.016666666666666,base,base,1,0.086,0.398,82.3,21.89,0.041666666666666664,0.5,0.0
1382,23.033333333333335,base,base,1,0.086,0.376,83.14,22.05,0.041666666666666664,0.5,0.0
1383,23.05,base,base,1,0.086,0.348,82.45,21.96,0.041666666666666664,0.5,0.0
1384,23.066666666666666,base,base,1,0.088,0.32,82.11,21.84,0.041666666666666664,0.5,0.0
1385,23.083333333333332,base,base,1,0.086,0.303,81.61,21.64,0.041666666666666664,0.5,0.0
1386,23.1,base,base,1,0.087,0.315,82.26,21.57,0.041666666666666664,0.5,0.0
1387,23.116666666666667,base,base,1,0.087,0.315,81.36,21.6,0.041666666666666664,0.5,0.0
1388,23.133333333333333,base,base,1,0.086,0.316,82.6,21.78,0.041666666666666664,0.5,0.0
1389,23.15,base,base,1,0.086,0.313,82.16,21.82,0.041666666666666664,0.5,0.0
1390,23.166666666666668,base,base,1,0.086,0.312,82.27,21.88,0.041666666666666664,0.5,0.0
1391,23.183333333333334,base,base,1,0.087,0.3,82.07,21.84,0.041666666666666664,0.5,0.0
1392,23.2,base,base,1,0.086,0.296,81.82,21.71,0.041666666666666664,0.5,0.0
1393,23.216666666666665,base,base,1,0.086,0.329,81.58,21.73,0.041666666666666664,0.5,0.0
1394,23.233333333333334,base,base,1,0.086,0.357,80.57,21.46,0.041666666666666664,0.5,0.0
1395,23.25,base,base,1,0.086,0.401,82.06,21.68,0.041666666666666664,0.5,0.0
1396,23.266666666666666,base,base,1,0.085,0.436,84.51,21.91,0.041666666666666664,0.5,0.0
1397,23.283333333333335,base,base,1,0.087,0.41,82.3,21.97,0.041666666666666664,0.5,0.0
1398,23.3,base,base,1,0.086,0.392,82.23,21.88,0.041666666666666664,0.5,0.0
1399,23.316666666666666,base,base,1,0.086,0.394,82.03,21.84,0.041666666666666664,0.5,0.0
1400,23.333333333333332,base,base,1,0.086,0.381,82.46,21.91,0.041666666666666664,0.5,0.0
1401,23.35,base,base,1,0.087,0.359,82.1,21.96,0.041666666666666664,0.5,0.0
1402,23.366666666666667,base,base,1,0.086,0.344,81.99,21.87,0.041666666666666664,0.5,0.0
1403,23.383333333333333,base,base,1,0.085,0.343,82.09,21.89,0.041666666666666664,0.5,0.0
1404,23.4,base,base,1,0.086,0.345,82.46,22.02,0.041666666666666664,0.5,0.0
1405,23.416666666666668,base,base,1,0.086,0.328,81.97,22.18,0.041666666666666664,0.5,0.0
1406,23.433333333333334,base,base,1,0.085,0.327,82.07,22.13,0.041666666666666664,0.5,0.0
1407,23.45,base,base,1,0.085,0.313,82.28,21.92,0.041666666666666664,0.5,0.0
1408,23.466666666666665,base,base,1,0.086,0.3,82.29,21.75,0.041666666666666664,0.5,0.0
1409,23.483333333333334,base,base,1,0.086,0.303,83.08,21.75,0.041666666666666664,0.5,0.0
1410,23.5,base,base,1,0.086,0.304,81.98,21.77,0.041666666666666664,0.5,0.0
1411,23.516666666666666,base,base,1,0.086,0.294,81.9,21.82,0.041666666666666664,0.5,0.0
1412,23.533333333333335,base,base,1,0.086,0.293,82.9,22.01,0.041666666666666664,0.5,0.0
1413,23.55,base,base,1,0.086,0.288,82.57,21.91,0.041666666666666664,0.5,0.0
1414,23.566666666666666,base,base,1,0.088,0.27,82.47,21.82,0.041666666666666664,0.5,0.0
1415,23.583333333333332,base,base,1,0.086,0.257,82.45,21.87,0.041666666666666664,0.5,0.0
1416,23.6,base,base,1,0.087,0.264,83.38,21.96,0.041666666666666664,0.5,0.0
1417,23.616666666666667,base,base,1,0.088,0.261,82.32,21.84,0.041666666666666664,0.5,0.0
1418,23.633333333333333,base,base,1,0.086,0.264,83.63,21.9,0.041666666666666664,0.5,0.0
1419,23.65,base,base,1,0.086,0.262,83.33,22.05,0.041666666666666664,0.5,0.0
1420,23.666666666666668,base,base,1,0.086,0.26,83.68,22.01,0.041666666666666664,0.5,0.0
1421,23.683333333333334,base,base,1,0.087,0.252,82.05,21.73,0.041666666666666664,0.5,0.0
1422,23.7,base,base,1,0.087,0.254,80.78,21.47,0.041666666666666664,0.5,0.0
1423,23.716666666666665,base,base,1,0.086,0.264,80.98,21.53,0.041666666666666664,0.5,0.0
1424,23.733333333333334,base,base,1,0.086,0.264,83.09,21.56,0.041666666666666664,0.5,0.0
1425,23.75,base,base,1,0.093,0.247,80.84,21.56,0.041666666666666664,0.5,0.0
1426,23.766666666666666,base,base,1,0.089,0.233,82.03,21.84,0.041666666666666664,0.5,0.0
1427,23.783333333333335,base,base,1,0.087,0.23,81.82,21.72,0.041666666666666664,0.5,0.0
1428,23.8,base,base,1,0.09,0.224,82.07,21.83,0.041666666666666664,0.5,0.0
1429,23.816666666666666,base,base,1,0.089,0.216,82.4,21.94,0.041666666666666664,0.5,0.0
1430,23.833333333333332,base,base,1,0.088,0.204,83.17,21.91,0.041666666666666664,0.5,0.0
1431,23.85,base,base,1,0.087,0.187,82.75,22.0,0.041666666666666664,0.5,0.0
1432,23.866666666666667,base,base,1,0.09,0.187,82.59,22.11,0.041666666666666664,0.5,0.0
1433,23.883333333333333,base,base,1,0.088,0.19,84.17,21.96,0.041666666666666664,0.5,0.0
1434,23.9,base,base,1,0.087,0.199,82.85,21.9,0.041666666666666664,0.5,0.0
1435,23.916666666666668,base,base,1,0.089,0.2,84.03,22.03,0.041666666666666664,0.5,0.0
1436,23.933333333333334,base,base,1,0.09,0.198,82.54,21.89,0.041666666666666664,0.5,0.0
1437,23.95,base,base,1,0.089,0.2,82.94,21.98,0.041666666666666664,0.5,0.0
1438,23.966666666666665,base,base,1,0.089,0.199,82.92,22.12,0.041666666666666664,0.5,0.0
1439,23.983333333333334,base,base,1,0.095,0.211,83.11,22.07,0.041666666666666664,0.5,0.0
