step,hour,gt_regime,detected,correct,p_occ,p_win,satisfaction,temperature,kwh_step,hvac,light
0,0.0,base,base,1,0.5,0.5,92.46,21.91,0.04583333333333333,0.5,0.5
1,0.016666666666666666,base,base,1,0.23,0.399,89.24,21.69,0.044555317837520717,0.5,0.3466381405024861
2,0.03333333333333333,base,base,1,0.142,0.382,90.69,22.09,0.044555317837520717,0.5,0.3466381405024861
3,0.05,base,base,1,0.108,0.354,90.79,21.83,0.044555317837520717,0.5,0.3466381405024861
4,0.06666666666666667,base,base,1,0.098,0.349,91.24,22.0,0.044555317837520717,0.5,0.3466381405024861
5,0.08333333333333333,base,base,1,0.095,0.312,90.87,21.78,0.044555317837520717,0.5,0.3466381405024861
6,0.1,base,base,1,0.093,0.306,92.18,21.92,0.044555317837520717,0.5,0.3466381405024861
7,0.11666666666666667,base,base,1,0.092,0.29,90.82,21.78,0.044555317837520717,0.5,0.3466381405024861
8,0.13333333333333333,base,base,1,0.091,0.275,91.23,21.87,0.044555317837520717,0.5,0.3466381405024861
9,0.15,base,base,1,0.09,0.266,91.65,21.78,0.044555317837520717,0.5,0.3466381405024861
10,0.16666666666666666,base,base,1,0.09,0.281,92.18,22.07,0.044555317837520717,0.5,0.3466381405024861
11,0.18333333333333332,base,base,1,0.093,0.273,91.76,22.12,0.044555317837520717,0.5,0.3466381405024861
12,0.2,base,base,1,0.091,0.271,92.23,22.05,0.044555317837520717,0.5,0.3466381405024861
13,0.21666666666666667,base,base,1,0.092,0.273,92.36,21.87,0.044555317837520717,0.5,0.3466381405024861
14,0.23333333333333334,base,base,1,0.091,0.274,92.78,21.98,0.044555317837520717,0.5,0.3466381405024861
15,0.25,base,base,1,0.092,0.273,92.74,21.98,0.044555317837520717,0.5,0.3466381405024861
16,0.26666666666666666,base,base,1,0.09,0.281,92.13,21.96,0.044555317837520717,0.5,0.3466381405024861
17,0.2833333333333333,base,base,1,0.089,0.278,92.16,22.08,0.044555317837520717,0.5,0.3466381405024861
18,0.3,base,base,1,0.089,0.286,92.18,22.03,0.044555317837520717,0.5,0.3466381405024861
19,0.31666666666666665,base,base,1,0.089,0.315,92.43,22.12,0.044555317837520717,0.5,0.3466381405024861
20,0.3333333333333333,base,base,1,0.092,0.326,92.12,21.94,0.044555317837520717,0.5,0.3466381405024861
21,0.35,base,base,1,0.089,0.334,91.46,21.88,0.044555317837520717,0.5,0.3466381405024861
22,0.36666666666666664,base,base,1,0.092,0.339,92.17,21.92,0.044555317837520717,0.5,0.3466381405024861
23,0.38333333333333336,base,base,1,0.09,0.344,92.04,21.84,0.044555317837520717,0.5,0.3466381405024861
24,0.4,base,base,1,0.09,0.37,93.55,21.97,0.044555317837520717,0.5,0.3466381405024861
25,0.4166666666666667,base,base,1,0.095,0.387,92.5,22.05,0.044555317837520717,0.5,0.3466381405024861
26,0.43333333333333335,base,base,1,0.095,0.417,91.92,22.11,0.044555317837520717,0.5,0.3466381405024861
27,0.45,base,base,1,0.095,0.412,91.73,22.14,0.044555317837520717,0.5,0.3466381405024861
28,0.4666666666666667,base,base,1,0.092,0.389,91.89,22.16,0.044555317837520717,0.5,0.3466381405024861
29,0.48333333333333334,base,base,1,0.091,0.393,92.04,22.13,0.044555317837520717,0.5,0.3466381405024861
30,0.5,base,base,1,0.091,0.397,92.14,21.89,0.044555317837520717,0.5,0.3466381405024861
31,0.5166666666666667,base,base,1,0.09,0.393,92.48,22.0,0.044555317837520717,0.5,0.3466381405024861
32,0.5333333333333333,base,base,1,0.09,0.391,91.43,21.68,0.044555317837520717,0.5,0.3466381405024861
33,0.55,base,base,1,0.09,0.388,91.93,21.76,0.044555317837520717,0.5,0.3466381405024861
34,0.5666666666666667,base,base,1,0.09,0.411,91.0,21.57,0.044555317837520717,0.5,0.3466381405024861
35,0.5833333333333334,base,base,1,0.09,0.44,91.6,21.71,0.044555317837520717,0.5,0.3466381405024861
36,0.6,base,base,1,0.09,0.45,91.56,21.66,0.044555317837520717,0.5,0.3466381405024861
37,0.6166666666666667,base,base,1,0.092,0.455,91.8,21.64,0.044555317837520717,0.5,0.3466381405024861
38,0.6333333333333333,base,base,1,0.091,0.456,91.87,21.77,0.044555317837520717,0.5,0.3466381405024861
39,0.65,base,base,1,0.089,0.482,91.97,21.85,0.044555317837520717,0.5,0.3466381405024861
40,0.6666666666666666,base,base,1,0.089,0.462,92.17,21.97,0.044555317837520717,0.5,0.3466381405024861
41,0.6833333333333333,base,base,1,0.089,0.463,92.15,22.01,0.044555317837520717,0.5,0.3466381405024861
42,0.7,base,base,1,0.09,0.431,92.24,21.94,0.044555317837520717,0.5,0.3466381405024861
43,0.7166666666666667,base,base,1,0.09,0.427,91.58,21.73,0.044555317837520717,0.5,0.3466381405024861
44,0.7333333333333333,base,base,1,0.092,0.419,91.08,21.66,0.044555317837520717,0.5,0.3466381405024861
45,0.75,base,base,1,0.093,0.413,92.31,21.76,0.044555317837520717,0.5,0.3466381405024861
46,0.7666666666666667,base,base,1,0.093,0.44,92.54,21.83,0.044555317837520717,0.5,0.3466381405024861
47,0.7833333333333333,base,base,1,0.095,0.473,92.61,22.12,0.044555317837520717,0.5,0.3466381405024861
48,0.8,base,base,1,0.095,0.48,92.59,22.05,0.044555317837520717,0.5,0.3466381405024861
49,0.8166666666666667,base,base,1,0.092,0.494,92.5,22.07,0.044555317837520717,0.5,0.3466381405024861
50,0.8333333333333334,base,base,1,0.091,0.486,92.34,21.88,0.044555317837520717,0.5,0.3466381405024861
51,0.85,base,base,1,0.092,0.496,91.58,21.8,0.044555317837520717,0.5,0.3466381405024861
52,0.8666666666666667,base,base,1,0.091,0.494,93.02,21.97,0.044555317837520717,0.5,0.3466381405024861
53,0.8833333333333333,base,win,0,0.098,0.514,93.2,21.96,0.044789350329312444,0.5,0.3747220395174937
54,0.9,base,win,0,0.095,0.55,92.64,21.77,0.044789350329312444,0.5,0.3747220395174937
55,0.9166666666666666,base,win,0,0.095,0.577,92.88,21.92,0.044789350329312444,0.5,0.3747220395174937
56,0.9333333333333333,base,win,0,0.095,0.574,92.56,21.87,0.044789350329312444,0.5,0.3747220395174937
57,0.95,base,win,0,0.097,0.559,92.8,21.86,0.044789350329312444,0.5,0.3747220395174937
58,0.9666666666666667,base,win,0,0.095,0.585,91.54,21.63,0.044789350329312444,0.5,0.3747220395174937
59,0.9833333333333333,base,win,0,0.095,0.599,92.22,21.71,0.044789350329312444,0.5,0.3747220395174937
60,1.0,base,win,0,0.094,0.606,92.74,21.71,0.044789350329312444,0.5,0.3747220395174937
61,1.0166666666666666,base,win,0,0.096,0.627,92.36,21.82,0.044789350329312444,0.5,0.3747220395174937
62,1.0333333333333334,base,win,0,0.098,0.611,92.34,21.76,0.044789350329312444,0.5,0.3747220395174937
63,1.05,base,win,0,0.101,0.598,92.65,21.85,0.044789350329312444,0.5,0.3747220395174937
64,1.0666666666666667,base,win,0,0.097,0.592,93.02,21.79,0.044789350329312444,0.5,0.3747220395174937
65,1.0833333333333333,base,win,0,0.098,0.601,93.72,22.04,0.044789350329312444,0.5,0.3747220395174937
66,1.1,base,win,0,0.095,0.623,93.51,22.09,0.044789350329312444,0.5,0.3747220395174937
67,1.1166666666666667,base,win,0,0.095,0.659,92.85,21.96,0.044789350329312444,0.5,0.3747220395174937
68,1.1333333333333333,base,win,0,0.095,0.65,91.92,21.85,0.044789350329312444,0.5,0.3747220395174937
69,1.15,base,win,0,0.09,0.639,92.24,21.85,0.044789350329312444,0.5,0.3747220395174937
70,1.1666666666666667,base,win,0,0.089,0.628,91.8,21.87,0.044789350329312444,0.5,0.3747220395174937
71,1.1833333333333333,base,win,0,0.087,0.646,91.22,21.67,0.044789350329312444,0.5,0.3747220395174937
72,1.2,base,win,0,0.087,0.67,91.93,21.74,0.044789350329312444,0.5,0.3747220395174937
73,1.2166666666666666,base,win,0,0.087,0.693,91.41,21.55,0.044789350329312444,0.5,0.3747220395174937
74,1.2333333333333334,base,win,0,0.087,0.716,91.59,21.7,0.044789350329312444,0.5,0.3747220395174937
75,1.25,base,win,0,0.087,0.729,91.74,21.8,0.044789350329312444,0.5,0.3747220395174937
76,1.2666666666666666,base,win,0,0.088,0.721,91.32,21.7,0.044789350329312444,0.5,0.3747220395174937
77,1.2833333333333334,base,win,0,0.086,0.741,90.34,21.56,0.044789350329312444,0.5,0.3747220395174937
78,1.3,base,win,0,0.087,0.747,91.06,21.55,0.044789350329312444,0.5,0.3747220395174937
79,1.3166666666666667,base,win,0,0.087,0.746,91.85,21.79,0.044789350329312444,0.5,0.3747220395174937
80,1.3333333333333333,base,win,0,0.088,0.724,92.13,21.79,0.044789350329312444,0.5,0.3747220395174937
81,1.35,base,win,0,0.088,0.708,92.6,21.91,0.044789350329312444,0.5,0.3747220395174937
82,1.3666666666666667,base,win,0,0.088,0.695,92.73,21.94,0.044789350329312444,0.5,0.3747220395174937
83,1.3833333333333333,base,win,0,0.09,0.684,92.3,22.03,0.044789350329312444,0.5,0.3747220395174937
84,1.4,base,win,0,0.089,0.657,92.16,21.84,0.044789350329312444,0.5,0.3747220395174937
85,1.4166666666666667,base,win,0,0.09,0.632,92.58,22.03,0.044789350329312444,0.5,0.3747220395174937
86,1.4333333333333333,base,win,0,0.089,0.606,92.03,21.82,0.044789350329312444,0.5,0.3747220395174937
87,1.45,base,win,0,0.089,0.605,93.31,21.94,0.044789350329312444,0.5,0.3747220395174937
88,1.4666666666666666,base,win,0,0.089,0.593,92.35,21.85,0.044789350329312444,0.5,0.3747220395174937
89,1.4833333333333334,base,win,0,0.09,0.597,92.57,21.93,0.044789350329312444,0.5,0.3747220395174937
90,1.5,base,win,0,0.089,0.604,92.38,21.89,0.044789350329312444,0.5,0.3747220395174937
91,1.5166666666666666,base,win,0,0.089,0.628,91.76,21.82,0.044789350329312444,0.5,0.3747220395174937
92,1.5333333333333334,base,win,0,0.09,0.62,91.39,21.56,0.044789350329312444,0.5,0.3747220395174937
93,1.55,base,win,0,0.092,0.621,91.72,21.64,0.044789350329312444,0.5,0.3747220395174937
94,1.5666666666666667,base,win,0,0.09,0.632,92.46,21.85,0.044789350329312444,0.5,0.3747220395174937
95,1.5833333333333333,base,win,0,0.088,0.626,93.04,21.97,0.044789350329312444,0.5,0.3747220395174937
96,1.6,base,win,0,0.088,0.617,92.43,21.93,0.044789350329312444,0.5,0.3747220395174937
97,1.6166666666666667,base,win,0,0.089,0.581,92.45,22.06,0.044789350329312444,0.5,0.3747220395174937
98,1.6333333333333333,base,win,0,0.088,0.576,92.92,21.97,0.044789350329312444,0.5,0.3747220395174937
99,1.65,base,win,0,0.092,0.555,92.85,21.85,0.044789350329312444,0.5,0.3747220395174937
100,1.6666666666666667,base,win,0,0.091,0.538,92.57,21.84,0.044789350329312444,0.5,0.3747220395174937
101,1.6833333333333333,base,win,0,0.093,0.519,92.54,21.8,0.044789350329312444,0.5,0.3747220395174937
102,1.7,base,win,0,0.091,0.524,91.87,21.8,0.044789350329312444,0.5,0.3747220395174937
103,1.7166666666666666,base,win,0,0.094,0.501,92.87,22.0,0.044789350329312444,0.5,0.3747220395174937
104,1.7333333333333334,base,win,0,0.092,0.514,92.11,21.78,0.044789350329312444,0.5,0.3747220395174937
105,1.75,base,win,0,0.09,0.497,92.06,21.82,0.044789350329312444,0.5,0.3747220395174937
106,1.7666666666666666,base,base,1,0.089,0.497,91.25,21.84,0.044555317837520717,0.5,0.3466381405024861
107,1.7833333333333334,base,base,1,0.088,0.494,90.82,21.68,0.044555317837520717,0.5,0.3466381405024861
108,1.8,base,win,0,0.087,0.547,92.03,21.8,0.044789350329312444,0.5,0.3747220395174937
109,1.8166666666666667,base,win,0,0.088,0.561,91.02,21.62,0.044789350329312444,0.5,0.3747220395174937
110,1.8333333333333333,base,win,0,0.089,0.559,91.47,21.5,0.044789350329312444,0.5,0.3747220395174937
111,1.85,base,win,0,0.088,0.573,90.55,21.36,0.044789350329312444,0.5,0.3747220395174937
112,1.8666666666666667,base,win,0,0.088,0.591,91.59,21.52,0.044789350329312444,0.5,0.3747220395174937
113,1.8833333333333333,base,win,0,0.089,0.597,91.51,21.73,0.044789350329312444,0.5,0.3747220395174937
114,1.9,base,win,0,0.087,0.628,90.98,21.52,0.044789350329312444,0.5,0.3747220395174937
115,1.9166666666666667,base,win,0,0.087,0.67,92.02,21.88,0.044789350329312444,0.5,0.3747220395174937
116,1.9333333333333333,base,win,0,0.088,0.639,93.21,21.92,0.044789350329312444,0.5,0.3747220395174937
117,1.95,base,win,0,0.089,0.612,91.8,21.69,0.044789350329312444,0.5,0.3747220395174937
118,1.9666666666666666,base,win,0,0.089,0.616,91.99,21.91,0.044789350329312444,0.5,0.3747220395174937
119,1.9833333333333334,base,win,0,0.088,0.611,92.89,21.88,0.044789350329312444,0.5,0.3747220395174937
120,2.0,base,win,0,0.089,0.594,92.58,21.94,0.044789350329312444,0.5,0.3747220395174937
121,2.0166666666666666,base,win,0,0.095,0.585,92.15,21.86,0.044789350329312444,0.5,0.3747220395174937
122,2.033333333333333,base,win,0,0.091,0.557,92.46,21.83,0.044789350329312444,0.5,0.3747220395174937
123,2.05,base,win,0,0.089,0.555,92.16,21.93,0.044789350329312444,0.5,0.3747220395174937
124,2.066666666666667,base,win,0,0.089,0.531,91.93,21.89,0.044789350329312444,0.5,0.3747220395174937
125,2.0833333333333335,base,win,0,0.09,0.508,91.38,21.83,0.044789350329312444,0.5,0.3747220395174937
126,2.1,base,base,1,0.088,0.495,91.91,21.88,0.044555317837520717,0.5,0.3466381405024861
127,2.1166666666666667,base,base,1,0.089,0.483,91.79,21.72,0.044555317837520717,0.5,0.3466381405024861
128,2.1333333333333333,base,base,1,0.089,0.489,90.93,21.48,0.044555317837520717,0.5,0.3466381405024861
129,2.15,base,win,0,0.089,0.502,91.73,21.57,0.044789350329312444,0.5,0.3747220395174937
130,2.1666666666666665,base,win,0,0.09,0.507,91.44,21.54,0.044789350329312444,0.5,0.3747220395174937
131,2.183333333333333,base,win,0,0.092,0.503,92.36,21.84,0.044789350329312444,0.5,0.3747220395174937
132,2.2,base,base,1,0.09,0.49,92.71,21.91,0.044555317837520717,0.5,0.3466381405024861
133,2.216666666666667,base,win,0,0.089,0.5,93.06,21.9,0.044789350329312444,0.5,0.3747220395174937
134,2.2333333333333334,base,base,1,0.09,0.494,92.28,22.0,0.044555317837520717,0.5,0.3466381405024861
135,2.25,base,base,1,0.09,0.465,91.89,21.84,0.044555317837520717,0.5,0.3466381405024861
136,2.2666666666666666,base,base,1,0.092,0.44,91.82,21.81,0.044555317837520717,0.5,0.3466381405024861
137,2.283333333333333,base,base,1,0.089,0.442,90.61,21.66,0.044555317837520717,0.5,0.3466381405024861
138,2.3,base,base,1,0.088,0.444,91.0,21.63,0.044555317837520717,0.5,0.3466381405024861
139,2.316666666666667,base,base,1,0.088,0.436,90.42,21.69,0.044555317837520717,0.5,0.3466381405024861
140,2.3333333333333335,base,base,1,0.087,0.462,90.82,21.77,0.044555317837520717,0.5,0.3466381405024861
141,2.35,base,base,1,0.088,0.455,91.79,21.75,0.044555317837520717,0.5,0.3466381405024861
142,2.3666666666666667,base,base,1,0.089,0.462,91.74,21.79,0.044555317837520717,0.5,0.3466381405024861
143,2.3833333333333333,base,base,1,0.088,0.465,91.61,21.73,0.044555317837520717,0.5,0.3466381405024861
144,2.4,base,base,1,0.087,0.487,90.2,21.53,0.044555317837520717,0.5,0.3466381405024861
145,2.4166666666666665,base,win,0,0.086,0.548,91.17,21.57,0.044789350329312444,0.5,0.3747220395174937
146,2.433333333333333,base,win,0,0.086,0.594,89.51,21.31,0.044789350329312444,0.5,0.3747220395174937
147,2.45,base,win,0,0.087,0.641,91.34,21.64,0.044789350329312444,0.5,0.3747220395174937
148,2.466666666666667,base,win,0,0.087,0.66,92.05,21.85,0.044789350329312444,0.5,0.3747220395174937
149,2.4833333333333334,base,win,0,0.087,0.643,90.69,21.69,0.044789350329312444,0.5,0.3747220395174937
150,2.5,base,win,0,0.088,0.649,91.49,21.76,0.044789350329312444,0.5,0.3747220395174937
151,2.5166666666666666,base,win,0,0.087,0.652,91.91,21.78,0.044789350329312444,0.5,0.3747220395174937
152,2.533333333333333,base,win,0,0.088,0.653,91.71,21.71,0.044789350329312444,0.5,0.3747220395174937
153,2.55,base,win,0,0.088,0.663,92.31,21.84,0.044789350329312444,0.5,0.3747220395174937
154,2.566666666666667,base,win,0,0.088,0.657,91.62,21.82,0.044789350329312444,0.5,0.3747220395174937
155,2.5833333333333335,base,win,0,0.087,0.653,92.42,22.12,0.044789350329312444,0.5,0.3747220395174937
156,2.6,base,win,0,0.087,0.659,92.52,21.95,0.044789350329312444,0.5,0.3747220395174937
157,2.6166666666666667,base,win,0,0.087,0.653,92.2,22.11,0.044789350329312444,0.5,0.3747220395174937
158,2.6333333333333333,base,win,0,0.089,0.64,92.37,22.0,0.044789350329312444,0.5,0.3747220395174937
159,2.65,base,win,0,0.089,0.615,92.89,22.03,0.044789350329312444,0.5,0.3747220395174937
160,2.6666666666666665,base,win,0,0.088,0.595,92.99,22.05,0.044789350329312444,0.5,0.3747220395174937
161,2.683333333333333,base,win,0,0.088,0.582,91.94,21.92,0.044789350329312444,0.5,0.3747220395174937
162,2.7,base,win,0,0.087,0.582,92.45,21.85,0.044789350329312444,0.5,0.3747220395174937
163,2.716666666666667,base,win,0,0.088,0.55,91.57,21.68,0.044789350329312444,0.5,0.3747220395174937
164,2.7333333333333334,base,win,0,0.089,0.571,92.01,21.8,0.044789350329312444,0.5,0.3747220395174937
165,2.75,base,win,0,0.088,0.56,91.24,21.72,0.044789350329312444,0.5,0.3747220395174937
166,2.7666666666666666,base,win,0,0.087,0.575,91.61,21.88,0.044789350329312444,0.5,0.3747220395174937
167,2.783333333333333,base,win,0,0.089,0.556,92.09,21.75,0.044789350329312444,0.5,0.3747220395174937
168,2.8,base,win,0,0.087,0.56,91.75,21.85,0.044789350329312444,0.5,0.3747220395174937
169,2.816666666666667,base,win,0,0.087,0.553,92.86,21.97,0.044789350329312444,0.5,0.3747220395174937
170,2.8333333333333335,base,win,0,0.087,0.546,90.96,21.73,0.044789350329312444,0.5,0.3747220395174937
171,2.85,base,win,0,0.09,0.554,91.28,21.87,0.044789350329312444,0.5,0.3747220395174937
172,2.8666666666666667,base,win,0,0.089,0.537,90.6,21.7,0.044789350329312444,0.5,0.3747220395174937
173,2.8833333333333333,base,win,0,0.091,0.545,91.59,21.81,0.044789350329312444,0.5,0.3747220395174937
174,2.9,base,win,0,0.089,0.522,90.99,21.61,0.044789350329312444,0.5,0.3747220395174937
175,2.9166666666666665,base,win,0,0.089,0.53,91.67,21.82,0.044789350329312444,0.5,0.3747220395174937
176,2.933333333333333,base,win,0,0.088,0.503,92.09,21.76,0.044789350329312444,0.5,0.3747220395174937
177,2.95,base,base,1,0.089,0.489,90.8,21.66,0.044555317837520717,0.5,0.3466381405024861
178,2.966666666666667,base,win,0,0.088,0.502,91.23,21.65,0.044789350329312444,0.5,0.3747220395174937
179,2.9833333333333334,base,win,0,0.087,0.518,90.61,21.58,0.044789350329312444,0.5,0.3747220395174937
180,3.0,base,win,0,0.088,0.547,91.12,21.64,0.044789350329312444,0.5,0.3747220395174937
181,3.0166666666666666,base,win,0,0.088,0.551,91.51,21.75,0.044789350329312444,0.5,0.3747220395174937
182,3.033333333333333,base,win,0,0.088,0.538,90.74,21.63,0.044789350329312444,0.5,0.3747220395174937
183,3.05,base,win,0,0.089,0.547,90.33,21.46,0.044789350329312444,0.5,0.3747220395174937
184,3.066666666666667,base,win,0,0.087,0.583,91.01,21.68,0.044789350329312444,0.5,0.3747220395174937
185,3.0833333333333335,base,win,0,0.088,0.584,90.38,21.66,0.044789350329312444,0.5,0.3747220395174937
186,3.1,base,win,0,0.087,0.59,90.96,21.66,0.044789350329312444,0.5,0.3747220395174937
187,3.1166666666666667,base,win,0,0.088,0.54,90.51,21.43,0.044789350329312444,0.5,0.3747220395174937
188,3.1333333333333333,base,base,1,0.09,0.482,91.15,21.64,0.044555317837520717,0.5,0.3466381405024861
189,3.15,base,base,1,0.091,0.444,91.53,21.67,0.044555317837520717,0.5,0.3466381405024861
190,3.1666666666666665,base,base,1,0.089,0.428,90.77,21.59,0.044555317837520717,0.5,0.3466381405024861
191,3.183333333333333,base,base,1,0.089,0.413,90.74,21.54,0.044555317837520717,0.5,0.3466381405024861
192,3.2,base,base,1,0.088,0.399,90.84,21.54,0.044555317837520717,0.5,0.3466381405024861
193,3.216666666666667,base,base,1,0.087,0.419,90.7,21.65,0.044555317837520717,0.5,0.3466381405024861
194,3.2333333333333334,base,base,1,0.087,0.422,91.64,21.78,0.044555317837520717,0.5,0.3466381405024861
195,3.25,base,base,1,0.087,0.414,91.87,22.02,0.044555317837520717,0.5,0.3466381405024861
196,3.2666666666666666,base,base,1,0.087,0.369,91.43,21.84,0.044555317837520717,0.5,0.3466381405024861
197,3.283333333333333,base,base,1,0.088,0.339,90.6,21.62,0.044555317837520717,0.5,0.3466381405024861
198,3.3,base,base,1,0.087,0.319,91.03,21.6,0.044555317837520717,0.5,0.3466381405024861
199,3.316666666666667,base,base,1,0.088,0.315,90.71,21.64,0.044555317837520717,0.5,0.3466381405024861
200,3.3333333333333335,base,base,1,0.088,0.3,91.29,21.81,0.044555317837520717,0.5,0.3466381405024861
201,3.35,base,base,1,0.088,0.277,90.92,21.78,0.044555317837520717,0.5,0.3466381405024861
202,3.3666666666666667,base,base,1,0.089,0.249,91.52,21.73,0.044555317837520717,0.5,0.3466381405024861
203,3.3833333333333333,base,base,1,0.092,0.238,90.89,21.6,0.044555317837520717,0.5,0.3466381405024861
204,3.4,base,base,1,0.09,0.242,90.72,21.63,0.044555317837520717,0.5,0.3466381405024861
205,3.4166666666666665,base,base,1,0.09,0.248,90.87,21.65,0.044555317837520717,0.5,0.3466381405024861
206,3.433333333333333,base,base,1,0.091,0.259,90.94,21.58,0.044555317837520717,0.5,0.3466381405024861
207,3.45,base,base,1,0.095,0.264,90.45,21.39,0.044555317837520717,0.5,0.3466381405024861
208,3.466666666666667,base,base,1,0.098,0.279,90.54,21.25,0.044555317837520717,0.5,0.3466381405024861
209,3.4833333333333334,base,base,1,0.098,0.288,90.62,21.55,0.044555317837520717,0.5,0.3466381405024861
210,3.5,base,base,1,0.09,0.302,90.51,21.59,0.044555317837520717,0.5,0.3466381405024861
211,3.5166666666666666,base,base,1,0.089,0.322,91.22,21.53,0.044555317837520717,0.5,0.3466381405024861
212,3.533333333333333,base,base,1,0.09,0.328,90.25,21.37,0.044555317837520717,0.5,0.3466381405024861
213,3.55,base,base,1,0.088,0.344,91.53,21.68,0.044555317837520717,0.5,0.3466381405024861
214,3.566666666666667,base,base,1,0.087,0.354,90.15,21.59,0.044555317837520717,0.5,0.3466381405024861
215,3.5833333333333335,base,base,1,0.086,0.387,91.1,21.81,0.044555317837520717,0.5,0.3466381405024861
216,3.6,base,base,1,0.087,0.389,91.13,21.71,0.044555317837520717,0.5,0.3466381405024861
217,3.6166666666666667,base,base,1,0.086,0.406,90.74,21.63,0.044555317837520717,0.5,0.3466381405024861
218,3.6333333333333333,base,base,1,0.087,0.425,91.84,21.76,0.044555317837520717,0.5,0.3466381405024861
219,3.65,base,base,1,0.086,0.433,91.88,21.87,0.044555317837520717,0.5,0.3466381405024861
220,3.6666666666666665,base,base,1,0.086,0.444,90.31,21.69,0.044555317837520717,0.5,0.3466381405024861
221,3.683333333333333,base,base,1,0.087,0.479,91.32,21.85,0.044555317837520717,0.5,0.3466381405024861
222,3.7,base,base,1,0.088,0.482,91.23,21.72,0.044555317837520717,0.5,0.3466381405024861
223,3.716666666666667,base,win,0,0.087,0.51,90.83,21.61,0.044789350329312444,0.5,0.3747220395174937
224,3.7333333333333334,base,win,0,0.086,0.561,91.62,21.63,0.044789350329312444,0.5,0.3747220395174937
225,3.75,base,win,0,0.086,0.562,92.56,21.8,0.044789350329312444,0.5,0.3747220395174937
226,3.7666666666666666,base,win,0,0.086,0.564,91.53,21.56,0.044789350329312444,0.5,0.3747220395174937
227,3.783333333333333,base,win,0,0.086,0.584,90.76,21.55,0.044789350329312444,0.5,0.3747220395174937
228,3.8,base,win,0,0.085,0.63,91.9,21.71,0.044789350329312444,0.5,0.3747220395174937
229,3.816666666666667,base,win,0,0.086,0.642,90.96,21.56,0.044789350329312444,0.5,0.3747220395174937
230,3.8333333333333335,base,win,0,0.085,0.681,91.33,21.73,0.044789350329312444,0.5,0.3747220395174937
231,3.85,base,win,0,0.086,0.682,93.23,21.94,0.044789350329312444,0.5,0.3747220395174937
232,3.8666666666666667,base,win,0,0.087,0.665,92.66,22.02,0.044789350329312444,0.5,0.3747220395174937
233,3.8833333333333333,base,win,0,0.087,0.642,93.25,22.01,0.044789350329312444,0.5,0.3747220395174937
234,3.9,base,win,0,0.089,0.636,92.73,21.86,0.044789350329312444,0.5,0.3747220395174937
235,3.9166666666666665,base,win,0,0.088,0.633,91.39,21.53,0.044789350329312444,0.5,0.3747220395174937
236,3.933333333333333,base,win,0,0.088,0.634,92.09,21.76,0.044789350329312444,0.5,0.3747220395174937
237,3.95,base,win,0,0.089,0.627,91.27,21.61,0.044789350329312444,0.5,0.3747220395174937
238,3.966666666666667,base,win,0,0.087,0.617,91.12,21.53,0.044789350329312444,0.5,0.3747220395174937
239,3.9833333333333334,base,win,0,0.086,0.639,90.11,21.57,0.044789350329312444,0.5,0.3747220395174937
240,4.0,base,win,0,0.085,0.664,90.08,21.57,0.044789350329312444,0.5,0.3747220395174937
241,4.016666666666667,base,win,0,0.085,0.697,90.91,21.52,0.044789350329312444,0.5,0.3747220395174937
242,4.033333333333333,base,win,0,0.085,0.717,91.83,21.92,0.044789350329312444,0.5,0.3747220395174937
243,4.05,base,win,0,0.09,0.71,90.47,21.81,0.044789350329312444,0.5,0.3747220395174937
244,4.066666666666666,base,win,0,0.089,0.708,90.4,21.71,0.044789350329312444,0.5,0.3747220395174937
245,4.083333333333333,base,win,0,0.088,0.714,91.69,21.97,0.044789350329312444,0.5,0.3747220395174937
246,4.1,base,win,0,0.088,0.699,90.51,21.71,0.044789350329312444,0.5,0.3747220395174937
247,4.116666666666666,base,win,0,0.087,0.718,91.4,21.63,0.044789350329312444,0.5,0.3747220395174937
248,4.133333333333334,base,win,0,0.087,0.701,91.77,21.74,0.044789350329312444,0.5,0.3747220395174937
249,4.15,base,win,0,0.094,0.667,91.12,21.56,0.044789350329312444,0.5,0.3747220395174937
250,4.166666666666667,base,win,0,0.09,0.646,91.56,21.66,0.044789350329312444,0.5,0.3747220395174937
251,4.183333333333334,base,win,0,0.09,0.628,91.62,21.65,0.044789350329312444,0.5,0.3747220395174937
252,4.2,base,win,0,0.09,0.611,91.22,21.54,0.044789350329312444,0.5,0.3747220395174937
253,4.216666666666667,base,win,0,0.09,0.604,92.53,21.66,0.044789350329312444,0.5,0.3747220395174937
254,4.233333333333333,base,win,0,0.093,0.595,92.01,21.47,0.044789350329312444,0.5,0.3747220395174937
255,4.25,base,win,0,0.093,0.581,91.37,21.55,0.044789350329312444,0.5,0.3747220395174937
256,4.266666666666667,base,win,0,0.09,0.577,92.73,21.82,0.044789350329312444,0.5,0.3747220395174937
257,4.283333333333333,base,win,0,0.089,0.565,92.75,22.03,0.044789350329312444,0.5,0.3747220395174937
258,4.3,base,win,0,0.089,0.559,92.53,21.93,0.044789350329312444,0.5,0.3747220395174937
259,4.316666666666666,base,win,0,0.087,0.56,93.0,22.06,0.044789350329312444,0.5,0.3747220395174937
260,4.333333333333333,base,win,0,0.086,0.549,92.32,22.18,0.044789350329312444,0.5,0.3747220395174937
261,4.35,base,win,0,0.086,0.554,93.23,21.96,0.044789350329312444,0.5,0.3747220395174937
262,4.366666666666666,base,win,0,0.086,0.558,93.03,22.0,0.044789350329312444,0.5,0.3747220395174937
263,4.383333333333334,base,win,0,0.086,0.557,92.54,21.99,0.044789350329312444,0.5,0.3747220395174937
264,4.4,base,win,0,0.086,0.557,91.8,21.8,0.044789350329312444,0.5,0.3747220395174937
265,4.416666666666667,base,win,0,0.086,0.557,92.34,21.91,0.044789350329312444,0.5,0.3747220395174937
266,4.433333333333334,base,win,0,0.086,0.551,92.23,21.87,0.044789350329312444,0.5,0.3747220395174937
267,4.45,base,win,0,0.085,0.55,91.39,21.71,0.044789350329312444,0.5,0.3747220395174937
268,4.466666666666667,base,win,0,0.085,0.582,90.48,21.56,0.044789350329312444,0.5,0.3747220395174937
269,4.483333333333333,base,win,0,0.085,0.637,90.49,21.47,0.044789350329312444,0.5,0.3747220395174937
270,4.5,base,win,0,0.085,0.674,90.41,21.44,0.044789350329312444,0.5,0.3747220395174937
271,4.516666666666667,base,win,0,0.085,0.707,90.73,21.55,0.044789350329312444,0.5,0.3747220395174937
272,4.533333333333333,base,win,0,0.085,0.736,91.11,21.62,0.044789350329312444,0.5,0.3747220395174937
273,4.55,base,win,0,0.085,0.754,91.21,21.59,0.044789350329312444,0.5,0.3747220395174937
274,4.566666666666666,base,win,0,0.085,0.759,91.52,21.77,0.044789350329312444,0.5,0.3747220395174937
275,4.583333333333333,base,win,0,0.086,0.742,92.04,21.81,0.044789350329312444,0.5,0.3747220395174937
276,4.6,base,win,0,0.087,0.727,91.53,21.81,0.044789350329312444,0.5,0.3747220395174937
277,4.616666666666666,base,win,0,0.086,0.73,93.22,22.0,0.044789350329312444,0.5,0.3747220395174937
278,4.633333333333334,base,win,0,0.086,0.71,91.63,22.16,0.044789350329312444,0.5,0.3747220395174937
279,4.65,base,win,0,0.085,0.702,92.21,21.88,0.044789350329312444,0.5,0.3747220395174937
280,4.666666666666667,base,win,0,0.088,0.704,92.05,21.91,0.044789350329312444,0.5,0.3747220395174937
281,4.683333333333334,base,win,0,0.086,0.694,92.52,21.93,0.044789350329312444,0.5,0.3747220395174937
282,4.7,base,win,0,0.086,0.671,91.92,22.07,0.044789350329312444,0.5,0.3747220395174937
283,4.716666666666667,base,win,0,0.087,0.641,92.45,22.09,0.044789350329312444,0.5,0.3747220395174937
284,4.733333333333333,base,win,0,0.088,0.626,92.28,21.93,0.044789350329312444,0.5,0.3747220395174937
285,4.75,base,win,0,0.089,0.623,92.82,21.8,0.044789350329312444,0.5,0.3747220395174937
286,4.766666666666667,base,win,0,0.093,0.604,93.05,21.86,0.044789350329312444,0.5,0.3747220395174937
287,4.783333333333333,base,win,0,0.09,0.605,93.29,21.97,0.044789350329312444,0.5,0.3747220395174937
288,4.8,base,win,0,0.091,0.629,92.15,21.63,0.044789350329312444,0.5,0.3747220395174937
289,4.816666666666666,base,win,0,0.09,0.629,91.56,21.61,0.044789350329312444,0.5,0.3747220395174937
290,4.833333333333333,base,win,0,0.086,0.632,91.25,21.7,0.044789350329312444,0.5,0.3747220395174937
291,4.85,base,win,0,0.085,0.651,92.36,21.85,0.044789350329312444,0.5,0.3747220395174937
292,4.866666666666666,base,win,0,0.086,0.652,91.72,21.82,0.044789350329312444,0.5,0.3747220395174937
293,4.883333333333334,base,win,0,0.085,0.648,92.76,21.93,0.044789350329312444,0.5,0.3747220395174937
294,4.9,base,win,0,0.085,0.639,91.11,21.69,0.044789350329312444,0.5,0.3747220395174937
295,4.916666666666667,base,win,0,0.086,0.66,90.15,21.49,0.044789350329312444,0.5,0.3747220395174937
296,4.933333333333334,base,win,0,0.085,0.698,90.17,21.54,0.044789350329312444,0.5,0.3747220395174937
297,4.95,base,win,0,0.085,0.725,91.08,21.67,0.044789350329312444,0.5,0.3747220395174937
298,4.966666666666667,base,win,0,0.085,0.729,91.12,21.61,0.044789350329312444,0.5,0.3747220395174937
299,4.983333333333333,base,win,0,0.085,0.752,91.5,21.83,0.044789350329312444,0.5,0.3747220395174937
300,5.0,base,win,0,0.086,0.73,92.02,21.89,0.044789350329312444,0.5,0.3747220395174937
301,5.016666666666667,base,win,0,0.086,0.715,91.6,21.73,0.044789350329312444,0.5,0.3747220395174937
302,5.033333333333333,base,win,0,0.087,0.7,91.13,21.88,0.044789350329312444,0.5,0.3747220395174937
303,5.05,base,win,0,0.087,0.676,91.65,21.81,0.044789350329312444,0.5,0.3747220395174937
304,5.066666666666666,base,win,0,0.086,0.666,92.09,22.12,0.044789350329312444,0.5,0.3747220395174937
305,5.083333333333333,base,win,0,0.086,0.643,92.11,21.99,0.044789350329312444,0.5,0.3747220395174937
306,5.1,base,win,0,0.086,0.629,91.77,21.81,0.044789350329312444,0.5,0.3747220395174937
307,5.116666666666666,base,win,0,0.086,0.62,91.32,21.67,0.044789350329312444,0.5,0.3747220395174937
308,5.133333333333334,base,win,0,0.086,0.651,91.5,21.8,0.044789350329312444,0.5,0.3747220395174937
309,5.15,base,win,0,0.087,0.641,90.77,21.82,0.044789350329312444,0.5,0.3747220395174937
310,5.166666666666667,base,win,0,0.087,0.633,91.75,22.03,0.044789350329312444,0.5,0.3747220395174937
311,5.183333333333334,base,win,0,0.086,0.63,92.23,21.94,0.044789350329312444,0.5,0.3747220395174937
312,5.2,base,win,0,0.085,0.625,92.83,21.86,0.044789350329312444,0.5,0.3747220395174937
313,5.216666666666667,base,win,0,0.087,0.612,92.7,21.75,0.044789350329312444,0.5,0.3747220395174937
314,5.233333333333333,base,win,0,0.087,0.595,92.11,21.75,0.044789350329312444,0.5,0.3747220395174937
315,5.25,base,win,0,0.089,0.585,92.01,21.64,0.044789350329312444,0.5,0.3747220395174937
316,5.266666666666667,base,win,0,0.087,0.578,92.64,21.86,0.044789350329312444,0.5,0.3747220395174937
317,5.283333333333333,base,win,0,0.088,0.581,93.03,21.81,0.044789350329312444,0.5,0.3747220395174937
318,5.3,base,win,0,0.086,0.587,92.65,21.87,0.044789350329312444,0.5,0.3747220395174937
319,5.316666666666666,base,win,0,0.086,0.574,91.12,21.52,0.044789350329312444,0.5,0.3747220395174937
320,5.333333333333333,base,win,0,0.086,0.568,91.24,21.7,0.044789350329312444,0.5,0.3747220395174937
321,5.35,base,win,0,0.085,0.604,91.24,21.65,0.044789350329312444,0.5,0.3747220395174937
322,5.366666666666666,base,win,0,0.085,0.642,92.32,21.81,0.044789350329312444,0.5,0.3747220395174937
323,5.383333333333334,base,win,0,0.085,0.639,92.09,21.85,0.044789350329312444,0.5,0.3747220395174937
324,5.4,base,win,0,0.085,0.628,92.16,21.99,0.044789350329312444,0.5,0.3747220395174937
325,5.416666666666667,base,win,0,0.085,0.61,92.5,22.14,0.044789350329312444,0.5,0.3747220395174937
326,5.433333333333334,base,win,0,0.086,0.619,91.63,22.21,0.044789350329312444,0.5,0.3747220395174937
327,5.45,base,win,0,0.085,0.63,91.03,22.35,0.044789350329312444,0.5,0.3747220395174937
328,5.466666666666667,base,win,0,0.086,0.634,92.54,22.11,0.044789350329312444,0.5,0.3747220395174937
329,5.483333333333333,base,win,0,0.085,0.634,92.13,22.0,0.044789350329312444,0.5,0.3747220395174937
330,5.5,base,win,0,0.086,0.647,92.4,21.94,0.044789350329312444,0.5,0.3747220395174937
331,5.516666666666667,base,win,0,0.085,0.661,92.37,22.01,0.044789350329312444,0.5,0.3747220395174937
332,5.533333333333333,base,win,0,0.086,0.671,91.88,21.97,0.044789350329312444,0.5,0.3747220395174937
333,5.55,base,win,0,0.086,0.687,91.96,21.87,0.044789350329312444,0.5,0.3747220395174937
334,5.566666666666666,base,win,0,0.085,0.686,91.35,21.82,0.044789350329312444,0.5,0.3747220395174937
335,5.583333333333333,base,win,0,0.085,0.69,91.1,21.84,0.044789350329312444,0.5,0.3747220395174937
336,5.6,base,win,0,0.086,0.689,91.96,21.98,0.044789350329312444,0.5,0.3747220395174937
337,5.616666666666666,base,win,0,0.088,0.704,91.81,21.95,0.044789350329312444,0.5,0.3747220395174937
338,5.633333333333334,base,win,0,0.085,0.71,91.99,21.97,0.044789350329312444,0.5,0.3747220395174937
339,5.65,base,win,0,0.085,0.707,92.2,21.94,0.044789350329312444,0.5,0.3747220395174937
340,5.666666666666667,base,win,0,0.084,0.708,92.39,21.98,0.044789350329312444,0.5,0.3747220395174937
341,5.683333333333334,base,win,0,0.085,0.719,92.21,21.87,0.044789350329312444,0.5,0.3747220395174937
342,5.7,base,win,0,0.084,0.722,91.77,21.9,0.044789350329312444,0.5,0.3747220395174937
343,5.716666666666667,base,win,0,0.084,0.715,92.07,21.81,0.044789350329312444,0.5,0.3747220395174937
344,5.733333333333333,base,win,0,0.084,0.715,92.9,22.0,0.044789350329312444,0.5,0.3747220395174937
345,5.75,base,win,0,0.084,0.711,92.3,22.12,0.044789350329312444,0.5,0.3747220395174937
346,5.766666666666667,base,win,0,0.084,0.706,92.73,22.05,0.044789350329312444,0.5,0.3747220395174937
347,5.783333333333333,base,win,0,0.084,0.706,92.97,22.01,0.044789350329312444,0.5,0.3747220395174937
348,5.8,base,win,0,0.084,0.696,92.53,21.97,0.044789350329312444,0.5,0.3747220395174937
349,5.816666666666666,base,win,0,0.084,0.698,92.15,21.92,0.044789350329312444,0.5,0.3747220395174937
350,5.833333333333333,base,win,0,0.084,0.695,91.71,21.87,0.044789350329312444,0.5,0.3747220395174937
351,5.85,base,win,0,0.084,0.695,92.52,21.8,0.044789350329312444,0.5,0.3747220395174937
352,5.866666666666666,base,win,0,0.085,0.702,92.84,21.9,0.044789350329312444,0.5,0.3747220395174937
353,5.883333333333334,base,win,0,0.085,0.689,93.14,21.94,0.044789350329312444,0.5,0.3747220395174937
354,5.9,base,win,0,0.085,0.678,92.59,21.91,0.044789350329312444,0.5,0.3747220395174937
355,5.916666666666667,base,win,0,0.085,0.674,92.66,21.96,0.044789350329312444,0.5,0.3747220395174937
356,5.933333333333334,base,win,0,0.084,0.676,92.61,22.1,0.044789350329312444,0.5,0.3747220395174937
357,5.95,base,win,0,0.084,0.692,92.26,22.1,0.044789350329312444,0.5,0.3747220395174937
358,5.966666666666667,base,win,0,0.084,0.69,92.3,22.12,0.044789350329312444,0.5,0.3747220395174937
359,5.983333333333333,base,win,0,0.084,0.687,92.84,22.05,0.044789350329312444,0.5,0.3747220395174937
360,6.0,base,win,0,0.085,0.686,92.85,22.08,0.044789350329312444,0.5,0.3747220395174937
361,6.016666666666667,base,win,0,0.086,0.691,92.03,22.13,0.044789350329312444,0.5,0.3747220395174937
362,6.033333333333333,base,win,0,0.085,0.688,93.08,21.99,0.044789350329312444,0.5,0.3747220395174937
363,6.05,base,win,0,0.085,0.682,92.36,22.08,0.044789350329312444,0.5,0.3747220395174937
364,6.066666666666666,base,win,0,0.086,0.701,92.2,22.17,0.044789350329312444,0.5,0.3747220395174937
365,6.083333333333333,base,win,0,0.085,0.699,91.17,22.3,0.044789350329312444,0.5,0.3747220395174937
366,6.1,base,win,0,0.085,0.7,92.52,22.19,0.044789350329312444,0.5,0.3747220395174937
367,6.116666666666666,base,win,0,0.086,0.7,92.39,21.97,0.044789350329312444,0.5,0.3747220395174937
368,6.133333333333334,base,win,0,0.085,0.686,92.55,21.89,0.044789350329312444,0.5,0.3747220395174937
369,6.15,base,win,0,0.085,0.672,92.37,21.93,0.044789350329312444,0.5,0.3747220395174937
370,6.166666666666667,base,win,0,0.085,0.659,93.36,21.99,0.044789350329312444,0.5,0.3747220395174937
371,6.183333333333334,base,win,0,0.086,0.644,92.28,21.85,0.044789350329312444,0.5,0.3747220395174937
372,6.2,base,win,0,0.087,0.654,92.17,21.96,0.044789350329312444,0.5,0.3747220395174937
373,6.216666666666667,base,win,0,0.087,0.657,92.76,21.94,0.044789350329312444,0.5,0.3747220395174937
374,6.233333333333333,base,win,0,0.086,0.645,92.93,21.89,0.044789350329312444,0.5,0.3747220395174937
375,6.25,base,win,0,0.087,0.638,93.51,22.02,0.044789350329312444,0.5,0.3747220395174937
376,6.266666666666667,base,win,0,0.086,0.639,92.37,21.88,0.044789350329312444,0.5,0.3747220395174937
377,6.283333333333333,base,win,0,0.086,0.641,92.77,22.05,0.044789350329312444,0.5,0.3747220395174937
378,6.3,base,win,0,0.085,0.643,92.51,21.96,0.044789350329312444,0.5,0.3747220395174937
379,6.316666666666666,base,win,0,0.085,0.648,92.56,21.91,0.044789350329312444,0.5,0.3747220395174937
380,6.333333333333333,base,win,0,0.085,0.646,91.74,22.23,0.044789350329312444,0.5,0.3747220395174937
381,6.35,base,win,0,0.085,0.65,91.88,22.13,0.044789350329312444,0.5,0.3747220395174937
382,6.366666666666666,base,win,0,0.085,0.649,92.67,22.12,0.044789350329312444,0.5,0.3747220395174937
383,6.383333333333334,base,win,0,0.086,0.64,92.63,22.1,0.044789350329312444,0.5,0.3747220395174937
384,6.4,base,win,0,0.086,0.625,92.81,22.09,0.044789350329312444,0.5,0.3747220395174937
385,6.416666666666667,base,win,0,0.086,0.618,92.21,22.03,0.044789350329312444,0.5,0.3747220395174937
386,6.433333333333334,base,win,0,0.085,0.624,92.08,22.12,0.044789350329312444,0.5,0.3747220395174937
387,6.45,base,win,0,0.085,0.624,93.08,21.95,0.044789350329312444,0.5,0.3747220395174937
388,6.466666666666667,base,win,0,0.087,0.63,92.96,21.89,0.044789350329312444,0.5,0.3747220395174937
389,6.483333333333333,base,win,0,0.086,0.62,92.9,21.88,0.044789350329312444,0.5,0.3747220395174937
390,6.5,base,win,0,0.086,0.635,92.58,22.06,0.044789350329312444,0.5,0.3747220395174937
391,6.516666666666667,base,win,0,0.085,0.637,92.68,21.89,0.044789350329312444,0.5,0.3747220395174937
392,6.533333333333333,base,win,0,0.085,0.632,92.59,21.98,0.044789350329312444,0.5,0.3747220395174937
393,6.55,base,win,0,0.085,0.631,93.29,22.02,0.044789350329312444,0.5,0.3747220395174937
394,6.566666666666666,base,win,0,0.085,0.634,92.43,22.07,0.044789350329312444,0.5,0.3747220395174937
395,6.583333333333333,base,win,0,0.085,0.644,92.0,22.27,0.044789350329312444,0.5,0.3747220395174937
396,6.6,base,win,0,0.085,0.64,92.29,22.03,0.044789350329312444,0.5,0.3747220395174937
397,6.616666666666666,base,win,0,0.085,0.642,91.96,22.24,0.044789350329312444,0.5,0.3747220395174937
398,6.633333333333334,base,win,0,0.086,0.652,92.85,22.1,0.044789350329312444,0.5,0.3747220395174937
399,6.65,base,win,0,0.085,0.647,92.9,22.04,0.044789350329312444,0.5,0.3747220395174937
400,6.666666666666667,base,win,0,0.087,0.647,92.72,21.93,0.044789350329312444,0.5,0.3747220395174937
401,6.683333333333334,base,win,0,0.086,0.625,92.92,21.99,0.044789350329312444,0.5,0.3747220395174937
402,6.7,base,win,0,0.087,0.61,92.4,21.9,0.044789350329312444,0.5,0.3747220395174937
403,6.716666666666667,base,win,0,0.085,0.607,92.59,22.03,0.044789350329312444,0.5,0.3747220395174937
404,6.733333333333333,base,win,0,0.084,0.615,92.62,22.04,0.044789350329312444,0.5,0.3747220395174937
405,6.75,base,win,0,0.084,0.612,92.3,22.08,0.044789350329312444,0.5,0.3747220395174937
406,6.766666666666667,base,win,0,0.085,0.622,92.98,21.99,0.044789350329312444,0.5,0.3747220395174937
407,6.783333333333333,base,win,0,0.084,0.631,91.78,21.74,0.044789350329312444,0.5,0.3747220395174937
408,6.8,base,win,0,0.084,0.647,92.41,21.8,0.044789350329312444,0.5,0.3747220395174937
409,6.816666666666666,base,win,0,0.084,0.649,92.17,22.07,0.044789350329312444,0.5,0.3747220395174937
410,6.833333333333333,base,win,0,0.083,0.652,92.26,22.23,0.044789350329312444,0.5,0.3747220395174937
411,6.85,base,win,0,0.084,0.644,91.99,22.27,0.044789350329312444,0.5,0.3747220395174937
412,6.866666666666666,base,win,0,0.084,0.637,92.4,21.94,0.044789350329312444,0.5,0.3747220395174937
413,6.883333333333334,base,win,0,0.085,0.667,92.44,21.98,0.044789350329312444,0.5,0.3747220395174937
414,6.9,base,win,0,0.084,0.682,92.51,21.97,0.044789350329312444,0.5,0.3747220395174937
415,6.916666666666667,base,win,0,0.084,0.688,92.71,22.09,0.044789350329312444,0.5,0.3747220395174937
416,6.933333333333334,base,win,0,0.084,0.687,92.55,22.1,0.044789350329312444,0.5,0.3747220395174937
417,6.95,base,win,0,0.084,0.68,92.39,22.15,0.044789350329312444,0.5,0.3747220395174937
418,6.966666666666667,base,win,0,0.085,0.674,92.58,22.01,0.044789350329312444,0.5,0.3747220395174937
419,6.983333333333333,base,win,0,0.084,0.678,92.99,22.13,0.044789350329312444,0.5,0.3747220395174937
420,7.0,base,win,0,0.085,0.705,92.82,22.12,0.044789350329312444,0.5,0.3747220395174937
421,7.016666666666667,base,win,0,0.085,0.717,92.99,21.95,0.044789350329312444,0.5,0.3747220395174937
422,7.033333333333333,base,win,0,0.083,0.698,92.69,21.86,0.044789350329312444,0.5,0.3747220395174937
423,7.05,base,win,0,0.085,0.665,93.15,21.99,0.044789350329312444,0.5,0.3747220395174937
424,7.066666666666666,base,win,0,0.088,0.668,92.41,22.18,0.044789350329312444,0.5,0.3747220395174937
425,7.083333333333333,base,win,0,0.085,0.648,93.47,22.05,0.044789350329312444,0.5,0.3747220395174937
426,7.1,base,win,0,0.086,0.649,93.54,22.06,0.044789350329312444,0.5,0.3747220395174937
427,7.116666666666666,base,win,0,0.087,0.644,93.02,22.06,0.044789350329312444,0.5,0.3747220395174937
428,7.133333333333334,base,win,0,0.087,0.644,92.83,22.27,0.044789350329312444,0.5,0.3747220395174937
429,7.15,base,win,0,0.088,0.646,92.35,22.22,0.044789350329312444,0.5,0.3747220395174937
430,7.166666666666667,base,win,0,0.087,0.639,92.92,22.11,0.044789350329312444,0.5,0.3747220395174937
431,7.183333333333334,base,win,0,0.088,0.645,92.26,22.14,0.044789350329312444,0.5,0.3747220395174937
432,7.2,base,win,0,0.085,0.632,92.32,22.08,0.044789350329312444,0.5,0.3747220395174937
433,7.216666666666667,base,win,0,0.084,0.628,92.83,21.85,0.044789350329312444,0.5,0.3747220395174937
434,7.233333333333333,base,win,0,0.084,0.643,92.62,21.85,0.044789350329312444,0.5,0.3747220395174937
435,7.25,base,win,0,0.084,0.618,93.27,21.94,0.044789350329312444,0.5,0.3747220395174937
436,7.266666666666667,base,win,0,0.084,0.594,93.54,22.03,0.044789350329312444,0.5,0.3747220395174937
437,7.283333333333333,base,win,0,0.087,0.593,93.12,22.19,0.044789350329312444,0.5,0.3747220395174937
438,7.3,occ,win,0,0.088,0.593,92.17,22.21,0.044789350329312444,0.5,0.3747220395174937
439,7.316666666666666,occ,win,0,0.104,0.625,91.72,22.26,0.044789350329312444,0.5,0.3747220395174937
440,7.333333333333333,occ,win,0,0.114,0.662,91.94,22.42,0.044789350329312444,0.5,0.3747220395174937
441,7.35,occ,win,0,0.113,0.683,90.95,22.63,0.044789350329312444,0.5,0.3747220395174937
442,7.366666666666666,occ,win,0,0.111,0.704,91.25,22.49,0.044789350329312444,0.5,0.3747220395174937
443,7.383333333333334,occ,win,0,0.115,0.701,91.01,22.62,0.044789350329312444,0.5,0.3747220395174937
444,7.4,occ,win,0,0.124,0.695,90.5,22.65,0.044789350329312444,0.5,0.3747220395174937
445,7.416666666666667,occ,win,0,0.122,0.687,90.76,22.55,0.044789350329312444,0.5,0.3747220395174937
446,7.433333333333334,occ,win,0,0.131,0.674,91.79,22.31,0.044789350329312444,0.5,0.3747220395174937
447,7.45,occ,win,0,0.141,0.655,91.18,22.35,0.044789350329312444,0.5,0.3747220395174937
448,7.466666666666667,occ,win,0,0.144,0.642,90.18,22.7,0.044789350329312444,0.5,0.3747220395174937
449,7.483333333333333,occ,win,0,0.139,0.635,91.92,22.22,0.044789350329312444,0.5,0.3747220395174937
450,7.5,occ,win,0,0.15,0.607,91.19,22.35,0.044789350329312444,0.5,0.3747220395174937
451,7.516666666666667,occ,win,0,0.169,0.575,92.04,22.38,0.044789350329312444,0.5,0.3747220395174937
452,7.533333333333333,occ,win,0,0.201,0.543,90.96,22.37,0.044789350329312444,0.5,0.3747220395174937
453,7.55,occ,win,0,0.25,0.486,91.05,22.5,0.044789350329312444,0.5,0.3747220395174937
454,7.566666666666666,occ,win,0,0.251,0.476,91.95,22.41,0.044789350329312444,0.5,0.3747220395174937
455,7.583333333333333,occ,win,0,0.275,0.449,91.78,22.26,0.044789350329312444,0.5,0.3747220395174937
456,7.6,occ,base,0,0.321,0.393,91.96,22.13,0.044555317837520717,0.5,0.3466381405024861
457,7.616666666666666,occ,base,0,0.344,0.352,91.4,22.22,0.044555317837520717,0.5,0.3466381405024861
458,7.633333333333334,occ,base,0,0.328,0.351,91.66,22.22,0.044555317837520717,0.5,0.3466381405024861
459,7.65,occ,base,0,0.323,0.351,91.04,22.33,0.044555317837520717,0.5,0.3466381405024861
460,7.666666666666667,occ,base,0,0.272,0.373,88.95,22.47,0.044555317837520717,0.5,0.3466381405024861
461,7.683333333333334,occ,base,0,0.331,0.37,88.16,22.64,0.044555317837520717,0.5,0.3466381405024861
462,7.7,occ,occ,1,0.414,0.355,89.2,22.48,0.044643773758584714,0.5,0.3572528510301656
463,7.716666666666667,occ,occ,1,0.512,0.323,88.81,22.58,0.044643773758584714,0.5,0.3572528510301656
464,7.733333333333333,occ,occ,1,0.625,0.278,87.95,22.65,0.044643773758584714,0.5,0.3572528510301656
465,7.75,occ,occ,1,0.714,0.235,86.98,22.72,0.044643773758584714,0.5,0.3572528510301656
466,7.766666666666667,occ,occ,1,0.787,0.194,88.85,22.47,0.044643773758584714,0.5,0.3572528510301656
467,7.783333333333333,occ,occ,1,0.814,0.186,87.76,22.55,0.044643773758584714,0.5,0.3572528510301656
468,7.8,occ,occ,1,0.839,0.177,87.65,22.43,0.044643773758584714,0.5,0.3572528510301656
469,7.816666666666666,occ,occ,1,0.862,0.161,88.7,22.2,0.044643773758584714,0.5,0.3572528510301656
470,7.833333333333333,occ,occ,1,0.88,0.152,89.37,22.12,0.044643773758584714,0.5,0.3572528510301656
471,7.85,occ,occ,1,0.881,0.165,88.56,22.26,0.044643773758584714,0.5,0.3572528510301656
472,7.866666666666666,occ,occ,1,0.891,0.151,88.72,22.31,0.044643773758584714,0.5,0.3572528510301656
473,7.883333333333334,occ,occ,1,0.88,0.192,87.28,22.42,0.044643773758584714,0.5,0.3572528510301656
474,7.9,occ,occ,1,0.89,0.195,85.53,22.68,0.044643773758584714,0.5,0.3572528510301656
475,7.916666666666667,occ,occ,1,0.899,0.183,84.39,22.85,0.044643773758584714,0.5,0.3572528510301656
476,7.933333333333334,occ,occ,1,0.901,0.183,84.13,23.0,0.044643773758584714,0.5,0.3572528510301656
477,7.95,occ,occ,1,0.898,0.209,83.88,23.0,0.044643773758584714,0.5,0.3572528510301656
478,7.966666666666667,occ,occ,1,0.899,0.246,83.89,22.84,0.044643773758584714,0.5,0.3572528510301656
479,7.983333333333333,occ,occ,1,0.9,0.329,84.43,22.75,0.044643773758584714,0.5,0.3572528510301656
480,8.0,occ,occ,1,0.905,0.4,84.86,22.67,0.044643773758584714,0.5,0.3572528510301656
481,8.016666666666667,occ,occ,1,0.909,0.476,84.22,22.77,0.044643773758584714,0.5,0.3572528510301656
482,8.033333333333333,full,full,1,0.91,0.596,86.11,22.54,0.04455464126420311,0.5,0.34655695170437384
483,8.05,full,full,1,0.912,0.729,86.03,22.62,0.04455464126420311,0.5,0.34655695170437384
484,8.066666666666666,full,full,1,0.914,0.782,83.68,22.98,0.04455464126420311,0.5,0.34655695170437384
485,8.083333333333334,full,full,1,0.913,0.818,84.11,23.09,0.04455464126420311,0.5,0.34655695170437384
486,8.1,full,full,1,0.914,0.853,83.23,23.23,0.04455464126420311,0.5,0.34655695170437384
487,8.116666666666667,full,full,1,0.915,0.866,82.74,23.39,0.04455464126420311,0.5,0.34655695170437384
488,8.133333333333333,full,full,1,0.913,0.879,83.88,23.19,0.04455464126420311,0.5,0.34655695170437384
489,8.15,full,full,1,0.912,0.889,83.63,23.31,0.04455464126420311,0.5,0.34655695170437384
490,8.166666666666666,full,full,1,0.913,0.888,82.56,23.36,0.04455464126420311,0.5,0.34655695170437384
491,8.183333333333334,full,full,1,0.913,0.876,83.86,23.35,0.04455464126420311,0.5,0.34655695170437384
492,8.2,full,full,1,0.912,0.893,83.92,23.35,0.04455464126420311,0.5,0.34655695170437384
493,8.216666666666667,full,full,1,0.911,0.899,84.11,23.15,0.04455464126420311,0.5,0.34655695170437384
494,8.233333333333333,full,full,1,0.913,0.895,82.83,23.35,0.04455464126420311,0.5,0.34655695170437384
495,8.25,full,full,1,0.914,0.886,82.53,23.38,0.04455464126420311,0.5,0.34655695170437384
496,8.266666666666667,full,full,1,0.916,0.892,81.6,23.63,0.04455464126420311,0.5,0.34655695170437384
497,8.283333333333333,full,full,1,0.916,0.9,81.18,23.52,0.04455464126420311,0.5,0.34655695170437384
498,8.3,full,full,1,0.916,0.894,81.2,23.67,0.04455464126420311,0.5,0.34655695170437384
499,8.316666666666666,full,full,1,0.918,0.902,80.08,23.69,0.04455464126420311,0.5,0.34655695170437384
500,8.333333333333334,full,full,1,0.918,0.905,79.67,23.67,0.04455464126420311,0.5,0.34655695170437384
501,8.35,full,full,1,0.917,0.906,79.22,23.81,0.04455464126420311,0.5,0.34655695170437384
502,8.366666666666667,full,full,1,0.916,0.907,80.16,23.62,0.04455464126420311,0.5,0.34655695170437384
503,8.383333333333333,full,full,1,0.913,0.908,80.02,23.65,0.04455464126420311,0.5,0.34655695170437384
504,8.4,full,full,1,0.913,0.909,79.64,23.79,0.04455464126420311,0.5,0.34655695170437384
505,8.416666666666666,full,full,1,0.913,0.91,79.02,23.81,0.04455464126420311,0.5,0.34655695170437384
506,8.433333333333334,full,full,1,0.915,0.91,79.93,23.7,0.04455464126420311,0.5,0.34655695170437384
507,8.45,full,full,1,0.915,0.91,79.49,23.69,0.04455464126420311,0.5,0.34655695170437384
508,8.466666666666667,full,full,1,0.917,0.91,79.84,23.46,0.04455464126420311,0.5,0.34655695170437384
509,8.483333333333333,full,full,1,0.918,0.909,79.81,23.51,0.04455464126420311,0.5,0.34655695170437384
510,8.5,full,full,1,0.916,0.91,80.24,23.51,0.04455464126420311,0.5,0.34655695170437384
511,8.516666666666667,full,full,1,0.915,0.911,80.16,23.52,0.04455464126420311,0.5,0.34655695170437384
512,8.533333333333333,full,full,1,0.914,0.911,78.99,23.68,0.04455464126420311,0.5,0.34655695170437384
513,8.55,full,full,1,0.915,0.911,79.53,23.63,0.04455464126420311,0.5,0.34655695170437384
514,8.566666666666666,full,full,1,0.916,0.912,79.41,23.83,0.04455464126420311,0.5,0.34655695170437384
515,8.583333333333334,full,full,1,0.913,0.912,79.54,23.75,0.04455464126420311,0.5,0.34655695170437384
516,8.6,full,full,1,0.916,0.912,79.85,23.64,0.04455464126420311,0.5,0.34655695170437384
517,8.616666666666667,full,full,1,0.917,0.913,78.63,23.87,0.04455464126420311,0.5,0.34655695170437384
518,8.633333333333333,full,full,1,0.918,0.913,79.68,23.57,0.04455464126420311,0.5,0.34655695170437384
519,8.65,full,full,1,0.919,0.913,79.48,23.81,0.04455464126420311,0.5,0.34655695170437384
520,8.666666666666666,full,full,1,0.916,0.914,78.82,23.78,0.04455464126420311,0.5,0.34655695170437384
521,8.683333333333334,full,full,1,0.92,0.914,78.74,23.98,0.04455464126420311,0.5,0.34655695170437384
522,8.7,full,full,1,0.92,0.914,79.45,23.89,0.04455464126420311,0.5,0.34655695170437384
523,8.716666666666667,full,full,1,0.92,0.915,79.48,23.82,0.04455464126420311,0.5,0.34655695170437384
524,8.733333333333333,full,full,1,0.92,0.915,79.54,23.75,0.04455464126420311,0.5,0.34655695170437384
525,8.75,full,full,1,0.922,0.916,79.32,23.87,0.04455464126420311,0.5,0.34655695170437384
526,8.766666666666667,full,full,1,0.921,0.916,79.68,23.63,0.04455464126420311,0.5,0.34655695170437384
527,8.783333333333333,full,full,1,0.922,0.916,78.58,24.03,0.04455464126420311,0.5,0.34655695170437384
528,8.8,full,full,1,0.921,0.917,78.35,24.16,0.04455464126420311,0.5,0.34655695170437384
529,8.816666666666666,full,full,1,0.92,0.916,78.06,24.15,0.04455464126420311,0.5,0.34655695170437384
530,8.833333333333334,full,full,1,0.92,0.916,78.88,24.03,0.04455464126420311,0.5,0.34655695170437384
531,8.85,full,full,1,0.918,0.916,78.07,24.1,0.04455464126420311,0.5,0.34655695170437384
532,8.866666666666667,full,full,1,0.919,0.916,77.0,24.28,0.04455464126420311,0.5,0.34655695170437384
533,8.883333333333333,full,full,1,0.921,0.917,77.51,24.31,0.04455464126420311,0.5,0.34655695170437384
534,8.9,full,full,1,0.921,0.918,77.71,24.26,0.04455464126420311,0.5,0.34655695170437384
535,8.916666666666666,full,full,1,0.921,0.918,78.21,24.05,0.04455464126420311,0.5,0.34655695170437384
536,8.933333333333334,full,full,1,0.922,0.918,77.9,24.31,0.04455464126420311,0.5,0.34655695170437384
537,8.95,full,full,1,0.921,0.919,77.55,24.36,0.04455464126420311,0.5,0.34655695170437384
538,8.966666666666667,full,full,1,0.922,0.919,76.81,24.39,0.04455464126420311,0.5,0.34655695170437384
539,8.983333333333333,full,full,1,0.922,0.919,78.44,24.19,0.04455464126420311,0.5,0.34655695170437384
540,9.0,full,full,1,0.922,0.92,78.53,24.15,0.04455464126420311,0.5,0.34655695170437384
541,9.016666666666667,full,full,1,0.922,0.92,78.62,24.09,0.04455464126420311,0.5,0.34655695170437384
542,9.033333333333333,full,full,1,0.922,0.919,78.79,24.12,0.04455464126420311,0.5,0.34655695170437384
543,9.05,full,full,1,0.921,0.919,79.04,24.01,0.04455464126420311,0.5,0.34655695170437384
544,9.066666666666666,full,full,1,0.922,0.92,78.01,24.05,0.04455464126420311,0.5,0.34655695170437384
545,9.083333333333334,full,full,1,0.922,0.916,78.68,24.02,0.04455464126420311,0.5,0.34655695170437384
546,9.1,full,full,1,0.923,0.919,78.44,24.0,0.04455464126420311,0.5,0.34655695170437384
547,9.116666666666667,full,full,1,0.923,0.919,77.98,24.12,0.04455464126420311,0.5,0.34655695170437384
548,9.133333333333333,full,full,1,0.922,0.919,78.26,24.07,0.04455464126420311,0.5,0.34655695170437384
549,9.15,full,full,1,0.923,0.92,78.12,24.2,0.04455464126420311,0.5,0.34655695170437384
550,9.166666666666666,full,full,1,0.923,0.92,77.86,24.21,0.04455464126420311,0.5,0.34655695170437384
551,9.183333333333334,full,full,1,0.923,0.921,78.15,24.16,0.04455464126420311,0.5,0.34655695170437384
552,9.2,full,full,1,0.923,0.92,77.7,24.21,0.04455464126420311,0.5,0.34655695170437384
553,9.216666666666667,full,full,1,0.923,0.92,78.2,24.2,0.04455464126420311,0.5,0.34655695170437384
554,9.233333333333333,full,full,1,0.923,0.921,78.35,24.04,0.04455464126420311,0.5,0.34655695170437384
555,9.25,full,full,1,0.923,0.919,77.76,24.33,0.04455464126420311,0.5,0.34655695170437384
556,9.266666666666667,full,full,1,0.923,0.92,77.74,24.32,0.04455464126420311,0.5,0.34655695170437384
557,9.283333333333333,full,full,1,0.923,0.921,77.59,24.27,0.04455464126420311,0.5,0.34655695170437384
558,9.3,full,full,1,0.923,0.92,78.67,24.04,0.04455464126420311,0.5,0.34655695170437384
559,9.316666666666666,full,full,1,0.923,0.921,78.99,23.97,0.04455464126420311,0.5,0.34655695170437384
560,9.333333333333334,full,full,1,0.923,0.921,78.58,24.18,0.04455464126420311,0.5,0.34655695170437384
561,9.35,full,full,1,0.922,0.92,78.59,24.26,0.04455464126420311,0.5,0.34655695170437384
562,9.366666666666667,full,full,1,0.921,0.919,77.1,24.28,0.04455464126420311,0.5,0.34655695170437384
563,9.383333333333333,full,full,1,0.923,0.92,78.44,24.14,0.04455464126420311,0.5,0.34655695170437384
564,9.4,full,full,1,0.922,0.92,77.66,24.19,0.04455464126420311,0.5,0.34655695170437384
565,9.416666666666666,full,full,1,0.922,0.92,77.45,24.34,0.04455464126420311,0.5,0.34655695170437384
566,9.433333333333334,full,full,1,0.922,0.92,76.74,24.37,0.04455464126420311,0.5,0.34655695170437384
567,9.45,full,full,1,0.922,0.92,78.03,24.15,0.04455464126420311,0.5,0.34655695170437384
568,9.466666666666667,full,full,1,0.922,0.92,78.16,24.11,0.04455464126420311,0.5,0.34655695170437384
569,9.483333333333333,full,full,1,0.921,0.919,77.31,24.25,0.04455464126420311,0.5,0.34655695170437384
570,9.5,full,full,1,0.923,0.92,77.88,24.27,0.04455464126420311,0.5,0.34655695170437384
571,9.516666666666667,full,full,1,0.922,0.92,77.42,24.22,0.04455464126420311,0.5,0.34655695170437384
572,9.533333333333333,full,full,1,0.923,0.921,78.02,24.26,0.04455464126420311,0.5,0.34655695170437384
573,9.55,full,full,1,0.922,0.921,78.08,24.07,0.04455464126420311,0.5,0.34655695170437384
574,9.566666666666666,full,full,1,0.923,0.921,77.92,24.13,0.04455464126420311,0.5,0.34655695170437384
575,9.583333333333334,full,full,1,0.922,0.92,78.72,23.98,0.04455464126420311,0.5,0.34655695170437384
576,9.6,full,full,1,0.923,0.921,77.23,24.26,0.04455464126420311,0.5,0.34655695170437384
577,9.616666666666667,full,full,1,0.923,0.921,78.7,24.13,0.04455464126420311,0.5,0.34655695170437384
578,9.633333333333333,full,full,1,0.922,0.92,78.36,24.06,0.04455464126420311,0.5,0.34655695170437384
579,9.65,full,full,1,0.923,0.921,78.0,24.15,0.04455464126420311,0.5,0.34655695170437384
580,9.666666666666666,full,full,1,0.923,0.921,77.87,24.06,0.04455464126420311,0.5,0.34655695170437384
581,9.683333333333334,full,full,1,0.923,0.921,77.62,24.21,0.04455464126420311,0.5,0.34655695170437384
582,9.7,full,full,1,0.923,0.921,76.18,24.37,0.04455464126420311,0.5,0.34655695170437384
583,9.716666666666667,full,full,1,0.923,0.921,77.75,24.15,0.04455464126420311,0.5,0.34655695170437384
584,9.733333333333333,full,full,1,0.922,0.921,76.78,24.27,0.04455464126420311,0.5,0.34655695170437384
585,9.75,full,full,1,0.923,0.921,76.96,24.33,0.04455464126420311,0.5,0.34655695170437384
586,9.766666666666667,full,full,1,0.922,0.921,76.19,24.49,0.04455464126420311,0.5,0.34655695170437384
587,9.783333333333333,full,full,1,0.922,0.921,77.1,24.25,0.04455464126420311,0.5,0.34655695170437384
588,9.8,full,full,1,0.923,0.921,77.44,24.18,0.04455464126420311,0.5,0.34655695170437384
589,9.816666666666666,full,full,1,0.923,0.921,76.52,24.21,0.04455464126420311,0.5,0.34655695170437384
590,9.833333333333334,full,full,1,0.923,0.921,76.91,24.17,0.04455464126420311,0.5,0.34655695170437384
591,9.85,full,full,1,0.923,0.921,77.22,24.15,0.04455464126420311,0.5,0.34655695170437384
592,9.866666666666667,full,full,1,0.922,0.921,76.95,24.13,0.04455464126420311,0.5,0.34655695170437384
593,9.883333333333333,full,full,1,0.923,0.921,76.92,24.07,0.04455464126420311,0.5,0.34655695170437384
594,9.9,full,full,1,0.923,0.921,76.41,24.13,0.04455464126420311,0.5,0.34655695170437384
595,9.916666666666666,full,full,1,0.923,0.921,76.69,24.18,0.04455464126420311,0.5,0.34655695170437384
596,9.933333333333334,full,full,1,0.923,0.921,76.54,24.28,0.04455464126420311,0.5,0.34655695170437384
597,9.95,full,full,1,0.922,0.921,75.48,24.45,0.04455464126420311,0.5,0.34655695170437384
598,9.966666666666667,full,full,1,0.923,0.921,75.46,24.44,0.04455464126420311,0.5,0.34655695170437384
599,9.983333333333333,full,full,1,0.922,0.921,76.81,24.05,0.04455464126420311,0.5,0.34655695170437384
600,10.0,full,full,1,0.922,0.921,76.58,24.06,0.04455464126420311,0.5,0.34655695170437384
601,10.016666666666667,full,full,1,0.923,0.921,76.31,24.17,0.04455464126420311,0.5,0.34655695170437384
602,10.033333333333333,full,full,1,0.923,0.921,75.73,24.38,0.04455464126420311,0.5,0.34655695170437384
603,10.05,full,full,1,0.922,0.921,75.91,24.32,0.04455464126420311,0.5,0.34655695170437384
604,10.066666666666666,full,full,1,0.922,0.92,75.5,24.43,0.04455464126420311,0.5,0.34655695170437384
605,10.083333333333334,full,full,1,0.922,0.921,74.75,24.6,0.04455464126420311,0.5,0.34655695170437384
606,10.1,full,full,1,0.923,0.921,74.79,24.54,0.04455464126420311,0.5,0.34655695170437384
607,10.116666666666667,full,full,1,0.922,0.921,74.54,24.46,0.04455464126420311,0.5,0.34655695170437384
608,10.133333333333333,full,full,1,0.923,0.921,75.12,24.44,0.04455464126420311,0.5,0.34655695170437384
609,10.15,full,full,1,0.922,0.92,75.87,24.34,0.04455464126420311,0.5,0.34655695170437384
610,10.166666666666666,full,full,1,0.922,0.921,75.99,24.28,0.04455464126420311,0.5,0.34655695170437384
611,10.183333333333334,full,full,1,0.922,0.921,76.32,24.07,0.04455464126420311,0.5,0.34655695170437384
612,10.2,full,full,1,0.922,0.921,76.3,23.85,0.04455464126420311,0.5,0.34655695170437384
613,10.216666666666667,full,full,1,0.923,0.92,75.73,24.13,0.04455464126420311,0.5,0.34655695170437384
614,10.233333333333333,full,full,1,0.923,0.921,77.37,23.9,0.04455464126420311,0.5,0.34655695170437384
615,10.25,full,full,1,0.921,0.92,75.29,24.1,0.04455464126420311,0.5,0.34655695170437384
616,10.266666666666667,full,full,1,0.923,0.921,76.42,24.05,0.04455464126420311,0.5,0.34655695170437384
617,10.283333333333333,full,full,1,0.921,0.919,75.23,24.31,0.04455464126420311,0.5,0.34655695170437384
618,10.3,full,full,1,0.92,0.919,75.11,24.26,0.04455464126420311,0.5,0.34655695170437384
619,10.316666666666666,full,full,1,0.921,0.92,75.33,24.31,0.04455464126420311,0.5,0.34655695170437384
620,10.333333333333334,full,full,1,0.921,0.92,76.04,24.07,0.04455464126420311,0.5,0.34655695170437384
621,10.35,full,full,1,0.922,0.92,75.09,24.26,0.04455464126420311,0.5,0.34655695170437384
622,10.366666666666667,full,full,1,0.922,0.92,75.47,24.21,0.04455464126420311,0.5,0.34655695170437384
623,10.383333333333333,full,full,1,0.921,0.92,75.52,24.35,0.04455464126420311,0.5,0.34655695170437384
624,10.4,full,full,1,0.921,0.92,73.91,24.57,0.04455464126420311,0.5,0.34655695170437384
625,10.416666666666666,full,full,1,0.921,0.92,74.33,24.54,0.04455464126420311,0.5,0.34655695170437384
626,10.433333333333334,full,full,1,0.92,0.92,74.34,24.36,0.04455464126420311,0.5,0.34655695170437384
627,10.45,full,full,1,0.922,0.92,75.09,24.26,0.04455464126420311,0.5,0.34655695170437384
628,10.466666666666667,full,full,1,0.921,0.92,74.81,24.13,0.04455464126420311,0.5,0.34655695170437384
629,10.483333333333333,full,full,1,0.922,0.92,74.41,24.36,0.04455464126420311,0.5,0.34655695170437384
630,10.5,full,full,1,0.922,0.92,74.69,24.47,0.04455464126420311,0.5,0.34655695170437384
631,10.516666666666667,full,full,1,0.92,0.92,75.19,24.31,0.04455464126420311,0.5,0.34655695170437384
632,10.533333333333333,full,full,1,0.921,0.92,74.77,24.37,0.04455464126420311,0.5,0.34655695170437384
633,10.55,full,full,1,0.921,0.92,74.97,24.17,0.04455464126420311,0.5,0.34655695170437384
634,10.566666666666666,full,full,1,0.922,0.92,74.92,24.11,0.04455464126420311,0.5,0.34655695170437384
635,10.583333333333334,full,full,1,0.921,0.92,75.04,24.15,0.04455464126420311,0.5,0.34655695170437384
636,10.6,full,full,1,0.921,0.919,74.21,24.41,0.04455464126420311,0.5,0.34655695170437384
637,10.616666666666667,full,full,1,0.921,0.919,75.42,24.22,0.04455464126420311,0.5,0.34655695170437384
638,10.633333333333333,full,full,1,0.919,0.918,74.78,24.22,0.04455464126420311,0.5,0.34655695170437384
639,10.65,full,full,1,0.921,0.919,74.38,24.31,0.04455464126420311,0.5,0.34655695170437384
640,10.666666666666666,full,full,1,0.922,0.92,74.64,24.25,0.04455464126420311,0.5,0.34655695170437384
641,10.683333333333334,full,full,1,0.922,0.92,74.01,24.21,0.04455464126420311,0.5,0.34655695170437384
642,10.7,full,full,1,0.921,0.92,74.92,24.0,0.04455464126420311,0.5,0.34655695170437384
643,10.716666666666667,full,full,1,0.922,0.92,75.79,24.02,0.04455464126420311,0.5,0.34655695170437384
644,10.733333333333333,full,full,1,0.921,0.92,76.16,23.98,0.04455464126420311,0.5,0.34655695170437384
645,10.75,full,full,1,0.921,0.92,75.45,24.03,0.04455464126420311,0.5,0.34655695170437384
646,10.766666666666667,full,full,1,0.922,0.92,74.68,24.3,0.04455464126420311,0.5,0.34655695170437384
647,10.783333333333333,full,full,1,0.921,0.92,73.83,24.36,0.04455464126420311,0.5,0.34655695170437384
648,10.8,full,full,1,0.922,0.92,74.75,24.1,0.04455464126420311,0.5,0.34655695170437384
649,10.816666666666666,full,full,1,0.921,0.92,73.95,24.26,0.04455464126420311,0.5,0.34655695170437384
650,10.833333333333334,full,full,1,0.922,0.92,73.71,24.22,0.04455464126420311,0.5,0.34655695170437384
651,10.85,full,full,1,0.922,0.92,74.96,24.02,0.04455464126420311,0.5,0.34655695170437384
652,10.866666666666667,full,full,1,0.922,0.92,74.52,24.24,0.04455464126420311,0.5,0.34655695170437384
653,10.883333333333333,full,full,1,0.921,0.92,74.31,24.16,0.04455464126420311,0.5,0.34655695170437384
654,10.9,full,full,1,0.921,0.92,73.97,24.28,0.04455464126420311,0.5,0.34655695170437384
655,10.916666666666666,full,full,1,0.92,0.919,73.76,24.44,0.04455464126420311,0.5,0.34655695170437384
656,10.933333333333334,full,full,1,0.92,0.919,74.09,24.45,0.04455464126420311,0.5,0.34655695170437384
657,10.95,full,full,1,0.919,0.919,75.49,24.1,0.04455464126420311,0.5,0.34655695170437384
658,10.966666666666667,full,full,1,0.92,0.92,74.44,24.2,0.04455464126420311,0.5,0.34655695170437384
659,10.983333333333333,full,full,1,0.922,0.921,74.66,24.28,0.04455464126420311,0.5,0.34655695170437384
660,11.0,full,full,1,0.921,0.92,74.37,24.18,0.04455464126420311,0.5,0.34655695170437384
661,11.016666666666667,full,full,1,0.922,0.921,74.44,24.17,0.04455464126420311,0.5,0.34655695170437384
662,11.033333333333333,full,full,1,0.922,0.92,74.11,24.3,0.04455464126420311,0.5,0.34655695170437384
663,11.05,full,full,1,0.921,0.92,74.46,24.25,0.04455464126420311,0.5,0.34655695170437384
664,11.066666666666666,full,full,1,0.921,0.92,73.95,24.1,0.04455464126420311,0.5,0.34655695170437384
665,11.083333333333334,full,full,1,0.922,0.92,75.4,23.84,0.04455464126420311,0.5,0.34655695170437384
666,11.1,full,full,1,0.921,0.919,74.08,24.22,0.04455464126420311,0.5,0.34655695170437384
667,11.116666666666667,full,full,1,0.921,0.92,74.84,24.14,0.04455464126420311,0.5,0.34655695170437384
668,11.133333333333333,full,full,1,0.919,0.919,75.44,23.77,0.04455464126420311,0.5,0.34655695170437384
669,11.15,full,full,1,0.92,0.919,74.39,24.0,0.04455464126420311,0.5,0.34655695170437384
670,11.166666666666666,full,full,1,0.92,0.919,74.12,24.1,0.04455464126420311,0.5,0.34655695170437384
671,11.183333333333334,full,full,1,0.919,0.918,72.91,24.24,0.04455464126420311,0.5,0.34655695170437384
672,11.2,full,full,1,0.92,0.919,73.88,24.13,0.04455464126420311,0.5,0.34655695170437384
673,11.216666666666667,occ,full,0,0.921,0.92,74.51,24.04,0.04455464126420311,0.5,0.34655695170437384
674,11.233333333333333,occ,full,0,0.921,0.92,73.77,24.1,0.04455464126420311,0.5,0.34655695170437384
675,11.25,occ,full,0,0.921,0.92,74.49,23.91,0.04455464126420311,0.5,0.34655695170437384
676,11.266666666666667,occ,full,0,0.921,0.92,74.02,23.96,0.04455464126420311,0.5,0.34655695170437384
677,11.283333333333333,occ,full,0,0.92,0.919,72.88,24.07,0.04455464126420311,0.5,0.34655695170437384
678,11.3,occ,full,0,0.921,0.919,73.23,24.13,0.04455464126420311,0.5,0.34655695170437384
679,11.316666666666666,occ,full,0,0.921,0.919,73.18,24.12,0.04455464126420311,0.5,0.34655695170437384
680,11.333333333333334,occ,full,0,0.92,0.919,72.65,24.11,0.04455464126420311,0.5,0.34655695170437384
681,11.35,occ,full,0,0.92,0.918,72.28,24.14,0.04455464126420311,0.5,0.34655695170437384
682,11.366666666666667,occ,full,0,0.919,0.917,72.73,24.09,0.04455464126420311,0.5,0.34655695170437384
683,11.383333333333333,occ,full,0,0.92,0.918,72.72,24.03,0.04455464126420311,0.5,0.34655695170437384
684,11.4,occ,full,0,0.92,0.918,72.67,24.12,0.04455464126420311,0.5,0.34655695170437384
685,11.416666666666666,occ,full,0,0.92,0.919,72.0,24.22,0.04455464126420311,0.5,0.34655695170437384
686,11.433333333333334,occ,full,0,0.921,0.919,72.51,24.14,0.04455464126420311,0.5,0.34655695170437384
687,11.45,occ,full,0,0.922,0.92,72.77,24.12,0.04455464126420311,0.5,0.34655695170437384
688,11.466666666666667,full,full,1,0.922,0.92,73.05,24.33,0.04455464126420311,0.5,0.34655695170437384
689,11.483333333333333,full,full,1,0.92,0.919,72.22,24.3,0.04455464126420311,0.5,0.34655695170437384
690,11.5,full,full,1,0.921,0.92,73.33,24.16,0.04455464126420311,0.5,0.34655695170437384
691,11.516666666666667,full,full,1,0.92,0.919,73.84,24.04,0.04455464126420311,0.5,0.34655695170437384
692,11.533333333333333,full,full,1,0.921,0.92,73.95,23.93,0.04455464126420311,0.5,0.34655695170437384
693,11.55,occ,full,0,0.921,0.92,74.4,23.77,0.04455464126420311,0.5,0.34655695170437384
694,11.566666666666666,occ,full,0,0.922,0.92,75.2,23.5,0.04455464126420311,0.5,0.34655695170437384
695,11.583333333333334,occ,full,0,0.922,0.92,74.49,23.65,0.04455464126420311,0.5,0.34655695170437384
696,11.6,occ,full,0,0.922,0.92,74.22,23.63,0.04455464126420311,0.5,0.34655695170437384
697,11.616666666666667,occ,full,0,0.922,0.919,73.89,23.82,0.04455464126420311,0.5,0.34655695170437384
698,11.633333333333333,occ,full,0,0.921,0.919,72.67,23.86,0.04455464126420311,0.5,0.34655695170437384
699,11.65,occ,full,0,0.921,0.918,73.16,23.96,0.04455464126420311,0.5,0.34655695170437384
700,11.666666666666666,occ,full,0,0.919,0.917,72.74,23.95,0.04455464126420311,0.5,0.34655695170437384
701,11.683333333333334,occ,full,0,0.92,0.917,72.33,24.13,0.04455464126420311,0.5,0.34655695170437384
702,11.7,occ,full,0,0.919,0.918,71.68,24.12,0.04455464126420311,0.5,0.34655695170437384
703,11.716666666666667,occ,full,0,0.92,0.918,71.77,24.18,0.04455464126420311,0.5,0.34655695170437384
704,11.733333333333333,occ,full,0,0.919,0.917,70.66,24.05,0.04455464126420311,0.5,0.34655695170437384
705,11.75,occ,full,0,0.921,0.917,72.4,24.07,0.04455464126420311,0.5,0.34655695170437384
706,11.766666666666667,occ,full,0,0.92,0.918,73.06,24.04,0.04455464126420311,0.5,0.34655695170437384
707,11.783333333333333,full,full,1,0.919,0.918,73.93,23.87,0.04455464126420311,0.5,0.34655695170437384
708,11.8,occ,full,0,0.921,0.919,72.67,24.08,0.04455464126420311,0.5,0.34655695170437384
709,11.816666666666666,occ,full,0,0.919,0.918,73.77,23.85,0.04455464126420311,0.5,0.34655695170437384
710,11.833333333333334,occ,full,0,0.921,0.919,73.57,23.87,0.04455464126420311,0.5,0.34655695170437384
711,11.85,full,full,1,0.921,0.92,74.39,24.0,0.04455464126420311,0.5,0.34655695170437384
712,11.866666666666667,occ,full,0,0.92,0.92,73.92,23.96,0.04455464126420311,0.5,0.34655695170437384
713,11.883333333333333,occ,full,0,0.92,0.919,72.49,24.07,0.04455464126420311,0.5,0.34655695170437384
714,11.9,occ,full,0,0.921,0.919,73.23,23.94,0.04455464126420311,0.5,0.34655695170437384
715,11.916666666666666,occ,full,0,0.921,0.919,73.54,24.07,0.04455464126420311,0.5,0.34655695170437384
716,11.933333333333334,occ,full,0,0.92,0.919,72.17,24.24,0.04455464126420311,0.5,0.34655695170437384
717,11.95,occ,full,0,0.92,0.919,71.65,24.2,0.04455464126420311,0.5,0.34655695170437384
718,11.966666666666667,occ,full,0,0.921,0.919,72.33,24.15,0.04455464126420311,0.5,0.34655695170437384
719,11.983333333333333,occ,full,0,0.92,0.919,71.87,24.13,0.04455464126420311,0.5,0.34655695170437384
720,12.0,occ,full,0,0.921,0.919,73.8,23.8,0.04455464126420311,0.5,0.34655695170437384
721,12.016666666666667,occ,full,0,0.921,0.919,73.39,23.91,0.04455464126420311,0.5,0.34655695170437384
722,12.033333333333333,occ,full,0,0.918,0.918,74.87,23.53,0.04455464126420311,0.5,0.34655695170437384
723,12.05,occ,full,0,0.919,0.918,75.92,23.4,0.04455464126420311,0.5,0.34655695170437384
724,12.066666666666666,occ,full,0,0.921,0.919,75.3,23.52,0.04455464126420311,0.5,0.34655695170437384
725,12.083333333333334,occ,full,0,0.921,0.92,75.87,23.72,0.04455464126420311,0.5,0.34655695170437384
726,12.1,full,full,1,0.92,0.919,76.49,23.58,0.04455464126420311,0.5,0.34655695170437384
727,12.116666666666667,full,full,1,0.92,0.92,76.25,23.65,0.04455464126420311,0.5,0.34655695170437384
728,12.133333333333333,occ,full,0,0.921,0.92,77.06,23.47,0.04455464126420311,0.5,0.34655695170437384
729,12.15,full,full,1,0.921,0.92,76.93,23.76,0.04455464126420311,0.5,0.34655695170437384
730,12.166666666666666,full,full,1,0.918,0.919,78.68,23.39,0.04455464126420311,0.5,0.34655695170437384
731,12.183333333333334,occ,full,0,0.921,0.92,78.14,23.43,0.04455464126420311,0.5,0.34655695170437384
732,12.2,occ,full,0,0.92,0.92,78.1,23.46,0.04455464126420311,0.5,0.34655695170437384
733,12.216666666666667,occ,full,0,0.92,0.92,77.61,23.48,0.04455464126420311,0.5,0.34655695170437384
734,12.233333333333333,occ,full,0,0.921,0.921,77.97,23.46,0.04455464126420311,0.5,0.34655695170437384
735,12.25,occ,full,0,0.92,0.92,78.56,23.62,0.04455464126420311,0.5,0.34655695170437384
736,12.266666666666667,occ,full,0,0.919,0.92,78.94,23.55,0.04455464126420311,0.5,0.34655695170437384
737,12.283333333333333,occ,full,0,0.92,0.92,78.86,23.59,0.04455464126420311,0.5,0.34655695170437384
738,12.3,occ,full,0,0.918,0.919,80.21,23.4,0.04455464126420311,0.5,0.34655695170437384
739,12.316666666666666,occ,full,0,0.919,0.919,79.28,23.55,0.04455464126420311,0.5,0.34655695170437384
740,12.333333333333334,occ,full,0,0.918,0.919,78.71,23.54,0.04455464126420311,0.5,0.34655695170437384
741,12.35,occ,full,0,0.919,0.92,78.36,23.53,0.04455464126420311,0.5,0.34655695170437384
742,12.366666666666667,occ,full,0,0.92,0.921,79.94,23.43,0.04455464126420311,0.5,0.34655695170437384
743,12.383333333333333,occ,full,0,0.921,0.921,79.64,23.43,0.04455464126420311,0.5,0.34655695170437384
744,12.4,occ,full,0,0.92,0.92,79.33,23.49,0.04455464126420311,0.5,0.34655695170437384
745,12.416666666666666,occ,full,0,0.92,0.92,77.82,23.61,0.04455464126420311,0.5,0.34655695170437384
746,12.433333333333334,occ,full,0,0.921,0.921,78.87,23.41,0.04455464126420311,0.5,0.34655695170437384
747,12.45,occ,full,0,0.922,0.922,78.42,23.44,0.04455464126420311,0.5,0.34655695170437384
748,12.466666666666667,occ,full,0,0.922,0.922,79.71,23.43,0.04455464126420311,0.5,0.34655695170437384
749,12.483333333333333,occ,full,0,0.921,0.921,79.14,23.61,0.04455464126420311,0.5,0.34655695170437384
750,12.5,occ,full,0,0.92,0.92,79.45,23.44,0.04455464126420311,0.5,0.34655695170437384
751,12.516666666666667,occ,full,0,0.922,0.921,80.61,23.53,0.04455464126420311,0.5,0.34655695170437384
752,12.533333333333333,occ,full,0,0.92,0.92,80.77,23.32,0.04455464126420311,0.5,0.34655695170437384
753,12.55,occ,full,0,0.921,0.921,80.59,23.28,0.04455464126420311,0.5,0.34655695170437384
754,12.566666666666666,occ,full,0,0.92,0.92,79.92,23.4,0.04455464126420311,0.5,0.34655695170437384
755,12.583333333333334,occ,full,0,0.921,0.921,80.97,23.38,0.04455464126420311,0.5,0.34655695170437384
756,12.6,occ,full,0,0.919,0.919,80.85,23.32,0.04455464126420311,0.5,0.34655695170437384
757,12.616666666666667,occ,full,0,0.92,0.92,79.64,23.48,0.04455464126420311,0.5,0.34655695170437384
758,12.633333333333333,occ,full,0,0.922,0.921,80.6,23.53,0.04455464126420311,0.5,0.34655695170437384
759,12.65,occ,full,0,0.921,0.921,81.59,23.42,0.04455464126420311,0.5,0.34655695170437384
760,12.666666666666666,full,full,1,0.919,0.919,80.88,23.48,0.04455464126420311,0.5,0.34655695170437384
761,12.683333333333334,full,full,1,0.917,0.918,79.87,23.49,0.04455464126420311,0.5,0.34655695170437384
762,12.7,full,full,1,0.92,0.92,80.34,23.53,0.04455464126420311,0.5,0.34655695170437384
763,12.716666666666667,full,full,1,0.919,0.92,80.91,23.52,0.04455464126420311,0.5,0.34655695170437384
764,12.733333333333333,full,full,1,0.919,0.92,80.91,23.52,0.04455464126420311,0.5,0.34655695170437384
765,12.75,full,full,1,0.919,0.92,79.91,23.64,0.04455464126420311,0.5,0.34655695170437384
766,12.766666666666667,full,full,1,0.922,0.922,80.19,23.66,0.04455464126420311,0.5,0.34655695170437384
767,12.783333333333333,full,full,1,0.922,0.922,80.09,23.64,0.04455464126420311,0.5,0.34655695170437384
768,12.8,full,full,1,0.921,0.921,79.81,23.77,0.04455464126420311,0.5,0.34655695170437384
769,12.816666666666666,full,full,1,0.919,0.919,80.24,23.73,0.04455464126420311,0.5,0.34655695170437384
770,12.833333333333334,full,full,1,0.919,0.92,80.15,23.8,0.04455464126420311,0.5,0.34655695170437384
771,12.85,full,full,1,0.919,0.92,80.3,23.61,0.04455464126420311,0.5,0.34655695170437384
772,12.866666666666667,full,full,1,0.921,0.921,80.34,23.77,0.04455464126420311,0.5,0.34655695170437384
773,12.883333333333333,full,full,1,0.919,0.919,80.9,23.6,0.04455464126420311,0.5,0.34655695170437384
774,12.9,full,full,1,0.921,0.921,80.17,23.71,0.04455464126420311,0.5,0.34655695170437384
775,12.916666666666666,full,full,1,0.921,0.921,80.79,23.62,0.04455464126420311,0.5,0.34655695170437384
776,12.933333333333334,occ,full,0,0.921,0.921,80.5,23.64,0.04455464126420311,0.5,0.34655695170437384
777,12.95,occ,full,0,0.92,0.92,80.22,23.68,0.04455464126420311,0.5,0.34655695170437384
778,12.966666666666667,occ,full,0,0.917,0.919,80.44,23.56,0.04455464126420311,0.5,0.34655695170437384
779,12.983333333333333,full,full,1,0.92,0.92,80.36,23.75,0.04455464126420311,0.5,0.34655695170437384
780,13.0,occ,full,0,0.919,0.919,79.31,23.74,0.04455464126420311,0.5,0.34655695170437384
781,13.016666666666667,occ,full,0,0.922,0.922,78.26,23.85,0.04455464126420311,0.5,0.34655695170437384
782,13.033333333333333,full,full,1,0.923,0.922,78.52,23.86,0.04455464126420311,0.5,0.34655695170437384
783,13.05,full,full,1,0.923,0.922,77.55,24.18,0.04455464126420311,0.5,0.34655695170437384
784,13.066666666666666,full,full,1,0.922,0.922,76.74,24.21,0.04455464126420311,0.5,0.34655695170437384
785,13.083333333333334,full,full,1,0.923,0.921,76.76,24.28,0.04455464126420311,0.5,0.34655695170437384
786,13.1,full,full,1,0.922,0.921,76.05,24.1,0.04455464126420311,0.5,0.34655695170437384
787,13.116666666666667,full,full,1,0.921,0.92,75.85,24.06,0.04455464126420311,0.5,0.34655695170437384
788,13.133333333333333,occ,full,0,0.921,0.92,75.11,24.27,0.04455464126420311,0.5,0.34655695170437384
789,13.15,full,full,1,0.922,0.92,75.57,24.07,0.04455464126420311,0.5,0.34655695170437384
790,13.166666666666666,occ,full,0,0.921,0.92,75.64,24.13,0.04455464126420311,0.5,0.34655695170437384
791,13.183333333333334,full,full,1,0.921,0.919,75.27,24.07,0.04455464126420311,0.5,0.34655695170437384
792,13.2,full,full,1,0.922,0.919,75.89,24.09,0.04455464126420311,0.5,0.34655695170437384
793,13.216666666666667,full,full,1,0.921,0.919,75.58,24.12,0.04455464126420311,0.5,0.34655695170437384
794,13.233333333333333,full,full,1,0.921,0.92,75.75,23.97,0.04455464126420311,0.5,0.34655695170437384
795,13.25,full,full,1,0.922,0.92,75.62,24.02,0.04455464126420311,0.5,0.34655695170437384
796,13.266666666666667,full,full,1,0.92,0.918,75.14,23.97,0.04455464126420311,0.5,0.34655695170437384
797,13.283333333333333,occ,full,0,0.921,0.918,75.33,23.97,0.04455464126420311,0.5,0.34655695170437384
798,13.3,full,full,1,0.92,0.918,75.12,24.11,0.04455464126420311,0.5,0.34655695170437384
799,13.316666666666666,full,full,1,0.92,0.918,74.5,24.0,0.04455464126420311,0.5,0.34655695170437384
800,13.333333333333334,full,full,1,0.922,0.919,75.64,23.9,0.04455464126420311,0.5,0.34655695170437384
801,13.35,full,full,1,0.921,0.918,75.25,24.13,0.04455464126420311,0.5,0.34655695170437384
802,13.366666666666667,full,full,1,0.921,0.919,75.44,24.06,0.04455464126420311,0.5,0.34655695170437384
803,13.383333333333333,full,full,1,0.92,0.918,74.75,24.12,0.04455464126420311,0.5,0.34655695170437384
804,13.4,full,full,1,0.922,0.919,75.29,23.97,0.04455464126420311,0.5,0.34655695170437384
805,13.416666666666666,full,full,1,0.922,0.92,75.06,24.09,0.04455464126420311,0.5,0.34655695170437384
806,13.433333333333334,full,full,1,0.922,0.92,75.71,23.87,0.04455464126420311,0.5,0.34655695170437384
807,13.45,full,full,1,0.922,0.92,74.55,24.22,0.04455464126420311,0.5,0.34655695170437384
808,13.466666666666667,full,full,1,0.921,0.92,73.45,24.44,0.04455464126420311,0.5,0.34655695170437384
809,13.483333333333333,full,full,1,0.921,0.92,73.39,24.5,0.04455464126420311,0.5,0.34655695170437384
810,13.5,full,full,1,0.921,0.919,74.49,24.25,0.04455464126420311,0.5,0.34655695170437384
811,13.516666666666667,full,full,1,0.921,0.919,73.98,24.17,0.04455464126420311,0.5,0.34655695170437384
812,13.533333333333333,full,full,1,0.922,0.92,74.81,24.14,0.04455464126420311,0.5,0.34655695170437384
813,13.55,full,full,1,0.922,0.92,74.89,24.03,0.04455464126420311,0.5,0.34655695170437384
814,13.566666666666666,full,full,1,0.921,0.919,74.78,23.87,0.04455464126420311,0.5,0.34655695170437384
815,13.583333333333334,full,full,1,0.921,0.919,75.12,23.98,0.04455464126420311,0.5,0.34655695170437384
816,13.6,full,full,1,0.921,0.919,74.95,24.01,0.04455464126420311,0.5,0.34655695170437384
817,13.616666666666667,full,full,1,0.921,0.919,74.82,24.01,0.04455464126420311,0.5,0.34655695170437384
818,13.633333333333333,full,full,1,0.921,0.919,74.91,23.92,0.04455464126420311,0.5,0.34655695170437384
819,13.65,full,full,1,0.921,0.918,74.76,24.1,0.04455464126420311,0.5,0.34655695170437384
820,13.666666666666666,full,full,1,0.921,0.919,74.06,24.09,0.04455464126420311,0.5,0.34655695170437384
821,13.683333333333334,full,full,1,0.922,0.919,75.08,23.92,0.04455464126420311,0.5,0.34655695170437384
822,13.7,full,full,1,0.921,0.918,75.34,23.96,0.04455464126420311,0.5,0.34655695170437384
823,13.716666666666667,full,full,1,0.92,0.918,74.03,24.24,0.04455464126420311,0.5,0.34655695170437384
824,13.733333333333333,full,full,1,0.921,0.918,74.7,24.22,0.04455464126420311,0.5,0.34655695170437384
825,13.75,full,full,1,0.921,0.919,73.93,24.17,0.04455464126420311,0.5,0.34655695170437384
826,13.766666666666667,full,full,1,0.922,0.92,74.54,24.15,0.04455464126420311,0.5,0.34655695170437384
827,13.783333333333333,full,full,1,0.922,0.92,74.7,24.12,0.04455464126420311,0.5,0.34655695170437384
828,13.8,full,full,1,0.922,0.92,75.83,23.87,0.04455464126420311,0.5,0.34655695170437384
829,13.816666666666666,full,full,1,0.922,0.92,75.08,24.09,0.04455464126420311,0.5,0.34655695170437384
830,13.833333333333334,full,full,1,0.922,0.921,75.32,24.16,0.04455464126420311,0.5,0.34655695170437384
831,13.85,full,full,1,0.922,0.921,75.07,24.09,0.04455464126420311,0.5,0.34655695170437384
832,13.866666666666667,full,full,1,0.922,0.921,74.6,24.3,0.04455464126420311,0.5,0.34655695170437384
833,13.883333333333333,full,full,1,0.922,0.92,74.04,24.3,0.04455464126420311,0.5,0.34655695170437384
834,13.9,full,full,1,0.922,0.92,75.23,24.01,0.04455464126420311,0.5,0.34655695170437384
835,13.916666666666666,full,full,1,0.921,0.92,74.79,24.04,0.04455464126420311,0.5,0.34655695170437384
836,13.933333333333334,full,full,1,0.921,0.919,75.18,23.96,0.04455464126420311,0.5,0.34655695170437384
837,13.95,full,full,1,0.921,0.919,74.27,24.24,0.04455464126420311,0.5,0.34655695170437384
838,13.966666666666667,full,full,1,0.922,0.92,73.95,24.32,0.04455464126420311,0.5,0.34655695170437384
839,13.983333333333333,full,full,1,0.922,0.92,74.42,24.14,0.04455464126420311,0.5,0.34655695170437384
840,14.0,full,full,1,0.922,0.919,74.38,24.21,0.04455464126420311,0.5,0.34655695170437384
841,14.016666666666667,full,full,1,0.921,0.919,75.47,24.09,0.04455464126420311,0.5,0.34655695170437384
842,14.033333333333333,full,full,1,0.922,0.92,75.46,24.14,0.04455464126420311,0.5,0.34655695170437384
843,14.05,full,full,1,0.921,0.92,74.28,24.16,0.04455464126420311,0.5,0.34655695170437384
844,14.066666666666666,full,full,1,0.922,0.919,74.97,24.11,0.04455464126420311,0.5,0.34655695170437384
845,14.083333333333334,full,full,1,0.922,0.919,74.16,24.22,0.04455464126420311,0.5,0.34655695170437384
846,14.1,full,full,1,0.922,0.92,74.84,24.14,0.04455464126420311,0.5,0.34655695170437384
847,14.116666666666667,full,full,1,0.921,0.919,75.04,24.19,0.04455464126420311,0.5,0.34655695170437384
848,14.133333333333333,full,full,1,0.921,0.919,74.59,24.28,0.04455464126420311,0.5,0.34655695170437384
849,14.15,full,full,1,0.921,0.919,75.68,24.31,0.04455464126420311,0.5,0.34655695170437384
850,14.166666666666666,full,full,1,0.919,0.918,74.69,24.36,0.04455464126420311,0.5,0.34655695170437384
851,14.183333333333334,full,full,1,0.921,0.919,74.59,24.35,0.04455464126420311,0.5,0.34655695170437384
852,14.2,full,full,1,0.922,0.92,74.56,24.38,0.04455464126420311,0.5,0.34655695170437384
853,14.216666666666667,full,full,1,0.922,0.92,75.73,24.11,0.04455464126420311,0.5,0.34655695170437384
854,14.233333333333333,full,full,1,0.922,0.919,75.01,24.16,0.04455464126420311,0.5,0.34655695170437384
855,14.25,full,full,1,0.922,0.92,75.53,24.31,0.04455464126420311,0.5,0.34655695170437384
856,14.266666666666667,full,full,1,0.922,0.92,75.36,24.29,0.04455464126420311,0.5,0.34655695170437384
857,14.283333333333333,full,full,1,0.922,0.92,75.37,24.32,0.04455464126420311,0.5,0.34655695170437384
858,14.3,full,full,1,0.922,0.92,75.39,24.33,0.04455464126420311,0.5,0.34655695170437384
859,14.316666666666666,full,full,1,0.923,0.921,75.84,24.33,0.04455464126420311,0.5,0.34655695170437384
860,14.333333333333334,full,full,1,0.922,0.921,76.21,24.25,0.04455464126420311,0.5,0.34655695170437384
861,14.35,full,full,1,0.922,0.921,76.22,24.22,0.04455464126420311,0.5,0.34655695170437384
862,14.366666666666667,full,full,1,0.923,0.922,76.43,24.27,0.04455464126420311,0.5,0.34655695170437384
863,14.383333333333333,full,full,1,0.922,0.921,76.35,24.39,0.04455464126420311,0.5,0.34655695170437384
864,14.4,full,full,1,0.921,0.92,75.57,24.41,0.04455464126420311,0.5,0.34655695170437384
865,14.416666666666666,full,full,1,0.922,0.921,76.19,24.27,0.04455464126420311,0.5,0.34655695170437384
866,14.433333333333334,full,full,1,0.922,0.921,76.01,24.37,0.04455464126420311,0.5,0.34655695170437384
867,14.45,full,full,1,0.922,0.921,75.26,24.59,0.04455464126420311,0.5,0.34655695170437384
868,14.466666666666667,full,full,1,0.922,0.921,76.34,24.17,0.04455464126420311,0.5,0.34655695170437384
869,14.483333333333333,full,full,1,0.923,0.921,77.2,24.05,0.04455464126420311,0.5,0.34655695170437384
870,14.5,full,full,1,0.923,0.921,77.59,23.95,0.04455464126420311,0.5,0.34655695170437384
871,14.516666666666667,full,full,1,0.922,0.92,76.6,24.16,0.04455464126420311,0.5,0.34655695170437384
872,14.533333333333333,full,full,1,0.922,0.92,76.12,24.15,0.04455464126420311,0.5,0.34655695170437384
873,14.55,full,full,1,0.922,0.919,76.2,24.23,0.04455464126420311,0.5,0.34655695170437384
874,14.566666666666666,full,full,1,0.922,0.92,75.7,24.25,0.04455464126420311,0.5,0.34655695170437384
875,14.583333333333334,full,full,1,0.922,0.92,74.79,24.38,0.04455464126420311,0.5,0.34655695170437384
876,14.6,full,full,1,0.923,0.92,75.48,24.41,0.04455464126420311,0.5,0.34655695170437384
877,14.616666666666667,full,full,1,0.923,0.921,75.62,24.16,0.04455464126420311,0.5,0.34655695170437384
878,14.633333333333333,full,full,1,0.923,0.92,76.3,24.21,0.04455464126420311,0.5,0.34655695170437384
879,14.65,full,full,1,0.922,0.92,76.18,24.35,0.04455464126420311,0.5,0.34655695170437384
880,14.666666666666666,full,full,1,0.922,0.92,76.12,24.41,0.04455464126420311,0.5,0.34655695170437384
881,14.683333333333334,full,full,1,0.922,0.92,76.43,24.27,0.04455464126420311,0.5,0.34655695170437384
882,14.7,full,full,1,0.923,0.921,76.87,24.17,0.04455464126420311,0.5,0.34655695170437384
883,14.716666666666667,full,full,1,0.922,0.92,77.08,24.11,0.04455464126420311,0.5,0.34655695170437384
884,14.733333333333333,full,full,1,0.922,0.92,76.6,24.23,0.04455464126420311,0.5,0.34655695170437384
885,14.75,full,full,1,0.922,0.92,76.78,24.25,0.04455464126420311,0.5,0.34655695170437384
886,14.766666666666667,full,full,1,0.922,0.92,77.66,24.03,0.04455464126420311,0.5,0.34655695170437384
887,14.783333333333333,full,full,1,0.922,0.92,77.07,24.15,0.04455464126420311,0.5,0.34655695170437384
888,14.8,full,full,1,0.923,0.921,75.87,24.38,0.04455464126420311,0.5,0.34655695170437384
889,14.816666666666666,full,full,1,0.923,0.921,75.79,24.41,0.04455464126420311,0.5,0.34655695170437384
890,14.833333333333334,full,full,1,0.923,0.921,76.47,24.28,0.04455464126420311,0.5,0.34655695170437384
891,14.85,full,full,1,0.923,0.921,77.03,24.2,0.04455464126420311,0.5,0.34655695170437384
892,14.866666666666667,full,full,1,0.922,0.92,76.94,24.12,0.04455464126420311,0.5,0.34655695170437384
893,14.883333333333333,full,full,1,0.923,0.921,77.21,24.1,0.04455464126420311,0.5,0.34655695170437384
894,14.9,full,full,1,0.923,0.92,76.88,24.24,0.04455464126420311,0.5,0.34655695170437384
895,14.916666666666666,full,full,1,0.923,0.92,75.66,24.37,0.04455464126420311,0.5,0.34655695170437384
896,14.933333333333334,full,full,1,0.923,0.92,77.3,24.13,0.04455464126420311,0.5,0.34655695170437384
897,14.95,full,full,1,0.922,0.92,76.45,24.3,0.04455464126420311,0.5,0.34655695170437384
898,14.966666666666667,full,full,1,0.923,0.92,76.57,24.26,0.04455464126420311,0.5,0.34655695170437384
899,14.983333333333333,full,full,1,0.923,0.92,76.47,24.3,0.04455464126420311,0.5,0.34655695170437384
900,15.0,full,full,1,0.923,0.92,78.21,24.06,0.04455464126420311,0.5,0.34655695170437384
901,15.016666666666667,full,full,1,0.922,0.919,77.64,24.13,0.04455464126420311,0.5,0.34655695170437384
902,15.033333333333333,full,full,1,0.922,0.92,78.17,24.12,0.04455464126420311,0.5,0.34655695170437384
903,15.05,full,full,1,0.921,0.919,78.04,23.98,0.04455464126420311,0.5,0.34655695170437384
904,15.066666666666666,full,full,1,0.923,0.92,77.28,24.05,0.04455464126420311,0.5,0.34655695170437384
905,15.083333333333334,full,full,1,0.923,0.92,78.19,23.89,0.04455464126420311,0.5,0.34655695170437384
906,15.1,full,full,1,0.923,0.92,77.74,23.82,0.04455464126420311,0.5,0.34655695170437384
907,15.116666666666667,full,full,1,0.923,0.919,77.47,24.1,0.04455464126420311,0.5,0.34655695170437384
908,15.133333333333333,full,full,1,0.923,0.92,76.99,24.29,0.04455464126420311,0.5,0.34655695170437384
909,15.15,full,full,1,0.922,0.919,78.21,23.99,0.04455464126420311,0.5,0.34655695170437384
910,15.166666666666666,full,full,1,0.922,0.919,77.14,24.13,0.04455464126420311,0.5,0.34655695170437384
911,15.183333333333334,full,full,1,0.923,0.92,77.34,24.09,0.04455464126420311,0.5,0.34655695170437384
912,15.2,full,full,1,0.923,0.92,77.86,24.14,0.04455464126420311,0.5,0.34655695170437384
913,15.216666666666667,full,full,1,0.922,0.919,77.24,24.16,0.04455464126420311,0.5,0.34655695170437384
914,15.233333333333333,full,full,1,0.923,0.919,77.17,24.12,0.04455464126420311,0.5,0.34655695170437384
915,15.25,full,full,1,0.923,0.919,78.6,23.7,0.04455464126420311,0.5,0.34655695170437384
916,15.266666666666667,full,full,1,0.923,0.919,78.7,23.69,0.04455464126420311,0.5,0.34655695170437384
917,15.283333333333333,full,full,1,0.923,0.919,78.0,23.82,0.04455464126420311,0.5,0.34655695170437384
918,15.3,full,full,1,0.923,0.919,77.28,24.15,0.04455464126420311,0.5,0.34655695170437384
919,15.316666666666666,full,full,1,0.923,0.919,78.66,24.0,0.04455464126420311,0.5,0.34655695170437384
920,15.333333333333334,full,full,1,0.922,0.919,77.43,24.15,0.04455464126420311,0.5,0.34655695170437384
921,15.35,full,full,1,0.923,0.92,77.83,24.05,0.04455464126420311,0.5,0.34655695170437384
922,15.366666666666667,full,full,1,0.923,0.92,78.96,23.83,0.04455464126420311,0.5,0.34655695170437384
923,15.383333333333333,full,full,1,0.923,0.919,79.11,23.85,0.04455464126420311,0.5,0.34655695170437384
924,15.4,full,full,1,0.923,0.919,77.46,24.02,0.04455464126420311,0.5,0.34655695170437384
925,15.416666666666666,full,full,1,0.923,0.918,78.76,24.02,0.04455464126420311,0.5,0.34655695170437384
926,15.433333333333334,full,full,1,0.921,0.917,78.05,24.18,0.04455464126420311,0.5,0.34655695170437384
927,15.45,full,full,1,0.922,0.918,78.17,24.08,0.04455464126420311,0.5,0.34655695170437384
928,15.466666666666667,full,full,1,0.923,0.919,78.57,23.87,0.04455464126420311,0.5,0.34655695170437384
929,15.483333333333333,full,full,1,0.923,0.919,77.55,24.08,0.04455464126420311,0.5,0.34655695170437384
930,15.5,full,full,1,0.923,0.919,77.87,24.0,0.04455464126420311,0.5,0.34655695170437384
931,15.516666666666667,full,full,1,0.923,0.918,78.67,23.91,0.04455464126420311,0.5,0.34655695170437384
932,15.533333333333333,full,full,1,0.922,0.918,78.45,23.94,0.04455464126420311,0.5,0.34655695170437384
933,15.55,full,full,1,0.923,0.919,78.78,23.9,0.04455464126420311,0.5,0.34655695170437384
934,15.566666666666666,full,full,1,0.923,0.919,77.24,24.14,0.04455464126420311,0.5,0.34655695170437384
935,15.583333333333334,full,full,1,0.923,0.919,78.96,23.93,0.04455464126420311,0.5,0.34655695170437384
936,15.6,full,full,1,0.922,0.918,79.15,23.83,0.04455464126420311,0.5,0.34655695170437384
937,15.616666666666667,full,full,1,0.922,0.918,78.94,23.87,0.04455464126420311,0.5,0.34655695170437384
938,15.633333333333333,full,full,1,0.923,0.919,79.57,23.85,0.04455464126420311,0.5,0.34655695170437384
939,15.65,full,full,1,0.922,0.917,78.85,23.83,0.04455464126420311,0.5,0.34655695170437384
940,15.666666666666666,full,full,1,0.923,0.919,79.74,23.82,0.04455464126420311,0.5,0.34655695170437384
941,15.683333333333334,full,full,1,0.922,0.918,79.21,23.83,0.04455464126420311,0.5,0.34655695170437384
942,15.7,full,full,1,0.923,0.918,77.75,24.12,0.04455464126420311,0.5,0.34655695170437384
943,15.716666666666667,full,full,1,0.923,0.919,77.74,24.26,0.04455464126420311,0.5,0.34655695170437384
944,15.733333333333333,full,full,1,0.922,0.918,78.54,24.0,0.04455464126420311,0.5,0.34655695170437384
945,15.75,full,full,1,0.922,0.918,78.13,24.01,0.04455464126420311,0.5,0.34655695170437384
946,15.766666666666667,full,full,1,0.923,0.918,78.41,24.06,0.04455464126420311,0.5,0.34655695170437384
947,15.783333333333333,full,full,1,0.923,0.918,78.84,23.95,0.04455464126420311,0.5,0.34655695170437384
948,15.8,full,full,1,0.923,0.918,78.5,23.89,0.04455464126420311,0.5,0.34655695170437384
949,15.816666666666666,full,full,1,0.923,0.919,79.81,23.73,0.04455464126420311,0.5,0.34655695170437384
950,15.833333333333334,full,full,1,0.922,0.916,77.77,24.14,0.04455464126420311,0.5,0.34655695170437384
951,15.85,full,full,1,0.923,0.918,77.83,24.07,0.04455464126420311,0.5,0.34655695170437384
952,15.866666666666667,full,full,1,0.923,0.918,79.43,23.77,0.04455464126420311,0.5,0.34655695170437384
953,15.883333333333333,full,full,1,0.922,0.917,77.97,23.9,0.04455464126420311,0.5,0.34655695170437384
954,15.9,full,full,1,0.923,0.917,78.97,23.79,0.04455464126420311,0.5,0.34655695170437384
955,15.916666666666666,full,full,1,0.923,0.917,79.33,23.83,0.04455464126420311,0.5,0.34655695170437384
956,15.933333333333334,full,full,1,0.922,0.916,79.23,23.7,0.04455464126420311,0.5,0.34655695170437384
957,15.95,full,full,1,0.923,0.917,78.49,23.87,0.04455464126420311,0.5,0.34655695170437384
958,15.966666666666667,full,full,1,0.923,0.917,79.03,23.77,0.04455464126420311,0.5,0.34655695170437384
959,15.983333333333333,full,full,1,0.923,0.918,78.62,23.9,0.04455464126420311,0.5,0.34655695170437384
960,16.0,full,full,1,0.923,0.917,78.91,23.87,0.04455464126420311,0.5,0.34655695170437384
961,16.016666666666666,full,full,1,0.923,0.917,79.97,23.56,0.04455464126420311,0.5,0.34655695170437384
962,16.033333333333335,full,full,1,0.923,0.917,80.66,23.52,0.04455464126420311,0.5,0.34655695170437384
963,16.05,full,full,1,0.922,0.916,79.59,23.62,0.04455464126420311,0.5,0.34655695170437384
964,16.066666666666666,full,full,1,0.923,0.918,79.02,23.7,0.04455464126420311,0.5,0.34655695170437384
965,16.083333333333332,full,full,1,0.923,0.918,79.5,23.69,0.04455464126420311,0.5,0.34655695170437384
966,16.1,full,full,1,0.923,0.917,79.35,23.68,0.04455464126420311,0.5,0.34655695170437384
967,16.116666666666667,full,full,1,0.923,0.918,78.93,23.76,0.04455464126420311,0.5,0.34655695170437384
968,16.133333333333333,full,full,1,0.923,0.918,79.45,23.64,0.04455464126420311,0.5,0.34655695170437384
969,16.15,full,full,1,0.923,0.916,78.34,23.78,0.04455464126420311,0.5,0.34655695170437384
970,16.166666666666668,full,full,1,0.923,0.918,80.39,23.47,0.04455464126420311,0.5,0.34655695170437384
971,16.183333333333334,full,full,1,0.922,0.916,80.15,23.45,0.04455464126420311,0.5,0.34655695170437384
972,16.2,full,full,1,0.923,0.915,78.72,23.61,0.04455464126420311,0.5,0.34655695170437384
973,16.216666666666665,full,full,1,0.923,0.916,79.2,23.65,0.04455464126420311,0.5,0.34655695170437384
974,16.233333333333334,full,full,1,0.923,0.917,78.46,23.61,0.04455464126420311,0.5,0.34655695170437384
975,16.25,full,full,1,0.923,0.915,79.17,23.63,0.04455464126420311,0.5,0.34655695170437384
976,16.266666666666666,full,full,1,0.923,0.916,79.31,23.67,0.04455464126420311,0.5,0.34655695170437384
977,16.283333333333335,full,full,1,0.923,0.916,79.51,23.7,0.04455464126420311,0.5,0.34655695170437384
978,16.3,full,full,1,0.923,0.916,80.63,23.45,0.04455464126420311,0.5,0.34655695170437384
979,16.316666666666666,full,full,1,0.922,0.914,80.22,23.5,0.04455464126420311,0.5,0.34655695170437384
980,16.333333333333332,full,full,1,0.923,0.915,79.59,23.67,0.04455464126420311,0.5,0.34655695170437384
981,16.35,full,full,1,0.923,0.914,80.41,23.45,0.04455464126420311,0.5,0.34655695170437384
982,16.366666666666667,full,full,1,0.922,0.913,79.2,23.49,0.04455464126420311,0.5,0.34655695170437384
983,16.383333333333333,full,full,1,0.923,0.914,79.59,23.39,0.04455464126420311,0.5,0.34655695170437384
984,16.4,full,full,1,0.923,0.916,79.27,23.53,0.04455464126420311,0.5,0.34655695170437384
985,16.416666666666668,full,full,1,0.923,0.916,78.59,23.72,0.04455464126420311,0.5,0.34655695170437384
986,16.433333333333334,full,full,1,0.923,0.915,78.74,23.63,0.04455464126420311,0.5,0.34655695170437384
987,16.45,full,full,1,0.923,0.914,78.84,23.69,0.04455464126420311,0.5,0.34655695170437384
988,16.466666666666665,full,full,1,0.923,0.915,79.41,23.56,0.04455464126420311,0.5,0.34655695170437384
989,16.483333333333334,full,full,1,0.923,0.915,79.07,23.52,0.04455464126420311,0.5,0.34655695170437384
990,16.5,full,full,1,0.924,0.916,80.04,23.45,0.04455464126420311,0.5,0.34655695170437384
991,16.516666666666666,full,full,1,0.923,0.916,79.3,23.39,0.04455464126420311,0.5,0.34655695170437384
992,16.533333333333335,full,full,1,0.923,0.916,79.26,23.38,0.04455464126420311,0.5,0.34655695170437384
993,16.55,full,full,1,0.923,0.912,78.93,23.58,0.04455464126420311,0.5,0.34655695170437384
994,16.566666666666666,full,full,1,0.923,0.913,78.88,23.58,0.04455464126420311,0.5,0.34655695170437384
995,16.583333333333332,full,full,1,0.923,0.915,79.58,23.45,0.04455464126420311,0.5,0.34655695170437384
996,16.6,full,full,1,0.923,0.915,80.24,23.39,0.04455464126420311,0.5,0.34655695170437384
997,16.616666666666667,full,full,1,0.923,0.914,79.46,23.29,0.04455464126420311,0.5,0.34655695170437384
998,16.633333333333333,full,full,1,0.923,0.914,79.54,23.22,0.04455464126420311,0.5,0.34655695170437384
999,16.65,full,full,1,0.923,0.914,79.29,23.27,0.04455464126420311,0.5,0.34655695170437384
1000,16.666666666666668,full,full,1,0.923,0.913,79.95,23.18,0.04455464126420311,0.5,0.34655695170437384
1001,16.683333333333334,full,full,1,0.923,0.913,79.76,23.36,0.04455464126420311,0.5,0.34655695170437384
1002,16.7,full,full,1,0.923,0.912,80.2,23.25,0.04455464126420311,0.5,0.34655695170437384
1003,16.716666666666665,full,full,1,0.922,0.911,79.89,23.26,0.04455464126420311,0.5,0.34655695170437384
1004,16.733333333333334,full,full,1,0.923,0.914,79.62,23.26,0.04455464126420311,0.5,0.34655695170437384
1005,16.75,full,full,1,0.923,0.913,78.8,23.4,0.04455464126420311,0.5,0.34655695170437384
1006,16.766666666666666,full,full,1,0.923,0.913,78.31,23.36,0.04455464126420311,0.5,0.34655695170437384
1007,16.783333333333335,full,full,1,0.923,0.907,80.08,23.25,0.04455464126420311,0.5,0.34655695170437384
1008,16.8,full,full,1,0.923,0.911,80.05,23.2,0.04455464126420311,0.5,0.34655695170437384
1009,16.816666666666666,full,full,1,0.923,0.912,80.19,23.2,0.04455464126420311,0.5,0.34655695170437384
1010,16.833333333333332,full,full,1,0.923,0.909,79.67,23.31,0.04455464126420311,0.5,0.34655695170437384
1011,16.85,full,full,1,0.923,0.91,79.86,23.15,0.04455464126420311,0.5,0.34655695170437384
1012,16.866666666666667,full,full,1,0.924,0.912,79.85,23.19,0.04455464126420311,0.5,0.34655695170437384
1013,16.883333333333333,full,full,1,0.923,0.912,79.85,23.3,0.04455464126420311,0.5,0.34655695170437384
1014,16.9,full,full,1,0.923,0.911,79.9,23.22,0.04455464126420311,0.5,0.34655695170437384
1015,16.916666666666668,full,full,1,0.923,0.911,80.0,23.24,0.04455464126420311,0.5,0.34655695170437384
1016,16.933333333333334,full,full,1,0.923,0.911,78.95,23.31,0.04455464126420311,0.5,0.34655695170437384
1017,16.95,full,full,1,0.923,0.91,79.32,23.23,0.04455464126420311,0.5,0.34655695170437384
1018,16.966666666666665,full,full,1,0.923,0.904,79.72,23.13,0.04455464126420311,0.5,0.34655695170437384
1019,16.983333333333334,full,full,1,0.923,0.908,79.98,23.03,0.04455464126420311,0.5,0.34655695170437384
1020,17.0,full,full,1,0.923,0.909,78.83,23.2,0.04455464126420311,0.5,0.34655695170437384
1021,17.016666666666666,full,full,1,0.923,0.908,78.7,23.33,0.04455464126420311,0.5,0.34655695170437384
1022,17.033333333333335,full,full,1,0.923,0.91,79.23,23.38,0.04455464126420311,0.5,0.34655695170437384
1023,17.05,full,full,1,0.923,0.91,79.16,23.29,0.04455464126420311,0.5,0.34655695170437384
1024,17.066666666666666,full,full,1,0.923,0.909,80.14,23.04,0.04455464126420311,0.5,0.34655695170437384
1025,17.083333333333332,full,full,1,0.923,0.907,79.13,23.25,0.04455464126420311,0.5,0.34655695170437384
1026,17.1,full,full,1,0.923,0.908,79.17,23.24,0.04455464126420311,0.5,0.34655695170437384
1027,17.116666666666667,full,full,1,0.923,0.906,79.12,23.21,0.04455464126420311,0.5,0.34655695170437384
1028,17.133333333333333,full,full,1,0.923,0.905,79.02,23.26,0.04455464126420311,0.5,0.34655695170437384
1029,17.15,full,full,1,0.923,0.905,79.18,23.34,0.04455464126420311,0.5,0.34655695170437384
1030,17.166666666666668,full,full,1,0.923,0.907,79.52,23.12,0.04455464126420311,0.5,0.34655695170437384
1031,17.183333333333334,full,full,1,0.923,0.907,79.97,23.03,0.04455464126420311,0.5,0.34655695170437384
1032,17.2,full,full,1,0.923,0.907,80.11,23.1,0.04455464126420311,0.5,0.34655695170437384
1033,17.216666666666665,full,full,1,0.922,0.905,78.7,23.23,0.04455464126420311,0.5,0.34655695170437384
1034,17.233333333333334,full,full,1,0.924,0.909,79.17,23.21,0.04455464126420311,0.5,0.34655695170437384
1035,17.25,full,full,1,0.923,0.906,79.44,23.06,0.04455464126420311,0.5,0.34655695170437384
1036,17.266666666666666,full,full,1,0.922,0.904,79.63,22.92,0.04455464126420311,0.5,0.34655695170437384
1037,17.283333333333335,full,full,1,0.923,0.906,79.52,23.08,0.04455464126420311,0.5,0.34655695170437384
1038,17.3,full,full,1,0.923,0.906,78.69,23.06,0.04455464126420311,0.5,0.34655695170437384
1039,17.316666666666666,full,full,1,0.924,0.907,81.22,22.52,0.04455464126420311,0.5,0.34655695170437384
1040,17.333333333333332,full,full,1,0.923,0.905,81.06,22.62,0.04455464126420311,0.5,0.34655695170437384
1041,17.35,full,full,1,0.923,0.903,81.24,22.53,0.04455464126420311,0.5,0.34655695170437384
1042,17.366666666666667,full,full,1,0.923,0.901,80.98,22.81,0.04455464126420311,0.5,0.34655695170437384
1043,17.383333333333333,full,full,1,0.923,0.899,81.79,22.63,0.04455464126420311,0.5,0.34655695170437384
1044,17.4,full,full,1,0.923,0.901,80.69,22.59,0.04455464126420311,0.5,0.34655695170437384
1045,17.416666666666668,full,full,1,0.924,0.903,81.06,22.55,0.04455464126420311,0.5,0.34655695170437384
1046,17.433333333333334,full,full,1,0.924,0.903,81.77,22.46,0.04455464126420311,0.5,0.34655695170437384
1047,17.45,full,full,1,0.924,0.901,79.8,22.72,0.04455464126420311,0.5,0.34655695170437384
1048,17.466666666666665,full,full,1,0.924,0.904,81.23,22.44,0.04455464126420311,0.5,0.34655695170437384
1049,17.483333333333334,full,full,1,0.923,0.901,81.52,22.58,0.04455464126420311,0.5,0.34655695170437384
1050,17.5,full,full,1,0.922,0.893,80.85,22.64,0.04455464126420311,0.5,0.34655695170437384
1051,17.516666666666666,full,full,1,0.922,0.89,81.41,22.58,0.04455464126420311,0.5,0.34655695170437384
1052,17.533333333333335,full,full,1,0.918,0.879,81.09,22.52,0.04455464126420311,0.5,0.34655695170437384
1053,17.55,full,full,1,0.921,0.882,81.28,22.4,0.04455464126420311,0.5,0.34655695170437384
1054,17.566666666666666,full,full,1,0.92,0.876,79.63,22.6,0.04455464126420311,0.5,0.34655695170437384
1055,17.583333333333332,full,full,1,0.922,0.881,80.64,22.43,0.04455464126420311,0.5,0.34655695170437384
1056,17.6,full,full,1,0.923,0.88,80.66,22.56,0.04455464126420311,0.5,0.34655695170437384
1057,17.616666666666667,full,full,1,0.922,0.881,80.67,22.54,0.04455464126420311,0.5,0.34655695170437384
1058,17.633333333333333,full,full,1,0.922,0.88,80.26,22.57,0.04455464126420311,0.5,0.34655695170437384
1059,17.65,full,full,1,0.923,0.883,81.13,22.42,0.04455464126420311,0.5,0.34655695170437384
1060,17.666666666666668,full,full,1,0.92,0.879,79.66,22.47,0.04455464126420311,0.5,0.34655695170437384
1061,17.683333333333334,full,full,1,0.921,0.87,80.52,22.39,0.04455464126420311,0.5,0.34655695170437384
1062,17.7,full,full,1,0.92,0.872,79.88,22.4,0.04455464126420311,0.5,0.34655695170437384
1063,17.716666666666665,full,full,1,0.919,0.871,81.28,22.33,0.04455464126420311,0.5,0.34655695170437384
1064,17.733333333333334,full,full,1,0.916,0.866,81.1,22.39,0.04455464126420311,0.5,0.34655695170437384
1065,17.75,full,full,1,0.915,0.864,81.8,22.16,0.04455464126420311,0.5,0.34655695170437384
1066,17.766666666666666,full,full,1,0.918,0.857,79.78,22.4,0.04455464126420311,0.5,0.34655695170437384
1067,17.783333333333335,full,full,1,0.921,0.853,81.02,22.25,0.04455464126420311,0.5,0.34655695170437384
1068,17.8,full,full,1,0.921,0.842,79.94,22.41,0.04455464126420311,0.5,0.34655695170437384
1069,17.816666666666666,full,full,1,0.92,0.847,79.39,22.51,0.04455464126420311,0.5,0.34655695170437384
1070,17.833333333333332,full,full,1,0.92,0.85,80.82,22.27,0.04455464126420311,0.5,0.34655695170437384
1071,17.85,full,full,1,0.921,0.841,82.14,22.01,0.04455464126420311,0.5,0.34655695170437384
1072,17.866666666666667,full,full,1,0.919,0.81,81.17,22.3,0.04455464126420311,0.5,0.34655695170437384
1073,17.883333333333333,full,full,1,0.918,0.812,82.02,22.13,0.04455464126420311,0.5,0.34655695170437384
1074,17.9,full,full,1,0.919,0.802,80.34,22.27,0.04455464126420311,0.5,0.34655695170437384
1075,17.916666666666668,full,full,1,0.919,0.789,82.53,21.97,0.04455464126420311,0.5,0.34655695170437384
1076,17.933333333333334,full,full,1,0.914,0.754,81.51,22.09,0.04455464126420311,0.5,0.34655695170437384
1077,17.95,full,full,1,0.917,0.738,81.55,22.15,0.04455464126420311,0.5,0.34655695170437384
1078,17.966666666666665,full,full,1,0.918,0.717,80.86,22.13,0.04455464126420311,0.5,0.34655695170437384
1079,17.983333333333334,full,full,1,0.918,0.672,81.29,22.19,0.04455464126420311,0.5,0.34655695170437384
1080,18.0,full,full,1,0.916,0.689,81.43,22.21,0.04455464126420311,0.5,0.34655695170437384
1081,18.016666666666666,full,full,1,0.916,0.703,81.59,22.16,0.04455464126420311,0.5,0.34655695170437384
1082,18.033333333333335,full,full,1,0.913,0.713,81.9,22.18,0.04455464126420311,0.5,0.34655695170437384
1083,18.05,full,full,1,0.915,0.715,81.35,22.18,0.04455464126420311,0.5,0.34655695170437384
1084,18.066666666666666,full,full,1,0.918,0.674,81.21,22.24,0.04455464126420311,0.5,0.34655695170437384
1085,18.083333333333332,full,full,1,0.919,0.67,80.45,22.34,0.04455464126420311,0.5,0.34655695170437384
1086,18.1,full,full,1,0.919,0.663,79.77,22.6,0.04455464126420311,0.5,0.34655695170437384
1087,18.116666666666667,occ,full,0,0.918,0.661,79.44,22.57,0.04455464126420311,0.5,0.34655695170437384
1088,18.133333333333333,occ,full,0,0.919,0.656,81.6,22.17,0.04455464126420311,0.5,0.34655695170437384
1089,18.15,occ,full,0,0.918,0.646,81.12,22.25,0.04455464126420311,0.5,0.34655695170437384
1090,18.166666666666668,occ,full,0,0.92,0.613,79.63,22.57,0.04455464126420311,0.5,0.34655695170437384
1091,18.183333333333334,occ,full,0,0.918,0.64,80.86,22.47,0.04455464126420311,0.5,0.34655695170437384
1092,18.2,occ,full,0,0.92,0.639,83.04,22.2,0.04455464126420311,0.5,0.34655695170437384
1093,18.216666666666665,occ,full,0,0.919,0.602,82.11,22.38,0.04455464126420311,0.5,0.34655695170437384
1094,18.233333333333334,occ,full,0,0.919,0.592,81.28,22.26,0.04455464126420311,0.5,0.34655695170437384
1095,18.25,occ,full,0,0.921,0.598,82.4,22.14,0.04455464126420311,0.5,0.34655695170437384
1096,18.266666666666666,occ,full,0,0.92,0.594,82.64,22.24,0.04455464126420311,0.5,0.34655695170437384
1097,18.283333333333335,occ,full,0,0.921,0.599,83.67,22.21,0.04455464126420311,0.5,0.34655695170437384
1098,18.3,occ,full,0,0.917,0.546,83.22,22.16,0.04455464126420311,0.5,0.34655695170437384
1099,18.316666666666666,occ,occ,1,0.917,0.48,82.79,22.17,0.044643773758584714,0.5,0.3572528510301656
1100,18.333333333333332,occ,occ,1,0.92,0.486,83.59,22.22,0.044643773758584714,0.5,0.3572528510301656
1101,18.35,occ,occ,1,0.918,0.447,82.14,22.49,0.044643773758584714,0.5,0.3572528510301656
1102,18.366666666666667,occ,occ,1,0.919,0.445,82.08,22.21,0.044643773758584714,0.5,0.3572528510301656
1103,18.383333333333333,occ,occ,1,0.921,0.457,82.37,22.36,0.044643773758584714,0.5,0.3572528510301656
1104,18.4,occ,occ,1,0.921,0.487,81.67,22.19,0.044643773758584714,0.5,0.3572528510301656
1105,18.416666666666668,occ,occ,1,0.922,0.488,81.79,22.46,0.044643773758584714,0.5,0.3572528510301656
1106,18.433333333333334,occ,occ,1,0.918,0.458,81.82,22.38,0.044643773758584714,0.5,0.3572528510301656
1107,18.45,occ,full,0,0.922,0.512,82.93,22.23,0.04455464126420311,0.5,0.34655695170437384
1108,18.466666666666665,occ,full,0,0.92,0.515,82.15,22.36,0.04455464126420311,0.5,0.34655695170437384
1109,18.483333333333334,occ,full,0,0.92,0.521,81.94,22.39,0.04455464126420311,0.5,0.34655695170437384
1110,18.5,occ,full,0,0.921,0.565,83.03,22.24,0.04455464126420311,0.5,0.34655695170437384
1111,18.516666666666666,occ,full,0,0.92,0.537,81.64,22.42,0.04455464126420311,0.5,0.34655695170437384
1112,18.533333333333335,occ,occ,1,0.918,0.488,82.82,22.31,0.044643773758584714,0.5,0.3572528510301656
1113,18.55,occ,occ,1,0.92,0.483,83.26,22.16,0.044643773758584714,0.5,0.3572528510301656
1114,18.566666666666666,occ,occ,1,0.919,0.434,83.53,22.06,0.044643773758584714,0.5,0.3572528510301656
1115,18.583333333333332,occ,occ,1,0.92,0.401,83.09,22.17,0.044643773758584714,0.5,0.3572528510301656
1116,18.6,occ,occ,1,0.92,0.401,84.42,22.03,0.044643773758584714,0.5,0.3572528510301656
1117,18.616666666666667,occ,occ,1,0.918,0.345,84.39,22.1,0.044643773758584714,0.5,0.3572528510301656
1118,18.633333333333333,occ,occ,1,0.917,0.286,84.53,22.08,0.044643773758584714,0.5,0.3572528510301656
1119,18.65,occ,occ,1,0.913,0.225,84.48,22.14,0.044643773758584714,0.5,0.3572528510301656
1120,18.666666666666668,occ,occ,1,0.909,0.182,85.18,22.04,0.044643773758584714,0.5,0.3572528510301656
1121,18.683333333333334,occ,occ,1,0.908,0.157,84.97,22.2,0.044643773758584714,0.5,0.3572528510301656
1122,18.7,occ,occ,1,0.915,0.156,85.57,22.13,0.044643773758584714,0.5,0.3572528510301656
1123,18.716666666666665,occ,occ,1,0.911,0.145,84.6,22.13,0.044643773758584714,0.5,0.3572528510301656
1124,18.733333333333334,occ,occ,1,0.905,0.161,84.71,22.16,0.044643773758584714,0.5,0.3572528510301656
1125,18.75,occ,occ,1,0.899,0.16,84.97,22.16,0.044643773758584714,0.5,0.3572528510301656
1126,18.766666666666666,occ,occ,1,0.908,0.156,85.89,22.08,0.044643773758584714,0.5,0.3572528510301656
1127,18.783333333333335,occ,occ,1,0.904,0.141,86.69,21.99,0.044643773758584714,0.5,0.3572528510301656
1128,18.8,occ,occ,1,0.908,0.127,86.61,22.21,0.044643773758584714,0.5,0.3572528510301656
1129,18.816666666666666,occ,occ,1,0.911,0.128,85.94,21.93,0.044643773758584714,0.5,0.3572528510301656
1130,18.833333333333332,occ,occ,1,0.913,0.146,86.85,22.12,0.044643773758584714,0.5,0.3572528510301656
1131,18.85,occ,occ,1,0.909,0.133,86.96,21.89,0.044643773758584714,0.5,0.3572528510301656
1132,18.866666666666667,occ,occ,1,0.91,0.146,87.27,22.02,0.044643773758584714,0.5,0.3572528510301656
1133,18.883333333333333,occ,occ,1,0.91,0.156,87.28,22.0,0.044643773758584714,0.5,0.3572528510301656
1134,18.9,occ,occ,1,0.908,0.16,86.6,22.1,0.044643773758584714,0.5,0.3572528510301656
1135,18.916666666666668,occ,occ,1,0.904,0.153,86.99,22.15,0.044643773758584714,0.5,0.3572528510301656
1136,18.933333333333334,occ,occ,1,0.899,0.152,86.88,21.95,0.044643773758584714,0.5,0.3572528510301656
1137,18.95,occ,occ,1,0.895,0.138,87.01,22.09,0.044643773758584714,0.5,0.3572528510301656
1138,18.966666666666665,occ,occ,1,0.897,0.146,86.01,22.34,0.044643773758584714,0.5,0.3572528510301656
1139,18.983333333333334,occ,occ,1,0.898,0.15,88.63,21.99,0.044643773758584714,0.5,0.3572528510301656
1140,19.0,base,occ,0,0.9,0.143,88.46,21.98,0.044643773758584714,0.5,0.3572528510301656
1141,19.016666666666666,base,occ,0,0.825,0.127,88.0,21.78,0.044643773758584714,0.5,0.3572528510301656
1142,19.033333333333335,base,occ,0,0.765,0.132,88.04,21.68,0.044643773758584714,0.5,0.3572528510301656
1143,19.05,base,occ,0,0.69,0.145,86.62,21.35,0.044643773758584714,0.5,0.3572528510301656
1144,19.066666666666666,base,occ,0,0.569,0.17,86.46,21.31,0.044643773758584714,0.5,0.3572528510301656
1145,19.083333333333332,base,occ,0,0.508,0.228,86.12,21.36,0.044643773758584714,0.5,0.3572528510301656
1146,19.1,base,occ,0,0.409,0.283,87.83,21.57,0.044643773758584714,0.5,0.3572528510301656
1147,19.116666666666667,base,base,1,0.291,0.33,89.05,21.83,0.044555317837520717,0.5,0.3466381405024861
1148,19.133333333333333,base,base,1,0.21,0.332,88.07,21.69,0.044555317837520717,0.5,0.3466381405024861
1149,19.15,base,base,1,0.164,0.343,88.81,21.87,0.044555317837520717,0.5,0.3466381405024861
1150,19.166666666666668,base,base,1,0.14,0.335,88.54,21.69,0.044555317837520717,0.5,0.3466381405024861
1151,19.183333333333334,base,base,1,0.126,0.331,89.39,21.83,0.044555317837520717,0.5,0.3466381405024861
1152,19.2,base,base,1,0.12,0.317,90.46,22.03,0.044555317837520717,0.5,0.3466381405024861
1153,19.216666666666665,base,base,1,0.125,0.322,90.07,22.16,0.044555317837520717,0.5,0.3466381405024861
1154,19.233333333333334,base,base,1,0.118,0.3,90.47,22.02,0.044555317837520717,0.5,0.3466381405024861
1155,19.25,base,base,1,0.112,0.287,90.58,21.98,0.044555317837520717,0.5,0.3466381405024861
1156,19.266666666666666,base,base,1,0.108,0.276,90.43,21.99,0.044555317837520717,0.5,0.3466381405024861
1157,19.283333333333335,base,base,1,0.107,0.269,90.6,21.89,0.044555317837520717,0.5,0.3466381405024861
1158,19.3,base,base,1,0.105,0.264,90.66,21.93,0.044555317837520717,0.5,0.3466381405024861
1159,19.316666666666666,base,base,1,0.105,0.264,90.2,21.77,0.044555317837520717,0.5,0.3466381405024861
1160,19.333333333333332,base,base,1,0.105,0.265,90.34,21.77,0.044555317837520717,0.5,0.3466381405024861
1161,19.35,base,base,1,0.103,0.276,90.56,21.95,0.044555317837520717,0.5,0.3466381405024861
1162,19.366666666666667,base,base,1,0.099,0.267,90.55,21.81,0.044555317837520717,0.5,0.3466381405024861
1163,19.383333333333333,base,base,1,0.101,0.275,89.96,21.82,0.044555317837520717,0.5,0.3466381405024861
1164,19.4,base,base,1,0.1,0.252,90.59,21.82,0.044555317837520717,0.5,0.3466381405024861
1165,19.416666666666668,base,base,1,0.097,0.23,91.71,21.93,0.044555317837520717,0.5,0.3466381405024861
1166,19.433333333333334,base,base,1,0.097,0.212,90.05,21.54,0.044555317837520717,0.5,0.3466381405024861
1167,19.45,base,base,1,0.095,0.216,91.5,21.85,0.044555317837520717,0.5,0.3466381405024861
1168,19.466666666666665,base,base,1,0.093,0.198,91.32,21.78,0.044555317837520717,0.5,0.3466381405024861
1169,19.483333333333334,base,base,1,0.092,0.19,90.7,21.7,0.044555317837520717,0.5,0.3466381405024861
1170,19.5,base,base,1,0.092,0.208,90.99,21.7,0.044555317837520717,0.5,0.3466381405024861
1171,19.516666666666666,base,base,1,0.092,0.223,91.61,21.83,0.044555317837520717,0.5,0.3466381405024861
1172,19.533333333333335,base,base,1,0.09,0.207,91.25,21.65,0.044555317837520717,0.5,0.3466381405024861
1173,19.55,base,base,1,0.093,0.204,90.78,21.62,0.044555317837520717,0.5,0.3466381405024861
1174,19.566666666666666,base,base,1,0.092,0.201,89.68,21.58,0.044555317837520717,0.5,0.3466381405024861
1175,19.583333333333332,base,base,1,0.091,0.201,89.57,21.47,0.044555317837520717,0.5,0.3466381405024861
1176,19.6,base,base,1,0.09,0.216,90.38,21.56,0.044555317837520717,0.5,0.3466381405024861
1177,19.616666666666667,base,base,1,0.09,0.25,91.38,21.74,0.044555317837520717,0.5,0.3466381405024861
1178,19.633333333333333,base,base,1,0.091,0.258,89.73,21.39,0.044555317837520717,0.5,0.3466381405024861
1179,19.65,base,base,1,0.09,0.291,90.49,21.56,0.044555317837520717,0.5,0.3466381405024861
1180,19.666666666666668,base,base,1,0.089,0.327,90.08,21.53,0.044555317837520717,0.5,0.3466381405024861
1181,19.683333333333334,base,base,1,0.089,0.354,90.56,21.56,0.044555317837520717,0.5,0.3466381405024861
1182,19.7,base,base,1,0.088,0.382,89.98,21.52,0.044555317837520717,0.5,0.3466381405024861
1183,19.716666666666665,base,base,1,0.089,0.397,90.6,21.6,0.044555317837520717,0.5,0.3466381405024861
1184,19.733333333333334,base,base,1,0.089,0.402,91.35,21.74,0.044555317837520717,0.5,0.3466381405024861
1185,19.75,base,base,1,0.091,0.375,91.96,21.74,0.044555317837520717,0.5,0.3466381405024861
1186,19.766666666666666,base,base,1,0.091,0.359,91.59,21.63,0.044555317837520717,0.5,0.3466381405024861
1187,19.783333333333335,base,base,1,0.091,0.343,91.88,21.65,0.044555317837520717,0.5,0.3466381405024861
1188,19.8,base,base,1,0.09,0.329,91.19,21.53,0.044555317837520717,0.5,0.3466381405024861
1189,19.816666666666666,base,base,1,0.088,0.326,89.61,21.44,0.044555317837520717,0.5,0.3466381405024861
1190,19.833333333333332,base,base,1,0.088,0.322,90.31,21.59,0.044555317837520717,0.5,0.3466381405024861
1191,19.85,base,base,1,0.087,0.327,91.07,21.76,0.044555317837520717,0.5,0.3466381405024861
1192,19.866666666666667,base,base,1,0.087,0.311,91.49,21.71,0.044555317837520717,0.5,0.3466381405024861
1193,19.883333333333333,base,base,1,0.086,0.318,91.47,21.74,0.044555317837520717,0.5,0.3466381405024861
1194,19.9,base,base,1,0.087,0.317,91.36,21.87,0.044555317837520717,0.5,0.3466381405024861
1195,19.916666666666668,base,base,1,0.087,0.295,91.58,21.76,0.044555317837520717,0.5,0.3466381405024861
1196,19.933333333333334,base,base,1,0.086,0.289,92.48,21.89,0.044555317837520717,0.5,0.3466381405024861
1197,19.95,base,base,1,0.087,0.274,92.09,21.92,0.044555317837520717,0.5,0.3466381405024861
1198,19.966666666666665,base,base,1,0.088,0.259,91.31,21.76,0.044555317837520717,0.5,0.3466381405024861
1199,19.983333333333334,base,base,1,0.086,0.264,92.09,21.75,0.044555317837520717,0.5,0.3466381405024861
1200,20.0,base,base,1,0.086,0.264,90.84,21.56,0.044555317837520717,0.5,0.3466381405024861
1201,20.016666666666666,base,base,1,0.087,0.301,90.18,21.48,0.044555317837520717,0.5,0.3466381405024861
1202,20.033333333333335,base,base,1,0.089,0.338,90.03,21.3,0.044555317837520717,0.5,0.3466381405024861
1203,20.05,base,base,1,0.089,0.381,89.41,21.37,0.044555317837520717,0.5,0.3466381405024861
1204,20.066666666666666,base,base,1,0.087,0.422,90.31,21.51,0.044555317837520717,0.5,0.3466381405024861
1205,20.083333333333332,base,base,1,0.086,0.454,90.73,21.65,0.044555317837520717,0.5,0.3466381405024861
1206,20.1,base,base,1,0.086,0.475,91.66,21.92,0.044555317837520717,0.5,0.3466381405024861
1207,20.116666666666667,base,base,1,0.087,0.469,91.19,21.76,0.044555317837520717,0.5,0.3466381405024861
1208,20.133333333333333,base,base,1,0.086,0.479,91.63,21.81,0.044555317837520717,0.5,0.3466381405024861
1209,20.15,base,base,1,0.087,0.467,91.19,21.66,0.044555317837520717,0.5,0.3466381405024861
1210,20.166666666666668,base,base,1,0.086,0.491,90.74,21.54,0.044555317837520717,0.5,0.3466381405024861
1211,20.183333333333334,base,win,0,0.088,0.499,90.76,21.43,0.044789350329312444,0.5,0.3747220395174937
1212,20.2,base,win,0,0.086,0.533,92.11,21.82,0.044789350329312444,0.5,0.3747220395174937
1213,20.216666666666665,base,win,0,0.088,0.525,92.58,21.84,0.044789350329312444,0.5,0.3747220395174937
1214,20.233333333333334,base,base,1,0.089,0.496,91.34,21.74,0.044555317837520717,0.5,0.3466381405024861
1215,20.25,base,base,1,0.087,0.493,91.87,21.75,0.044555317837520717,0.5,0.3466381405024861
1216,20.266666666666666,base,base,1,0.088,0.473,91.91,21.75,0.044555317837520717,0.5,0.3466381405024861
1217,20.283333333333335,base,base,1,0.09,0.468,91.32,21.61,0.044555317837520717,0.5,0.3466381405024861
1218,20.3,base,base,1,0.091,0.456,90.72,21.35,0.044555317837520717,0.5,0.3466381405024861
1219,20.316666666666666,base,base,1,0.094,0.444,91.63,21.59,0.044555317837520717,0.5,0.3466381405024861
1220,20.333333333333332,base,base,1,0.09,0.436,91.0,21.64,0.044555317837520717,0.5,0.3466381405024861
1221,20.35,base,base,1,0.086,0.478,92.01,21.98,0.044555317837520717,0.5,0.3466381405024861
1222,20.366666666666667,base,base,1,0.086,0.476,91.03,21.72,0.044555317837520717,0.5,0.3466381405024861
1223,20.383333333333333,base,win,0,0.086,0.501,91.77,21.77,0.044789350329312444,0.5,0.3747220395174937
1224,20.4,base,win,0,0.086,0.515,92.03,21.76,0.044789350329312444,0.5,0.3747220395174937
1225,20.416666666666668,base,win,0,0.087,0.532,92.12,21.94,0.044789350329312444,0.5,0.3747220395174937
1226,20.433333333333334,base,win,0,0.087,0.523,91.87,21.71,0.044789350329312444,0.5,0.3747220395174937
1227,20.45,base,win,0,0.086,0.54,91.71,21.6,0.044789350329312444,0.5,0.3747220395174937
1228,20.466666666666665,base,win,0,0.086,0.569,91.39,21.63,0.044789350329312444,0.5,0.3747220395174937
1229,20.483333333333334,base,win,0,0.086,0.599,91.48,21.72,0.044789350329312444,0.5,0.3747220395174937
1230,20.5,base,win,0,0.086,0.623,91.76,21.7,0.044789350329312444,0.5,0.3747220395174937
1231,20.516666666666666,base,win,0,0.086,0.637,91.0,21.55,0.044789350329312444,0.5,0.3747220395174937
1232,20.533333333333335,base,win,0,0.087,0.639,91.66,21.81,0.044789350329312444,0.5,0.3747220395174937
1233,20.55,base,win,0,0.086,0.64,91.4,21.7,0.044789350329312444,0.5,0.3747220395174937
1234,20.566666666666666,base,win,0,0.086,0.645,91.72,21.72,0.044789350329312444,0.5,0.3747220395174937
1235,20.583333333333332,base,win,0,0.086,0.657,91.72,21.82,0.044789350329312444,0.5,0.3747220395174937
1236,20.6,base,win,0,0.088,0.65,91.13,21.65,0.044789350329312444,0.5,0.3747220395174937
1237,20.616666666666667,base,win,0,0.086,0.676,90.59,21.54,0.044789350329312444,0.5,0.3747220395174937
1238,20.633333333333333,base,win,0,0.085,0.716,91.29,21.5,0.044789350329312444,0.5,0.3747220395174937
1239,20.65,base,win,0,0.085,0.743,91.02,21.59,0.044789350329312444,0.5,0.3747220395174937
1240,20.666666666666668,base,win,0,0.085,0.755,91.76,21.81,0.044789350329312444,0.5,0.3747220395174937
1241,20.683333333333334,base,win,0,0.086,0.735,90.88,21.61,0.044789350329312444,0.5,0.3747220395174937
1242,20.7,base,win,0,0.086,0.753,91.99,21.76,0.044789350329312444,0.5,0.3747220395174937
1243,20.716666666666665,base,win,0,0.086,0.745,91.4,21.59,0.044789350329312444,0.5,0.3747220395174937
1244,20.733333333333334,base,win,0,0.088,0.738,90.97,21.52,0.044789350329312444,0.5,0.3747220395174937
1245,20.75,base,win,0,0.088,0.733,91.99,21.67,0.044789350329312444,0.5,0.3747220395174937
1246,20.766666666666666,base,win,0,0.089,0.72,91.96,21.7,0.044789350329312444,0.5,0.3747220395174937
1247,20.783333333333335,base,win,0,0.091,0.705,92.46,21.75,0.044789350329312444,0.5,0.3747220395174937
1248,20.8,base,win,0,0.087,0.697,92.06,21.8,0.044789350329312444,0.5,0.3747220395174937
1249,20.816666666666666,base,win,0,0.086,0.697,91.42,21.61,0.044789350329312444,0.5,0.3747220395174937
1250,20.833333333333332,base,win,0,0.086,0.707,91.71,21.74,0.044789350329312444,0.5,0.3747220395174937
1251,20.85,base,win,0,0.086,0.71,92.82,21.9,0.044789350329312444,0.5,0.3747220395174937
1252,20.866666666666667,base,win,0,0.087,0.677,91.75,21.89,0.044789350329312444,0.5,0.3747220395174937
1253,20.883333333333333,base,win,0,0.087,0.671,91.32,21.65,0.044789350329312444,0.5,0.3747220395174937
1254,20.9,base,win,0,0.087,0.667,91.96,21.78,0.044789350329312444,0.5,0.3747220395174937
1255,20.916666666666668,base,win,0,0.087,0.653,92.13,21.71,0.044789350329312444,0.5,0.3747220395174937
1256,20.933333333333334,base,win,0,0.088,0.636,92.0,21.85,0.044789350329312444,0.5,0.3747220395174937
1257,20.95,base,win,0,0.089,0.611,92.31,21.94,0.044789350329312444,0.5,0.3747220395174937
1258,20.966666666666665,base,win,0,0.092,0.592,91.21,21.6,0.044789350329312444,0.5,0.3747220395174937
1259,20.983333333333334,base,win,0,0.091,0.59,91.71,21.59,0.044789350329312444,0.5,0.3747220395174937
1260,21.0,base,win,0,0.092,0.592,91.12,21.4,0.044789350329312444,0.5,0.3747220395174937
1261,21.016666666666666,base,win,0,0.089,0.604,90.36,21.44,0.044789350329312444,0.5,0.3747220395174937
1262,21.033333333333335,base,win,0,0.088,0.617,90.68,21.54,0.044789350329312444,0.5,0.3747220395174937
1263,21.05,base,win,0,0.089,0.64,91.17,21.63,0.044789350329312444,0.5,0.3747220395174937
1264,21.066666666666666,base,win,0,0.086,0.69,91.89,21.78,0.044789350329312444,0.5,0.3747220395174937
1265,21.083333333333332,base,win,0,0.086,0.711,92.5,21.73,0.044789350329312444,0.5,0.3747220395174937
1266,21.1,base,win,0,0.086,0.72,91.53,21.76,0.044789350329312444,0.5,0.3747220395174937
1267,21.116666666666667,base,win,0,0.087,0.719,91.46,21.6,0.044789350329312444,0.5,0.3747220395174937
1268,21.133333333333333,base,win,0,0.087,0.726,91.34,21.7,0.044789350329312444,0.5,0.3747220395174937
1269,21.15,base,win,0,0.086,0.737,91.86,21.72,0.044789350329312444,0.5,0.3747220395174937
1270,21.166666666666668,base,win,0,0.086,0.754,91.68,21.92,0.044789350329312444,0.5,0.3747220395174937
1271,21.183333333333334,base,win,0,0.087,0.745,90.35,21.49,0.044789350329312444,0.5,0.3747220395174937
1272,21.2,base,win,0,0.086,0.761,90.86,21.55,0.044789350329312444,0.5,0.3747220395174937
1273,21.216666666666665,base,win,0,0.088,0.773,91.0,21.69,0.044789350329312444,0.5,0.3747220395174937
1274,21.233333333333334,base,win,0,0.086,0.782,90.55,21.61,0.044789350329312444,0.5,0.3747220395174937
1275,21.25,base,win,0,0.086,0.793,91.51,21.63,0.044789350329312444,0.5,0.3747220395174937
1276,21.266666666666666,base,win,0,0.086,0.8,91.78,21.67,0.044789350329312444,0.5,0.3747220395174937
1277,21.283333333333335,base,win,0,0.086,0.803,90.66,21.55,0.044789350329312444,0.5,0.3747220395174937
1278,21.3,base,win,0,0.086,0.819,91.41,21.64,0.044789350329312444,0.5,0.3747220395174937
1279,21.316666666666666,base,win,0,0.087,0.818,90.99,21.66,0.044789350329312444,0.5,0.3747220395174937
1280,21.333333333333332,base,win,0,0.087,0.815,91.77,21.83,0.044789350329312444,0.5,0.3747220395174937
1281,21.35,base,win,0,0.089,0.797,90.5,21.53,0.044789350329312444,0.5,0.3747220395174937
1282,21.366666666666667,base,win,0,0.086,0.814,91.77,21.66,0.044789350329312444,0.5,0.3747220395174937
1283,21.383333333333333,base,win,0,0.085,0.816,90.71,21.52,0.044789350329312444,0.5,0.3747220395174937
1284,21.4,base,win,0,0.085,0.826,90.8,21.52,0.044789350329312444,0.5,0.3747220395174937
1285,21.416666666666668,base,win,0,0.086,0.83,90.55,21.58,0.044789350329312444,0.5,0.3747220395174937
1286,21.433333333333334,base,win,0,0.086,0.835,90.58,21.53,0.044789350329312444,0.5,0.3747220395174937
1287,21.45,base,win,0,0.085,0.84,90.23,21.51,0.044789350329312444,0.5,0.3747220395174937
1288,21.466666666666665,base,win,0,0.085,0.843,92.06,21.94,0.044789350329312444,0.5,0.3747220395174937
1289,21.483333333333334,base,win,0,0.086,0.825,91.99,21.83,0.044789350329312444,0.5,0.3747220395174937
1290,21.5,base,win,0,0.089,0.805,90.94,21.67,0.044789350329312444,0.5,0.3747220395174937
1291,21.516666666666666,base,win,0,0.088,0.8,91.95,21.92,0.044789350329312444,0.5,0.3747220395174937
1292,21.533333333333335,base,win,0,0.087,0.79,92.55,22.05,0.044789350329312444,0.5,0.3747220395174937
1293,21.55,base,win,0,0.087,0.768,90.63,21.58,0.044789350329312444,0.5,0.3747220395174937
1294,21.566666666666666,base,win,0,0.086,0.78,90.97,21.66,0.044789350329312444,0.5,0.3747220395174937
1295,21.583333333333332,base,win,0,0.088,0.781,91.32,21.81,0.044789350329312444,0.5,0.3747220395174937
1296,21.6,base,win,0,0.089,0.764,90.9,21.61,0.044789350329312444,0.5,0.3747220395174937
1297,21.616666666666667,base,win,0,0.088,0.77,90.71,21.61,0.044789350329312444,0.5,0.3747220395174937
1298,21.633333333333333,base,win,0,0.086,0.779,91.29,21.82,0.044789350329312444,0.5,0.3747220395174937
1299,21.65,base,win,0,0.089,0.76,92.22,21.9,0.044789350329312444,0.5,0.3747220395174937
1300,21.666666666666668,base,win,0,0.09,0.741,92.04,21.84,0.044789350329312444,0.5,0.3747220395174937
1301,21.683333333333334,base,win,0,0.087,0.728,91.46,21.77,0.044789350329312444,0.5,0.3747220395174937
1302,21.7,base,win,0,0.088,0.722,91.62,21.74,0.044789350329312444,0.5,0.3747220395174937
1303,21.716666666666665,base,win,0,0.088,0.727,90.36,21.5,0.044789350329312444,0.5,0.3747220395174937
1304,21.733333333333334,base,win,0,0.086,0.753,91.54,21.61,0.044789350329312444,0.5,0.3747220395174937
1305,21.75,base,win,0,0.085,0.769,91.73,21.69,0.044789350329312444,0.5,0.3747220395174937
1306,21.766666666666666,base,win,0,0.086,0.769,92.04,21.71,0.044789350329312444,0.5,0.3747220395174937
1307,21.783333333333335,base,win,0,0.087,0.763,91.47,21.59,0.044789350329312444,0.5,0.3747220395174937
1308,21.8,base,win,0,0.088,0.761,91.98,21.85,0.044789350329312444,0.5,0.3747220395174937
1309,21.816666666666666,base,win,0,0.088,0.746,90.85,21.57,0.044789350329312444,0.5,0.3747220395174937
1310,21.833333333333332,base,win,0,0.087,0.767,90.9,21.74,0.044789350329312444,0.5,0.3747220395174937
1311,21.85,base,win,0,0.088,0.765,91.94,21.96,0.044789350329312444,0.5,0.3747220395174937
1312,21.866666666666667,base,win,0,0.089,0.75,91.09,21.89,0.044789350329312444,0.5,0.3747220395174937
1313,21.883333333333333,base,win,0,0.09,0.74,91.39,21.99,0.044789350329312444,0.5,0.3747220395174937
1314,21.9,base,win,0,0.089,0.736,92.18,22.02,0.044789350329312444,0.5,0.3747220395174937
1315,21.916666666666668,base,win,0,0.09,0.727,92.23,22.07,0.044789350329312444,0.5,0.3747220395174937
1316,21.933333333333334,base,win,0,0.088,0.713,91.21,22.22,0.044789350329312444,0.5,0.3747220395174937
1317,21.95,base,win,0,0.088,0.709,91.32,22.29,0.044789350329312444,0.5,0.3747220395174937
1318,21.966666666666665,base,win,0,0.088,0.702,91.92,21.92,0.044789350329312444,0.5,0.3747220395174937
1319,21.983333333333334,base,win,0,0.088,0.701,91.28,22.1,0.044789350329312444,0.5,0.3747220395174937
1320,22.0,base,win,0,0.088,0.698,92.08,21.98,0.044789350329312444,0.5,0.3747220395174937
1321,22.016666666666666,base,win,0,0.092,0.685,92.2,21.88,0.044789350329312444,0.5,0.3747220395174937
1322,22.033333333333335,base,win,0,0.088,0.685,91.49,21.78,0.044789350329312444,0.5,0.3747220395174937
1323,22.05,base,win,0,0.088,0.683,92.44,21.81,0.044789350329312444,0.5,0.3747220395174937
1324,22.066666666666666,base,win,0,0.087,0.692,92.48,21.92,0.044789350329312444,0.5,0.3747220395174937
1325,22.083333333333332,base,win,0,0.087,0.692,92.24,21.87,0.044789350329312444,0.5,0.3747220395174937
1326,22.1,base,win,0,0.089,0.664,92.04,21.85,0.044789350329312444,0.5,0.3747220395174937
1327,22.116666666666667,base,win,0,0.088,0.666,92.09,21.94,0.044789350329312444,0.5,0.3747220395174937
1328,22.133333333333333,base,win,0,0.088,0.666,91.15,21.78,0.044789350329312444,0.5,0.3747220395174937
1329,22.15,base,win,0,0.088,0.682,90.5,21.55,0.044789350329312444,0.5,0.3747220395174937
1330,22.166666666666668,base,win,0,0.087,0.723,90.5,21.62,0.044789350329312444,0.5,0.3747220395174937
1331,22.183333333333334,base,win,0,0.087,0.75,91.28,21.63,0.044789350329312444,0.5,0.3747220395174937
1332,22.2,base,win,0,0.085,0.777,91.36,21.72,0.044789350329312444,0.5,0.3747220395174937
1333,22.216666666666665,base,win,0,0.087,0.782,91.4,21.72,0.044789350329312444,0.5,0.3747220395174937
1334,22.233333333333334,base,win,0,0.088,0.779,91.77,21.89,0.044789350329312444,0.5,0.3747220395174937
1335,22.25,base,win,0,0.088,0.762,90.61,21.64,0.044789350329312444,0.5,0.3747220395174937
1336,22.266666666666666,base,win,0,0.086,0.776,91.91,21.9,0.044789350329312444,0.5,0.3747220395174937
1337,22.283333333333335,base,win,0,0.089,0.758,91.29,21.72,0.044789350329312444,0.5,0.3747220395174937
1338,22.3,base,win,0,0.087,0.767,91.68,21.73,0.044789350329312444,0.5,0.3747220395174937
1339,22.316666666666666,base,win,0,0.088,0.768,91.09,21.73,0.044789350329312444,0.5,0.3747220395174937
1340,22.333333333333332,base,win,0,0.088,0.763,91.8,21.86,0.044789350329312444,0.5,0.3747220395174937
1341,22.35,base,win,0,0.088,0.744,92.77,22.01,0.044789350329312444,0.5,0.3747220395174937
1342,22.366666666666667,base,win,0,0.09,0.722,92.18,21.9,0.044789350329312444,0.5,0.3747220395174937
1343,22.383333333333333,base,win,0,0.091,0.706,91.83,21.87,0.044789350329312444,0.5,0.3747220395174937
1344,22.4,base,win,0,0.088,0.693,92.78,21.79,0.044789350329312444,0.5,0.3747220395174937
1345,22.416666666666668,base,win,0,0.089,0.673,92.18,21.7,0.044789350329312444,0.5,0.3747220395174937
1346,22.433333333333334,base,win,0,0.09,0.66,92.24,21.74,0.044789350329312444,0.5,0.3747220395174937
1347,22.45,base,win,0,0.089,0.66,91.66,21.75,0.044789350329312444,0.5,0.3747220395174937
1348,22.466666666666665,base,win,0,0.091,0.628,92.24,21.81,0.044789350329312444,0.5,0.3747220395174937
1349,22.483333333333334,base,win,0,0.091,0.591,92.06,21.89,0.044789350329312444,0.5,0.3747220395174937
1350,22.5,base,win,0,0.091,0.563,92.56,21.9,0.044789350329312444,0.5,0.3747220395174937
1351,22.516666666666666,base,win,0,0.094,0.537,91.9,21.76,0.044789350329312444,0.5,0.3747220395174937
1352,22.533333333333335,base,win,0,0.092,0.52,92.5,22.1,0.044789350329312444,0.5,0.3747220395174937
1353,22.55,base,base,1,0.094,0.495,92.3,21.92,0.044555317837520717,0.5,0.3466381405024861
1354,22.566666666666666,base,base,1,0.097,0.481,93.13,21.96,0.044555317837520717,0.5,0.3466381405024861
1355,22.583333333333332,base,win,0,0.1,0.514,94.05,21.99,0.044789350329312444,0.5,0.3747220395174937
1356,22.6,base,win,0,0.102,0.525,92.53,21.79,0.044789350329312444,0.5,0.3747220395174937
1357,22.616666666666667,base,win,0,0.103,0.505,92.41,21.84,0.044789350329312444,0.5,0.3747220395174937
1358,22.633333333333333,base,base,1,0.101,0.475,91.83,21.84,0.044555317837520717,0.5,0.3466381405024861
1359,22.65,base,base,1,0.095,0.467,91.77,21.9,0.044555317837520717,0.5,0.3466381405024861
1360,22.666666666666668,base,base,1,0.095,0.442,91.99,22.02,0.044555317837520717,0.5,0.3466381405024861
1361,22.683333333333334,base,base,1,0.094,0.442,92.99,22.12,0.044555317837520717,0.5,0.3466381405024861
1362,22.7,base,base,1,0.095,0.456,91.83,22.11,0.044555317837520717,0.5,0.3466381405024861
1363,22.716666666666665,base,base,1,0.096,0.436,92.39,22.17,0.044555317837520717,0.5,0.3466381405024861
1364,22.733333333333334,base,base,1,0.094,0.434,92.67,22.11,0.044555317837520717,0.5,0.3466381405024861
1365,22.75,base,base,1,0.096,0.452,92.82,21.98,0.044555317837520717,0.5,0.3466381405024861
1366,22.766666666666666,base,base,1,0.098,0.447,92.27,22.18,0.044555317837520717,0.5,0.3466381405024861
1367,22.783333333333335,base,base,1,0.097,0.455,91.37,22.2,0.044555317837520717,0.5,0.3466381405024861
1368,22.8,base,base,1,0.095,0.44,91.07,21.76,0.044555317837520717,0.5,0.3466381405024861
1369,22.816666666666666,base,base,1,0.092,0.422,90.35,21.83,0.044555317837520717,0.5,0.3466381405024861
1370,22.833333333333332,base,base,1,0.09,0.46,91.63,21.85,0.044555317837520717,0.5,0.3466381405024861
1371,22.85,base,base,1,0.09,0.447,91.3,21.78,0.044555317837520717,0.5,0.3466381405024861
1372,22.866666666666667,base,base,1,0.09,0.429,91.62,21.87,0.044555317837520717,0.5,0.3466381405024861
1373,22.883333333333333,base,base,1,0.09,0.404,91.43,21.79,0.044555317837520717,0.5,0.3466381405024861
1374,22.9,base,base,1,0.089,0.399,91.43,22.0,0.044555317837520717,0.5,0.3466381405024861
1375,22.916666666666668,base,base,1,0.088,0.433,90.84,22.19,0.044555317837520717,0.5,0.3466381405024861
1376,22.933333333333334,base,base,1,0.088,0.459,91.11,21.83,0.044555317837520717,0.5,0.3466381405024861
1377,22.95,base,base,1,0.089,0.471,90.6,21.55,0.044555317837520717,0.5,0.3466381405024861
1378,22.966666666666665,base,win,0,0.089,0.536,90.39,21.45,0.044789350329312444,0.5,0.3747220395174937
1379,22.983333333333334,base,win,0,0.087,0.599,90.63,21.6,0.044789350329312444,0.5,0.3747220395174937
1380,23.0,base,win,0,0.088,0.63,91.54,21.73,0.044789350329312444,0.5,0.3747220395174937
1381,23.016666666666666,base,win,0,0.089,0.641,91.07,21.46,0.044789350329312444,0.5,0.3747220395174937
1382,23.033333333333335,base,win,0,0.087,0.687,91.09,21.53,0.044789350329312444,0.5,0.3747220395174937
1383,23.05,base,win,0,0.087,0.713,90.83,21.53,0.044789350329312444,0.5,0.3747220395174937
1384,23.066666666666666,base,win,0,0.087,0.735,90.81,21.51,0.044789350329312444,0.5,0.3747220395174937
1385,23.083333333333332,base,win,0,0.087,0.756,90.81,21.81,0.044789350329312444,0.5,0.3747220395174937
1386,23.1,base,win,0,0.092,0.735,91.27,21.95,0.044789350329312444,0.5,0.3747220395174937
1387,23.116666666666667,base,win,0,0.094,0.712,91.57,22.02,0.044789350329312444,0.5,0.3747220395174937
1388,23.133333333333333,base,win,0,0.091,0.698,92.04,21.97,0.044789350329312444,0.5,0.3747220395174937
1389,23.15,base,win,0,0.092,0.678,92.1,21.84,0.044789350329312444,0.5,0.3747220395174937
1390,23.166666666666668,base,win,0,0.089,0.672,92.34,21.87,0.044789350329312444,0.5,0.3747220395174937
1391,23.183333333333334,base,win,0,0.091,0.659,92.15,21.75,0.044789350329312444,0.5,0.3747220395174937
1392,23.2,base,win,0,0.091,0.664,92.5,22.01,0.044789350329312444,0.5,0.3747220395174937
1393,23.216666666666665,base,win,0,0.089,0.652,91.93,22.06,0.044789350329312444,0.5,0.3747220395174937
1394,23.233333333333334,base,win,0,0.089,0.633,91.2,21.87,0.044789350329312444,0.5,0.3747220395174937
1395,23.25,base,win,0,0.09,0.624,91.62,21.85,0.044789350329312444,0.5,0.3747220395174937
1396,23.266666666666666,base,win,0,0.09,0.596,92.23,21.95,0.044789350329312444,0.5,0.3747220395174937
1397,23.283333333333335,base,win,0,0.089,0.564,91.81,21.88,0.044789350329312444,0.5,0.3747220395174937
1398,23.3,base,win,0,0.09,0.547,92.63,21.94,0.044789350329312444,0.5,0.3747220395174937
1399,23.316666666666666,base,win,0,0.089,0.537,92.39,22.18,0.044789350329312444,0.5,0.3747220395174937
1400,23.333333333333332,base,win,0,0.088,0.541,92.0,22.19,0.044789350329312444,0.5,0.3747220395174937
1401,23.35,base,win,0,0.089,0.522,91.34,22.27,0.044789350329312444,0.5,0.3747220395174937
1402,23.366666666666667,base,win,0,0.089,0.503,92.52,22.08,0.044789350329312444,0.5,0.3747220395174937
1403,23.383333333333333,base,win,0,0.088,0.507,92.18,21.89,0.044789350329312444,0.5,0.3747220395174937
1404,23.4,base,win,0,0.088,0.517,91.75,21.79,0.044789350329312444,0.5,0.3747220395174937
1405,23.416666666666668,base,win,0,0.089,0.527,91.74,22.0,0.044789350329312444,0.5,0.3747220395174937
1406,23.433333333333334,base,win,0,0.092,0.51,92.1,21.92,0.044789350329312444,0.5,0.3747220395174937
1407,23.45,base,win,0,0.09,0.511,92.22,21.9,0.044789350329312444,0.5,0.3747220395174937
1408,23.466666666666665,base,win,0,0.091,0.499,91.68,21.76,0.044789350329312444,0.5,0.3747220395174937
1409,23.483333333333334,base,win,0,0.09,0.501,91.5,21.82,0.044789350329312444,0.5,0.3747220395174937
1410,23.5,base,base,1,0.09,0.491,92.09,22.0,0.044555317837520717,0.5,0.3466381405024861
1411,23.516666666666666,base,base,1,0.09,0.456,92.23,22.06,0.044555317837520717,0.5,0.3466381405024861
1412,23.533333333333335,base,base,1,0.089,0.436,92.64,21.94,0.044555317837520717,0.5,0.3466381405024861
1413,23.55,base,base,1,0.091,0.432,92.61,21.94,0.044555317837520717,0.5,0.3466381405024861
1414,23.566666666666666,base,base,1,0.091,0.408,91.64,21.74,0.044555317837520717,0.5,0.3466381405024861
1415,23.583333333333332,base,base,1,0.089,0.421,91.87,21.65,0.044555317837520717,0.5,0.3466381405024861
1416,23.6,base,base,1,0.094,0.401,91.51,21.76,0.044555317837520717,0.5,0.3466381405024861
1417,23.616666666666667,base,base,1,0.09,0.396,91.71,21.95,0.044555317837520717,0.5,0.3466381405024861
1418,23.633333333333333,base,base,1,0.089,0.363,91.31,21.78,0.044555317837520717,0.5,0.3466381405024861
1419,23.65,base,base,1,0.089,0.357,91.6,21.83,0.044555317837520717,0.5,0.3466381405024861
1420,23.666666666666668,base,base,1,0.089,0.342,91.65,21.71,0.044555317837520717,0.5,0.3466381405024861
1421,23.683333333333334,base,base,1,0.089,0.36,92.16,22.01,0.044555317837520717,0.5,0.3466381405024861
1422,23.7,base,base,1,0.09,0.338,91.7,21.86,0.044555317837520717,0.5,0.3466381405024861
1423,23.716666666666665,base,base,1,0.089,0.334,91.72,22.0,0.044555317837520717,0.5,0.3466381405024861
1424,23.733333333333334,base,base,1,0.092,0.327,91.89,22.0,0.044555317837520717,0.5,0.3466381405024861
1425,23.75,base,base,1,0.09,0.308,91.47,22.11,0.044555317837520717,0.5,0.3466381405024861
1426,23.766666666666666,base,base,1,0.09,0.298,91.8,22.0,0.044555317837520717,0.5,0.3466381405024861
1427,23.783333333333335,base,base,1,0.09,0.283,91.1,22.2,0.044555317837520717,0.5,0.3466381405024861
1428,23.8,base,base,1,0.089,0.281,91.15,22.04,0.044555317837520717,0.5,0.3466381405024861
1429,23.816666666666666,base,base,1,0.09,0.3,90.77,22.22,0.044555317837520717,0.5,0.3466381405024861
1430,23.833333333333332,base,base,1,0.09,0.316,92.01,21.98,0.044555317837520717,0.5,0.3466381405024861
1431,23.85,base,base,1,0.09,0.329,91.03,21.67,0.044555317837520717,0.5,0.3466381405024861
1432,23.866666666666667,base,base,1,0.092,0.381,91.35,21.87,0.044555317837520717,0.5,0.3466381405024861
1433,23.883333333333333,base,base,1,0.093,0.388,91.81,21.95,0.044555317837520717,0.5,0.3466381405024861
1434,23.9,base,base,1,0.091,0.388,91.49,22.05,0.044555317837520717,0.5,0.3466381405024861
1435,23.916666666666668,base,base,1,0.089,0.386,91.71,21.99,0.044555317837520717,0.5,0.3466381405024861
1436,23.933333333333334,base,base,1,0.089,0.4,90.81,21.73,0.044555317837520717,0.5,0.3466381405024861
1437,23.95,base,base,1,0.09,0.425,90.88,21.79,0.044555317837520717,0.5,0.3466381405024861
1438,23.966666666666665,base,base,1,0.09,0.45,91.69,22.07,0.044555317837520717,0.5,0.3466381405024861
1439,23.983333333333334,base,base,1,0.09,0.449,92.28,21.97,0.044555317837520717,0.5,0.3466381405024861
