step,hour,gt_regime,detected,correct,p_occ,p_win,satisfaction,temperature,kwh_step,hvac,light
0,0.0,base,base,1,0.5,0.5,92.88,21.92,0.04583333333333333,0.5,0.5
1,0.016666666666666666,base,base,1,0.247,0.423,82.17,21.87,0.041666666666666664,0.5,0.0
2,0.03333333333333333,base,base,1,0.13,0.388,81.03,21.96,0.041666666666666664,0.5,0.0
3,0.05,base,base,1,0.099,0.378,81.68,21.97,0.041666666666666664,0.5,0.0
4,0.06666666666666667,base,base,1,0.092,0.356,81.12,21.93,0.041666666666666664,0.5,0.0
5,0.08333333333333333,base,base,1,0.09,0.331,81.61,21.82,0.041666666666666664,0.5,0.0
6,0.1,base,base,1,0.091,0.313,81.11,22.0,0.041666666666666664,0.5,0.0
7,0.11666666666666667,base,base,1,0.091,0.302,81.0,22.02,0.041666666666666664,0.5,0.0
8,0.13333333333333333,base,base,1,0.092,0.294,81.49,21.9,0.041666666666666664,0.5,0.0
9,0.15,base,base,1,0.09,0.274,81.26,21.83,0.041666666666666664,0.5,0.0
10,0.16666666666666666,base,base,1,0.093,0.265,82.24,21.88,0.041666666666666664,0.5,0.0
11,0.18333333333333332,base,base,1,0.092,0.25,79.84,21.48,0.041666666666666664,0.5,0.0
12,0.2,base,base,1,0.091,0.257,79.98,21.51,0.041666666666666664,0.5,0.0
13,0.21666666666666667,base,base,1,0.09,0.271,78.94,21.4,0.041666666666666664,0.5,0.0
14,0.23333333333333334,base,base,1,0.091,0.339,79.75,21.64,0.041666666666666664,0.5,0.0
15,0.25,base,base,1,0.094,0.395,80.65,21.88,0.041666666666666664,0.5,0.0
16,0.26666666666666666,base,base,1,0.09,0.404,81.01,22.02,0.041666666666666664,0.5,0.0
17,0.2833333333333333,base,base,1,0.091,0.404,80.67,21.79,0.041666666666666664,0.5,0.0
18,0.3,base,base,1,0.09,0.42,81.29,21.9,0.041666666666666664,0.5,0.0
19,0.31666666666666665,base,base,1,0.089,0.415,82.6,22.09,0.041666666666666664,0.5,0.0
20,0.3333333333333333,base,base,1,0.089,0.39,81.9,21.8,0.041666666666666664,0.5,0.0
21,0.35,base,base,1,0.091,0.381,83.47,21.97,0.041666666666666664,0.5,0.0
22,0.36666666666666664,base,base,1,0.088,0.389,83.58,21.82,0.041666666666666664,0.5,0.0
23,0.38333333333333336,base,base,1,0.088,0.4,81.48,21.75,0.041666666666666664,0.5,0.0
24,0.4,base,base,1,0.087,0.397,81.68,21.81,0.041666666666666664,0.5,0.0
25,0.4166666666666667,base,base,1,0.086,0.396,82.41,22.05,0.041666666666666664,0.5,0.0
26,0.43333333333333335,base,base,1,0.087,0.41,82.65,21.95,0.041666666666666664,0.5,0.0
27,0.45,base,base,1,0.086,0.426,83.84,21.96,0.041666666666666664,0.5,0.0
28,0.4666666666666667,base,base,1,0.086,0.453,82.26,22.06,0.041666666666666664,0.5,0.0
29,0.48333333333333334,base,base,1,0.085,0.483,83.39,22.2,0.041666666666666664,0.5,0.0
30,0.5,base,base,1,0.087,0.48,82.51,22.09,0.041666666666666664,0.5,0.0
31,0.5166666666666667,base,base,1,0.089,0.489,82.82,22.18,0.041666666666666664,0.5,0.0
32,0.5333333333333333,base,base,1,0.088,0.488,82.4,22.12,0.041666666666666664,0.5,0.0
33,0.55,base,win,0,0.086,0.515,82.58,21.9,0.041666666666666664,0.5,0.0
34,0.5666666666666667,base,win,0,0.087,0.514,82.61,21.9,0.041666666666666664,0.5,0.0
35,0.5833333333333334,base,win,0,0.087,0.54,82.51,21.87,0.041666666666666664,0.5,0.0
36,0.6,base,win,0,0.088,0.537,82.06,21.75,0.041666666666666664,0.5,0.0
37,0.6166666666666667,base,win,0,0.092,0.532,82.1,21.79,0.041666666666666664,0.5,0.0
38,0.6333333333333333,base,win,0,0.086,0.552,82.15,21.87,0.041666666666666664,0.5,0.0
39,0.65,base,win,0,0.085,0.58,82.97,21.87,0.041666666666666664,0.5,0.0
40,0.6666666666666666,base,win,0,0.086,0.584,81.73,21.74,0.041666666666666664,0.5,0.0
41,0.6833333333333333,base,win,0,0.087,0.605,82.26,21.92,0.041666666666666664,0.5,0.0
42,0.7,base,win,0,0.087,0.605,82.53,22.11,0.041666666666666664,0.5,0.0
43,0.7166666666666667,base,win,0,0.086,0.613,82.05,21.71,0.041666666666666664,0.5,0.0
44,0.7333333333333333,base,win,0,0.086,0.62,82.3,21.69,0.041666666666666664,0.5,0.0
45,0.75,base,win,0,0.086,0.623,81.83,21.68,0.041666666666666664,0.5,0.0
46,0.7666666666666667,base,win,0,0.086,0.621,81.5,21.6,0.041666666666666664,0.5,0.0
47,0.7833333333333333,base,win,0,0.088,0.615,82.6,21.72,0.041666666666666664,0.5,0.0
48,0.8,base,win,0,0.086,0.629,82.61,21.94,0.041666666666666664,0.5,0.0
49,0.8166666666666667,base,win,0,0.085,0.64,81.68,21.76,0.041666666666666664,0.5,0.0
50,0.8333333333333334,base,win,0,0.086,0.639,82.36,21.86,0.041666666666666664,0.5,0.0
51,0.85,base,win,0,0.086,0.629,83.1,21.95,0.041666666666666664,0.5,0.0
52,0.8666666666666667,base,win,0,0.086,0.622,82.28,21.86,0.041666666666666664,0.5,0.0
53,0.8833333333333333,base,win,0,0.088,0.614,83.02,21.93,0.041666666666666664,0.5,0.0
54,0.9,base,win,0,0.087,0.604,82.62,21.74,0.041666666666666664,0.5,0.0
55,0.9166666666666666,base,win,0,0.087,0.623,81.81,21.71,0.041666666666666664,0.5,0.0
56,0.9333333333333333,base,win,0,0.086,0.652,81.84,21.73,0.041666666666666664,0.5,0.0
57,0.95,base,win,0,0.085,0.677,82.98,21.72,0.041666666666666664,0.5,0.0
58,0.9666666666666667,base,win,0,0.086,0.679,81.75,21.85,0.041666666666666664,0.5,0.0
59,0.9833333333333333,base,win,0,0.086,0.67,82.06,21.91,0.041666666666666664,0.5,0.0
60,1.0,base,win,0,0.088,0.645,81.54,21.77,0.041666666666666664,0.5,0.0
61,1.0166666666666666,base,win,0,0.086,0.646,81.45,21.84,0.041666666666666664,0.5,0.0
62,1.0333333333333334,base,win,0,0.086,0.662,81.32,21.74,0.041666666666666664,0.5,0.0
63,1.05,base,win,0,0.087,0.681,81.04,21.68,0.041666666666666664,0.5,0.0
64,1.0666666666666667,base,win,0,0.087,0.709,81.52,21.84,0.041666666666666664,0.5,0.0
65,1.0833333333333333,base,win,0,0.088,0.705,82.29,22.01,0.041666666666666664,0.5,0.0
66,1.1,base,win,0,0.087,0.699,82.01,21.8,0.041666666666666664,0.5,0.0
67,1.1166666666666667,base,win,0,0.085,0.696,82.16,21.77,0.041666666666666664,0.5,0.0
68,1.1333333333333333,base,win,0,0.086,0.708,81.64,21.6,0.041666666666666664,0.5,0.0
69,1.15,base,win,0,0.087,0.716,82.31,21.74,0.041666666666666664,0.5,0.0
70,1.1666666666666667,base,win,0,0.09,0.708,82.27,21.76,0.041666666666666664,0.5,0.0
71,1.1833333333333333,base,win,0,0.089,0.702,82.66,21.66,0.041666666666666664,0.5,0.0
72,1.2,base,win,0,0.091,0.693,81.63,21.47,0.041666666666666664,0.5,0.0
73,1.2166666666666666,base,win,0,0.093,0.688,81.29,21.59,0.041666666666666664,0.5,0.0
74,1.2333333333333334,base,win,0,0.089,0.693,81.88,21.73,0.041666666666666664,0.5,0.0
75,1.25,base,win,0,0.09,0.681,80.79,21.56,0.041666666666666664,0.5,0.0
76,1.2666666666666666,base,win,0,0.087,0.684,81.5,21.82,0.041666666666666664,0.5,0.0
77,1.2833333333333334,base,win,0,0.087,0.665,82.79,22.08,0.041666666666666664,0.5,0.0
78,1.3,base,win,0,0.087,0.638,82.62,22.03,0.041666666666666664,0.5,0.0
79,1.3166666666666667,base,win,0,0.089,0.61,81.76,22.25,0.041666666666666664,0.5,0.0
80,1.3333333333333333,base,win,0,0.087,0.591,81.74,22.13,0.041666666666666664,0.5,0.0
81,1.35,base,win,0,0.088,0.562,81.73,21.87,0.041666666666666664,0.5,0.0
82,1.3666666666666667,base,win,0,0.089,0.54,81.46,21.78,0.041666666666666664,0.5,0.0
83,1.3833333333333333,base,win,0,0.088,0.527,81.06,21.71,0.041666666666666664,0.5,0.0
84,1.4,base,win,0,0.09,0.51,81.57,21.79,0.041666666666666664,0.5,0.0
85,1.4166666666666667,base,base,1,0.09,0.485,82.61,21.88,0.041666666666666664,0.5,0.0
86,1.4333333333333333,base,base,1,0.089,0.496,82.6,21.94,0.041666666666666664,0.5,0.0
87,1.45,base,base,1,0.092,0.493,82.04,21.81,0.041666666666666664,0.5,0.0
88,1.4666666666666666,base,base,1,0.094,0.481,81.35,21.62,0.041666666666666664,0.5,0.0
89,1.4833333333333334,base,base,1,0.095,0.475,82.77,22.07,0.041666666666666664,0.5,0.0
90,1.5,base,base,1,0.091,0.477,82.16,21.86,0.041666666666666664,0.5,0.0
91,1.5166666666666666,base,base,1,0.086,0.483,82.53,21.65,0.041666666666666664,0.5,0.0
92,1.5333333333333334,base,base,1,0.09,0.496,81.97,21.7,0.041666666666666664,0.5,0.0
93,1.55,base,win,0,0.089,0.534,83.1,21.8,0.041666666666666664,0.5,0.0
94,1.5666666666666667,base,win,0,0.094,0.532,83.14,22.03,0.041666666666666664,0.5,0.0
95,1.5833333333333333,base,win,0,0.094,0.559,83.15,21.91,0.041666666666666664,0.5,0.0
96,1.6,base,win,0,0.089,0.586,82.35,21.74,0.041666666666666664,0.5,0.0
97,1.6166666666666667,base,win,0,0.089,0.621,82.79,21.84,0.041666666666666664,0.5,0.0
98,1.6333333333333333,base,win,0,0.088,0.629,84.79,21.92,0.041666666666666664,0.5,0.0
99,1.65,base,win,0,0.089,0.639,81.41,21.57,0.041666666666666664,0.5,0.0
100,1.6666666666666667,base,win,0,0.092,0.643,82.73,21.87,0.041666666666666664,0.5,0.0
101,1.6833333333333333,base,win,0,0.092,0.631,82.2,22.23,0.041666666666666664,0.5,0.0
102,1.7,base,win,0,0.089,0.651,82.67,22.19,0.041666666666666664,0.5,0.0
103,1.7166666666666666,base,win,0,0.09,0.673,83.04,22.1,0.041666666666666664,0.5,0.0
104,1.7333333333333334,base,win,0,0.094,0.691,82.9,21.81,0.041666666666666664,0.5,0.0
105,1.75,base,win,0,0.094,0.694,82.69,21.82,0.041666666666666664,0.5,0.0
106,1.7666666666666666,base,win,0,0.091,0.696,82.69,21.86,0.041666666666666664,0.5,0.0
107,1.7833333333333334,base,win,0,0.088,0.716,82.06,21.68,0.041666666666666664,0.5,0.0
108,1.8,base,win,0,0.089,0.728,81.35,21.56,0.041666666666666664,0.5,0.0
109,1.8166666666666667,base,win,0,0.095,0.712,81.38,21.58,0.041666666666666664,0.5,0.0
110,1.8333333333333333,base,win,0,0.091,0.704,81.67,21.65,0.041666666666666664,0.5,0.0
111,1.85,base,win,0,0.091,0.694,81.63,21.72,0.041666666666666664,0.5,0.0
112,1.8666666666666667,base,win,0,0.088,0.684,82.02,21.79,0.041666666666666664,0.5,0.0
113,1.8833333333333333,base,win,0,0.089,0.671,81.93,21.74,0.041666666666666664,0.5,0.0
114,1.9,base,win,0,0.088,0.662,82.81,21.77,0.041666666666666664,0.5,0.0
115,1.9166666666666667,base,win,0,0.089,0.651,81.99,21.78,0.041666666666666664,0.5,0.0
116,1.9333333333333333,base,win,0,0.085,0.664,82.68,21.96,0.041666666666666664,0.5,0.0
117,1.95,base,win,0,0.085,0.668,82.73,21.8,0.041666666666666664,0.5,0.0
118,1.9666666666666666,base,win,0,0.085,0.668,82.95,21.87,0.041666666666666664,0.5,0.0
119,1.9833333333333334,base,win,0,0.085,0.672,81.57,21.76,0.041666666666666664,0.5,0.0
120,2.0,base,win,0,0.086,0.691,81.21,21.61,0.041666666666666664,0.5,0.0
121,2.0166666666666666,base,win,0,0.084,0.728,80.96,21.5,0.041666666666666664,0.5,0.0
122,2.033333333333333,base,win,0,0.085,0.756,80.8,21.66,0.041666666666666664,0.5,0.0
123,2.05,base,win,0,0.085,0.77,80.62,21.62,0.041666666666666664,0.5,0.0
124,2.066666666666667,base,win,0,0.085,0.786,80.77,21.65,0.041666666666666664,0.5,0.0
125,2.0833333333333335,base,win,0,0.087,0.794,81.51,21.8,0.041666666666666664,0.5,0.0
126,2.1,base,win,0,0.087,0.783,81.12,21.75,0.041666666666666664,0.5,0.0
127,2.1166666666666667,base,win,0,0.086,0.781,80.87,21.6,0.041666666666666664,0.5,0.0
128,2.1333333333333333,base,win,0,0.085,0.797,81.64,21.88,0.041666666666666664,0.5,0.0
129,2.15,base,win,0,0.087,0.777,81.06,21.72,0.041666666666666664,0.5,0.0
130,2.1666666666666665,base,win,0,0.086,0.776,81.28,21.64,0.041666666666666664,0.5,0.0
131,2.183333333333333,base,win,0,0.084,0.788,80.95,21.57,0.041666666666666664,0.5,0.0
132,2.2,base,win,0,0.085,0.805,81.07,21.54,0.041666666666666664,0.5,0.0
133,2.216666666666667,base,win,0,0.083,0.819,80.79,21.57,0.041666666666666664,0.5,0.0
134,2.2333333333333334,base,win,0,0.084,0.822,81.65,21.71,0.041666666666666664,0.5,0.0
135,2.25,base,win,0,0.084,0.816,82.61,21.71,0.041666666666666664,0.5,0.0
136,2.2666666666666666,base,win,0,0.085,0.807,81.79,21.77,0.041666666666666664,0.5,0.0
137,2.283333333333333,base,win,0,0.085,0.797,81.04,21.7,0.041666666666666664,0.5,0.0
138,2.3,base,win,0,0.085,0.8,80.6,21.63,0.041666666666666664,0.5,0.0
139,2.316666666666667,base,win,0,0.086,0.803,81.03,21.57,0.041666666666666664,0.5,0.0
140,2.3333333333333335,base,win,0,0.085,0.81,80.3,21.56,0.041666666666666664,0.5,0.0
141,2.35,base,win,0,0.086,0.814,80.87,21.73,0.041666666666666664,0.5,0.0
142,2.3666666666666667,base,win,0,0.087,0.803,81.44,21.82,0.041666666666666664,0.5,0.0
143,2.3833333333333333,base,win,0,0.086,0.786,81.4,21.81,0.041666666666666664,0.5,0.0
144,2.4,base,win,0,0.086,0.777,81.05,21.75,0.041666666666666664,0.5,0.0
145,2.4166666666666665,base,win,0,0.087,0.777,81.5,21.83,0.041666666666666664,0.5,0.0
146,2.433333333333333,base,win,0,0.085,0.769,81.56,21.77,0.041666666666666664,0.5,0.0
147,2.45,base,win,0,0.088,0.771,81.25,21.79,0.041666666666666664,0.5,0.0
148,2.466666666666667,base,win,0,0.087,0.767,81.3,21.82,0.041666666666666664,0.5,0.0
149,2.4833333333333334,base,win,0,0.087,0.761,81.89,21.86,0.041666666666666664,0.5,0.0
150,2.5,base,win,0,0.09,0.755,81.26,21.86,0.041666666666666664,0.5,0.0
151,2.5166666666666666,base,win,0,0.087,0.751,81.41,22.18,0.041666666666666664,0.5,0.0
152,2.533333333333333,base,win,0,0.085,0.748,81.68,21.93,0.041666666666666664,0.5,0.0
153,2.55,base,win,0,0.086,0.741,82.7,21.95,0.041666666666666664,0.5,0.0
154,2.566666666666667,base,win,0,0.087,0.726,82.09,22.01,0.041666666666666664,0.5,0.0
155,2.5833333333333335,base,win,0,0.086,0.715,81.63,21.82,0.041666666666666664,0.5,0.0
156,2.6,base,win,0,0.086,0.708,80.19,21.5,0.041666666666666664,0.5,0.0
157,2.6166666666666667,base,win,0,0.085,0.736,82.06,21.73,0.041666666666666664,0.5,0.0
158,2.6333333333333333,base,win,0,0.086,0.733,80.78,21.59,0.041666666666666664,0.5,0.0
159,2.65,base,win,0,0.085,0.755,81.15,21.57,0.041666666666666664,0.5,0.0
160,2.6666666666666665,base,win,0,0.084,0.764,83.09,21.81,0.041666666666666664,0.5,0.0
161,2.683333333333333,base,win,0,0.086,0.759,83.81,21.87,0.041666666666666664,0.5,0.0
162,2.7,base,win,0,0.086,0.737,82.06,21.8,0.041666666666666664,0.5,0.0
163,2.716666666666667,base,win,0,0.084,0.737,82.27,21.84,0.041666666666666664,0.5,0.0
164,2.7333333333333334,base,win,0,0.084,0.724,82.19,21.83,0.041666666666666664,0.5,0.0
165,2.75,base,win,0,0.085,0.705,82.0,21.82,0.041666666666666664,0.5,0.0
166,2.7666666666666666,base,win,0,0.085,0.69,81.69,21.71,0.041666666666666664,0.5,0.0
167,2.783333333333333,base,win,0,0.084,0.697,82.46,21.8,0.041666666666666664,0.5,0.0
168,2.8,base,win,0,0.085,0.691,82.04,21.81,0.041666666666666664,0.5,0.0
169,2.816666666666667,base,win,0,0.086,0.68,81.87,21.75,0.041666666666666664,0.5,0.0
170,2.8333333333333335,base,win,0,0.084,0.684,81.61,21.61,0.041666666666666664,0.5,0.0
171,2.85,base,win,0,0.086,0.689,82.4,21.69,0.041666666666666664,0.5,0.0
172,2.8666666666666667,base,win,0,0.085,0.7,81.27,21.59,0.041666666666666664,0.5,0.0
173,2.8833333333333333,base,win,0,0.085,0.706,81.22,21.54,0.041666666666666664,0.5,0.0
174,2.9,base,win,0,0.084,0.724,82.78,21.84,0.041666666666666664,0.5,0.0
175,2.9166666666666665,base,win,0,0.086,0.716,82.01,21.53,0.041666666666666664,0.5,0.0
176,2.933333333333333,base,win,0,0.085,0.717,82.41,21.65,0.041666666666666664,0.5,0.0
177,2.95,base,win,0,0.086,0.735,80.0,21.28,0.041666666666666664,0.5,0.0
178,2.966666666666667,base,win,0,0.085,0.753,81.95,21.31,0.041666666666666664,0.5,0.0
179,2.9833333333333334,base,win,0,0.086,0.752,81.4,21.58,0.041666666666666664,0.5,0.0
180,3.0,base,win,0,0.084,0.774,81.5,21.69,0.041666666666666664,0.5,0.0
181,3.0166666666666666,base,win,0,0.083,0.785,81.25,21.63,0.041666666666666664,0.5,0.0
182,3.033333333333333,base,win,0,0.084,0.796,81.6,21.74,0.041666666666666664,0.5,0.0
183,3.05,base,win,0,0.083,0.798,83.02,21.81,0.041666666666666664,0.5,0.0
184,3.066666666666667,base,win,0,0.085,0.788,81.68,21.86,0.041666666666666664,0.5,0.0
185,3.0833333333333335,base,win,0,0.085,0.775,82.72,21.93,0.041666666666666664,0.5,0.0
186,3.1,base,win,0,0.085,0.769,81.79,21.79,0.041666666666666664,0.5,0.0
187,3.1166666666666667,base,win,0,0.084,0.764,82.52,21.95,0.041666666666666664,0.5,0.0
188,3.1333333333333333,base,win,0,0.084,0.76,81.43,21.69,0.041666666666666664,0.5,0.0
189,3.15,base,win,0,0.083,0.774,80.95,21.61,0.041666666666666664,0.5,0.0
190,3.1666666666666665,base,win,0,0.083,0.785,80.54,21.51,0.041666666666666664,0.5,0.0
191,3.183333333333333,base,win,0,0.084,0.8,80.31,21.48,0.041666666666666664,0.5,0.0
192,3.2,base,win,0,0.083,0.811,82.22,21.69,0.041666666666666664,0.5,0.0
193,3.216666666666667,base,win,0,0.084,0.808,81.35,21.67,0.041666666666666664,0.5,0.0
194,3.2333333333333334,base,win,0,0.083,0.812,82.28,21.75,0.041666666666666664,0.5,0.0
195,3.25,base,win,0,0.083,0.805,83.7,21.92,0.041666666666666664,0.5,0.0
196,3.2666666666666666,base,win,0,0.086,0.784,82.95,21.92,0.041666666666666664,0.5,0.0
197,3.283333333333333,base,win,0,0.086,0.787,82.53,22.07,0.041666666666666664,0.5,0.0
198,3.3,base,win,0,0.086,0.767,82.48,21.84,0.041666666666666664,0.5,0.0
199,3.316666666666667,base,win,0,0.085,0.759,81.77,21.72,0.041666666666666664,0.5,0.0
200,3.3333333333333335,base,win,0,0.084,0.759,81.77,21.72,0.041666666666666664,0.5,0.0
201,3.35,base,win,0,0.085,0.755,81.73,21.71,0.041666666666666664,0.5,0.0
202,3.3666666666666667,base,win,0,0.084,0.757,82.46,21.76,0.041666666666666664,0.5,0.0
203,3.3833333333333333,base,win,0,0.084,0.753,81.65,21.67,0.041666666666666664,0.5,0.0
204,3.4,base,win,0,0.084,0.753,81.38,21.61,0.041666666666666664,0.5,0.0
205,3.4166666666666665,base,win,0,0.084,0.761,81.63,21.59,0.041666666666666664,0.5,0.0
206,3.433333333333333,base,win,0,0.086,0.759,81.58,21.59,0.041666666666666664,0.5,0.0
207,3.45,base,win,0,0.09,0.752,81.51,21.5,0.041666666666666664,0.5,0.0
208,3.466666666666667,base,win,0,0.088,0.746,81.42,21.5,0.041666666666666664,0.5,0.0
209,3.4833333333333334,base,win,0,0.087,0.747,81.22,21.54,0.041666666666666664,0.5,0.0
210,3.5,base,win,0,0.086,0.746,81.41,21.57,0.041666666666666664,0.5,0.0
211,3.5166666666666666,base,win,0,0.086,0.748,82.49,21.82,0.041666666666666664,0.5,0.0
212,3.533333333333333,base,win,0,0.085,0.751,82.69,21.76,0.041666666666666664,0.5,0.0
213,3.55,base,win,0,0.086,0.748,82.18,21.77,0.041666666666666664,0.5,0.0
214,3.566666666666667,base,win,0,0.085,0.738,82.05,21.61,0.041666666666666664,0.5,0.0
215,3.5833333333333335,base,win,0,0.086,0.738,81.01,21.43,0.041666666666666664,0.5,0.0
216,3.6,base,win,0,0.086,0.739,80.79,21.48,0.041666666666666664,0.5,0.0
217,3.6166666666666667,base,win,0,0.085,0.744,81.86,21.69,0.041666666666666664,0.5,0.0
218,3.6333333333333333,base,win,0,0.085,0.748,81.11,21.56,0.041666666666666664,0.5,0.0
219,3.65,base,win,0,0.084,0.76,80.69,21.51,0.041666666666666664,0.5,0.0
220,3.6666666666666665,base,win,0,0.083,0.78,80.68,21.44,0.041666666666666664,0.5,0.0
221,3.683333333333333,base,win,0,0.084,0.79,80.0,21.37,0.041666666666666664,0.5,0.0
222,3.7,base,win,0,0.083,0.804,80.45,21.47,0.041666666666666664,0.5,0.0
223,3.716666666666667,base,win,0,0.084,0.817,82.38,21.67,0.041666666666666664,0.5,0.0
224,3.7333333333333334,base,win,0,0.084,0.819,81.03,21.55,0.041666666666666664,0.5,0.0
225,3.75,base,win,0,0.083,0.817,81.37,21.58,0.041666666666666664,0.5,0.0
226,3.7666666666666666,base,win,0,0.084,0.807,81.46,21.7,0.041666666666666664,0.5,0.0
227,3.783333333333333,base,win,0,0.085,0.789,80.48,21.47,0.041666666666666664,0.5,0.0
228,3.8,base,win,0,0.083,0.798,81.7,21.73,0.041666666666666664,0.5,0.0
229,3.816666666666667,base,win,0,0.083,0.794,81.52,21.64,0.041666666666666664,0.5,0.0
230,3.8333333333333335,base,win,0,0.083,0.802,81.21,21.57,0.041666666666666664,0.5,0.0
231,3.85,base,win,0,0.083,0.813,83.49,21.9,0.041666666666666664,0.5,0.0
232,3.8666666666666667,base,win,0,0.084,0.793,83.58,21.96,0.041666666666666664,0.5,0.0
233,3.8833333333333333,base,win,0,0.084,0.775,81.67,21.71,0.041666666666666664,0.5,0.0
234,3.9,base,win,0,0.083,0.775,82.71,21.84,0.041666666666666664,0.5,0.0
235,3.9166666666666665,base,win,0,0.085,0.769,82.3,21.88,0.041666666666666664,0.5,0.0
236,3.933333333333333,base,win,0,0.084,0.757,82.34,21.84,0.041666666666666664,0.5,0.0
237,3.95,base,win,0,0.084,0.742,82.14,21.84,0.041666666666666664,0.5,0.0
238,3.966666666666667,base,win,0,0.084,0.733,82.19,21.89,0.041666666666666664,0.5,0.0
239,3.9833333333333334,base,win,0,0.083,0.732,80.61,21.52,0.041666666666666664,0.5,0.0
240,4.0,base,win,0,0.083,0.763,80.87,21.56,0.041666666666666664,0.5,0.0
241,4.016666666666667,base,win,0,0.083,0.781,80.94,21.62,0.041666666666666664,0.5,0.0
242,4.033333333333333,base,win,0,0.083,0.786,81.54,21.55,0.041666666666666664,0.5,0.0
243,4.05,base,win,0,0.083,0.796,80.71,21.5,0.041666666666666664,0.5,0.0
244,4.066666666666666,base,win,0,0.083,0.803,80.56,21.59,0.041666666666666664,0.5,0.0
245,4.083333333333333,base,win,0,0.084,0.798,81.19,21.68,0.041666666666666664,0.5,0.0
246,4.1,base,win,0,0.084,0.792,81.02,21.6,0.041666666666666664,0.5,0.0
247,4.116666666666666,base,win,0,0.083,0.797,82.34,21.83,0.041666666666666664,0.5,0.0
248,4.133333333333334,base,win,0,0.084,0.774,81.12,21.58,0.041666666666666664,0.5,0.0
249,4.15,base,win,0,0.084,0.766,80.95,21.54,0.041666666666666664,0.5,0.0
250,4.166666666666667,base,win,0,0.083,0.765,81.52,21.68,0.041666666666666664,0.5,0.0
251,4.183333333333334,base,win,0,0.083,0.765,82.16,21.6,0.041666666666666664,0.5,0.0
252,4.2,base,win,0,0.083,0.767,82.1,21.89,0.041666666666666664,0.5,0.0
253,4.216666666666667,base,win,0,0.083,0.752,81.85,21.75,0.041666666666666664,0.5,0.0
254,4.233333333333333,base,win,0,0.083,0.746,81.11,21.7,0.041666666666666664,0.5,0.0
255,4.25,base,win,0,0.084,0.742,80.48,21.61,0.041666666666666664,0.5,0.0
256,4.266666666666667,base,win,0,0.085,0.766,80.65,21.57,0.041666666666666664,0.5,0.0
257,4.283333333333333,base,win,0,0.085,0.769,81.19,21.76,0.041666666666666664,0.5,0.0
258,4.3,base,win,0,0.085,0.758,81.25,21.7,0.041666666666666664,0.5,0.0
259,4.316666666666666,base,win,0,0.083,0.764,82.93,21.8,0.041666666666666664,0.5,0.0
260,4.333333333333333,base,win,0,0.084,0.751,82.05,21.79,0.041666666666666664,0.5,0.0
261,4.35,base,win,0,0.084,0.749,82.13,21.82,0.041666666666666664,0.5,0.0
262,4.366666666666666,base,win,0,0.084,0.743,82.02,21.73,0.041666666666666664,0.5,0.0
263,4.383333333333334,base,win,0,0.085,0.742,83.99,22.09,0.041666666666666664,0.5,0.0
264,4.4,base,win,0,0.086,0.734,82.84,22.07,0.041666666666666664,0.5,0.0
265,4.416666666666667,base,win,0,0.085,0.738,82.63,22.05,0.041666666666666664,0.5,0.0
266,4.433333333333334,base,win,0,0.084,0.724,83.88,21.98,0.041666666666666664,0.5,0.0
267,4.45,base,win,0,0.084,0.714,81.55,21.71,0.041666666666666664,0.5,0.0
268,4.466666666666667,base,win,0,0.083,0.727,81.61,21.67,0.041666666666666664,0.5,0.0
269,4.483333333333333,base,win,0,0.083,0.723,82.1,21.8,0.041666666666666664,0.5,0.0
270,4.5,base,win,0,0.083,0.718,82.25,21.88,0.041666666666666664,0.5,0.0
271,4.516666666666667,base,win,0,0.087,0.719,81.88,21.82,0.041666666666666664,0.5,0.0
272,4.533333333333333,base,win,0,0.084,0.727,82.3,21.62,0.041666666666666664,0.5,0.0
273,4.55,base,win,0,0.084,0.738,81.12,21.56,0.041666666666666664,0.5,0.0
274,4.566666666666666,base,win,0,0.083,0.745,80.77,21.44,0.041666666666666664,0.5,0.0
275,4.583333333333333,base,win,0,0.085,0.749,81.2,21.47,0.041666666666666664,0.5,0.0
276,4.6,base,win,0,0.087,0.743,80.17,21.25,0.041666666666666664,0.5,0.0
277,4.616666666666666,base,win,0,0.086,0.731,80.75,21.48,0.041666666666666664,0.5,0.0
278,4.633333333333334,base,win,0,0.083,0.741,81.73,21.77,0.041666666666666664,0.5,0.0
279,4.65,base,win,0,0.083,0.755,81.2,21.65,0.041666666666666664,0.5,0.0
280,4.666666666666667,base,win,0,0.083,0.768,84.08,21.94,0.041666666666666664,0.5,0.0
281,4.683333333333334,base,win,0,0.083,0.762,82.14,21.97,0.041666666666666664,0.5,0.0
282,4.7,base,win,0,0.084,0.752,82.65,22.02,0.041666666666666664,0.5,0.0
283,4.716666666666667,base,win,0,0.085,0.739,82.45,22.1,0.041666666666666664,0.5,0.0
284,4.733333333333333,base,win,0,0.083,0.723,81.81,21.78,0.041666666666666664,0.5,0.0
285,4.75,base,win,0,0.083,0.707,82.02,21.73,0.041666666666666664,0.5,0.0
286,4.766666666666667,base,win,0,0.084,0.691,83.2,21.88,0.041666666666666664,0.5,0.0
287,4.783333333333333,base,win,0,0.084,0.675,82.4,21.84,0.041666666666666664,0.5,0.0
288,4.8,base,win,0,0.085,0.667,81.66,21.59,0.041666666666666664,0.5,0.0
289,4.816666666666666,base,win,0,0.087,0.663,81.86,21.55,0.041666666666666664,0.5,0.0
290,4.833333333333333,base,win,0,0.085,0.662,82.04,21.86,0.041666666666666664,0.5,0.0
291,4.85,base,win,0,0.083,0.657,82.49,21.96,0.041666666666666664,0.5,0.0
292,4.866666666666666,base,win,0,0.083,0.653,83.73,21.98,0.041666666666666664,0.5,0.0
293,4.883333333333334,base,win,0,0.084,0.639,82.35,21.95,0.041666666666666664,0.5,0.0
294,4.9,base,win,0,0.083,0.63,82.65,21.98,0.041666666666666664,0.5,0.0
295,4.916666666666667,base,win,0,0.084,0.622,83.26,21.95,0.041666666666666664,0.5,0.0
296,4.933333333333334,base,win,0,0.084,0.624,83.03,22.02,0.041666666666666664,0.5,0.0
297,4.95,base,win,0,0.083,0.627,82.53,21.97,0.041666666666666664,0.5,0.0
298,4.966666666666667,base,win,0,0.083,0.629,84.09,21.96,0.041666666666666664,0.5,0.0
299,4.983333333333333,base,win,0,0.083,0.638,82.63,21.83,0.041666666666666664,0.5,0.0
300,5.0,base,win,0,0.084,0.645,81.94,21.74,0.041666666666666664,0.5,0.0
301,5.016666666666667,base,win,0,0.084,0.655,82.08,21.83,0.041666666666666664,0.5,0.0
302,5.033333333333333,base,win,0,0.083,0.649,81.96,21.88,0.041666666666666664,0.5,0.0
303,5.05,base,win,0,0.083,0.633,82.21,21.91,0.041666666666666664,0.5,0.0
304,5.066666666666666,base,win,0,0.084,0.615,82.23,21.9,0.041666666666666664,0.5,0.0
305,5.083333333333333,base,win,0,0.083,0.604,82.95,21.97,0.041666666666666664,0.5,0.0
306,5.1,base,win,0,0.084,0.61,81.93,22.11,0.041666666666666664,0.5,0.0
307,5.116666666666666,base,win,0,0.083,0.596,81.79,22.15,0.041666666666666664,0.5,0.0
308,5.133333333333334,base,win,0,0.083,0.582,82.38,22.01,0.041666666666666664,0.5,0.0
309,5.15,base,win,0,0.085,0.588,82.43,21.82,0.041666666666666664,0.5,0.0
310,5.166666666666667,base,win,0,0.084,0.588,82.78,21.88,0.041666666666666664,0.5,0.0
311,5.183333333333334,base,win,0,0.086,0.597,82.87,22.09,0.041666666666666664,0.5,0.0
312,5.2,base,win,0,0.085,0.618,83.1,22.05,0.041666666666666664,0.5,0.0
313,5.216666666666667,base,win,0,0.085,0.639,82.39,22.18,0.041666666666666664,0.5,0.0
314,5.233333333333333,base,win,0,0.084,0.647,83.55,21.96,0.041666666666666664,0.5,0.0
315,5.25,base,win,0,0.086,0.665,81.9,22.23,0.041666666666666664,0.5,0.0
316,5.266666666666667,base,win,0,0.084,0.657,82.78,22.06,0.041666666666666664,0.5,0.0
317,5.283333333333333,base,win,0,0.083,0.657,83.49,21.95,0.041666666666666664,0.5,0.0
318,5.3,base,win,0,0.084,0.66,82.72,22.04,0.041666666666666664,0.5,0.0
319,5.316666666666666,base,win,0,0.083,0.674,83.24,21.98,0.041666666666666664,0.5,0.0
320,5.333333333333333,base,win,0,0.083,0.665,82.99,22.13,0.041666666666666664,0.5,0.0
321,5.35,base,win,0,0.083,0.647,82.42,22.1,0.041666666666666664,0.5,0.0
322,5.366666666666666,base,win,0,0.083,0.64,82.16,22.19,0.041666666666666664,0.5,0.0
323,5.383333333333334,base,win,0,0.083,0.626,81.86,22.22,0.041666666666666664,0.5,0.0
324,5.4,base,win,0,0.083,0.613,82.75,22.09,0.041666666666666664,0.5,0.0
325,5.416666666666667,base,win,0,0.085,0.605,82.19,22.18,0.041666666666666664,0.5,0.0
326,5.433333333333334,base,win,0,0.083,0.583,82.7,21.92,0.041666666666666664,0.5,0.0
327,5.45,base,win,0,0.083,0.569,83.41,22.03,0.041666666666666664,0.5,0.0
328,5.466666666666667,base,win,0,0.084,0.58,81.88,21.84,0.041666666666666664,0.5,0.0
329,5.483333333333333,base,win,0,0.083,0.568,82.58,21.86,0.041666666666666664,0.5,0.0
330,5.5,base,win,0,0.084,0.567,81.37,21.64,0.041666666666666664,0.5,0.0
331,5.516666666666667,base,win,0,0.083,0.588,81.8,21.79,0.041666666666666664,0.5,0.0
332,5.533333333333333,base,win,0,0.083,0.581,82.77,21.83,0.041666666666666664,0.5,0.0
333,5.55,base,win,0,0.083,0.555,82.42,21.75,0.041666666666666664,0.5,0.0
334,5.566666666666666,base,win,0,0.084,0.559,81.65,21.82,0.041666666666666664,0.5,0.0
335,5.583333333333333,base,win,0,0.083,0.526,82.61,22.07,0.041666666666666664,0.5,0.0
336,5.6,base,win,0,0.083,0.501,82.23,21.96,0.041666666666666664,0.5,0.0
337,5.616666666666666,base,base,1,0.085,0.492,82.55,21.85,0.041666666666666664,0.5,0.0
338,5.633333333333334,base,base,1,0.085,0.468,81.82,21.99,0.041666666666666664,0.5,0.0
339,5.65,base,base,1,0.085,0.451,81.59,21.92,0.041666666666666664,0.5,0.0
340,5.666666666666667,base,base,1,0.085,0.43,82.01,22.02,0.041666666666666664,0.5,0.0
341,5.683333333333334,base,base,1,0.084,0.419,82.91,22.07,0.041666666666666664,0.5,0.0
342,5.7,base,base,1,0.084,0.406,81.8,22.02,0.041666666666666664,0.5,0.0
343,5.716666666666667,base,base,1,0.084,0.4,83.0,22.02,0.041666666666666664,0.5,0.0
344,5.733333333333333,base,base,1,0.085,0.42,81.48,21.9,0.041666666666666664,0.5,0.0
345,5.75,base,base,1,0.084,0.417,81.66,21.93,0.041666666666666664,0.5,0.0
346,5.766666666666667,base,base,1,0.084,0.402,81.62,21.69,0.041666666666666664,0.5,0.0
347,5.783333333333333,base,base,1,0.085,0.423,81.23,21.77,0.041666666666666664,0.5,0.0
348,5.8,base,base,1,0.084,0.436,81.34,21.77,0.041666666666666664,0.5,0.0
349,5.816666666666666,base,base,1,0.084,0.442,81.3,21.77,0.041666666666666664,0.5,0.0
350,5.833333333333333,base,base,1,0.085,0.443,81.04,21.84,0.041666666666666664,0.5,0.0
351,5.85,base,base,1,0.085,0.439,82.64,21.92,0.041666666666666664,0.5,0.0
352,5.866666666666666,base,base,1,0.085,0.437,81.54,22.01,0.041666666666666664,0.5,0.0
353,5.883333333333334,base,base,1,0.085,0.446,81.18,22.19,0.041666666666666664,0.5,0.0
354,5.9,base,base,1,0.085,0.432,81.51,22.18,0.041666666666666664,0.5,0.0
355,5.916666666666667,base,base,1,0.084,0.432,81.13,21.71,0.041666666666666664,0.5,0.0
356,5.933333333333334,base,base,1,0.084,0.463,81.52,21.89,0.041666666666666664,0.5,0.0
357,5.95,base,base,1,0.085,0.489,81.75,21.96,0.041666666666666664,0.5,0.0
358,5.966666666666667,base,win,0,0.085,0.521,81.62,21.86,0.041666666666666664,0.5,0.0
359,5.983333333333333,base,win,0,0.084,0.529,81.73,22.08,0.041666666666666664,0.5,0.0
360,6.0,base,win,0,0.085,0.555,82.14,22.04,0.041666666666666664,0.5,0.0
361,6.016666666666667,base,win,0,0.083,0.559,82.02,21.86,0.041666666666666664,0.5,0.0
362,6.033333333333333,base,win,0,0.082,0.569,82.51,21.97,0.041666666666666664,0.5,0.0
363,6.05,base,win,0,0.082,0.582,83.03,22.01,0.041666666666666664,0.5,0.0
364,6.066666666666666,base,win,0,0.083,0.581,82.06,21.9,0.041666666666666664,0.5,0.0
365,6.083333333333333,base,win,0,0.083,0.575,83.61,21.97,0.041666666666666664,0.5,0.0
366,6.1,base,win,0,0.084,0.579,82.16,21.96,0.041666666666666664,0.5,0.0
367,6.116666666666666,base,win,0,0.083,0.576,82.26,22.0,0.041666666666666664,0.5,0.0
368,6.133333333333334,base,win,0,0.083,0.567,82.03,22.05,0.041666666666666664,0.5,0.0
369,6.15,base,win,0,0.084,0.582,82.21,22.0,0.041666666666666664,0.5,0.0
370,6.166666666666667,base,win,0,0.083,0.586,81.99,21.87,0.041666666666666664,0.5,0.0
371,6.183333333333334,base,win,0,0.083,0.583,82.04,21.94,0.041666666666666664,0.5,0.0
372,6.2,base,win,0,0.083,0.579,81.72,21.87,0.041666666666666664,0.5,0.0
373,6.216666666666667,base,win,0,0.084,0.584,81.95,21.85,0.041666666666666664,0.5,0.0
374,6.233333333333333,base,win,0,0.083,0.571,83.77,22.0,0.041666666666666664,0.5,0.0
375,6.25,base,win,0,0.084,0.573,81.82,21.88,0.041666666666666664,0.5,0.0
376,6.266666666666667,base,win,0,0.084,0.594,82.86,21.92,0.041666666666666664,0.5,0.0
377,6.283333333333333,base,win,0,0.083,0.588,82.8,22.06,0.041666666666666664,0.5,0.0
378,6.3,base,win,0,0.084,0.594,82.05,21.9,0.041666666666666664,0.5,0.0
379,6.316666666666666,base,win,0,0.083,0.575,81.82,21.81,0.041666666666666664,0.5,0.0
380,6.333333333333333,base,win,0,0.083,0.563,82.54,22.02,0.041666666666666664,0.5,0.0
381,6.35,base,win,0,0.083,0.55,82.52,21.98,0.041666666666666664,0.5,0.0
382,6.366666666666666,base,win,0,0.083,0.54,82.46,22.24,0.041666666666666664,0.5,0.0
383,6.383333333333334,base,win,0,0.083,0.534,82.22,21.83,0.041666666666666664,0.5,0.0
384,6.4,base,win,0,0.083,0.524,82.45,22.05,0.041666666666666664,0.5,0.0
385,6.416666666666667,base,win,0,0.084,0.539,83.73,22.17,0.041666666666666664,0.5,0.0
386,6.433333333333334,base,win,0,0.083,0.527,84.4,22.13,0.041666666666666664,0.5,0.0
387,6.45,base,win,0,0.084,0.518,82.9,22.2,0.041666666666666664,0.5,0.0
388,6.466666666666667,base,base,1,0.084,0.49,82.57,22.06,0.041666666666666664,0.5,0.0
389,6.483333333333333,base,base,1,0.083,0.482,81.92,22.09,0.041666666666666664,0.5,0.0
390,6.5,base,base,1,0.083,0.469,81.62,22.21,0.041666666666666664,0.5,0.0
391,6.516666666666667,base,base,1,0.083,0.46,81.46,22.27,0.041666666666666664,0.5,0.0
392,6.533333333333333,base,base,1,0.082,0.446,82.94,22.12,0.041666666666666664,0.5,0.0
393,6.55,base,base,1,0.083,0.442,82.86,22.13,0.041666666666666664,0.5,0.0
394,6.566666666666666,base,base,1,0.083,0.439,82.77,22.04,0.041666666666666664,0.5,0.0
395,6.583333333333333,base,base,1,0.086,0.473,82.66,21.97,0.041666666666666664,0.5,0.0
396,6.6,base,base,1,0.084,0.493,81.96,22.08,0.041666666666666664,0.5,0.0
397,6.616666666666666,base,base,1,0.083,0.484,83.64,21.98,0.041666666666666664,0.5,0.0
398,6.633333333333334,base,win,0,0.084,0.507,82.21,21.78,0.041666666666666664,0.5,0.0
399,6.65,base,win,0,0.083,0.508,82.06,21.64,0.041666666666666664,0.5,0.0
400,6.666666666666667,base,win,0,0.083,0.537,83.76,21.83,0.041666666666666664,0.5,0.0
401,6.683333333333334,base,win,0,0.082,0.529,83.08,21.99,0.041666666666666664,0.5,0.0
402,6.7,base,win,0,0.083,0.524,82.56,21.99,0.041666666666666664,0.5,0.0
403,6.716666666666667,base,win,0,0.082,0.521,80.9,22.38,0.041666666666666664,0.5,0.0
404,6.733333333333333,base,win,0,0.083,0.512,81.56,22.39,0.041666666666666664,0.5,0.0
405,6.75,base,win,0,0.083,0.509,83.17,22.15,0.041666666666666664,0.5,0.0
406,6.766666666666667,base,base,1,0.083,0.495,82.48,21.92,0.041666666666666664,0.5,0.0
407,6.783333333333333,base,base,1,0.083,0.488,83.73,22.0,0.041666666666666664,0.5,0.0
408,6.8,base,base,1,0.084,0.481,82.96,22.09,0.041666666666666664,0.5,0.0
409,6.816666666666666,base,base,1,0.084,0.467,83.28,21.99,0.041666666666666664,0.5,0.0
410,6.833333333333333,base,base,1,0.083,0.458,82.43,22.26,0.041666666666666664,0.5,0.0
411,6.85,base,base,1,0.084,0.46,82.5,22.28,0.041666666666666664,0.5,0.0
412,6.866666666666666,base,base,1,0.083,0.457,82.37,22.1,0.041666666666666664,0.5,0.0
413,6.883333333333334,base,base,1,0.082,0.447,83.48,22.09,0.041666666666666664,0.5,0.0
414,6.9,base,base,1,0.082,0.452,83.34,22.03,0.041666666666666664,0.5,0.0
415,6.916666666666667,base,base,1,0.082,0.443,83.18,21.95,0.041666666666666664,0.5,0.0
416,6.933333333333334,base,base,1,0.082,0.424,84.52,22.01,0.041666666666666664,0.5,0.0
417,6.95,base,base,1,0.083,0.413,84.03,21.84,0.041666666666666664,0.5,0.0
418,6.966666666666667,base,base,1,0.084,0.436,82.36,21.93,0.041666666666666664,0.5,0.0
419,6.983333333333333,base,base,1,0.082,0.418,81.92,21.85,0.041666666666666664,0.5,0.0
420,7.0,base,base,1,0.082,0.396,83.09,21.98,0.041666666666666664,0.5,0.0
421,7.016666666666667,base,base,1,0.082,0.388,84.44,21.87,0.041666666666666664,0.5,0.0
422,7.033333333333333,base,base,1,0.082,0.379,83.45,22.15,0.041666666666666664,0.5,0.0
423,7.05,base,base,1,0.084,0.395,82.8,21.92,0.041666666666666664,0.5,0.0
424,7.066666666666666,base,base,1,0.083,0.404,83.32,21.95,0.041666666666666664,0.5,0.0
425,7.083333333333333,base,base,1,0.082,0.395,84.61,22.15,0.041666666666666664,0.5,0.0
426,7.1,base,base,1,0.082,0.399,83.61,22.16,0.041666666666666664,0.5,0.0
427,7.116666666666666,base,base,1,0.082,0.372,82.29,22.1,0.041666666666666664,0.5,0.0
428,7.133333333333334,base,base,1,0.082,0.358,83.53,22.09,0.041666666666666664,0.5,0.0
429,7.15,base,base,1,0.082,0.348,83.91,22.02,0.041666666666666664,0.5,0.0
430,7.166666666666667,base,base,1,0.082,0.347,82.55,22.24,0.041666666666666664,0.5,0.0
431,7.183333333333334,base,base,1,0.083,0.335,83.92,22.07,0.041666666666666664,0.5,0.0
432,7.2,occ,base,0,0.083,0.329,82.48,22.08,0.041666666666666664,0.5,0.0
433,7.216666666666667,occ,base,0,0.101,0.335,82.71,22.11,0.041666666666666664,0.5,0.0
434,7.233333333333333,occ,base,0,0.111,0.338,84.46,22.19,0.041666666666666664,0.5,0.0
435,7.25,occ,base,0,0.116,0.35,81.01,22.21,0.041666666666666664,0.5,0.0
436,7.266666666666667,occ,base,0,0.125,0.346,81.43,22.18,0.041666666666666664,0.5,0.0
437,7.283333333333333,occ,base,0,0.13,0.341,81.72,22.21,0.041666666666666664,0.5,0.0
438,7.3,occ,base,0,0.129,0.347,83.62,22.11,0.041666666666666664,0.5,0.0
439,7.316666666666666,occ,base,0,0.134,0.337,83.33,22.15,0.041666666666666664,0.5,0.0
440,7.333333333333333,occ,base,0,0.14,0.332,81.82,22.21,0.041666666666666664,0.5,0.0
441,7.35,occ,base,0,0.148,0.335,80.36,22.35,0.041666666666666664,0.5,0.0
442,7.366666666666666,occ,base,0,0.154,0.35,79.83,22.5,0.041666666666666664,0.5,0.0
443,7.383333333333334,occ,base,0,0.163,0.369,80.54,22.55,0.041666666666666664,0.5,0.0
444,7.4,occ,base,0,0.161,0.384,80.58,22.45,0.041666666666666664,0.5,0.0
445,7.416666666666667,occ,base,0,0.174,0.393,80.76,22.37,0.041666666666666664,0.5,0.0
446,7.433333333333334,occ,base,0,0.17,0.403,80.6,22.45,0.041666666666666664,0.5,0.0
447,7.45,occ,base,0,0.193,0.41,81.31,22.3,0.041666666666666664,0.5,0.0
448,7.466666666666667,occ,base,0,0.217,0.412,82.02,22.3,0.041666666666666664,0.5,0.0
449,7.483333333333333,occ,base,0,0.259,0.403,81.12,22.34,0.041666666666666664,0.5,0.0
450,7.5,occ,base,0,0.245,0.418,81.21,22.36,0.041666666666666664,0.5,0.0
451,7.516666666666667,occ,base,0,0.233,0.427,80.02,22.29,0.041666666666666664,0.5,0.0
452,7.533333333333333,occ,base,0,0.233,0.435,81.8,22.26,0.041666666666666664,0.5,0.0
453,7.55,occ,base,0,0.258,0.429,81.42,22.21,0.041666666666666664,0.5,0.0
454,7.566666666666666,occ,base,0,0.298,0.407,81.14,22.17,0.041666666666666664,0.5,0.0
455,7.583333333333333,occ,base,0,0.311,0.392,82.17,22.28,0.041666666666666664,0.5,0.0
456,7.6,occ,base,0,0.313,0.4,82.64,22.29,0.041666666666666664,0.5,0.0
457,7.616666666666666,occ,base,0,0.329,0.403,82.47,22.2,0.041666666666666664,0.5,0.0
458,7.633333333333334,occ,base,0,0.308,0.408,81.46,21.99,0.041666666666666664,0.5,0.0
459,7.65,occ,base,0,0.392,0.34,81.08,22.25,0.041666666666666664,0.5,0.0
460,7.666666666666667,occ,base,0,0.426,0.318,82.11,22.31,0.041666666666666664,0.5,0.0
461,7.683333333333334,occ,base,0,0.433,0.311,81.97,22.32,0.041666666666666664,0.5,0.0
462,7.7,occ,occ,1,0.458,0.303,80.58,22.25,0.041666666666666664,0.5,0.0
463,7.716666666666667,occ,base,0,0.399,0.335,79.89,22.45,0.041666666666666664,0.5,0.0
464,7.733333333333333,occ,base,0,0.401,0.344,83.8,22.12,0.041666666666666664,0.5,0.0
465,7.75,occ,occ,1,0.484,0.293,81.67,22.45,0.041666666666666664,0.5,0.0
466,7.766666666666667,occ,occ,1,0.575,0.265,81.71,22.45,0.041666666666666664,0.5,0.0
467,7.783333333333333,occ,occ,1,0.602,0.263,80.51,22.54,0.041666666666666664,0.5,0.0
468,7.8,occ,occ,1,0.677,0.235,80.77,22.48,0.041666666666666664,0.5,0.0
469,7.816666666666666,occ,occ,1,0.701,0.236,79.67,22.49,0.041666666666666664,0.5,0.0
470,7.833333333333333,occ,occ,1,0.714,0.239,79.85,22.52,0.041666666666666664,0.5,0.0
471,7.85,occ,occ,1,0.769,0.212,80.25,22.58,0.041666666666666664,0.5,0.0
472,7.866666666666666,occ,occ,1,0.816,0.188,78.94,22.52,0.041666666666666664,0.5,0.0
473,7.883333333333334,occ,occ,1,0.847,0.171,81.12,22.28,0.041666666666666664,0.5,0.0
474,7.9,occ,occ,1,0.876,0.151,80.58,22.32,0.041666666666666664,0.5,0.0
475,7.916666666666667,occ,occ,1,0.888,0.146,79.21,22.38,0.041666666666666664,0.5,0.0
476,7.933333333333334,occ,occ,1,0.889,0.149,79.7,22.61,0.041666666666666664,0.5,0.0
477,7.95,occ,occ,1,0.884,0.163,78.05,22.5,0.041666666666666664,0.5,0.0
478,7.966666666666667,occ,occ,1,0.885,0.173,77.98,22.34,0.041666666666666664,0.5,0.0
479,7.983333333333333,occ,occ,1,0.884,0.195,78.15,22.52,0.041666666666666664,0.5,0.0
480,8.0,occ,occ,1,0.89,0.212,77.97,22.65,0.041666666666666664,0.5,0.0
481,8.016666666666667,occ,occ,1,0.899,0.201,77.93,22.69,0.041666666666666664,0.5,0.0
482,8.033333333333333,full,occ,0,0.9,0.218,78.52,22.84,0.041666666666666664,0.5,0.0
483,8.05,full,occ,0,0.907,0.218,78.67,23.0,0.041666666666666664,0.5,0.0
484,8.066666666666666,full,occ,0,0.904,0.265,76.56,23.08,0.041666666666666664,0.5,0.0
485,8.083333333333334,full,occ,0,0.905,0.304,79.06,23.01,0.041666666666666664,0.5,0.0
486,8.1,full,occ,0,0.909,0.34,78.69,23.37,0.041666666666666664,0.5,0.0
487,8.116666666666667,full,occ,0,0.907,0.422,79.0,23.44,0.041666666666666664,0.5,0.0
488,8.133333333333333,full,full,1,0.905,0.568,79.31,23.37,0.041666666666666664,0.5,0.0
489,8.15,full,full,1,0.909,0.701,77.78,23.38,0.041666666666666664,0.5,0.0
490,8.166666666666666,full,full,1,0.91,0.751,78.63,23.5,0.041666666666666664,0.5,0.0
491,8.183333333333334,full,full,1,0.91,0.811,77.0,23.52,0.041666666666666664,0.5,0.0
492,8.2,full,full,1,0.91,0.857,77.37,23.52,0.041666666666666664,0.5,0.0
493,8.216666666666667,full,full,1,0.912,0.879,78.12,23.41,0.041666666666666664,0.5,0.0
494,8.233333333333333,full,full,1,0.914,0.882,76.51,23.62,0.041666666666666664,0.5,0.0
495,8.25,full,full,1,0.914,0.878,76.46,23.47,0.041666666666666664,0.5,0.0
496,8.266666666666667,full,full,1,0.915,0.89,76.33,23.64,0.041666666666666664,0.5,0.0
497,8.283333333333333,full,full,1,0.915,0.901,77.0,23.56,0.041666666666666664,0.5,0.0
498,8.3,full,full,1,0.917,0.903,77.58,23.55,0.041666666666666664,0.5,0.0
499,8.316666666666666,full,full,1,0.915,0.906,76.04,23.61,0.041666666666666664,0.5,0.0
500,8.333333333333334,full,full,1,0.918,0.904,76.48,23.56,0.041666666666666664,0.5,0.0
501,8.35,full,full,1,0.915,0.907,74.91,23.7,0.041666666666666664,0.5,0.0
502,8.366666666666667,full,full,1,0.914,0.908,76.08,23.81,0.041666666666666664,0.5,0.0
503,8.383333333333333,full,full,1,0.913,0.909,76.2,23.64,0.041666666666666664,0.5,0.0
504,8.4,full,full,1,0.915,0.91,76.15,23.45,0.041666666666666664,0.5,0.0
505,8.416666666666666,full,full,1,0.915,0.91,76.98,23.36,0.041666666666666664,0.5,0.0
506,8.433333333333334,full,full,1,0.916,0.909,77.14,23.38,0.041666666666666664,0.5,0.0
507,8.45,full,full,1,0.917,0.91,76.61,23.57,0.041666666666666664,0.5,0.0
508,8.466666666666667,full,full,1,0.917,0.91,75.96,23.71,0.041666666666666664,0.5,0.0
509,8.483333333333333,full,full,1,0.919,0.91,76.01,23.75,0.041666666666666664,0.5,0.0
510,8.5,full,full,1,0.92,0.91,76.47,23.61,0.041666666666666664,0.5,0.0
511,8.516666666666667,full,full,1,0.919,0.911,76.35,23.47,0.041666666666666664,0.5,0.0
512,8.533333333333333,full,full,1,0.919,0.911,74.77,23.68,0.041666666666666664,0.5,0.0
513,8.55,full,full,1,0.918,0.912,73.92,24.03,0.041666666666666664,0.5,0.0
514,8.566666666666666,full,full,1,0.916,0.913,74.59,23.77,0.041666666666666664,0.5,0.0
515,8.583333333333334,full,full,1,0.914,0.913,74.51,23.66,0.041666666666666664,0.5,0.0
516,8.6,full,full,1,0.915,0.913,74.7,23.62,0.041666666666666664,0.5,0.0
517,8.616666666666667,full,full,1,0.917,0.914,74.29,23.88,0.041666666666666664,0.5,0.0
518,8.633333333333333,full,full,1,0.918,0.914,74.07,23.84,0.041666666666666664,0.5,0.0
519,8.65,full,full,1,0.919,0.914,73.53,23.88,0.041666666666666664,0.5,0.0
520,8.666666666666666,full,full,1,0.919,0.915,75.09,23.9,0.041666666666666664,0.5,0.0
521,8.683333333333334,full,full,1,0.917,0.915,74.52,23.76,0.041666666666666664,0.5,0.0
522,8.7,full,full,1,0.919,0.915,74.27,23.9,0.041666666666666664,0.5,0.0
523,8.716666666666667,full,full,1,0.919,0.916,74.15,23.89,0.041666666666666664,0.5,0.0
524,8.733333333333333,full,full,1,0.92,0.917,73.92,23.98,0.041666666666666664,0.5,0.0
525,8.75,full,full,1,0.922,0.916,74.54,23.92,0.041666666666666664,0.5,0.0
526,8.766666666666667,full,full,1,0.922,0.917,75.41,23.76,0.041666666666666664,0.5,0.0
527,8.783333333333333,full,full,1,0.92,0.916,74.7,23.88,0.041666666666666664,0.5,0.0
528,8.8,full,full,1,0.921,0.917,74.1,24.18,0.041666666666666664,0.5,0.0
529,8.816666666666666,full,full,1,0.922,0.918,74.45,24.02,0.041666666666666664,0.5,0.0
530,8.833333333333334,full,full,1,0.923,0.919,74.54,24.07,0.041666666666666664,0.5,0.0
531,8.85,full,full,1,0.923,0.919,73.92,24.22,0.041666666666666664,0.5,0.0
532,8.866666666666667,full,full,1,0.922,0.92,72.8,24.32,0.041666666666666664,0.5,0.0
533,8.883333333333333,full,full,1,0.923,0.919,74.03,24.24,0.041666666666666664,0.5,0.0
534,8.9,full,full,1,0.922,0.919,73.79,24.3,0.041666666666666664,0.5,0.0
535,8.916666666666666,full,full,1,0.923,0.919,74.84,23.9,0.041666666666666664,0.5,0.0
536,8.933333333333334,full,full,1,0.923,0.919,73.87,24.05,0.041666666666666664,0.5,0.0
537,8.95,full,full,1,0.923,0.918,74.28,24.13,0.041666666666666664,0.5,0.0
538,8.966666666666667,full,full,1,0.923,0.92,73.01,24.32,0.041666666666666664,0.5,0.0
539,8.983333333333333,full,full,1,0.923,0.92,72.95,24.3,0.041666666666666664,0.5,0.0
540,9.0,full,full,1,0.923,0.919,73.96,24.16,0.041666666666666664,0.5,0.0
541,9.016666666666667,full,full,1,0.923,0.92,73.23,24.25,0.041666666666666664,0.5,0.0
542,9.033333333333333,full,full,1,0.923,0.919,73.1,24.25,0.041666666666666664,0.5,0.0
543,9.05,full,full,1,0.922,0.919,73.13,24.17,0.041666666666666664,0.5,0.0
544,9.066666666666666,full,full,1,0.922,0.919,74.77,24.12,0.041666666666666664,0.5,0.0
545,9.083333333333334,full,full,1,0.922,0.919,74.62,23.95,0.041666666666666664,0.5,0.0
546,9.1,full,full,1,0.923,0.92,73.34,24.19,0.041666666666666664,0.5,0.0
547,9.116666666666667,full,full,1,0.923,0.92,74.72,24.09,0.041666666666666664,0.5,0.0
548,9.133333333333333,full,full,1,0.922,0.919,73.27,24.35,0.041666666666666664,0.5,0.0
549,9.15,full,full,1,0.923,0.92,72.79,24.26,0.041666666666666664,0.5,0.0
550,9.166666666666666,full,full,1,0.923,0.92,73.57,24.17,0.041666666666666664,0.5,0.0
551,9.183333333333334,full,full,1,0.922,0.919,73.19,24.2,0.041666666666666664,0.5,0.0
552,9.2,full,full,1,0.922,0.918,74.14,24.04,0.041666666666666664,0.5,0.0
553,9.216666666666667,full,full,1,0.922,0.918,73.11,24.16,0.041666666666666664,0.5,0.0
554,9.233333333333333,full,full,1,0.923,0.918,72.68,24.3,0.041666666666666664,0.5,0.0
555,9.25,full,full,1,0.923,0.919,73.23,24.2,0.041666666666666664,0.5,0.0
556,9.266666666666667,full,full,1,0.923,0.919,73.66,24.28,0.041666666666666664,0.5,0.0
557,9.283333333333333,full,full,1,0.922,0.92,73.31,24.27,0.041666666666666664,0.5,0.0
558,9.3,full,full,1,0.923,0.92,73.6,24.16,0.041666666666666664,0.5,0.0
559,9.316666666666666,full,full,1,0.922,0.92,72.63,24.35,0.041666666666666664,0.5,0.0
560,9.333333333333334,full,full,1,0.923,0.92,74.43,24.25,0.041666666666666664,0.5,0.0
561,9.35,full,full,1,0.923,0.921,73.91,24.32,0.041666666666666664,0.5,0.0
562,9.366666666666667,full,full,1,0.923,0.921,73.65,24.2,0.041666666666666664,0.5,0.0
563,9.383333333333333,full,full,1,0.923,0.921,74.99,23.95,0.041666666666666664,0.5,0.0
564,9.4,full,full,1,0.923,0.921,73.7,24.2,0.041666666666666664,0.5,0.0
565,9.416666666666666,full,full,1,0.923,0.921,72.82,24.26,0.041666666666666664,0.5,0.0
566,9.433333333333334,full,full,1,0.923,0.92,74.08,24.1,0.041666666666666664,0.5,0.0
567,9.45,full,full,1,0.923,0.92,74.14,23.96,0.041666666666666664,0.5,0.0
568,9.466666666666667,full,full,1,0.923,0.921,73.76,24.19,0.041666666666666664,0.5,0.0
569,9.483333333333333,full,full,1,0.923,0.921,73.92,24.05,0.041666666666666664,0.5,0.0
570,9.5,full,full,1,0.923,0.921,74.32,24.03,0.041666666666666664,0.5,0.0
571,9.516666666666667,full,full,1,0.923,0.921,73.21,24.12,0.041666666666666664,0.5,0.0
572,9.533333333333333,full,full,1,0.923,0.921,73.04,24.2,0.041666666666666664,0.5,0.0
573,9.55,full,full,1,0.923,0.921,73.61,24.17,0.041666666666666664,0.5,0.0
574,9.566666666666666,full,full,1,0.923,0.921,73.09,24.21,0.041666666666666664,0.5,0.0
575,9.583333333333334,full,full,1,0.922,0.921,72.69,24.31,0.041666666666666664,0.5,0.0
576,9.6,full,full,1,0.923,0.921,72.12,24.39,0.041666666666666664,0.5,0.0
577,9.616666666666667,full,full,1,0.923,0.921,73.58,24.12,0.041666666666666664,0.5,0.0
578,9.633333333333333,full,full,1,0.922,0.92,71.93,24.16,0.041666666666666664,0.5,0.0
579,9.65,full,full,1,0.923,0.92,71.54,24.34,0.041666666666666664,0.5,0.0
580,9.666666666666666,full,full,1,0.923,0.921,72.54,24.35,0.041666666666666664,0.5,0.0
581,9.683333333333334,full,full,1,0.922,0.92,70.64,24.52,0.041666666666666664,0.5,0.0
582,9.7,full,full,1,0.922,0.92,72.39,24.24,0.041666666666666664,0.5,0.0
583,9.716666666666667,full,full,1,0.922,0.92,71.7,24.41,0.041666666666666664,0.5,0.0
584,9.733333333333333,full,full,1,0.922,0.92,73.25,24.17,0.041666666666666664,0.5,0.0
585,9.75,full,full,1,0.922,0.92,71.07,24.28,0.041666666666666664,0.5,0.0
586,9.766666666666667,full,full,1,0.923,0.92,71.52,24.24,0.041666666666666664,0.5,0.0
587,9.783333333333333,full,full,1,0.923,0.92,72.22,24.08,0.041666666666666664,0.5,0.0
588,9.8,full,full,1,0.923,0.92,71.18,24.11,0.041666666666666664,0.5,0.0
589,9.816666666666666,full,full,1,0.923,0.921,71.31,24.29,0.041666666666666664,0.5,0.0
590,9.833333333333334,full,full,1,0.922,0.92,70.51,24.34,0.041666666666666664,0.5,0.0
591,9.85,full,full,1,0.922,0.92,72.13,24.3,0.041666666666666664,0.5,0.0
592,9.866666666666667,full,full,1,0.922,0.92,71.09,24.37,0.041666666666666664,0.5,0.0
593,9.883333333333333,full,full,1,0.923,0.92,71.0,24.4,0.041666666666666664,0.5,0.0
594,9.9,full,full,1,0.922,0.92,71.12,24.24,0.041666666666666664,0.5,0.0
595,9.916666666666666,full,full,1,0.923,0.921,72.4,24.23,0.041666666666666664,0.5,0.0
596,9.933333333333334,full,full,1,0.922,0.92,71.48,24.24,0.041666666666666664,0.5,0.0
597,9.95,full,full,1,0.923,0.92,71.94,24.04,0.041666666666666664,0.5,0.0
598,9.966666666666667,full,full,1,0.922,0.92,71.12,24.24,0.041666666666666664,0.5,0.0
599,9.983333333333333,full,full,1,0.922,0.92,72.37,24.0,0.041666666666666664,0.5,0.0
600,10.0,full,full,1,0.922,0.92,71.59,24.08,0.041666666666666664,0.5,0.0
601,10.016666666666667,full,full,1,0.922,0.92,71.61,24.29,0.041666666666666664,0.5,0.0
602,10.033333333333333,full,full,1,0.921,0.919,71.16,24.32,0.041666666666666664,0.5,0.0
603,10.05,full,full,1,0.92,0.919,70.48,24.2,0.041666666666666664,0.5,0.0
604,10.066666666666666,full,full,1,0.922,0.92,69.92,24.41,0.041666666666666664,0.5,0.0
605,10.083333333333334,full,full,1,0.922,0.919,70.19,24.14,0.041666666666666664,0.5,0.0
606,10.1,full,full,1,0.922,0.919,70.32,24.21,0.041666666666666664,0.5,0.0
607,10.116666666666667,full,full,1,0.92,0.918,71.48,23.96,0.041666666666666664,0.5,0.0
608,10.133333333333333,full,full,1,0.921,0.919,70.09,24.3,0.041666666666666664,0.5,0.0
609,10.15,full,full,1,0.921,0.919,69.84,24.32,0.041666666666666664,0.5,0.0
610,10.166666666666666,full,full,1,0.921,0.919,71.02,24.08,0.041666666666666664,0.5,0.0
611,10.183333333333334,full,full,1,0.922,0.92,71.72,24.21,0.041666666666666664,0.5,0.0
612,10.2,full,full,1,0.921,0.92,71.57,24.09,0.041666666666666664,0.5,0.0
613,10.216666666666667,full,full,1,0.923,0.921,70.6,24.13,0.041666666666666664,0.5,0.0
614,10.233333333333333,full,full,1,0.921,0.919,70.07,24.18,0.041666666666666664,0.5,0.0
615,10.25,full,full,1,0.922,0.92,70.54,24.05,0.041666666666666664,0.5,0.0
616,10.266666666666667,full,full,1,0.923,0.92,71.07,24.06,0.041666666666666664,0.5,0.0
617,10.283333333333333,full,full,1,0.922,0.92,69.81,24.27,0.041666666666666664,0.5,0.0
618,10.3,full,full,1,0.922,0.92,70.61,24.2,0.041666666666666664,0.5,0.0
619,10.316666666666666,full,full,1,0.922,0.92,71.37,23.97,0.041666666666666664,0.5,0.0
620,10.333333333333334,full,full,1,0.922,0.92,71.07,24.17,0.041666666666666664,0.5,0.0
621,10.35,full,full,1,0.922,0.92,71.32,24.43,0.041666666666666664,0.5,0.0
622,10.366666666666667,full,full,1,0.921,0.921,70.57,24.33,0.041666666666666664,0.5,0.0
623,10.383333333333333,full,full,1,0.923,0.921,71.26,24.43,0.041666666666666664,0.5,0.0
624,10.4,full,full,1,0.921,0.921,70.62,24.3,0.041666666666666664,0.5,0.0
625,10.416666666666666,full,full,1,0.923,0.922,70.51,24.21,0.041666666666666664,0.5,0.0
626,10.433333333333334,full,full,1,0.922,0.921,70.61,24.29,0.041666666666666664,0.5,0.0
627,10.45,full,full,1,0.922,0.92,70.15,24.2,0.041666666666666664,0.5,0.0
628,10.466666666666667,full,full,1,0.922,0.92,70.45,24.17,0.041666666666666664,0.5,0.0
629,10.483333333333333,full,full,1,0.921,0.92,71.03,24.22,0.041666666666666664,0.5,0.0
630,10.5,full,full,1,0.92,0.919,70.99,24.14,0.041666666666666664,0.5,0.0
631,10.516666666666667,full,full,1,0.921,0.92,69.32,24.45,0.041666666666666664,0.5,0.0
632,10.533333333333333,full,full,1,0.922,0.92,70.54,24.39,0.041666666666666664,0.5,0.0
633,10.55,full,full,1,0.921,0.92,70.29,24.23,0.041666666666666664,0.5,0.0
634,10.566666666666666,full,full,1,0.921,0.92,70.01,24.2,0.041666666666666664,0.5,0.0
635,10.583333333333334,full,full,1,0.922,0.92,70.08,24.23,0.041666666666666664,0.5,0.0
636,10.6,full,full,1,0.922,0.92,69.97,24.31,0.041666666666666664,0.5,0.0
637,10.616666666666667,full,full,1,0.921,0.919,70.21,24.09,0.041666666666666664,0.5,0.0
638,10.633333333333333,full,full,1,0.922,0.92,70.41,24.0,0.041666666666666664,0.5,0.0
639,10.65,full,full,1,0.922,0.92,69.05,24.25,0.041666666666666664,0.5,0.0
640,10.666666666666666,full,full,1,0.921,0.919,69.17,24.31,0.041666666666666664,0.5,0.0
641,10.683333333333334,full,full,1,0.921,0.919,69.66,24.44,0.041666666666666664,0.5,0.0
642,10.7,full,full,1,0.919,0.919,69.73,24.35,0.041666666666666664,0.5,0.0
643,10.716666666666667,full,full,1,0.92,0.919,69.77,24.15,0.041666666666666664,0.5,0.0
644,10.733333333333333,full,full,1,0.921,0.919,70.33,24.03,0.041666666666666664,0.5,0.0
645,10.75,full,full,1,0.922,0.92,69.8,24.1,0.041666666666666664,0.5,0.0
646,10.766666666666667,full,full,1,0.922,0.92,71.09,23.94,0.041666666666666664,0.5,0.0
647,10.783333333333333,full,full,1,0.92,0.919,70.58,24.06,0.041666666666666664,0.5,0.0
648,10.8,full,full,1,0.921,0.92,69.2,24.09,0.041666666666666664,0.5,0.0
649,10.816666666666666,full,full,1,0.921,0.92,69.51,24.03,0.041666666666666664,0.5,0.0
650,10.833333333333334,full,full,1,0.922,0.92,70.14,24.06,0.041666666666666664,0.5,0.0
651,10.85,full,full,1,0.922,0.92,69.95,24.01,0.041666666666666664,0.5,0.0
652,10.866666666666667,full,full,1,0.922,0.92,70.79,23.86,0.041666666666666664,0.5,0.0
653,10.883333333333333,full,full,1,0.921,0.92,69.19,23.96,0.041666666666666664,0.5,0.0
654,10.9,full,full,1,0.922,0.92,68.23,24.05,0.041666666666666664,0.5,0.0
655,10.916666666666666,full,full,1,0.922,0.92,68.7,24.07,0.041666666666666664,0.5,0.0
656,10.933333333333334,full,full,1,0.922,0.92,69.35,24.05,0.041666666666666664,0.5,0.0
657,10.95,full,full,1,0.921,0.92,69.63,23.98,0.041666666666666664,0.5,0.0
658,10.966666666666667,full,full,1,0.922,0.92,69.87,23.93,0.041666666666666664,0.5,0.0
659,10.983333333333333,occ,full,0,0.922,0.92,70.41,23.83,0.041666666666666664,0.5,0.0
660,11.0,full,full,1,0.922,0.92,69.64,23.97,0.041666666666666664,0.5,0.0
661,11.016666666666667,full,full,1,0.922,0.92,69.36,23.95,0.041666666666666664,0.5,0.0
662,11.033333333333333,full,full,1,0.921,0.92,69.19,24.05,0.041666666666666664,0.5,0.0
663,11.05,full,full,1,0.922,0.92,69.14,24.12,0.041666666666666664,0.5,0.0
664,11.066666666666666,full,full,1,0.921,0.92,68.92,23.99,0.041666666666666664,0.5,0.0
665,11.083333333333334,full,full,1,0.922,0.92,69.17,24.03,0.041666666666666664,0.5,0.0
666,11.1,full,full,1,0.922,0.92,68.59,24.17,0.041666666666666664,0.5,0.0
667,11.116666666666667,occ,full,0,0.921,0.92,69.15,24.03,0.041666666666666664,0.5,0.0
668,11.133333333333333,occ,full,0,0.92,0.919,69.25,23.98,0.041666666666666664,0.5,0.0
669,11.15,occ,full,0,0.921,0.92,70.35,23.71,0.041666666666666664,0.5,0.0
670,11.166666666666666,occ,full,0,0.92,0.919,68.88,23.86,0.041666666666666664,0.5,0.0
671,11.183333333333334,occ,full,0,0.92,0.919,69.43,23.72,0.041666666666666664,0.5,0.0
672,11.2,occ,full,0,0.921,0.919,69.12,23.84,0.041666666666666664,0.5,0.0
673,11.216666666666667,full,full,1,0.921,0.919,67.73,24.13,0.041666666666666664,0.5,0.0
674,11.233333333333333,occ,full,0,0.921,0.919,66.98,24.27,0.041666666666666664,0.5,0.0
675,11.25,full,full,1,0.92,0.919,68.16,24.14,0.041666666666666664,0.5,0.0
676,11.266666666666667,full,full,1,0.919,0.918,68.07,24.15,0.041666666666666664,0.5,0.0
677,11.283333333333333,occ,full,0,0.921,0.919,68.0,24.07,0.041666666666666664,0.5,0.0
678,11.3,full,full,1,0.918,0.917,67.73,24.17,0.041666666666666664,0.5,0.0
679,11.316666666666666,full,full,1,0.92,0.918,68.99,24.07,0.041666666666666664,0.5,0.0
680,11.333333333333334,full,full,1,0.92,0.919,68.31,24.09,0.041666666666666664,0.5,0.0
681,11.35,full,full,1,0.921,0.919,67.4,24.21,0.041666666666666664,0.5,0.0
682,11.366666666666667,full,full,1,0.921,0.919,67.97,24.31,0.041666666666666664,0.5,0.0
683,11.383333333333333,occ,full,0,0.92,0.919,68.82,23.97,0.041666666666666664,0.5,0.0
684,11.4,occ,full,0,0.92,0.919,68.15,23.92,0.041666666666666664,0.5,0.0
685,11.416666666666666,occ,full,0,0.921,0.92,67.02,24.02,0.041666666666666664,0.5,0.0
686,11.433333333333334,occ,full,0,0.92,0.918,67.55,24.02,0.041666666666666664,0.5,0.0
687,11.45,occ,full,0,0.921,0.919,67.59,24.01,0.041666666666666664,0.5,0.0
688,11.466666666666667,occ,full,0,0.921,0.919,68.33,23.92,0.041666666666666664,0.5,0.0
689,11.483333333333333,occ,full,0,0.921,0.919,68.02,23.87,0.041666666666666664,0.5,0.0
690,11.5,occ,full,0,0.921,0.92,69.01,23.76,0.041666666666666664,0.5,0.0
691,11.516666666666667,occ,full,0,0.921,0.92,68.42,23.82,0.041666666666666664,0.5,0.0
692,11.533333333333333,occ,full,0,0.921,0.919,68.11,23.9,0.041666666666666664,0.5,0.0
693,11.55,occ,full,0,0.921,0.92,66.96,24.14,0.041666666666666664,0.5,0.0
694,11.566666666666666,occ,full,0,0.921,0.919,66.49,24.2,0.041666666666666664,0.5,0.0
695,11.583333333333334,occ,full,0,0.922,0.92,66.95,24.21,0.041666666666666664,0.5,0.0
696,11.6,occ,full,0,0.921,0.92,67.07,24.28,0.041666666666666664,0.5,0.0
697,11.616666666666667,occ,full,0,0.921,0.92,67.46,24.08,0.041666666666666664,0.5,0.0
698,11.633333333333333,occ,full,0,0.921,0.92,67.97,23.95,0.041666666666666664,0.5,0.0
699,11.65,occ,full,0,0.922,0.92,68.24,23.91,0.041666666666666664,0.5,0.0
700,11.666666666666666,occ,full,0,0.922,0.92,68.95,23.75,0.041666666666666664,0.5,0.0
701,11.683333333333334,occ,full,0,0.921,0.92,67.06,24.06,0.041666666666666664,0.5,0.0
702,11.7,occ,full,0,0.92,0.92,67.67,24.05,0.041666666666666664,0.5,0.0
703,11.716666666666667,occ,full,0,0.921,0.92,66.94,24.27,0.041666666666666664,0.5,0.0
704,11.733333333333333,full,full,1,0.92,0.919,66.35,24.53,0.041666666666666664,0.5,0.0
705,11.75,full,full,1,0.921,0.92,66.79,24.46,0.041666666666666664,0.5,0.0
706,11.766666666666667,full,full,1,0.921,0.92,66.32,24.43,0.041666666666666664,0.5,0.0
707,11.783333333333333,full,full,1,0.921,0.92,66.71,24.2,0.041666666666666664,0.5,0.0
708,11.8,occ,full,0,0.921,0.919,67.18,24.22,0.041666666666666664,0.5,0.0
709,11.816666666666666,occ,full,0,0.921,0.919,66.02,24.31,0.041666666666666664,0.5,0.0
710,11.833333333333334,occ,full,0,0.918,0.918,67.48,24.06,0.041666666666666664,0.5,0.0
711,11.85,occ,full,0,0.92,0.918,66.87,24.1,0.041666666666666664,0.5,0.0
712,11.866666666666667,occ,full,0,0.92,0.918,66.02,24.22,0.041666666666666664,0.5,0.0
713,11.883333333333333,occ,full,0,0.919,0.917,65.53,24.24,0.041666666666666664,0.5,0.0
714,11.9,occ,full,0,0.919,0.917,67.25,23.97,0.041666666666666664,0.5,0.0
715,11.916666666666666,occ,full,0,0.92,0.918,65.62,24.11,0.041666666666666664,0.5,0.0
716,11.933333333333334,occ,full,0,0.918,0.916,65.95,24.17,0.041666666666666664,0.5,0.0
717,11.95,occ,full,0,0.92,0.917,66.73,24.09,0.041666666666666664,0.5,0.0
718,11.966666666666667,occ,full,0,0.919,0.917,68.01,23.91,0.041666666666666664,0.5,0.0
719,11.983333333333333,occ,full,0,0.918,0.917,65.83,24.06,0.041666666666666664,0.5,0.0
720,12.0,occ,full,0,0.921,0.918,66.12,23.95,0.041666666666666664,0.5,0.0
721,12.016666666666667,occ,full,0,0.919,0.918,68.67,23.66,0.041666666666666664,0.5,0.0
722,12.033333333333333,occ,full,0,0.922,0.919,70.52,23.56,0.041666666666666664,0.5,0.0
723,12.05,occ,full,0,0.919,0.918,71.33,23.4,0.041666666666666664,0.5,0.0
724,12.066666666666666,occ,full,0,0.916,0.917,70.84,23.56,0.041666666666666664,0.5,0.0
725,12.083333333333334,occ,full,0,0.919,0.919,71.87,23.48,0.041666666666666664,0.5,0.0
726,12.1,occ,full,0,0.918,0.919,70.76,23.54,0.041666666666666664,0.5,0.0
727,12.116666666666667,occ,full,0,0.921,0.921,72.12,23.33,0.041666666666666664,0.5,0.0
728,12.133333333333333,occ,full,0,0.919,0.92,71.62,23.36,0.041666666666666664,0.5,0.0
729,12.15,occ,full,0,0.921,0.921,71.86,23.62,0.041666666666666664,0.5,0.0
730,12.166666666666666,occ,full,0,0.919,0.92,70.68,23.67,0.041666666666666664,0.5,0.0
731,12.183333333333334,occ,full,0,0.92,0.921,71.6,23.46,0.041666666666666664,0.5,0.0
732,12.2,occ,full,0,0.919,0.92,73.17,23.14,0.041666666666666664,0.5,0.0
733,12.216666666666667,occ,full,0,0.92,0.92,72.75,23.09,0.041666666666666664,0.5,0.0
734,12.233333333333333,occ,full,0,0.922,0.921,73.4,23.05,0.041666666666666664,0.5,0.0
735,12.25,occ,full,0,0.921,0.92,72.21,23.38,0.041666666666666664,0.5,0.0
736,12.266666666666667,occ,full,0,0.921,0.921,72.31,23.45,0.041666666666666664,0.5,0.0
737,12.283333333333333,occ,full,0,0.921,0.921,71.81,23.56,0.041666666666666664,0.5,0.0
738,12.3,occ,full,0,0.921,0.921,72.58,23.56,0.041666666666666664,0.5,0.0
739,12.316666666666666,occ,full,0,0.921,0.921,74.14,23.34,0.041666666666666664,0.5,0.0
740,12.333333333333334,occ,full,0,0.921,0.921,74.67,23.35,0.041666666666666664,0.5,0.0
741,12.35,occ,full,0,0.921,0.921,73.31,23.28,0.041666666666666664,0.5,0.0
742,12.366666666666667,occ,full,0,0.921,0.921,74.4,23.52,0.041666666666666664,0.5,0.0
743,12.383333333333333,occ,full,0,0.919,0.92,73.61,23.56,0.041666666666666664,0.5,0.0
744,12.4,occ,full,0,0.92,0.92,72.96,23.33,0.041666666666666664,0.5,0.0
745,12.416666666666666,occ,full,0,0.918,0.919,73.35,23.48,0.041666666666666664,0.5,0.0
746,12.433333333333334,occ,full,0,0.922,0.921,73.28,23.42,0.041666666666666664,0.5,0.0
747,12.45,occ,full,0,0.92,0.92,71.59,23.42,0.041666666666666664,0.5,0.0
748,12.466666666666667,occ,full,0,0.921,0.921,73.14,23.45,0.041666666666666664,0.5,0.0
749,12.483333333333333,occ,full,0,0.92,0.92,74.3,23.49,0.041666666666666664,0.5,0.0
750,12.5,occ,full,0,0.921,0.921,74.87,23.34,0.041666666666666664,0.5,0.0
751,12.516666666666667,occ,full,0,0.921,0.921,74.53,23.45,0.041666666666666664,0.5,0.0
752,12.533333333333333,occ,full,0,0.92,0.92,73.42,23.67,0.041666666666666664,0.5,0.0
753,12.55,occ,full,0,0.922,0.922,73.91,23.71,0.041666666666666664,0.5,0.0
754,12.566666666666666,occ,full,0,0.921,0.921,73.47,23.67,0.041666666666666664,0.5,0.0
755,12.583333333333334,occ,full,0,0.921,0.921,74.31,23.52,0.041666666666666664,0.5,0.0
756,12.6,occ,full,0,0.92,0.921,75.17,23.33,0.041666666666666664,0.5,0.0
757,12.616666666666667,occ,full,0,0.921,0.921,75.11,23.32,0.041666666666666664,0.5,0.0
758,12.633333333333333,occ,full,0,0.92,0.92,74.15,23.57,0.041666666666666664,0.5,0.0
759,12.65,occ,full,0,0.922,0.921,72.93,23.63,0.041666666666666664,0.5,0.0
760,12.666666666666666,occ,full,0,0.922,0.922,75.43,23.48,0.041666666666666664,0.5,0.0
761,12.683333333333334,occ,full,0,0.919,0.92,74.67,23.28,0.041666666666666664,0.5,0.0
762,12.7,occ,full,0,0.921,0.921,74.76,23.38,0.041666666666666664,0.5,0.0
763,12.716666666666667,occ,full,0,0.921,0.92,75.0,23.42,0.041666666666666664,0.5,0.0
764,12.733333333333333,full,full,1,0.918,0.919,74.59,23.62,0.041666666666666664,0.5,0.0
765,12.75,full,full,1,0.92,0.92,75.14,23.53,0.041666666666666664,0.5,0.0
766,12.766666666666667,full,full,1,0.921,0.921,76.06,23.4,0.041666666666666664,0.5,0.0
767,12.783333333333333,full,full,1,0.921,0.921,75.83,23.57,0.041666666666666664,0.5,0.0
768,12.8,occ,full,0,0.92,0.92,73.11,23.57,0.041666666666666664,0.5,0.0
769,12.816666666666666,occ,full,0,0.922,0.922,73.96,23.66,0.041666666666666664,0.5,0.0
770,12.833333333333334,full,full,1,0.922,0.921,73.7,23.89,0.041666666666666664,0.5,0.0
771,12.85,full,full,1,0.921,0.921,75.25,23.89,0.041666666666666664,0.5,0.0
772,12.866666666666667,full,full,1,0.92,0.92,74.56,23.83,0.041666666666666664,0.5,0.0
773,12.883333333333333,full,full,1,0.92,0.921,74.8,23.74,0.041666666666666664,0.5,0.0
774,12.9,full,full,1,0.92,0.92,74.63,23.72,0.041666666666666664,0.5,0.0
775,12.916666666666666,full,full,1,0.919,0.92,74.19,23.77,0.041666666666666664,0.5,0.0
776,12.933333333333334,full,full,1,0.919,0.919,75.02,23.74,0.041666666666666664,0.5,0.0
777,12.95,full,full,1,0.92,0.92,75.49,23.49,0.041666666666666664,0.5,0.0
778,12.966666666666667,full,full,1,0.921,0.92,74.96,23.5,0.041666666666666664,0.5,0.0
779,12.983333333333333,full,full,1,0.922,0.922,75.54,23.65,0.041666666666666664,0.5,0.0
780,13.0,full,full,1,0.92,0.92,74.45,23.77,0.041666666666666664,0.5,0.0
781,13.016666666666667,full,full,1,0.923,0.922,74.72,23.67,0.041666666666666664,0.5,0.0
782,13.033333333333333,full,full,1,0.923,0.922,72.47,24.12,0.041666666666666664,0.5,0.0
783,13.05,full,full,1,0.923,0.922,71.6,24.29,0.041666666666666664,0.5,0.0
784,13.066666666666666,full,full,1,0.923,0.922,72.47,24.0,0.041666666666666664,0.5,0.0
785,13.083333333333334,full,full,1,0.923,0.922,72.56,24.09,0.041666666666666664,0.5,0.0
786,13.1,full,full,1,0.921,0.921,72.37,23.84,0.041666666666666664,0.5,0.0
787,13.116666666666667,full,full,1,0.922,0.92,71.92,23.85,0.041666666666666664,0.5,0.0
788,13.133333333333333,full,full,1,0.922,0.92,70.84,24.12,0.041666666666666664,0.5,0.0
789,13.15,full,full,1,0.921,0.92,70.32,24.13,0.041666666666666664,0.5,0.0
790,13.166666666666666,full,full,1,0.921,0.92,68.1,24.12,0.041666666666666664,0.5,0.0
791,13.183333333333334,full,full,1,0.923,0.92,71.17,23.87,0.041666666666666664,0.5,0.0
792,13.2,occ,full,0,0.921,0.919,70.36,23.87,0.041666666666666664,0.5,0.0
793,13.216666666666667,full,full,1,0.92,0.917,70.34,24.11,0.041666666666666664,0.5,0.0
794,13.233333333333333,full,full,1,0.921,0.919,69.84,24.03,0.041666666666666664,0.5,0.0
795,13.25,full,full,1,0.921,0.918,70.05,24.04,0.041666666666666664,0.5,0.0
796,13.266666666666667,full,full,1,0.92,0.918,70.88,23.86,0.041666666666666664,0.5,0.0
797,13.283333333333333,full,full,1,0.921,0.919,70.63,23.92,0.041666666666666664,0.5,0.0
798,13.3,full,full,1,0.922,0.919,71.2,24.0,0.041666666666666664,0.5,0.0
799,13.316666666666666,full,full,1,0.92,0.919,70.88,24.04,0.041666666666666664,0.5,0.0
800,13.333333333333334,full,full,1,0.92,0.919,69.07,24.31,0.041666666666666664,0.5,0.0
801,13.35,full,full,1,0.922,0.919,68.62,24.39,0.041666666666666664,0.5,0.0
802,13.366666666666667,full,full,1,0.922,0.919,69.33,24.16,0.041666666666666664,0.5,0.0
803,13.383333333333333,full,full,1,0.921,0.919,69.18,24.24,0.041666666666666664,0.5,0.0
804,13.4,full,full,1,0.921,0.918,69.21,24.26,0.041666666666666664,0.5,0.0
805,13.416666666666666,full,full,1,0.921,0.919,68.61,24.47,0.041666666666666664,0.5,0.0
806,13.433333333333334,full,full,1,0.921,0.919,69.78,24.09,0.041666666666666664,0.5,0.0
807,13.45,full,full,1,0.921,0.919,69.31,24.16,0.041666666666666664,0.5,0.0
808,13.466666666666667,full,full,1,0.922,0.919,68.99,24.34,0.041666666666666664,0.5,0.0
809,13.483333333333333,full,full,1,0.922,0.92,69.6,24.27,0.041666666666666664,0.5,0.0
810,13.5,full,full,1,0.921,0.92,70.01,24.12,0.041666666666666664,0.5,0.0
811,13.516666666666667,full,full,1,0.922,0.92,70.24,24.15,0.041666666666666664,0.5,0.0
812,13.533333333333333,full,full,1,0.922,0.92,69.96,24.26,0.041666666666666664,0.5,0.0
813,13.55,full,full,1,0.922,0.921,69.95,24.25,0.041666666666666664,0.5,0.0
814,13.566666666666666,full,full,1,0.922,0.921,71.0,24.14,0.041666666666666664,0.5,0.0
815,13.583333333333334,full,full,1,0.921,0.92,70.56,24.03,0.041666666666666664,0.5,0.0
816,13.6,full,full,1,0.922,0.921,70.01,24.2,0.041666666666666664,0.5,0.0
817,13.616666666666667,full,full,1,0.922,0.921,69.45,24.13,0.041666666666666664,0.5,0.0
818,13.633333333333333,full,full,1,0.923,0.921,69.97,24.25,0.041666666666666664,0.5,0.0
819,13.65,full,full,1,0.923,0.921,69.68,24.13,0.041666666666666664,0.5,0.0
820,13.666666666666666,full,full,1,0.922,0.92,69.62,24.05,0.041666666666666664,0.5,0.0
821,13.683333333333334,full,full,1,0.922,0.92,69.41,24.1,0.041666666666666664,0.5,0.0
822,13.7,full,full,1,0.922,0.92,69.68,24.13,0.041666666666666664,0.5,0.0
823,13.716666666666667,full,full,1,0.921,0.919,69.32,24.22,0.041666666666666664,0.5,0.0
824,13.733333333333333,full,full,1,0.917,0.916,69.42,24.2,0.041666666666666664,0.5,0.0
825,13.75,full,full,1,0.92,0.918,69.45,24.1,0.041666666666666664,0.5,0.0
826,13.766666666666667,full,full,1,0.921,0.918,68.43,24.24,0.041666666666666664,0.5,0.0
827,13.783333333333333,full,full,1,0.922,0.919,69.53,24.22,0.041666666666666664,0.5,0.0
828,13.8,full,full,1,0.92,0.918,69.12,24.12,0.041666666666666664,0.5,0.0
829,13.816666666666666,full,full,1,0.922,0.919,68.82,24.21,0.041666666666666664,0.5,0.0
830,13.833333333333334,full,full,1,0.922,0.919,69.2,24.17,0.041666666666666664,0.5,0.0
831,13.85,full,full,1,0.922,0.92,69.55,24.26,0.041666666666666664,0.5,0.0
832,13.866666666666667,full,full,1,0.921,0.92,70.49,24.25,0.041666666666666664,0.5,0.0
833,13.883333333333333,full,full,1,0.922,0.92,70.22,24.12,0.041666666666666664,0.5,0.0
834,13.9,full,full,1,0.921,0.92,69.66,24.28,0.041666666666666664,0.5,0.0
835,13.916666666666666,full,full,1,0.921,0.919,71.19,23.96,0.041666666666666664,0.5,0.0
836,13.933333333333334,full,full,1,0.921,0.919,68.76,24.19,0.041666666666666664,0.5,0.0
837,13.95,full,full,1,0.922,0.919,68.65,24.21,0.041666666666666664,0.5,0.0
838,13.966666666666667,full,full,1,0.922,0.919,70.79,23.96,0.041666666666666664,0.5,0.0
839,13.983333333333333,full,full,1,0.923,0.92,71.26,23.81,0.041666666666666664,0.5,0.0
840,14.0,full,full,1,0.922,0.919,71.03,23.75,0.041666666666666664,0.5,0.0
841,14.016666666666667,full,full,1,0.922,0.919,69.04,24.21,0.041666666666666664,0.5,0.0
842,14.033333333333333,full,full,1,0.922,0.92,69.23,24.31,0.041666666666666664,0.5,0.0
843,14.05,full,full,1,0.921,0.919,69.55,24.3,0.041666666666666664,0.5,0.0
844,14.066666666666666,full,full,1,0.921,0.919,69.19,24.26,0.041666666666666664,0.5,0.0
845,14.083333333333334,full,full,1,0.922,0.919,70.8,24.12,0.041666666666666664,0.5,0.0
846,14.1,full,full,1,0.922,0.92,71.73,24.12,0.041666666666666664,0.5,0.0
847,14.116666666666667,full,full,1,0.922,0.92,70.49,24.35,0.041666666666666664,0.5,0.0
848,14.133333333333333,full,full,1,0.922,0.92,71.65,24.17,0.041666666666666664,0.5,0.0
849,14.15,full,full,1,0.922,0.92,71.47,24.2,0.041666666666666664,0.5,0.0
850,14.166666666666666,full,full,1,0.922,0.92,72.28,24.25,0.041666666666666664,0.5,0.0
851,14.183333333333334,full,full,1,0.921,0.92,71.21,24.33,0.041666666666666664,0.5,0.0
852,14.2,full,full,1,0.923,0.921,70.7,24.34,0.041666666666666664,0.5,0.0
853,14.216666666666667,full,full,1,0.923,0.921,72.12,24.25,0.041666666666666664,0.5,0.0
854,14.233333333333333,full,full,1,0.922,0.921,71.13,24.27,0.041666666666666664,0.5,0.0
855,14.25,full,full,1,0.922,0.921,70.51,24.25,0.041666666666666664,0.5,0.0
856,14.266666666666667,full,full,1,0.923,0.92,71.34,24.16,0.041666666666666664,0.5,0.0
857,14.283333333333333,full,full,1,0.922,0.92,72.06,23.98,0.041666666666666664,0.5,0.0
858,14.3,full,full,1,0.923,0.92,71.88,24.12,0.041666666666666664,0.5,0.0
859,14.316666666666666,full,full,1,0.923,0.92,71.65,24.25,0.041666666666666664,0.5,0.0
860,14.333333333333334,full,full,1,0.922,0.921,71.56,24.15,0.041666666666666664,0.5,0.0
861,14.35,full,full,1,0.922,0.92,71.35,24.18,0.041666666666666664,0.5,0.0
862,14.366666666666667,full,full,1,0.923,0.921,71.28,24.28,0.041666666666666664,0.5,0.0
863,14.383333333333333,full,full,1,0.923,0.921,72.26,24.12,0.041666666666666664,0.5,0.0
864,14.4,full,full,1,0.922,0.92,71.24,24.03,0.041666666666666664,0.5,0.0
865,14.416666666666666,full,full,1,0.923,0.921,71.3,24.12,0.041666666666666664,0.5,0.0
866,14.433333333333334,full,full,1,0.923,0.92,70.89,24.23,0.041666666666666664,0.5,0.0
867,14.45,full,full,1,0.923,0.92,71.14,24.12,0.041666666666666664,0.5,0.0
868,14.466666666666667,full,full,1,0.923,0.921,72.01,24.03,0.041666666666666664,0.5,0.0
869,14.483333333333333,full,full,1,0.922,0.92,72.23,23.89,0.041666666666666664,0.5,0.0
870,14.5,full,full,1,0.923,0.92,71.25,24.32,0.041666666666666664,0.5,0.0
871,14.516666666666667,full,full,1,0.922,0.92,70.85,24.18,0.041666666666666664,0.5,0.0
872,14.533333333333333,full,full,1,0.923,0.92,73.06,23.94,0.041666666666666664,0.5,0.0
873,14.55,full,full,1,0.922,0.92,71.7,24.05,0.041666666666666664,0.5,0.0
874,14.566666666666666,full,full,1,0.923,0.92,72.17,24.11,0.041666666666666664,0.5,0.0
875,14.583333333333334,full,full,1,0.922,0.92,72.75,24.15,0.041666666666666664,0.5,0.0
876,14.6,full,full,1,0.922,0.92,71.7,24.16,0.041666666666666664,0.5,0.0
877,14.616666666666667,full,full,1,0.923,0.92,71.28,24.28,0.041666666666666664,0.5,0.0
878,14.633333333333333,full,full,1,0.923,0.92,71.79,24.37,0.041666666666666664,0.5,0.0
879,14.65,full,full,1,0.923,0.92,73.01,24.16,0.041666666666666664,0.5,0.0
880,14.666666666666666,full,full,1,0.922,0.92,71.76,24.33,0.041666666666666664,0.5,0.0
881,14.683333333333334,full,full,1,0.923,0.921,71.95,24.4,0.041666666666666664,0.5,0.0
882,14.7,full,full,1,0.923,0.921,71.39,24.43,0.041666666666666664,0.5,0.0
883,14.716666666666667,full,full,1,0.923,0.921,72.08,24.4,0.041666666666666664,0.5,0.0
884,14.733333333333333,full,full,1,0.923,0.921,72.34,24.28,0.041666666666666664,0.5,0.0
885,14.75,full,full,1,0.923,0.921,72.37,24.26,0.041666666666666664,0.5,0.0
886,14.766666666666667,full,full,1,0.923,0.92,72.85,24.25,0.041666666666666664,0.5,0.0
887,14.783333333333333,full,full,1,0.923,0.921,73.17,24.31,0.041666666666666664,0.5,0.0
888,14.8,full,full,1,0.923,0.92,71.6,24.46,0.041666666666666664,0.5,0.0
889,14.816666666666666,full,full,1,0.923,0.921,71.87,24.53,0.041666666666666664,0.5,0.0
890,14.833333333333334,full,full,1,0.923,0.921,72.85,24.35,0.041666666666666664,0.5,0.0
891,14.85,full,full,1,0.922,0.921,73.47,24.19,0.041666666666666664,0.5,0.0
892,14.866666666666667,full,full,1,0.923,0.921,73.52,24.31,0.041666666666666664,0.5,0.0
893,14.883333333333333,full,full,1,0.922,0.92,71.71,24.22,0.041666666666666664,0.5,0.0
894,14.9,full,full,1,0.924,0.921,72.28,24.27,0.041666666666666664,0.5,0.0
895,14.916666666666666,full,full,1,0.924,0.921,73.61,24.21,0.041666666666666664,0.5,0.0
896,14.933333333333334,full,full,1,0.922,0.92,72.4,24.24,0.041666666666666664,0.5,0.0
897,14.95,full,full,1,0.923,0.921,73.2,24.16,0.041666666666666664,0.5,0.0
898,14.966666666666667,full,full,1,0.923,0.921,73.03,24.21,0.041666666666666664,0.5,0.0
899,14.983333333333333,full,full,1,0.923,0.921,73.11,24.43,0.041666666666666664,0.5,0.0
900,15.0,full,full,1,0.922,0.92,73.57,24.21,0.041666666666666664,0.5,0.0
901,15.016666666666667,full,full,1,0.923,0.92,74.43,24.09,0.041666666666666664,0.5,0.0
902,15.033333333333333,full,full,1,0.923,0.921,73.42,24.05,0.041666666666666664,0.5,0.0
903,15.05,full,full,1,0.923,0.921,73.68,24.28,0.041666666666666664,0.5,0.0
904,15.066666666666666,full,full,1,0.921,0.919,73.23,24.3,0.041666666666666664,0.5,0.0
905,15.083333333333334,full,full,1,0.923,0.92,73.49,24.32,0.041666666666666664,0.5,0.0
906,15.1,full,full,1,0.923,0.92,74.1,24.1,0.041666666666666664,0.5,0.0
907,15.116666666666667,full,full,1,0.922,0.92,75.31,23.86,0.041666666666666664,0.5,0.0
908,15.133333333333333,full,full,1,0.923,0.92,74.58,24.03,0.041666666666666664,0.5,0.0
909,15.15,full,full,1,0.923,0.92,74.28,24.07,0.041666666666666664,0.5,0.0
910,15.166666666666666,full,full,1,0.922,0.92,74.7,23.9,0.041666666666666664,0.5,0.0
911,15.183333333333334,full,full,1,0.923,0.92,74.43,24.12,0.041666666666666664,0.5,0.0
912,15.2,full,full,1,0.922,0.919,73.17,24.08,0.041666666666666664,0.5,0.0
913,15.216666666666667,full,full,1,0.923,0.921,73.02,24.31,0.041666666666666664,0.5,0.0
914,15.233333333333333,full,full,1,0.922,0.92,73.52,24.2,0.041666666666666664,0.5,0.0
915,15.25,full,full,1,0.923,0.92,73.56,24.07,0.041666666666666664,0.5,0.0
916,15.266666666666667,full,full,1,0.923,0.92,73.35,24.02,0.041666666666666664,0.5,0.0
917,15.283333333333333,full,full,1,0.923,0.92,72.76,24.06,0.041666666666666664,0.5,0.0
918,15.3,full,full,1,0.924,0.921,72.92,24.0,0.041666666666666664,0.5,0.0
919,15.316666666666666,full,full,1,0.924,0.921,73.66,24.03,0.041666666666666664,0.5,0.0
920,15.333333333333334,full,full,1,0.924,0.921,73.69,24.22,0.041666666666666664,0.5,0.0
921,15.35,full,full,1,0.922,0.919,74.17,23.9,0.041666666666666664,0.5,0.0
922,15.366666666666667,full,full,1,0.923,0.92,74.02,23.93,0.041666666666666664,0.5,0.0
923,15.383333333333333,full,full,1,0.923,0.92,73.51,24.08,0.041666666666666664,0.5,0.0
924,15.4,full,full,1,0.923,0.92,74.43,24.11,0.041666666666666664,0.5,0.0
925,15.416666666666666,full,full,1,0.921,0.917,73.81,24.11,0.041666666666666664,0.5,0.0
926,15.433333333333334,full,full,1,0.923,0.92,73.33,24.05,0.041666666666666664,0.5,0.0
927,15.45,full,full,1,0.923,0.92,74.5,23.95,0.041666666666666664,0.5,0.0
928,15.466666666666667,full,full,1,0.923,0.919,74.27,23.85,0.041666666666666664,0.5,0.0
929,15.483333333333333,full,full,1,0.923,0.919,73.87,23.87,0.041666666666666664,0.5,0.0
930,15.5,full,full,1,0.923,0.918,73.54,23.97,0.041666666666666664,0.5,0.0
931,15.516666666666667,full,full,1,0.923,0.919,73.61,23.86,0.041666666666666664,0.5,0.0
932,15.533333333333333,full,full,1,0.923,0.918,73.87,23.91,0.041666666666666664,0.5,0.0
933,15.55,full,full,1,0.923,0.918,73.33,23.98,0.041666666666666664,0.5,0.0
934,15.566666666666666,full,full,1,0.923,0.919,73.78,23.9,0.041666666666666664,0.5,0.0
935,15.583333333333334,full,full,1,0.923,0.918,73.49,23.93,0.041666666666666664,0.5,0.0
936,15.6,full,full,1,0.923,0.919,74.11,23.94,0.041666666666666664,0.5,0.0
937,15.616666666666667,full,full,1,0.921,0.916,73.35,24.06,0.041666666666666664,0.5,0.0
938,15.633333333333333,full,full,1,0.923,0.918,73.64,23.92,0.041666666666666664,0.5,0.0
939,15.65,full,full,1,0.923,0.918,73.27,23.99,0.041666666666666664,0.5,0.0
940,15.666666666666666,full,full,1,0.923,0.918,74.34,23.84,0.041666666666666664,0.5,0.0
941,15.683333333333334,full,full,1,0.923,0.919,74.03,23.93,0.041666666666666664,0.5,0.0
942,15.7,full,full,1,0.923,0.918,74.63,23.71,0.041666666666666664,0.5,0.0
943,15.716666666666667,full,full,1,0.923,0.918,72.93,24.08,0.041666666666666664,0.5,0.0
944,15.733333333333333,full,full,1,0.923,0.918,74.07,23.7,0.041666666666666664,0.5,0.0
945,15.75,full,full,1,0.923,0.918,74.41,23.88,0.041666666666666664,0.5,0.0
946,15.766666666666667,full,full,1,0.923,0.919,73.68,23.82,0.041666666666666664,0.5,0.0
947,15.783333333333333,full,full,1,0.923,0.918,74.4,23.86,0.041666666666666664,0.5,0.0
948,15.8,full,full,1,0.923,0.918,72.5,24.01,0.041666666666666664,0.5,0.0
949,15.816666666666666,full,full,1,0.923,0.919,73.92,23.95,0.041666666666666664,0.5,0.0
950,15.833333333333334,full,full,1,0.922,0.917,73.54,23.69,0.041666666666666664,0.5,0.0
951,15.85,full,full,1,0.924,0.918,74.24,23.7,0.041666666666666664,0.5,0.0
952,15.866666666666667,full,full,1,0.923,0.918,74.23,23.8,0.041666666666666664,0.5,0.0
953,15.883333333333333,full,full,1,0.922,0.917,73.72,23.82,0.041666666666666664,0.5,0.0
954,15.9,full,full,1,0.923,0.918,73.86,23.79,0.041666666666666664,0.5,0.0
955,15.916666666666666,full,full,1,0.924,0.918,73.17,23.93,0.041666666666666664,0.5,0.0
956,15.933333333333334,full,full,1,0.923,0.918,72.72,24.06,0.041666666666666664,0.5,0.0
957,15.95,full,full,1,0.923,0.918,72.67,24.01,0.041666666666666664,0.5,0.0
958,15.966666666666667,full,full,1,0.924,0.918,75.01,23.62,0.041666666666666664,0.5,0.0
959,15.983333333333333,full,full,1,0.923,0.918,74.17,23.83,0.041666666666666664,0.5,0.0
960,16.0,full,full,1,0.923,0.917,74.61,23.66,0.041666666666666664,0.5,0.0
961,16.016666666666666,full,full,1,0.923,0.917,73.93,23.81,0.041666666666666664,0.5,0.0
962,16.033333333333335,full,full,1,0.923,0.917,73.5,23.79,0.041666666666666664,0.5,0.0
963,16.05,full,full,1,0.924,0.918,74.29,23.62,0.041666666666666664,0.5,0.0
964,16.066666666666666,full,full,1,0.923,0.918,74.63,23.79,0.041666666666666664,0.5,0.0
965,16.083333333333332,full,full,1,0.923,0.917,74.29,23.67,0.041666666666666664,0.5,0.0
966,16.1,full,full,1,0.923,0.917,74.21,23.66,0.041666666666666664,0.5,0.0
967,16.116666666666667,full,full,1,0.923,0.917,74.09,23.79,0.041666666666666664,0.5,0.0
968,16.133333333333333,full,full,1,0.923,0.916,73.31,23.99,0.041666666666666664,0.5,0.0
969,16.15,full,full,1,0.921,0.914,73.66,23.73,0.041666666666666664,0.5,0.0
970,16.166666666666668,full,full,1,0.923,0.916,74.22,23.65,0.041666666666666664,0.5,0.0
971,16.183333333333334,full,full,1,0.923,0.918,73.2,23.79,0.041666666666666664,0.5,0.0
972,16.2,full,full,1,0.924,0.917,74.3,23.59,0.041666666666666664,0.5,0.0
973,16.216666666666665,full,full,1,0.923,0.917,74.0,23.54,0.041666666666666664,0.5,0.0
974,16.233333333333334,full,full,1,0.923,0.917,73.95,23.57,0.041666666666666664,0.5,0.0
975,16.25,full,full,1,0.923,0.917,73.56,23.67,0.041666666666666664,0.5,0.0
976,16.266666666666666,full,full,1,0.923,0.917,73.27,23.75,0.041666666666666664,0.5,0.0
977,16.283333333333335,full,full,1,0.923,0.916,73.3,23.49,0.041666666666666664,0.5,0.0
978,16.3,full,full,1,0.923,0.917,73.92,23.51,0.041666666666666664,0.5,0.0
979,16.316666666666666,full,full,1,0.923,0.915,72.62,23.74,0.041666666666666664,0.5,0.0
980,16.333333333333332,full,full,1,0.923,0.916,73.13,23.59,0.041666666666666664,0.5,0.0
981,16.35,full,full,1,0.923,0.916,74.48,23.45,0.041666666666666664,0.5,0.0
982,16.366666666666667,full,full,1,0.923,0.917,74.04,23.61,0.041666666666666664,0.5,0.0
983,16.383333333333333,full,full,1,0.922,0.915,72.36,23.73,0.041666666666666664,0.5,0.0
984,16.4,full,full,1,0.924,0.917,73.29,23.69,0.041666666666666664,0.5,0.0
985,16.416666666666668,full,full,1,0.923,0.917,73.58,23.42,0.041666666666666664,0.5,0.0
986,16.433333333333334,full,full,1,0.923,0.916,73.8,23.61,0.041666666666666664,0.5,0.0
987,16.45,full,full,1,0.923,0.915,73.95,23.46,0.041666666666666664,0.5,0.0
988,16.466666666666665,full,full,1,0.923,0.917,73.82,23.53,0.041666666666666664,0.5,0.0
989,16.483333333333334,full,full,1,0.923,0.916,73.53,23.38,0.041666666666666664,0.5,0.0
990,16.5,full,full,1,0.922,0.913,73.92,23.43,0.041666666666666664,0.5,0.0
991,16.516666666666666,full,full,1,0.923,0.915,73.83,23.45,0.041666666666666664,0.5,0.0
992,16.533333333333335,full,full,1,0.924,0.916,72.85,23.71,0.041666666666666664,0.5,0.0
993,16.55,full,full,1,0.923,0.916,74.83,23.46,0.041666666666666664,0.5,0.0
994,16.566666666666666,full,full,1,0.923,0.915,72.48,23.52,0.041666666666666664,0.5,0.0
995,16.583333333333332,full,full,1,0.923,0.915,74.98,23.35,0.041666666666666664,0.5,0.0
996,16.6,full,full,1,0.923,0.914,73.87,23.18,0.041666666666666664,0.5,0.0
997,16.616666666666667,full,full,1,0.924,0.915,74.54,23.25,0.041666666666666664,0.5,0.0
998,16.633333333333333,full,full,1,0.923,0.914,74.68,23.41,0.041666666666666664,0.5,0.0
999,16.65,full,full,1,0.923,0.914,72.97,23.56,0.041666666666666664,0.5,0.0
1000,16.666666666666668,full,full,1,0.923,0.914,74.83,23.25,0.041666666666666664,0.5,0.0
1001,16.683333333333334,full,full,1,0.924,0.915,74.88,23.35,0.041666666666666664,0.5,0.0
1002,16.7,full,full,1,0.923,0.914,75.53,23.27,0.041666666666666664,0.5,0.0
1003,16.716666666666665,full,full,1,0.923,0.913,73.48,23.27,0.041666666666666664,0.5,0.0
1004,16.733333333333334,full,full,1,0.923,0.914,73.84,23.22,0.041666666666666664,0.5,0.0
1005,16.75,full,full,1,0.923,0.913,73.55,23.32,0.041666666666666664,0.5,0.0
1006,16.766666666666666,full,full,1,0.923,0.914,75.3,23.2,0.041666666666666664,0.5,0.0
1007,16.783333333333335,full,full,1,0.923,0.913,74.62,23.31,0.041666666666666664,0.5,0.0
1008,16.8,full,full,1,0.923,0.914,71.98,23.22,0.041666666666666664,0.5,0.0
1009,16.816666666666666,full,full,1,0.923,0.911,73.61,23.28,0.041666666666666664,0.5,0.0
1010,16.833333333333332,full,full,1,0.923,0.91,73.13,23.34,0.041666666666666664,0.5,0.0
1011,16.85,full,full,1,0.923,0.912,72.27,23.42,0.041666666666666664,0.5,0.0
1012,16.866666666666667,full,full,1,0.923,0.911,72.98,23.35,0.041666666666666664,0.5,0.0
1013,16.883333333333333,full,full,1,0.923,0.913,73.65,23.25,0.041666666666666664,0.5,0.0
1014,16.9,full,full,1,0.924,0.914,74.15,23.15,0.041666666666666664,0.5,0.0
1015,16.916666666666668,full,full,1,0.923,0.913,73.83,23.18,0.041666666666666664,0.5,0.0
1016,16.933333333333334,full,full,1,0.924,0.913,74.58,23.14,0.041666666666666664,0.5,0.0
1017,16.95,full,full,1,0.923,0.91,72.8,23.07,0.041666666666666664,0.5,0.0
1018,16.966666666666665,full,full,1,0.924,0.913,72.21,23.02,0.041666666666666664,0.5,0.0
1019,16.983333333333334,full,full,1,0.924,0.912,73.5,23.07,0.041666666666666664,0.5,0.0
1020,17.0,full,full,1,0.922,0.909,73.85,23.26,0.041666666666666664,0.5,0.0
1021,17.016666666666666,full,full,1,0.923,0.909,74.65,23.09,0.041666666666666664,0.5,0.0
1022,17.033333333333335,full,full,1,0.923,0.91,72.37,23.24,0.041666666666666664,0.5,0.0
1023,17.05,full,full,1,0.923,0.912,72.48,23.16,0.041666666666666664,0.5,0.0
1024,17.066666666666666,full,full,1,0.923,0.911,74.54,23.07,0.041666666666666664,0.5,0.0
1025,17.083333333333332,full,full,1,0.923,0.91,72.6,23.09,0.041666666666666664,0.5,0.0
1026,17.1,full,full,1,0.923,0.91,74.23,23.08,0.041666666666666664,0.5,0.0
1027,17.116666666666667,full,full,1,0.923,0.909,72.34,23.04,0.041666666666666664,0.5,0.0
1028,17.133333333333333,full,full,1,0.923,0.909,72.68,23.1,0.041666666666666664,0.5,0.0
1029,17.15,full,full,1,0.923,0.907,73.41,22.86,0.041666666666666664,0.5,0.0
1030,17.166666666666668,full,full,1,0.924,0.907,72.87,22.99,0.041666666666666664,0.5,0.0
1031,17.183333333333334,full,full,1,0.921,0.901,72.62,22.93,0.041666666666666664,0.5,0.0
1032,17.2,full,full,1,0.923,0.905,73.13,22.87,0.041666666666666664,0.5,0.0
1033,17.216666666666665,full,full,1,0.923,0.908,73.26,22.85,0.041666666666666664,0.5,0.0
1034,17.233333333333334,full,full,1,0.923,0.908,72.96,22.88,0.041666666666666664,0.5,0.0
1035,17.25,full,full,1,0.924,0.911,73.46,22.93,0.041666666666666664,0.5,0.0
1036,17.266666666666666,full,full,1,0.924,0.908,72.28,22.8,0.041666666666666664,0.5,0.0
1037,17.283333333333335,full,full,1,0.922,0.904,73.56,22.84,0.041666666666666664,0.5,0.0
1038,17.3,full,full,1,0.922,0.902,72.44,22.84,0.041666666666666664,0.5,0.0
1039,17.316666666666666,full,full,1,0.923,0.904,73.03,22.91,0.041666666666666664,0.5,0.0
1040,17.333333333333332,full,full,1,0.922,0.901,72.25,22.67,0.041666666666666664,0.5,0.0
1041,17.35,full,full,1,0.923,0.902,70.95,22.77,0.041666666666666664,0.5,0.0
1042,17.366666666666667,full,full,1,0.923,0.904,71.34,22.9,0.041666666666666664,0.5,0.0
1043,17.383333333333333,full,full,1,0.923,0.904,72.74,22.87,0.041666666666666664,0.5,0.0
1044,17.4,full,full,1,0.922,0.902,72.9,22.83,0.041666666666666664,0.5,0.0
1045,17.416666666666668,full,full,1,0.923,0.903,71.92,22.85,0.041666666666666664,0.5,0.0
1046,17.433333333333334,full,full,1,0.923,0.905,73.47,22.75,0.041666666666666664,0.5,0.0
1047,17.45,full,full,1,0.922,0.901,71.87,22.62,0.041666666666666664,0.5,0.0
1048,17.466666666666665,full,full,1,0.923,0.902,71.95,22.5,0.041666666666666664,0.5,0.0
1049,17.483333333333334,full,full,1,0.923,0.9,73.37,22.68,0.041666666666666664,0.5,0.0
1050,17.5,full,full,1,0.923,0.901,70.52,22.92,0.041666666666666664,0.5,0.0
1051,17.516666666666666,full,full,1,0.923,0.902,71.61,22.67,0.041666666666666664,0.5,0.0
1052,17.533333333333335,full,full,1,0.92,0.895,71.88,22.62,0.041666666666666664,0.5,0.0
1053,17.55,full,full,1,0.922,0.897,73.52,22.58,0.041666666666666664,0.5,0.0
1054,17.566666666666666,full,full,1,0.919,0.886,72.11,22.59,0.041666666666666664,0.5,0.0
1055,17.583333333333332,full,full,1,0.92,0.881,71.92,22.4,0.041666666666666664,0.5,0.0
1056,17.6,full,full,1,0.922,0.886,72.68,22.62,0.041666666666666664,0.5,0.0
1057,17.616666666666667,full,full,1,0.919,0.877,70.7,22.71,0.041666666666666664,0.5,0.0
1058,17.633333333333333,full,full,1,0.922,0.882,71.18,22.72,0.041666666666666664,0.5,0.0
1059,17.65,full,full,1,0.921,0.885,71.9,22.51,0.041666666666666664,0.5,0.0
1060,17.666666666666668,full,full,1,0.922,0.885,71.88,22.42,0.041666666666666664,0.5,0.0
1061,17.683333333333334,full,full,1,0.922,0.885,72.5,22.57,0.041666666666666664,0.5,0.0
1062,17.7,full,full,1,0.921,0.882,72.22,22.55,0.041666666666666664,0.5,0.0
1063,17.716666666666665,full,full,1,0.92,0.881,73.43,22.39,0.041666666666666664,0.5,0.0
1064,17.733333333333334,full,full,1,0.92,0.871,72.18,22.34,0.041666666666666664,0.5,0.0
1065,17.75,full,full,1,0.922,0.876,71.63,22.51,0.041666666666666664,0.5,0.0
1066,17.766666666666666,full,full,1,0.92,0.875,70.71,22.43,0.041666666666666664,0.5,0.0
1067,17.783333333333335,full,full,1,0.92,0.877,72.03,22.39,0.041666666666666664,0.5,0.0
1068,17.8,full,full,1,0.92,0.874,70.21,22.44,0.041666666666666664,0.5,0.0
1069,17.816666666666666,full,full,1,0.921,0.861,73.38,22.15,0.041666666666666664,0.5,0.0
1070,17.833333333333332,full,full,1,0.915,0.851,71.12,22.39,0.041666666666666664,0.5,0.0
1071,17.85,full,full,1,0.92,0.856,71.04,22.51,0.041666666666666664,0.5,0.0
1072,17.866666666666667,full,full,1,0.919,0.853,72.17,22.23,0.041666666666666664,0.5,0.0
1073,17.883333333333333,full,full,1,0.921,0.84,72.77,22.23,0.041666666666666664,0.5,0.0
1074,17.9,full,full,1,0.92,0.836,73.96,22.14,0.041666666666666664,0.5,0.0
1075,17.916666666666668,full,full,1,0.918,0.821,73.06,22.11,0.041666666666666664,0.5,0.0
1076,17.933333333333334,full,full,1,0.916,0.802,72.24,22.3,0.041666666666666664,0.5,0.0
1077,17.95,full,full,1,0.917,0.809,72.21,22.15,0.041666666666666664,0.5,0.0
1078,17.966666666666665,full,full,1,0.917,0.778,72.53,22.18,0.041666666666666664,0.5,0.0
1079,17.983333333333334,full,full,1,0.916,0.771,72.16,21.9,0.041666666666666664,0.5,0.0
1080,18.0,full,full,1,0.913,0.724,73.26,22.14,0.041666666666666664,0.5,0.0
1081,18.016666666666666,full,full,1,0.908,0.719,73.07,22.07,0.041666666666666664,0.5,0.0
1082,18.033333333333335,full,full,1,0.916,0.684,72.66,22.2,0.041666666666666664,0.5,0.0
1083,18.05,full,full,1,0.914,0.692,73.87,22.0,0.041666666666666664,0.5,0.0
1084,18.066666666666666,full,full,1,0.904,0.685,71.41,22.26,0.041666666666666664,0.5,0.0
1085,18.083333333333332,full,full,1,0.909,0.689,71.77,22.25,0.041666666666666664,0.5,0.0
1086,18.1,full,full,1,0.911,0.692,71.14,22.43,0.041666666666666664,0.5,0.0
1087,18.116666666666667,occ,full,0,0.915,0.696,72.64,22.11,0.041666666666666664,0.5,0.0
1088,18.133333333333333,occ,full,0,0.918,0.67,71.8,22.26,0.041666666666666664,0.5,0.0
1089,18.15,occ,full,0,0.92,0.642,72.24,22.31,0.041666666666666664,0.5,0.0
1090,18.166666666666668,occ,full,0,0.921,0.633,72.58,22.15,0.041666666666666664,0.5,0.0
1091,18.183333333333334,occ,full,0,0.919,0.642,72.17,22.1,0.041666666666666664,0.5,0.0
1092,18.2,occ,full,0,0.92,0.594,71.94,22.24,0.041666666666666664,0.5,0.0
1093,18.216666666666665,occ,full,0,0.92,0.61,70.82,22.35,0.041666666666666664,0.5,0.0
1094,18.233333333333334,occ,full,0,0.921,0.615,72.24,22.18,0.041666666666666664,0.5,0.0
1095,18.25,occ,full,0,0.922,0.644,72.74,22.26,0.041666666666666664,0.5,0.0
1096,18.266666666666666,occ,full,0,0.921,0.691,72.35,22.37,0.041666666666666664,0.5,0.0
1097,18.283333333333335,occ,full,0,0.919,0.695,72.58,22.39,0.041666666666666664,0.5,0.0
1098,18.3,occ,full,0,0.919,0.703,72.85,22.39,0.041666666666666664,0.5,0.0
1099,18.316666666666666,occ,full,0,0.915,0.665,71.64,22.44,0.041666666666666664,0.5,0.0
1100,18.333333333333332,occ,full,0,0.921,0.712,72.83,22.37,0.041666666666666664,0.5,0.0
1101,18.35,occ,full,0,0.92,0.721,73.04,22.37,0.041666666666666664,0.5,0.0
1102,18.366666666666667,occ,full,0,0.921,0.734,74.03,22.18,0.041666666666666664,0.5,0.0
1103,18.383333333333333,occ,full,0,0.921,0.738,72.78,22.4,0.041666666666666664,0.5,0.0
1104,18.4,occ,full,0,0.921,0.763,74.58,22.21,0.041666666666666664,0.5,0.0
1105,18.416666666666668,occ,full,0,0.922,0.792,73.89,22.15,0.041666666666666664,0.5,0.0
1106,18.433333333333334,occ,full,0,0.92,0.783,73.61,22.16,0.041666666666666664,0.5,0.0
1107,18.45,occ,full,0,0.921,0.793,73.66,22.33,0.041666666666666664,0.5,0.0
1108,18.466666666666665,occ,full,0,0.921,0.8,72.92,22.31,0.041666666666666664,0.5,0.0
1109,18.483333333333334,occ,full,0,0.922,0.83,73.94,22.1,0.041666666666666664,0.5,0.0
1110,18.5,occ,full,0,0.921,0.819,73.47,22.31,0.041666666666666664,0.5,0.0
1111,18.516666666666666,occ,full,0,0.918,0.776,74.04,22.25,0.041666666666666664,0.5,0.0
1112,18.533333333333335,occ,full,0,0.92,0.764,72.79,22.42,0.041666666666666664,0.5,0.0
1113,18.55,occ,full,0,0.92,0.766,72.51,22.37,0.041666666666666664,0.5,0.0
1114,18.566666666666666,occ,full,0,0.922,0.808,73.24,22.47,0.041666666666666664,0.5,0.0
1115,18.583333333333332,occ,full,0,0.919,0.786,75.7,22.12,0.041666666666666664,0.5,0.0
1116,18.6,occ,full,0,0.916,0.733,76.62,22.04,0.041666666666666664,0.5,0.0
1117,18.616666666666667,occ,full,0,0.916,0.674,75.29,22.09,0.041666666666666664,0.5,0.0
1118,18.633333333333333,occ,full,0,0.91,0.569,75.33,22.16,0.041666666666666664,0.5,0.0
1119,18.65,occ,occ,1,0.907,0.453,75.2,22.25,0.041666666666666664,0.5,0.0
1120,18.666666666666668,occ,occ,1,0.914,0.395,75.38,22.26,0.041666666666666664,0.5,0.0
1121,18.683333333333334,occ,occ,1,0.915,0.345,76.63,22.09,0.041666666666666664,0.5,0.0
1122,18.7,occ,occ,1,0.911,0.247,76.15,22.1,0.041666666666666664,0.5,0.0
1123,18.716666666666665,occ,occ,1,0.915,0.241,77.36,22.12,0.041666666666666664,0.5,0.0
1124,18.733333333333334,occ,occ,1,0.916,0.257,76.06,22.14,0.041666666666666664,0.5,0.0
1125,18.75,occ,occ,1,0.916,0.31,75.49,22.26,0.041666666666666664,0.5,0.0
1126,18.766666666666666,occ,occ,1,0.915,0.285,76.11,22.25,0.041666666666666664,0.5,0.0
1127,18.783333333333335,occ,occ,1,0.913,0.226,75.64,22.36,0.041666666666666664,0.5,0.0
1128,18.8,occ,occ,1,0.913,0.238,75.85,22.38,0.041666666666666664,0.5,0.0
1129,18.816666666666666,base,occ,0,0.912,0.229,77.2,22.18,0.041666666666666664,0.5,0.0
1130,18.833333333333332,base,occ,0,0.859,0.126,76.85,22.14,0.041666666666666664,0.5,0.0
1131,18.85,base,occ,0,0.821,0.115,77.42,21.92,0.041666666666666664,0.5,0.0
1132,18.866666666666667,base,occ,0,0.803,0.108,77.4,21.95,0.041666666666666664,0.5,0.0
1133,18.883333333333333,base,occ,0,0.741,0.121,77.72,21.98,0.041666666666666664,0.5,0.0
1134,18.9,base,occ,0,0.705,0.126,78.17,21.99,0.041666666666666664,0.5,0.0
1135,18.916666666666668,base,occ,0,0.653,0.133,77.91,21.88,0.041666666666666664,0.5,0.0
1136,18.933333333333334,base,occ,0,0.57,0.138,77.62,21.78,0.041666666666666664,0.5,0.0
1137,18.95,base,base,1,0.458,0.15,78.35,21.88,0.041666666666666664,0.5,0.0
1138,18.966666666666665,base,base,1,0.38,0.169,77.4,21.64,0.041666666666666664,0.5,0.0
1139,18.983333333333334,base,base,1,0.286,0.17,77.73,21.7,0.041666666666666664,0.5,0.0
1140,19.0,base,base,1,0.212,0.17,79.57,21.95,0.041666666666666664,0.5,0.0
1141,19.016666666666666,base,base,1,0.159,0.169,79.83,22.11,0.041666666666666664,0.5,0.0
1142,19.033333333333335,base,base,1,0.129,0.159,79.93,22.01,0.041666666666666664,0.5,0.0
1143,19.05,base,base,1,0.114,0.17,79.66,22.0,0.041666666666666664,0.5,0.0
1144,19.066666666666666,base,base,1,0.112,0.171,78.62,21.7,0.041666666666666664,0.5,0.0
1145,19.083333333333332,base,base,1,0.114,0.195,78.5,21.67,0.041666666666666664,0.5,0.0
1146,19.1,base,base,1,0.109,0.217,81.09,21.68,0.041666666666666664,0.5,0.0
1147,19.116666666666667,base,base,1,0.107,0.234,80.12,21.9,0.041666666666666664,0.5,0.0
1148,19.133333333333333,base,base,1,0.1,0.223,79.56,21.76,0.041666666666666664,0.5,0.0
1149,19.15,base,base,1,0.1,0.226,79.91,21.86,0.041666666666666664,0.5,0.0
1150,19.166666666666668,base,base,1,0.098,0.218,80.84,22.02,0.041666666666666664,0.5,0.0
1151,19.183333333333334,base,base,1,0.101,0.226,81.4,21.81,0.041666666666666664,0.5,0.0
1152,19.2,base,base,1,0.099,0.216,80.85,21.89,0.041666666666666664,0.5,0.0
1153,19.216666666666665,base,base,1,0.099,0.195,81.71,21.79,0.041666666666666664,0.5,0.0
1154,19.233333333333334,base,base,1,0.1,0.194,80.87,22.17,0.041666666666666664,0.5,0.0
1155,19.25,base,base,1,0.094,0.181,82.31,21.97,0.041666666666666664,0.5,0.0
1156,19.266666666666666,base,base,1,0.093,0.177,82.04,22.05,0.041666666666666664,0.5,0.0
1157,19.283333333333335,base,base,1,0.091,0.174,82.21,21.92,0.041666666666666664,0.5,0.0
1158,19.3,base,base,1,0.091,0.168,81.07,21.73,0.041666666666666664,0.5,0.0
1159,19.316666666666666,base,base,1,0.092,0.171,82.28,21.92,0.041666666666666664,0.5,0.0
1160,19.333333333333332,base,base,1,0.089,0.166,81.16,21.84,0.041666666666666664,0.5,0.0
1161,19.35,base,base,1,0.089,0.173,80.65,21.62,0.041666666666666664,0.5,0.0
1162,19.366666666666667,base,base,1,0.088,0.179,82.03,21.78,0.041666666666666664,0.5,0.0
1163,19.383333333333333,base,base,1,0.089,0.191,80.93,21.73,0.041666666666666664,0.5,0.0
1164,19.4,base,base,1,0.088,0.21,81.2,21.56,0.041666666666666664,0.5,0.0
1165,19.416666666666668,base,base,1,0.089,0.236,81.09,21.78,0.041666666666666664,0.5,0.0
1166,19.433333333333334,base,base,1,0.088,0.226,81.98,21.96,0.041666666666666664,0.5,0.0
1167,19.45,base,base,1,0.087,0.213,81.65,21.99,0.041666666666666664,0.5,0.0
1168,19.466666666666665,base,base,1,0.088,0.216,81.58,22.07,0.041666666666666664,0.5,0.0
1169,19.483333333333334,base,base,1,0.088,0.224,81.68,22.02,0.041666666666666664,0.5,0.0
1170,19.5,base,base,1,0.088,0.221,82.54,21.95,0.041666666666666664,0.5,0.0
1171,19.516666666666666,base,base,1,0.088,0.212,81.69,22.08,0.041666666666666664,0.5,0.0
1172,19.533333333333335,base,base,1,0.087,0.215,81.03,21.74,0.041666666666666664,0.5,0.0
1173,19.55,base,base,1,0.087,0.226,81.35,21.71,0.041666666666666664,0.5,0.0
1174,19.566666666666666,base,base,1,0.087,0.239,80.49,21.62,0.041666666666666664,0.5,0.0
1175,19.583333333333332,base,base,1,0.088,0.257,81.23,21.68,0.041666666666666664,0.5,0.0
1176,19.6,base,base,1,0.086,0.266,81.52,21.84,0.041666666666666664,0.5,0.0
1177,19.616666666666667,base,base,1,0.088,0.264,81.46,21.78,0.041666666666666664,0.5,0.0
1178,19.633333333333333,base,base,1,0.087,0.266,81.39,21.81,0.041666666666666664,0.5,0.0
1179,19.65,base,base,1,0.086,0.259,82.13,21.85,0.041666666666666664,0.5,0.0
1180,19.666666666666668,base,base,1,0.086,0.253,82.59,21.97,0.041666666666666664,0.5,0.0
1181,19.683333333333334,base,base,1,0.085,0.248,82.42,21.92,0.041666666666666664,0.5,0.0
1182,19.7,base,base,1,0.085,0.243,82.71,21.96,0.041666666666666664,0.5,0.0
1183,19.716666666666665,base,base,1,0.085,0.242,81.2,21.63,0.041666666666666664,0.5,0.0
1184,19.733333333333334,base,base,1,0.085,0.266,81.8,21.7,0.041666666666666664,0.5,0.0
1185,19.75,base,base,1,0.086,0.276,81.91,21.69,0.041666666666666664,0.5,0.0
1186,19.766666666666666,base,base,1,0.086,0.275,82.32,21.8,0.041666666666666664,0.5,0.0
1187,19.783333333333335,base,base,1,0.086,0.27,82.35,21.88,0.041666666666666664,0.5,0.0
1188,19.8,base,base,1,0.085,0.259,81.85,21.73,0.041666666666666664,0.5,0.0
1189,19.816666666666666,base,base,1,0.085,0.261,82.11,21.79,0.041666666666666664,0.5,0.0
1190,19.833333333333332,base,base,1,0.085,0.259,81.57,21.68,0.041666666666666664,0.5,0.0
1191,19.85,base,base,1,0.085,0.271,81.14,21.6,0.041666666666666664,0.5,0.0
1192,19.866666666666667,base,base,1,0.085,0.3,80.79,21.48,0.041666666666666664,0.5,0.0
1193,19.883333333333333,base,base,1,0.085,0.31,81.29,21.58,0.041666666666666664,0.5,0.0
1194,19.9,base,base,1,0.085,0.306,81.47,21.71,0.041666666666666664,0.5,0.0
1195,19.916666666666668,base,base,1,0.084,0.303,81.14,21.65,0.041666666666666664,0.5,0.0
1196,19.933333333333334,base,base,1,0.084,0.322,81.57,21.76,0.041666666666666664,0.5,0.0
1197,19.95,base,base,1,0.085,0.328,81.89,21.41,0.041666666666666664,0.5,0.0
1198,19.966666666666665,base,base,1,0.085,0.352,81.02,21.6,0.041666666666666664,0.5,0.0
1199,19.983333333333334,base,base,1,0.084,0.369,82.59,21.78,0.041666666666666664,0.5,0.0
1200,20.0,base,base,1,0.085,0.364,82.13,21.9,0.041666666666666664,0.5,0.0
1201,20.016666666666666,base,base,1,0.086,0.355,81.41,21.69,0.041666666666666664,0.5,0.0
1202,20.033333333333335,base,base,1,0.084,0.371,81.33,21.76,0.041666666666666664,0.5,0.0
1203,20.05,base,base,1,0.085,0.374,82.13,21.85,0.041666666666666664,0.5,0.0
1204,20.066666666666666,base,base,1,0.085,0.365,81.62,21.61,0.041666666666666664,0.5,0.0
1205,20.083333333333332,base,base,1,0.084,0.401,80.5,21.53,0.041666666666666664,0.5,0.0
1206,20.1,base,base,1,0.085,0.455,80.36,21.57,0.041666666666666664,0.5,0.0
1207,20.116666666666667,base,base,1,0.086,0.478,79.92,21.37,0.041666666666666664,0.5,0.0
1208,20.133333333333333,base,win,0,0.086,0.535,79.97,21.36,0.041666666666666664,0.5,0.0
1209,20.15,base,win,0,0.085,0.569,81.44,21.56,0.041666666666666664,0.5,0.0
1210,20.166666666666668,base,win,0,0.084,0.591,81.15,21.68,0.041666666666666664,0.5,0.0
1211,20.183333333333334,base,win,0,0.084,0.588,82.18,21.71,0.041666666666666664,0.5,0.0
1212,20.2,base,win,0,0.084,0.591,82.42,21.98,0.041666666666666664,0.5,0.0
1213,20.216666666666665,base,win,0,0.084,0.569,82.99,21.98,0.041666666666666664,0.5,0.0
1214,20.233333333333334,base,win,0,0.084,0.545,81.29,22.23,0.041666666666666664,0.5,0.0
1215,20.25,base,win,0,0.085,0.519,82.38,21.96,0.041666666666666664,0.5,0.0
1216,20.266666666666666,base,win,0,0.084,0.512,81.8,21.83,0.041666666666666664,0.5,0.0
1217,20.283333333333335,base,base,1,0.084,0.493,82.94,21.96,0.041666666666666664,0.5,0.0
1218,20.3,base,base,1,0.085,0.468,82.72,21.86,0.041666666666666664,0.5,0.0
1219,20.316666666666666,base,base,1,0.084,0.462,81.43,21.73,0.041666666666666664,0.5,0.0
1220,20.333333333333332,base,base,1,0.084,0.471,80.94,21.66,0.041666666666666664,0.5,0.0
1221,20.35,base,base,1,0.086,0.494,82.22,21.65,0.041666666666666664,0.5,0.0
1222,20.366666666666667,base,win,0,0.085,0.509,79.88,21.39,0.041666666666666664,0.5,0.0
1223,20.383333333333333,base,win,0,0.086,0.567,80.38,21.43,0.041666666666666664,0.5,0.0
1224,20.4,base,win,0,0.084,0.594,81.12,21.55,0.041666666666666664,0.5,0.0
1225,20.416666666666668,base,win,0,0.084,0.609,81.34,21.68,0.041666666666666664,0.5,0.0
1226,20.433333333333334,base,win,0,0.084,0.619,81.02,21.55,0.041666666666666664,0.5,0.0
1227,20.45,base,win,0,0.084,0.633,82.61,21.68,0.041666666666666664,0.5,0.0
1228,20.466666666666665,base,win,0,0.085,0.65,80.66,21.52,0.041666666666666664,0.5,0.0
1229,20.483333333333334,base,win,0,0.085,0.675,81.1,21.46,0.041666666666666664,0.5,0.0
1230,20.5,base,win,0,0.084,0.692,81.71,21.53,0.041666666666666664,0.5,0.0
1231,20.516666666666666,base,win,0,0.085,0.707,80.88,21.43,0.041666666666666664,0.5,0.0
1232,20.533333333333335,base,win,0,0.084,0.718,81.13,21.6,0.041666666666666664,0.5,0.0
1233,20.55,base,win,0,0.085,0.713,82.06,21.8,0.041666666666666664,0.5,0.0
1234,20.566666666666666,base,win,0,0.084,0.689,82.16,21.98,0.041666666666666664,0.5,0.0
1235,20.583333333333332,base,win,0,0.085,0.661,81.02,21.69,0.041666666666666664,0.5,0.0
1236,20.6,base,win,0,0.086,0.656,82.55,21.87,0.041666666666666664,0.5,0.0
1237,20.616666666666667,base,win,0,0.085,0.634,82.23,22.0,0.041666666666666664,0.5,0.0
1238,20.633333333333333,base,win,0,0.086,0.606,82.24,22.01,0.041666666666666664,0.5,0.0
1239,20.65,base,win,0,0.087,0.579,82.05,21.82,0.041666666666666664,0.5,0.0
1240,20.666666666666668,base,win,0,0.087,0.552,82.05,21.97,0.041666666666666664,0.5,0.0
1241,20.683333333333334,base,win,0,0.085,0.536,82.24,21.89,0.041666666666666664,0.5,0.0
1242,20.7,base,win,0,0.087,0.518,82.02,21.99,0.041666666666666664,0.5,0.0
1243,20.716666666666665,base,win,0,0.089,0.51,82.38,21.95,0.041666666666666664,0.5,0.0
1244,20.733333333333334,base,win,0,0.087,0.503,81.42,21.67,0.041666666666666664,0.5,0.0
1245,20.75,base,win,0,0.087,0.518,81.1,21.53,0.041666666666666664,0.5,0.0
1246,20.766666666666666,base,win,0,0.088,0.556,80.35,21.41,0.041666666666666664,0.5,0.0
1247,20.783333333333335,base,win,0,0.085,0.6,81.96,21.89,0.041666666666666664,0.5,0.0
1248,20.8,base,win,0,0.085,0.57,81.9,21.9,0.041666666666666664,0.5,0.0
1249,20.816666666666666,base,win,0,0.085,0.545,82.6,21.93,0.041666666666666664,0.5,0.0
1250,20.833333333333332,base,win,0,0.085,0.518,82.44,22.02,0.041666666666666664,0.5,0.0
1251,20.85,base,base,1,0.087,0.488,81.99,21.98,0.041666666666666664,0.5,0.0
1252,20.866666666666667,base,base,1,0.086,0.458,81.92,21.91,0.041666666666666664,0.5,0.0
1253,20.883333333333333,base,base,1,0.085,0.45,82.07,21.9,0.041666666666666664,0.5,0.0
1254,20.9,base,base,1,0.085,0.438,82.3,22.0,0.041666666666666664,0.5,0.0
1255,20.916666666666668,base,base,1,0.085,0.442,81.97,21.93,0.041666666666666664,0.5,0.0
1256,20.933333333333334,base,base,1,0.085,0.438,81.72,21.91,0.041666666666666664,0.5,0.0
1257,20.95,base,base,1,0.086,0.44,81.71,21.86,0.041666666666666664,0.5,0.0
1258,20.966666666666665,base,base,1,0.085,0.441,82.5,21.73,0.041666666666666664,0.5,0.0
1259,20.983333333333334,base,base,1,0.088,0.466,81.8,21.94,0.041666666666666664,0.5,0.0
1260,21.0,base,base,1,0.086,0.471,82.06,21.87,0.041666666666666664,0.5,0.0
1261,21.016666666666666,base,base,1,0.085,0.473,82.05,21.88,0.041666666666666664,0.5,0.0
1262,21.033333333333335,base,base,1,0.085,0.481,82.6,21.95,0.041666666666666664,0.5,0.0
1263,21.05,base,base,1,0.086,0.478,81.92,21.82,0.041666666666666664,0.5,0.0
1264,21.066666666666666,base,base,1,0.085,0.496,83.1,21.99,0.041666666666666664,0.5,0.0
1265,21.083333333333332,base,base,1,0.085,0.475,82.72,22.01,0.041666666666666664,0.5,0.0
1266,21.1,base,base,1,0.085,0.483,82.79,21.95,0.041666666666666664,0.5,0.0
1267,21.116666666666667,base,base,1,0.085,0.467,81.98,21.7,0.041666666666666664,0.5,0.0
1268,21.133333333333333,base,base,1,0.086,0.471,82.11,21.82,0.041666666666666664,0.5,0.0
1269,21.15,base,base,1,0.086,0.463,82.42,21.9,0.041666666666666664,0.5,0.0
1270,21.166666666666668,base,base,1,0.085,0.462,83.08,21.87,0.041666666666666664,0.5,0.0
1271,21.183333333333334,base,base,1,0.087,0.486,81.98,21.71,0.041666666666666664,0.5,0.0
1272,21.2,base,base,1,0.089,0.493,81.78,21.58,0.041666666666666664,0.5,0.0
1273,21.216666666666665,base,base,1,0.091,0.483,82.35,21.75,0.041666666666666664,0.5,0.0
1274,21.233333333333334,base,base,1,0.092,0.47,83.11,22.08,0.041666666666666664,0.5,0.0
1275,21.25,base,base,1,0.091,0.483,83.09,22.05,0.041666666666666664,0.5,0.0
1276,21.266666666666666,base,base,1,0.09,0.487,83.15,21.92,0.041666666666666664,0.5,0.0
1277,21.283333333333335,base,win,0,0.087,0.512,82.08,21.72,0.041666666666666664,0.5,0.0
1278,21.3,base,win,0,0.085,0.535,81.68,21.65,0.041666666666666664,0.5,0.0
1279,21.316666666666666,base,win,0,0.086,0.557,82.3,21.83,0.041666666666666664,0.5,0.0
1280,21.333333333333332,base,win,0,0.086,0.569,82.74,21.96,0.041666666666666664,0.5,0.0
1281,21.35,base,win,0,0.087,0.585,83.1,22.02,0.041666666666666664,0.5,0.0
1282,21.366666666666667,base,win,0,0.088,0.59,83.15,21.98,0.041666666666666664,0.5,0.0
1283,21.383333333333333,base,win,0,0.087,0.608,83.68,21.94,0.041666666666666664,0.5,0.0
1284,21.4,base,win,0,0.086,0.618,82.53,21.83,0.041666666666666664,0.5,0.0
1285,21.416666666666668,base,win,0,0.087,0.615,83.15,22.09,0.041666666666666664,0.5,0.0
1286,21.433333333333334,base,win,0,0.086,0.594,83.19,22.0,0.041666666666666664,0.5,0.0
1287,21.45,base,win,0,0.086,0.583,82.29,22.07,0.041666666666666664,0.5,0.0
1288,21.466666666666665,base,win,0,0.086,0.593,82.87,21.93,0.041666666666666664,0.5,0.0
1289,21.483333333333334,base,win,0,0.085,0.606,82.09,21.77,0.041666666666666664,0.5,0.0
1290,21.5,base,win,0,0.084,0.637,81.47,21.77,0.041666666666666664,0.5,0.0
1291,21.516666666666666,base,win,0,0.086,0.659,80.66,21.52,0.041666666666666664,0.5,0.0
1292,21.533333333333335,base,win,0,0.084,0.707,81.16,21.37,0.041666666666666664,0.5,0.0
1293,21.55,base,win,0,0.085,0.717,80.98,21.53,0.041666666666666664,0.5,0.0
1294,21.566666666666666,base,win,0,0.084,0.737,83.35,21.95,0.041666666666666664,0.5,0.0
1295,21.583333333333332,base,win,0,0.085,0.729,82.32,21.92,0.041666666666666664,0.5,0.0
1296,21.6,base,win,0,0.085,0.725,82.64,22.12,0.041666666666666664,0.5,0.0
1297,21.616666666666667,base,win,0,0.085,0.708,82.77,21.98,0.041666666666666664,0.5,0.0
1298,21.633333333333333,base,win,0,0.087,0.693,82.09,21.86,0.041666666666666664,0.5,0.0
1299,21.65,base,win,0,0.085,0.687,81.39,21.66,0.041666666666666664,0.5,0.0
1300,21.666666666666668,base,win,0,0.085,0.719,82.08,21.68,0.041666666666666664,0.5,0.0
1301,21.683333333333334,base,win,0,0.085,0.737,80.81,21.53,0.041666666666666664,0.5,0.0
1302,21.7,base,win,0,0.084,0.754,81.31,21.54,0.041666666666666664,0.5,0.0
1303,21.716666666666665,base,win,0,0.084,0.778,81.41,21.66,0.041666666666666664,0.5,0.0
1304,21.733333333333334,base,win,0,0.084,0.782,81.56,21.83,0.041666666666666664,0.5,0.0
1305,21.75,base,win,0,0.087,0.773,80.79,21.49,0.041666666666666664,0.5,0.0
1306,21.766666666666666,base,win,0,0.085,0.778,82.3,21.66,0.041666666666666664,0.5,0.0
1307,21.783333333333335,base,win,0,0.086,0.77,81.53,21.69,0.041666666666666664,0.5,0.0
1308,21.8,base,win,0,0.084,0.775,81.85,21.68,0.041666666666666664,0.5,0.0
1309,21.816666666666666,base,win,0,0.084,0.788,81.59,21.71,0.041666666666666664,0.5,0.0
1310,21.833333333333332,base,win,0,0.084,0.792,81.69,21.73,0.041666666666666664,0.5,0.0
1311,21.85,base,win,0,0.084,0.793,82.16,21.87,0.041666666666666664,0.5,0.0
1312,21.866666666666667,base,win,0,0.084,0.778,81.95,21.74,0.041666666666666664,0.5,0.0
1313,21.883333333333333,base,win,0,0.086,0.763,82.46,21.85,0.041666666666666664,0.5,0.0
1314,21.9,base,win,0,0.085,0.754,82.75,21.94,0.041666666666666664,0.5,0.0
1315,21.916666666666668,base,win,0,0.085,0.738,82.04,22.19,0.041666666666666664,0.5,0.0
1316,21.933333333333334,base,win,0,0.085,0.719,82.77,22.03,0.041666666666666664,0.5,0.0
1317,21.95,base,win,0,0.085,0.713,82.13,21.77,0.041666666666666664,0.5,0.0
1318,21.966666666666665,base,win,0,0.086,0.704,80.63,21.54,0.041666666666666664,0.5,0.0
1319,21.983333333333334,base,win,0,0.084,0.724,82.57,21.79,0.041666666666666664,0.5,0.0
1320,22.0,base,win,0,0.085,0.714,83.21,22.01,0.041666666666666664,0.5,0.0
1321,22.016666666666666,base,win,0,0.086,0.688,83.02,21.98,0.041666666666666664,0.5,0.0
1322,22.033333333333335,base,win,0,0.085,0.676,82.35,21.89,0.041666666666666664,0.5,0.0
1323,22.05,base,win,0,0.086,0.646,81.67,21.65,0.041666666666666664,0.5,0.0
1324,22.066666666666666,base,win,0,0.087,0.637,82.84,21.91,0.041666666666666664,0.5,0.0
1325,22.083333333333332,base,win,0,0.089,0.63,83.03,22.02,0.041666666666666664,0.5,0.0
1326,22.1,base,win,0,0.089,0.614,82.97,21.98,0.041666666666666664,0.5,0.0
1327,22.116666666666667,base,win,0,0.088,0.595,82.95,21.96,0.041666666666666664,0.5,0.0
1328,22.133333333333333,base,win,0,0.087,0.601,81.82,21.71,0.041666666666666664,0.5,0.0
1329,22.15,base,win,0,0.088,0.592,85.0,22.1,0.041666666666666664,0.5,0.0
1330,22.166666666666668,base,win,0,0.086,0.58,82.6,21.85,0.041666666666666664,0.5,0.0
1331,22.183333333333334,base,win,0,0.087,0.565,81.71,21.75,0.041666666666666664,0.5,0.0
1332,22.2,base,win,0,0.085,0.575,82.17,21.8,0.041666666666666664,0.5,0.0
1333,22.216666666666665,base,win,0,0.085,0.587,84.04,21.78,0.041666666666666664,0.5,0.0
1334,22.233333333333334,base,win,0,0.086,0.616,81.62,21.69,0.041666666666666664,0.5,0.0
1335,22.25,base,win,0,0.085,0.628,82.44,21.74,0.041666666666666664,0.5,0.0
1336,22.266666666666666,base,win,0,0.086,0.631,81.52,21.65,0.041666666666666664,0.5,0.0
1337,22.283333333333335,base,win,0,0.085,0.664,81.31,21.64,0.041666666666666664,0.5,0.0
1338,22.3,base,win,0,0.085,0.68,82.88,21.86,0.041666666666666664,0.5,0.0
1339,22.316666666666666,base,win,0,0.085,0.687,81.93,21.71,0.041666666666666664,0.5,0.0
1340,22.333333333333332,base,win,0,0.086,0.704,82.37,21.66,0.041666666666666664,0.5,0.0
1341,22.35,base,win,0,0.089,0.697,82.03,21.77,0.041666666666666664,0.5,0.0
1342,22.366666666666667,base,win,0,0.087,0.697,83.11,21.99,0.041666666666666664,0.5,0.0
1343,22.383333333333333,base,win,0,0.087,0.683,82.94,21.99,0.041666666666666664,0.5,0.0
1344,22.4,base,win,0,0.088,0.669,82.71,21.87,0.041666666666666664,0.5,0.0
1345,22.416666666666668,base,win,0,0.086,0.654,82.28,21.69,0.041666666666666664,0.5,0.0
1346,22.433333333333334,base,win,0,0.086,0.68,82.58,21.84,0.041666666666666664,0.5,0.0
1347,22.45,base,win,0,0.087,0.687,82.79,22.0,0.041666666666666664,0.5,0.0
1348,22.466666666666665,base,win,0,0.088,0.686,83.03,21.95,0.041666666666666664,0.5,0.0
1349,22.483333333333334,base,win,0,0.091,0.702,82.78,21.98,0.041666666666666664,0.5,0.0
1350,22.5,base,win,0,0.089,0.692,82.13,22.21,0.041666666666666664,0.5,0.0
1351,22.516666666666666,base,win,0,0.088,0.694,82.2,22.13,0.041666666666666664,0.5,0.0
1352,22.533333333333335,base,win,0,0.09,0.678,82.17,22.07,0.041666666666666664,0.5,0.0
1353,22.55,base,win,0,0.087,0.675,81.96,22.2,0.041666666666666664,0.5,0.0
1354,22.566666666666666,base,win,0,0.088,0.677,82.25,22.07,0.041666666666666664,0.5,0.0
1355,22.583333333333332,base,win,0,0.085,0.693,81.87,22.21,0.041666666666666664,0.5,0.0
1356,22.6,base,win,0,0.085,0.684,82.44,22.02,0.041666666666666664,0.5,0.0
1357,22.616666666666667,base,win,0,0.085,0.688,83.22,22.13,0.041666666666666664,0.5,0.0
1358,22.633333333333333,base,win,0,0.085,0.694,83.34,21.96,0.041666666666666664,0.5,0.0
1359,22.65,base,win,0,0.086,0.689,81.35,21.68,0.041666666666666664,0.5,0.0
1360,22.666666666666668,base,win,0,0.085,0.715,82.2,21.84,0.041666666666666664,0.5,0.0
1361,22.683333333333334,base,win,0,0.085,0.704,82.81,21.94,0.041666666666666664,0.5,0.0
1362,22.7,base,win,0,0.087,0.687,81.65,21.75,0.041666666666666664,0.5,0.0
1363,22.716666666666665,base,win,0,0.085,0.716,81.25,21.72,0.041666666666666664,0.5,0.0
1364,22.733333333333334,base,win,0,0.085,0.726,82.95,21.82,0.041666666666666664,0.5,0.0
1365,22.75,base,win,0,0.085,0.723,81.61,21.8,0.041666666666666664,0.5,0.0
1366,22.766666666666666,base,win,0,0.085,0.732,81.68,21.65,0.041666666666666664,0.5,0.0
1367,22.783333333333335,base,win,0,0.085,0.751,81.97,21.65,0.041666666666666664,0.5,0.0
1368,22.8,base,win,0,0.085,0.767,81.95,21.77,0.041666666666666664,0.5,0.0
1369,22.816666666666666,base,win,0,0.086,0.757,81.81,21.7,0.041666666666666664,0.5,0.0
1370,22.833333333333332,base,win,0,0.087,0.746,82.08,21.79,0.041666666666666664,0.5,0.0
1371,22.85,base,win,0,0.086,0.733,81.06,21.52,0.041666666666666664,0.5,0.0
1372,22.866666666666667,base,win,0,0.086,0.733,82.39,21.8,0.041666666666666664,0.5,0.0
1373,22.883333333333333,base,win,0,0.085,0.725,82.01,21.66,0.041666666666666664,0.5,0.0
1374,22.9,base,win,0,0.087,0.72,82.69,21.89,0.041666666666666664,0.5,0.0
1375,22.916666666666668,base,win,0,0.088,0.711,82.11,21.8,0.041666666666666664,0.5,0.0
1376,22.933333333333334,base,win,0,0.087,0.708,82.61,21.96,0.041666666666666664,0.5,0.0
1377,22.95,base,win,0,0.088,0.69,83.2,21.98,0.041666666666666664,0.5,0.0
1378,22.966666666666665,base,win,0,0.087,0.664,82.29,21.67,0.041666666666666664,0.5,0.0
1379,22.983333333333334,base,win,0,0.085,0.688,81.54,21.55,0.041666666666666664,0.5,0.0
1380,23.0,base,win,0,0.084,0.735,81.85,21.6,0.041666666666666664,0.5,0.0
1381,23.016666666666666,base,win,0,0.086,0.758,81.5,21.69,0.041666666666666664,0.5,0.0
1382,23.033333333333335,base,win,0,0.085,0.765,81.62,21.84,0.041666666666666664,0.5,0.0
1383,23.05,base,win,0,0.086,0.757,81.89,22.11,0.041666666666666664,0.5,0.0
1384,23.066666666666666,base,win,0,0.086,0.744,82.42,21.95,0.041666666666666664,0.5,0.0
1385,23.083333333333332,base,win,0,0.085,0.74,82.42,21.88,0.041666666666666664,0.5,0.0
1386,23.1,base,win,0,0.085,0.735,83.46,21.99,0.041666666666666664,0.5,0.0
1387,23.116666666666667,base,win,0,0.085,0.736,82.24,21.95,0.041666666666666664,0.5,0.0
1388,23.133333333333333,base,win,0,0.085,0.735,81.16,21.61,0.041666666666666664,0.5,0.0
1389,23.15,base,win,0,0.084,0.767,83.01,21.79,0.041666666666666664,0.5,0.0
1390,23.166666666666668,base,win,0,0.087,0.753,81.77,21.7,0.041666666666666664,0.5,0.0
1391,23.183333333333334,base,win,0,0.085,0.761,82.84,22.03,0.041666666666666664,0.5,0.0
1392,23.2,base,win,0,0.086,0.752,82.72,21.95,0.041666666666666664,0.5,0.0
1393,23.216666666666665,base,win,0,0.086,0.737,83.26,22.03,0.041666666666666664,0.5,0.0
1394,23.233333333333334,base,win,0,0.086,0.737,84.37,22.06,0.041666666666666664,0.5,0.0
1395,23.25,base,win,0,0.09,0.722,82.7,22.0,0.041666666666666664,0.5,0.0
1396,23.266666666666666,base,win,0,0.086,0.704,82.83,22.0,0.041666666666666664,0.5,0.0
1397,23.283333333333335,base,win,0,0.086,0.677,83.39,21.98,0.041666666666666664,0.5,0.0
1398,23.3,base,win,0,0.086,0.656,82.77,21.98,0.041666666666666664,0.5,0.0
1399,23.316666666666666,base,win,0,0.09,0.633,82.42,21.94,0.041666666666666664,0.5,0.0
1400,23.333333333333332,base,win,0,0.087,0.616,83.07,22.05,0.041666666666666664,0.5,0.0
1401,23.35,base,win,0,0.087,0.627,83.5,22.04,0.041666666666666664,0.5,0.0
1402,23.366666666666667,base,win,0,0.089,0.652,82.77,22.02,0.041666666666666664,0.5,0.0
1403,23.383333333333333,base,win,0,0.09,0.65,83.1,21.88,0.041666666666666664,0.5,0.0
1404,23.4,base,win,0,0.092,0.633,82.65,21.96,0.041666666666666664,0.5,0.0
1405,23.416666666666668,base,win,0,0.09,0.622,81.87,21.83,0.041666666666666664,0.5,0.0
1406,23.433333333333334,base,win,0,0.091,0.597,81.71,21.81,0.041666666666666664,0.5,0.0
1407,23.45,base,win,0,0.089,0.575,81.4,21.87,0.041666666666666664,0.5,0.0
1408,23.466666666666665,base,win,0,0.09,0.547,81.43,21.9,0.041666666666666664,0.5,0.0
1409,23.483333333333334,base,win,0,0.089,0.542,81.27,22.15,0.041666666666666664,0.5,0.0
1410,23.5,base,win,0,0.09,0.548,81.65,22.11,0.041666666666666664,0.5,0.0
1411,23.516666666666666,base,win,0,0.089,0.554,81.25,21.91,0.041666666666666664,0.5,0.0
1412,23.533333333333335,base,win,0,0.088,0.566,82.23,22.14,0.041666666666666664,0.5,0.0
1413,23.55,base,win,0,0.088,0.558,81.72,21.99,0.041666666666666664,0.5,0.0
1414,23.566666666666666,base,win,0,0.087,0.575,81.2,21.8,0.041666666666666664,0.5,0.0
1415,23.583333333333332,base,win,0,0.087,0.588,81.8,21.98,0.041666666666666664,0.5,0.0
1416,23.6,base,win,0,0.087,0.585,81.31,21.81,0.041666666666666664,0.5,0.0
1417,23.616666666666667,base,win,0,0.087,0.581,81.44,21.85,0.041666666666666664,0.5,0.0
1418,23.633333333333333,base,win,0,0.088,0.553,82.33,21.73,0.041666666666666664,0.5,0.0
1419,23.65,base,win,0,0.087,0.548,82.0,21.95,0.041666666666666664,0.5,0.0
1420,23.666666666666668,base,win,0,0.087,0.524,81.28,21.82,0.041666666666666664,0.5,0.0
1421,23.683333333333334,base,win,0,0.088,0.514,81.01,21.8,0.041666666666666664,0.5,0.0
1422,23.7,base,win,0,0.088,0.518,80.48,21.72,0.041666666666666664,0.5,0.0
1423,23.716666666666665,base,win,0,0.089,0.543,81.8,21.86,0.041666666666666664,0.5,0.0
1424,23.733333333333334,base,win,0,0.088,0.549,80.07,21.44,0.041666666666666664,0.5,0.0
1425,23.75,base,win,0,0.086,0.595,81.67,21.78,0.041666666666666664,0.5,0.0
1426,23.766666666666666,base,win,0,0.087,0.601,81.69,21.79,0.041666666666666664,0.5,0.0
1427,23.783333333333335,base,win,0,0.085,0.606,81.8,21.81,0.041666666666666664,0.5,0.0
1428,23.8,base,win,0,0.085,0.618,81.47,21.83,0.041666666666666664,0.5,0.0
1429,23.816666666666666,base,win,0,0.086,0.624,81.35,21.81,0.041666666666666664,0.5,0.0
1430,23.833333333333332,base,win,0,0.086,0.638,80.75,21.65,0.041666666666666664,0.5,0.0
1431,23.85,base,win,0,0.087,0.666,82.1,21.7,0.041666666666666664,0.5,0.0
1432,23.866666666666667,base,win,0,0.089,0.679,81.01,21.79,0.041666666666666664,0.5,0.0
1433,23.883333333333333,base,win,0,0.089,0.681,81.57,21.65,0.041666666666666664,0.5,0.0
1434,23.9,base,win,0,0.087,0.713,81.42,21.76,0.041666666666666664,0.5,0.0
1435,23.916666666666668,base,win,0,0.085,0.727,81.46,21.8,0.041666666666666664,0.5,0.0
1436,23.933333333333334,base,win,0,0.087,0.721,81.85,21.83,0.041666666666666664,0.5,0.0
1437,23.95,base,win,0,0.086,0.71,82.29,21.94,0.041666666666666664,0.5,0.0
1438,23.966666666666665,base,win,0,0.086,0.699,82.5,21.98,0.041666666666666664,0.5,0.0
1439,23.983333333333334,base,win,0,0.085,0.704,81.35,21.66,0.041666666666666664,0.5,0.0
