air_temperature,dew_temperature,sea_level_pressure,wind_direction,wind_speed,meter_reading,square_feet,year_built
24.483570765056164,16.290980171493906,1009.6075263475639,140.25428943790612,0.46481763435774553,98.92569463064697,13187.292662344526,1950
21.308678494144075,14.009246729133144,1011.4725026847317,5.438680411573578,1.0519703050030254,29.477296089576043,8888.658273402989,2015
25.23844269050346,14.07562353809239,1010.0130946947743,323.3783034396457,0.43507506438025184,106.46135797945604,22602.584413496843,1984
29.615149282040125,20.07042411402521,1013.5520902347306,189.7358388583252,6.5705434665711735,-81.07519330005879,27939.493480349738,1959
20.829233126383322,16.046121352111815,1018.9858926573096,305.92881388884734,0.33565850631892363,145.31147202354117,16938.1307312744,2016
20.8293152152541,12.032056412524277,1009.144789214294,21.565692361210953,4.890711558257175,118.09334953358811,4503.223376146994,2017
29.896064077536955,23.024210156377052,1018.004102488842,81.88491977025143,1.1188874490264016,174.58476862738678,2812.8072435842755,2014
25.837173645764544,19.061571194203857,1009.0916396382655,93.37679827962502,0.9491995235970101,82.00163097929175,4703.4907887517575,2000
19.65262807032524,12.28837300528559,1008.7618639375156,139.2089380699637,0.5261605238175944,125.726984017418,57162.69321017172,1979
24.712800217929825,17.015900877875183,1017.0929730917161,289.0318940631166,2.019864448445616,90.49869048077603,10739.629967885337,1988
19.682911535937688,16.974681690438448,1017.6096818900381,139.16083454333736,2.313720569490407,24.246231330147083,67944.18426889885,1959
19.671351232148716,15.237041489515832,1017.2570496838133,73.67527067267771,1.2606113054492798,22.4844756627652,7185.365423299719,1993
23.20981135783017,16.264435260277413,1006.4210129589093,23.39649372195663,0.11463733835813845,58.02732202181856,6255.312173610646,1981
12.43359877671101,8.228152509775738,1010.6702451096397,28.617029406967486,5.014553629635746,100.3718141913738,7524.679244221203,1993
13.375410837434837,9.516005727107705,1017.1149429600166,273.6169941459519,7.857233127986274,100.24143024955956,7389.578087417324,2012
19.188562353795138,12.408466531771989,1013.2077092028195,160.12907677318788,1.1279022973328041,25.802755790772956,3738.1611117084185,2010
16.93584439832788,7.645592067391486,1007.6315357690127,261.4252039200055,1.9020791161986867,84.36816184426041,2568.69105708244,2014
23.571236662976368,20.58422148515292,1015.2915896956272,245.62336383493113,1.1967602100337127,79.15558102803776,13377.595743048612,1990
17.459879622393945,12.532565734074565,1009.4259637050427,48.7304862336928,0.7768610014528213,12.649300530593585,23269.545338916618,1961
14.938481493323541,11.253231575571553,1021.9726242419611,51.43965630921619,0.16094298370191817,0.6040290799940138,93431.26401175275,1951
29.32824384460777,20.41395519147162,1020.7242073120913,271.9231255562882,1.2178610885686216,81.26271605360293,5251.5948652454745,2009
20.871118497567323,13.139549346847948,1016.0204871317778,259.6565856547502,3.4117275487146226,114.01828075277223,5695.003629166346,1974
22.33764102343962,15.264499754510192,1019.8050335238489,136.09107607475173,0.03435632904628514,43.67235235950136,3747.2244773358757,2010
14.876259068932717,7.2145918238642786,1013.323956750617,27.87201479982243,1.7450629898191652,88.14159336952292,24977.418342851077,1971
19.278086377374088,18.04883346026847,1016.827187471875,4.355287811442792,4.2534371290588275,78.6963655739667,18306.060425488027,2005
22.55461294854933,13.31920506713974,1020.3886014765104,103.73650180622815,0.4906490558210368,-9.235023855574823,3371.339486540306,1970
16.245032112888484,9.30758991132758,1014.2274934089716,3.3200184914016972,0.4048588180918888,148.7145517150961,3287.234500850119,2004
23.87849009172836,15.83442465543705,1011.7240641424286,82.82614359733323,2.9592473145178393,137.4999387063502,21004.978469726724,1989
18.996806550405974,15.873916034988936,1004.4768902091145,151.02026647608187,0.5889741645161108,-9.308859415673396,11886.94658264968,2000
20.541531251033618,14.408089874248839,1012.5843323713925,43.70967551230351,0.42634749961962887,88.4219134717259,17298.735978867204,1971
18.991466938853016,10.821755265136186,1017.1171159228115,37.53999281935665,0.9495958086985199,133.8171021533729,3351.728700297784,1977
31.261390922544688,24.39165036729596,1017.7281671378381,322.71747685874516,0.9968128323037582,126.32902711151306,1239.2667289830188,1953
21.93251387631033,16.814760966988192,1015.5218253285921,210.76921044824013,4.144551562615915,51.310466424512896,3377.9861027747297,1975
16.7114453552205,12.774881663087255,1010.2935045251888,336.4040472346013,1.926992532118054,46.090439509527286,16119.205528462131,2009
26.112724560515947,19.710375674702842,1003.115892155262,124.49741896284452,1.0416221468149165,80.12749645785492,66906.94006544143,1972
15.895781750144888,15.915771026266324,1010.5239245099763,243.77217743849874,1.5288050659946169,45.096233038572514,5273.955928315149,1990
23.044317975023777,20.501212372588867,1011.4782756447303,73.68900286384454,6.156716741374651,137.79295564936234,78893.63894731799,2007
12.201649380601122,7.167723880414194,1011.43535516405,222.60251422077883,0.24030470291150446,64.97941440243487,18579.605274394264,1957
15.359069755507848,13.999118814477796,1016.0927817848897,46.650862803594386,0.46566952383870425,5.125108543381927,2012.167339106401,2000
22.984306179345616,16.85535070505973,1022.9283820550742,0.7490301034628732,6.568360296264384,58.76808039528295,10037.002950850647,2010
25.692332899977053,18.982824662259436,1013.6176460092055,335.3514485074484,6.308276921715061,68.66292199399898,19225.143881169275,1950
22.85684140594985,12.615247320878236,1011.9163410542177,199.76197542307534,0.3900001927988669,86.5157934755884,716.5994959268681,1979
21.421758588058797,14.654459480864764,1011.7038909349795,333.6986386015342,0.3135621792733145,15.688585592170519,15435.898666942263,1966
20.494481522053555,12.720489884764357,1013.6219238345386,120.17934853274593,1.093199698148771,-7.079322403668996,26179.218286275314,1972
14.607390048162863,11.881290663500621,1008.858531198258,118.00298489823244,0.10199360824388629,2.275526578968403,12074.705924326243,1973
18.400778958026457,15.022706271424129,1013.6009927937303,144.2358006382914,2.1278625689427835,-21.33673184540399,7618.073455243389,2018
19.696806145201062,9.63879159960812,1015.254061681659,254.17475422494059,0.16132718102991356,-16.87978611580882,6816.309102312637,2001
27.28561113109458,19.055858063757665,1014.0484303178724,203.69110830702272,0.11956291233637883,147.54834977304904,6429.664716883706,2007
23.71809144784231,18.84638702307812,1015.2877096700239,333.12776655568246,1.32790285428491,72.29730749387154,2499.935464274482,1971
13.18479922318633,8.85600153160354,1015.1687380467426,9.158724407678168,6.330036856434476,57.184262362964404,4074.389376116237,2008
23.620419846973974,17.99242118288651,1004.1405165887678,254.9505376701131,1.1130269862850122,79.1316217142141,5342.270101969738,1993
20.074588597918417,14.754542953797058,1016.1843507919771,118.91796817195956,0.8816079458076159,70.74888957914222,9076.957571470031,1986
18.615389998470206,13.714093462834397,1009.6449257716878,64.88411465464603,12.386393435929072,74.79376518548496,4643.321558956287,1983
25.05838144420434,16.99823705480644,1007.5208041849802,183.74242410723562,1.5184413242847368,107.79501857981677,3397.75689970449,2006
27.154997612479754,16.575336720464406,1007.477740860725,181.82296230479855,0.9407799097685479,104.34858541924139,17322.66189033358,2006
26.656400595580994,16.416420122056643,1015.1677080523626,49.323970327834225,0.9750673763123877,224.87019499003884,11738.31987459597,1989
17.803912383886807,13.881443697631399,1011.8871253638757,72.68258020784035,0.43372537468606587,7.6613233355246635,4725.697571497871,1969
20.453938120743928,14.356673195558514,1004.5901560800729,146.93927936455975,1.4357941251152657,15.284538990341126,13443.869360481724,1966
23.65631715701782,16.282397520698023,1015.3901890759614,147.1721084612335,1.1555519800609806,47.17105124808759,5150.464101090235,2001
26.877725635611796,17.966627860283552,1005.8019593460059,114.3209302630865,0.6316015715395248,24.029604630418874,8630.563086263079,1953
19.60412881077355,13.112512476579981,1013.699106792591,53.476254543593136,0.34999310834509084,46.906478027839384,21483.57684880472,2012
21.071705116680914,16.84401717065292,1014.1924946283652,1.5745244763526278,0.7457215140028112,19.353158800624286,4430.460937988332,1999
16.46832512996986,10.857339427242847,1017.4278854084753,349.2846224740874,1.421332810576238,54.25749262308946,2508.8716573944457,1999
16.018966879596647,8.531147389114516,1021.9084239323342,339.6597226934137,0.12020771847881684,55.19426640029885,7008.4049645121095,1965
26.062629111970992,19.73114392946004,1006.1766183704973,174.11413650340867,0.3338667969087025,17.012452779455955,2072.549941230255,2010
28.781200142854114,19.737086772268444,1012.7376307196847,358.21863117900205,5.8998843327495,130.84770975759474,6139.824825277039,1993
21.63994939209833,15.210756305534384,1011.6183235247789,242.51555908160756,1.5655108392767363,31.329213465467213,6120.276294739289,1967
27.01766448946012,22.127521755421103,1015.1687484298049,24.788713538714955,0.13110324944891263,40.39050508353439,689.7408008635534,1999
23.80818012523817,16.624604972965706,1014.0783438546681,42.37855166974585,2.3623868628894824,100.1818291176005,13775.337901084053,1979
18.77440122697438,13.720448205119517,1011.2372687863169,329.7999037930696,0.1275903844518852,59.060244783260266,6750.084034324788,1998
23.80697802754207,14.307037636682796,1010.7954890569457,226.81879277386622,2.6855061980386132,79.28154431688269,26420.52509467629,1970
29.690182832329846,20.34378907792897,1007.4177457240797,303.5461055966464,2.772290518232509,48.511854406941666,10052.05107565455,1971
21.820869804450243,16.493660953532373,1017.9393079120325,323.3770738681839,2.1058193478652827,15.147246629926038,16909.122874380762,1996
29.82321827907003,17.76550532766654,1015.2960209079977,161.25912406165898,2.6350636321365504,138.4937852373847,26636.527131030787,1974
8.901274479551278,6.6325823219173135,1017.5888409889757,17.469342567609495,0.18415553758535672,21.54306965491161,7103.073930052681,2005
26.10951252187612,18.478240910602896,1011.4480193176224,67.78092560303594,2.5949599383500788,93.5344599110039,8096.416303856252,2013
22.435235341190857,15.787239650008479,1009.7158226565278,23.965901028876637,0.2939589880648905,80.29698632701792,1679.8449502322694,1977
20.50496324767066,16.427792070685946,1007.6084246668538,67.94634445146264,0.829534197392308,103.21100674587915,27988.18526349744,1982
22.45880388267751,16.3900397475713,1014.7945879187033,147.79185352411565,5.720489463397203,66.89900763434454,7004.461626948444,2015
12.062155426995536,11.399652595609764,1007.8010338773588,42.550851785394755,1.3978294725957443,30.285662985718616,2963.9243099980695,1953
20.90164056081244,12.643969361380634,1022.2433153448327,60.02396920992358,6.848508239156199,105.48155811093191,16978.828872431837,1961
23.78556285755873,16.921743134727805,1006.4617870945328,160.49584154580452,0.1862545377288001,190.04255538099505,916.1854568908668,1966
29.38947022370758,20.7415627293752,1014.3683005960625,122.46154213985623,1.298477251067057,33.46370140502157,5274.956844254505,1985
19.40864890863176,11.447545248532073,1020.834273536069,168.35692470769476,0.12886866972095704,37.02738887941582,20096.70280847414,1965
17.95753198553406,14.482862394056536,1015.995448796319,154.50192999326234,1.9896414232582493,74.08559529278449,5230.583653364526,1972
19.491214782077318,18.293196959159758,1013.878368562459,232.01208935275804,0.16395432468190127,-41.583318230150056,3952.3991333597637,1958
26.57701058851037,18.569895262989593,1008.1575817651906,337.3882375953076,0.3856356266327288,139.66899805367868,5344.617201750425,2004
23.643755548298422,17.560671060356427,1006.0911540571615,38.83116183992729,0.5990513572936074,113.26673926440861,1085.7982779877955,2013
19.351198981164806,13.714876238446017,1016.8502505445879,35.73365375131017,2.7625646978422593,63.470868426768384,16572.142993539816,1996
24.56633716556678,15.769266676082392,1020.5307362038748,307.0101999927247,0.3581627090108824,99.01878580846125,7166.079257531868,2016
22.4853877467402,12.098250867114109,1010.8057500476092,182.30281367488527,3.749830728498746,148.56524146752315,6171.365406121072,1959
26.843224952664446,17.37871050067438,1007.3046924619182,275.9058084846392,0.28290580179088226,103.99806127767607,6193.969172896793,1953
18.489734530613237,10.158897409525803,1000.7091528472549,77.55188529862131,0.07176104966289527,-4.7866263841344505,8217.980679679169,1979
20.361689267011158,17.661386643026045,1008.0961757816873,298.3905263403186,1.005203792893054,118.49488384401987,15575.234047539128,1960
20.039459234339212,13.797402076190968,1012.4317157875048,332.5847847093705,7.768975408002847,109.10953441490511,7692.002708292758,2000
14.682425259339407,9.585859023443241,1020.9956162041836,228.77388559673577,0.23383683162049448,57.65995799077959,2076.3429991736753,1968
23.48060138532288,18.214728619301628,1016.3656684611649,38.11644773056881,0.21454344623619784,210.5428537427793,14407.672001122188,1962
23.305276360899448,14.070191246917839,1014.5254270235338,322.306133096282,2.7819426485275844,67.4419537072066,13340.631951239848,2006
22.025567283212304,13.884169022239506,1010.9994016934943,285.29558185322566,0.7484029780197713,-15.896576003230479,9951.981919596014,1952
20.827064333124262,14.715089571684224,1010.0841714137202,270.31599954521636,2.526607981330432,81.4854372453767,23747.708176175267,1987
14.92314628974793,12.503740385670511,1020.0282379875398,13.2221480061296,0.44631357641204245,56.59573444871176,8353.022065790501,1976
19.896773386173205,14.93111146065882,1014.0036927037919,287.62650909250965,1.2326389418025079,180.05458434997638,24621.51883620245,1959
20.286427417366152,14.69714947718807,1002.4869965403949,49.66236376860852,0.616558498114414,84.15464194855737,33097.43352925152,2002
17.988613653891907,12.748265028196368,1009.6323017605138,80.05902343087982,1.2012388813223989,47.12467930559192,14505.931090877584,1976
21.193571441669953,15.635971720222516,1008.7089198411419,207.7685405529327,2.9315159420784394,8.418101939382495,3835.5433211536106,1956
24.020254284072692,17.217483809109392,1010.2686799541127,95.39307825007789,2.8710527457915602,170.57160380614624,7109.692561006015,1962
31.43092950605265,19.941706104682982,1015.8145533014255,238.08535427229108,1.4504000057871147,-12.909244171401326,27969.111906809954,2009
22.872889064159196,16.10318078817774,1012.4627755910287,218.90536117166937,5.272534076392683,99.01662929479144,1812.3364241847125,1963
23.28775195361382,14.15404904969417,1012.6156729649817,38.933855284774545,0.6124637284078146,-27.27081381997182,5475.540831533833,1993
21.627770421169163,15.30160438062006,1019.5673658066262,236.16524865294227,0.5496932043315633,51.62021758598364,5750.460189544883,2019
12.406143923504793,7.723004863476872,1009.5176945510666,332.6237675369748,1.9028329677863383,20.949454004088835,3411.0976147601377,1977
21.867430622753915,20.385964681493462,1022.3209976294368,57.99956586689993,1.9420062252409451,41.20711524795541,19397.10195090954,1972
22.301151049705133,15.531016967290169,1009.6434620431446,214.94232753943948,0.09531569405149079,56.24603228854909,11811.336517060998,1961
34.316210562426434,21.212868261175323,1013.4459909830629,123.07153389720987,1.87185307934414,118.66305765405461,3979.62010771325,1973
21.038195176094387,14.458376201912222,1011.5939820229862,165.46020183849743,0.9382037753906094,43.78148341670071,14846.403409282017,2000
23.507736711668063,17.494133189443417,1013.6170956675048,103.32006446842917,2.7522328673519127,71.95701216986937,6915.937192828995,1971
21.826441151473784,18.625236698336693,1015.2229599753656,127.48702908517029,3.3016207892363734,34.28844672715263,3326.9306352988942,2011
16.15660981190234,10.1307220684542,1015.1691762004444,10.40825637596062,1.6066109054550102,39.32546946922908,3972.224680914132,1975
27.714114072575104,16.23502390275529,1009.2344133468971,353.35862565019943,0.0034129734456869467,135.45578440815774,12532.130618005429,2007
25.75966516343387,19.66543963726567,1007.3854266127621,224.92797194618936,2.0232137793092275,64.71208981592964,20723.215623612487,1964
25.955159735215233,15.407414402851359,1025.5158589545285,180.2540125777987,2.7636589245916436,157.43799814101635,4980.232058598626,2017
17.453062726026307,11.344833025203444,1010.5800783019972,138.13752582011762,0.5726546909684739,107.49755687371707,13966.841480522946,1955
29.013971554680495,19.794539117254356,1016.49606219336,194.17484117664995,1.249654141578444,141.8464594131127,39409.18372443175,1951
14.990744686038596,10.3542543736268,1004.961793447384,136.83815953768942,6.746772837934644,47.748938309805496,2301.069844680684,1980
24.934285469001352,18.832328742449615,1011.6019364004766,129.56685389772238,0.7079729889597651,35.52438881390963,11564.205490664148,1973
32.952278129049894,21.69932612576215,1012.3640030800877,167.0207550199247,0.5050243647113688,113.11194888172649,18595.142901938445,1984
17.04731837434656,11.38566435770907,1015.3640753496392,99.35389212162869,0.4736098651666489,140.91485362714513,7367.621334804429,1996
19.16851135198614,13.38941724049152,999.3877292950403,64.81796398804276,1.6365177654122214,22.73936744348103,27953.095138376313,1980
22.498256825438204,16.047975692844318,1013.8307030653916,200.37812334490565,5.98296667846758,97.41521096133461,73045.44336219275,1951
19.482621729419005,13.833489560009149,1007.2512927231605,303.39555701410836,1.8765110488535508,15.315090812365973,11422.671052634298,2008
14.246682844669337,10.844689541713695,1014.6217285559746,55.01814398132123,0.7228671257058067,22.461469083620752,6415.102580982745,2012
22.342814874030136,17.327649431104568,1007.8183540158092,11.784362617518713,2.0353725594290486,91.24507744450632,21525.268598504517,1966
16.688481431369475,12.467205233260568,1008.7225865203721,88.85222825545301,1.9608176033490907,71.09754373928298,18808.588138327133,2003
24.36796215317591,17.964744554241573,1011.6318619480337,352.6994316433719,1.8172659337357435,86.01017077866078,652.7335753864501,1970
17.402878828830982,9.01756884668873,1007.738352651984,298.3529065476022,0.3473410666096048,85.74976172232142,8080.947778123955,1971
29.749672025087698,20.925225815892745,1010.6223277663232,214.51177927029477,2.013343556082084,117.57727958267759,5461.072801670048,2004
18.083733538318814,13.617628572826385,1007.0331211572834,334.52960948752894,1.1248149459296188,43.07029174648088,12048.623397409283,1978
20.389692418971624,15.730667082421036,1003.8341477415064,160.30048206140808,0.03753412694605211,103.86892495152586,6676.450210735644,1970
26.067586086848348,16.862608712326253,1018.0897852621468,353.9810169270626,1.5520338721127118,38.936878561794046,7441.471627994264,1951
15.845678417830223,9.773896342703866,1006.5197565358803,106.66873624294226,9.068816867225555,35.742623436186285,3417.919257072745,1991
23.137299673020646,15.047908420547254,1012.10659556196,86.51006982573807,0.8607647337044367,50.3059013784062,16890.8818266557,2001
28.53571377141214,21.047827439771183,1016.764455407469,229.69735241292395,6.737027805554212,115.28788286430499,42405.87620969802,1987
13.962583827193862,11.84157078888412,1009.9252794874197,136.13542846212974,0.20230706965459894,-70.90117335648695,3471.451380565334,1952
22.92316929266152,15.23129829027986,1008.8741705012723,225.49159511145282,2.6368984945855565,54.21444506876446,2004.0892093406806,1974
23.299413971242117,18.12551440712358,1014.1311904433371,109.79838658896688,0.24282170445635348,96.5182223560077,8266.80369890041,2011
25.90911435888655,18.383339669549773,1018.5896691136358,222.45057246167678,0.6392306382785163,209.80512215502762,7874.1800604470845,1964
15.81524644560959,10.82210095760184,1007.1534236745676,99.26865381061309,1.6918548312547408,51.056618476294176,26132.441377381245,2019
15.397716934578618,10.355633394569095,1012.2492608399128,18.349944774800377,1.7968018950900608,-3.3944329680578633,2370.3787882436595,1959
24.60970782808449,18.720018208863458,1004.3375270251634,328.368924692346,2.9851890115965167,110.5815697219968,4731.723658690179,2018
23.48492336616593,17.090601989890292,1011.0339949815891,317.9538726744464,1.910642243862736,40.78150214509375,946.0512667195821,1993
23.252464251729382,20.82837583150584,1013.1710234226904,349.4873337381619,1.800907130822464,11.4813931539733,32047.794198218653,1990
23.73224104748488,14.908119447244765,1008.7268767912246,257.9497834397057,4.868877775469392,86.9257460068452,10410.233881123626,1969
18.599876392107547,14.056116878535233,1010.7150408308738,245.77962398470905,1.2035467570301874,125.86710902573688,5097.813931917527,1986
23.161268485805017,15.154485920440484,1005.9588661584628,201.24110522693906,0.5104704973958595,33.389932728624004,2159.708464454194,1988
23.465362366493405,14.687179682568095,1013.3853930569074,45.33926988690816,0.3529698502878833,60.505694569550975,2367.3440265733298,2019
18.42824290986816,12.878035762837767,1018.2784712444158,68.12471194173722,1.0216332369780758,96.89236181800479,12262.080579614672,1957
31.328872555723784,22.20491574782072,1007.5142806511477,104.20908792211303,2.494823907844467,152.29252588153463,2677.329052644576,1992
24.36916460455894,22.89476233331144,1009.886641167238,320.456290526422,0.08694994805804823,155.86537516252696,8991.2343729244,1959
16.043482513986756,10.862146128424325,1015.5127312322709,62.269028857107045,0.2763491947198702,20.94911118934906,62501.43910472651,1990
25.28276804316915,15.437580171249035,1019.0604535966137,332.2343428156406,0.22435284946069592,77.58190185970862,5723.938389364049,1953
17.126591648863393,12.534635589193146,1005.5340509389554,188.20286389851017,1.7601594378652978,-50.820105311790876,3098.1348745170667,1953
25.93542301871226,14.005516038005844,1012.1560763129203,257.605068770306,0.556426488684822,63.96188506433745,11872.822046280322,1973
27.79297789503702,19.27117096131738,1014.4156541115976,39.68801520500395,0.36366598024753005,38.820673540045064,2378.4594310942953,1970
17.89658840824145,12.559662450359335,1012.4897180468557,96.85207755932792,1.796757820004859,70.62022669447697,45251.20281534632,1959
26.81688064622161,20.361017218245546,1000.6160396656146,345.0666989453135,2.8651785717801586,133.71586975282483,32978.782150724575,1995
24.06390463468249,18.791977743133433,1015.5054500465438,95.81398089470329,0.807398086396509,109.88743014322438,6876.24764046121,2019
26.11030079997245,17.27007132216528,1020.5966817554532,106.7478193408126,1.7264698601951782,25.01328046044715,3303.397682628685,1993
31.483964913269737,21.73754741002895,1013.5833087558475,71.13505854278861,0.20655739761824843,82.73363899524446,5293.474567129117,1982
20.773059419985646,13.00889993276861,1007.8444697335287,46.466519510458625,5.472622532676509,88.98221632065943,6028.987637096998,1985
18.23131917821255,10.505798315133397,1010.4343637681786,83.97275092343926,0.8216474356370261,64.98676343054869,11891.357226101185,1974
17.552427851872384,12.906489055071937,1021.849565338278,231.2376811022874,11.987488826859563,25.026909690127205,22916.955474412505,1962
17.920948575172808,9.997492905427768,1017.5498127043028,163.93238406128287,7.68758472804249,73.98055154020741,2874.0784687506066,1988
21.614491452929478,14.300890215906907,1016.2001330919217,199.3521010816435,3.0175880492178906,108.8277976485582,22268.080522109754,1987
23.705759874083217,14.603683992059777,1014.7820629176719,44.05133835576874,0.04054234872464103,67.54314765361786,15028.228519270313,1979
23.383453996650097,17.467784170235586,1009.6943144390451,288.761920978644,1.568223283078287,28.552177073512738,4876.634011871492,1963
26.13591624518012,21.89800157015906,1011.9971440967212,282.2740922087453,0.18168049467641575,103.59536730610593,2733.363290116756,1999
22.065009459389536,12.842330655966013,1012.6103863216074,7.77236801136314,4.510220653095623,23.704032449879293,9101.847713126843,2017
29.267670385786584,16.78133230425547,1015.7478715803222,138.0654340237098,3.1178342328435327,162.5918315430636,2808.5160206436585,1950
20.67671583381022,14.22392731296702,1020.5445944713346,24.757416709613214,7.175563136022263,-66.45799377418508,22554.2962796434,2010
35.600845832948096,24.951987674979183,1018.5916906839657,285.1580805893849,1.8749416759815953,103.0983101389998,2633.6269086427196,1952
25.12833673882503,18.027154330692117,1005.9030782210198,265.41708592525356,1.4770122550216618,36.38629430413742,14012.515775039365,1999
17.714212217918586,11.507307522074319,1014.1199748445052,324.7157139455362,1.4636673136150093,89.25806834040256,7475.4801864447645,2010
16.64553750969444,11.250597659135243,1016.6838167258395,85.10542522312126,0.9769817383056921,124.18731753625212,4625.663576361091,1985
24.412362076215928,17.823674274432353,1016.0943016507232,164.2665179260076,1.2648195009582053,49.86739721327341,7311.242373810725,1953
20.882686073370746,16.6987420366492,1009.8538311830629,66.41563577918319,2.0179778589962183,22.291671825684617,23860.5839563634,1992
25.57000247046046,13.988904188685753,1027.5705460788417,133.64457641068302,5.4045619768074555,114.84640253471218,2459.5719039698647,1963
24.366188122867726,16.31845280794448,1006.6145771883444,188.00757056407824,1.8121083010981902,-14.286428736219762,5366.02905065078,2016
21.635855436715637,15.572716393583072,1007.5840577666697,19.19908434189203,3.8914435260452933,84.80085902496421,3820.9579228673265,1956
17.766031409657977,10.600269777539111,1014.1679754063078,257.35334784385867,3.972338310661191,56.98982127922986,7796.131019303557,1957
14.425763876570677,13.560373977134072,1023.5840152748193,195.5856097335871,1.4630804042176524,35.22271308943871,4085.989099015096,1993
19.767425239664895,12.566377907307952,1008.8190257464792,298.4252461958424,0.8537952288543663,17.480301484533413,1382.8733588855603,2013
26.28199397161736,18.314810406117584,1011.6708581717651,97.840980428831,2.0409365246925923,-17.867913054485086,2821.0444087167148,1956
23.07046872065102,17.261372298140298,1018.3864683650785,325.1955978969316,1.1807384245107317,126.00194176290236,41679.09730895601,1997
15.77130610644006,9.857344696904251,1012.9106892255613,359.5299310909596,0.16989799356479154,78.64967419382032,10370.579803558474,2011
22.86590462925591,12.312987144870299,1011.3269807273485,330.9474378159628,0.9490166416858242,70.46396179297412,10020.237268084738,1974
23.926586898644185,15.891301775217862,1015.8281645094336,280.0412912999355,10.256183357864819,85.11177087400566,6108.2012231460285,2017
17.580712818994336,14.365380085150115,1014.3625899511479,292.4527690345611,0.09945613478157149,46.859485461573435,7695.373444470854,2013
22.76862552972764,15.264247617239068,1018.1521939281839,206.54792731605113,2.3858475532085426,123.87535861483461,5272.121262594225,1967
22.29104359223,13.910861911643043,1019.4573444453268,68.45539064853978,3.6800772118862373,64.96432348410221,13724.372296858473,1953
16.285148510846884,13.250948376598261,1014.5350153000268,243.73464665317823,2.0923769169637554,53.19543714994614,8962.539160398348,1966
23.788936801741418,15.990705969172886,1014.4586636268915,256.59108074157535,1.6867694654308358,82.37845560847444,2511.74193603696,1996
24.80392263184117,16.342424214988387,1014.0705549114307,354.73865049644604,2.4589533411420157,59.98199228710585,10443.389809216247,1994
27.415256215876386,19.48959153044009,1015.4456527832465,194.86847385227586,1.1219329799945723,81.72212520605287,693.1580757602924,2007
27.269010260174515,20.629807601359733,1013.2758531893573,97.69284540902031,0.19161642968590606,86.56595367864308,12257.082346928577,1952
15.111653160214544,15.341584275615272,1012.9969575883886,246.12210782622245,6.560000590543412,17.84399921428077,1979.5862617934167,1961
17.310874800424386,13.772084575611917,1018.9831356041362,352.57529507992365,1.1323270502574456,10.310802666377022,7360.95466941752,1966
24.5751763360433,19.522303368006995,1020.5805809017752,63.79700697687384,2.189574649365186,71.75108752838901,2453.749144164393,1971
24.568929754561044,16.18631843021702,1005.4622352768329,117.35925067281696,1.5156292840809236,63.671786706632204,8125.992873382688,1988
24.575238431530238,15.150930690132213,1013.0501057587029,195.0771433581652,0.11244891147584006,131.87036493853083,14447.526743565031,1988
41.2636574532736,29.009222916529765,1009.5565278327738,61.27726855752174,6.1044613819277025,92.32825118191752,36418.31495725597,1965
24.854452553465833,17.612456617945277,1011.4451426675696,7.999430227177808,3.145606716733229,50.64541187380708,1734.7912098380477,2000
27.677828200902994,17.2174542579029,1015.0125810486766,121.31392407885022,0.32291638330977906,100.21768561446511,21492.793151586586,1978
26.77000881746601,18.38841711241818,1016.3471918577123,311.5334885403809,7.996128937319754,106.33795400621446,9238.665292861422,1990
25.25695625652899,18.478504583008554,1012.4393677819432,15.648623756537337,2.6704526126987367,72.97219015029305,5163.308561952935,2006
20.42365377679827,15.01734443379495,1003.433298326386,154.4144612460903,1.2785367346451304,108.73643785618702,17324.1455694185,1977
25.794846102466337,19.06496797849498,1008.1747720971191,274.3922782533897,1.8902553806970221,80.3340023326863,6400.140030760894,1970
18.13587392731214,13.277041209393383,1017.4824983510008,343.1457348879187,0.22574774521266108,18.990351789607004,16606.185350210337,1953
20.815906966299956,13.557117557869855,999.2978678898254,354.7711436415956,1.6438324794490018,66.16556542235162,3004.0909444365116,1964
19.573182260854484,12.673426329300451,1018.93713575841,151.90897701914702,0.15303019672362703,97.54581919789152,4302.721324648885,2002
22.409370696931614,13.288656691864377,1015.6061499532227,342.1383459764823,1.574279588796218,120.07407346139499,20818.55744520324,1995
33.573292833367546,27.07085506172747,1019.58088040765,12.750830381110948,1.609032260464992,164.4593231937596,35789.1668117109,1956
12.66367403704126,8.891472555167466,1012.0071540655952,268.53009767948026,4.149923743373584,51.20336320504789,7824.13214168853,1967
25.43130095187257,17.35220455472109,1002.6929728798855,231.38857246810065,2.5823865901551506,96.14980093444075,499.052387217186,1970
13.93642064405174,7.8979102879313,1015.1518132075325,89.82786873101483,0.5741708801848592,75.21225400067893,6640.5542966104895,1957
19.640340671052833,19.619554274392538,1019.3732656201917,182.6346602446736,4.386137010941282,-17.650398249526788,8370.141909019652,2008
27.444752984836832,17.06467102493999,1017.6236090275671,46.63934559377842,1.70307945809986,53.7223592115358,6420.3417240128465,1969
22.321400095477316,14.767284215621972,1009.6865425825598,313.77497434256196,1.8647359547878835,83.8161990577144,11342.801148817927,2016
16.61127611035347,12.459566949819548,1013.4338053773132,128.84331079643326,0.37020612933887354,1.8724171587258027,5029.571509075708,2004
18.42348145370016,14.096862949078666,1010.3358186561004,225.37600936765796,3.9006701929895917,115.66750593573744,18748.534356276017,2011
25.39798874467338,19.694456231702734,1008.9036676790531,57.159463063414414,5.346286645353481,137.96825203183278,2523.2088591226093,1967
18.348166841414315,16.45893380452855,1017.7769428558993,74.21934406723456,2.9832266396816203,33.46800059385369,27913.0250727185,2005
23.082292947909874,17.169920374458336,1007.0123384436741,357.1042934891347,5.652061789352224,34.23018810340899,38180.44772731926,1971
22.22785919951907,13.447439839730013,1008.5309178470919,271.11110199887855,0.7199318612347134,94.5335353531367,3251.7229130218,1957
18.741998261970917,12.605508533136078,1007.4798718326381,346.3098731186655,3.9482780798334707,-2.0011152218486288,3249.9671721535465,1960
32.71972044662663,23.519469057666413,1005.5487623835048,106.50641947633589,1.3423531937401705,117.03066667644151,12218.363620028325,1961
25.169595111590056,21.755168661124685,1013.732071459213,59.24263558313534,0.35805526252072123,223.4466931953333,2471.992019604678,1997
11.874287066711965,5.51638998984978,1018.8075152424099,181.10464685237915,2.2100693302967924,-17.7449587411933,4951.258813042482,2012
22.93227157384714,18.45774311214345,1012.0756162187737,178.08058160184362,2.3047874826854735,38.75918520644586,24404.600935991697,1976
18.69106767615806,13.443576112403475,1005.4712609971791,62.98074495287563,0.6763359857256452,30.216214767393947,16942.944364681734,1984
26.26216667398112,20.059177742245744,1017.1997226987102,263.9590450493077,0.055756693149626176,49.68626347548912,58700.07841582107,1951
18.037396307836495,12.422187982213682,1021.4285087701749,130.23991239794427,0.44590528679048075,18.219081666659243,9612.159087066362,1957
21.426317792665504,13.3135571946132,1009.768788379267,67.09148313498622,1.0209098772027416,155.42516580242767,4399.129668476311,1969
24.524936394902287,18.669201035234263,1010.6072286664114,119.51402203558382,0.3667952576473796,86.19872041934286,8529.137414673885,1957
26.328775970850607,19.739005233806665,1015.578303150417,202.91713186860545,0.43141738758130466,128.82039949163334,6970.286869055745,2012
15.998517964721119,13.143076506784228,1021.1093687389252,261.52953558495955,0.9931574042803029,108.54565790712944,7068.777928208815,2017
20.327493820795258,14.202636403799408,1010.4008292713738,173.48071898069443,6.529138827956905,-24.332170637032405,7912.4780464181085,1980
19.62527344419522,12.538047364296954,1006.337751095009,189.21419633821446,2.8899117032453483,23.89841987422433,3191.4584675498377,1981
18.73335383713144,9.995773695944324,1016.157093031362,50.02053693938942,0.7705851020964173,15.729063963331981,10745.235811218916,1962
30.827271201405484,23.21783637726265,1016.9953403657115,329.2887328949636,6.056679074717113,-29.827517893742495,1980.9597574691556,1975
24.024908554804778,17.665214953251315,1013.0306572521762,334.340711277136,2.074922202602028,99.8006338872023,3956.7307381071128,1978
15.695580228324774,9.055340894099423,1010.2093337017127,246.03357255048132,1.2155897217707816,65.81834543111725,7194.853349685607,1967
26.58930973527388,17.535369468098466,1017.9718936549602,6.347307216248894,1.2633524653175245,147.9374568008798,845.9385215004226,2018
32.610780985063165,21.894029065641334,1015.6401800227399,193.34671772519738,1.0577906974505407,133.13370328945732,17483.127226828605,1961
27.162326302755734,16.047659547964177,1009.1578224154825,226.51882995190087,0.5305162318584817,-40.865180453334276,1039.864286793373,1951
14.403150170229933,8.446840325950685,1013.2454736565284,358.0755202649196,0.9775810205592529,9.814666321577192,15828.821310790298,1991
19.578829635668743,11.437520031355412,1006.2414623398768,358.58410387012685,1.501113584313892,32.59697997491684,2224.2848118911966,1956
28.334555745933113,19.009230998377305,1016.4294522821896,308.74004471720065,1.5016684830757507,116.01691054884743,5405.008535708089,1996
18.461652671906098,11.445761873675142,1011.6888321530857,22.97915712940087,2.868759525970405,-75.47123271227458,13617.7674188911,2003
24.219097140731144,13.6993581567783,1010.8214458380763,343.17950068034276,0.8888210326535942,112.60458057469697,72994.51055888105,1964
25.873170267146683,22.15639964814164,1012.8356275742378,220.55804897471967,2.5231899170285987,123.3132021467095,9103.84360683394,2007
17.365347642109587,14.660824811535171,1013.2015384966512,288.3192373725046,1.7259352320887036,43.82877096334204,1115.852171998595,1982
21.702373219691,13.633622410743728,1017.4746503078278,146.5894258869073,6.532218140987902,27.476445292256763,21029.786839718075,2016
5.7936632996546376,4.600407103065466,1015.9554526566261,115.08100964445232,0.9731928257876231,73.03173690660878,6425.83328258195,2012
16.878061793328552,12.649573434972575,1012.217953606036,166.76789237417088,4.6296486608607585,-16.050376868039947,8689.812612593056,1997
20.7371592430342,16.89818317967089,1016.818340748595,52.87482466877769,3.436749043825698,122.86157894146994,14155.563838024958,2015
15.761084090175753,9.39554880980287,1015.0036862684581,128.54380995119018,2.030368212561039,91.0978546272886,875.348456510138,2014
30.162056519658176,23.297653131725575,1010.8670018185699,308.7422999165803,2.1256090171059925,127.48501888354568,8156.22605516184,1985
14.849293110196836,9.298694568723914,1012.3764092088176,13.662175053917336,0.17689740348807895,138.9764326827994,5379.2600689635065,1966
19.799777566515083,11.188119488223329,1012.2588855557844,54.31609685685761,6.000469010549739,68.48969189204004,27497.074770240837,1951
22.653702886430455,17.30586513913031,1015.526306715871,45.04181747381479,0.22619420647886693,106.14085777682862,16766.09151144074,1982
29.206366445330577,23.02597335997626,1011.1648869263918,145.1071953720821,1.6567122274800452,96.38784014558648,1592.400774053552,1955
14.820689244102804,15.550300417933332,1011.0479540678919,358.9152843207102,0.8011664889860166,34.841066041087004,28641.896926517948,1992
27.815818760774796,17.071622602361927,1022.8437865471698,62.40885487609776,1.1237185293112844,118.68704142328781,12702.131438401237,1960
22.051165305097935,16.833655083730132,1017.6986774087355,52.37375385573366,1.8841558171012769,59.1760690777524,1724.613769310618,1954
17.092456744760245,11.145117233745106,1009.1969966778743,329.4200627194156,4.790527789236295,57.93495601084364,8567.68719972692,1979
24.310517371316354,18.584079580969508,1015.854704969711,317.53818610774766,1.2233818626198254,87.00391138604712,22807.075912991048,1959
22.99529847786735,13.155729832044644,1013.5917503282759,11.6065331987596,8.801123557144438,53.26273386577161,2406.5660320976153,1973
18.998915614206027,10.773701378547091,1014.9577558763004,270.6141456645534,1.796960888445733,96.52859659014945,32131.024440753463,2008
22.349010424950094,14.092557651132097,1013.6867066228256,235.96765253151466,0.35002612041522785,-20.891735346053565,1785.3526288373744,2016
20.0734320156912,14.209330502320007,1018.9482132274262,276.3866915469752,0.42146501296360706,26.935930823290548,3673.0322400214823,2010
22.56758672625624,14.515148175302656,1014.7281017232573,178.02088372653196,2.518344175308931,24.093836255066932,3156.216138626964,1975
25.31065337260523,19.035566048650498,1012.6895565089286,356.8965186413864,0.10342422572454446,100.21952967058495,32110.351429981914,1988
29.93008408072676,23.00484809302456,1018.2109528849151,15.78492673594675,1.3091671211911036,89.70303891085597,4959.121382738452,1952
15.810922505865754,12.26680083659674,1014.1664252054394,84.37377110537007,0.3208519127157505,-20.82138348804775,2533.0591394958205,1987
32.665166873281336,26.10319209061867,1013.6073928966453,142.75655531050143,1.1355632991561853,131.7156753848297,12647.4498242795,1991
12.239561002387491,9.399345960581929,1014.5701130124306,161.92005896365313,2.7719282078953453,49.66214583946335,15696.310921809252,1997
21.241074524822082,12.434958746695122,1012.5319548831682,331.6922649718267,1.2279805421479935,72.14383334963705,15796.380252011168,1962
24.94158603242288,20.185863249772694,1013.0461349649773,201.60157106781318,0.3569406262788157,119.06809790138132,6177.449943371898,2005
23.404959338675162,15.173159065860617,1010.0665270561906,16.239958387341797,0.5805050674682034,99.14689517108587,10451.85026986413,2008
18.88650240089703,15.041388679999061,1009.2441639018806,146.83066683323827,0.9162753021875667,46.750486622412794,4229.194861154405,2012
20.959388748213623,17.819040556859747,1008.0071480675878,149.93654845286517,0.1441979168109739,92.72406422788842,43252.12646342324,1992
19.534995326705836,14.587872750154883,1006.0400835660146,347.57673783760254,1.7557639469238617,131.32074723657504,25443.234677852615,2006
19.053176215278942,10.34490572436596,1008.6014131930772,215.71095276759894,1.8706096757879862,55.05575574917686,23931.64280633563,1970
26.248010485105127,16.537183006554006,1012.1286648276654,228.83438561721798,0.12833462463765863,145.8284603728839,17927.94476558049,2003
23.785077429825236,19.295043134647933,1013.5155879122282,256.7710912504575,1.029370529125948,171.9258078771594,13625.976763075896,2002
18.535452023696728,12.636571045302077,1011.6435171842618,277.21415364556435,1.068873309476197,74.25929942605188,2334.697276944836,1994
26.497999377166252,18.707746633900705,1001.2214825493633,228.61838527289612,0.8123894540884785,36.6013860655927,15264.74555115873,1985
23.536497604383047,17.99319715539535,1020.8729317888117,85.38996640821678,1.6317134948245233,59.44925935535367,9083.957549094417,2012
26.0643105941948,19.637663140097008,1018.4324006144519,314.6565291628191,0.8491658594585098,99.01937232140476,28663.04911526554,1950
25.14814420961806,18.161300571503563,1015.2287992560856,263.5631281478269,1.077110725734801,80.74964803802966,18168.038127350923,2016
17.855024945389637,12.081180719331813,1022.5374533627663,267.0733746349041,3.1942633657185246,64.25415224989052,14050.03927530026,1982
19.199094799015153,12.814029467845891,1008.1131794125814,358.7604261245097,0.3537353655109222,121.80395860454027,1503.8371225520675,1981
25.736468025616308,19.7313252685141,1022.4381256031301,288.90955255079376,1.9305139734362395,39.611966593376984,7413.066485529293,2007
25.051851327167324,18.643434991152713,1008.1739296162473,298.49450513585515,1.4087980989238387,100.84689214222225,4638.321064050923,1975
21.89549203017926,14.812244419889902,1014.1936896264568,342.505985655657,0.7278930284796903,114.19929027141458,10429.211273467141,2010
22.58663691654391,17.974870467567015,1006.630813374329,54.40823994560179,2.600487705496392,63.14335263822464,5347.859832551253,1966
28.388324478942124,19.61375890499992,1013.0734704777218,179.18185553210444,1.6023039765174605,37.48841926444836,6149.058280210569,2018
19.04214305582085,11.626175790405808,1014.930832489992,209.00412849268355,1.29773062016779,51.154347460111815,12823.489751107762,1978
24.735486905850188,15.79689943628844,1012.2265483443272,118.53926252008475,2.2032495318768195,24.357939226644675,5259.871556047467,2012
20.98903673783053,12.73484404386184,1016.5693872204507,302.185203802022,3.241911052279044,34.42262216610597,9150.753819985588,1955
20.9115939838639,14.093295755497353,1013.4950722474363,274.4710637924604,7.199452015117582,93.22871377656188,1773.2833534500537,2008
27.493884259935953,21.713167538627552,1010.3879263581125,259.51790682292466,1.9849961034914838,104.90902431888034,3524.8689006152845,1970
26.12708174494015,16.678766859397083,1010.1659334109883,358.97379831294006,4.149942861464742,119.48335434336148,15615.879109986088,1994
26.067548180003193,18.62423524803844,1017.0545688630784,93.37729442702059,0.0021842743754487202,107.54255540926928,2368.0163091816853,1994
28.527394035771646,18.655797133785324,1009.7312898509651,264.76461060315165,1.5110483678859767,84.02557293383916,28161.894311753436,1984
22.105019208163796,14.952895363171782,1017.5770148524247,198.5056109661242,0.4832453590076939,20.33987937108794,21469.730862966666,2001
25.40976485647482,14.766752975561868,1019.1135589641597,112.67610569779539,0.1978568410822535,95.91616881869963,6196.686945990712,1995
20.44866621703272,13.872989893609828,1004.6564306882693,57.811273460325296,1.5184501112648876,51.31560506862223,162548.89137546116,2015
23.62083176244221,16.147171474099622,1018.6646319365052,322.518181344317,2.747360557650015,69.17920937625696,28088.164596162973,2006
21.349284728161578,16.025075197784496,1023.3021134922235,214.3639737748243,1.062983824232957,32.528923235525944,3136.0536631390924,1991
22.48497982496359,16.186047703985253,1014.2600188060096,296.9761815506861,2.2179765632323445,120.95274662403361,17088.723041729438,1965
24.97578512718457,15.086265339125106,1015.9954209264741,196.32419424055615,1.3455884441179242,-29.1140705139654,8654.745535571077,1954
17.908896583832636,14.70462409676993,1018.1850266218457,79.19174903544703,1.1492563549993386,87.21126414372712,3726.7354283989057,1950
32.4619363784273,23.143961545343103,1011.6225884241048,121.51757271611709,0.6857036793875243,114.59221186061332,2779.6793459085784,1971
16.96991309250149,12.275726199106016,1013.9114011176894,137.35398329047675,0.96445532487146,98.88202578702213,21914.270725541777,1997
15.92905693606134,11.131975148472659,1006.4290023518845,350.2565325013328,0.8609371026956204,-9.829532417040483,4456.212795874394,1975
27.790554367500338,18.417873162805797,1013.6931751426523,2.0279802172977,2.0779745481985903,87.70997657113249,7318.229052475206,1983
25.95831346981468,18.606424108367726,1015.4905599782227,354.83976828882254,0.24663831384952722,60.40957986182032,3225.921973966519,2007
25.120599085260775,18.535596231539706,1015.5808151146324,352.96618863953904,0.1944239853221708,76.5038757960619,3834.6830461301724,1956
25.1417275463214,14.105417899733865,1018.3271236179879,358.61428459084914,2.157695760724888,81.67277368603065,7137.164159721299,1974
21.938766135765427,14.279614620343606,1009.1259891093224,171.5717444110685,1.5806296762840641,44.57258418930739,11946.364590696998,2006
17.51372814257084,11.74971575899241,1010.3369662166325,346.97122906355986,1.1249400534037548,51.96715990921715,608.8919539474978,1961
22.37902279096863,16.177657165066595,1022.4775367299568,142.41570546593783,0.330794097938635,135.00076856205982,8241.35292346496,1980
18.61419144243944,15.41655602156186,1012.2483581311815,9.465998640619215,1.058750253456737,133.69588525286278,3842.5019673690085,1976
26.875598667088756,17.269437437768563,1014.0001689365616,80.76498709383523,3.1187424916338844,101.19152380481763,32937.35336806073,1983
21.264713092489306,13.88937547110683,1012.6649497913739,340.30664817745844,4.407675033609888,156.1341713645653,153699.18792492905,1983
17.872514016037442,11.485691589933108,1008.8915958684748,4.955289600743993,2.4251969303097085,-15.86489118476922,5657.407147261559,1986
20.39307079173503,12.672094374005438,1021.117646054459,196.55788875227103,0.12356395633686695,102.19870179260066,1447.7580106848195,2007
24.064657271378124,16.15088709974016,1010.3614929403969,27.216572002084458,2.219810286809407,85.9007813474626,9107.713491736205,2009
19.181377235980126,14.968568505162029,1007.3635723814654,103.10276823392826,0.5514690313234544,44.63530829929166,6598.322113765662,1975
17.888898022167844,10.414557624788799,1010.7462986134863,31.7134262562792,0.7574065722804059,90.94591661274225,58183.12533621411,1994
23.218436057459563,17.1085340305275,1002.9914699913724,309.4303036007003,0.43599664138888783,85.92229330595393,42898.380060495656,1994
23.224832855543614,12.853578538843859,1009.743562675084,212.7854554731741,2.990039201080613,44.9599167298788,19252.091258037744,1981
19.46528412314435,12.503022893316633,1008.1593570107384,324.75832765859263,2.0916722875265217,93.27311504787892,4506.6344795305695,2018
19.644808471908387,13.092387329899898,1016.0871431546366,247.8071518344822,1.8926498253661574,62.62071668025051,15958.81413908312,1972
23.16024968678818,19.561894126579855,1009.6329288022006,349.5704872482359,2.205075624945024,38.19916151356666,10561.877754022104,2014
14.75957829251338,9.782100195253989,1017.4390196778943,183.55595571374636,0.5403976287757131,86.92705318609669,10314.677947973125,1988
14.962681128117223,6.071389842780219,1019.9924199653466,229.93580943463485,1.1762933509676068,-43.7206325026351,1705.7670161975745,2016
18.40777889373782,8.887667411893974,1016.905876681438,207.47117516006037,2.0061700187667424,139.76511265804677,23430.53437297446,1994
20.932764241440765,14.720994141701896,1011.9230585556996,174.3337546007806,2.0244693768457305,109.7938552721176,9025.492283044825,2016
23.55453782799002,17.715718191172833,1013.7055724835279,304.54537155228456,3.139010508962061,-20.49270632414057,7325.80739552057,2012
29.37678108474776,21.314658474577936,1005.3750752992797,232.02904884132965,0.6768393700637104,153.02474698158542,4446.370858402942,2019
26.288298116010097,18.736948892809046,1012.3311031373938,288.4724153479702,2.942276875250673,87.54974116227193,3664.266655663485,2003
21.200307350182864,17.16473434013934,1008.6978076596658,283.0910171768688,1.1602959583998327,-32.172972395733964,11128.43230533219,1976
21.904918960486555,14.254260830866324,1016.4716319057464,68.7762578359063,2.21837214153039,-23.594762381791313,1409.2842045758348,1985
16.987353176810956,13.680968335821317,1025.8637619462224,234.05887170635174,1.216580639321016,87.81087966413097,17845.359111499893,1954
21.90743432003805,12.0711742539738,1015.499108179869,71.87328690528028,5.936629963903993,10.814268086324034,2823.9575397599056,2016
20.556706805399312,12.579799097903384,1003.0442992552266,209.99537216775752,0.3952008077492825,19.315046137755623,1034.1336621613427,2000
23.613592801690448,12.915432171319681,1011.1938490354281,243.87648640066817,2.2478915079029154,84.47208993046891,50105.963700457716,1981
17.863845282238387,11.955001096227285,1013.6124546268722,359.00462577153127,1.7185688294947339,83.2022363154281,3435.4834965273385,1970
24.596732571205862,17.125190365311415,1013.4367871263013,10.99511213390581,0.3792508285554388,91.7803363372703,3935.6874164978562,1966
29.66369456501289,20.992789179962063,1009.3459343719562,32.847261880939534,0.13657124860114472,54.18460735654863,25198.46429601097,1975
21.456199257715713,15.143106186175268,1014.2264587131847,27.729610693643338,3.210337964310258,37.519836700611556,51763.00068363063,1971
24.008558610494706,14.950884365722839,1006.7874958154031,143.41006305602642,0.34264770841165115,22.644585325485885,1749.3479918297742,1990
25.450719958555563,17.43502228216246,1008.2754563865747,295.7718101348929,0.4128351344266059,91.10130048347085,3114.525025279741,2008
19.993897640570818,11.000835011188075,1016.2289882080186,303.8602798033688,7.673295329575585,73.91029590741947,3352.0292169551976,1959
23.120462409052084,18.91078163660096,1007.9216838456009,265.3126544596146,2.5264610861317927,100.39700420245087,20636.191097077688,1954
22.062962003908975,14.83682125694028,1015.6910580274613,322.87616705878116,0.5766628107154659,81.58109868141415,41736.53352418487,2004
22.48838049274416,14.764094106833529,1006.1526811267197,116.22957990100291,1.787830677839618,78.26594469255306,2751.0761418489033,1975
18.13495108072267,15.872346413394032,1021.8241294189587,31.735671930827685,1.527619340464388,110.04699563721856,33347.741835380264,1953
22.122550871294713,13.001292542807839,1009.1286503879797,20.935090076346043,3.7218752980879657,75.54275356044342,3987.6839929903776,1976
24.489991456227248,14.891819791295134,1011.8816671409828,306.76777906297906,2.6136414608284917,120.54153979896364,11340.355238591836,2007
29.255718038975207,18.286561977545514,1014.6530663054521,262.95706596732884,3.564265416998711,77.31237038281216,2272.296562454503,1952
26.796354130426035,18.62170512789926,1010.1732502374946,251.50151016400352,0.47526245537973444,46.19007552835102,7172.930639516763,1999
32.76591228755778,23.799401860565638,1013.7170298053566,122.28348187644077,2.044520668013905,168.46170798759118,7250.946462842962,1975
18.163262185559752,14.193634466127493,1015.8767836226007,136.76586790256144,0.08214584037055922,36.99113586003264,5912.604420901909,1967
26.361603183603393,23.59711286351231,1017.8030661625174,344.9208704037549,0.14286442913148556,86.00474023648832,11908.062626528106,1956
22.91671002869176,11.542832111682705,1016.9574871798648,22.969707875256606,2.5002222045378466,29.046713667695066,2960.0727808696874,1994
32.94901466608836,24.28178144451068,1012.1409476809866,278.5434252976053,0.04944643653750026,209.48515364830072,3348.529930577299,1962
17.958508573224243,11.456694856112508,1012.2668411297819,111.46799653502153,1.7338824431002382,-16.174811701917186,12554.973300033947,1955
17.80139078909612,11.288143254589738,1024.7455427901252,14.05966262852019,3.6702330792357025,107.88045579683055,31009.07960216638,1984
19.00303677277989,12.062581484438166,1017.7494453412464,267.32523986728415,0.9558838959141053,-34.41299045602817,7920.315389736908,2002
11.380521378450965,6.148825623299729,1008.390881718399,119.12827884421486,0.09175374123000021,12.949709076097566,13408.857478943963,2017
19.371224891596196,16.92890709332424,1013.4999408188278,259.97310674740675,2.502460434918333,101.22025454202307,17293.39663630232,1991
18.20433669223151,14.427630338589863,1011.324284306109,254.75557792252323,5.309581576813487,147.35403040583208,18592.344494022178,1953
22.75196893238104,15.972770209781476,1012.3233288303844,192.52327515592143,2.525828380903559,58.71548727911684,3122.7686469869054,2009
23.708779878885796,19.298177420194058,1006.8525242114596,279.85432651579754,1.7276206889839483,49.72343769180364,3725.6245075502893,1994
31.380854196079433,18.941540006657853,1010.9403838280703,209.17379670164763,0.5228044124734619,107.70255981107306,4064.0098218795374,2015
26.75211919093025,16.065073170989322,1022.0577788659696,103.18926702537385,0.030990109495704837,174.32566516875585,55750.06197015108,1971
19.115481721687985,9.024901740792213,1015.8953815043775,264.28150838319084,2.37273805132918,70.59426053097465,13469.631866798754,1961
17.50792664325821,10.856719570034171,1000.5441929592427,212.09033371598048,0.5253966977301002,79.78148116529748,12878.515288539415,2000
24.459595857532527,17.445114153682272,1019.0836174624898,4.581821408371396,3.9061489841168484,49.67205340552549,11687.039283001572,1966
15.39883396489679,10.98490093129242,1018.4481476145459,324.59190399731136,1.2560830861488004,93.86263434564398,2162.903035808006,1985
31.15729382927177,22.108789502609998,1011.2035734784679,196.4317025967528,1.512751604769825,27.03890917096369,56285.400862529634,1998
27.897200603606436,16.70592676039234,1016.5863177189161,312.7058155726314,2.80433165235294,154.48917479924773,13084.551399230217,1965
19.654121739476476,15.364194702861576,1008.703003945914,317.7852620336081,3.023085859528779,130.45984870946825,16699.93510810284,1993
13.43432735454561,9.883284184659923,1010.6487214186682,160.18799642463188,2.0580838331846376,144.3226381673957,1386.4179854440956,1971
28.769361870827066,21.604661872510942,1020.4927318033492,182.75759872244313,5.575220051679108,164.5162495920202,17670.3584757704,1957
21.42730077373691,11.213586186435734,1011.6413498006515,149.67157956321668,8.068204599650553,41.77928047938438,5674.7826943523305,1967
28.189081559867308,20.355338809502694,1003.6513416902251,161.79723911089638,5.870608542117312,164.53362151748314,2158.6040643940264,1987
14.027861706028165,7.443972714384661,1012.6834838860933,322.252977229822,3.476579802206946,99.8277734880414,3122.0225816725883,1978
19.003124885231134,12.507540914559069,1012.6070580354282,283.73184502844794,2.445803124775072,27.154972442203984,2287.2506632728364,1951
22.026218498590914,16.487082746286408,1018.9918428468673,45.54924347360807,2.1772795074991502,79.17031634463375,2248.9434449418395,2008
22.23490296882371,15.746619290688422,1013.0716821108788,219.71080135443452,0.21907216893840212,-74.33202997002266,8608.865474288225,1991
19.74967264260378,12.121690890264007,1010.8920884427986,358.5263905390832,0.6334923334261613,-5.108758228288863,5504.03760155849,1970
25.114249661737492,17.59252107558508,1018.225280726156,214.39825244369487,0.011408926169864154,126.21880666964286,11317.09125155074,1951
16.661897853087027,8.600257866673633,1013.6039511625055,282.913785213518,0.29563127451351473,139.96316514848033,43302.942641437956,1954
21.288102574893532,17.202206594222066,1009.2498865921714,276.8621304172215,1.1568870147115144,112.8183999194193,7118.813066546833,1966
22.601478158559495,15.410466671999142,1018.7749878027081,126.11430931403828,0.31690512451281605,76.0630469261614,858.4347785445291,1973
24.572194170293745,19.437635807716273,1013.968308822584,133.86574897342518,4.638718281546891,31.71802245958363,6361.641932179181,1957
25.558074390444446,16.837588699119024,1013.0146298333972,260.6675118445452,3.2766954595772053,117.0834740287601,26726.06101704745,1979
16.376789540810655,10.416600701754291,1013.8895419570582,179.99407137774062,0.14861087087404953,-45.63250852070044,7435.79312340722,1999
14.329429146321889,8.502226829149627,1007.646658142917,205.40545528693968,0.5724694819290126,74.62705021080933,37396.43483874712,1971
28.388384109492545,21.62421674003093,1010.3617311191083,256.64608453134156,3.4193109583040897,46.36992449638912,12745.60255103839,2008
23.661570059897958,15.144236727271618,1013.0179130091639,279.92700973405806,3.2495714452686797,114.15127324312803,1289.1395581274833,1973
18.25756731721723,14.069487986882415,1012.0266815248766,97.74596798390569,5.817295302812629,100.3994673160989,9041.517012622868,1975
29.755759877612615,20.06412711899025,1019.3621419140829,52.84575339730666,12.021508091920131,66.11733544068349,10905.268436738086,2010
22.578373171464293,11.852934620241765,1014.087029263635,105.04607282054108,7.482035747132658,122.0396271286441,23869.476821659682,1957
27.896485920319133,18.38691200865046,1017.2745196131821,182.7137970331472,1.0557332870786462,9.073698773990728,49992.914862103455,1961
22.337592407050543,13.278098256209683,1013.0469767728792,123.17087422693407,0.576240186876689,67.18224722624619,20084.939201096142,1963
32.303739624409936,22.68042318445163,1018.2814424187306,204.61059318513378,2.8410279854619866,146.1630307144586,12587.75502987002,1979
30.77670421221602,19.162877477202233,1014.9876387828658,19.24766068522624,0.7112735167770247,129.19018979084677,15933.64629522631,2004
20.75517925760463,16.380575681752475,1013.0671024269424,183.5101481809562,3.283925928647758,37.35607225253372,6849.926447109907,2010
26.857854754771775,18.618346607634187,1012.9335845552049,132.47456649757484,1.5269450090118721,128.07561546617922,1876.4222105871356,2011
25.22687974792574,17.30362383403054,1008.2278068685451,192.48003176143766,3.1590522793079137,128.13721763775501,8446.404156926417,1980
28.84315778766174,21.50199472693838,1015.5345786006816,152.11200775859163,0.6455959767304276,37.17970484582374,11675.995276882657,1976
17.17538269709948,13.95058175612136,1012.7989763273181,102.32130622951529,1.418664166898848,53.14640836711316,2431.691474168507,1950
25.430257299992196,17.760982606455233,1010.490040199094,325.47884596474887,1.6603352192086074,93.97702950895908,30534.77996077988,1990
27.29212243424794,17.562085104874974,1018.5323088540604,66.5153958316885,5.733203471205431,100.60945021528143,22145.974382061897,1963
13.206302567884428,5.69647256529484,1006.748919870526,245.29160720900148,0.6201214386571541,78.3446834200254,2055.426369966945,1999
16.083707436671126,9.886495691599428,1010.8875205228378,332.8720965296691,5.519368347603675,31.607941713481853,31755.8515710522,1991
11.803839111199498,7.028262884543724,1018.1385937438977,193.92118548675592,3.268064943187321,117.41182100921176,5953.208701769919,1989
20.652965827777212,14.671190985428641,1014.5776147046013,315.50705588861354,2.6253002518808164,48.66904199299577,3720.1096955431076,1963
25.58771127897981,17.22110413300981,1012.7607053617362,44.946532235982374,3.091708467637734,30.057699869893703,23843.756802137832,1960
29.511785260480142,22.034115626438954,1014.2550177157507,177.7639572923069,1.8598923179486289,82.78744769699844,7699.768844835611,2012
22.370473902098876,14.433365188927834,1013.8970708552442,164.52910097313818,0.5596394846969965,87.6480431921629,54132.245415582394,1998
30.143077727856458,20.986072075793636,1005.4166872685704,2.9227705333181486,0.42019546069724945,38.73228973117107,3453.391104518989,1986
15.099492708925544,12.937619782641658,1011.2536905732602,159.57264288936042,4.024933519031149,35.64754455241574,1434.17130851201,1959
13.483087803224226,10.12181189016689,1021.0826082725688,132.8507122977352,2.5829824567450066,-21.1861232513591,6121.495563872306,2003
21.722261505516904,15.085507970484702,1009.7033793261141,241.12754199886152,0.4795732714942149,109.0512350504072,17840.429822986105,1956
23.920327244696537,15.54034018741722,1011.4084949294784,337.7987202875467,1.909508965738075,69.87802447388721,3206.2490559050057,1961
21.836526259529535,14.01910558824072,1010.291896183454,30.884791774333145,1.1867719567716146,-51.964102329812235,2142.8663275291565,2004
11.662789499800617,6.462726143956536,1012.5649238834093,117.89149921726431,0.3455073584417811,87.64044262184414,10187.608448079882,1985
21.55439980243606,14.006066130139443,1010.0843858433785,159.86330546193068,1.5179634155586623,12.724804699059774,1874.9040988800718,1956
15.477652497475734,12.345688425721642,1015.4337075107903,163.86673609237798,0.6612322929806471,184.75331819738318,11011.46960163415,1973
25.348362744150194,17.300077378320598,1013.9865670614513,278.93149950321134,0.20239200781317496,47.79982606517221,5763.942312173178,1983
23.832991230484243,13.983547722576505,1016.867738075535,159.62243970003868,1.2583112375000087,44.50229296050695,13286.004784650659,2014
17.300601068363225,15.646759333973822,1007.7452941690552,9.778068523315211,1.7837258310860562,65.14889739766805,2030.771798480602,1978
19.430665413316532,14.241396171611898,1011.2982975855855,255.63747405341928,0.09608434976677521,-54.83387577064265,29678.05466330063,1975
16.70393239055524,8.87886587236233,1011.8713868419393,318.5386902524418,1.0286392728202924,70.84698049314628,6747.757557760698,2014
21.68660451363414,14.29692530506225,1015.278234550443,185.00569651788223,0.5959010118819288,104.60737445590254,17387.775275395485,1994
26.775711602506192,18.96477088741117,1009.0338940139649,209.19906781146193,0.06226028916397043,135.6393542660794,21160.160294222896,1966
17.07136976832228,15.35914302442035,1017.5782690212917,58.65711802885659,0.2685777580018181,69.68483870195097,2546.703476813272,1985
24.520232577589223,14.947937887794716,1018.9320779525881,79.43254008442453,0.29940089753156307,81.34656709591499,19579.8745615934,2012
19.348711908137798,15.49617977440835,1008.0556382618221,84.66128608486024,0.40392455378841696,-12.083811004897925,1948.7301315888715,1972
18.03563583868828,15.423917941026481,1010.5456355255321,155.0671109572663,3.252939991136045,80.18239506099498,2058.7664201372063,2015
21.464848200227213,13.768085130009908,1010.3403424585396,334.13227952243113,1.1578230507708964,70.86333679676737,57756.96550919207,1991
16.82378838790313,11.221624633811723,1026.1619310233875,187.84251601735897,0.3181930962873313,32.99328495282164,24633.27299475785,1992
19.23175347326409,11.38960893653732,1010.8504994739606,69.15515227248694,0.21138106672177756,12.789882922434458,64451.23532926968,2004
16.010610537055758,10.80050509377842,1021.3881272107807,95.79158491282186,0.7074741238555041,72.48598676727366,5595.880434940538,2005
31.823625664581947,22.2033580165215,1006.666840024467,138.24541070178634,3.1991288196034207,88.33862849169647,8977.068533564092,1980
22.176317759858645,16.84272242806579,1008.0517451691782,224.37323124940778,0.9065600170137715,-23.281477856850685,13730.223086719816,2005
18.50137246003707,15.131327664066841,1009.566977340759,158.41193508144192,0.348462408966238,48.01826289718884,8004.862379025201,1997
23.06989955367111,14.652737558326482,1008.7715534427674,141.280143903693,1.0354191327986233,33.29926845393295,3842.444299106219,2001
21.438359751545853,11.072201697630106,1011.6605063292075,203.3022961436381,1.6207627415108736,113.98097883708252,3307.3921975346134,1950
20.895152002333887,14.584116843081237,1009.4561089863926,87.06059818360757,0.060061245356914796,62.59127732049327,10035.28069891684,1951
25.070833500217127,18.13665851008927,1008.9032920363271,28.405178130449585,1.9757979772896461,67.32339598826262,2788.1683625262544,1991
25.787538550236526,18.550112360535653,1018.7923599823666,8.789153335999963,1.0053867374566987,101.54535671578972,2711.172582695669,1958
19.34749426194736,12.889899488345064,1019.1189681125659,90.45329884816574,0.019546960749284387,146.43467192868084,12010.925959621036,1980
19.1209087967766,13.63414035707149,1017.7464824918766,32.973132292008735,2.2410373762356706,85.11942755620632,7367.551085704043,1951
20.62474151424178,17.46820867667374,1015.6199947779216,121.08262986747604,2.49228332454883,30.89517950523468,20685.872753439828,1973
10.490394176322075,8.106744261350471,1013.4637153288977,278.25607452951203,1.9822429456406316,-45.99288599199498,5298.020768651794,1992
14.42404468900724,9.350094432298897,1010.5148465466705,257.8659589752618,0.8368886019958649,108.01185209773902,4531.208908189903,2019
28.83437133722262,19.18366430186384,1008.2342124762246,219.93394420369037,1.5083644029374716,-29.462550767480323,12376.482720226972,1992
30.224838567506417,20.817682281899028,1014.8149785171635,306.90008779661235,0.9792952910621464,95.36028679184423,3597.430521018963,2000
20.75481980221811,17.801853785213954,1007.131848037266,101.54434483593961,2.4120947773085786,184.55392484206462,4195.938339927276,1995
24.882784815278832,17.051347951642786,1008.030395354123,318.61935109078763,1.7521227197615985,-5.2718463714905965,4365.751461656094,1950
23.556250772717682,16.44978685186096,1018.764566281024,143.7261010809045,0.17067816409634265,17.099886952399387,6570.189101944815,2016
37.394404042276186,25.211455687720726,1022.5032452086105,144.32159457598556,2.060563198777208,139.51887091428088,47688.07012030271,1950
27.597874557172883,21.516478904904947,1014.9664756908325,145.92658090518773,2.324628171675596,47.2683893429339,2045.118831379757,2012
21.360412042596167,18.871962939306666,1018.5322857614732,35.31397184675332,0.9263013071971714,64.59290461049322,29599.347084638186,2011
17.22229779699787,12.956834556761287,1011.7707584127801,351.17657939918007,4.171495262018269,75.09591675648655,16945.994230421922,2010
13.967768398712138,9.942983686669347,1006.3116290695616,49.86244001705731,3.703201819895043,75.32046438996288,38831.181406909265,1989
23.017318179336115,16.185688391883748,1016.060858093093,122.71886080890643,0.38514752034506267,148.40336677051184,186593.18566538556,1978
18.218246273578483,7.984158813933446,1015.8464466163504,114.94811531763257,4.692369978080599,-20.441068982502557,33909.58581453721,1984
14.88873145201163,11.912413744977776,1013.3583427694012,26.88459581401547,1.162755032271819,114.98083263559579,20448.54373448844,1960
18.767135578787368,13.405327737142844,1011.7881227094745,54.8136468402756,2.5728955374370854,129.55392622831837,2180.9234093649384,1960
16.592259981928024,12.471266088671067,1017.8110528929055,16.149001026738894,3.3650605683086163,92.34520351898738,2474.460665900693,2012
30.435708175362823,19.882071334586566,1008.0713348328626,105.26561768178485,1.4068493109593445,39.02938350607599,11616.5976272173,2018
26.408198784747253,17.716825391368893,1009.1310971055467,311.9964926504063,1.018659950181981,23.585966385475523,1483.1505468856055,2005
21.960136793416915,14.550045882385493,1007.9594674661979,122.19919406545841,4.940856781637612,88.8850121728754,14994.50757390676,1956
29.39972069445013,22.62305045426117,1013.4248648131792,44.52905954425652,0.5249477785842455,126.79907745019275,958.2206827689615,2000
22.38684153823809,14.913269403560477,1007.5605349394538,232.44979261821047,0.594037925652974,132.15493539861154,25648.320876832735,1988
17.69357899335868,16.55082593957067,1009.5787890974237,358.7763283397678,0.8976441070985958,33.799369197314945,5874.050377448253,1991
29.615620386348287,21.592659108473875,1009.471222188864,83.63656423149392,3.924608493408458,126.69303782810846,9196.67188050648,2002
24.694550218423295,14.734819832904842,1011.6969583383302,100.645561933405,5.5868326932468815,108.44496731029605,3833.8611349349017,1970
16.81376922836772,11.512545873353488,1005.5631277679801,349.86493954108386,0.4970963537106382,20.69757856787654,1213.75433330387,1979
21.04830660958196,13.43046438239454,1013.4360249601864,64.35946351817537,3.9882921038911285,50.61149786441919,27852.98105194536,1950
17.621908733076214,7.946571173513301,1019.2365182533234,184.03706428529898,0.5973592070241556,-22.211538879670556,30813.29078737532,1973
15.08600134517832,13.759142821852402,1013.6774568615838,86.27476788579416,7.056329080741396,-0.9901317694168128,5701.65769255091,1955
26.630887737658206,20.04790650080075,1020.7066057240066,335.6466832444478,1.8196627370120808,59.48746508131142,15708.06517319438,1955
31.547083202350652,23.149372877444083,1019.6699909293847,353.34756524746587,0.014223391429343455,126.05983820817161,5481.360303971131,2018
15.007162130904295,10.835820812232415,1016.8886752362392,293.29122460320554,0.06945186015304373,158.5521646437597,10812.842686275186,2011
24.814846183452854,14.606357191032123,1013.3734292131844,113.3221736926118,0.3191278486109394,104.31807811442727,17311.723309256933,1984
18.746787154390866,12.15551672896273,1013.1125019412272,145.2554911009818,0.4154588184488799,-1.9000276736522324,14116.292765752234,1984
19.56437308117652,15.378622706391589,1016.8189988618163,87.23004611991169,2.9187550829949247,40.911295713081714,30976.050284405133,1997
19.038030378805654,11.224181205598953,1011.0416469524798,320.6728681232369,0.5040273132974865,112.39977560654614,13614.363794049494,1992
17.68004615160092,7.312493673619016,1003.5873962426626,329.2409799677369,6.956693860360284,13.974023191130748,8333.881700177979,1984
22.242608139724133,15.11561368224504,1015.4600202705147,150.79343840857698,2.02181861639878,149.2240734717154,3784.166885461823,1954
17.84524941794481,12.20815948450629,1007.3446568503251,236.35190516508067,2.3586742680371837,91.36833207244183,5021.553463405156,1980
23.352284128899193,16.61772572305885,1008.1892938590481,59.59914471888979,0.4913318717761779,64.61100544825594,18215.923292247444,1980
21.748809452754315,16.681203903957094,1013.0011197399789,156.57692413082725,4.464370952649389,-22.58786590355507,1804.743004922773,1957
20.80525976566795,15.838893460429981,1012.5243756122327,227.33967840245916,2.2041239007496425,122.65872289652268,24484.7879431004,1955
17.46218168979201,12.74106679334225,1005.9396219684219,138.74512266648705,3.996174763566857,86.35290641494207,6117.178709192785,2002
19.116143347158335,15.772363119184252,1013.8274578206657,128.73582924712557,6.269119777733742,84.92299383063585,3573.8334550256973,1993
25.77695612912878,15.005929728763515,1017.8306983043052,0.35963721609935995,0.26852841267004646,214.0589289690979,2700.725779840502,1998
24.504585938121902,18.16237378564011,1007.3582921486711,289.5456469597611,0.20315144134216426,36.682134226669326,15904.665703716319,1957
17.112223776007244,13.231633369878956,1019.3624166542438,320.16154032772135,3.2532477635496067,128.53040835648272,7985.308111541625,2013
22.49666152714613,13.268538496841813,1005.1991458743503,349.00687063649957,4.021713322626164,68.46771241412017,39686.45494642702,1953
25.756935616858947,15.024113714436481,1023.5866207218547,258.9376986249176,1.7529933512172202,94.66950238868874,2291.4139455361847,1981
13.652973594393142,8.065197263123995,1010.9436978475826,197.56523245315844,0.911414377010192,55.85291699041711,4545.242574607289,2002
24.716800961899676,15.978677788299187,1013.7280849841345,96.94242713113537,2.1147274740658437,118.00852677643664,7389.230208501287,2016
18.686881205270765,14.587655770694397,1003.5398321375717,359.74781134685946,0.729598780663244,21.810747913653863,3820.5254940616674,2012
24.852993342965796,16.168017772693865,1012.6893196676534,212.311027631558,0.5446300182364969,197.24823762495362,8152.81596831245,2009
18.183704217287417,11.015895915538783,1014.1424108885909,245.21546603896064,1.3394286130523205,2.6961519782493397,11153.4123052671,1982
12.975589496677404,7.859645174285065,1012.5691894795025,245.66621830391435,0.4870849731295551,24.234256364013692,13154.040320602906,1971
13.862287810584187,11.940866135717354,1010.1845946147381,304.2906464725853,1.3221485518331286,140.3801306620042,36540.157157140944,1980
22.24042473330691,15.59438406206874,1008.2671774073609,3.4821139848909155,6.274891489170471,131.42952554513337,2200.692959230174,1973
23.29861250860741,15.950526705311361,1018.6526330976866,79.28889855529385,3.662465192975226,60.97265007132572,11358.939339738456,1952
17.478416874477958,12.014880814732466,1013.1540356749897,239.59224006120502,5.681937945692368,89.68248242989748,4243.1329573770545,1982
25.19296229388687,20.21919427437385,1020.7037618825839,322.2524652568444,3.283188611920959,30.56484177910074,12456.69340134489,1975
13.6923996886552,8.086336328852155,1010.3675882260254,246.72196149168823,0.8762377818034972,0.8386521861133573,12473.132204863208,2000
21.66960100676342,17.7997372866146,1010.8260265331389,148.85686493772485,3.3431079514035473,53.104169711651224,3020.2068964110176,1979
15.944919001187717,11.582435898674408,1017.0779712229809,130.15997851329416,5.125712431607092,121.87547476284769,3290.673905775547,1984
18.740819460989204,12.797734858741748,1004.8851251899822,265.6612829819953,5.8762776714345755,-43.729231040250234,13516.18403018084,1974
22.23699335658207,20.56769634547601,1006.9326831992354,266.84557096938966,2.298955669221914,119.15082436174455,8294.969375908495,1977
17.69793317358024,10.277274241908973,1018.4874248567659,218.54087730204853,0.4749075209117192,36.60493234278984,6505.336761649967,1975
20.077222278850872,13.346684076061598,1007.140330353884,104.92812867504134,0.08107980480039684,98.82787596018738,15646.254367381245,1957
27.0314640460722,16.457162353922538,1003.9047449234872,333.0557346205957,0.31846098622597857,118.79980922591392,16843.472565016724,1964
19.115540652384258,15.285802397741318,1022.3426359403654,198.6767791627101,6.736313638911944,59.32485437966594,4771.279978997581,1998
26.17846056032571,21.703300259531353,1006.030911760629,284.577248249399,1.2401534112710766,51.256622076212516,3456.2755662760014,1957
16.351465726711908,14.785871571507611,1013.9205969916409,77.15097437825939,3.861850183556848,17.932437337660403,2294.0658971816188,2004
24.649020889576413,19.702212128995495,1013.3454259636213,123.85468390130202,1.251142131014834,63.25738498782113,8378.750859067564,2007
29.207843103289502,20.05024923671072,998.9468584169095,314.8486258994433,2.162434428876426,16.347338726870802,1952.4489254891812,1952
9.641777499363553,6.018762294574794,1011.6634148841609,18.038530778388626,0.04887388365463727,36.5016548656357,8950.175842020572,1958
18.015523722647615,9.2685270608652,1015.2420662473955,184.43351205239836,0.5750040245788147,24.828100542221783,27359.984122666996,1963
24.8853606359027,21.491499515495473,1014.7715469075943,173.41397274384326,1.1463571767643141,60.92100187811893,5690.425073632957,1969
20.984773069785035,15.62729730514646,1017.5176034190175,270.4428680069096,1.9919185245398663,60.646520839099125,4740.0156646390715,1953
23.855729366856544,15.715096747060612,1011.0625434254729,101.48175741575966,0.37632803287102606,120.61337632289434,59745.23834379033,1973
18.980074066420897,15.942165624468563,1016.5625222104608,78.86405586945581,2.8925258426827747,127.7888125697418,36669.54375918203,1977
22.4329489373645,13.757535222635148,1009.5533546595997,333.40782195836414,0.906386497178045,140.1924242704528,3772.156487273316,1980
21.221613823039604,15.66837374457307,1005.9476629179361,205.81547470504734,3.40130095943502,86.36172179564534,9311.571761096373,2016
27.838910308299038,19.141978947227656,1006.5113581215938,37.68824458211562,0.20621298330390067,68.42884251537166,11256.243622478643,2013
23.272104216506065,17.567827231314848,1005.6894477240229,69.49301839715558,2.2773478177072524,12.601667133574779,9933.423120153659,1966
23.68801331037601,16.454462238890965,1018.047929839456,359.5773814251294,0.6943782487161122,205.81008369118263,49745.408541908255,1955
19.940615169387662,11.056574836348915,1005.4271324547072,70.41923865078927,3.173232381862189,149.3819294558926,8841.659748996646,2009
19.561968879637533,13.844530961086347,1014.3701942032466,219.77118408732434,1.0288991214090233,110.23338527388546,10272.594249319904,1960
19.837209060901895,15.98377462638205,1011.6703790296378,151.2461084384225,2.1893379411346414,98.32004766861274,16133.647792969397,1987
23.972260711891483,16.722149686616067,1012.4867571327468,318.8156741459407,5.445473098086246,61.941268076379984,26633.356583215722,1983
19.895077595898684,15.47678456030725,1019.8180364759985,271.860693226318,0.04168466451230422,71.41450333238227,20679.521587832278,1996
23.448874284482063,14.323153027789337,1010.8078631639237,214.90250265425368,0.0223580711188846,121.82745323333879,13878.342164256059,1981
32.37700399322719,22.61138120871933,1016.0580078077484,3.866033447273698,2.9417816952453775,8.462800040840051,1704.9655676825319,2006
26.355623517158463,17.19991555183377,1013.1878167569056,316.72627469764547,2.0791385953985455,53.05581457773327,4973.41634319636,1995
20.369882339160796,15.752879317621977,1012.2399054718366,160.08028950193787,0.6933918592553557,67.95397839088729,18387.405162954496,1984
28.006069610819726,19.6672318520978,1024.4998456219323,335.3679550866876,1.3640058295181783,-3.3635237276701275,10408.714815666568,1971
19.959623134892244,15.351883547097795,1005.7932912714232,178.39404462751244,0.08568069671766243,-6.469751987328252,18511.151880847014,1965
11.80937732411073,10.441984979193244,1019.4456591771873,249.92081610578117,0.4274897287445664,12.68747593021569,53485.51035261532,1954
16.95956844541298,13.254935062031862,1016.2820328274498,24.945353807991175,1.1050195022957847,59.55623634346148,2497.478232928728,1975
12.646040394870722,9.398465144996793,1010.6023750268411,268.2545952696429,3.592070188054963,118.3812319808676,25283.57298750008,1973
20.242432579793455,12.173278288832606,1021.146592587208,121.67857127229225,1.306573278358063,38.43696928113298,5823.382383746642,2016
22.092091895947757,15.458892105829626,1003.7594494380573,126.48924515944111,1.765530607056869,167.02692033248053,20647.506061897522,1981
30.382186561376415,20.20134978893182,1010.3911667135046,42.71610409538038,4.139042493744092,63.46128671841455,7775.8593372549985,1972
23.634636868820813,15.856117894766117,1006.9575889786546,52.86857351047282,0.7387068505529277,74.54200732304737,67982.42799276196,1998
20.90449735595568,13.884079847668472,1015.0604173243573,66.87326023423564,2.412613191680485,-9.570816720114664,9228.824253790952,2011
26.147027905917447,16.343068384577723,1007.4346794940641,118.15422068571206,3.9561866540610744,58.74433030860344,4270.498207491386,2015
10.944323454960575,3.7463492402044225,1015.1653197337066,321.109168599218,0.4528370681820072,-60.2153114457324,12331.036091918604,1960
23.17807279054283,14.888364856724447,1012.0678179208923,132.57368576282897,0.8815986422548254,245.68768389751787,11203.066122088525,1967
25.854325969434836,18.4847870824527,1010.6032302867196,260.7705743627586,7.805152918684165,36.18075298155521,25288.299417129343,1959
14.607068771100792,7.528594048915574,1014.9432362301666,29.789101400353704,8.17496410196297,60.90436052428383,12683.44398300294,2009
27.718770216034645,19.4345036241675,1011.6568918803097,212.79556773791734,0.5052217859836882,77.95389908314614,96284.69350177339,1957
23.69248203747207,20.385274274852378,1007.5568257847048,173.48084325735823,0.13751259657225617,65.53407531530584,7248.833690252666,1997
19.923560430495993,15.992605411851672,1027.0068649481748,352.06486090362165,0.6319480473743436,60.678541027666,7334.760586884616,1990
25.163909330531425,20.901819549613055,1010.5641640848543,304.63479715642666,1.014105358241895,133.15884332961136,4429.818758708992,1957
33.35346428902198,24.129680756180836,1001.91195459924,163.73871807791392,1.1632316508641771,134.81728445577642,8827.863793640578,1986
22.909331275292477,18.371551538677625,1008.7895065513931,279.05139505632195,1.928895306652893,87.42424628700752,10209.348724099205,1986
23.24110293150168,14.820842591115602,1006.6636165581364,69.49394686575991,4.595250031711271,100.89115736725452,10734.418389623639,2013
19.70319550229878,12.503556317565177,1017.1307280802026,202.4410778610401,0.8019942445995534,78.98422011716049,8666.217287024483,2008
17.75077815267604,6.947264294598283,1014.6082632979579,26.862860004734944,3.794033787056069,-11.041478691640116,4403.604914757009,1994
26.151679082721227,20.678466305989456,1014.9935640089517,125.3120516106059,0.19628199161020804,75.22121057578175,3355.428871936459,1965
17.719580870455665,15.484354568958736,1011.1498876708138,81.31038538398131,0.08555343034580151,93.14801110112222,5568.195290724953,1975
22.357831186096963,14.544127339573334,1011.6032487647154,258.8075335170759,1.40254090282718,44.121604427444126,25375.455330319965,1980
19.611712766174417,13.220295523527621,1011.1453444819616,176.43264883717012,0.1230322627635754,83.8491723030887,31470.305116756466,1976
24.39489912873196,15.568705162730447,1012.5940340793227,270.38537238528374,0.9967726316330995,132.6392926291179,7502.829263778453,1992
23.66831052643474,17.3331244714593,1017.1766671768241,185.50635754732042,4.541748805144929,43.8913966990387,3160.2835498879517,1964
27.187699721289498,21.28125489550913,1014.6803770625268,31.13439917458987,0.5527802310454192,138.16318590437555,7471.31566917478,2007
19.449918005726264,10.129398656246302,1015.5005641481043,264.7323539037096,2.448186235007206,59.88078968057014,65621.94426770527,1998
20.650625323533145,15.274314787757705,1015.497794541246,299.96253503561,0.7201195961705834,73.051572694818,22003.742583778967,1974
17.106181421088465,11.420983451323632,1017.4222121869087,325.2712413286053,0.0919204604334067,94.05737240077747,14055.129421733247,2017
19.778533699619445,14.07176237366699,1014.4407502077013,205.91710031041492,1.6269745818403958,94.65681066061707,21219.692415880367,1985
23.88650246522426,17.638539729005565,1014.7942403633946,271.29072923981823,3.6018445258454994,-56.284923677019336,37818.98905196544,1996
25.78494308322676,17.67305528071309,1018.9440312059658,270.73596127774573,1.0534644253364345,-11.096608573848158,2558.3909340012337,2008
17.389173379111874,11.96524765856675,1009.6747704099845,56.06991352761996,1.9209755102730588,80.18425070482266,5475.068857417503,2001
26.3480296005283,18.01587038526053,1008.7212871002424,59.11944748544547,4.6056421948363155,77.57208034621127,4775.616560338398,1989
28.778189294024756,22.08536490939389,1007.0703920040658,25.518782091285402,3.118388208130179,14.479227170393898,14575.748968040152,1992
24.067174516118506,17.68454208153795,1013.9145728181013,115.16890865050853,0.43103639520651627,43.53215021785764,9510.111601457358,2005
31.38397906279033,22.40995241942795,1003.7313387939043,170.46309158678324,2.643891411248863,22.080975760623986,17262.836500706442,1952
18.131054004482134,10.149834360952928,1015.3107704802984,359.2432269915181,1.3938808322205167,53.58710091044491,4881.035408101351,1961
15.776726483442914,10.28654905198373,1012.4540345274972,155.15760314454104,2.7405806857746726,112.18110251575888,31950.785688067906,2014
13.106398755478606,10.971817449513372,1018.6731984991053,261.4473318626535,1.36447600730004,5.613605993731788,7560.301065433603,1992
29.480221557445915,20.711548236459983,1009.6404134476751,249.62292945811248,0.2738357585679887,105.80562795541212,16228.84594925804,2019
25.27182828177029,19.00934273641748,1011.9834085729125,73.61350209020866,1.6875190067410142,78.2768124032692,26779.88965799819,1995
21.722076645447725,18.738477252468673,1018.6110166664669,21.06257452179711,1.355075261514676,151.1649455410939,24713.979038356094,2009
23.399843131599102,18.457102330537,1019.9156782338907,196.56243055209148,1.4592975995524287,138.0013282894913,11624.013985443526,2010
16.372554763508116,11.647105009855165,1009.5992381712409,252.1100132332114,4.2223177798970095,-27.466947170259616,18386.039014376725,1998
34.228759898084135,22.93815358826744,1013.9089061629358,359.37064446705216,4.504488391404103,106.80996054929487,46242.78191102742,1974
22.646105909876137,10.745174944801498,1014.4720948884202,129.09997882122147,1.2085777452032933,30.17672426547621,13542.676953455542,1952
22.546973973024464,15.44611193617142,1014.8682670281057,322.6912423491948,1.2166271644464919,39.00893449388829,3906.3300182168628,2017
25.62883311949346,17.28815819201172,1011.6871217034219,137.49568411290713,1.4479838891472006,120.0506972235213,14516.63817557833,2012
24.405046158683565,17.864264699869246,1019.4069169906181,248.1882150349846,1.4662277416404579,89.6829639757197,7806.552951659991,1979
23.119420121395656,15.875783631027584,1003.5514825818923,215.37105498613872,6.007010577795837,115.64918363902852,774.3305623813139,1953
18.04762772277344,11.99256928706782,1010.8943488259946,19.07236558893489,2.0962212791497605,-55.13480595259001,12861.556487407412,1970
24.357341785679978,13.491341388961544,1015.2396536638647,28.21983370929306,0.6499566762410158,127.25048440638268,9105.652468136706,1950
31.41012248237517,20.107150079362484,1015.2861240597467,7.475072300805952,1.5165954448917167,122.36385977815317,25755.868202747864,2009
28.727100230774887,21.062272243143536,1019.7637951530738,133.5002704538362,1.9735529140899448,174.14298523702428,3827.267352406208,1983
29.965933133196987,24.40796845550328,1018.9911269660064,268.48837755576386,2.0420346803983063,71.54090949548728,1797.7485180039857,1952
19.443921617844072,13.415694364999602,1011.5722918734639,62.19194183666018,1.7601790796168502,118.10427032728022,9591.96319271932,1967
17.051975898707095,12.592005276243212,1019.499356217653,218.10706861820248,0.39138791129958833,69.03974491908718,11851.116808973497,1992
21.37106539950176,16.86470209355684,1009.4297912811127,103.97800081118804,0.06834080820480412,76.08796737591703,8900.234871120585,1990
22.278624561443472,13.973249320609929,1017.6544369139592,286.917344632466,0.8245053402551116,47.955574552680986,8272.637687722849,1973
27.470957592354743,19.963298401219205,1022.052612392105,287.42261364107674,1.115562484448733,85.64309400523467,2782.9673953082342,1973
13.537676851425903,7.995393583333815,1019.0747205342749,279.14922538791245,0.1275933038768285,-3.8492838762700003,7052.115086104664,1952
29.647751597303067,22.483074995094167,1013.5288519176206,188.94006496849565,3.3744458364861476,75.06934795458149,5719.256940884252,2008
21.209960507105052,15.149778450877001,1011.3411061411393,102.4440156287466,0.8434250839821581,38.33520655937532,23687.641626627614,2007
19.8655946502629,14.502819883146907,1005.3570435187036,291.39985579630843,4.898293363417946,51.42376124605116,11841.023678467309,1973
16.93947812369916,10.292437491752233,1014.5526981895711,66.99620229812695,0.33544159590680084,40.99173338276203,6136.457365079219,2015
13.725716640671152,11.022066367691375,1007.4239138601454,104.31345673031618,0.11724004822306519,39.498102802236055,45428.042811877465,1989
26.115852919809573,22.450522886328734,1009.0343266819303,66.22117421782379,1.3167809262459593,89.00056812307741,6192.488620805443,1958
22.36658983594202,13.640789494303,1007.0462709963166,242.71565773955317,0.41929343158303095,68.55868666326006,14154.483724760297,2009
15.55019550129473,10.205618835611263,1010.6980383367168,247.04497012169452,5.541956857408805,54.04245642810645,6857.365893291188,1988
15.52460613968192,11.330439246113526,1012.8601529275651,234.9035974032311,0.02071369181498771,51.679103601599046,41404.817386142946,1982
20.32107650354936,15.797565976476184,1014.3680729058285,149.6165280712804,1.0641655118841689,52.92217089664677,8838.387909419052,1983
30.345107626446964,20.122482767933935,1009.9974668229302,36.06156259251597,5.227693212451733,117.4197880849814,9103.49994489337,2011
20.702043243181976,8.825369689941901,1018.3464185319759,328.0210504254076,0.9703749060783963,121.84275237068269,7045.396059154301,2010
14.48428523440947,12.857378652414678,1011.9589737100501,182.78314704440575,0.19546664380758122,31.487733969147946,9862.667277772956,1976
20.77128467957028,16.060911514867477,1009.0613878336724,146.50999016799292,0.721638303956847,44.68347149712759,26890.75533417102,1966
20.63638215126165,10.959572444909822,1014.1314613362172,211.97696156938557,1.3783517287084506,82.20495699264019,18879.72444813137,2009
8.515566785292142,4.745759166145388,1022.8177641677191,69.4045568948781,0.4095066050066383,30.041620643715206,8333.811396494999,1991
21.72852566741094,18.346332826242307,1014.6758028326756,47.71756047775478,1.256823751858264,25.857773302805,44414.67031990901,1996
20.84532734895661,17.487321981185357,1011.185721863132,145.9890797248597,3.619967402110663,30.4569841529783,19399.17156573702,2002
25.48103182406709,19.714002322204852,1005.3626932194064,81.7994498759678,4.121129198283288,55.09377325596281,5228.181969240836,1970
31.244780474726724,21.519121464388977,1011.9029383951397,87.94450603337924,0.10103084603848361,52.15825814881865,2037.8521127671224,1957
27.632825147738785,19.508952441042165,1014.1746406254406,321.30413560027057,0.35085878416716154,109.40322190418723,5350.718865268249,2007
20.655556547225846,14.19703797280584,1011.0620955437222,191.07330378689696,0.6439677829766256,101.82736063130174,12250.82766953233,2017
16.46737045629165,13.783638885941828,1004.673076808795,174.0488631564064,1.807074068689278,10.992725170856183,14723.503458147856,2012
34.8667990162493,22.65507449838429,1008.7471730524828,248.21265374229506,0.8956852448710565,45.26021483433637,31543.96870030983,2008
22.29609217007244,13.995665209282297,1020.2726923044388,342.55732092362626,3.7163231436204573,79.89095678463585,2712.0335634334633,1979
22.06964645956473,17.469301695367342,1020.1700050186523,40.39148320940307,2.5222991539601374,74.60694538671821,5223.091077467102,1974
21.879374564449982,15.226839284091865,1008.566804153977,300.0724441593326,0.21173467283623085,183.09391371776547,2495.7818607206336,2005
22.990423803839278,18.850231373595108,1016.3637839359972,210.2469047524245,1.959299910711095,108.68455708606253,2124.306740615801,1983
21.278197940380288,13.551714144305109,1007.1071360761491,52.619527372261416,0.2398490610719074,9.779491823403632,4325.0598354079375,1999
19.13168996559882,13.282626255241523,1020.0215814099747,106.973754728037,0.5888378809109144,17.52360329618361,11691.440177794042,1951
19.26570529379804,11.64116773597072,1014.2261792394712,173.65010992730623,0.3917150323604681,75.93793110833356,17525.187921363926,2002
21.836233648920008,15.300088917091138,1017.7482074930826,248.82377204787227,0.38005099021695643,66.73224448041454,3138.9571106806784,1990
19.282876144331176,10.540919427034224,1004.4245332640874,87.3385261032428,1.9162865393229958,55.759703073964815,3607.333301149389,1972
18.435771086614178,11.929772918719998,1016.3881855096245,192.55637356833236,1.658414610000268,58.752874852107915,1366.73071105868,2010
22.532151138459483,12.8999980670654,1012.9616296815775,246.48178586971022,0.38723783132171896,110.81808634478186,10040.198944885047,1980
20.725113912895726,15.895426205409523,1017.2596453539542,161.54667030510223,9.245203558177579,156.71639210066766,3896.605615072736,2015
29.519964942913443,22.097154139558715,1017.5743389904892,310.68934600326327,1.0957979604916726,170.2545652782228,42746.02032470585,1951
8.745150958034941,2.661080209655768,1013.3289234473738,313.00527702254556,0.20421900775581836,-28.73841668762968,12207.536667891029,2018
27.45753425961231,21.888045472729758,1009.9958518045204,169.44883835056046,0.2569603816573455,61.36979033402639,6826.410439763829,2009
28.230425962488145,24.75612842658141,1016.8984809108974,350.25325574720387,1.753629111009696,-22.385866236867514,4267.944345787564,1972
11.633048837959253,8.235146960044158,1012.6992275029744,27.21063326596103,7.733086475203835,44.1455711140577,1817.704608214738,2006
20.286562029598254,12.918364900269488,1008.6360752323618,1.2104561962571836,1.6970356827458661,37.87101873143354,2063.4368039318288,1984
20.142795670021044,19.74861815102082,1008.3992388427116,137.04057496941087,5.9534864882634135,69.7677607008971,4349.6864691509145,1950
14.962441526410894,7.835772071882604,1005.6141779184381,216.39494209410336,1.1744519069891872,3.3639289052580708,4028.2894791462727,1997
18.110916562045624,12.717854527170132,1010.4485442021847,226.5120566818779,1.1448386720987642,14.515710158399415,2983.4277112432164,1998
16.447120772670857,11.872229086133446,1018.513460230372,171.5204650657783,1.3863237986000598,-24.45937266242023,11814.64009484086,1989
30.761352217118112,24.223241792887507,1013.8891489985272,44.95799276663262,2.3908552250940325,83.69041950083526,13551.677134534071,2011
26.678391965737305,19.39435232626969,1010.3511614703848,61.379107843641926,0.91651684271708,117.29119836210846,5122.344906290709,1964
28.357775474970794,18.853175040902652,1017.0242796909004,306.7732741867233,3.9885254983203984,63.51366649580382,56114.65392947872,1979
25.608360320216175,16.023483483375408,1008.837616891383,312.44800742613404,0.05943728265264191,115.55998323086908,1412.717782566816,1970
16.354741143913856,10.764675160247428,1013.4767513716639,242.60347362985925,1.1587950071520443,20.040242068212493,8588.367058737182,1957
19.37739866860113,11.550324346130504,1012.1018481363724,239.11847002039764,1.4307522458768374,63.99292776800004,6512.1164891936905,1956
24.44687280613959,17.20846160386708,1016.8956531279417,215.1655660900107,1.868055403362852,146.89024023598887,4671.797209348549,1983
15.889360955540273,9.994160309157218,1005.1138581454024,73.05331885271576,0.6461264360036164,22.37604293958913,4033.2878015735464,2013
25.56499215086194,14.907418919023854,1008.7490112709268,154.17025209356515,1.1154151179762584,92.10733342005985,8046.883214265781,1991
20.798373009209325,17.069152683196336,1004.8087717045273,250.52207452681634,1.3253824169914812,79.36208819326225,6467.029562222831,2002
20.125895962252013,13.09278212671833,1011.7020163909536,193.41081792120193,2.3225290435047916,74.21303206506951,5475.963236882961,2019
25.55479984101746,15.352086278761595,1019.0571375181621,6.6889202598357045,2.970410858370348,110.1702601723353,2211.1772942706784,1959
24.2213165574302,16.618403321226054,1010.4727639517324,343.2804504192354,2.6775038727265765,87.74826122975831,1606.6204978561907,2007
20.1951691709046,14.273361551568534,1010.4465803090218,304.1337789259716,0.8358337783992617,16.680563631760805,6072.244134094056,1953
27.79664901682124,15.9647208606168,1017.3586221209207,93.79620507950563,15.013087253207887,70.54091050429321,5420.286189353678,1957
16.594683362000513,12.279573687651885,1018.3427477922766,221.9252166598666,3.776522833401645,84.27038665024702,6653.931351999281,1961
25.07967803472132,15.46145948692439,1012.557144663656,332.3661781421476,0.6022733572275756,116.52739386519664,7269.030476261235,1974
24.96550628984192,20.89791202127092,1016.4235742702494,34.5639643609145,0.43408889164082165,46.08372767004104,4805.410060401305,1976
20.452267803430047,15.3645084865545,1007.6152272956102,181.09061308681223,0.7538172585257472,118.22344986799789,6552.438675336153,1951
23.63066511121059,15.741665597628778,1019.889871669627,164.24748930466603,1.2042189678350848,49.84646214560168,3451.1807294558844,2004
15.744432118073483,9.530766942016738,1023.7435314696853,147.67380190207163,3.8049268489250743,66.64699221073981,37195.602063147664,2007
26.620135096034506,18.424159152096905,1015.6060789559436,300.811899201453,3.0134220977416084,95.99633490326555,3641.8965379401498,1982
21.075489317785056,15.978424005616118,1002.578341893286,137.03261281108465,3.810924348862534,21.32156833486703,5591.591835921522,1998
19.386384897404803,13.519481171012963,1010.2088486880111,22.918799966762734,0.6347906488605127,51.19852272830751,3929.2789348272336,1954
27.245046129184445,18.6372146761554,1016.0641266083466,23.7015871791489,1.8001519216430868,-15.351731843206949,3863.846464934245,1996
18.478281547286205,13.051537664736134,1010.8925850141682,15.388058348859236,0.6660537318429323,40.80953325476321,8305.237066207988,1973
14.957693518182202,9.26266760025363,1019.3609927712505,147.2923518746534,0.23087369184536946,107.61712045727128,7315.610657275578,1993
14.216854132380481,9.26538603898026,1015.9407863221793,258.6262599714096,2.3052780635215866,-54.14881965642874,5118.105395573276,2017
25.030049756728197,13.349449951899729,1009.467622496171,73.34008629498557,0.3086290059470982,37.63323067588412,6102.928448244424,1963
15.597853237518585,12.865949727967743,1013.1613240538562,232.7286673553578,2.203420735765655,27.05154510805067,3944.929841665906,1985
30.77397090992182,22.139375197588798,1008.5308338968046,247.35184995733349,2.0880454040132186,-7.14414032134647,12109.258904955268,2000
11.59035296058139,6.566335384340112,1012.0870756079378,91.87276464561526,3.324079329422211,-56.57146264855079,63271.65645874117,1955
30.48228184145019,25.13506725172561,1010.2270337978373,216.20075618182653,0.3006102442581869,205.7630506333448,3378.4041187688995,1966
23.05508733601309,16.312594095993937,1018.8738090011652,246.55260240966504,3.060146085886341,102.86692587026752,12015.6257041937,2000
21.516434440648037,12.989216964503232,1023.580060284155,167.98090420876525,14.462891749292906,116.77026478437301,8475.618907540713,2001
19.275404565955252,15.206258039109592,1005.8440583338213,121.21797502083422,3.808187806927533,83.42492659013588,15813.66562443926,1961
23.995680571760353,17.593072833250773,1003.3839185689512,222.89455856675784,2.7871381260531267,111.38861020872511,16265.3598116187,1950
21.81182648787576,16.05743851248147,1011.7741378907431,352.0249514381005,2.170397436553908,57.540702228227026,9950.844463139967,1960
27.51650941008261,18.410045377754646,1005.4079215058566,153.6629073728321,1.0956068551535527,143.17675128881356,7786.754466584793,1965
22.571138243310198,16.700788217873207,1013.2310580183546,141.02463466264356,2.622375023215369,147.4886904048356,5247.724328371208,1958
22.75150880730939,15.402539584674381,1016.7446805690296,167.13608487340082,2.575999352518194,41.80828219803289,3770.7893941473308,1957
20.18193893893072,15.239240160543188,1020.4707094863342,27.438621640217356,1.996619814169751,54.108839099002246,7355.137584010067,1974
21.715271881394663,11.390801408954985,1014.0069727935764,199.1387806817004,3.1820016331017307,38.15171180078272,2242.6448133267922,1989
23.539008844460295,15.609559265163828,1012.0342238757521,118.3310593982149,1.191184093927126,67.99280590029882,4474.473677755587,2016
13.449158036716874,12.858720821318201,1003.1080754171346,43.7119640392545,0.2585158444293491,84.07052214755558,24510.420299868194,1972
15.259072889471435,9.147216111829403,1013.130925745929,167.8524268022544,1.6377279853494173,36.20660539959431,8941.979114067703,2011
25.716320470113576,16.793747734093127,1013.3564363027473,1.2182351666318736,0.615888008519113,-2.019143535308885,19784.704515527064,1972
22.854327190639708,15.102106356547845,1016.1947840710637,144.6426882585932,0.9704232859351363,123.82369273547245,35229.66937938565,1993
21.080083318236603,12.326446050988334,1009.4575594923546,38.064696453522174,0.035136654449295264,26.371039815131375,6788.39994534029,2005
22.092169665326967,11.047957213272372,1010.8247369988208,8.745373223920904,0.9650938179248499,86.39365916436203,9969.90001374181,2017
23.737908526808354,16.155363171718623,1005.6099887234791,296.81101664802077,3.3088821272176876,102.86567314629617,5991.8416973470685,1972
19.301201598453193,13.782559967080548,1001.5435359655796,329.8495691817485,1.5649291207572513,42.97112915190449,3595.341431094935,1958
18.108476372988438,12.570923324014602,1007.4575145460161,74.7628734092784,0.019697736407975036,14.848065520362411,3124.5068467195365,1953
22.979226275488408,15.795701268946113,1005.148370928735,194.14737498033406,1.2691672741049926,51.50701495710824,18828.940860087972,1983
17.10813611192484,12.061777020048162,1014.683561477103,100.06493656715458,0.6890739521806075,134.88312024665603,9982.883750131557,1983
24.041263778572358,18.874567588102177,1010.4093297166658,177.68787792198557,1.2984544959430036,35.16062881620987,51359.39055133183,1991
13.487081978810798,9.060065013309124,1010.308814349626,157.18727552189767,1.0373551444030957,-8.119809038994127,21419.39315690878,1952
27.145778186628217,17.85387957646521,1008.0779347691239,96.85837982897483,5.375884051492408,96.99083170044739,3900.2152014861613,1983
24.362987412065216,16.491840218669477,996.8371728374378,252.14168866870716,0.08409820038606045,68.36042193906455,18776.13974457849,1992
23.28014867156938,17.454797589612117,1020.5415537437377,45.53674535529152,2.301420305577143,52.06989892856402,5972.521391728304,2016
26.91345491972757,21.663472200895797,1007.9986473861161,19.106201581692165,3.8079749752777348,45.57165406508122,27360.61115788498,1986
30.32737222231288,19.972873077280656,1010.9378996507504,276.36315589342047,6.400038694496056,99.3248947970929,4982.395720704679,1961
27.07185032509065,19.148162801621222,1005.7255391735534,239.73481123944475,0.3911448700756175,81.50104710914408,2828.7042957168283,1965
12.795628843341774,9.633655074211159,1017.8596517172032,179.46940469270328,1.5156052387866752,104.31311709298677,3656.43871109282,2011
15.602115166321493,8.9363246029674,1013.7171446851867,168.40431737011497,0.08913629125851069,5.761796964253449,3848.1011490858177,1966
18.875907111521606,13.25396931249096,1008.8681735736707,179.06809661691344,1.3830311225701823,37.88332869886304,3497.3059950047364,1964
22.13045525105417,12.559970961053727,1011.0388519432798,157.32866739552225,0.2681101212373101,134.84459328235346,4570.563243821869,1975
24.588295102345615,13.673705964163132,1021.3908996106244,141.44122649922448,3.639042673125312,52.235699566288844,19085.647090679427,1994
18.371280934232672,13.593389469747384,1012.6351528405936,179.88861703900332,0.24178323043649563,30.607341915232595,48827.26809703173,1951
22.93383382238539,15.285934193008208,1012.0913323119205,190.26546161751375,1.4401668941053702,97.39468510218227,2142.6753364646397,1966
18.22308533823339,13.160720552005811,1008.2930925693037,249.0848330701035,1.4725105265157887,65.63942678963971,28667.319020370167,2014
18.942410985040258,13.22389773551148,1003.5270942476385,256.03457786424815,7.126291625375357,45.58049872570715,5025.580677817267,1979
14.966694515758888,8.523886063703626,1012.1998066321033,135.94646885045208,2.1283098084177405,47.38824932204054,11474.500805596768,2017
17.383833769445477,12.078175034683161,1014.6274255616231,148.87458818765595,0.6789061704938404,77.76766205861355,1549.757846163395,1993
15.241576971918331,8.20290127031312,1018.4979223216384,134.5309811050403,0.5509782455078539,53.33363456081684,13684.718035386823,2009
17.120633735113337,14.766388330582137,1001.7575173275018,193.15287850525573,0.27450107018378045,87.70329298367363,1090.822854912829,1950
27.268208983039198,16.37580559840751,1007.3745183648848,163.2072736491103,2.825397613323479,79.89554904167505,11091.508253453052,1968
17.253005555840286,11.685533347151036,1010.0962945472178,320.2547267290297,2.347253583140808,3.9617896774909624,10480.33629973286,1982
35.161910324186955,22.52879405083637,1012.9825957571339,250.69005608993012,1.882587062589018,142.5542665693223,9808.529412067479,1985
24.466589504404446,18.267454999804702,1012.2748315423579,323.5162981516004,0.08339567873327518,67.07125759215162,3885.8221007759516,1973
22.92418061847437,15.384063690369052,1012.3915565715637,255.2893169613932,2.877946631397619,60.6200794829811,14038.04853140505,1974
17.708211099093933,11.358414330123333,1015.0404802928497,349.55717346857307,2.0538166231342485,96.3028123439235,11981.049946219158,1960
25.501549397044954,19.557487668034575,1008.4835344461045,228.86524017189686,6.642308197173847,169.15122211692133,6568.542310796115,1958
19.12181086881113,13.444128791522894,1017.6707072111685,346.8780497386997,1.7695944488267907,-18.837665742414885,15864.676407400208,1955
22.610049073226808,16.860323243130697,1015.1672622084974,56.94116054739339,0.7246730428220077,55.51422329230487,7364.274763930203,2007
34.800422691343975,22.397644010905854,1011.4008386793596,18.891965098585388,0.9609826335741866,110.33466064938698,13749.767019416946,1978
21.51970050137675,12.25415646310871,1021.0045399594446,208.48506667338933,0.3867828980811662,75.86404390085056,7144.661208151117,1960
27.74636663142838,19.636872566080132,1020.7820801778588,354.05755408791896,2.56685601845828,82.75602631879407,10063.818972100189,1972
18.48411787437056,12.30118980106993,1017.6644767759691,150.33788902886283,2.4600974232700086,56.11441903984532,14396.2486480791,1975
21.82505754751519,16.53040962816852,997.9072161471611,76.33561038946546,0.44791280186812776,92.63306157037643,5443.009622948193,1950
30.85400317817755,21.437985319399186,1020.8947254635899,187.75492170966504,0.3451131551826737,89.16891670851551,2359.4018529273517,1996
18.865164711061162,13.615765976212073,1016.9737926123597,233.5675048483999,0.16026277848268247,33.83706571867992,10679.475550479958,1990
31.062242789984644,18.496804893106763,1023.0320431885647,113.46433038572002,4.860285725011269,74.79100601076085,26619.288900489046,1972
25.538759677277376,21.654005653322677,1019.1873229586677,257.3169690597334,0.5307190592040713,154.5459593114121,10928.736475268717,1954
19.18766612052866,13.102882314306,1020.8917133874864,351.0412225364613,0.8436875993963717,159.49381023471423,11138.271219691953,1999
25.162038695277605,19.00860102737272,1017.3932742509019,322.9067238158221,0.6584100373222586,68.0573410424605,7768.434115407958,1958
26.86277224813365,17.131757233254298,1019.7434659932276,104.97073446439029,1.0675901692576952,74.70217332909024,16968.579577876804,1953
25.10904981108598,18.192354672194867,1022.9706187036722,117.6205259320554,2.503868219864487,98.29317575008467,6728.211142817075,2014
14.148876400547717,7.298523953333911,1014.082773691891,133.75484080185188,4.089626310058605,47.68494188601162,5146.649600155199,2006
18.364314120875658,13.759155561132301,1005.1388472796093,142.0390002217123,0.4032503560745996,54.651230990294415,24472.327120490165,1974
20.762406822242475,13.821736606798066,1011.4626954999243,36.115019709580594,2.3193527054001937,1.4737775604806913,4766.948643014025,2007
21.62783285449977,15.197864006020973,1014.9497279969172,274.30662200014416,0.8694649251787464,33.18302471615057,19721.623383595972,1955
25.10336048775339,18.968300401687568,1013.3744379218577,131.52213489985218,7.877470061794233,120.53658188578137,24487.926078980847,1963
22.888505004666268,13.556872880825825,1006.7671901692029,316.7351916139628,0.7102641532105709,56.726077166561275,14282.880511770298,2012
15.323278206449494,9.35731128328905,1004.8446618740251,333.69862432323913,0.01443790008043463,142.7961633219675,2323.3478898543094,2014
23.900989255029817,17.645341040694404,1009.2941866568259,8.79527135076772,1.4498535869157265,172.4292637952796,8326.137225829883,2001
25.052928726419115,21.733493057586873,1017.0386977799208,355.86110517415426,0.3267587974868764,34.40920265507853,6620.988797386964,2014
24.7989522396552,17.083101898435675,1020.9016988541149,255.60818334006646,0.0910293651607144,148.81710644025958,4934.470960812625,1957
27.403903627773108,20.36500477528904,1017.5828380688885,187.34120135746645,2.3964403114844246,85.95750379927539,9346.447348454161,1957
26.16961077274452,18.1047846012042,1018.2871364355707,140.2299390141192,2.635472477641823,95.26301839828322,17486.88320093792,1963
24.295900396142184,20.891621466812126,1012.5959221341822,186.66652773949664,1.2349628934129215,116.68714962071363,5122.753363864417,1973
21.649171442706766,11.659976675964224,1004.2895877114702,116.86490063224,2.2594971625427975,115.28821943657064,6826.840989470843,2013
13.695195332420045,9.775878822032746,1010.7238970955865,224.16761293075737,1.5454176170126985,8.153243648972463,6367.365388107349,1974
24.14809109566293,13.652575699839929,1011.7061779406381,33.47289952012484,1.9874297421457119,190.83522023183104,25948.550913320774,1955
23.038438435815557,11.113763763997456,1010.5147375658216,223.6041370482517,1.81616885768955,89.27313306129109,6266.037036413271,1950
23.357894185976868,16.94545003641944,1013.2734743268732,99.12414604983988,2.192167560416763,-23.24929560514063,2358.059566522689,1982
15.616257120898451,11.210375576923832,1015.2070987994648,6.3485384588446925,0.44536393740264135,38.23150855902601,1680.0270290858941,1963
16.594717297958688,11.046628233086677,1017.2650759412174,198.97407581863592,0.6258811183377544,156.04637577387382,11646.134094783049,2012
27.26576426666452,18.873646806585654,1011.6094006781683,208.2411921069707,1.15950538593482,56.54211032464898,3786.957707824148,2005
21.802224230716725,21.45815582964422,1003.4812029717771,153.56484169615297,1.1816433657355727,186.0976744133252,15815.163995010396,2011
25.40750348686312,17.268902164741313,1010.5856114035444,26.023043718114067,2.9780873475365635,88.56501912972789,2140.4685047175044,1977
22.141591880652296,16.519363038956755,1013.21855198496,321.60346300950897,0.91581388962399,72.15258461489991,4727.197605002201,1978
22.148780697478717,14.205416849007339,1019.1140396106671,220.11509060204,0.3546803435808855,19.111347240517304,2141.8627010698765,1972
26.691419029879988,19.2744584709972,1010.1609607890795,41.656787844829054,0.5792772251002307,117.51054366271387,12514.092841592936,1993
19.41977635891313,13.117376101127954,1015.562718141997,183.93500757389316,0.48346426280782767,46.305863192654556,15503.91017774477,1987
22.480603884704916,14.91538575383398,1014.4504394981772,179.01155374144972,2.6310010351592075,70.2484829709386,11368.767227877659,1998
19.688623556474788,17.419833553933,1013.2195026656169,21.74467276545371,1.271038520275748,53.26386390415561,2735.484041391974,1992
19.82751886283842,16.23363313035557,1017.6526665966229,218.4694932970611,2.4663274745467936,109.1954155036025,3843.8750174437987,1959
20.454139382656802,14.591390862658221,1009.6957940162371,290.9975036117632,1.0764610652056708,56.84604309785573,10242.632940221705,1976
23.110668858168562,11.56904432883006,1010.1240677517824,269.64289952945217,4.409748367295025,-50.884958693809736,1498.558000743155,1957
19.606256891682616,13.002361377672692,1012.9404958845289,73.068989099106,8.21125285434235,16.904346659289864,6366.881419518067,2017
28.278780627867604,25.201201568317487,1009.7992674745315,310.4253106395161,2.2163709840234214,32.28273156913231,36934.6477663629,1979
17.52696348890248,11.80755110895232,1015.540061455273,123.31517963736633,3.9874461731050275,132.08293942533788,6768.565486865923,1962
21.065641779193204,16.95238438954256,1009.4340384781693,340.7430161850989,1.4182818717167909,96.03601095616959,1828.8732776938484,2007
19.801344708629124,16.744826099945588,1014.1315210387256,25.82926712125694,5.455103462295016,70.41576453775959,4414.239093023941,1952
29.234889421768663,20.90235042695001,1012.4991361560662,175.03512786714336,3.5626658580897512,88.41188123550852,4312.649271071709,1954
22.982773882557872,14.404298454054207,1014.0746298238836,214.9647757839177,9.60202266783378,10.188209044577249,68892.92590649861,1971
27.159222697343175,14.140831224574445,1010.7012930246848,89.1540354508577,1.9515175145411743,75.8472091512737,42859.349025247655,2007
14.57219813481514,11.568865111588508,1011.3045585273659,277.69686793928196,3.0210569832445286,92.32293031009279,16830.288585082675,2015
23.335251329346296,14.70516392489531,1013.4800463399853,225.68244473185814,1.565566791482659,114.96584732733822,5749.821381710798,1989
26.448153978117187,18.866008688457413,1014.0103725308065,6.5193974236639995,0.5998335017201902,112.49341160389255,26920.1312951111,1954
22.41141994637712,13.188353283285254,1012.9789904230443,219.0126926506449,0.8762509091294125,3.017822154388469,2608.5254029672765,1965
27.327401875326757,18.598706231788324,1021.5268117825655,176.9321643906407,4.48873453709145,55.636780069675396,23779.408955433024,1964
19.41355774949814,13.656928534450802,1008.0463154062936,70.57051261326276,0.11514794608368441,84.0241999224335,20495.76456961137,1967
29.0467372009279,20.869903202738126,1012.6789810252365,358.46936174143065,1.790428254796627,36.27050635187448,6965.009605694526,1996
33.49449061809625,21.216499057962544,1005.1318548894151,322.9783901379414,0.9319723241827113,149.41234146035612,25315.858925858425,1953
20.185807197801704,16.523886935983896,1014.8604073933369,105.30277021046285,0.9777777989353571,-2.4377102512192437,5181.132136465353,2002
19.77248739299614,12.646951605633355,1007.4237673181159,194.78553148750186,4.3182028897700055,5.034301836131434,2286.8129490689907,2007
29.266922385588504,17.13790674900546,1011.6084487206172,113.94077036770467,3.8458655681004834,26.593170258002843,21546.421218630734,2007
29.897860728653562,20.710455670130564,1011.1396783733434,279.1784705889881,1.826801701075473,70.27902197084511,7440.974279954711,2008
19.385699864233658,13.63874052301648,1014.4044556330059,334.91931595072384,0.6374343619987326,-12.892766579124796,14791.095204460757,1983
19.899065914520712,14.250525006508017,1010.236045412274,129.17829848917808,1.2904532503509234,44.61690759058479,50055.44607742255,1979
20.591076955697464,17.13801867635838,1010.02347151153,290.01032969170586,1.0494887291282802,19.87673515396886,3935.3138946889203,2003
15.277747444828615,10.221525537908311,1020.1792823204295,179.42671537675375,0.872729327752027,10.708205688907697,7020.716063461927,2017
17.40674026757901,11.945478938567765,1014.4228339523727,142.76828207216784,0.21692080526512147,88.84159993623186,38934.44076373791,2017
16.97929616623966,9.679138553901574,1010.1947457398886,337.83186675555714,1.5666422484220424,54.33002626532735,15815.278269200251,1975
18.161012174479357,14.353815527911342,1011.7458316409438,183.74568793885132,0.7185890236667796,95.27543725462013,4024.7466983902636,1952
21.826575563066093,15.647221022302471,1021.2267747613537,168.26778009268736,2.1623775839762325,178.99485304617744,3118.109901592679,2006
23.171073662682602,15.379696109289496,1011.8241756087446,242.0763847064435,0.7689849658340406,-10.318555394030241,4778.678677143877,1986
29.752502464070385,17.01740233791834,1009.5536168842381,94.04431236658239,1.1283244406004806,67.20441666886504,3872.2278615165287,1987
17.008229796306047,14.794585247524408,1009.575019249368,116.92543348379367,0.10756198110902963,3.9880816129316017,10273.757623400874,1990
26.921611992382918,16.389768465755928,1010.2543675950521,335.5365010459042,9.795882344845866,54.76624693373298,8764.234935159247,1953
20.930055778872454,13.468483026471304,1010.0275113878664,244.27074435729926,1.4169699439360972,86.92524895055857,10713.262664691052,1975
21.752681451737836,15.943566038368491,1006.6017607582538,297.589373197562,0.04907231769634732,158.2756413618469,3495.344427454527,1988
25.374097460833017,15.368752365349739,1007.3789995152651,97.60023429675466,1.558415439526891,112.68178494236341,7548.967609840307,1991
16.386389892188507,8.483453368025668,1008.8533981281931,195.76446837475393,4.08589522882461,76.76526004472029,1037.2209230028152,1960
23.912048730920255,12.490538946242848,1015.9578550922655,349.7026561162194,2.9616684569246954,129.9419601043129,9367.544839458898,1960
22.83226104106528,17.424576634556967,1011.0938135636356,114.73340365015834,2.4139993221397575,149.12902540288127,26250.508649500513,2003
24.462256320040744,16.033206934575876,1011.9641915545297,57.771531474135074,0.30040117750345346,167.74067515882933,1949.3555127642633,1987
23.44584321953909,22.266630438624023,1019.3504401262745,183.91896296087904,2.144352124770302,105.23768880919496,13140.156874256854,1969
34.27650069955447,22.004840358426378,1019.4750357496921,139.61559194095543,2.9074201939836692,63.65790892911842,4398.3539526369195,1975
18.81130007874342,11.325008008262552,1011.5893752843114,57.44780380321687,1.6992233689350837,45.63165909587238,18078.90655009579,1963
19.345015224990913,12.410724716922836,1009.8456824465829,319.8784977732125,4.465166878711126,-42.21717253464184,9496.204307904492,1999
18.88429736787618,13.705277467790303,1008.6778484316324,356.66060779936004,0.6486638476912597,100.63611350219395,12145.379794955825,1974
19.222614404198726,12.515423405368484,1016.4638788485412,204.6895850483992,0.5545256166329972,16.80849407819715,8645.756476111526,2004
18.81306436346741,14.39380948243221,1011.9764638323886,278.88363661444345,4.073833278180883,25.866673152172375,30587.0442078459,2000
27.94508265553776,17.60438107889912,1011.067525548386,309.25381303666785,1.9637835972479438,110.56513985600235,11469.085505505163,1959
29.102521239949276,17.60858143103733,1008.9316771243123,252.3535221678577,0.002896537512182298,-2.183079613224507,4002.1071383912736,1963
19.14626853125262,9.805958493058618,1009.151667954943,15.896177680223236,0.871224218908932,114.42965783096122,8943.793010742433,1954
17.838222134478855,8.039607158260804,1014.6002909574662,56.748323418054404,3.9018291018294446,80.26429001753644,5603.344648152385,2006
24.35707778193202,16.0138164084023,1006.4228086705637,25.556108814499126,0.0553992571349209,58.27520080753021,9531.905331514825,1971
19.238884778595143,12.865258720230155,1017.9743434689397,3.5566583911403615,0.006506428458474822,59.42545652833534,5325.331742154035,1978
25.164659088777555,16.35238730717792,1010.3307767809254,110.15870715260516,0.6605092258042485,49.937366033586834,4118.273349005907,1956
23.0146151042565,18.597042167353873,1012.2518202787411,141.2481457733615,4.906816826138325,207.85186087846492,9889.928674879582,1967
14.42127942501384,12.550956016725957,1006.3151102092972,86.77070364093326,4.634942314823417,1.5485577296677349,8568.000141277484,1980
29.73752600665031,20.146662229766214,1012.9381703087881,23.257673311075536,1.4627864322658337,113.57549496497259,23481.21092074154,1992
30.979388365477607,18.0977296294504,1011.3583952865472,190.75071270120392,1.6114534757722991,85.97219079811352,5351.0288021340375,1984
18.93605654757807,12.121829367194541,1012.7495970057176,98.39495518457099,0.8069581970144228,65.37740005465696,1117.8317523078847,1953
20.061492200320078,12.84340175238993,1020.3585444918094,286.5733757508824,0.5587312656091913,87.79912003825059,5631.489221594893,2000
23.429326953624525,15.086258942981049,1013.8884902289512,2.898943785101231,3.3771987709825018,102.66758157289436,1593.310555626689,1979
23.672283949935125,15.175160957158095,1009.026704079271,303.3097384635397,0.2247587595993824,56.784983082280974,12279.321823743227,2002
25.29272136336415,16.39797916290529,1009.4434004472672,343.7113244205445,1.3363409079012691,24.822447486298728,1519.4475163042046,1963
32.05102269383175,21.6626326538867,1015.9756559295688,257.80862273528504,2.0124158870502127,67.18134981598922,3015.8257057459,1985
21.11526386252975,13.509602506139712,1019.4934664549671,264.11186349452396,0.21891622173911107,46.53353228304631,5640.147754329676,1961
18.00851377730773,13.022604661366595,1014.4095901037552,336.08243217698396,1.4663019176223362,31.1952819249589,37947.18504692832,1983
15.103403859927363,11.293120133758876,1016.4435637227739,75.26566270812569,1.7232324380917732,-3.355115889541814,2771.4055362108934,1975
18.345349800290403,11.020454685838303,1016.0486886166835,358.0436045550876,2.7134405199896996,83.27090152156563,8204.228599066024,1955
21.834365135631014,17.826186246955775,1020.0953220667876,278.45323321627507,0.535330306555839,2.8769094609150727,14472.080318117036,2002
30.972789317588937,19.720827918631027,1003.2520491363698,261.56545499800575,0.694375899915945,102.38241446684823,35741.24250508753,1964
19.411943504819142,10.352759225742725,1016.3360946965227,129.99260843830538,1.6857141548392647,-18.230705301264877,17637.71439499853,1968
23.118939758194493,16.94481397346625,1017.9186802195178,196.4798947460198,8.164011200360873,130.20118858153896,24195.13724422936,1996
21.91788551963624,13.707703594916687,1006.3063814693221,235.4104037784049,0.490505289109613,37.79117567001377,19231.542697644378,2010
27.94196636724042,20.201959398583067,1008.571659079968,223.32343007419774,8.523703891274145,52.68848439224409,2418.4376913929323,2001
34.63466212936811,19.436926288356613,1008.7460862568593,253.79446985192908,2.5059237079249117,68.30370465030117,11610.813072416764,1967
19.345656135398396,16.326871177745012,1009.356049018113,29.657426068227824,3.498343511153359,147.45382013904143,18932.985647274403,2009
19.55280278740889,15.031548767267026,1010.5914147453224,128.03343581941084,0.18783309284515792,128.25836147496457,3113.490460292564,1996
27.22080438534536,16.053609971415746,1014.2130140652747,156.24000597437177,0.7145507838591961,87.26101691901157,4537.993002119828,2006
25.40945744813156,14.829065965999519,1017.3283732558368,93.82654723498793,0.11894017135802619,55.707798616980625,3629.3458516868473,1982
31.233536628680167,25.208007448271168,1018.4065847888427,62.145817296920555,0.9289880540444748,208.74067711831282,17546.731741003572,1981
24.91964092662982,15.968988841644956,1008.8108846941611,50.01389276863061,7.957357924975664,108.08364972206675,7560.69865564057,1953
20.203539546064704,12.474107984780042,1008.7764850064851,131.89802121237065,0.2224734093924465,50.67341107996881,5879.071414190851,1990
24.953274153461546,12.935187719124517,1019.5791092000811,177.6390122025237,1.652775664604301,51.69979670050075,2249.200465424679,1968
27.543517902914537,18.57890612083707,1016.2337196770932,22.671518452797855,0.01217824791626716,132.96730289647115,7574.978156978417,1956
26.102410905986822,17.816248404519268,1013.414324209345,340.72491405259785,2.4943370057915213,74.14627421932032,4593.56479316965,1975
24.53637015553649,18.60644530241451,1015.3666833777748,275.487596229873,0.43928111885159793,12.00100830775969,10335.49705463997,2000
27.33337344794577,16.335204557193087,1012.8509810907428,263.10663834676797,0.2775692755727565,93.52083988919213,2583.84221660957,2005
27.846477952228362,16.45196098207863,1015.6229234152381,62.2297889959417,0.8220143103227533,99.67070536025705,9680.86232540746,2000
28.910794955187637,21.139481738184298,1011.3196665174713,217.36827648438802,2.948453469843115,99.34175713442069,5224.159640277798,1957
25.243549437948214,19.68394474901788,1014.3440246721962,190.70098085112028,0.22547103586822928,109.86400720966498,2323.2052263564624,1962
21.164409598415727,11.672782016655242,1005.4472697481525,353.68878448320976,0.52231137925335,50.26974658062801,2148.9098846045945,1981
22.733568432166614,18.07652607511611,1009.5610785258729,269.1618372288569,0.017000896549123016,74.53945312713435,2497.335423805583,1983
28.032544832541785,19.69786506575289,1009.6149441160483,207.27427813784323,6.910137215004057,92.40698684027312,6591.926637843455,1967
17.91532164506382,14.724335829693965,1011.1280498339654,306.292559929244,1.793690061972863,-10.32022100314255,9145.300633451312,2004
23.843366544364507,16.549915858019922,1008.3674337261012,55.83393750985542,2.545214597108946,111.80535840112384,10612.879952953745,1992
20.033305938363196,8.978758321878335,1010.3322818708846,5.4779506887517915,2.1075637430960015,90.90188669373003,11020.945942534308,1973
22.143724114674086,15.19667211563978,1005.4279296880094,248.48400002922835,0.3118217601716276,121.87025291323351,3795.140604284733,1970
28.392259313036494,21.994869156468084,1015.7435023819745,35.39212568540549,1.807439848181027,46.3525266632122,23351.182590652275,1967
22.955495340099517,14.281354699902234,1012.587432405443,41.55611039406331,0.28178102676873495,54.09521184714879,5207.0797761674485,1963
22.232182740780743,14.786597980731615,1004.4739619611199,268.085061512831,1.0257770133035269,125.61569110483299,12710.068581771944,2002
15.200719295100404,10.288236499468326,1008.8258504472666,97.39254388823608,1.6831233220803186,20.82579647359274,6876.358936591846,1968
25.731267830136105,12.212859721358308,1014.6830071378108,226.30723760480146,1.6368817146626788,168.7029496503294,11797.244092614797,2006
25.227420905705376,21.001889784868716,1010.2848902680711,330.26649339338945,0.253562000854038,2.566085829479917,6539.865862076756,2013
32.8162736165273,21.168640171774758,1009.5152926993095,113.93083138962899,0.07008572195291847,81.86907066738627,12011.681055260215,1951
20.461108825234998,15.334247042610095,1012.6270366149596,78.17189682237077,3.2012964490776183,41.01162783170045,8043.431946561491,2006
23.095751638319694,15.993623874527366,1014.7179876758911,38.36263814677862,2.5886882719915785,113.99938072738613,18285.07752979324,1983
23.246918418553776,18.788081005706363,1005.8182377148042,46.9664501111014,0.1707212722023626,157.96147840938428,3573.55063731392,1998
29.88726639881737,21.73319872402832,1015.7506424060894,22.400170336383383,0.2725916060089379,110.56180554775706,1380.3724928853144,2003
21.523522338065238,14.596617093603715,1008.9985335919631,31.551256378706448,4.462088100981385,-60.96553512161812,3061.445841466072,1971
23.395107628851697,14.589545155157627,1012.910360158751,155.52165197129543,2.9317914797754723,71.48904147232678,23598.027694113898,1993
25.039482548582697,19.123339186772164,1012.8228992965425,115.5114162086291,11.124720110233625,88.1310173347784,6942.666350758542,1984
22.93304561578179,12.306249323138017,1010.3646694088011,254.36189315627928,0.5860257095958906,92.69643076688143,8884.489615459814,1978
19.767831927247357,15.129263189624934,1007.8817012693464,313.2869969689207,1.338091881177413,62.72221516888144,2825.2817862567085,1955
22.97044996449154,13.88122547203433,1011.5715672595387,282.5183531312583,0.539578420323264,138.43590600296494,8652.06868051765,1986
27.36815874929886,21.662278448422484,1021.1266515453759,191.0294123996348,1.9499601906839257,43.11310439294376,2913.7242588146687,2007
16.8674235029447,12.129795537386679,1006.1916248476819,36.879161843755234,0.2452716206430065,-0.8333182443955138,3375.229918368192,2013
22.66484837073438,17.153641395214283,1021.4615650955244,255.51622221895926,0.27219662066539374,43.4948165137206,5418.185810955514,1980
18.499395925304135,13.113554775362333,1011.7013941446173,130.6183409016745,0.14920549363392172,188.5130733847665,12646.01288910806,1999
27.975233144624212,16.077909010954954,1013.1768570854432,30.834141809547667,2.3656368374549848,78.47897110980675,14070.667363441024,2009
14.384065476081126,8.347387506466111,1007.5664459430764,303.2879065965452,1.362724107289454,104.9120674765456,14458.603263636582,1963
19.205390763642058,14.788552209772204,1009.1436529166126,121.757946185702,1.923262591386486,114.77580609904402,1655.5952402910254,2019
23.886059375322603,17.05355319744551,1010.48545174981,78.56957970416569,4.228911643826837,-5.953909398818411,8049.260474007836,1960
29.827620146171704,23.241313912931535,1007.7715251456104,313.7227432627835,2.696675699276264,96.34220395625464,6655.628499845453,1976
21.67124869463506,15.976423212318887,1011.9554102131457,324.76819264092177,1.2387636588073272,122.38796074586824,1750.781579232944,2018
19.22400236653401,11.523397875168486,1010.9649205409661,122.02950138896155,8.315334160443495,203.64288840527706,8233.642358973835,1987
31.40578534720295,20.391921467600795,1022.2539057121787,127.72851094129443,1.2185538342663573,152.8620158327879,6307.992647906073,2011
14.75993049791878,10.537786129589621,1007.1701290715977,208.66626992993187,0.23858235944374603,28.57862034372724,13514.597440195665,2002
11.005970216899591,3.0760910198295024,1013.513452583743,264.0389377718369,9.827402118308095,106.74678208232834,8788.919648474264,1967
24.20007225026666,20.28693434643263,1014.2392314095091,22.733712686470845,0.04617030702094782,56.55245818978659,4678.250385295299,2001
19.489728878236946,14.526303687520976,1007.6483972567409,213.60371658784982,1.5964979459912538,8.90345385951214,20450.49671579664,1973
16.893835914346433,14.279754334140247,1016.4341374772642,343.01522224208935,0.7395073078184222,92.30080189671284,878.9838279021665,1956
25.541782236496765,14.718039683929394,1011.0083649355919,94.35380298478333,1.4005536766174953,10.837557271577936,7598.718332332026,1963
23.219003568855996,18.74243281890971,1000.5380517420847,327.17779707489615,1.636119428266709,44.49416073241814,1389.5692249823803,1999
19.179606846316357,17.888722614476947,1016.2992480605228,342.0606026747137,0.5491260659536782,138.8456519286117,3254.5416441371267,1973
15.598478006645529,8.277177893897235,1007.4152955794882,96.89531074959231,1.6277334478936016,86.72029196763714,13695.37827909445,1962
26.362286641400722,19.99640423878804,1007.7611252693046,271.5126717187262,2.821675088196253,44.31393101206648,2266.070423777151,1968
25.251005889793305,17.677924012229898,1016.439510414462,85.9590029950416,0.6198821857292564,89.00483859669374,1951.3606574839926,1978
21.504120681103085,11.96401678027567,1011.2641925879077,265.54001822356776,0.9671542947141667,72.41199830512343,87723.48964853719,1971
31.233184980238327,22.848997429870565,1017.5888607527575,287.07118966397735,0.6246127360667164,150.59907910540971,2081.2229332098177,1951
16.649576168369236,13.32190972753316,1019.0508304768266,88.9940533358338,3.435825779194449,76.33084652682294,42214.57852688428,1985
14.372374145376305,8.85840879642572,1009.7753576983885,257.7130356899646,2.58183934286254,52.266918310181836,6821.248751167694,1987
18.540459650593778,15.31015479592609,1016.9663124797752,292.35763399107236,4.098933608693366,60.2285220696625,4794.2419284429725,1967
21.77206991822251,11.90692212917736,1009.2226959930356,129.08839395848824,0.37277938385599574,12.706534165905481,14282.444298209912,2000
23.21669724661346,13.262175779730132,1024.165579585661,60.3729993563017,0.15285438574201146,146.9729292516235,30840.80949484922,1964
20.79381971071835,14.828868588680347,1009.5352149773439,33.107244234304886,0.25426610598637994,85.89516478904335,2575.842793236453,2001
23.760276982571483,16.68296444374458,1018.1304372048,207.1374132995791,0.35113284711456444,62.08476476099492,4864.650781678245,1966
15.742302879047779,9.586465038485235,1017.2189501294079,352.11532295365674,1.5232060811330477,39.018233802374056,18899.10290702125,1971
29.218823020366298,22.072364986200178,1014.5804391105447,296.2621152079978,7.074863959903864,89.36657161731587,10807.485905788622,2003
21.589244108037157,16.174259504057908,1009.6472841929166,156.90227001643902,0.8839534880984796,29.079640843027796,24389.739990118203,2001
27.58647915794064,21.02681355242648,1012.243012540293,193.1835250277851,6.3645222665848475,61.73949230785815,13563.151614423325,1995
23.71362673188852,16.35326584161743,1002.2320594352773,100.63003874825482,0.07789915340567581,133.1189145249234,49425.6109516541,1953
24.283766095768918,18.203796802994923,1014.1221001919113,58.70371224962288,5.231093444108946,4.083193213631489,9687.470212650012,1956
24.84883640116102,16.502884874752723,1014.748076655142,173.54921696361836,0.3997150923941058,175.8316916405632,10115.368179845613,1959
24.238542800086574,21.074617340233793,1013.6674970953069,166.86056382018666,4.871661297961192,83.16109148071229,11178.207154696343,1964
25.21361379933772,16.02443811929243,998.1334691435372,187.89478300935366,0.11574012719083827,42.28182542554667,7026.971871546202,1975
28.645762650662157,24.262628714380135,1006.671817774551,343.0096508030187,5.921481268953655,78.7644936397614,18922.12514175212,1989
22.98260584850735,16.157599988133963,1009.2595450857567,217.402308052118,0.44828375975390883,93.10315008323123,10270.605135885542,2010
25.54501878794256,15.130491372422306,1014.4582946659452,218.07786118405457,0.7211194171022367,60.42732756148599,17821.841045800375,1965
21.551321528563868,17.822083770971908,1014.446694528215,46.08891462998764,1.3503879919285975,106.92269389388701,20837.29843077543,1967
29.200586077247365,20.692213030863073,1012.1488810401441,358.73599182365535,0.9583983781734968,45.97779170149464,12437.292296646958,1951
18.61803848970365,14.73487513955303,1016.1762276830198,278.22417992448067,2.2023990810180285,19.38410322038822,13382.676141178013,2003
31.00470216455408,24.15100335227304,1007.8687881234855,315.7932038738417,7.362439112370044,115.90288658873195,2950.3238188266696,1967
21.799210246778284,15.935358281034848,1016.05117502847,149.14814825915786,1.8649748398867747,37.53048676343136,4673.419978950249,2003
14.846124489409759,9.207805452961201,1015.3737105241995,180.76611448282497,2.5565696623443857,145.28487769997008,18833.330028541455,1987
22.640522074553946,17.79979220752626,1014.8877736641896,187.95017129841952,0.18424209167704628,120.25461906000663,33645.38510947167,1964
18.594741712625595,13.017830213747107,1012.0897978445718,69.87403414425786,1.9767146577131276,81.71724976180766,1163.944299509849,2013
26.203217744943622,19.71396805867737,1022.1537191241563,248.2160962777046,1.2097224149298322,93.79709495004035,4592.302690504019,1957
18.736880103488044,8.808354924858708,1015.4659784424493,325.07162050228436,4.33929901925072,39.60531692056358,8296.762043381126,1995
19.769082833926102,14.732321417767974,1008.1583206837322,58.934094529830844,0.9827359800612053,50.40881299178074,3363.4601779216277,1988
12.552296345272346,7.509435791400581,1014.24152737868,31.07457845501922,2.2754598731370885,-5.082135402258054,3559.873736060361,2001
19.738468403754617,17.123547156985293,1016.7624168853711,265.7588059945232,0.5179397573112383,78.98032008022224,13028.830006415483,1957
9.880603366855217,8.162597052576842,1010.0594570053785,98.35265940227355,0.6005150488029948,-29.531392331037488,39394.28244597835,1999
14.080485882571384,10.336055609498562,1018.4463612346555,224.59051498223857,0.9436022665283884,115.53304898536183,1062.2838487987383,1999
25.802073280721487,19.034071283205485,1014.91016852858,250.47300167718504,0.7249938246713932,83.95763992362913,6833.0324994482935,2017
25.92900079325416,16.153418849524474,1001.2876083116732,115.88787488945584,0.5857345565596486,153.0396908350948,12878.059672827158,1976
24.127287808924823,20.135614847303483,1014.4983598866896,293.4520550732824,0.10188924909843369,125.18005665714759,17680.435569997513,1987
17.165119284353935,15.998324335881563,1010.9698542279364,197.99603356111808,3.6249000819105675,55.1443244715448,11149.248138266361,1970
21.7614432192901,16.018837274599502,1015.6858990727087,312.83978686264896,0.1329240055872162,95.90804184965972,47164.77261111032,1994
21.981987304547157,18.568198250330287,1017.7210742012591,274.7856789212211,4.367214708833949,49.05629867987713,8340.734769460214,2007
16.208176554037287,10.207427190481033,1013.9758102357091,312.6872275334834,0.26812681467979615,49.72462775982407,30091.34266886453,1972
29.51699150883575,19.06766692373506,1021.3262611697235,7.258097562441872,0.13497744313850846,54.40437678356524,4245.574094023691,2003
26.38681145287836,18.552617514472697,1012.1064655771826,87.6622538658941,1.6556659710072572,169.67696708539592,8586.813113847531,1979
20.89517913085168,15.496507468331972,1016.1240891152694,32.40285856053791,1.3960854587552654,78.57865745443358,2409.7659948580413,1965
22.134429194972654,14.706127073994615,1017.0247128681867,159.1498861881657,1.3515364223018915,112.96509382070448,19947.606507298777,2001
23.04191403973776,17.2048762085534,1012.5132701555364,320.38564378151455,1.7090010028229823,52.5531076560879,7183.6086793330705,1990
11.791325657878547,8.86670692466181,1016.8938715398889,168.3144944160729,0.676706506381955,117.55509261679394,11589.109066742065,1973
20.764113087397014,12.538265610595799,1010.0266350641891,305.89669604894186,2.1750436720192536,31.023234113014034,5923.195535897579,1969
18.590078760011007,14.050641166911147,1010.8871579048939,117.78416568695444,1.3959263967868996,55.90493160303551,14565.754956512119,1976
16.991899950525422,13.621386450410839,1006.4375565483184,122.24522620989087,0.8151650974802552,35.34009253478375,12057.401393114695,1951
20.594498535570224,14.759087610079938,1014.2070455818503,322.40222291767594,3.503163047743877,77.30877323577428,2996.944564140963,2009
30.988432634247612,23.99719905049671,1014.6262583792717,153.29417274421255,2.601856713757008,65.73743561226249,3175.5387037822725,2000
25.20421430633505,15.20814242744063,1018.8963157928962,284.3155756060799,1.0004649989148504,113.53449486970084,7881.167010444272,1950
19.144105051086015,14.336774380023913,1016.9557000217794,85.19167723748448,3.7627266870330707,78.82553026292202,15671.10668670456,1955
24.862913906780793,15.063478321953005,1011.5760222167628,341.56829868394874,5.057923984691779,75.68636335683433,52203.01616362574,1987
28.99677718293001,18.06958131158483,1007.1091015633286,206.8481687510056,1.539478853223129,38.54692176934086,10970.782226146457,2003
26.623168414563843,17.37435622271911,1015.1642520125998,273.35648468822467,0.48402197997138613,80.8340592596034,22192.98223819046,2009
22.29815184960087,13.724585927572118,1018.5537658620732,32.225651926158775,4.948934418847365,66.05119420083918,1615.095012564953,1976
18.76531611147213,12.039729640548217,1016.7759248690197,177.35912129899035,0.4201575865362864,107.10182443922886,60654.908910146136,2011
25.49111656806795,17.415480976225187,1018.4223876242864,324.3738591842484,0.09926981720739625,65.99506807182854,14848.976378721554,2012
23.967426927108747,18.45150782163889,1011.9405523440088,315.73390645558965,0.7934677000639091,29.530383675285144,7710.940849209563,1984
26.47596610013866,17.890858192685656,1010.6669051591218,16.853024604321917,2.5963204220661704,-5.182331386401714,6872.642485601666,2007
25.175859008409848,14.451849892347706,1009.315493238841,109.33144888642082,5.135031540960216,134.47872488066196,2677.9321828918173,2010
27.247763576596675,21.353570196607993,1012.720517666932,159.59520233246883,2.028279320630194,80.35193559299225,3564.265227384472,1985
19.32382394219716,11.85249649230793,1012.6070460201558,62.01533316808376,6.0663926149573,80.31450209451297,54744.688656538594,2005
28.586970328171628,19.893438375510883,1014.0333881426956,262.79939195638934,0.19383879420743177,63.633237567362556,3013.916159304147,2016
22.987998023461998,16.98467163030482,1012.3535127148225,66.42431841553616,0.12535513070195162,42.20791384340298,2956.4137509074303,2006
32.37630436312633,23.062633890993993,1012.3318613513661,124.79028997315902,1.8536518186890438,100.27427675763683,4014.9473538325524,1990
18.55406090955216,15.176201731729462,1009.1165297351392,238.78102926881456,6.769643740021598,18.720909801207448,2445.0460767764107,1980
30.679819015826247,22.43387959786389,1017.7080950677574,173.55216402881277,1.3972093269502919,85.49873291112205,8228.06849075493,1952
22.989553917313238,14.37006858272505,1013.3825903112186,265.88557390856175,0.10577908477347164,110.58467719697435,24074.54922389399,1987
18.74290998192776,17.477161335332756,1012.1277803285736,346.0348444402295,0.5000499213454627,95.29863994263312,4400.650604911125,2002
19.58057082972839,14.095066507486338,1009.262853733754,41.956807577471096,0.5615265424147363,35.75924522375338,2052.216526045419,2001
20.3982634590284,13.984103968076866,1006.3404344480446,255.44437790330193,0.8245478586331993,55.506612888470244,10849.3593703131,1973
24.120829732009582,18.81243165851785,1019.5398209627467,82.92389602756123,0.08916516248016298,-16.221612656134596,7663.512145746893,1975
24.6141774401775,17.728826099984392,1015.773193540659,149.21162186672493,4.705499112616421,-2.197700210996601,22086.55983141802,1986
19.131499980307105,14.190506372093626,1004.8804107871501,11.830581286250336,1.4495396744217484,34.581641256219825,5143.513579509322,1997
21.878227038695087,20.299126924287933,1016.8157115035483,48.92665762537162,2.2229743891517,71.9968186029661,6246.916246281282,2016
32.71135179305932,22.34770339863143,1017.6124058511656,115.11982405760389,0.13907068768626002,42.46557073652047,6977.665159702398,1990
30.637715850503557,20.8108793073177,1013.6218806115046,123.11488990367458,0.11126955273824392,133.59587446371822,8857.360706401501,1998
24.18161834837016,17.16028986788404,1020.9905544787588,323.8506779263545,1.7660396562261247,121.53368145404903,5472.212664329009,1977
22.190017390841,17.676044044750775,1014.0835982106145,267.05264733594544,4.365980918620266,30.619449771419042,4653.411530026382,1981
22.600156633591308,12.807041583133117,1005.915882360254,349.9858685473348,1.503596007276787,26.875643788587126,1273.6248354778568,1981
25.067589863652085,13.61620112160345,1014.8258450052416,215.66574372068658,4.2045062791254395,99.34453426277126,4603.687035497074,1987
16.88603717400797,10.645995480565285,1014.2244865085637,87.01694355287447,3.3319241813551845,139.19264096550293,16567.914923643344,1969
20.713117312883274,11.231336200899715,1009.9835157561092,117.95581077179143,0.15776995875493957,48.07394824826595,18963.01001679928,1957
13.657079630612051,8.710293046377158,1015.8677941843871,115.14093238510814,0.45118678541741297,85.95422776116308,5058.8121229374065,2017
23.996115613026397,17.802280321377058,1004.6616736690457,117.53795795877058,2.144197805902334,80.03744477884678,29717.340159714466,1975
25.235979698513706,15.883688061855068,1017.9528341372139,242.26710232025363,1.17218118527255,80.59482092852349,7873.798875380098,2019
19.58406768850313,10.855194228389504,1008.6093914819727,191.09085411254983,0.6869528960919535,50.30080305202773,2126.3318291873684,1997
29.869933816450164,21.04762799494581,1008.0752693744148,138.75270411119195,1.0847490489791503,140.30650492021633,1552.4908864451654,2018
15.871171684988294,12.834907148722145,1012.4308761384626,53.672316742337976,1.1782939059233937,151.3565170119553,27398.893891000487,1995
14.6781255989509,6.884741042232404,1015.1648646402182,7.9700986591725265,4.828201264492282,85.08102232509594,5580.291391656799,2007
23.122259092799858,17.82604616157187,1013.8196203179672,78.78048393156934,0.21842090924256052,12.64136281160134,2406.5163358208583,2019
27.235491513060772,20.699456466619193,1009.2867041711381,38.689705428725254,0.6562603482229651,72.82969009976256,846.1729984244737,2016
30.419638457289345,23.201917124415793,1010.4695535440405,282.7602111068062,1.5424977516267293,3.2498203425343632,5454.978130172511,1978
19.7055786856553,16.230865509702085,1007.3347882631127,40.49926481299874,2.3965576028157707,170.31162624743567,12145.94756022997,1959
27.39340416715648,23.579410766328767,1011.8766004918507,260.722165430461,1.9919523219544664,105.57495926085883,4033.1736690765238,2014
21.807457652496463,14.553036259509414,1018.3751060725546,138.83712831938976,5.682342935247694,26.458892368251064,2826.3879703618213,2014
21.136863500295902,15.014947610362848,1012.9786853117806,26.41622030775935,3.1754401702124486,82.90463935538145,4677.991973724398,1966
26.41829968743336,17.6599329147073,1017.2970712737973,292.5828177953709,1.6287179643283398,183.06318094897563,28090.648859712022,1971
25.2616143920671,17.68708376395859,1020.277006688631,208.6670052851808,0.48333485688743966,41.72099685799455,2012.2693264480401,1963
14.118039215078753,12.94837416182775,1010.0599074048151,84.87414463088629,1.1988555540198813,20.242040216440806,4265.432960638985,1955
29.38270174862948,17.877862256179295,1012.0671337347231,322.0852227597604,2.3643068045317315,38.23076485273719,27194.165881239827,1979
28.900456770737257,18.508220395184928,1023.8559643053125,16.292992993398524,3.6398509646756936,121.04137620859447,13282.149759685639,1996
18.872186492452354,15.96489241772577,1020.2217170598997,72.65505895119465,6.424606166592791,56.69160980647308,9692.695249953382,1969
23.979017667187044,18.825385380835108,1004.6379773709382,270.73689401010995,1.8600328298150763,-27.638862569579572,4236.758980692005,1965
24.470150931413695,16.402842358355432,1014.9357415803046,255.3760549115601,1.496978868407098,92.62148200780925,8354.075766472974,2017
23.303368829119535,18.021162182625112,1013.0027999616984,104.13780974081209,0.03570059183901814,123.57117271395127,4732.32039776031,1983
19.2484742307729,14.156363646525095,1017.1322655542938,22.328955127001922,0.14966061488895727,38.531922908362105,3431.0234203288455,1950
18.641883160309742,16.049867430218796,1009.2751061625747,308.9081060009798,0.339454393817493,57.255303791314674,2751.6128914038745,1997
21.872229645042772,15.459579939183484,1008.8019581397966,112.93114970516493,0.11263268536437222,64.32772359614637,17749.197744204157,1957
27.863645096296825,21.55581579515294,1009.619646423532,70.45682937417548,1.0245307821504868,127.40407057944444,7628.098409947593,1971
24.71800077297216,22.586624362065752,1010.1403572690078,185.78225604995174,0.82159423147539,-2.9521472537558253,11097.928450501835,2017
20.14692833956947,15.29904814779356,1017.0766208340451,327.681791741681,2.0286571249519585,32.89539921964101,9430.205672182743,1983
25.858493553241722,18.19960181885889,1007.0939941342556,15.676768023615125,1.5342984738974605,66.72919791206284,12593.282650570043,2009
7.757286896849623,6.874994798236695,1009.8869305002034,275.6894716911196,1.8125360517746152,61.47199918100608,6280.979445836277,1994
27.743828501860516,18.69011823489459,1004.0549380474928,206.0903620579352,1.2772316399070005,89.58908495988494,5005.750091468407,1986
13.301431106109503,14.086937185326114,1018.0355891170618,153.1616819586541,0.6507322923379544,-20.351516435210435,3585.738290517827,1972
20.18779529298434,14.491598780481,1019.3551504971557,267.8689598778216,6.107795727761495,36.91617084296065,1970.476886087464,1973
16.401650526869282,10.935288728357472,1011.3646328456811,347.69679279898764,0.18074493227561877,116.7249055029329,2638.5025765792534,1962
15.526592621395473,9.197236824936757,1011.5102531759339,82.51423601856877,5.590192230786545,-21.21569196077472,5622.784477956842,2018
27.804133936892597,21.657334139037694,1015.2661095114145,51.71305142596306,0.7457191276825287,139.88348164091403,1631.019430126596,2009
19.661493993440544,15.497420621063858,1020.3724100368913,328.6374282801709,1.4375924267546483,110.02746480533054,2033.907494269245,1987
23.73251940865358,15.618054843229318,1015.0430537378196,240.82310788462934,0.2304678012890772,137.54901000600768,22974.493301411905,1997
21.76539710560408,16.3886806641677,1009.5122902876244,157.67496776230774,0.14714468621009516,126.99907512853842,10139.353166797091,1975
24.385204136115608,14.052530958855211,1004.9058871400678,206.37344529514192,1.1226435551322433,148.82658941503593,5157.273213470701,1950
22.384109455301278,16.038817768857207,1007.4243686866826,268.4210058634479,2.707246843343359,-7.034903169617991,78556.58396150751,1953
15.585038879057151,11.815039919493396,1013.3660972515623,278.2914835340582,0.6276819109489021,111.66508981280894,1558.9226945820326,2016
26.9813340972357,22.301593487183435,1009.723362383996,331.16190509482726,1.6526619023568903,117.79876835154067,21495.766257345796,1962
19.531217084193436,12.130214353478026,1013.9748385299538,153.66340400242416,0.6532625893074148,32.98105358140315,7248.384657926544,1988
14.217090506701245,7.395258097086223,1010.2353799188188,105.6279276069822,0.9840504640509627,-13.900958363089948,17766.09283795308,1980
19.859424195170437,12.110741014769221,1007.709267843528,230.2791360443431,4.7384397469391155,65.75148335271912,9035.835904864824,1973
29.503798953171554,17.979522266590248,1007.1148418427347,149.66204374063093,3.8736577745645016,216.281339933771,1246.0763053919375,1954
26.251108710567465,21.04909081291519,1020.8117725468661,214.05544342163205,1.4514132393061483,111.44668158804654,8914.73199471556,1998
20.256739327960705,17.276996119620566,1017.4449387459182,151.19488744414207,0.5438947032674339,45.258135060467794,11333.926532230427,1960
20.253711478407855,14.818031190783154,1021.6525897591398,55.07848320414281,0.4293190670074515,184.39685787149682,905.0721836655383,1973
20.391824743913087,16.716867212109456,1015.6997545037755,168.99363059722504,6.162029333753812,103.06902599138388,56616.07835921831,1994
32.383739917804206,22.936534703623416,1010.8500429569258,248.7304158987718,0.4530901511646717,140.30499901489986,11061.29762532333,1983
23.909677261157768,16.546550787408908,1019.6167046124497,287.74217076035393,3.302273821491849,95.08998123223793,15866.856886690392,1960
24.150208235955347,16.239070527061216,1012.8346599931912,177.59745964675687,0.9208044120854662,100.94481895224945,2526.197812523476,2006
27.15141727015921,18.38521010635632,1014.1042088514517,59.48564047574433,8.489383626679706,-33.84102843025671,16165.223595601452,1978
23.193945795132567,13.140158943974734,1012.7858781046224,149.28757547379536,0.9182246796549616,84.12241435991785,24088.852474987198,1971
20.704789270896484,15.021862016842215,998.26547890358,283.06581438301134,0.8662378229997038,107.26766466219033,10441.75789634215,1982
21.01825075457511,14.632107707774487,1021.0236750614743,148.62933742214622,2.02926095117969,145.3931305808468,8027.500124551218,1998
21.641993702929682,16.64011704020653,1015.4550197297888,250.75108569752004,6.515067337518824,186.0965785697497,3315.659659401431,1972
21.813888817450792,15.456769165092773,1014.6491153043426,182.5969254041123,7.476946769334447,122.25414582774815,6527.589960297126,2018
25.6381477181849,17.621295999591247,1012.6911196886472,86.8403250393828,2.4565729782947394,94.03286046665463,4856.000742974784,1978
22.259729429036497,13.839424540310286,1013.8171391019307,286.61418288830674,2.8097833737604225,78.15522248149239,14357.03919846797,1955
25.663200386077897,18.108546743898046,1010.0136053207688,30.31684346544733,1.657485637567906,46.385163356745394,3463.8088104901244,2001
21.59641709945709,16.593966431252284,1016.0828967615364,188.96050179185423,2.8193367477756084,100.52106776237243,14251.974271996869,1963
22.393175951580453,13.388545183938593,1006.4645082780044,75.20077232762577,3.9290804011531875,171.63448535839075,3501.7370952037513,1966
12.008996577339461,8.5812451114991,1013.9303421623528,24.143626274895237,1.331434890989453,19.781500641535075,6233.214475180956,1977
26.58163837351241,19.073232764517652,1015.8078673528555,181.0562173499696,1.934443251400303,99.2725433763806,15003.58418207087,1958
23.732442379489964,15.176580098406445,1012.0066543308855,179.84237613657248,1.5414249318364657,37.27831792321734,4008.6238426403297,2015
26.99005054929826,17.717322774692782,1014.8543389623551,254.4843246032595,1.6532228127258004,142.99342712129987,15530.11760657083,1953
7.518723109031553,5.7243278738545165,1008.0433280388288,268.11024949868573,4.415421104750493,87.32814226662792,14086.809719879728,1969
32.44187352390364,20.4424694301473,1008.1708661455202,262.00493592944287,0.8789234913156704,69.5329077633283,6179.850298551931,1990
21.302051859224132,15.611283731955677,1014.183585605132,147.4411438500318,0.4668525394455789,100.01677833213922,25894.430898834184,1985
27.540914083687582,17.487931111262906,1016.3927482731052,227.4083234015625,1.2186421466567534,-39.9257498777738,8758.538586404833,1955
16.800470364372345,13.886036641127072,1003.6256717224915,207.7002873518257,0.46660291338415244,39.793150321082855,24398.490060140535,2014
25.06386952531285,22.22036415849559,1015.6101031755538,151.76223220209104,1.3799062765445547,150.51710584333244,48701.49101260054,1999
16.73292218413172,9.991531925488564,1010.2839924981183,214.99656990695755,4.67659253500446,26.113936631112523,6365.824112756893,2013
18.881155196520975,14.285224362314032,1012.0359695634629,341.0092356142545,1.9217056763145806,0.10990950983385517,15443.677635243086,1952
31.57015676933393,20.645625928769714,1006.3024103821748,69.44174772529584,3.868022392675376,136.37949740941554,4283.098925857937,1986
21.046587996183266,16.814519944923866,1008.7419137990664,326.0779544827895,0.36350164646391486,66.15314527831771,2884.727125226206,1952
23.087164365898616,13.630498237958601,1017.8306266276516,19.24398503395141,4.622718800519197,83.37286519858604,6664.434232169443,1982
26.35033865344377,19.40641057426606,1013.1643168699011,111.02011664459783,1.8415373076723536,100.06715033902654,2074.3429257976777,2008
24.47840943986302,15.388908674125409,1011.0861079914522,103.73228950015016,0.06455014072520598,125.53378422943703,3172.871270096988,1964
22.752094525717883,15.51249698980578,1012.4175582368448,225.49143883712605,2.0054352246214715,126.06812769278599,14638.826091903828,2005
23.824805012331126,14.615312958337174,1015.4460591233216,47.240982639824516,6.048138243321178,92.62793588762591,4848.142808679487,2010
34.01707792619138,25.45665549012547,1015.2024724808167,317.6451402623114,0.16495316866296944,168.623536791572,16490.077034339833,2017
21.711906014832074,13.524373501503277,1012.624864998016,298.27850704741485,1.746731326983622,65.34277567513955,10931.58886581011,2017
23.005495233574837,17.20777518216604,1018.4647955544833,234.7436950867,4.941501112394308,92.6700485739177,51593.65929396308,2011
27.25327198003806,18.389094329501976,1017.8523131845334,165.0289794451912,0.01948494494987185,87.38046966226307,13688.855116124249,2016
27.52762966478992,19.040396021755218,1015.066860145652,335.86417517114825,1.9934453822824043,33.72466062531935,24691.592258580982,1972
27.9351515278019,19.850117884261586,1013.2730589145503,299.0687596994001,1.2883418458176261,168.11800451856203,12111.18473783723,1963
25.19365111014592,16.111906433784448,1016.2866054755976,179.75345330924816,0.8523235849733384,87.24840367059487,11063.354188092137,1955
16.284975436347583,11.82021703252508,1014.5713371090059,252.67440760355203,1.975232411091557,134.12851666507598,25970.928118330055,1982
30.16715766150548,24.17767949176266,1018.3040003590297,204.09478278468643,0.10828331443233762,126.62333310814208,15816.317920845511,1958
16.26827303490656,9.831601552769161,1017.4978068836915,211.65920581977522,2.797244446125267,74.9585823771295,9997.232792754903,1961
23.513177326195166,18.802844414884305,1007.9087304929113,119.15138499748966,0.008979079677530267,123.46192556304081,9953.252547477425,2000
18.22862074990321,15.756229791907815,1007.5701841462915,166.35045766496285,0.7332651245805534,78.68094193706231,13880.34808380691,1952
21.679308267035037,13.543205808868438,1009.4937522779796,28.123715084307914,1.4021919279386965,36.038950779343566,4140.726276501492,2005
23.643812051517404,13.640559225881079,1017.8806934503347,128.6455289992533,0.9464889520551875,66.95370812260808,3968.7264702253137,1995
23.606786077251364,17.128672054419482,1005.1184550161438,250.4982655303747,0.7348245818375494,138.05544585875714,33705.150293808256,1985
24.109603771176424,15.781907594289748,1014.9737869455399,343.1577709822271,3.5537631378367123,120.4124366654012,52282.32630900521,1962
30.068556345293235,24.785195880031267,1014.8127154554649,346.7030805946873,5.461591080582532,59.3416303467619,3200.676720511153,1962
24.2676715075699,17.056985136298593,1018.8132402934309,200.060232884961,4.138391378791113,91.42035868098651,4150.58915230791,2007
20.779216823546758,12.941052960412371,1013.9016934533195,218.38401065144956,1.478094564781269,19.305830629484582,25400.466513321007,1983
26.82043584144179,16.479986066985827,1006.2839530470804,66.8596267803483,4.311162787511416,90.85850324332577,13815.134776825542,1992
27.947352444623203,21.7429566294179,1008.2032251967594,250.31091891367106,5.073113241193046,144.60816712730596,15937.468179540238,1977
15.861960924315039,9.961004698852154,1007.0900223905109,25.437165362779048,1.0526854441083866,19.12485500002029,19862.747965158378,2005
24.98700034924929,17.57855784339536,1010.3102801683343,102.48684688780003,0.6666029442396467,75.04043523435116,6369.446405380377,1996
25.505863711554493,19.765710088313106,1012.0854921628803,240.6108050227592,0.20686964380097234,37.467386331075055,11270.79251123178,1984
20.51218248320004,13.390011034378366,1007.1727923688948,111.71164735565614,1.3043633695020247,98.0197286356415,10427.399110536022,1968
28.8785340665581,20.12311618911035,1020.3533099532615,17.944874681203554,5.8485698631931315,99.37079851584954,3434.0939496774486,2000
21.249722064837364,14.841668625741113,1006.3735931402377,299.47334736634696,1.6460904917603976,38.3817509218173,11104.336017333088,1969
22.627882267357712,17.20616661018258,1019.7305171193124,111.7188025684427,2.2026044172391646,97.52582678589371,27937.096160593992,1978
21.13464087858065,15.975737286027107,1018.9258151571967,22.717880949124233,0.2395586454309267,64.39155318336553,5801.470861279658,2014
22.077895237907338,15.014299204025479,1017.4915127484452,26.923739221031468,0.30984784039971114,96.09296999929789,9438.659517020607,1987
16.51862456552399,11.690335318859828,1009.5311669625163,90.6331675639513,1.2490089187196798,5.412298763790645,9963.75129796507,1998
14.799745587028529,9.616263887872991,1014.7122543958845,64.08574099974945,6.042707393043168,30.91090546430365,6095.679067448789,1977
29.972525316124862,18.025542907448514,1006.6131443322469,278.74804240085433,0.8950277145421167,104.17558871947533,15945.010495802886,1982
17.76519325840836,12.95083699568211,1017.5545351751688,115.80625680013239,4.199027965046982,93.43009403748962,4104.890590312141,1962
17.043038252718464,15.71451029856906,1012.6300760923186,289.6904826143397,0.25632274474191735,8.97011805055373,30719.27291026709,1993
11.233049431981426,6.095696321004872,1010.9533989270666,62.58455921633501,1.9195304350611921,38.89493970356433,15156.815255493228,2001
18.805191261552487,11.617574463881335,1006.8812757667187,177.43650463587016,1.8356486990821625,108.15089997755894,3175.5349944698014,1990
15.384551032962507,9.027730179786271,1000.6124694068549,247.69336807912637,3.930437227943107,53.38387996123668,44267.6607978194,1998
30.210075800681846,22.596236617923534,1007.8072957148212,234.71670739170776,0.006644433722245992,86.42435921861293,9586.407236711759,1956
27.04908544671317,19.831330721092097,1018.5639909780646,216.40658757489675,0.4212733467788074,61.05292176266539,3932.585917539916,1985
18.559248274111383,12.674398407045054,1010.985832857626,332.93577669522114,0.4961219185013708,35.89242006611734,24454.133134958054,1975
33.26217902672154,21.447487195427147,1012.1533557144247,82.26905317442797,5.990108530536621,120.46099953346706,13288.72910804445,1976
26.90882743495797,19.02093278775043,1016.2777717914423,177.73891360635793,0.33374775298665577,-11.197279182377997,1377.5203248027676,1973
20.37584308245689,11.133845903048213,1022.0283443905813,318.23731802606716,0.07532554320815917,36.610040942657676,4790.258630344141,1982
9.502971425632136,6.938933131657482,1019.6250232747282,28.041755614256534,1.5291209352465092,52.23732749586033,10711.758445522484,1967
33.454712862953706,25.16134777624346,1008.138324980919,20.11977657110709,1.5039203540651016,149.91397513633717,934.8941575103569,1954
15.05213766618202,8.034098093060056,1003.287147142813,83.98882352098491,3.7164007542213735,3.264411383439082,8822.584077396094,1950
13.77300626521554,6.576067831991551,1024.7980712955004,227.88763903368667,5.946362937323,13.957188115752068,9489.862216651438,1952
27.112852160048202,22.13787229542346,1024.3449580582974,93.55666552193048,1.5467433921262816,92.87489330747667,2481.2261135893805,1985
34.19876203169636,22.715614143178282,1013.9422679821464,68.48635817116762,5.31835386419089,142.67530740010383,10621.599401773148,1984
28.92136409255259,22.516850556674456,1006.6475587720909,165.16883352898515,2.5831261616898993,75.33420459440765,8163.790311947327,2000
24.819545600261797,17.065686589787592,1017.8161326694697,220.89530475698814,0.6145702674731549,75.8321997352753,2461.942358781153,1961
24.97377170832643,17.157730561945847,1012.460081569937,89.48077452602655,5.273899011704747,101.07529819566537,20324.057194848887,1964
26.26707779390154,19.263779854724365,1012.435094384467,108.24882722054714,2.2018890695732383,32.32237153746972,18729.475554787165,1953
25.794642948933827,16.288252350760796,1017.4722942155256,220.881349732145,1.0691984211172718,161.88464773087378,6064.836803777621,2005
23.405957119846878,16.649164270884107,1014.6718737343665,340.46583191620294,2.2803821672099596,81.84158040111147,6643.662532404193,1965
22.52100551975938,15.00172503418338,1007.0709254449253,242.90702187771177,1.0260321345525598,58.72599346447579,16751.849307810946,1955
21.687034360502388,12.539937165541609,1011.3762903245902,281.8454916904416,0.24249152593816867,122.8232104825405,6629.846011474224,2012
18.23017705566662,13.43608808841943,1016.3057646433067,132.05163411196875,2.538649959371977,65.69068881333162,1175.0803409059026,1972
20.59662461566613,13.891021617210459,1015.5512611120251,98.01156937840778,3.475538408620879,57.041619128058116,13186.337799670842,1993
13.535215929023073,9.160601493426734,1014.3100828717924,163.53638755294412,2.6098431618364875,64.1430847795055,3592.9924264956494,1950
21.50830186602625,12.63548941939006,1017.6671147723794,290.56781833620255,0.520431284986931,67.87445116478095,5487.109787866412,2006
17.05704446424541,15.122731860497396,1011.1914150609136,164.2678710446001,6.2762058512809675,28.836475217367553,34817.33131046474,1976
16.482053413921143,13.290865762517031,1013.8933488760954,304.82114716434995,0.0511578619758804,107.7620874733795,7087.029249391727,1974
22.899470755767393,17.95794129738113,996.122104499112,355.95791305024574,0.8089870526202301,-2.4941878563048334,8117.1544607773885,2011
28.960011431722997,19.661118597322734,1010.751749030786,25.92959966292108,0.602460024239319,76.10838272214517,13489.505280343288,1967
26.591583030011567,15.155742342001254,1016.8195145428782,16.34765619013333,0.09864569002855769,178.51298957318784,13431.177249605906,1979
14.147496981884112,13.8090826522979,1011.0480276644142,53.85229304881025,1.040842001640609,52.04945490365413,3231.824872300205,1979
17.051859317148313,11.814106505992083,1010.6688630414144,138.37308326436465,1.9516295075106522,-26.049677737640828,7628.919364760045,1996
26.70385593994108,17.195099565918646,1007.7927352411259,47.17519529235567,4.283533897270113,143.9193970442999,8401.390677098465,1971
17.087563032308452,12.794897271582144,1018.0168294636458,313.43921194275214,9.149226907663328,40.417355254822425,10636.288710330682,1991
20.876834250014877,16.948025551017007,1015.7423163677029,8.332650369742968,3.3014532234006304,15.902533759761745,10820.76163054941,1983
24.75026049512276,17.279081234414996,1017.1270729891154,113.6853778808961,1.2647835579805684,140.14089334309165,107736.2326720429,2012
17.158277725681824,14.567944743856025,1004.3689301902106,66.49006661791393,2.572568131763731,113.57158014620991,2500.235557487927,1953
22.5268775307298,17.934814148544596,1012.1977497836718,335.35415885671165,3.710981126792464,147.0645057145809,21592.290749036045,1980
15.329872525408978,8.578148392982166,1011.59944496125,241.01316176041004,1.2521257918297644,-0.5195732058872125,26459.639304080887,2000
18.99316178024393,11.947633034851798,1011.5971414670072,328.33089232249483,3.074740928848555,52.38343922912702,13263.669684731674,1999
23.598909670712686,18.434311096058412,1009.9198622814102,350.03833571174164,1.3180806507307374,64.49598748856563,4228.846776186455,1963
14.035031332341653,4.39929680501828,1011.2694786410999,178.95536772385293,0.9771369600285101,1.245067914844853,42816.03796837763,1957
24.202373689801995,16.64275019653142,1017.2482239135333,84.35487889728945,1.4934792330930682,102.82349501042256,905.0743864186137,2018
21.901811005366593,12.46960530050727,1003.4357432332608,69.74236303077214,2.253127046014979,126.31387189616075,4091.7715733839427,1957
24.76244977208574,16.38060723759297,1021.8864738401522,80.2507902069026,2.595703097914913,61.29200214626286,26152.032659128723,1960
23.119570670323306,15.586059291167903,1015.4192056251323,255.09359074392106,0.8824009631840136,82.68070072174557,5596.453634578385,1978
28.82070214986922,19.45800274909344,1012.788340521699,14.560462124280264,1.6940902919058685,102.00220893270404,39993.192247548934,2004
22.626122513239537,14.733763255042458,1017.5341707318646,18.489986291777353,4.813023808915189,125.82004888044821,1786.8244182962567,1988
19.852972294373735,11.702793306803986,1005.7408262741578,218.93145925793402,7.485649374992987,64.86084475113613,2664.8368255853857,1962
22.611487515161418,20.411863794250365,1009.6764954742449,231.14057282546636,0.515594455626169,73.8547396640014,4761.708587975333,2013
24.71649014518194,21.036467109950056,1012.3946228380472,239.4946527560856,0.4284448406857871,126.87217115918847,12300.550267273376,1998
22.24430035162852,13.246878605627396,1019.8278018521609,133.87698165189283,2.2582603159239842,78.38238930934683,6489.753643768627,1968
22.202958456019413,18.70630442182072,1012.7675170943672,290.1401599370951,1.0712064231634086,41.40889426557048,4962.181529088539,2016
18.490041560966223,12.14409811173065,1015.2502733559257,192.10485158158232,0.049041048554010355,5.110211287182715,33536.72651224902,2001
18.68549541224526,13.338221735235102,1010.0521050203193,37.967626803391,0.8519332833455714,33.56607925389436,36807.060802632506,1969
14.986973641001532,10.36433362890724,1015.4342103448374,286.95575054424427,3.2874867824469742,57.50843769589493,5354.112489857543,2003
30.747883715934698,20.204021318646355,1021.3861979648723,343.104403057365,3.1933092398157306,37.1079730314957,1465.9110314877714,1954
15.780683823043574,13.014183363342795,1017.9776334583705,21.613072680849122,1.3651471525841503,61.50647575514273,936.8434296767334,2011
18.53547401102046,13.226604868867637,1012.5927200611106,140.88648193220877,1.2795083368194824,-13.94642817076857,10293.72859781729,1966
18.40796367215401,11.932471724069323,1016.3774542363274,175.50577614050914,1.7326569974747257,7.731862307589957,15614.505832132409,2002
26.474621884722207,15.9230564317046,1015.8875847730361,52.7294736281941,0.49537642051968667,117.25640576833025,8629.982752971484,1986
20.52525160853986,12.58048609853966,1015.5329383584864,312.37522120183576,1.4932799943150532,44.57199645487409,7548.407500579341,1968
28.238710363368668,16.484337023153874,1018.5597668043021,102.29387216041584,0.022215648294708616,103.92873673050778,3624.4483822863463,1959
18.63254687878066,13.0672299119768,1018.5223885191873,281.8830743777376,1.2908468068272732,56.92923597240359,15599.276187341218,1993
23.39497081111901,13.983148383214514,1012.3642070156255,241.55801353019376,0.8191000186886096,154.60207850043025,43398.726611053404,1998
17.823264733701212,11.945164288553766,1016.2093953073888,215.29649608812844,2.2470579290250616,62.727466215421096,882.8208769500795,1986
32.72574563886694,25.6482256544276,1011.084525394201,69.17142553075959,2.034176592584192,54.90963418981262,7498.803933041002,2007
16.062007904852436,13.642004679239875,1008.3846380184222,79.45326739832605,0.9587698088344483,84.3277405070196,3070.671820213645,1964
23.549103551135136,16.41981869758936,1011.6525312214801,17.045425708764952,0.014599117099645328,24.482434413427747,1825.3627364153524,1969
25.168884404660492,17.444049630976043,1012.6186092413021,86.6564747216159,0.5814363652666483,128.69434492872082,2617.628748753882,2004
24.068995487257492,20.60804593992226,1004.69209505411,124.35969940578508,2.006683402145068,122.16867562577823,11845.1390503552,1962
21.073561705611457,15.79300543464544,1017.3016627970836,299.9323093904731,0.1502518728602657,85.24452049260556,12148.514738982332,1969
21.35089650133287,14.290014631179961,999.163372886988,131.90136001732992,0.22777670869197178,108.23814422321166,34901.5933255212,1992
22.219057359895547,12.701303917685978,1026.5740846974315,271.66384179561834,2.0827728934164695,128.49539594278968,8174.554894649347,1990
21.264989991857558,15.673239430629776,1020.5093956689816,158.19922126637553,2.8192684659376437,65.70797152281364,1396.5753917316413,1997
26.819395583974547,20.432224453947907,1011.6949563791384,282.55259231779985,0.7758881280323953,94.34772704133309,6385.789804114027,2005
33.05261500795676,21.87352745654244,1013.0471318028189,351.45777615733437,1.3454074212810572,115.70921095997663,2025.5993838821723,2017
19.212541074960832,14.031184262748646,1014.5148593679364,86.34296090072884,5.82688074766348,23.953831735165096,2424.072154800316,1993
15.15098510210461,9.878542981643168,1010.0541980600553,310.4429803069954,5.820708405818761,18.431454503496894,14480.512491988207,1996
21.558589758243727,14.722948032372601,1013.9630957379347,223.85667107007887,0.7349020947481115,71.00905330835924,9839.703973446432,1999
34.898546688271594,19.45333856666545,1012.2800001114917,294.22593417191575,3.321334786316522,112.48179173336477,14582.327006022058,1981
17.981627160151348,12.143576204673673,1012.5286364138452,234.57092481640987,1.8025286558115152,67.99528977098277,5667.521368479565,2003
30.195584027220338,23.075647423870343,1013.9073053174031,152.62182261869407,7.416898874338781,75.43444085749759,17863.76365915279,1988
30.388504070382204,20.009147738134427,1006.43236100823,82.10697819904453,1.2986953541353177,22.38947284621787,5359.345303364597,2007
19.232058791460027,13.567493890452651,1013.1978486206682,25.212681119219408,2.98070583175406,134.45317970150063,24752.526231366315,2010
24.844915395926378,15.879539363764623,1013.8172387330874,192.78661120585812,2.923218315992472,12.145362339031053,11437.342505425679,1968
30.14198311564269,21.82027153353543,1013.6442481067796,356.5173940296716,1.3760521024441201,135.87576985772398,6587.987075791881,2018
20.104361295062564,13.640006511471446,1011.9208462228193,265.69504980511425,3.1756475234568264,50.828289131907546,10017.542090275549,1971
20.982098199488192,12.80898565827772,1018.6892888798469,117.84439490364598,0.6050238754933013,76.73662466629224,7959.641968737911,1984
19.09159543025678,16.02921973651,1011.2317372255923,297.7937280312247,0.2607938462277273,101.51040290029246,39978.87686797214,1959
16.926216346535664,13.706215469639394,1014.136629534116,276.83424006350634,1.1073401041079995,34.44977399838008,10357.204283378138,1964
18.753612274669965,11.917715064412626,1019.4864876696278,101.38888560724445,5.751659651184054,-5.4562207355117565,8090.026839047924,1951
15.880298666188718,12.111785685167657,1012.6031192998985,5.1506963259244865,1.3892750138997907,102.23548720233467,6383.738285748727,1971
22.17041734129613,16.59411614454805,1014.0723163373377,42.53854987222185,2.0171362928852075,109.02422926729083,18829.578167416537,1961
18.150133844706794,13.989696161317106,1012.5180768184255,315.83022851234074,1.957196585086765,60.59585222159637,16447.24621856832,2011
23.16892955895374,12.829738899277462,1019.186848967818,301.16269270975386,0.28444753508308124,113.3837249351657,6162.010417059341,1994
14.220521768981863,11.96757832035256,1011.7113771920685,106.27524031621047,0.9895662654192691,59.608447030704895,2551.300441908214,2007
23.654401161072286,15.418682886899138,1019.416772886441,102.67035346239135,2.454748816219972,74.3594993015011,3287.9904827188257,1969
26.167644808044624,17.6016954987487,1012.4820605267647,285.4313953568896,7.1503944183991575,72.94958868202205,6740.150010826134,2000
12.031321787142723,13.697688755520305,1008.7027013827599,337.58548916235196,0.3678883169134908,-62.02964631480567,31223.537802624414,1956
23.87028284923786,17.312944755908525,1016.3968658528706,280.489412447136,1.0567639787490093,91.97745785962042,6309.573554435268,1973
28.13834496236646,18.92419652276217,1011.4766608312217,218.00832373107414,0.19984797368941942,36.9289569098346,4473.276380007105,2016
15.951794906543974,6.755667689068969,1016.1025044954959,87.36168611944963,0.5551373306486641,66.45895886852065,1393.0915411770545,2019
30.362861934188516,24.03353162182467,999.3529780753813,189.26924907429384,0.9456450959766275,87.02411289918894,36810.611390805265,2002
24.095095046830227,14.176147191163952,1013.0260263094748,84.06426909357526,1.5558562664754407,-8.888904399268554,14314.497959554645,1983
18.474940721207957,10.925580697846563,1010.7019735062127,290.8841112348385,0.5242024919413877,56.33231374798313,17961.933105594457,1982
21.72115461171147,14.542103630022329,1007.6837065673436,139.3059886263854,0.5164087765892691,49.88097431009089,21198.549784512816,1972
24.79163456260861,20.186967777226613,1010.233794990801,300.13099811784946,3.008624661003916,148.37002704952687,6872.407573754761,2007
22.380026957062057,17.212498843274957,1010.1314842785367,137.3793184737811,6.574398356076632,-30.19162275628463,8818.355088871152,2017
24.693779962231847,16.969970953881774,1012.760071025747,296.69378587196087,0.7819796677231258,37.86270698981818,35903.92650708709,2018
17.39663203460317,12.79422655149986,1006.1633676935752,119.9944134594871,2.329453020407907,-3.2449830139832514,9697.087768085681,1989
22.84680412018039,14.79199149838406,1014.5813689012986,158.44777366236116,0.5970289603647966,112.28482087981816,14581.739271761622,1996
14.931427515475098,10.73130663996327,1019.8310739260289,221.5758309633567,5.260852508518593,58.51964812485568,19351.993515351962,1992
21.4438696932565,15.15738227483582,1014.4046424847392,25.303541050770725,2.2349931197769313,104.80274850372403,15412.456613103612,2010
17.480461792676053,14.173863046235942,1017.044943046145,341.3545422535672,3.245825124659906,0.4059549005336578,7128.319773407188,1991
18.32235028705117,14.760001445813716,1018.4728122730689,206.49808300456914,0.10122714184939778,8.857177636460356,7833.119844397786,2011
28.180465876052185,20.714280877647816,1019.1824475609209,182.81520528868882,1.8251252211282931,92.97191825189884,17634.99286321904,2016
27.456550602971344,18.494890306987738,1022.3506934641065,302.18182960316835,1.4999105972743867,174.7225586750579,17606.137818791096,2004
25.045690604535885,19.01562801195537,1010.5039900086203,311.67458276285794,0.6934404762936125,109.63394785383579,26061.97407652226,1998
16.538436176637106,11.392968391239881,1009.4075800741945,188.01374563044575,0.6087885195175042,8.050088725378764,14060.10992073894,1998
20.41795775152599,12.128741688641925,1016.9173282416236,333.81443728570946,1.7351192451681408,76.48539301451662,14714.749154421832,1982
28.065488499895917,18.839266366105264,1016.541331098287,23.305595787533026,2.4516573943087354,121.22800827275606,5186.252393810055,1977
22.708584568199523,16.065063165308313,1016.8783764980784,40.76128521043832,0.06747090411822591,3.037128150883177,4531.691230766715,2006
33.59664769990847,25.33808495726542,1022.4464122712512,214.84376280519845,1.6758908445028564,98.4735065813229,17687.804580769298,1990
23.96658919697186,16.409556093565996,1013.0568495439925,127.46371024569012,0.37376676169033235,71.22891681187006,4563.362093235594,1953
22.96024558245016,13.653774485235896,1015.1307827982309,167.12105982811158,0.30248951878117386,164.38514193616754,7937.066256703733,1969
20.454417678987493,14.431575741884883,1008.0980587425827,118.10851844297996,1.9516541726397996,73.20694534326782,32177.51645711445,1984
22.66770452391141,16.094305246851093,1023.6766056198798,145.70111212017682,0.7446510332315264,156.7829523276557,27462.323571915902,2002
21.237650818097283,15.238030830473603,1011.3172753939544,296.1526849726678,1.1627831535616844,31.22006314034809,10957.60298459394,1988
25.54054338344295,19.718123400318923,1011.4589203591959,213.65143194754967,0.8925704847595899,109.27367019084879,6026.130768487501,2002
26.78351158397292,20.786304588960842,1011.2662505449588,359.04403774205934,2.0901600302017207,21.217734939013084,7162.548193999588,1959
18.070052697460252,11.460615143458842,1009.7755207067784,283.27651121554663,1.2702085433643882,86.2505138695343,19296.135873816216,2014
15.34383523221111,9.508397746449889,1009.3528147557618,98.51985147665759,6.618622224671151,32.22115784424392,7812.659599358139,1950
12.818973134483517,6.892883772227515,1010.3814785855524,95.16424238161063,0.8689108695641122,20.927200817379696,4636.511854384002,2002
24.539956634562717,18.575600984754853,1006.1710203597453,120.92337724212257,2.6963357255937694,116.78085831168077,27330.9422859323,1995
16.483166969130632,14.435857095066872,1009.0734103986838,303.57341303318736,0.5949061541267212,95.81206827316572,9716.688393339842,1975
11.235547035237586,7.234719068848463,1022.7448155572381,9.823554234203616,1.4216168224813286,52.92762766295764,4549.370628670216,1951
23.942893022654822,16.27716398640839,1016.6782757182068,82.86526039365278,1.6084692471764312,168.96061574771232,13081.315442234358,1977
34.46499758716395,27.059063424812717,1017.6295208836386,325.77063132393613,0.7982980365175381,119.89347500350684,21401.54539650445,1976
21.969645442300532,16.389867516040386,1018.8860439370845,230.36271698997072,1.2764868334048238,88.0559686234954,2958.1724325886066,1977
26.19245387225821,19.207189120182854,1022.170672821812,81.66495438038031,0.6550053534460127,99.07593997103855,6631.233317684382,1980
22.409146792737825,13.304569742969024,1004.1428872427808,78.89218856372892,0.012037717436416462,104.97825074694424,6331.65308815595,1996
21.505551734044285,16.411342352389838,1006.8505844235673,310.542516633395,0.4857955287413461,74.60300182665785,12737.264208798624,1956
26.595382414938843,16.75849500943767,1008.9813816955266,321.75270297973674,2.408373471036501,33.849962725044065,15245.022310121067,1997
20.548627279056742,12.1159987234698,1010.651351017552,92.2071927463615,2.947743646665261,84.60604830148301,4668.187168678338,1975
23.336961570359513,15.642329945718233,1011.4971530470738,151.3837289075516,0.6575717331779706,-4.1686166736056975,1821.1962130613906,2004
23.608489030980067,15.354356874788666,1010.7651122359698,300.4544659061942,1.0486425597493612,123.0232200280314,22738.135107558894,1956
18.659547731784755,12.61848402347925,1014.0965445656602,277.56267789955876,0.07616329735552656,115.572243833083,2644.0172612813453,2006
26.960211747682614,15.99018495432799,1013.176476953726,293.0097983637904,0.5411593805607092,59.96091334551348,10627.32937484789,2007
21.125201216522957,16.705273464501413,1009.3858260241087,186.62334868366875,3.021170605013433,46.47087582302558,7101.200272946517,1950
18.221274202535778,15.010264530807902,1002.1222561150621,328.1576573898623,1.8627390464966909,-37.289504693946036,9532.324732036524,1978
24.682549217852017,13.383099504214783,1008.0356564731065,117.3425558235967,0.4607656886420471,80.17000299600578,42244.69115299971,1971
17.507660091044812,14.212277675064469,1010.2538067334372,56.40196836510649,0.5953085806186861,91.79136623013477,169106.10102417268,1989
22.140905786845643,13.877576791148696,1011.7646028159614,255.14363972335133,3.394375738645019,84.04314435979903,1582.1858014232112,2011
21.95440501677898,17.082034585710858,1007.3516627034473,194.1675897624827,0.4691275362771929,88.73118882722676,21674.812591914837,1963
27.42947782915789,19.06374149507769,1010.5459676675179,307.65087677141315,0.8134049241713018,79.19952329843242,6930.95041167507,1951
24.373491164399763,17.11899494324183,1007.345063057572,29.217329684897383,2.1834244478527687,126.13635772217448,23106.159678483258,1984
21.87486520627428,14.942210345549556,1012.3709032422584,303.72926523770406,1.6470238051447905,20.295225853318243,21104.953948150167,2016
26.088831496001436,20.686440455667977,1007.6345433581869,105.58607515517599,1.2355978608921987,42.777340391855276,33181.40166740009,1971
28.951037745086566,17.78655039651054,1008.7554767181476,235.74804018054587,4.5999986974230245,27.6539201798942,10774.795279000144,1967
24.789051531759313,18.568016749701535,1006.4565793450543,14.446364068172084,0.49618045305883374,46.65125246069456,3328.9876077205336,1995
22.051763099216902,17.638894499230933,1012.2324965221511,219.44926666929626,2.7050994661860277,13.58932464645384,20489.1240195224,2012
15.440818838249202,12.241253347855261,1008.667761150238,258.21780810744093,0.3464790645139507,-64.57913698221375,9117.925372855241,1985
16.674431684623137,16.32150000788303,1017.5339213333772,132.7500772220233,1.9128396490655593,18.22788917677034,6413.476668537293,1995
20.47387647822666,13.273820009309263,1015.0292513334645,77.54785389437049,4.090058021914018,105.54493371912878,5033.023214860044,1986
18.952438989203586,15.181316937629571,1012.6507406590817,193.5470435772762,1.224616172707388,79.45051927309814,22166.458991005515,1967
21.06514348507277,14.533419168868097,1009.012572513281,299.94868959683276,2.576844076029148,101.73700048950457,40270.299535892824,1992
22.283249624485535,18.06508688984521,1014.9026015265815,116.4770489867943,3.433972227541973,99.72746189242136,2451.97092985926,1978
24.648463771783653,17.238546648805816,1016.4535044467432,90.88894710766064,0.29242618998973885,66.21749627428142,15092.485387574572,1967
21.647506109704544,14.37750271306824,1013.7134420610081,100.41671110956756,2.4471737867114918,59.86374688027034,5583.732924421799,1964
24.43250821913101,19.714900161134963,1021.0185092773346,341.68757504999917,5.047486832074017,41.64877631009827,1868.1942503788716,2008
22.3223720740506,14.64253657379756,1015.298186590374,129.3396896752415,1.7177925716574016,84.91482332749037,9392.866721494012,1977
12.122667168230643,5.660415499960338,1017.5680360878401,1.297526359783383,0.4118902036222581,177.28216430335522,3522.274482811792,2002
17.303323030906228,11.078632355286702,1013.6678270776799,281.4052348654631,0.2715077933191909,-8.96939415882698,1672.7876616155245,1964
21.279562221391924,16.13375944815141,1016.3783222662848,251.73892632074046,0.6014949903962772,117.96544986919116,3708.0430170902036,1992
15.951526285794461,13.950145903230306,1009.0160938366541,46.284575257068795,0.21854357391490353,25.269064958880314,2899.304275190903,1982
24.99964364998102,17.72200930557974,1010.708008183936,354.5655296885685,1.44060133072684,156.8584021225326,4244.219196388798,1951
29.65375416171849,23.394022047670994,1014.7468177674119,218.90242270984004,0.1445063955302002,113.47336549763719,2151.9203812703818,2008
28.093809258486584,16.949316637985422,1014.7104974077869,180.28061673861654,0.5056716333614047,63.922810760436064,5458.121114939606,1957
20.93278564534896,13.766423022108466,1015.5380591147162,137.59893634424077,1.1593171729074083,55.08579676312012,3970.911212548956,1982
29.45363068424976,20.040391244666626,1018.5019644613936,323.52219200290966,1.2845840157950876,131.99313488226792,11797.157329425194,1984
22.743337286010558,15.691217245262349,1005.8751441409229,87.82685331068278,1.6666514510798758,160.33136607795223,14669.693624082387,1967
20.314570144409803,14.388387877587254,1008.1277372619485,102.87680407916467,2.445733435959839,107.51734549660708,10510.694869626912,1970
18.9329866822953,14.634912592391096,1014.1478632053712,44.067890407164086,0.09676063963168985,36.24472453370876,6403.215353208456,2013
20.487651567559357,13.451742420950568,1009.3781818409827,273.2828744103336,0.16811356967232707,90.49503631035986,6232.746742765514,1977
20.059115907293855,14.319438509011947,1029.8888412064468,214.3977409461072,0.12557962588897045,143.1454942694676,3508.4338229332557,1994
22.85208111187744,15.906210997666102,1015.5785980958507,219.2638209316194,1.1003471169682066,98.21813433534467,3593.9434784925857,1969
22.802869905249324,14.110229125892225,1012.6083457553492,78.6493551670069,0.08549758437925314,70.33679832976871,16376.519794568387,1953
22.015230100767074,15.183327692374078,1010.4226536345807,234.4206200857502,2.7414820226255183,-0.4036571701965386,1394.508637952991,1985
24.184690848731748,16.641964534317985,1010.5991885840348,275.56504100887105,0.5046303232225415,137.99913241446595,7474.66859147239,2001
27.953231373931708,19.2371008317461,1013.1507033065759,128.83987106124815,5.600741985734047,83.80832572600666,5863.318026390517,1988
26.747770677206617,18.786958387207534,1013.5599096631063,288.4849718262164,1.33263567591853,54.602236323499724,14751.972791119368,1961
14.575510157750482,10.354204191652109,1010.7165042765324,125.56461187152753,1.1823575319466328,80.32783899035711,1948.8369087936717,2004
9.230394325490225,5.5966856696284975,1011.6342387674005,272.9298461433436,3.033158676534715,65.2108625198037,8204.84986596973,1997
26.67159955619637,21.215549157279987,1019.7214228761729,12.142838684778834,2.4976194728994106,44.81235170109409,11418.433947450922,1958
15.165606507922895,8.276963297139993,1019.9225248132552,198.41925653051496,1.8694646803895074,10.934679440796941,1206.2465365268606,1961
20.87617299053658,13.171380876435812,1014.2601698996743,349.02956183035917,5.471255158459797,90.83943465145467,2767.4235144292034,2018
16.149434869703203,16.864531657239354,1006.2937013638164,353.2480562456607,1.0972601187164859,112.4682075642462,7392.417954502607,2006
12.9900978120999,7.01708575849147,1015.6925157831952,101.43092820302662,3.3060657855510716,24.65292518314426,13550.068852148423,1977
24.70731364102394,14.587610199297242,1020.7714122080552,158.90367278892796,0.9563714493485129,70.43571974133482,9725.429296513434,1966
25.795775801513233,19.525996551061695,1019.8489055098119,22.6720468751879,3.6445900309573758,51.94228238022997,14192.291625895345,1971
19.1174479963664,9.227973889908732,1016.6721292640483,314.4028707376559,0.6007907676602222,120.42477112718335,2753.4982891320556,1984
9.044788539275451,5.860804157547937,1020.112114776429,204.6859751304771,0.6829170992266087,57.265765155704116,1654.492592671683,2008
19.268777758737585,17.779794281269286,1013.2669213623951,138.63624441858613,2.265597283279306,10.030648756611434,8817.607077253891,1968
23.959020027012734,13.681442174602113,1016.1405148491685,40.59740105609511,0.4783255914029459,157.09865148192853,2370.003620549164,1999
14.605442156129357,6.259880537813122,1009.5961221683741,340.8362227788801,0.5205338171797416,217.31507774420695,3410.7165288005353,1975
22.91679959889578,13.043397315311648,1014.4613272807785,190.87885721555773,0.7284422008661313,-18.550360090008226,20584.18527463471,2009
21.923450754135022,17.143134664588487,1019.6476712198527,101.8540544698454,2.2721845581980857,88.46597427714961,9789.83182140663,1993
24.896457498005443,19.677073688575433,1010.0528829425656,126.07744684734342,4.403455064492891,2.1652313506959757,4591.008954732949,2005
22.597901842070765,14.793353695492517,1008.6927828526785,97.45098513197317,2.2452013529968795,56.566598042501155,4031.801169273425,1992
17.13465529559222,13.360683514916692,1013.4874446951185,216.65153118851305,3.518362820356829,-15.957538064765863,15076.937794088515,1972
27.982857508322457,22.368510910849697,1011.86668898138,334.7868872809836,1.5685986287190152,167.5491310265188,10016.318937655826,1971
21.20735213486515,18.419839323265254,1016.2457386053521,308.4097691975632,0.1428270721768453,50.070925643377706,2405.3323341651917,1996
21.86347730245034,14.811763549355542,1010.7337023702648,165.7371151533519,0.21175732532005034,118.25447276552582,1155.3704031349355,2004
17.33366020463402,7.530618707903839,1021.5921980780136,297.53977042836283,1.6166311773230304,68.69919095345652,53199.36997264466,1960
19.783588744042447,12.206754276010338,1006.5516195101948,152.31797325947875,0.7944016093900217,145.50057480176295,2386.351178291825,2004
17.575986429865495,11.44958211103533,1019.2686739310986,90.83057067310969,0.49837984834397225,-3.1858639805335685,13734.916282281363,1975
21.135269700382885,14.276811197111238,1009.1757538584595,354.02944149591406,1.2556813861528888,-35.45676089031956,36705.905442520365,1950
30.55854240071172,21.015260878480763,1004.0200863270799,109.39952446949586,2.1962052825466265,68.09220006967273,9391.849980577645,2011
15.140494285343218,12.83613519560159,1014.1893757817444,116.54072315528703,0.9722398362978159,31.597421035591143,4445.125242238773,1970
13.932193010616295,12.30139196080657,1011.7269600699306,356.289432403148,3.2444613556481325,-32.19950639401012,1946.8168989689673,1957
29.355851637468042,20.205748838378064,1007.4519531604849,48.21389753963576,2.682819792902544,117.92563796116814,1919.825285373387,1969
20.95338161424067,16.864336882072102,1004.5931155414237,273.7922356834902,2.655408610343074,87.16258221148091,11809.916615611966,1994
18.654636306700418,13.77356814795247,1012.9581960636427,336.8925930537815,8.424863394671524,126.57417535359414,34578.11764441994,2014
27.19952343698038,19.16867835161141,1017.8791844581191,184.2461979391507,0.6997674768507803,137.5697229658273,5456.380317035585,2009
18.97192230131568,15.093433925140902,1015.9247674654322,0.9078342130152128,2.0697295837831984,33.373920742449826,4648.405506041969,2016
31.130048567734683,21.93553809389011,1013.2835332441963,135.02121988071826,3.868651775156921,42.62484657691781,16276.556350688496,2005
25.389629356696346,21.888362903882964,1015.3942378660887,40.16483725853775,1.732737816136256,-1.1967367728625788,4080.8180350805114,1980
19.560442959271487,10.815487737900922,1012.8639293381107,149.82755793613046,3.1165599275069638,53.18602348577931,10662.443657670101,1971
32.786541066327516,21.920236948245222,1005.8513787848482,284.4096341912225,1.070414870939624,93.32454341049642,8448.98377736669,2011
18.97142538498331,13.026959975580416,1005.8955300738828,157.93615759816817,1.7855944839604607,77.72587236110694,5380.475011840376,2005
25.710476860046533,18.876239182948552,1011.9841573550766,155.49304368453213,0.11455155562753237,5.119153177426384,7978.150058002665,1957
23.49646290203246,18.983445005628898,1012.1967335681696,200.44421169078478,8.504469265201216,85.62515318031296,47247.36266025887,2011
28.50870644699399,19.90729737842348,1017.2549133925338,209.40861050916487,3.2190606478919976,121.04281632578292,14831.861414819636,1973
29.807555983634263,18.02082988953157,1016.7865211188737,308.2666711676297,4.062203096790124,66.33783457504491,24161.139224184866,1971
22.160020745328833,17.19704231464019,1016.0256650787948,111.00795812242254,2.3702646660620545,102.19179030024299,3233.452203381271,1964
18.232910648269083,14.272954986072286,1011.598586434614,295.80165517248577,0.411712760471245,49.53025831297071,24244.28376644112,1977
24.299860714695583,13.126185181528093,1006.0967391494493,203.736149529137,0.06304003972549954,138.1472013833166,15352.298411721036,1971
18.61142315123947,13.02038793852603,1015.0603556853301,108.19063789817291,3.999880167473686,131.2152842769009,1808.7728365081307,1980
32.066936237633115,19.26657170498258,1015.6258465663109,106.24537584218776,1.009457341815512,102.49837425224756,13902.038087509878,2011
22.682676655413687,14.548571463785455,1001.0573426876116,130.00950615806082,0.6126831695344124,111.98788123187512,4849.960614637816,2018
20.173392243439455,12.315756716482017,1008.8283090670867,224.16956734319118,1.6495799558141302,-4.53314419512094,1727.0954116618564,1988
22.923401529324543,17.66491046701115,1009.5447281130305,83.0922232895817,1.0925551066777992,50.87756067361225,9225.952654225594,1989
15.264368552351517,10.918718334990428,1013.5917510056172,331.3200822020163,2.109186953994747,64.19227129189471,13891.641274275262,2018
17.141929807446743,9.428168863700664,1008.9831978361715,206.96853030404412,1.3224957652583533,29.326128544311626,9429.591623993707,2004
28.002069539722125,21.36158060372017,1012.8093271558768,331.20567971856246,2.3895844200817935,75.2378031327619,7265.274906624825,2013
18.71552860514302,10.233258375743286,1011.947325298235,16.705569088495693,3.8404124600427796,12.433350023634496,5822.090458491303,1957
16.7654450865903,12.396039141555097,1012.2042526423114,123.34009336613042,0.43521036027883253,148.3591826705139,95471.97322771625,1993
24.683263762636432,15.65026329526239,1009.4180285314962,8.210757847544308,0.7992629554282191,30.621129709645658,2483.51608549272,1987
27.928520773314986,18.81861037625945,1009.8050747296666,98.01065343526913,1.1482962990803098,131.69612310554118,19397.93667346464,1970
25.594766553325332,18.924878083404497,1007.5986647010965,310.32233001669175,6.54341681869117,61.51809294106947,8229.026261111943,1953
26.980238429029082,19.929065698439416,1014.9003372028692,13.179497703192308,0.909311587625857,119.21532678597806,3447.944356450467,1981
18.216024557152696,15.425155337118808,1015.8555131429569,157.01295596966816,0.9596226544262934,26.305629955678747,7720.241688825247,2004
14.89094666629078,10.25915526706064,1009.1469102493733,42.324145370362004,2.1195863293563177,26.407991674570187,2012.367889987664,2009
29.506668259777435,21.267569507770887,1020.6032004800852,150.06263733373237,1.0866966319417988,113.97270261148336,4467.166496416668,2008
20.38660080578932,13.395145919243873,1011.4269927627897,301.9865703351758,6.041023351044717,92.36499055465569,7731.558003855019,2016
20.745834917724764,14.886064207652929,1020.6509281189828,224.3055720249069,4.49749652132041,113.3652886781683,1717.9430301003572,1954
28.64097070924529,20.927651592488726,1009.7893641308419,265.2322843193123,1.4406617755837405,95.56212647434432,13445.268496441475,1986
24.7811500470033,17.15018533799356,1002.8671111170029,125.67748156184915,2.0700090920976524,134.3661988903068,3090.9660515985124,1976
24.27943886040804,13.388106234100633,1015.0109891245618,339.98317020365096,0.11956489709052938,90.1445042070343,1897.4744460019383,1962
32.82501172450542,23.640449999815583,1014.2427255255949,255.33435376062005,2.379683098537783,102.56322435889791,2750.6217724357753,1955
18.782408848099283,13.876809148380412,1013.1719689765379,151.84757494243112,2.456536956565463,106.2912089609492,71392.93271424636,2014
26.639200640406187,17.287093495588426,1009.78883760778,153.52732808173977,0.8900735680901674,91.14111314696379,1120.9545276234373,1979
22.285065624485423,13.030771864994765,1012.8271388725709,330.7263040595871,0.4961097649332456,81.42355199231494,12533.033139279383,2001
23.342961394316287,19.29183127702933,1010.4437027106524,207.50568963674104,4.932053644917228,26.680618168010113,3821.36790945186,1990
29.64234213206266,21.732530514232664,1011.4882521683412,254.296515565095,1.112709375034518,66.84106520398825,5709.414902482111,1964
24.53917878144812,16.71926308517026,1017.2081612788254,150.13268082474147,2.12093491275954,103.43985248548906,14822.935092692738,1954
24.691480395248163,15.00997051037874,1013.9210861476505,80.52939531529708,0.06779371366910625,37.452821883563146,14112.535371346221,1964
27.36253668654901,17.510146023741616,1016.0497569366598,260.4813451179907,1.0691002294123115,92.67768458626553,4102.302091451737,1950
20.175236352285573,16.72784624017236,1011.840657466871,218.81655797089962,3.3993687899936,-27.16932486412506,2084.274252632471,1964
17.803951663304968,12.73809004604957,1011.2899132709762,180.48343695292058,0.980660853097961,150.65407737781211,15095.334079590522,2009
16.775954029894834,10.64199368692497,1007.2325873455568,224.647538398007,1.8484500512841113,86.07239114447057,14078.12133657024,1997
12.16821705311999,9.537130399633305,1011.149816937159,74.98281098312411,0.4710796382912066,14.113573066845483,6093.820422619497,2003
32.28103564970161,20.967928579898476,996.3944272220543,285.8179343515043,1.0775095702035893,178.57161421909552,12606.204392004454,2004
16.483958171391585,14.540456780534864,1010.0488901684719,341.3386098073101,5.252140165853358,10.044284599842008,5188.347470610769,1976
20.89373188207114,17.331213387243245,1012.5906291140458,320.797131900373,1.6715043698417174,40.74593632254017,3543.826784996542,1979
20.615933500555396,13.498005307983224,1015.8183682713508,115.71686831052617,4.644177295529546,88.88644096359197,8135.2535024914005,2009
23.537033489045502,15.21858294827013,1011.6566106123752,146.1620783815473,4.645969506544589,119.65012504328038,13616.434224953928,2015
26.078686062696484,13.01881384650298,1014.738367711225,291.02482792712203,5.770092741232585,52.72783677588379,11039.668249908296,1995
26.302367441798726,15.448495666156372,1002.1010566930488,214.24216709685737,4.515063997963909,105.81694571515914,13482.700255243453,2001
19.084612807155306,10.6802894150932,1012.7158157389653,197.2491997235937,0.00657304743562308,76.40009449294253,3787.3472793122924,1984
21.164391431067944,15.085454683722332,1004.602486035433,333.59110831204026,5.436652384876381,69.62346557376625,39414.18771505029,1991
23.412899752441497,15.73656241782633,1006.9584824217034,192.9689859517383,0.29574620806994834,46.051288043181415,5753.819330400496,2005
20.756544369082263,11.8389100835271,1012.0641722606807,185.37792465143156,0.08149035142335438,106.62672745493151,7194.587948407337,1994
30.036727880099964,20.46338143114086,1019.3813199393678,15.126692855889473,0.11396316746885611,-5.292538230568965,2167.531173485386,2001
24.454874758191256,18.129086626028574,1014.8560338173503,24.990105092449546,0.8582338252220073,87.8526179250744,6675.135907282287,1972
25.674388930249087,19.027750951005533,1013.0911549856855,2.6713108370340644,1.9394045640949449,50.94064593696884,13797.431585788247,1978
25.314406343337062,13.920743878618179,1012.9023480526645,328.7679212821081,1.0293701120019303,75.75297925158775,17370.18678856134,1978
27.867369287426627,19.250631540230977,1009.4318555339777,147.01919760637222,0.051772933432619,56.7917254936607,38636.037627139485,2006
22.905107793518535,13.266893901519753,1010.2800829331366,168.68209540802852,1.29437015336121,14.572575093314846,13632.813128832753,1968
15.515840260220767,12.664545576435083,1015.136880227354,304.3393011332863,1.1672612983972304,20.976953526527026,10688.387981690614,1957
23.998439758763208,18.367200663841242,1006.0731974077776,219.32867173528004,2.8281474427492106,49.061208497843865,5185.932179942816,1999
18.743215531040853,11.32419641907968,1015.9652702514151,219.4205747006092,0.6559331407468738,50.137027708497804,4180.8070948263185,1956
19.356916591251217,12.017751209075051,1011.0574646644058,106.75239456773248,0.4906023921525153,64.62454355824731,21380.79813220244,1960
24.931820093775467,16.52973996464621,1017.1277853743478,300.2070146128269,0.5912644027621564,109.90553622109063,20974.660635708828,2016
28.19141535716818,15.228403960555045,1017.8054672861604,59.69879137421776,0.7240637408794357,160.06029255011995,2760.003699616967,2015
22.106357883680307,16.146386865457366,1004.6345799374712,19.133853182261245,1.8284101835045432,76.74982729892027,16698.862580838177,1977
23.544165062994818,15.935226451416112,1010.0920961838639,68.97720870667163,1.2755213941424874,22.456845821761632,15527.744823438466,2005
30.51107472317619,23.29810247135905,1008.7223615602969,96.3853987588433,0.8216425491209186,139.53316148592197,2660.291853148543,1977
23.203765897442842,14.045817692284881,1003.9363601746343,101.63198082751443,0.9378137682889197,87.37598191370947,13911.300922245271,1989
35.008415570901974,23.26764500313152,1007.8373336189529,241.38489550275634,0.9270053252984327,66.9679428170478,2836.8612902884847,1951
24.82754822815772,14.366233243632173,1025.2062792263266,78.41685143831167,7.180364195299932,79.51272748379043,713.8743970196571,2010
13.196186204220911,7.228749215966131,1016.0475494810622,243.59698961819444,0.5305291014067275,75.29338515189929,6904.285510775916,1974
25.766708105522664,15.672731681729427,1022.5864398430288,32.80758236416791,3.408173784753324,38.618445426802865,10486.192861570204,2003
23.90579192441389,18.72600170478261,1017.1454922000917,52.99288599524725,2.463447568099779,51.98603497270353,7222.303281832293,1966
28.44876377041373,18.517610941786828,1009.2907841949576,183.1757214567582,0.011171151859096501,107.94289570525409,142501.35924232382,1997
25.365906756349794,18.004486098934084,1011.0911440166298,331.88248892759134,9.974682867531051,70.64534738733622,11835.41076786863,1961
21.307720080081133,14.153877248333183,1015.9421809012015,309.444331972001,2.824778752429551,-11.435378528581126,9387.570624552642,2010
15.878508818553172,8.576025640961594,1015.1875310173651,348.7512392794091,2.294237380213973,170.31860838821098,12451.436830598952,1951
20.954883713569874,14.331817753155624,1010.1132899214583,234.17246350014153,1.0394794991748253,34.02775060361247,5211.8022466867915,2014
17.7473977289535,13.62138507399464,1005.450034147104,243.29335190979313,1.620274961142856,21.97919305567379,20526.64468843069,2001
19.097382750976386,10.952649140596764,1029.4388059369437,225.00827961533713,0.5841056088467027,41.749478278732454,11626.031366011463,1983
24.94289202210305,19.078249996934893,1012.294251638286,224.21481222895102,0.07225648225862365,75.48716730110144,11105.232847238916,1994
30.34952252175703,19.54522392227453,1011.3713055340869,52.96332422433047,3.6160418471481455,116.78494206196042,4341.085786966734,1950
23.973357649114906,15.815382502234751,1013.5666723195266,195.74602421901432,4.536067715985894,20.89966332917333,1695.392698566412,2001
16.020584689824076,12.275775528896949,1011.7863570534448,138.98445604262128,0.3545979102768261,110.41213538966628,4907.961251944033,2016
24.223013341100703,15.629237024331516,1013.6136445385274,159.31339767982564,3.0934530174726818,4.3654507115183065,10749.707848038863,2005
27.983157433228257,19.66335992193151,1019.4347364305821,188.49620630132546,2.7030337264700224,65.76285341832775,5194.213623393004,2007
18.95108547840309,12.636378177305978,1012.3772576015679,46.222621848810576,0.39294238950962596,97.032176343012,10847.904070336446,1999
21.32991416663541,15.189675930052424,1007.1864478033611,129.41558418676314,1.0957705296963804,104.41464549367254,6422.9842372445,1974
22.073440973645987,10.689930470505196,1012.1917810276069,22.84184191557729,1.0989871050236826,-68.14181383562038,12463.7471892193,1961
18.0755084345888,8.993492273795994,1010.6779910929505,352.68052695206364,2.853934886000104,49.031264144708096,3050.8510825182616,2014
25.241402169219295,18.900915530547184,1020.1194946862342,42.67009037524541,3.6361359143296594,82.82515357643683,9827.010156432376,2005
21.395259256961094,17.051044291170864,1018.8555953236879,93.06890587618362,0.1991437629979793,79.44959579338315,4268.619934575599,1999
24.097662219535138,15.047390146611551,1013.537625002154,320.865453613223,1.6555033713753542,46.589157093724026,1740.133403363436,1977
17.562539110989498,11.805720673350379,1006.6063207259037,173.77561664609107,2.8688568553395255,45.90446128839076,6869.495016918871,1952
19.812708498382946,14.458334454672665,1006.8705386828003,48.829392547426906,3.0853405745527787,92.106503450914,37658.63566342996,1987
25.611906789138857,19.314769955714606,1013.0756163079228,138.3229936941656,0.32032230349582425,117.24456659973814,1884.510891399019,2013
20.135834239541165,10.039729424337118,1014.6816148466064,41.7124779088989,1.4910090001727088,-11.204380273802585,9130.650780423837,2003
30.634819256167027,19.672292985360166,1011.1268859033697,72.07775895042064,3.897650677266677,122.8700362343768,17990.10319668641,1985
20.001819071926988,13.33611459064914,1010.5991520789638,18.73074490194421,0.7669725731921194,87.55160849242229,80824.11760198657,1993
23.12342362875943,17.5926769346037,1010.0360038341067,157.76189803767596,1.1071771226176632,116.22553980701414,4949.624616087719,1993
26.662954159365448,23.660928878998803,1012.8830301987803,290.3890038210935,3.262942868282114,41.8266741497041,4307.010812054741,2018
14.908171335334842,9.979708481114953,1001.0861882396347,210.94890433196238,0.18712635999930677,66.56179032041183,2523.262040830788,2002
13.19595594009612,6.423214233859306,1007.4933668561514,218.28430997446023,3.9250000651028873,-49.63149069727993,25349.551963670983,1962
14.371718427149526,10.864739053407265,1009.8647457727633,72.21025082996651,0.7454829783652326,25.847430214933972,3403.5887571977732,1993
28.31292051713591,22.461035941076556,1019.0375159747596,123.80178357085194,0.002902738636431784,80.06255756530615,5593.740972821835,1953
19.240709270537767,13.684524731335438,1008.9309317903553,304.2871573826995,0.5335617839941359,61.71905216890996,1275.4599308566824,2019
34.79099642834126,22.540400409530296,1013.9023407091561,31.628226357545234,0.18752416741748704,148.8230679335286,19613.469776535756,2000
19.178762006713058,15.341121287659178,1014.132713754655,308.85503532067213,0.19386979327616624,6.124890466164047,25803.315767652468,2019
22.922756515985185,17.3730207981865,1019.4895825283038,174.12840945532284,2.360745213106612,138.37394266563092,18878.425924567484,1960
29.710549762839378,18.745223145596317,1019.3128870348207,301.37307527704223,0.48153675935342594,-24.063265322748606,1627.2955086251861,2003
32.03046444079561,23.184176343625612,1012.7124851560254,114.48231098198411,5.458824394259839,18.64036669146205,14870.743538293125,2011
32.30751788318199,24.609793653545136,1010.6225762940528,121.9834625698875,1.4531785580476158,150.61199109407332,1521.3138496845033,2008
28.041831152965713,21.993061892193786,1009.6808344858715,270.5777525963314,1.2327362303123426,95.17614379850201,8587.305628719849,2010
27.120312629057313,18.851320889721208,1011.7946838876711,282.59862242119925,1.139324483724767,173.21532222430983,9947.510322354148,1989
24.962634746005914,16.757685429845502,1010.829833228382,82.67208407645283,2.3591304788400262,122.37016956697175,11049.97249837838,1953
25.89180538083319,20.578811410745757,1015.7681370467911,350.23367693588597,1.2039192013683702,87.3660319174767,13830.568535030523,1976
19.244071418357333,11.050528986888361,1015.1015490874261,30.41643752813842,0.2753091481905781,37.954658333539356,8038.247746484976,1965
17.909005582888465,13.413462489863935,1015.959005955725,24.66106671676712,4.243398810479591,28.57702887058198,1138.6179567226304,1956
21.98312771294524,12.64813614433281,1019.2964185571808,214.38151750299699,1.1186153920410276,91.01449831700003,13837.270739191503,1960
21.149076887375358,16.935106365681953,1022.3143456070009,260.18667639778374,0.15377197141664017,37.42728250874418,8933.89850332947,2013
19.733859753363625,13.297610796132213,1013.6233169670378,345.9190065209906,1.507349061080362,73.55311525796898,3285.848551853832,2001
25.481937237283578,20.374522537393442,1018.4973188569783,145.78048108759018,2.084540613952063,52.51252572414467,1686.823711499052,1955
26.776526042852556,19.72639374270784,1011.2416990808289,9.10490723626792,0.644774691727104,99.39803687062285,37798.40503682102,1997
22.442034431459238,13.262983641897605,1018.9250349179151,217.0426822007065,3.222282801832565,146.90905004066266,27758.587709003972,2018
29.387650405276307,23.420610747847903,1018.3075457858793,104.29056741555787,2.2159672013565177,128.73964119953143,16415.107967912547,1955
16.291554429332475,14.506578633388191,1018.0420798497149,155.8609636303448,2.101594738444421,27.111964896027988,4120.3776005601085,2010
21.03170270360141,16.48676487771942,1013.4703492059576,175.84901360997668,1.0923010408948606,82.4416557190968,653.9327044631981,2015
18.415888396985974,11.36794614781774,1009.6582091800456,23.22453986569218,6.535885378723882,71.29831536213042,17407.896001081343,2002
12.6673169146347,8.255093931529471,1006.0273578106726,174.953442443077,0.640931720046117,50.9344845842941,11692.311568170353,1977
21.586596570786504,15.401472034362072,1012.7998139623945,153.47508004955333,1.7241046868966114,91.81681493351765,5571.043681864194,1954
21.39126245808358,13.56646292199564,1020.6650627112459,256.5159355031736,0.7393905621630686,113.12058191132037,24954.4216694399,2007
29.567248716210656,24.081767246273866,1011.4507754931797,232.43972803644405,2.731452704363251,154.07306542580196,18920.42932534505,1973
25.154058422773886,17.896493839393795,1016.9256329273003,66.67765853420197,0.09794247725209894,82.48659450563609,9663.348359666568,1980
16.879065878353977,6.408650020633068,1017.2197570025946,74.21001055574291,0.09396072822952498,-18.21818798098333,8392.203657806625,1990
31.27046283167094,22.5680356076821,1011.5815688953642,90.36222435877437,3.3305458466799536,103.4882804845817,8526.785453638135,2017
28.105168477626766,18.97730314070411,1019.5817241875976,64.42215850698383,1.139270191694984,83.02272697212895,15993.535252187281,1995
24.91048851734308,17.28748884990326,998.4566962775975,236.59675188064818,0.8346100115767225,110.3613046511953,3437.5821967027296,1959
20.86757950575084,13.870066922454185,1006.8862486063091,357.9948645120974,1.8705743655299776,6.638195765352428,12406.590741286309,1986
17.202803816382602,13.656055504681195,1008.4218385182077,234.75900258573716,2.4206481545143417,81.78165647190713,3227.3255028603476,1970
20.138966119644735,16.336651840858075,1008.901424885663,218.40535662886484,0.4492927270530671,76.05246730372409,30839.60969374188,1970
27.44374309852093,19.776726493481956,1014.6813147559295,147.5740560063861,0.4101928726764046,43.99011688563802,13795.925467566609,1959
31.422931529673043,21.31742969649481,1014.4501890152695,112.52889318951385,6.347362699651821,-0.6611887220557122,4071.5202657539257,1973
29.716217641360945,20.71867793933432,1014.9699528608751,327.9865524863325,1.7815593787464896,142.74807996925412,8783.197708544465,1961
19.55575289106863,13.728226256903296,1015.9804074706624,348.8406746911751,0.9889745728628161,14.520358324253017,3450.290191519437,1969
16.401912833554945,9.876478903758787,1008.2494771542717,178.83942321158202,3.23334498472068,-23.105572709172584,36465.17001052628,2019
22.70443123455602,17.050959161331683,1006.9091196659634,104.47217838236068,1.489550362028191,51.81558889694419,41063.543380347415,1957
13.157803172185742,10.130546868250951,1014.9815984100393,277.24399476111637,0.5532543021155868,104.32973066720423,16256.102936319417,1954
23.615838570923906,19.611969479200077,1009.8488396317678,47.68444471207624,0.46319664888808487,88.96197330517187,38432.41671178287,2003
21.261987068506656,17.394090508531608,1005.1476247731601,275.61176555172534,1.011209440099162,92.16031128804879,9431.363424255283,1985
19.66981749065879,12.397522408280892,1017.8567214227074,294.8214147520819,3.930738555218964,60.853200296460614,17387.599647058654,1987
14.026484663666023,11.459136013584144,1019.9755095325115,44.96542006578025,0.12683385494568664,65.44408916554698,27576.645664109878,1952
24.568000532848583,15.295693606805063,1020.7858044484933,351.67012876676296,0.4931467999873393,68.44889990851965,8056.676491412405,1985
19.336495801690443,14.927411263065009,1013.9350386073736,354.78442453985224,4.472692639695024,40.70149777102402,8700.222311109937,1971
16.15041582144856,10.272062677493777,1016.1296604798645,337.21901255784644,0.25961283557519,22.925069431793936,20612.574917525635,1957
7.638688933591753,3.300575806763058,1019.8493411168096,178.57253138625515,1.9864824247586033,4.789943237127831,15467.525338737707,2010
21.862425474746818,15.86378851771758,1009.7929210498828,88.58669121965823,0.4803540213037405,193.97104674198974,3806.7811929346226,1956
30.86125798334872,16.25374633203582,1018.5533884202705,209.52334111748866,1.862132952598325,122.621653083357,909.7507207372246,2017
30.30629607273935,17.712456102107087,1014.376981170716,151.17618184971687,0.9661101945566077,51.4675461133944,6798.599658631267,2011
19.71451871706864,13.44517933439948,1017.568558261713,74.14151209819096,0.21445094372948506,-2.3596260729868277,995.3414267637628,1968
18.988939698191096,13.457141322003451,1013.9304651043797,152.52350746242513,1.7468220360820468,54.885242464681745,3007.8555557729806,1996
24.34387128037512,16.3020723559462,1019.48128354874,239.00034084393258,2.2979767260901083,-6.244292460791428,3380.277354989155,1973
17.008072804058543,8.746778365405783,1014.1176188127076,25.52879188295678,2.280573161117476,100.663151421094,4588.725928622456,1955
23.50895949909733,14.820487965091118,1005.5801047026629,120.03048052056594,2.026894480088264,-48.5653954200058,18406.113505821762,1957
25.830401391923452,18.863699628821205,1020.2596331615736,6.4061604046170695,1.3871936870285428,71.20801118482036,22872.247172820935,1974
28.13466611942154,20.8578298248518,1008.2623462951394,269.8183819662032,1.4657421266984718,2.179465211142414,13477.012291542376,1990
21.499229617600236,15.017014497128281,1019.2652910512196,230.6488563420123,2.0192263809554634,90.22639602784186,15252.626185000467,2007
20.98163124911517,17.000809436454595,1012.5487855927984,22.561968492707713,2.34403996497235,29.20726690203597,15617.079848063577,2009
17.610087066217194,13.121854993270503,1018.8800549259886,347.30552145670845,2.127707294020047,94.4889286960819,667.2534833840092,1952
17.8655982298007,11.011007452944064,1018.6738430743338,8.143760565756244,1.7683517812456948,-49.071760783092934,8186.139367466098,1958
20.867605540492367,14.04631977152142,1015.1507148715768,212.3858327313919,0.3388240525664518,121.14053003111277,1344.1824707974658,2001
23.83682753408089,13.88004695944091,1015.5426765881357,279.4922862476601,0.4730061333717687,91.65428658570379,13482.387400834275,2007
26.567923131166246,18.381268211033536,1015.1131430859629,283.64267269610025,0.6028157394901782,81.35617428903242,999.1369463433972,2009
17.984105246598276,14.81307491106147,1002.9308762185946,12.342648813553364,5.043016552394557,15.116710775561188,6765.297152686474,1998
29.46344284479761,21.994990160780258,1013.591651094491,326.30944775055815,2.849198151606551,84.90252132302552,14013.40675914365,1954
20.644381994787157,17.255086048189252,1007.4196791196405,330.642601893764,1.6097975717484252,100.5820992566294,2649.80690869917,2011
21.89316352825782,14.719443982182487,1013.8559357187283,202.10053433557417,0.5808568231664063,30.282239157401627,21199.14141427262,1981
18.263941604260882,15.476958712011132,1007.285287268084,173.5499515993726,0.2350720596290617,55.6897571580855,13448.490791877235,1976
9.878798698635292,6.528550636148764,1007.0752402938696,16.152286702535932,4.5805073958742275,16.753972715519506,11858.790617839719,1973
26.42022698180525,21.43732905240346,1021.0246725087695,202.3034913035527,4.463619916725161,96.98848104913218,16285.0304497247,1987
25.684219485462165,17.935240144939268,1018.347236940621,147.37646943728308,0.23463138007402942,10.281706755140931,5657.853801272693,2016
20.593362214408934,15.829816297694807,1012.9792870752792,278.2103066671162,3.191234381210131,141.73773750022906,9432.522750447206,1965
22.33495358612436,18.58469223890676,1013.9238432512451,145.39808407899162,1.1835113113874682,122.54364466442776,8184.943379876901,1964
24.579696088520496,16.818932004801933,1011.760419871285,246.08909999689553,0.7830265764087289,-8.086675713283896,8002.034136338149,1974
14.187270715567287,10.367867475985449,1015.8493818798976,36.50693264551109,2.687270947524387,-50.3540918630034,4138.0044071686325,1953
19.354736613268525,16.126042479700573,1009.619728167256,47.8628174757481,1.905544014946201,133.55463661826744,2338.9745487616683,1981
25.971323398109135,17.913920050816266,1017.9687013143398,50.295668633697005,3.0285291893838964,86.36979085048489,5785.682734398018,1994
15.728552884153753,8.368202453895304,1011.7345657949295,16.389179927907666,0.15447249697153856,-43.677242606027434,5475.572376129691,2005
23.467789660833148,20.713466871753024,1010.9007650208439,194.87838933712936,0.767173449715073,53.02518053054365,3878.7530902809513,1984
15.217090976882975,9.712434755143807,1013.1085650924242,285.82838137570894,0.7693167067532494,32.71685083893969,18997.33113702793,2002
24.332149912167633,17.350017040392427,1010.044265850372,219.7480333297198,0.8002182310201602,110.97560652300504,2509.386003656739,1979
21.821792588512583,17.58726815086106,1014.6434117474824,206.98375879902824,1.3962385324089517,117.39031241120048,6825.9775537059195,1998
13.924340920472453,8.530050836868313,1010.313187053433,245.02461422498513,0.6653973794534901,49.80992634836906,26012.688353536065,2001
27.823696772285857,17.46085191415584,1015.3426180140942,122.27231630592532,1.1753543381090872,85.48844110305046,20113.154899786517,1951
18.327042116009753,13.336404074756492,1019.0800326945574,130.3034657933624,0.9170280742268858,34.85908226865041,27345.134245586753,2008
17.948737814928098,8.977963674624888,1009.4033915659592,113.13723535953213,2.6582864796569283,125.57785406503778,4488.2557129841125,1986
23.002845986154714,15.526180036572457,1012.3471227135242,256.3592158272872,1.850162489311813,54.631374161874376,17752.615314782095,1978
27.743186747143575,19.91030805163131,1015.3066535651772,58.190520841478744,2.120492144355401,116.40836317567833,2799.0339059098133,1979
16.920890905108017,11.304719839925284,1010.820713225093,4.689100912652777,0.47292342645723556,1.2529791887653303,6149.49992313736,1971
22.30839924923986,12.528977588096405,1015.3216028041334,214.63072082009725,0.7875736272182897,8.724576548083604,6756.391260018609,1968
24.144082501652864,20.08921366356503,1015.7769943032587,339.2572913043139,0.04278529454510519,85.87354474534895,4555.81531824151,2016
25.46552803631572,18.032945933319354,1018.4163088814715,219.38685011866968,0.22941862019861234,65.30260809891053,5643.084047165058,1967
22.882207776386124,18.879849678993768,1009.9700497695754,281.85179505872225,0.6159171350208863,3.438653341594545,4947.4326898486515,2014
20.164860804583387,13.59533006284748,1008.2861237988476,242.20465540777084,0.13540966266677834,51.100392021245604,3033.90603541023,1954
17.862048896756402,10.743410264347952,1011.4621130521813,179.07719526828586,1.8457869660508757,184.25316975088896,19080.3350668891,1960
22.430719415231874,16.239865431172632,1008.1612383022645,258.62126464218454,12.563757682775202,68.51661577735291,6751.702654206257,2007
16.639304940071966,11.215939205393937,1015.8224910202375,296.67748458787986,0.21253343908510408,39.8233936918745,9911.356936330556,1967
7.393247582526963,2.819750391786158,1007.191243499118,80.90339190181128,3.443312810361738,4.1345229931705205,9545.039468971656,2005
24.182799020788337,19.867527832126825,1024.6650820912635,121.00697297393239,0.252978203765932,141.1718869604551,8558.895454408486,1971
26.519674205430977,17.319231498013693,1019.4796393078688,80.54126370118219,2.2168042187138495,76.34835113142871,8891.086580404224,2005
10.185337822290808,3.4492037060124296,1013.0628788480016,162.78226401255876,2.06092211965647,38.79370306149911,5970.481043665962,2015
16.95134647645031,14.522274641429881,1017.3369724649899,318.62323833000033,4.660260704659496,95.09962885519569,33469.73472818989,1972
25.095771305025988,16.558443881892945,1004.815990678446,124.27455630071964,0.241953892306419,149.00867164816353,17339.540692039573,1965
32.2874773485585,21.3855863587597,1025.616866656998,134.8080800869992,0.7579710138236349,67.70526257346896,8253.41252148029,1993
22.10396853837704,11.942002802803977,1010.0489269389975,309.73220448189545,0.19033585262597366,17.983138357931594,5181.995869491018,2017
18.35998529385433,16.33387267889201,1012.3975129305032,185.53475906808308,1.0464150137704382,26.968379184297383,7195.270090615593,1963
21.0855177944758,12.180901281713684,1003.7203335640578,192.7616398730764,4.85161218023834,102.43028118083626,12303.284231022515,1958
28.874382095740923,20.328966428429943,1015.4314365237045,309.88843319959665,3.042150449153145,137.30292272784067,36313.32716975398,1965
18.770179104377323,14.964366018145006,1007.4682792146144,176.58962532917036,2.5667543792017775,72.59721238202958,2052.7845249713023,1962
18.00403996674873,13.446261842730305,1013.5082788078302,245.3607124665823,1.5229698399400113,107.75849257910583,15674.253780242514,1985
19.58628238908984,13.591089048378503,1010.2786278353773,30.83207971466186,4.299483260157096,102.18815802110771,25002.313430240025,1993
17.233356958706437,8.660018154519673,1007.6112803253483,64.3074167256787,1.1936452062847982,23.823041969798716,1832.2161610164019,1963
22.613351579973976,14.209896434447215,1008.9781924911869,145.5754322578484,0.32429838889437945,-0.9573244918430248,6760.479667623418,1966
30.123392292347802,21.461975280728502,1014.1289401704277,178.14206441515495,3.6352037295167205,73.01691960867011,2794.7055380234283,2014
23.615396365580146,14.956429315932109,1006.5925451356559,347.66413244504264,0.6560037418863881,101.138390295771,12463.125600885636,2003
20.738232489368563,14.92348166255553,1009.2559416448821,349.4345878972044,0.11025081517780476,94.83201560975394,5662.660238860704,1951
20.54094365542228,15.742147376425878,1016.3163669063224,306.4309514923542,0.2694368352487096,-21.552181520608244,7114.291542043767,1966
14.184045956516714,11.853837941161903,1026.0123993743716,113.61558070280682,1.8783968223074243,-71.23871660996157,5371.9389479880765,1972
26.415548885735795,16.03852550438969,1015.3879440977651,347.0501846996783,1.8683084969206232,123.45693002116724,16649.96565707407,1950
21.61081401493599,19.5208619204131,1008.4136917891136,248.16271128343652,0.6027053038267804,110.26000608497155,10188.683887346218,1961
21.09760043204687,16.30327899154107,1011.1644291496384,141.45844601426415,2.5978871684030462,89.23865028627488,10207.997534309792,1962
37.965537839224304,26.572448180118883,1013.1579450307629,252.6029701145159,2.97125862644609,172.30531505991638,9514.971886558229,1961
23.49376454182843,18.62470834543318,1011.2528752468214,5.948182723149569,5.064062581989459,86.1454556093437,14364.151183420532,2006
18.24104474952408,17.4995468686668,1017.5152908336846,52.61568561871689,1.7586523289934262,-4.044659502673156,6235.587907344763,1967
19.868212018972283,11.030308211166858,1014.0873674150711,298.6868561602924,3.0230201791843085,52.633766727608574,44390.23481097422,1964
27.742228545983775,18.969034697205934,1017.5392619245494,232.4065092743416,2.797541171271252,85.28616742641994,2357.1422394492256,1988
22.56635205268882,11.039583117135516,1011.4277810485119,131.11009246507825,0.5962974436871625,38.056567293469016,1442.425790257813,2018
14.808610108413166,10.751330141185266,1019.6275010986063,180.23999048017876,0.7427823336040706,17.349069388465676,1327.85406261881,1982
26.59614467287602,19.348089754863494,1012.1675720785922,325.8511738724761,1.3020244963309326,80.23415383025173,1012.7370354902121,1997
18.65927957230503,12.983171469728003,1008.14405065431,227.36811941247115,0.038445084915521434,22.235581528149964,15885.623786280128,1954
31.36648888108773,20.647475074764788,1023.8866019052111,143.3337422163589,0.705928739448707,-1.4248368999659107,14063.916732332957,1957
27.400240328573243,15.081139197624617,1003.8751112651944,43.3175966631126,1.2844628335643204,96.00409846183797,27113.21406156757,1968
19.763390521706246,14.58144073201791,1009.3063063734753,105.74884858520196,0.22873366942509668,124.01915056606549,2816.8141331988554,2001
28.405081808675565,22.794426233903543,1009.864860740848,352.20248380677,0.26998122845596306,-13.023833356207064,17076.549973328365,1961
22.339277552637018,14.455457375379046,1025.5415313652827,157.4507026266399,1.2443962606970116,82.69902336848823,8576.867753619304,1957
26.2638683756111,19.264827720974058,1022.0342944207325,169.8622069841499,2.6258278274489086,33.43018706353489,9571.895188395174,2004
24.423664086472375,13.96027623369056,1020.4696407182109,179.49529166292555,3.588512337829135,112.46510477687683,15147.986462661414,1983
17.768216725045633,13.35217783491697,1011.3467066881184,318.27744826135597,1.5806994485327626,73.00592984116237,3803.656990801348,2014
18.78225083841269,12.360810991399568,1025.130890019209,217.41418237871156,1.2877580233887118,121.33280691534253,107715.53924331674,1996
27.149804087905807,17.480026960328235,1014.8417600192049,249.72373312269198,0.9699277749692475,47.64562859539905,30695.775071235654,1984
20.326123339467294,12.707559055194844,1017.8863168515156,140.18887531767743,0.4287368126252202,67.99467388319687,4761.38583188607,1981
19.981757683790015,13.20000721458699,1013.8984769055311,10.471542692030766,0.31696476949196106,186.29819487942837,2722.3804507606874,2000
17.224387103253235,12.821937603662334,1012.7526671433837,335.150249127424,3.139438989214682,68.47134624391673,7421.198441864196,1955
24.117995327967304,14.258270327186077,1011.7411066303681,341.6859651299063,1.251001857643084,115.12370285116236,9723.087038472484,1958
32.31262459621573,21.8246065542153,1011.9518000329042,341.6950992052984,3.124347781405723,176.46124527427293,23520.20833392667,1989
16.662335428728635,11.58069124411175,1016.0424582433903,339.72735119281793,2.4353527814087315,7.200520902402175,2518.1482486612867,1997
22.12109728336379,13.286689649290935,1014.835998993877,293.48709878504195,0.431084812662009,-29.355699171227428,10780.421492615853,1975
29.061102777077146,23.936102347304036,1012.8426431489816,246.45457804187765,1.4279543087736035,10.914123033503486,1756.3357817410456,1986
21.601793043771423,13.414264170517312,1020.5476199634943,304.0235705762228,1.174033792022104,9.675631085781632,12535.97253835836,2001
24.261858981248672,15.644427459607089,998.1662346562963,216.19664604037303,1.1028560698300194,59.27864140305857,7277.158721795968,1961
16.688032359265602,9.725006751840924,1015.5494362396059,48.373061001128505,1.5642674102656395,81.67741472739355,56200.434225581215,1987
24.141535486038244,20.496035014503004,1016.5886935332949,140.83853941491157,8.043887927723892,123.80428975382112,1726.7519819841973,2017
21.064278674977256,15.850805529683042,1018.7348143412759,349.6661683102575,3.3522304801984126,19.03715159444466,31907.883231582116,1965
26.928649978399314,16.976870972392234,1012.6756427947332,126.40961289443628,4.680832122492713,190.65865299609897,1474.639253310125,2010
27.936930257823754,21.768314298196564,1014.0396003369198,312.418048943293,0.06017542552275039,157.61054968221336,2149.0684015042366,1973
34.94781821009307,24.864870135642903,1017.9297419165736,33.556129478953046,0.302428180841855,90.53205296344112,1514.59815953207,1966
24.898165866067878,17.943222948470517,1020.4558320214009,120.30618325516906,0.17714590444488273,203.46498608639106,10408.235101251941,1953
23.628981582910832,15.851332690532676,1011.4973200741061,126.34319690185666,0.6109617512678901,103.8415433692181,2505.644308043534,1999
22.97192150788668,14.581513081606728,1014.3348789156378,18.576915519232855,1.1664073368644867,72.87684961633565,2104.1534310874517,1952
20.23416853594656,14.839450173271793,1021.3928698217438,42.87395886723179,2.054742080225535,21.56373665071319,9924.558308303373,1957
23.692419217308455,15.494518992124737,1002.3798646206058,69.53947600383755,1.38962219334819,23.248320613887017,12730.747200662821,1961
20.522992949304854,17.999606323663606,1009.5499370009271,301.61361269164064,4.6698842605026645,114.87572208151889,8432.506216563741,1984
22.84230488134807,13.45103120645744,1020.3291798930148,22.8247163783303,5.622025817397173,74.25615445326281,6889.686422364407,2015
28.5879876780398,23.083904920337748,1018.4626891680415,107.5323244839794,0.357107610260159,118.37589594281127,50458.65829865566,2002
16.967287173601793,11.654463323925652,1015.6122260546334,3.6630009321363044,3.833460976879095,-2.369296296619275,9375.322649958516,1982
27.69939280564523,19.98774643199387,1010.7570156344544,250.4259883450889,1.3144877895676483,120.41891485848524,18136.67615414787,1967
28.585575336699325,21.676218268948396,1008.5909075050729,223.30911241561674,1.2078179643872717,95.54427727888793,9348.041412023478,2007
21.409657365044605,13.72626156552235,1010.0439219037881,232.19361433913105,3.0736703811308836,12.706315775276948,2703.016665313725,1994
11.390725504957027,9.702004622867191,1020.7400411040935,134.77780249726274,0.19553551424903592,-32.09194467243523,14043.11728669666,1964
18.960890064527838,7.857535334407132,1009.8577865542233,74.97641565632486,4.282516914117166,61.760946011079234,4205.728016311749,1964
28.484972732805545,18.49950184652,1013.5071148211983,259.315276782972,2.2225645574464705,125.27980567922957,7398.361693868218,1994
21.88565968850559,13.471836167271782,1009.2314617756913,292.00243418665025,4.163073192076767,119.85047660736794,10997.27376913133,2017
17.003488838525445,9.395430162224287,1017.2138701504952,49.89653931535264,10.39787738772824,60.669612332051344,1162.795074888049,2018
19.47612539385891,13.203378099543336,1010.3063685982678,175.2585940574717,1.4596408044598255,18.273190565219913,1620.512726689942,2016
26.203100132522763,19.113670029129324,1012.5120305492279,89.5376455123905,0.19580390649841034,85.11169312528737,20119.78971257075,2011
24.733667841006895,18.718887485703437,1004.5830893347859,60.518470034208136,0.36430041398446844,97.44081566711341,4172.428641952176,1993
20.805339504151526,15.045491167306881,1004.9331588189754,264.3571128581997,0.7819952647797519,30.25976632067797,4375.0709285099265,1969
20.16587794092656,12.784727628861496,1013.0383659666076,193.71489677022132,0.21863208386051386,40.47640760219913,9570.477678602028,1988
20.04120925478089,14.766879353996957,1006.3742142240112,77.82671965632039,3.3784977437525052,65.70365232855195,5510.041329183747,1988
17.387949077507486,12.42013574395694,1023.5254331966726,111.60000403615624,0.7044208524419547,70.69576423457036,12302.876571788114,1950
30.07687844734721,22.92592724901508,1002.6923844394388,347.99532167798725,7.449940982884252,32.963758047199214,7699.2500828941675,2016
20.3883976539433,15.825751763623343,1008.9991235066794,305.5246432950804,2.4252968709160383,37.878508447051125,9883.311930234067,1996
28.085792604127484,19.721007650730495,1013.0835043363378,316.7808274343262,0.3809422375096894,96.22844106810409,4016.4014127788546,2003
29.606580259612258,18.930100169406064,1011.1743353110211,165.60435494905488,1.2926899705416333,122.20831739611324,9833.93878657964,1969
26.9915544907398,17.5881878318537,1007.4792727166804,224.570615011515,1.2580333164100725,98.39529197251528,24467.20887605105,1958
19.841898436409757,12.789750186210762,1008.2103608025236,135.63638647358817,1.3565630808320703,78.27873794240074,4592.83051940609,1977
24.018650451683047,16.18252264834562,1008.0467296125038,27.976311248000595,1.5344107352908818,88.6943437874495,20238.02015670278,2013
21.879021968045418,15.851416232811298,1011.5663915258997,144.3849518364417,0.06333860513735948,29.8415740168478,7695.87447412131,1984
17.481490696349358,13.667392267700667,1022.7596454475871,213.8330711545721,2.318643504782634,125.96849293409025,16890.078474096492,1989
23.621796408608017,16.433020099994856,1013.389686482791,103.37193747652731,1.3357066693504172,60.67522276104974,9216.690630683142,1951
16.104801044200986,11.305610306741634,1018.9145024469376,305.26220690186966,3.1305109701359854,16.804012538270463,7836.825180809115,1952
27.93839694230782,19.84349046961548,1015.5348817291407,54.3960573028555,3.378581653227121,20.67650023189269,11495.715527153801,1963
19.676913513508033,12.742028833190943,1018.5693119899111,132.16647219729117,0.5241199387183533,35.59195495067068,27271.502249211928,2017
23.005798279364196,14.253274280269025,999.000178487032,44.96540591671305,0.09926922873054829,37.84991812862525,10260.914981326987,1996
23.41643935773071,12.880631755790077,1011.4777098942589,145.73956823468112,2.4296216893094984,53.86931852572647,13075.961596685129,2003
20.705475131479613,13.103533875881983,1019.5356771157535,14.278069790737362,7.611976396060889,79.44956789888141,5605.564737338426,2007
24.933469007376374,18.399719211699033,1010.1413208862533,98.11778222219236,1.1835579990414198,141.27851492111904,38983.21601904729,2011
19.62548171688738,12.33201432574203,1021.812365824348,144.26469184092613,0.6011639986844598,102.23359969221013,15372.525104881712,2000
26.356486487286222,17.973926466248475,1020.4194507688388,172.13953077960898,0.34079837011748476,-16.441715999756795,8757.873996614784,1997
15.270101598766257,11.621933693961013,1010.6543464193627,195.73068905105106,0.6777980304293224,100.14935892519213,7167.744630862159,1976
22.63189789773206,16.88370752125778,1010.4841824047683,98.99680672437081,0.7947544608064517,99.15097509400282,21545.19862907883,2004
31.694644995291423,20.027185792371917,1007.9319707882277,188.29488046135404,1.1028603652238593,190.80826716364896,4419.562211325153,1998
16.998343376972127,13.892959076787772,1009.852028840681,183.24166376234155,2.130783252134186,23.889421078164943,1362.5660245227705,1973
18.611275147375743,15.28259278187399,1006.8370546791555,113.82409831543504,0.6381062256443534,13.064429316239206,8711.50286226394,1959
24.569539248294575,14.93897775936908,1015.1440559021651,298.87211903633215,0.10464399078266456,126.48725485887898,26635.61670762353,1956
22.89790890969799,14.380862497506286,1005.7197675332678,196.43080557368344,0.9345063873603319,115.95016223412222,39787.529426620145,1966
23.753150496367795,19.009386713749837,1016.0186650809511,119.61709874875619,3.870746343226869,45.55014545420015,7278.6891019726545,1971
24.445935650738317,16.81844791300622,1016.1403934845013,341.0418643490795,1.3797112507599878,64.09074323545076,8464.088955784558,2008
25.17360734280885,13.181969245062493,1004.6939779740804,304.24046870561796,6.692495750231765,103.11140953488284,13623.212694152176,1993
27.548499209781117,16.484586437381406,1020.7490930316417,353.7316121586483,1.400833202132117,107.94654377527965,6220.780008310432,1960
24.049093284642563,16.33562604890483,1015.5680464720762,249.20419487235148,0.6456482814570449,75.7614521563205,13580.713610790506,1991
20.793711726907286,12.229512908265896,1016.7484901072244,136.16024598217686,0.42964155685925415,71.65745699125902,7439.792583909461,1972
25.362868506013655,16.927160412936672,1009.2066739922861,101.10984000444444,2.3717713789260935,39.964212894395224,22278.29705204363,2009
31.499409674476073,22.11437919950041,1016.1118955923656,238.79442372281315,1.537385602311538,91.03529701139327,16696.936076473787,2011
21.33683126808713,17.86029109573045,1018.6319672486103,353.0939696983093,1.8526767263486958,0.20115968815895258,18219.137512734756,2003
17.127353476646793,11.408239601197176,1012.5069580049766,225.61742883738557,2.8140294197537505,56.27326131986947,6599.059086486345,1962
27.535403346434865,21.419865941649924,1023.0096122962418,317.38137875634175,2.5885498288862685,23.684915585846284,55599.37952211763,2017
21.398094180232007,17.836186250235947,1013.2203231745647,118.4772351771967,0.08866316720970474,16.652259889783984,13146.51445979277,1976
11.136652269929819,10.664275927655025,1018.7039290022624,146.50336169073202,3.244761676752849,195.22901258899677,10376.449575781386,1989
26.23710838575211,18.93548505679761,1014.4650440362933,326.2590862521672,1.5215818124715361,-7.324792639627461,3785.9685296257926,1959
19.323359070230385,9.59977305348332,1015.9276076642843,272.47201270481474,0.9942022435588305,110.8512816738006,7353.474340087985,1964
21.547333588479198,16.00478324274317,1004.6433386618262,353.3077153324461,1.5423014513071416,82.76481064112052,9084.998000140655,1994
23.659901652845075,18.658730932618635,1014.8552686910768,278.91511550360707,1.8958282874674675,90.49181937738076,3686.094235069672,2002
22.952498398895333,15.904614668355899,1009.3251244937137,161.46565459856342,0.32387657238110346,23.466243821130433,6049.209336066196,1956
25.5472590856952,21.372249100137136,1008.7680084711116,191.1844871360507,1.0805617200288167,121.60749680917351,6865.059476523261,1979
19.822568147150783,15.595464825940462,1021.7205159223299,324.1855772867292,0.8177002923453791,-25.658524395289277,8569.12289965671,1979
24.565528990880413,18.332417047921858,1011.9311487596882,198.59282499529726,0.862824519923349,55.716251252829764,1390.3252755819153,1976
20.702266612080415,16.664348050867964,1007.9834908451226,91.94305469920027,0.1915574436020479,67.27790492953488,7077.878248053906,1998
25.694052404437514,18.652576385628013,1011.2043418594557,156.8231325971818,0.34833416138330664,164.52613142745946,5556.111749206462,2006
25.076837420065267,12.568165195254977,1006.4977488553905,185.87375598568244,0.35307360380326414,108.78767349827467,7935.612743841722,2013
17.322806489777022,11.127686639903184,1020.1694223409813,34.81914007840664,0.9343344894894887,32.0292946217358,22817.351727557365,2012
27.42991058087516,21.595273461108317,1009.5215962791674,267.7545627310405,4.497928371820838,80.75108367084702,63094.91709538193,1997
19.32018277442976,11.90894526190424,1015.6464996697183,39.36741600779028,0.4614125835625866,90.18042291301944,15968.562100952351,1990
26.040288991405724,17.781257283510126,1019.7805335710516,145.77037681277005,1.0763679738508,23.74645694387778,2358.020625130309,1979
23.836436567006704,14.595832969098547,1010.4992365939263,289.66407895454563,0.7467977836286261,134.6779681371333,5736.434035954268,1952
31.19091838397561,25.401488059186466,1015.6601121613639,168.3253301807869,3.096528647843982,99.40302679381098,14705.300835658472,1986
20.88267008814074,17.980853976534547,1007.8495697254779,303.1255870986629,0.10285277979571142,26.29210773321487,13138.347149652971,1979
20.253416019409013,12.40965342330485,1025.2288478455685,123.07727594020139,0.4376642067946742,-5.906476029427111,21749.058222253454,2003
21.902901970561338,15.626627380171104,1017.6819006730831,344.74906583943675,0.473069484731814,-51.19579479686844,7351.421726729681,1956
20.484101085828623,12.977882664551938,1012.036967806196,75.4086354498848,9.913089919420326,155.39501420708456,5633.576379681324,1957
25.99970950971025,19.42968593485993,1009.1358313455552,13.77509219614847,1.691548127752809,-8.143560421654968,46743.19693010297,2012
13.91844695781706,10.7622790249566,1012.4300172358019,314.07355547655067,0.2992246046140845,65.77197039350264,8592.719924807176,2012
16.731587904268228,13.335522676214289,1011.3000813882425,270.79297774214695,0.635455622334933,72.54547493542661,2931.6644839693404,2013
16.660985392104035,12.3265266698886,1022.7647227699975,83.51418134425421,0.36741806367990276,32.95257873751595,35423.604015899145,1979
26.75153795986788,24.596888984684448,1006.8723263889254,354.5069785692026,0.26615914854978134,86.16662142526845,1815.1157315500795,1959
30.553066862909628,19.33129927401526,1013.674007116451,180.82084653667002,3.190892787746615,74.50831628393784,245.907334885719,2018
21.477753907312643,11.61322102624582,1012.9083096668314,342.38355845189886,1.3693766303430548,78.33235600990494,17490.038303577887,1998
21.155891384049948,14.022943567432039,1012.4129484982757,181.81035769931975,1.9950565474198672,49.238585448429916,20144.78995722158,1988
22.350260815565907,12.509206039775599,1012.4569167253082,169.87485123766476,0.8046936908691757,56.77041265161129,12258.966923420052,1983
27.80939151304095,16.48164951911668,1012.4196459493976,161.6898733720074,1.6135057940547102,86.85098907216288,2202.9307590481067,1959
17.36323432904713,10.151634721937057,1017.3653303316605,120.55509940786207,0.5956507714468738,88.37953301477322,7639.8262882168265,1958
23.191844913673926,14.389913628708493,1016.0449222324622,192.13253898355862,0.7364434903099797,101.45216870673293,6135.405348552748,2009
26.875988148912146,16.90395550033838,1015.0945580568639,162.91967830148442,2.11247356250065,82.91263789855225,4734.876813415443,1954
24.505470849699226,18.19026749568028,997.8300531892736,13.22887558447949,0.32586185440665694,69.88821172314465,33258.62566074947,1984
22.947908082993717,15.051157535924927,1014.4989743708159,93.7566840324609,1.920599448794145,103.81286082354913,2845.044367574369,1960
27.005230462835705,18.544632174240032,1004.7218031991496,76.72420803800102,3.82426172530044,44.311730900701264,11115.596076843238,1991
8.483838535003814,7.7271525235045395,1016.2316008156791,312.27681683558393,0.2566288520796936,-28.189757607500205,26743.50672651636,1969
25.38937659765454,16.239918568795325,1020.3724868378525,215.59319180166293,4.555029602393311,13.394702033685505,11866.107725975335,2000
18.72962158436288,12.581643311644571,1008.3688044370573,274.92591616190185,0.16555853793591038,77.24179116684711,28032.45913313945,1950
12.846835515717716,9.724304833188231,1011.6910963882865,344.457373589741,0.8582124203484087,98.54099413777217,14238.640678355776,1960
24.556012997624904,13.306073497096989,1010.003221474735,231.8541381095076,1.8858306596886885,79.10916297643863,12448.428518246983,2010
28.86829272581479,15.437993890169185,1019.177158878784,353.73959690570797,1.6393026904342103,104.90014863160526,11694.04326900888,1988
21.31275742686154,15.611164856398524,1013.4751394263603,112.23505859476666,0.20271722901237835,42.56808216905812,14964.608615945639,1997
26.764372736014693,19.71908947634408,1021.6416469028317,67.05618563264179,3.208036926286497,101.0193049016531,5510.776967203763,1977
30.061391289943227,25.17141417266508,1015.068771014737,145.1915596774481,7.235224230558884,106.33533091945071,2204.213749555436,1985
28.574572267920235,20.318390339277784,1014.2122509031791,169.48778937689087,0.3998999507135783,115.23038142966135,21037.112344807058,2019
30.199822646856965,22.779355287316065,1013.3410339130141,322.3301554269306,4.510086077931934,-21.065802598159465,25893.371816258412,2011
25.71063745535946,17.60650093157967,1017.0899604962867,201.5785580532035,1.6275108963595486,101.50364534901807,10425.174768656938,2019
22.377168194507963,16.258472179325747,1004.3115690087733,105.18515979048613,5.495675812784531,106.36178006771144,4682.673003062754,1959
13.990170940514158,13.127633341858978,1013.4267197776026,267.34834183230754,0.38737814596231634,78.65445212386541,1706.6418418529443,1954
20.769687559350256,10.290795655293905,1012.6497677813602,182.09949737006554,3.1406401127891743,59.57555963500055,8829.088846866553,1977
17.783767023419042,13.27586943153669,1016.6270941357889,58.36750029906126,0.12328612832698438,142.15382721681252,2102.8517007844507,2008
32.854713587489066,27.269472971397075,1012.0614919706298,207.65512353285078,4.294523575682384,158.45373893963205,1828.0635155995349,1958
21.120570937838316,15.348468094905506,1007.8063278291867,328.1020332506222,2.2426940847589534,140.61070893134337,7936.823982256955,1988
22.61602403392243,19.132362750211396,1013.0367533745984,303.34414229129527,0.9248799206408779,94.36195088737601,3775.2825207328397,2011
24.75742688020234,16.07177451708275,1007.5857973556583,211.25159014871917,0.4225950455218124,79.81115714416792,11445.015150650412,1987
22.218012231862268,15.488513573976158,1003.3736889370625,135.74994259859574,3.391442002840078,102.37122615764082,6909.858212928686,1973
30.475255202153765,21.39972804628481,1016.6356124074275,31.312350383116016,1.8488540911473512,64.96569542104581,4417.660047084484,2013
18.88675319132774,8.785545075211877,1015.8953078634734,169.07361239938456,0.8938741681036751,98.41401028694968,1473.0419852351251,1992
22.973037276186215,13.74477043762995,1015.3354547199679,270.7485975106485,1.1733834983713856,51.936822102623324,3453.3908215356755,1965
18.28764707150976,10.607602791288858,1019.514642109729,129.6985391038838,3.5036471322955616,24.565075919700877,3582.669636274513,2015
15.399887443896471,12.424053366792585,1009.6748405484803,84.76085719859918,0.827782597977274,-19.663076299610303,2379.6110441568244,2015
18.941154545473573,15.003114393199612,1005.8444292861437,335.2966989375432,0.1878142209750194,108.40858523357568,5831.069468239068,2018
21.81481601475794,15.918444095743624,1012.6498511159598,295.76005216487727,4.844588840096126,169.87060699243867,2572.7946738996693,1995
19.8534888774137,15.545648007901,1011.2624985014704,229.77922299125208,0.979902500349793,134.42487277287466,6879.197300685678,1970
18.53789510063072,12.648227744997955,1008.7885214161497,49.24200381138698,0.8566104718961428,102.12002161081463,10305.275356824714,2009
14.968412681640832,12.881752216227667,1012.600754232561,52.167182546222286,0.45731650592528,97.26547051769094,3546.9027810319017,1959
21.584472136856526,15.12670738106371,1009.9419742689771,37.15905292408043,4.5542747258527285,116.6025860846698,12399.46529656452,1967
14.47639812984499,10.249206785745004,1003.8199735832159,221.86680008138757,0.4905363456110869,38.43794589468313,2076.9217087034444,1990
25.80027981844801,17.529010606388784,1010.7941165460312,41.602606730400964,2.024903320932864,63.86077457437299,2664.6356261469277,1985
22.412198764672517,17.057440090543615,1007.3181241664807,303.3457915905479,4.253318081287569,21.306713862626665,7235.702287127893,2015
14.712242502675347,9.456172118646917,1014.1582403580546,357.46740065495595,0.0710753262076167,139.07290696953044,16107.513061187894,1995
20.453954614750682,16.270630984721613,1009.7198262087967,131.8853464951195,3.5297487321977035,59.200480654857365,19291.107964339284,1972
18.239217972047083,10.503154299000943,1018.5581573707052,163.32114490815508,1.0572984549887725,67.35592278990147,40635.226702088636,1988
23.5958725520959,14.31927827701074,1021.0193303363393,256.20018371484434,2.1457404067058437,22.04227586147104,5560.321032202288,1953
28.70225223011572,21.466430071334013,1016.3969068650596,337.3750822772757,0.9317190581271546,54.8534431974276,7133.082023150006,1990
12.624137651771278,8.659807927073869,1005.2448690900834,321.87375848029865,2.378275160554015,-6.935326914598868,2885.127785364777,1952
22.575130395737087,14.894808444709703,1020.5259799943952,20.73305834994549,0.5868501695327111,52.24150547994172,2312.8450475539626,2002
21.199336022166797,16.619650680467675,1020.8786022518689,60.865848920435404,0.04434918292882713,101.31029244751272,10183.989266989089,1985
25.356700382252328,16.53516743940446,1013.0939525565396,271.6549914808052,5.90486726477038,103.22635848018152,3729.869407212467,1998
23.065983141188447,15.745785690231171,1019.6146308016777,248.00151889168103,0.03300639146546335,107.34116899991473,27788.545989670994,1976
18.240153341305906,15.566563239056451,1010.2416243097666,47.95869385444438,3.47567117755788,56.6973816701936,1877.3458344678613,2002
20.40473032166691,17.361595916788136,1003.668770325752,180.74324952056435,0.3705821468689727,103.8527516067007,13178.647771956856,1998
18.019870715982556,15.758705921728442,1009.198577806892,281.0932671907064,0.995885361456461,54.863813808866205,2963.898558145313,1950
27.38003569299299,18.60177343122727,1021.6465043302238,78.76104561456971,3.457483443454604,110.10226824828464,3567.254506927969,1995
22.10655824335971,17.935996580320737,1005.5446003819426,313.6635488644799,0.46117273675755965,50.94251728238029,13892.606418318419,2011
31.505953428765036,20.156261744598165,1012.9976064096575,19.06983893533247,4.015471615841075,153.72095348653613,4122.106359036791,2015
21.696695930926897,13.373881402204706,1013.170719466701,281.5902306245066,1.377350147115558,25.410658435788825,4837.802813476952,1971
18.457966165447687,8.219664610564656,1010.435128780161,221.6948039243533,0.9118968172080077,112.37087846444538,3596.95033567471,1988
14.431428036935865,13.447736029652164,1010.7823920008144,113.47176479556569,2.172010663129123,68.64378858910563,48292.41517589156,1993
12.984301618720275,7.361051434952035,1013.361245671181,259.5357174030881,0.8352466066043601,118.8281156564903,4369.979901674868,1951
14.079320284972551,9.602459039986664,1010.1891882903263,281.6516862544175,0.853239676696226,9.059278599097375,8531.770815142074,2008
23.335633255057417,14.514294594683623,1005.8897075141604,336.20362966942895,2.644960136381813,63.68876384493984,6621.560854194788,1977
24.54362511614967,18.57086807796505,1014.0751597147173,132.3988819755349,0.7416411162116409,64.41037928261672,10111.382634100772,2016
14.094046489839332,9.114565221452851,1018.3668329122248,246.96602495278378,0.4482196569053283,2.813630881869379,4382.011099088312,1963
26.475191570380577,15.923000318400504,1017.3478625932671,216.9418596964887,3.296837039994422,185.1852931821733,6628.8244877287225,1965
19.5846947415828,14.592611447480081,1008.951322663051,189.07418500455185,3.2733205399695846,26.632715688651047,12015.490952823038,2000
22.733965059927748,13.046315492328965,1006.7438604231116,320.54993069581366,1.3766604164710776,26.14642120287936,3418.6221268740974,1977
30.061103141277123,19.367960748263002,1011.5790605892261,1.1402330898241164,1.4958641423857104,169.68767430134432,24084.44213918566,2002
26.48419657932766,14.325159376277197,1020.8389575489783,101.56017819729516,2.3819593355883284,122.48096138740074,26515.387903245126,2001
20.657346760470837,11.612226507934372,1016.2279903947978,193.77980623613882,1.423739892623789,57.34219537805318,14860.955645928128,1974
17.54403887292356,12.637885550487448,1016.5198233839711,64.18557418915884,1.0792732704732175,-38.40577362911396,8689.54956845301,2006
11.240922993353475,3.939574019141583,1017.4492847589274,326.831952143793,10.554753635329476,120.63450713642789,407.23831384926694,1958
18.4042334037879,9.920671933408098,1015.1038328125929,233.13424234068552,0.31949361629362466,157.71002348120695,12385.616673555667,1960
20.944348805861527,14.65630633183745,1013.6030427380679,172.03787806751637,1.7965479222274214,96.82864505337662,5478.954596990198,1994
17.064102364244082,10.857657862784752,1016.3115344832398,293.29263326399564,4.340712052379612,83.19244898445176,6334.242986299493,1951
21.343715164538477,18.92467388709555,1010.2691694789099,162.31902892743736,2.324478714169012,78.53687769012525,1215.1498353867676,2003
22.384259414793842,19.33677468240444,1005.9276849431684,201.1150842948034,4.255974896047684,53.365938660643664,13274.34475903937,1983
20.875720090959607,12.877159138169416,1016.6149846731216,0.9903583994115595,0.819954707049917,125.66386921451188,1903.4417106791552,1991
18.7499870958827,14.239266203924855,1019.1886905287462,131.65219087022646,0.6348891656756316,38.310360248040226,9121.81928329166,2018
22.84327335983364,17.48885646564245,1007.4088403032198,49.96457004634911,3.8112774921298067,106.17101020828578,20023.412280160945,1960
24.209703247847045,15.751834557444125,1017.1096074120795,248.2879250384248,1.0021287608034126,89.11934177635969,5067.8493672981285,1978
16.54800461278577,8.592520155953633,1021.403828566941,172.44970523126415,2.4735590356446244,55.68436936181272,27338.51315317817,1954
29.05466189873135,20.31366643049583,1012.9887689912144,108.63272061008308,0.3197473998538576,53.18739569518893,3839.1628799097866,1969
21.507059338578692,14.709250187376862,1008.9099890762913,168.41964217382727,2.819847706135386,9.805513878898132,14771.1772337192,1988
22.094248114724238,14.594444686365726,1013.6150933676338,75.46675966248462,1.5924989359816497,95.42358647847176,2197.804636326955,1981
25.541072116282788,18.763384217726923,1010.2473301589965,333.0311876950106,0.6256213759104801,63.89125616775216,22722.94383582859,1978
23.166080656317508,14.714797245411058,1009.916349450218,19.43014771832868,1.364430164423824,79.5266479409689,19457.548716693833,2015
26.765683169566227,16.43198312353807,1015.1659203363577,311.55013270660334,2.3876728748884624,99.82940417077079,12943.615357480781,1950
23.43562082600912,16.623100518906046,1004.9813526248505,184.08916394400634,0.023915234081324305,94.64461668774476,5468.260641397319,1950
18.93781312679781,14.028409373896217,1005.7803553875389,222.8207386099742,2.02927987315831,57.73083376246441,1994.202253800637,1953
23.80751762603051,14.311972450421251,1013.0964544018697,108.93802352713337,1.5599859931581135,110.14513371266884,5482.736873725166,1964
16.28136896339669,13.253139496359845,1012.8884573054379,348.0111420459557,0.4976566166852922,49.243320618334465,24595.214629663475,1996
22.542798528882617,12.238996694665675,1014.7177728851997,101.46634506701633,2.7965806434228906,59.757655752956836,9227.670125894207,1979
21.833850046777695,14.127468115313098,1022.3761269424169,211.99607897050956,0.7232629420224973,109.1730509035535,1714.6479653077606,1955
20.959415713637302,14.155573927150892,1013.5225701803791,357.6300138385664,0.6483074522904544,71.55397947261804,2631.402783097264,1950
21.357312442805345,13.677671284659882,1015.990860751674,317.1939826980405,1.2743593807292566,79.26119816750621,28371.81213628372,2011
12.590754772511804,7.6834073936558775,1008.1223353219268,193.0787371029982,2.2549476807408477,83.92377855150282,13199.21651815776,2013
19.256375461295193,17.22161178752286,1016.8396883175827,356.53482826819635,5.28581679547158,87.3233582173972,2359.0160409063415,1954
22.464224505705573,14.023188975916103,1010.3680456744466,252.49315022374125,0.30480465215246494,115.8374314526505,1385.9879752208867,2003
22.799281959987002,20.84194081693473,1013.3571041629054,75.13214981105136,1.0099128317977937,-4.597587047876161,4337.085533268949,1998
16.86162429537021,12.677390566221248,1012.4557568746542,146.0146357568903,0.1386778466676069,188.60712153844486,1272.375992755174,1956
28.3285392043235,20.014087717650433,1018.1648711745702,120.41760024415836,2.8421919248588186,131.5131750965412,6933.81544536493,1952
17.669125758927496,13.320868738024577,1006.450117228125,123.8449349776281,1.1874469084798702,93.01402817501067,94054.09475406156,2010
26.847286002633684,23.852955700347483,1001.5838068269248,273.76431816955187,2.4546816795647124,81.73313811281193,1640.9718295406187,1990
24.135971809358423,14.907994258688,1011.9328365145603,210.3346538182057,0.7777895863850384,3.536952695953204,6727.603968884932,1970
18.768863450780984,10.897368577673909,1015.3426562845257,13.713376172230273,3.7198698821213076,97.59803779018627,30089.350234744077,1981
30.876554463047558,20.103855730989448,1013.7613468790375,315.88145411435136,1.5306964350222585,158.74871330313044,17138.588855875543,1961
16.0318158412176,11.286557382781442,1019.1610211870695,106.84661057285925,5.750849629824664,-31.422128132569384,6983.177247233226,1956
26.595770868050007,15.165497358009857,1015.1868633708983,358.94695568873175,0.16418800509412648,127.3635221654916,6999.901313256129,2000
27.002911590214893,18.94671659178764,1010.1807583407007,343.50866292052285,1.4442328303746168,163.53761340144945,2550.6161019442984,1994
18.646898954616777,16.439923535059087,1001.3728992293017,338.5910580055075,2.9087631085520247,133.5670286444524,6200.245890435679,2014
28.962326500321645,20.576443331474707,1011.8134388290239,292.00593746303053,1.8333448497874103,118.87030274994655,10336.542532456786,2009
20.749767427005235,13.93946628095311,1018.139795011289,79.42079940607533,0.0469347149192321,63.366893624726536,24467.807264160972,1994
23.443468146399287,15.174106805112244,1011.0397610866644,191.74778785036153,7.175440343340333,122.44738901431916,4358.243448953383,1983
23.301609193856102,18.1081498448024,1013.1416013183888,80.74894565699086,0.7083951533712628,99.32232484697917,6702.024151633984,1960
21.32845629264726,13.278253858376985,1015.1068012715335,93.48316401202172,0.5734393816894554,85.96893931110235,3136.2607308943298,1982
26.05404136579891,21.93062079725773,1007.9235381287509,219.94263699705985,1.3297410235155034,63.09933357550074,10150.976426929277,1957
25.967443602761065,22.043930017361458,1016.1161794831941,14.700076327102817,1.5624627348014595,5.641442490636095,17743.587292114305,1994
13.257340133809096,9.793639690989941,1021.1856089500085,349.00508405545474,2.90733255917827,85.74590491534966,15209.081772283243,1983
28.521701214390763,19.94216067392024,1012.135933240533,330.7223421280672,0.9993548518418011,75.16784409567981,2514.4589358990866,1994
13.687540059821629,11.642597658358259,1007.3546778908385,137.07632597677915,1.1594954828771482,-7.584568615413225,9384.955519295443,2014
27.162731021708286,21.20350871965045,1012.6669948648902,185.5520812824887,1.5312633496342964,31.791432979997445,4116.207347882314,2001
27.633525684137915,17.731484516777705,1001.8780794569557,167.80299093639326,1.003028550940507,84.01859414987942,22271.20830056773,1959
16.54516784892401,10.528507227973403,1014.6845163198831,317.5919203022891,4.919602779747953,-9.758546541942856,6895.934246146195,1992
19.945928560227077,11.317455122792364,1015.2613718882429,247.89667547379997,3.8110029114287998,112.70550816541825,1773.103467647921,2019
16.47147665757032,12.34816353696734,1021.3781814692278,100.12004907276832,1.2138424391430096,82.3169893864794,6504.160281117596,1960
20.925394848556323,15.981032160903206,1012.0300260371669,160.86285160750688,0.0003897626508982869,124.40962682504203,12816.293488360137,1985
20.459828579071292,11.622028729627358,1015.0424266907323,154.42775124723497,4.623947972656983,14.982870092262196,10342.387937625923,1967
25.898302661346698,17.21841405331037,1008.6935594880705,345.3606605822107,0.26554695626164,10.815341388843635,4857.134754488359,2012
28.551543730598045,17.29157277625593,1011.2178643973746,63.111927785270275,0.5607838609743104,182.20235187088474,4513.04156628368,1954
28.978419053949782,18.48729371727717,1005.374072816689,32.24748142599446,0.33060155371202654,53.456357120593275,3018.4405468427417,1980
19.18915986710849,14.53444602742854,1012.0260518935838,317.0227795782085,0.39645209871211956,68.65451307495697,5460.252863509686,1965
20.95389063127736,13.200759308537593,1011.4734542324072,322.8069562221135,3.247860216604433,25.12750879148423,3443.766394262198,2015
13.582809038895249,8.906314415162077,1014.4959988304445,313.8260716483793,1.732628456062861,5.439665690170727,21377.323425726107,1958
17.970649667519055,9.324831311368706,1009.8820155983368,183.9516896252003,6.251461571186571,88.54754983700977,3290.7231079786848,1951
26.824258165487286,19.150961135290427,1013.4167267548754,237.50799417700577,0.5265084527739559,80.92721251472946,9157.09678317463,1986
30.07791411774116,20.96599324272951,1011.3330997219616,202.8106971219542,1.329643940405762,161.4555678488393,8555.279898514022,2008
15.82825564060039,9.621860448353948,1011.3425030585024,25.001217379584332,7.58212286069994,-40.501934794871296,20861.642149860512,2007
19.037678704235528,12.94834649759992,1013.4018116298151,214.5005628842601,3.502504332881446,64.4072320631319,24085.572504702337,1957
21.867971215205365,15.668169611650644,1013.202614711585,4.901093012196318,2.608438609024268,44.40200334153819,16251.978647709178,2001
23.40080579409803,14.750827758049933,1016.8058701952582,116.99546744055101,0.41891329498604624,59.64600675567969,11532.545298113118,2018
17.95198240039177,9.613862592270682,1012.3967848293508,335.62532731434015,2.9341881850780926,45.042983034096295,2839.4165045615337,2001
24.12030522232045,20.495362520997944,1011.250573254385,109.45629706889073,0.8540878990216302,111.74543274875796,2782.569087861949,1983
19.63080326464542,12.475016875831248,1012.0959627745639,338.33759135192923,1.5123311427620603,51.50597356486403,3478.3355921354196,1997
21.927738645608603,15.155896845552244,1009.4266794157951,90.04822457372794,1.8789202271675447,64.02336526765835,17187.21374833509,1973
24.7314212400185,19.333674338053576,1011.2004445321667,113.24240656615169,1.87995672082223,170.62954390392298,8719.611195619365,1962
22.032111349054688,22.48058831947925,1023.1557935653661,226.2266987178793,2.5930789626552664,13.368761917737174,19315.385640093267,1999
19.818070547367157,11.383676483379277,1008.4366061965206,274.1857102041461,2.167656777946833,6.6621548623996745,22088.286719785436,2014
21.451950980370846,15.916020113712612,1011.6067183306035,180.49959648175826,0.14164096533960666,165.2695242118279,3920.788653634523,1953
21.558185203973323,13.675625072193112,1011.0625566836516,317.56164738989594,1.2225705069980906,151.49548032198334,8367.197892445898,2013
20.14994485058936,13.02738078625913,1011.764141938778,14.486551779822928,2.1814168536017156,-25.70677566996872,7998.476150386275,1988
20.706019686664487,13.05378973865156,1011.343803455608,331.9901419083734,0.70193390871838,170.18061736846283,5838.401428619302,2012
29.993235852523586,18.74395516116534,1014.396200506105,70.67080796234688,0.7510070086149667,123.07326799777144,4746.473240036714,2007
24.804597239706194,17.28063534422501,1004.449124493041,318.3259482304761,0.2660745671578459,48.7770313693525,26496.170799756495,1965
20.522598409854197,11.416813512801467,1018.18585736266,144.31074461509698,1.0846841337202113,62.30370014459354,8535.350723047013,2011
25.484772022553678,19.73295554881131,1016.162913998211,299.7925401135736,8.659693481402394,64.7680405432385,8210.300377484928,1959
20.33090255121995,14.341637657920712,1006.7856420696843,241.79959792933022,0.6718389904282931,62.45936876990143,3630.850964005384,2011
27.865623187933206,20.350806177356123,1001.654613635238,63.338987692174356,1.5161689711965136,71.41432819714814,15918.105171332874,1982
23.84821096099047,15.761370448800884,1008.114639269293,330.4971251573214,2.719205566056877,16.75035484262159,2965.7715569903994,1991
21.463489279978855,14.290034627561703,1011.7866676928644,88.38626057584548,0.02717837412062821,2.421310932004033,12770.65869126454,1993
24.238584629051388,17.542137050670625,1025.9014594934538,87.89044273019967,4.61398075602441,89.05822577266852,13124.412965942169,1995
14.145619239657503,7.5738322029486005,1015.7162848248714,293.10440278945697,0.9773136377393528,3.73266685333148,5364.10570549989,1980
16.366162655450974,10.74033298998901,1003.9620517540927,38.11437200610757,4.066887485429491,-16.00178399188097,11132.812204066571,1954
16.030374968004722,9.502035449846396,1009.5517224754952,79.93292629336572,0.07945281249988417,78.69322809535781,9756.310242890644,1967
22.714715473818533,14.119163210490942,1012.7339378186351,181.32392643158244,0.3148603908111822,101.52631388662127,7790.336818253535,1955
30.66257499742546,17.244126016946534,1014.2684177714905,298.97173032718473,0.7787784048339734,122.60217950749202,8208.651845608347,1999
33.15650073096316,25.888203690634207,1006.4262556984479,53.094230905416296,0.8476505780346708,114.4673594154181,8619.495395968474,1977
25.190255507203787,16.260101348735112,1012.3250488601147,197.1605644244447,3.7650437556459027,38.49467666302262,9227.206918657743,1973
24.504222374722286,19.479707772632697,1009.4118043119473,256.04661304905824,0.02252864060285895,137.4893989979763,8606.233380200445,2018
12.994711329236305,11.233882573253997,1007.4812071869884,309.8142808977425,2.049488588087313,86.24169073653493,2686.879628246427,1977
19.28663100132989,10.928642287897935,1014.2979782334947,336.80360167279906,0.28154350733667627,169.78733781905538,6958.985971710822,2007
18.061081240458805,10.465934396975472,1016.8693858672141,282.47036920881567,3.465649309636457,116.88889652477903,10561.267740061436,2016
18.89576200874442,18.34803932483246,1017.2052063848081,235.01822335992068,3.0153270320660566,80.97855451724304,8931.045359372816,1967
21.159280907076052,18.313348518807523,1015.8719317556694,156.10323071259572,1.3859784957087455,162.76761246589223,21030.946175671583,1953
19.639547111514364,13.684645951403846,1010.5131523342986,40.359655507831064,0.47825936646190564,66.16140606386462,15064.354296829753,1998
12.103500948121061,8.987196876519441,1016.5727488073176,255.50538930918765,2.0129527793089115,42.14795652192133,3393.4095603683195,1981
25.73955128058767,16.75599309051699,1014.5452721905215,357.3854296111753,0.33981778961720915,77.4133010096054,6859.383802284677,2015
16.63628487130097,12.510104838311356,1013.6697094147601,265.23381410355597,0.421500810636483,25.855448064842875,5935.243574484224,2007
23.196234320555746,14.803000222944076,1009.941534391491,6.0159937455814605,1.9706916868032287,188.07116792838073,8067.924276517387,1960
32.370413348749864,18.594581815528134,1010.5156193632923,178.65359209506195,9.472482606831875,59.26565214833114,8078.96137182093,2014
17.403077042067885,9.539042356425417,1013.3694346806228,221.27278769384537,4.433931385005367,-26.01091275379399,14935.88027377705,1966
9.348562386268352,6.58617916608902,1025.1993723349276,248.2827123970235,1.7984118128553495,2.4897370255071145,9675.269406478405,2015
20.569978890599447,12.136850752414436,1014.506212400457,259.1013008162551,1.546705801030693,88.51541803833243,27737.62309840228,1953
27.504798174992857,19.11880379266793,1009.9440574887486,200.91903883794865,12.856692053365405,62.95835289120407,10311.377102276763,1981
31.79173727110297,20.104894010906353,1008.8380527751527,80.4097197843265,1.5854804872475994,85.20372347264384,3531.25806809612,1978
15.852252027737915,9.531868574412552,1010.541166936719,339.1922381315568,1.089856191109684,-49.22139151262307,5078.2367295238555,2010
24.483496116182607,18.84477789415421,1023.8864672377454,250.7999283589183,4.8060385432313675,15.986961096678527,14820.832490667579,2009
19.673447716099734,14.266374496550021,1011.0037167702702,85.2624132729874,0.5336274666376325,-5.296090294084081,1612.9688006381077,2007
21.47025822847932,15.00985191730883,1017.5343526730514,116.03585961729824,0.2052307746051648,108.79283507266872,2109.3172274969943,2002
35.221716735085174,26.41312966070092,1011.1203587726433,331.8939614269331,2.0107359427335183,49.24701996975267,8190.229571195227,1954
14.485148358024233,11.100821037311658,1014.3059227063982,319.49466721464086,0.20151919619075154,12.610852199866152,20971.55172469936,2010
23.268698307472867,19.18121539773374,1016.9587263700436,145.85271780891225,0.9340913349122087,70.93677052513365,29942.538240585745,1970
24.338465858827167,16.117207576548736,1010.1404857509503,13.790599916922353,1.1018283634586297,22.093849747138364,6521.725407594782,2007
27.428931624696737,18.3409821802327,1009.7944417292362,17.459052801817748,1.5861032909132127,106.29680611247761,23407.896155928047,1963
22.48991576735448,13.140722504365442,1021.2943484722766,102.21058473062006,9.573275194847108,92.10726577755268,8710.35572298747,2003
23.54025269752051,15.620215453519519,1017.9229644744789,226.4839989620398,0.49944154336675267,147.70016866612661,1752.1257039576185,1990
20.041757162891045,15.958769802628622,1016.9533615934537,210.31006872044227,0.942429135493927,67.54414976557901,8037.9026484528795,1965
23.345634706225535,18.94191903888214,1016.9363814656145,228.17800329981938,0.2836804872401557,-30.84283716621526,4363.771020056347,2000
20.28403862251295,16.1194373719324,1015.2978774415553,258.22186989555837,1.8710160437967476,42.084548862045814,20297.050937823395,1950
25.107859449280255,13.987117881397303,1023.0888790658753,6.851611293385829,2.6015047966388396,64.9899954498365,7897.683279166507,1989
20.15194831978183,16.27265424916875,1013.2195415093857,37.830814262079436,1.3158567102529124,131.55772005086527,2257.6661765199174,1967
23.885501969510933,13.04281413211351,1015.8863118360046,129.41404265779656,0.5642783078017408,63.63895504167185,1808.5581219631113,1983
21.853685931575107,17.093814800347268,1005.7454353570299,55.74959910776943,1.9398486261523116,89.26431451456088,7934.852486745861,2010
27.63025125386084,18.605606824560475,1008.8751965670438,27.115215316039496,1.5493988552950526,75.13780359104402,720.382649546752,1970
21.74303138205757,16.62518859530801,1006.9959050008248,230.7471825590395,0.3755183640047007,101.09614552948983,4826.296634317925,1950
13.134837658965592,6.529489665486782,1019.3703179175808,293.5211318967957,1.040681163839055,9.532306538217583,10209.05474666298,1976
28.309607503569957,22.159060517911264,1000.2372992398963,270.94559667634167,1.1425568868904978,7.66796250502864,2815.7487639334267,2000
17.471338495686904,9.299987454771054,1010.9884498862364,294.13432029930453,8.104611850691866,-73.18820789743995,21894.421490723777,1960
18.7311683067559,11.774907993022776,998.0314669866968,239.70835586083578,3.7847403284042826,88.86252321511225,26662.3183482354,1963
19.02169352978254,11.318996215309706,1008.8435605225906,264.7243158531128,2.6513077670359664,74.02183464253744,2931.5865709467857,2004
28.872190465854086,16.70196362045286,1010.5452552513407,97.84035871498847,4.3924366266324935,113.06830974887187,6014.664356694293,1976
11.32162893010652,8.1141953862515,1019.9243554689702,357.4828930622992,2.659710144504738,44.05395377442554,21909.884287722765,1971
37.68874266829997,29.994298103483903,1014.9831396961073,65.93963561779935,4.674391484296412,28.816306550083922,8092.495791452056,1970
27.28028404533026,24.430009276371198,1008.8342923833552,77.2177947801777,0.11219513792053971,59.631210117420395,2009.2592924172684,1973
23.1161945706458,16.375647773624554,1018.3298185986591,104.01185945370487,1.2178554954889669,71.41633172464756,7021.12633994828,1968
21.725529996918567,17.44123354797804,1013.0891612726488,351.1196748383684,2.7479280679613547,35.4473951587156,3453.252010220607,1973
23.427770374288286,16.863628537858872,1013.1878342935363,355.7838921674062,1.7507573065512496,107.11812170584646,24543.391126354923,1975
24.605612141896692,18.22169488886411,1006.98664246114,286.1617498943391,0.3851466480505132,74.26586427482707,14852.627941392459,1974
25.226077929750286,16.97395724857072,1008.0499314304843,226.46073548146813,0.8325226153963483,113.2596603228219,5920.895922776302,1994
24.778022330017244,17.734769481857274,1008.8745135002724,187.22252706646083,0.7647896948874295,139.09313769490635,9340.807770336809,1978
22.447903406276243,16.788489793606228,1013.2323063657709,349.42350444726446,0.6058538084537766,97.1415571273095,2190.485358250918,1960
21.01330789846337,13.552396071171696,1013.3894286349034,250.4242090289691,0.8405552074477829,76.35310185850118,3813.1943977382493,1973
21.243633581732443,14.715554907426734,1020.7204633176202,340.10284619737087,1.4466078715392952,6.9033055692642336,38302.83478456331,1973
21.025458598236597,14.600960780770642,1014.9252758396892,113.9582878119446,3.8602373338286777,73.08384009976237,8548.530301378847,1961
27.668850484335323,21.021001973695775,999.4621715316395,120.15892521704363,2.7098446010003774,14.814724317857284,20539.102859276205,1956
24.96778361140431,15.345384184727656,1014.3132099393584,307.7008538826368,3.6066486180761217,19.372410282115254,10219.092756197435,1989
7.298056826678598,5.005555361459716,1005.7499182191623,53.947771410705975,4.301509827976447,34.99655660317571,30160.302232088507,2019
25.279503882648804,21.519663655959558,1008.1701453769423,340.53403006658726,1.0762239193008396,21.225985342453114,1097.9086999698366,1972
22.973680973593876,18.40969698668759,1008.9391526413683,182.69076767882672,0.849376235951816,188.51805057830143,6712.873743366884,1987
21.90645621777051,18.032877450216766,1009.6833083824384,333.50899629013117,0.11870055435601665,121.6182377786511,41972.99214328445,1980
20.05740773455557,14.089049094544968,1006.1242530397985,121.24540394129271,5.332615970272537,69.00676789918609,21081.96965765865,1978
27.62056359993007,19.976389647323092,1014.0174100172615,257.7452054901829,0.13617874083001508,-48.139181201754084,30496.65421746387,1993
26.737632310614288,20.72081495083585,1005.9459885745453,173.83504391016828,2.702901159162739,-6.214578640637811,8048.454837556321,1977
18.135611660881956,15.815439221679231,1014.7833380362492,225.6493068883703,0.9499786486782869,170.0351222633039,4735.741459453046,2017
24.035261435622676,12.921477179170097,1024.184855385308,181.5740975300948,5.9432806387113235,49.457403323172244,2901.0718185981,1970
17.141716327293572,9.368318815005809,1006.3532047053296,348.1616222536901,1.0880824798919944,114.76297444669423,2705.580872000972,1958
15.101909176055349,13.19022462604404,1011.5774484783038,249.1579432130102,3.3922625129636788,22.89915800577082,18161.52387049989,1998
18.866413877050174,12.652711002397515,1000.3827131874376,90.47482870547356,0.6643962971831411,10.725451235710722,13537.393854389498,1986
26.311967361913794,17.0749355748235,1011.4953235351493,327.4836918858304,0.7107479161583301,32.914325663278696,7581.1982807166705,1970
26.765625226880434,16.227615684825096,1016.2135857631574,105.85070573583756,1.8103030570024807,7.110795094249255,13469.601097881432,2009
24.565427100486463,16.085765567252302,1016.6031961567863,133.77783574830826,12.411924867714298,108.84087145311084,9343.645439154121,1972
25.625478934239986,15.13309668712034,1013.3868186514205,36.76453128727681,1.4578489170872868,104.69002309618584,21209.780559097602,1959
24.58089143557479,21.388812550367305,1017.4463171237949,323.9879471266287,5.507412609536484,52.61191468044083,21008.591559272994,2019
18.792592023885238,13.109942312758518,1025.730272679714,103.00032836203069,3.085894735301733,-42.56561605228987,2790.9181299477236,1970
24.159612723369705,16.795827822833356,1021.561523437188,93.21034245529765,3.1779407593087807,66.65599694181518,10653.523776767443,1978
26.002047626138413,19.37758668863255,1010.3873953529518,331.2945352781834,1.1452601774784676,110.07646566760876,1527.1113904474003,2008
25.771456649067872,19.96470999288065,1005.7444800676664,289.989670465812,0.9772877692799392,194.787125596239,9255.939551270721,1989
27.944566857373214,21.452973113270527,1010.9692429171309,50.78841174697479,0.4261929059566662,145.27882417753318,14828.4702838679,1970
25.541519236005318,20.026307353018865,1008.2650861719133,276.95682140532506,6.645212394511108,90.26637335994715,2178.257785287311,2012
23.757241037707914,15.368377624813826,1015.2567377393232,328.69191529936467,6.407659791558809,32.70621458608635,5342.971642537651,1995
27.350751191582138,18.549792224193773,1007.0940323028525,28.26403855586781,2.749267101290816,154.07660486844307,8180.645817048749,1954
21.8673937037547,16.84523890351284,1012.6358878370482,297.0773981656463,0.7026711613497134,79.37777636124848,10238.54620527503,1964
17.59062674386141,11.258660597423747,1017.1900702726815,197.07121867430016,0.5625507195805913,63.0280718101086,6132.736232390139,1989
21.18466518028118,14.819052362142374,1012.4965206359141,240.91108177636823,8.95008156486208,129.95789283842868,2509.181410341341,1953
18.275486775967753,13.590368272027055,1008.2684308862611,177.42756200577728,0.1377203643843681,47.91428619623913,7677.066584850829,1973
18.62410862512809,14.607246202210415,1018.8740702879285,251.20911056590032,3.7102203316259863,104.08251819470404,1552.70901045588,1991
21.27740664642241,11.338822727755282,1003.6050952762308,12.275230200031157,0.8784305853574935,7.613485124470948,6421.188879856344,1975
18.037900395000193,14.056021576278024,1011.3610247206127,274.57442036038213,1.0855606254367216,19.45788486325337,5211.517641601985,2015
20.4601923518048,13.854686530559908,1012.7916998830933,12.003731229225028,3.5673165305333026,91.89480211793972,7084.994150880047,1957
12.531926665231072,10.187264087390513,1013.0795432919981,163.90794518904363,0.1899471081500352,33.65986650311978,4631.694313240795,2015
23.066468536864694,17.700391360514942,1013.9024802803904,54.34739752690616,0.8744369398977115,63.3218356238399,1794.208329985079,1969
22.006027376811122,18.6200492860061,1016.0521990990475,296.4867398464706,6.074120340774699,9.955581620383121,5617.582439389171,2015
17.914556844659046,15.247097086503738,1012.8229628047733,112.91792730324069,2.40172803503846,104.76080386950827,20554.190677306608,2017
25.296228342162024,20.40050316473401,1011.1597085892816,163.4736760575597,2.8124975846914735,1.0204780002255802,28608.547162285737,2004
26.68785068813279,21.56883612002543,1010.9620532767016,154.35026686739218,2.833550856907472,140.1720995162004,92905.14252124864,1988
13.96220067815513,10.356298444340482,1009.9424209898082,278.10070764649436,0.124964118294583,49.110809831489874,43987.04370981621,1999
18.18637610716893,12.79483344909193,1016.9377166216343,173.21196952655117,0.45432220490294517,62.627663891546185,2448.086733441275,1969
18.15428825106351,14.453635942101123,1009.7673576026174,284.0250006037246,1.351649197488173,52.855077837019294,5386.02221921215,2019
17.300484494455677,13.574501048985017,1017.2338555450413,26.46297964896309,0.9182072454112463,13.552366001263763,7920.537630648779,1977
26.147374209658743,17.685029473284597,1013.0949954112994,68.97382844507824,1.0583603966452653,82.07736499539216,7438.616570904026,1992
21.030869306135983,15.531255331911723,1010.3937259657193,198.55232987268982,3.0414569267058957,83.50823796310307,8686.569097579992,2015
20.677425793446947,14.404005121843673,1016.0920360787206,340.9517969109702,0.0295760822899392,96.14047600968331,90002.38253269935,1977
11.980688177966233,6.678615907656251,1009.3627303763844,26.912824819840914,2.160515102359925,32.35969194944354,2746.131448343669,1972
25.177090151046134,20.204884588484994,1016.1909202036411,15.51031781647115,0.00022047575558807752,76.9723679487356,3969.791541187852,1984
15.803708025732638,11.172994103073025,1014.0636306059589,56.358242974028045,0.13026891857620437,49.06335291314361,41932.89704060228,1971
22.299663151331643,19.707180721329852,1010.0183765545404,230.81512638965634,1.0494641429336828,63.979281255385224,4376.561532896296,1954
23.38688468979096,13.119834742454005,1015.6431740766728,143.63745000128898,3.6770547087064305,-16.21370768952808,12011.029724634083,2009
28.803292979193255,19.048747539748547,1015.7329486284432,297.19885659036703,0.31329771500290826,68.19011161997724,22803.22768074708,1990
15.455898004404439,10.88440627646485,1018.7875980290498,25.89593453329169,1.6176611850180829,-1.6119778700749379,13180.569502647139,1978
6.902439220895873,7.106469649884939,1017.8307350620465,70.7090712532924,2.269547986125147,13.741910553884358,9815.967084177668,1984
22.919247723768475,16.842412151842304,1015.4563701036315,108.00950596736244,0.5215166082723884,26.680778665973584,20714.946455574307,2017
31.002555907554267,22.322734643649486,1007.3620452439562,225.6228312079627,1.43623370966201,117.34618126310053,3317.3828189747433,1994
28.19473176469719,17.481784650179733,1025.2429349408703,246.66216850855702,4.847411254425153,152.43224088228152,4932.675760966542,1958
23.048297076373128,13.819925159002247,1005.9819189446409,44.71318582695858,1.4358165449886315,56.45348799520006,13844.420638470507,2000
19.541819071839765,14.324282670867644,1017.7463158714115,339.7696952370262,0.34234324624701906,78.2004380846849,1023.0674944817515,1963
26.035612983186553,15.496717100593868,1015.1564190844315,122.77588866847529,1.9767246936324923,58.73856778975158,33409.107563795325,2018
17.132269001477656,10.928832800455702,1007.1292881375945,256.74075468010193,1.7939577245111946,47.29437988651816,10975.188082978746,2005
24.381788846781095,18.06908685091848,1012.3784953056075,188.71477882117156,0.054649404588838275,150.16268177015814,9443.025944848878,1960
24.527350795833133,15.20449701252964,1012.6062355687768,80.19292087695838,0.1899281720480207,1.1800870773210193,1586.8197299475987,1979
27.3010495374944,22.321446600969693,1019.5279135790527,304.642196321548,0.3410579788301768,55.774309829916746,2238.118585201774,1988
35.79830019455539,27.50668282466455,1009.433445498599,294.5656901490948,0.2930342933481043,124.67289908859121,5439.35809529383,1973
23.962079835893835,13.630615888449084,1011.6902749678783,142.58586741000843,0.6007668431536519,66.47008353209338,18168.231943437935,2007
19.455181871462507,11.75388482365978,1001.3196519748936,211.89873084978794,1.2106584430872287,42.68858100132057,1015.7514758183551,1979
21.87212843904003,10.73893541833812,1021.6738139656179,92.8172505369383,0.9295269191731121,11.465378825240379,17825.13467720466,1973
13.15462047555441,7.643051607791819,1007.6476587848996,248.34658634866852,4.426401077521206,58.87603220041716,5653.152741693459,2016
18.52643434455471,14.501280994333094,1014.6345543211959,111.24965254335531,1.8940639242591406,55.62909904182513,6480.652814550972,1978
19.95358780943448,13.139721582054422,1012.4929608513906,303.86834437760456,4.1772770081559765,95.52105772657009,10442.01595246765,1991
19.379558010327038,14.487285094460862,1012.5099951660833,78.25863753981875,1.4974860666142928,112.29726968438155,10607.50700911937,2011
22.76177436016861,12.888573415554538,1017.0493099243544,5.3292322146470905,0.18833669939755945,70.42965104743591,3974.170833817609,1976
17.887900338088997,14.117480745826107,1021.3563123015182,96.66289510845064,1.2445852293851312,125.72006581702121,15137.192721064755,1978
27.605153336622358,18.21338887977895,1014.2574683497099,68.7788951254152,3.452309185675395,137.77310509104194,796.7985289756298,2015
22.001035324590987,15.4250640917795,1016.2753900881527,182.98311830097273,0.43160057629431664,46.80977488159446,5164.590596379539,2006
21.95349839430687,15.181699873228702,1014.6444576836352,73.33318499636746,0.1912918855886481,141.62351935253503,9449.166005215748,2010
20.36052641743541,11.709271450420218,1018.0876571196532,274.7483534590181,0.7992684963361846,97.51344086689114,5739.059839012198,1978
22.775953419294897,13.636998730026862,1010.6854181025684,86.89342968144142,0.9849822343228687,133.57755033998842,1303.8669382151925,2006
26.125491323338174,20.22343286434357,1018.3769527720821,254.50854476855605,0.7313093581446065,-6.61701914528544,17292.48648221128,2004
17.664348921445498,13.16302856001524,1018.5524993282369,208.24953228494067,0.29060835136966634,89.02649170897027,2325.3182441832378,1993
18.709417554623716,15.196690371343454,1018.4126850434145,355.04994832987836,0.5776050257461408,77.36595099352667,7574.071074824994,1977
20.481369856116675,14.986275370286709,1009.6992606633177,359.9643517233234,2.2931847111032377,25.433433475729835,9443.052803558041,1986
15.270645382633926,10.975433037462182,1012.158311828814,313.0293899942388,0.9752878692726403,-25.005507017127826,8265.348323451895,1972
17.903710701392512,9.080576253641226,1014.1973349439022,273.59401294755037,2.0023330251214695,46.536321644399635,26082.266706687864,2018
19.618895632276704,13.192493549071353,1006.145789775855,139.12430904020655,1.5370512785299735,63.01819630611395,7682.785379458174,2007
26.371945903563635,18.405593491687053,1020.9746010404301,271.1796217672693,1.5928106592916853,57.04796059329136,12424.87020579942,1981
23.312806645009626,20.225179048051885,1012.9386173324891,344.40319334861664,0.5715000346731632,36.50883005666455,7662.5182873772055,2018
22.967949556837723,17.451477953983762,1014.4196394380236,8.415927142359898,1.4743780095463768,48.16675621496492,14957.3198963623,1985
26.25448981083986,21.45026523100696,1010.114977801364,193.64929207118595,0.04775505314606403,55.9826497717391,32646.577229917893,1981
21.313141058003016,16.114274152391566,1006.3656122031649,78.47938957983645,1.1303656082469014,113.67666649906187,9297.88123946549,2008
23.952324249644448,15.344020520852153,1009.9798505726261,200.83547371278615,1.700176675185835,35.2365491880738,17709.39126119861,2009
21.48389123533752,15.272972297035965,1014.096020938168,167.92095231320081,0.40177517905175897,-9.29390338500238,34728.950792822645,1976
23.326811746998143,16.801215515427163,1016.3671440637685,207.27668935882238,0.5929304129856695,118.51751181112448,31482.409711287295,1973
19.08620671194209,11.482033558818099,1013.8089577030136,198.3463997107407,0.49572056666842945,102.65980659926097,5512.153145855936,2016
9.805914208617855,6.095365192846656,1014.7336200812098,345.6385341006823,0.1463416495525925,25.2322212051056,22843.739030730372,1985
21.32860418906848,14.518488944993589,1011.3148681265931,198.786999216505,0.8549838167772453,14.599458321611557,10391.788022994697,1963
29.1137406804997,23.590858141480023,1015.4812428312272,304.6435517249522,7.7232079991731855,-2.049210362947875,24766.07365317488,2017
26.63107701120796,14.480272857063616,1020.4141643319296,115.13530324830474,0.8735413260411095,86.00520980976451,14308.865419568674,1993
26.826987422955852,21.19052803750118,1016.5239472121949,157.7162479647776,1.2343607553148708,113.07616942612964,10675.087940364925,1997
28.18065360903109,17.852867056402996,1017.0477094412647,169.34885137613156,2.117363948661709,50.97757337118069,12506.103452800095,1981
22.44328795480719,12.966143193825802,1014.4700819965332,100.3420956007367,2.0910783398799095,113.36003775129076,10459.207354707713,1966
22.98657853702798,18.450489235996514,1005.484224652002,136.72449413206388,5.9872681533637335,2.0931872037869113,10876.209249554906,2006
18.91174052282825,14.702014504448536,1007.7766673468437,215.46470860803907,3.8977269773330203,64.55242496405171,6913.059890847074,1988
20.41963571986475,16.802782408667703,1015.2743790033193,208.86759478963165,3.1592795117107864,-34.50769319162106,6299.815708876559,1981
25.07885574885571,19.156602919290147,1012.9453047401996,229.116724046453,6.057636279223751,35.39693082370103,47248.44060803223,2017
28.019422185844082,23.73328553356566,1015.1992144323641,126.65444955125079,0.5247185312162169,9.52313368024123,13062.854029949975,1951
21.302768621595003,16.02938570900547,1021.3821170892204,113.69933825510056,1.9197236002632037,96.4855175232596,4567.380285185234,1991
19.749053675742942,13.511382820773743,1016.6301799961467,220.1824377914987,4.364220553036613,79.97050856820428,6140.015641235014,1987
22.002639794282988,16.087700610640777,1019.2944310287141,47.83022943390898,1.9570672906893474,193.4268637292816,23301.160692642974,2004
25.006033744645574,19.991161877943828,1013.4734069473536,91.09135567157038,7.581423478772567,89.71478799021179,3880.8647826589427,2004
14.78072591933229,8.787757493012368,1008.9639216125778,15.165985303078276,0.21150499362564681,24.131918278648484,1840.8308879035278,1983
10.51909523431381,6.059589498956904,1012.7106692039283,26.139906934588847,1.1572473572085902,-21.28204049102537,1981.3839801664344,1995
19.247315752542082,12.855200997583642,1008.9762409314043,87.61798053381919,7.576330950181222,109.40369416187008,1438.0228090383418,1992
15.896437870429207,6.918340911769779,1020.7914747838622,7.03054090689085,0.9546786308646598,183.41349948657626,2210.9667487515053,1951
19.459299011763445,13.897666125069504,1016.9519553826774,88.34781315148615,2.6907377046775007,112.52556292325264,2487.7502331119335,1985
21.26109840591264,11.110511476236796,1015.6025624831414,235.79147630232936,0.06174931141624764,76.26229566780894,32378.09457001704,2019
19.733757954884933,13.91974919428469,1019.1797160111405,21.998548248815894,2.3738191890729365,66.92370239732661,7737.398409983644,1985
29.262337672353727,22.214215882918108,1002.8997179273839,157.22520400607075,5.455283716652182,15.777289700454205,5634.910034502482,1971
23.6337238230116,15.589853754820448,1015.9406897567133,328.7191632910378,0.9648206627544005,116.0761431705223,1913.3041290789497,2018
23.502371798054142,19.80589199901164,1006.4467710784782,284.86253841314436,0.043059905900037554,41.503952432704324,7022.493283334922,1987
25.11103572021701,14.656723205314929,1012.9637215076717,109.9575008261486,0.05661336998994505,17.424742451946983,1426.0617991332615,2003
16.305834411096154,13.796605451030972,1011.4414620376639,332.92997250899293,4.451679737531811,44.91622388012678,5600.341341548827,1971
27.195558937101342,20.387165368784782,1016.3086830604848,118.67273882918094,2.5639847821407495,56.216180760494076,63862.93274683386,1980
21.6211785673227,11.702758500504512,1014.1409364448048,26.105578681522495,0.22563513256871487,20.895883614668165,15737.52990684574,2002
25.352403086206063,23.168270758425308,1019.7255858680589,357.8601444365209,0.11227375238878606,58.05338774372653,6569.558038921895,2008
16.64071383479922,11.521009113351521,1009.9905141953369,313.2081097881018,3.267721100000681,-42.018867438924445,16287.017636107299,1998
14.231206169919679,8.20687627463251,1016.5455719481664,167.73580198839323,3.3199959283180522,31.653429474757083,4810.021446744135,1976
26.089448290125144,15.448439413519566,1013.8111160844942,239.8955487092654,0.2568530943349539,92.80732022168182,3638.483515207906,2006
23.882047630487584,16.277397286021962,1004.8235486496422,241.64210802840125,0.7176986234382486,34.25802806485319,44539.40711960087,1955
17.48974222821245,11.988005814968794,1008.4069177073849,70.01360306296573,3.028492429968788,121.58258949306071,2585.6322626793117,1995
17.651684593626527,12.561470272617896,1012.2506098323892,72.01750793530763,1.490616738513476,28.793216412961993,5686.662298996083,1974
27.627173922073847,18.743429433003772,1018.5614622494586,169.04905320665728,6.27389413497788,38.65806734626817,11004.210842170662,1958
16.05294053566336,12.50350899519454,1015.3186152877855,328.16633044957126,1.3119442140875233,89.27486014942242,3177.2324377368027,2013
30.213364766279817,20.374095671069377,1007.1624958805965,3.597758949085481,2.2599454799650878,102.60561029045572,15531.180907095191,1980
17.496896326760655,8.377899194251516,1012.2984188597642,281.70202894176936,1.4258157496963155,122.56959031648947,5963.456104859821,1968
25.191959628041914,17.335648748330055,1023.0890322439651,20.70964213727549,5.728197710864803,159.78663575051212,15739.209959900541,2014
20.356907621255075,9.514880028131996,1013.5561166742043,172.1599613579224,1.017186541534229,-3.3884703181425664,14559.284510058138,1966
25.015937155411716,18.21869727057098,1011.363372124638,229.6342199064515,0.522200910286421,192.80878664536277,6354.940808220824,1983
19.279429989429037,11.537000532035055,1015.4586982037811,247.23333614968735,0.7909321121738621,-52.98818765575835,44831.15821780387,1985
21.18603546963853,15.15694553857857,1016.8169653979098,21.052534901728098,3.831589273817976,6.9392554584341966,4165.802431075257,1962
22.204595876978605,18.17136707693423,1010.7191582625996,150.69730225822858,1.3780655666733699,6.1842881278829225,31221.757001122653,2008
16.989062721092637,9.994846514228845,1015.5128738718572,210.18141378083686,0.8746928283719486,124.01865594084822,26237.192458923953,1970
25.704121727100627,20.115397725994676,1011.355552516646,23.776393430162493,1.571665710746555,111.48503941166513,47614.00442991088,2014
19.433932167642073,12.736973383977144,1016.5966380091472,48.63404037431152,0.285962564523399,78.9524875353541,9643.660537579228,1955
20.857000423299908,18.106289900441105,1013.8484657898564,238.91363622145386,0.010747434432006224,-49.4900804829995,3682.747250375035,1960
17.028253126957438,11.18947196247378,1015.4098391352644,187.78975077263462,0.658632915114659,59.91005028614613,64653.43954451797,1971
9.188331706023448,4.75084622320303,1009.2040822691624,58.25831805658459,1.8577679893010446,151.4301413575101,5798.175232946698,1960
21.044861186999157,16.105879731689985,1008.8935680796357,192.68616128930404,2.487373948070045,93.72530775576709,3591.974848445629,1986
34.063077108064576,22.97257451639793,1017.727486523297,328.56925443998966,3.504434919453101,95.43850153965842,6702.3484178740455,1975
25.923021439490118,16.463215979385065,1012.6030180930725,5.611530519131014,5.225395300603906,134.7680988880988,3036.0399094763043,2006
21.903698101328025,14.376908969522034,1014.4251737104968,231.34815845490766,1.0624388312112139,79.05573651317451,13713.675493284083,1975
20.68554585395866,14.390669033405059,1011.4680228645674,26.514156457923093,2.6981266333016323,42.698789128564044,4421.930384224141,1970
22.11232946406023,18.16299088733187,1017.4936338700683,2.321799467292305,0.1552160299849881,36.46133162517266,6078.515780409956,2006
24.73559557587605,13.446741412194083,1009.9609500998517,54.23561591782817,0.1185023782048331,107.67801514914024,21328.060128973528,1975
16.095935923455777,11.313316464319884,1012.3219938004955,152.24638746741095,0.2666011059370219,39.993100336032384,15118.783802808983,1964
27.571608473344362,20.54993312064914,1016.9299640635156,288.8438396335031,1.1904774777114566,95.96694290056547,8230.35619304277,2012
25.57690657720622,18.290731754027945,1018.8648384958213,101.44277877764111,0.4746914491131795,-32.74842624997761,9613.018271265415,1984
25.59092862853967,20.533380378844836,1010.3812035448666,225.2423564599531,0.6763371866679367,81.38615849228523,8203.001727788154,1960
24.192378694048635,16.785974426316997,1022.7984199097795,148.0163896639104,2.087567490308486,21.789419008708094,5265.044800152259,2017
22.09808328846995,15.099555417557076,1014.5662084684681,84.35944510776287,0.88796133774456,121.61129464977559,8082.636026003717,1999
25.3643061798341,18.93967341991055,1007.7853586909563,185.1289611418291,1.6300491832177657,31.13169456463092,13237.932020583283,1978
24.95907066870689,17.66997709799752,1014.8452602429498,287.0872165341444,1.0634304561197696,39.864889071168484,7142.640972315367,2013
20.22979644529488,13.380040035145473,1011.0850039275828,299.6972532202119,0.37017697568666724,-3.0039878780516602,12329.716833357928,1990
19.131991135515495,14.424681874033606,1015.1703424359159,304.7470314758052,0.15380526463664437,103.90591481837812,3509.859269782111,1975
22.509281476309933,14.451440446983662,1012.7857187616983,121.88081251979258,0.5389810801260368,98.3467537232773,4429.785087374148,1977
29.745100757475935,19.5992162261945,1013.3713684509507,285.6441832976711,0.11886416401802377,39.897665585522674,3888.1140411669317,1997
15.804464621730496,10.007137191680119,1008.4420331170693,76.38424383920683,1.9278758883454759,0.08076198037742444,4604.864981160669,2015
14.6623736712378,12.969799890199273,1017.9503061535818,265.83303644743796,3.1765038717363194,90.84431691915961,29353.91031001588,1972
22.823804206182583,9.53463023235638,1007.2193631642448,341.418393458142,0.8302454913597054,173.25975453279864,16748.07814587009,1988
22.25443850928009,16.369304626021947,1007.4561755229751,4.947780488744589,0.9791430528564654,90.81748372555579,2760.250957797001,2018
22.86670832185204,16.075239453696874,1014.8368017457375,158.53101522436728,3.3877168908587008,133.30387848238405,12550.280518834034,1970
23.219765989542502,12.892095274203509,1021.0142212358899,233.19755582904165,0.5036337407853394,58.653854148022326,5483.0548957822975,1998
20.883988726825976,15.238245667050187,1011.2370345146779,252.6392773755191,0.25375916482923433,14.061625632764752,4095.3825655670025,1985
29.449317193010412,21.56602601877035,1016.5048616135198,63.39159297691279,1.390771838657454,87.34080424919067,1834.0107866313474,1986
13.995480107617421,10.976114538046994,1018.3667008843178,349.9859790858934,2.0779914245287676,99.81017408654236,21416.537732957957,1991
17.85751487609877,7.196604287179239,1017.0734221864703,221.49553246955028,1.8308543349388997,22.966184830291517,2071.7249539446316,2011
21.483726199254765,17.77138716318721,1011.4439585541315,59.1626164421764,2.502639338025945,56.28505742189451,7692.774740958427,1955
13.784055944229165,8.173365751590733,1007.5447664140296,7.388104216505504,0.11685034687233808,156.29507493256497,3145.3761177557535,1957
21.120727977839643,16.1576450779941,1001.9622621716433,281.9751115643193,1.1179376391834694,154.59496630756271,17603.340199286973,2018
30.30735082864009,22.697293141412636,1011.685797502688,28.69370620036527,0.5451154456288965,106.11457550948826,5800.20287102683,1989
22.10443244147981,13.71970853779728,1018.8904368428109,50.77833158528515,2.846923247515999,131.9512206148232,7083.598671435606,1959
23.153504528593416,17.52837307471849,1007.3791700761903,206.93880966804863,4.1228965367964685,16.51461117011707,7326.59191878617,1980
15.699176174137099,10.218436840071252,1016.5010492375939,217.2619812418631,0.6607219710862633,83.65058427850182,10966.16974371837,1979
18.918192959802614,9.099980713185513,1008.2492373497406,247.27936269326347,0.20012267133576708,62.466959138915705,8209.150814137414,2000
20.124018098380315,16.422296519921776,1013.5303628819341,141.66504455890347,0.5845263312852046,86.9349084220961,7759.916175858907,1985
20.41142451621883,12.737907235320701,1016.538958070775,278.6035208280563,0.21964868089640935,-5.138045987384984,4825.154455412679,2010
28.408218975018844,18.17676635703708,1009.7025228158078,350.7690958617199,0.7784616977231131,14.381455601515654,1677.8535834886804,1976
24.78845530362562,16.54578697646449,1013.8524234034845,97.59417950875789,1.5452406070165723,51.48289447828053,2647.7064150426495,1984
16.44271021531484,12.054370601375163,1010.9245433163734,253.09030195366051,7.274924869025022,-17.23023936556529,16621.95579497466,2009
23.232523892160025,16.14822590286781,1016.5257432946909,334.24871486225646,1.0195531962095836,27.796910848953694,5968.079940642742,1981
24.491108742483927,18.23990996915309,1014.1765858424232,247.06323454213538,0.49702509007493734,212.0092411926564,4171.330056282264,1953
27.700745192606334,16.711542901767114,1013.2825383721463,245.19941951193343,0.36496731675341676,150.63579140542086,1986.7826599781836,1976
29.902703432841868,19.447119662127836,1020.7917498007099,80.55812487067438,0.3799973398510639,112.29833282222657,1451.5001109598688,1996
16.924529040860655,11.61517618395939,1016.3115307118416,192.64687211508945,0.42786640237203044,78.99054317526493,4010.9889862172386,1955
17.94571244394831,16.357773296081227,1009.5482406693685,202.50822369764884,2.873214357189994,82.33580718597241,19693.676119816762,1975
15.71211070542692,10.770852416971326,1012.5706804960112,252.046642484143,0.1259386237039419,41.13948874250653,4642.135639101645,1973
20.829900704465093,16.751375020448826,1012.6205060746017,358.85572196262575,11.90657101649046,83.95311860188444,12094.251369246133,1993
24.331791872231673,17.109364648130803,1013.4015978631261,12.111776115754349,1.4791630865182626,128.04111607780848,4433.4802788692705,1963
26.93667258294551,17.88835353318672,1025.6225463830374,23.48375805629526,1.571717813465469,78.55156550310572,15349.937725383637,1962
21.620244881787386,14.640722569022287,1014.854259463555,28.062024995130752,0.8849757785120381,142.44215840145034,5700.158145095332,1975
20.40076238372578,13.943694244550283,1002.8204871494761,267.4724884160245,2.3440141220046002,52.04089013562249,2364.0127087173496,1992
22.758789961243703,17.13844445079207,1010.2860051414152,49.08736623987271,1.2752597351734996,23.64596355153334,6192.207539695525,1992
17.824285491849885,15.226222379448028,1003.338139562521,224.08267481652427,0.7981549599178221,72.77419835334044,50716.18747876387,2015
32.44769360847387,23.432747221304346,1011.3510087147708,116.88079604164504,0.6161462037309549,101.58619365494528,48527.42182253258,1977
13.961694864409706,12.147341762570305,1003.0634488513679,164.63518423585595,5.197975678676648,36.50916956907312,13181.02142002419,1950
22.923702894478623,14.117012550875662,1008.6420476446579,77.63873753426901,0.6877699283977541,119.44203426199407,7065.232367910294,1961
32.118031096148194,21.653360749675674,1005.3963923518294,311.7983620696352,1.146797078362881,85.21283850674725,10980.780563350187,1999
22.033999222799988,13.975194387544656,1014.9208008898374,211.0141166986895,0.8626165762029973,22.3407123103349,11123.912380817894,2002
21.049804824992528,15.363752559244473,1013.0026968131444,340.04277488961094,0.18024076062366964,46.192622505951675,7786.239185408813,2009
20.212772885947864,13.431024249804675,1014.5148115374936,206.85464989355864,0.4114286395363711,26.235173572136127,12593.599905981608,2004
21.09804159118796,16.228174987899962,1012.4772430571574,44.606891014900796,0.4202127499589917,31.46389011118766,9978.887220666149,1984
28.864242373382652,18.34296623810297,1006.0285112489779,61.51335618185116,2.3660509093257924,139.2883235604435,5907.793052200542,2010
10.940690443352466,7.744545256989288,1015.5676068462736,356.066631492425,1.0437239684900295,-16.676137490176885,2452.2057401607917,1975
29.667168506481627,22.14073377656165,1022.6111228013473,261.2034710391124,3.0462228680156134,103.51162477599995,5115.0413262678085,1980
14.880214237749275,6.285544416343271,1015.0460628930327,17.740350010472277,2.4685267622595854,27.374890312198588,18025.07006187721,2006
20.666738353827927,18.709979462339955,1010.8703770034122,253.3611618124793,0.4265096288644308,65.54235841221987,7852.111657084135,1961
19.853777898506692,13.331340759194934,1005.8596641194728,148.38229685146018,1.655263975628608,-34.91229795396576,10941.157684039621,1954
24.9427663488536,13.409856616845172,1008.4596651462002,110.59501925634859,2.716649144675269,113.73464818004894,6105.739273265353,1956
14.009378240581261,10.122752565560456,1015.2651982828603,55.46188574299234,2.005020790934339,31.8401760396292,2808.49068426838,1965
24.310863330409713,17.084491267233098,1018.3655901339969,302.36542364036364,1.8326640058914925,125.5883621017981,6382.851915301535,2001
32.12154811643426,22.321294922358998,1014.3043308736098,22.98289643607625,2.691156359633211,125.80629157348869,2914.763895920842,1970
15.184129977035948,12.611273209778494,1016.9994364485299,104.34076645667051,0.11691301866333456,51.95445405573364,2734.5189873664285,1976
22.94853083805198,17.558861529490496,1016.5383912201362,110.29784177725358,2.629227416875675,78.5008967807777,27055.256991053655,1972
18.690089111016956,13.67881475975956,1015.5326719569296,57.925902226860124,0.6367094457119568,173.01537672394085,5323.647645652679,1974
24.129436030965177,17.790916489568918,1009.7076320236937,182.9465579832733,1.696667314322686,40.515481861934845,3860.3582712587017,1960
22.09573888707876,15.258300322078957,1013.8696175598758,4.212945651921345,0.5549486839697028,86.40708148513315,40862.15811913078,2012
18.79256545477845,16.705777516825012,1008.7581109805893,108.35118554774728,3.6504369271575454,72.90339896693703,18306.016136005026,2006
24.43936142435537,14.149160960333223,1013.0871447647905,336.10659985190307,1.3100054554293488,-5.025172201949104,5588.637370776572,2003
31.021740548933714,21.994521732685392,1014.6543176553346,111.79064496312205,2.059709677121101,101.46147021131071,12427.118327305532,1959
21.045481041363505,14.861885991332013,1021.3939190369342,129.76537935843058,3.160554917654689,-11.56856327270171,6401.013919612414,1999
25.59878971074091,19.54571360964782,1006.4513401281619,170.33941736426576,4.513603748817304,83.57892325424247,4053.436507659474,1950
15.533635210644182,9.185836892601127,1015.4075381549566,202.2096149465309,2.6340000616035173,-35.535532953013785,13025.851313990997,2019
17.217818115909957,8.565127476343896,1020.4061829581179,291.13511213546786,0.32214248801326645,72.6875235780499,5858.78846541475,1979
24.36203138940189,17.36706800477771,1016.794238829194,68.51564033616634,3.855603377001988,14.249162568339507,8738.536525197356,2004
29.420580142679825,21.156867084313085,1017.1647272141252,313.8286957893206,1.9276973693497712,99.9963123853034,22502.084647477488,1955
23.7780667439283,19.623845539645107,1015.938474509339,272.71776857180015,1.8803973165214776,-0.36217376884694374,20155.109406556974,1973
20.434709847384227,11.763572800518785,1019.4916724488771,260.1541204781599,5.085255257542342,91.03268141645555,4674.636609642815,1954
21.99645702711677,17.706907452415177,1007.5626091594381,31.249646537268685,0.5722507179607291,71.63217592972623,13174.41015366551,1956
15.747961330151412,15.758401659160231,1006.0703666701488,7.790648390850485,0.547788771230296,45.98668820721479,2623.1830235539405,1952
25.022576631776833,16.760273867198826,1012.9683292976737,213.84457232691025,1.4397773556127553,90.52117377886535,12713.429584175503,1962
26.411665311617046,15.906281279145484,1002.1941894821415,310.728226508338,2.7795052001611484,109.01631050140865,9400.285177230066,2003
19.7395483358346,13.003735102337476,1019.1532290208901,210.39892709062892,1.1856652986125675,17.73995784782327,11836.927373238499,2012
19.649789261202493,13.782862417584507,1019.1035759774772,76.7645515603911,2.009650481348325,65.09161021932783,6018.27074487176,1955
23.329391148260243,17.458149553795998,1010.8332472245773,32.58716326171676,1.2048759534176245,57.3162264499088,65125.488087447084,1996
19.816401319797023,12.688691464181822,1011.1461470166975,251.8547230143846,1.8852036069217266,125.82384949549512,3290.189011389852,2004
21.669336926870887,18.278932917104303,1012.6382626242466,259.83729983441145,3.4548928514215542,51.07560162161528,21408.679672840233,1998
32.49860894583258,20.519961632066682,1013.2601032521981,62.11141224735912,0.39806488892356,62.225797470703206,2887.9485369308645,2006
20.76487149627002,11.056999743043413,1013.6358695959714,10.148513578753061,2.3773707365453167,-6.260993521378936,13417.890060154441,1952
20.20829923989389,16.359230316500355,1015.7911605343916,146.9820647603509,3.0969277794546106,54.77324352852525,14411.618164649612,1971
18.762290971824203,8.584361617864541,1012.1368682349577,209.77873276788796,1.1851975158793722,23.491816102805032,8561.030706819382,1984
25.720959857499682,17.596412362504342,1017.715966517389,254.16086744418882,0.7808581668553838,101.82384425416551,4937.802086709937,1977
21.093879133909486,21.001077652152734,1015.2297388856265,291.580203295045,0.02727377002966822,81.71850707770179,9331.34918665523,1991
18.75313480839287,13.103107259955145,1009.9651827706368,219.79347383042364,3.19013357042447,89.32568819595376,10583.06470822048,1961
28.60652016136506,17.783028811563042,1019.6755633390205,39.91701909545461,0.7948113228568322,36.60617195347386,48529.953600829926,1950
29.098015022568188,20.253815588224143,1006.2087150693876,245.72940197126934,0.8841839210106676,-41.070701508323154,3386.8640549224106,1972
18.997882171306475,13.196915942675464,1012.5391709458926,354.30359144215754,0.8189648226481976,61.307791768034065,4647.508291567527,1977
12.66730024319692,9.188410050944077,1017.8345870053773,326.0104504550654,1.3812580308509326,78.03254590551641,10772.324275881718,2018
27.03756844918461,20.250823878748466,1009.3846344754393,313.8008073370246,2.424679238879515,68.68407401103107,6272.599930277776,1985
18.57685087119998,10.925573273104506,1014.5477782338357,108.78125520900271,2.9556190550158097,145.87984698915895,7331.672657774913,2003
25.953127995813844,21.54228570754328,1015.7166979849952,270.28374352344025,0.9970390454602537,80.22069270006327,23631.877836880074,1996
12.149480911440822,8.994865206753811,1008.6973806600938,306.3972405474524,2.1759503381800163,-1.3001377555432398,482.8632544906305,2005
26.462986691496546,19.97767877685119,1012.6376114020298,244.19743366725473,2.550824835229661,109.74560513518078,4456.195504047985,1959
15.944140353596094,9.90459944800598,1012.217480848954,90.20223236447299,0.70456160090805,121.57791417309897,1418.8908782553483,1954
25.653820595332622,20.5304386907239,1010.2413107408386,343.380229874985,0.2032272426107403,84.01618501705344,2450.8337777574143,1963
22.071365339182172,14.93585091980139,1024.508374260254,162.29498812512333,4.501232745760416,118.0396290136738,89735.74755032074,1973
17.230302903016774,12.616317059098805,1009.1844682327726,46.73000111971658,2.2609241319905777,32.13761889511356,14737.759221746053,2012
19.964818435366098,12.109160750382049,1018.0246514703394,39.52004222066112,2.0888756283329912,45.342374209840415,20985.036708891424,1977
25.431592284783505,15.8082513465442,1011.0359949155943,233.10683542765648,0.12141709550168832,138.87652704769303,7476.128451030047,1970
22.52947226557617,17.147041198809085,1007.5668190555735,157.5754727100261,3.406102697587323,-12.579608836080197,17304.360916735597,1969
24.922064902362422,16.558231771238923,1013.5140712157753,34.0141950644269,1.6696710725525434,24.631232066921726,1384.9724025687187,2011
31.882202922577427,20.609895870795444,1016.2454669219375,266.53124597619404,3.766229269436889,132.26927391174848,22886.406525155475,2000
14.178791941444743,8.638787674957259,1017.6025478753284,287.7570602131031,7.342958144251743,26.13268958612711,3569.4110223891303,1989
30.08606287484312,22.458150155825024,1020.8113255532753,261.1496270831225,6.297781865604125,110.48925595123367,4763.243775974336,2014
22.521779687616064,14.507170058924022,1027.7262314496754,72.81391596624465,3.8771252660297084,100.10902633716033,13428.721268869613,1977
17.50607975838436,12.018945967664722,1014.252571018778,248.31916415858498,0.022015474560058753,-11.567527221732163,11119.401657545688,2003
15.348431871305051,10.77395781048773,1009.6845391308731,3.860209041978635,4.338333557672042,-14.103970121051901,8818.61448147946,1951
21.054398046114834,10.903380860259784,1015.2643716339744,109.84037028422732,0.15605782007816052,125.16924424782177,2073.3145684133838,1963
26.608250559622295,15.68352258098857,1011.6689352479675,143.57575130671574,3.8102232687971678,67.95529053938833,8953.624208691665,1963
21.362254398112327,15.626133857173754,1017.6298306492612,300.68890159878055,0.6574917163235167,35.926033212427264,21174.67886160117,1993
29.55577465123674,19.21498353356032,1006.5141785181714,140.54197430498553,1.8835675644422516,113.36059651641834,4757.66796521747,1989
14.744121549742205,12.43433490738038,1024.8416727120023,4.057000628183385,0.07762351436609884,99.13596679663235,30180.069806977725,1983
21.939555260769726,17.291302891039898,1017.2802404738776,126.84470825808339,2.9496540463860264,107.33343459105652,3385.6732714810714,2014
15.738032777934405,12.454960277264957,1004.5799799110192,179.61267540934338,0.23690529461665383,75.64829863636601,8156.316132882587,1967
23.81815941312484,20.31225516381258,1009.4548554884251,341.6417232021984,1.0575996310370286,139.95518625508555,37621.378065461766,1983
26.4344369504865,18.337927209854183,1017.0804052205697,338.7723493642361,3.4014185441063503,109.5618694486435,4099.41716332335,1998
19.896191031594732,15.22509757392399,1018.8817202808573,65.11465375970816,2.3771768167530967,36.520097310169085,23248.25799766942,2004
8.97893071686433,5.116449548612968,1006.6388118638401,66.65275502620256,0.012122055667436077,42.3404096246165,58375.54681581546,2011
22.99474073398247,21.001058339525176,1016.5651292521648,58.817324327238175,1.0317846575382912,112.71318992274101,9614.65781690474,2019
24.183692758667547,20.89585223593932,1003.2633006366904,284.01189566907715,0.08566368616959172,40.714020164624145,4783.764235871732,1973
24.021473774808488,16.838792511401525,1012.5533206726448,2.167934532626292,2.2386498079646797,47.77877367584204,3741.572277234968,1997
28.17891095911077,20.498410131187924,1018.560234210516,45.78379134907584,6.944215794020217,103.82990839407046,29869.784701913155,1988
16.644731601754756,14.36990731995794,1010.2424213494851,193.66546739187564,2.1299368617296883,89.68638280476242,29047.688788525767,1997
25.401080527252248,17.486477359448358,1005.4653885043099,89.12234407923559,0.5081656220254119,80.33571067970286,34520.517033085605,2019
27.962537562389876,18.2605281520735,1013.7310739818878,33.24832496613435,0.877732634985947,105.8980757648372,7841.313592270785,1958
13.107062079967417,10.922922957990956,1009.9764056668226,129.55608444018034,7.514364184173801,-80.07649394727537,22875.16130096358,1978
23.598259129594886,16.67565988288376,1016.1477918303292,98.71473782168812,0.5073406047174696,153.16908656946515,7716.842902125872,2017
19.479100844961643,14.00135949076367,1008.5733678389097,183.99755034514243,1.6489235410366,98.65359553239644,3350.7680875080086,2009
21.59238663449177,13.446127958008308,1009.1368155517345,352.5240937788705,1.0231645154884117,107.8827177117866,24938.717265993855,1975
23.738382417691682,13.181523395657383,1002.8949883956188,44.749669253370634,2.9247557488922276,110.36960389740042,41517.49892873624,1987
19.56385717943224,14.166984845360771,1013.8497235552575,134.18161374027395,4.040674598747924,96.50300282461593,2920.1726704176704,2011
18.62145960419194,14.844945805922757,1012.195475308617,335.51460643409087,0.8335696936262148,130.6262380145014,2865.703180057614,1975
22.170762087440124,15.067919963056003,1007.0580766462997,315.6742956577761,2.159952234006559,129.53768063900807,8433.624694706432,1963
16.56377030568599,14.467498253097924,1013.9689935688355,141.93757252234101,1.59278740907039,75.6388800979851,21081.02457794521,1998
16.570874355574073,10.19177939807076,1018.1353515032207,251.62317522710515,0.6526919337351874,91.15316188921048,2607.5876639837893,1992
25.396866414782515,15.66839758041592,1011.9221602829052,31.628524889284403,0.6347458385480326,98.22715881199122,10168.151749245066,1957
16.25602982420672,11.244760262552441,1014.3408347491098,256.5147799957015,1.5471170516505912,12.895847566569707,4489.843145505586,1989
25.33156250454606,17.56690860247966,1014.3665562479258,350.22878261450694,0.33447863198393146,58.6007472870932,16331.141733252849,1974
24.312956464269757,18.559006987659274,1006.9783508641052,193.49573502030898,3.330005861444449,55.3668211002467,3648.6524203600216,2012
13.370966356047017,7.809750801104942,1023.282929103538,179.45648173238914,0.14300239914156593,36.96686784656325,17532.3495693954,1953
18.612176738321725,15.764712190455004,1010.6457508493886,67.43470309268771,0.19870052959473822,51.13806781055746,6917.330367832879,1964
27.97054701523686,23.513216835682307,1016.2805810093014,228.16375160662508,0.837788682711578,36.7424432305825,3174.354159545631,1965
17.09417234430159,11.88763258707443,1016.8460763861452,212.55742108040937,0.25133452524879,63.3218708995289,8635.958234610345,2003
19.677978688453063,16.27400592228578,1012.3020243644212,234.6959014112702,1.2913825598887148,103.18201689721604,1166.8075229883486,1960
24.31030446625948,14.904218985131113,1016.0339751252982,9.389983206499855,1.020571174030414,54.86919397601025,4632.747705172222,1977
25.91695254641298,20.292309864852918,1014.229096109082,197.54045580566648,2.5589004235591752,72.20831409136049,11354.859378109453,1956
20.74230556977752,16.61416671596319,1005.911801213863,214.1765436590543,6.115392179795628,104.69032904036882,1377.8026423597864,1987
19.01244902654179,15.035588878959011,1011.3386364937495,74.71084874860878,2.801261960061972,71.78732062895043,619.4693019494447,1973
29.111849308492538,20.347168338204185,1009.9372454882297,74.99982869587296,0.395557604634806,134.95883146072273,781.0449324936002,2017
30.694498318987893,15.577650940807462,1010.6912747932694,99.43854066394194,5.4828402336896325,136.08505583817842,30550.26245314154,1986
26.894290253908977,17.542548890432023,1006.4799841108168,256.2197730218055,0.9955997650742414,47.25156837033146,7504.371431312494,1984
22.42659071282512,14.446781463608378,1018.6321685837302,218.2557828716538,1.2856282656456197,85.79874299836759,4757.771217688635,1955
17.958671391795367,10.614560098135803,1021.0099632730671,304.47455260240963,1.0948970511947589,88.07434091993234,20850.948872562225,1982
17.847777967217173,12.737930586146152,1017.890014879992,106.43708586351535,0.6585282205961597,20.33159384056726,5407.544123777646,2003
24.61257052632879,16.39087247738768,1019.3526461207357,328.3445015597946,4.508433612699779,23.447688654881787,10598.437884640975,1963
24.09199110444342,15.21516975358035,1011.2768258149592,267.734218314009,0.8076495061426973,77.99739516737122,8314.492462038581,1968
29.007992964732146,18.18799477881686,1009.8187158250698,142.2042012049309,1.728328800095165,-9.300085347735461,5059.386850997862,1960
25.252250462680696,16.24554935290603,1009.1070647659415,34.29434362516413,0.5489620732887791,-85.44498450351307,10874.173835146032,1994
14.48459849120091,12.382217367540491,1016.2203246147861,92.5141184954937,3.192800297006469,75.54024855337471,17557.934261812065,2009
27.259738088614593,17.759766552775226,1014.1353152657207,344.4365581973461,2.9761993814876715,47.64080572193496,6735.136682410037,2007
17.009696863427937,10.87691039153301,1012.6138914420079,111.73081531826857,0.7028407992426186,39.58756310224957,5112.503202953256,1973
20.08014364023824,13.142705318120274,1019.4757427209768,118.7643456536632,2.288605185547943,78.44535670627275,5753.062449943565,1960
23.251001031258472,16.95368774949977,1015.0247067690767,68.25201519517813,2.4339373256941452,71.98363226152787,814.103466961595,1993
31.97833744891982,23.297335191300938,1008.8067118123971,290.46621640995556,1.6534093349573447,63.80961092912871,10754.284867976852,2015
37.549592780026806,20.19540186753244,1009.5954558543215,99.23192288721985,1.8355756152244116,216.57510968947025,2418.465944732802,1994
25.033615295680914,19.566801134631856,1016.4099664962707,118.89296941278803,1.7087674572774154,79.3793135559718,15210.157254958465,1981
21.08401690639806,17.631547902966147,1018.208664263273,149.16531903538558,0.170820382405584,209.04446710859457,7402.52101831051,1966
24.672528242402752,15.170396694958587,1015.7584011612798,156.1421807188595,2.218934045706951,30.21400752272389,9001.271251682576,2003
26.43827712936918,16.562197501088754,1022.4844437393604,148.08268454940782,1.2689077055528362,69.49057647095937,16322.979358798788,1959
20.396661872214043,13.377156534993286,1021.1750358286571,181.3477303349023,1.1541348534769125,68.92944808474898,3208.235041679913,1955
30.97605677956161,20.171231706779917,1015.2051791742538,293.2246366619052,3.9322145525168137,106.01067715052828,11722.301802184662,1969
23.15035379595701,16.65310140506312,1008.8070967025925,294.94261466712794,0.04700140898554172,128.33895307842423,10589.529962344419,1950
24.48871544545697,13.249050239102152,1006.4500624413412,287.3927281548049,0.5788736701852074,-41.99915075498522,6735.983910645668,2013
25.329621260272308,15.494879666117134,1011.0630912749265,36.4049420819355,0.25885906175939755,160.41196027558607,3202.9059921358453,1950
24.10793305307228,19.953947537500408,1016.7660672320808,287.88436917893307,0.07196130842395197,-15.969458414498305,14694.64416785377,2010
26.19470250234806,16.47985181694761,1022.1332353965597,43.290638455167645,0.6450357005574162,49.59604403645266,16374.074575273193,1950
18.913734067265384,15.726470403291618,1015.087235172054,44.90055721881288,8.926694267828367,63.60446504390223,9077.935028636746,1995
19.208491230269846,14.156620252369166,1018.8436139711562,341.2305977885859,0.630049460057354,79.59227020572493,2778.586389257388,2009
16.499228835141526,7.930924755422552,1011.7734625690609,294.98322409399486,2.1795379315103562,39.771005380239075,4781.697878271383,1992
24.19750615310113,18.208912697603203,1016.1138456261377,198.8677680724831,0.25180431600904774,54.23149253302488,7628.658407650672,1993
25.89468251756057,17.890943157906694,1017.1167841473858,314.9892736120304,1.8418410157691378,84.90569237257257,16130.941678544395,1987
24.288864330759427,16.09127091903212,1003.1020286207373,356.1712713186706,8.331442663658306,61.09196663220452,1663.219729566031,1951
30.372462166737687,21.750637703060388,1010.9328059881175,219.83114398743993,0.690163449957374,155.5333576854935,4610.9838776155875,1961
21.97201990585477,16.32968090523192,1017.7485019213893,220.64343731334648,3.7687447161466547,107.00717148121534,5417.162536272644,1972
25.343708277962563,19.15577943852303,1014.3723416781828,271.5937304975741,12.040864470209193,107.89141922308687,7456.030302971973,1958
16.54149561930343,13.935552628608404,1007.0174247592454,83.5700228515198,1.7761554206502805,107.25307090806682,2205.4232420624485,1957
20.064501487627997,14.86142286689631,1000.8493881213632,60.164950146767765,0.7403921749303126,80.78353694230142,6518.941020931964,1999
25.47768878782889,15.083113973907496,1011.17109627349,273.4490700054261,2.238842154532533,66.54048680184862,5940.3090266227055,2011
26.24551055371572,17.424566472298622,1012.6420715355306,124.16572619787684,3.7267026537647654,5.1019696430123815,2870.978319407484,1972
20.530165261679088,20.257212353712603,1008.5803852508583,48.625328270136244,0.3759154032295945,159.80786467513627,7201.412136418719,2008
21.642003740709665,16.59838473926022,1013.71542468514,113.35598133038991,1.2048432202209427,128.94474941472183,4716.540680575566,1959
14.410631266595953,14.82601648824016,1015.5319337361644,129.10927243484713,0.7689372995527864,-9.590180313125153,13300.888846087862,1961
20.214853995966955,16.941265961575237,1016.3534358536311,347.48195742204865,0.6663605137693401,99.96601591354212,3343.162315200486,2011
26.45191581759893,18.999945215430746,1001.2204053753384,251.26549599165236,3.9439925558988325,109.88961700065516,8864.715470158812,1979
24.87602508053283,18.016031695935215,1006.4285745109594,191.1082742639042,1.0951659705745393,30.133208357754,3610.534721910377,2017
24.50332860690605,17.07916994508054,1011.4768867582263,348.79432992573777,0.8282338804175672,147.1596426980914,4448.159801321588,1996
22.2488684359048,12.09859867344036,1015.8608656551874,325.13030657070505,1.8502116489097744,78.15358538727196,10908.435060510978,1990
22.03531579314088,15.460815560135064,1015.4461700677501,184.3203083810975,0.49538889571433886,16.86271384916855,10246.76917911259,1956
18.698394302632764,15.510225116927328,1015.3593497393833,326.04466873571306,0.5224528995254429,-1.6000365212393177,5339.983368421809,2001
25.494142101012674,16.646619481066466,1011.0829102901554,145.54967690255637,1.4691417574329986,101.82324871400459,6189.374940531034,1994
24.10486472194695,17.69731130348648,1011.3618328134502,82.95143952838487,1.052801675752978,29.909583859329175,1893.9001531195224,1987
24.460094239963997,18.825248059761194,1009.3583536578913,83.76414365595065,0.6990649782756525,45.83759407390349,32950.58554812182,1985
19.369825786662098,11.739517172038518,1016.8409706405292,238.43358879916562,0.11092210809782,81.12246585239477,16114.203997133107,2007
11.233285400643778,6.960694051763316,1008.3975560613021,180.38531545461976,1.471166949048567,1.2044822894642522,15544.28072428109,1995
27.48576355876848,17.204211510183615,1017.2501819759478,237.2223049219608,3.3922718290732674,61.1323549570274,1644.1318662993297,2016
19.605812719957978,12.07973769059177,1014.0392661906882,246.98734713438117,3.812687524005211,19.410673682940875,4467.168347242606,2014
17.686121179784397,9.805074258542955,1012.7747776077242,8.036234243178342,0.5369094950142111,90.46582732579387,5799.076565861892,1967
25.467394559569968,16.026279268942922,1009.7164480011177,19.454253245244843,1.8307882875962305,146.35704743113394,1174.9002248670236,1951
20.03993680040435,16.866867121878723,1006.2222906941794,191.76398157284996,3.874236158129125,-15.093663761054273,19731.07525628135,1953
27.29968192023311,17.27882328598259,1009.7617362181097,68.77277199362769,1.0509512534598815,40.69960974595162,34678.822899405735,1991
25.08502974788349,17.81243926163982,1011.3499656568756,227.7121567695983,5.38052323972843,-26.59587073050652,63699.688790802255,1998
25.41784661600239,16.78675512385976,1001.1548784420937,198.7868661014333,4.665645951586005,86.45692634210626,2847.270720446983,1998
15.17022144399733,12.976886884872007,1012.0132242233267,210.87372901352086,0.4667259277157117,62.55365567310565,9111.781239062566,1956
28.059719926932,22.26412854205963,1017.62178684013,108.88393673916384,0.5994143916762154,50.06728334676658,30418.865456673182,1958
23.30625265616928,18.04251682359639,1015.8360895271694,230.3436622600428,0.39798021357561186,55.13309963574383,6287.894280392628,1976
20.153614303768983,14.719799118843797,1010.5189706212925,298.6173491346083,0.4364472268001222,89.17996573751952,4596.323786683954,1970
22.716942336711256,15.439740562016082,1013.2346814920761,359.30565129320536,4.768937543857304,150.20291020595943,1253.8603187793756,1984
13.118823835508401,6.799427276473381,1010.21917715289,301.8399790219971,5.35129891674021,4.786263647655616,25150.23344951664,1985
24.043264057403356,20.71734260242674,1013.7438036666784,200.6995534847811,0.1065847744542698,82.15617774048903,7948.505828841533,2016
16.853142459089643,10.277853685857643,1020.7005391187201,69.63465300478435,1.8008512796387754,79.18519033457878,3907.519845232048,1992
15.236648570782329,11.992946693613312,1017.8424940131243,245.32051540313552,1.6612885683842553,141.94323352844106,10762.867449784595,1957
14.388204068910545,12.190873993484175,1015.6039715284637,337.55536280087216,0.9903890131549657,66.80655348447095,9442.776844863793,1985
27.563441874949625,18.18384831865408,1010.5355754380814,76.27195430362886,1.9977018392782193,183.49517721631315,9587.918567547245,1997
18.853683031536058,15.273603176707162,1016.7496919647242,92.15842338956776,5.888855327873219,-11.719220905028862,6521.775525258604,1995
29.668638549582496,22.296473391385454,1004.5656152431347,53.64307562819442,0.37327342593918916,121.75493111442943,41042.285126440125,1981
19.32099268473851,16.980622550080486,1011.7382325900455,265.21979170550463,0.2566008468425185,53.100469076074596,7089.288534428228,1956
13.463210212035266,8.485554215571263,1015.9185570991198,146.36214123251733,0.06792152926224485,46.399084926159254,40917.86633369598,1961
16.417377800256705,8.920436425620263,1016.7021060702388,22.570429999098266,0.9045893107836651,-11.017145345554695,14244.36866801494,2004
28.179058100034695,18.71436115913526,1016.3494224510787,314.9819969365009,0.8238573351857285,153.97491780033988,11512.286585534543,1972
21.220509110316662,15.272063462290326,1014.4741534460485,200.761885692924,1.12711600508014,96.01941508857418,7235.286567068134,2001
19.258563517546996,13.59741991645301,1012.0213751045806,119.19394512012808,1.3995785042439555,76.18673106291531,21460.22913739531,1962
22.80009112926394,15.173187997935656,1015.6898798491325,123.83387138199491,2.8361810395664357,-13.978508501056169,9072.396832569093,2002
24.508913680837725,13.337844658631923,1008.2356947970685,104.49043926872643,0.9955338237436161,119.9844865546034,3190.2953729271185,2012
27.5869940795123,20.251861847916825,1008.7766136835337,163.97286206135107,0.802786148290313,54.958407770924396,3085.619754407512,2000
29.24249614946463,24.414436262789636,1013.3086733823014,121.33500785573219,3.5075269375312037,56.27038310727585,12363.262122206503,2007
20.20115677105457,15.069312215984207,1013.8659882135437,197.2606694654194,3.7915307476205187,-9.514497646912503,3270.248041988,1976
15.369761569589807,11.977104136819891,1003.8719241071768,278.4662108176659,0.529926785717118,35.60036122416268,7614.190398712179,1956
19.93267419438362,15.097762548378736,1015.2757319047475,242.80606203997445,0.7557149290298683,37.12630270452556,23322.749545460858,1999
23.30140253291443,17.1050751128049,1016.8636418895969,106.00448139148216,3.487269005765445,144.33789369253617,10981.531408667126,1973
17.181205368946944,13.89017569199905,1012.6135738126685,190.34676415432054,0.16547720598374116,6.293876661588669,3935.7830202014284,1974
17.214245425524787,12.840719160238681,1024.87233141642,302.4454175684103,0.7885957302159617,21.13926773937687,33189.45591754093,1993
23.718939407749428,15.977903246118045,1009.5853244684241,24.55424450738117,1.189683371626951,47.52942825173564,14014.884704616576,1985
21.756738242147744,13.637738949485911,1011.1945641830656,28.18701611528571,0.41422452178368624,27.78448975813135,22421.88987440556,2006
22.163984977057932,15.016842173379201,1011.024665469364,200.22122449791124,0.3966926118368096,4.09322925212426,839.193789698445,1986
18.207523326499654,13.373525321451089,1012.6190619435449,230.08144622032916,1.1062907356981388,89.7997062590663,11280.748489048707,2001
20.847996428971165,13.961431578033869,1011.3563759351686,76.10868567932548,2.8090936549097285,56.553808448479316,18810.261725756252,2012
17.378834278658477,12.793861361323795,1005.9659472769756,268.2792456089465,3.6680772941942648,35.40342033293326,44368.659954170034,1956
26.450992055623935,19.393994706337587,1010.2672585188176,232.6548157346619,7.7489817165250185,50.76379802152608,1874.6578014387655,2009
27.176246673618763,20.689731534073495,1012.5118965211296,332.3841365650631,0.15372763992263294,97.26521142767399,27068.191962671215,1986
12.769060688809532,11.503932419844633,1019.1428604103099,60.82351266907322,0.48843358391777475,14.047504736711879,41956.14922180357,1970
17.35244569903795,12.30272682628428,1024.0112163668646,270.49473552888384,2.826343424579525,50.40845511747397,1077.8364488177622,1995
14.517353724549604,7.5465944768894015,1019.6773694892532,30.111512609976128,1.5556623442696205,70.5102014502849,13076.749825825356,1970
18.74988032796551,12.434708035937476,1009.123104851637,203.5052674264431,0.7940410502404134,76.08851587964293,15027.254744596386,2001
21.582810151048196,15.196092240546935,1009.5209519468692,198.6822502196925,0.4603103035862357,142.0191602278464,5842.957315835242,1978
14.751773901507349,6.654704218700962,1012.2033571124532,139.81861607282661,0.6583351064008383,90.19721733312575,4963.694195295988,2018
17.390700934373434,14.950819694266368,1021.9227944442679,304.0456131606842,1.1217444799349185,73.9532244852332,15801.401431658249,1988
16.980213139592507,12.170905022735687,1012.1728797390905,1.5734321229644044,0.3899656739865799,73.94885407331243,4380.938485827201,1976
23.03633664699472,16.888141322056875,1006.3624625473128,187.26458468346746,6.661065346046175,175.33097022461567,6520.789076375772,1959
22.34672168518125,18.373758104679407,1010.4941143152348,78.17527794066747,0.22765573565945849,34.64558777164399,18259.392804380506,1985
18.391312233313734,11.613632903034919,1016.785280009097,267.65950288191584,8.47792249916209,89.0282897704518,46818.93763263445,1965
22.88410436069699,17.166956914255955,1016.4497013844805,15.504273470194981,3.6889701377589694,31.996424031401432,13876.947269873268,1985
19.266599577063673,13.266891457740698,1011.9989166675417,299.3596877453679,1.1003516313168598,103.74303320821055,9260.233056522644,1983
20.641724448369732,14.081033379826973,1016.4170733678002,301.7132016145025,2.6927349823096756,97.77439271090485,4834.836132306587,1986
30.367260451492687,19.71269754043612,1001.6341389872658,299.831764465261,2.226529692161098,82.27819633126626,2949.5265925340764,2017
28.70230525895174,23.42282010863927,1013.5191461751635,54.92466962376115,0.4797833375277704,159.36162943884815,24577.292868089797,2008
15.502093815362011,10.100465590602266,1017.3034271068432,226.94634668197617,0.8282149503784204,52.462392775939506,6950.369821523301,1978
26.148662089395874,19.702991956368518,1008.8356836242273,5.172249306020258,1.4394857131571053,104.64115723496853,25609.10611066805,1980
26.05698277245796,14.489873165776698,1008.8183073175186,305.2665328641119,2.0313614349419598,-1.2921928102361733,5828.110468977023,2015
16.25868355623691,13.741055548745411,1003.6677592361826,260.2710696631034,1.5656842287860193,168.50493281189046,4233.190904638459,1952
26.093888218774303,20.370144065056127,1020.9494779740535,191.21534312373095,1.2810618751344625,31.276110072895932,12342.438518389972,2018
29.689659592062764,20.97762993503854,1009.3992301148921,263.0129159147822,1.1709269157149544,36.03644026347972,7506.045644399758,1971
16.38727596877793,11.017208245868703,1014.2052163893105,33.956674794638,1.3793643783443867,80.77754588514208,2427.1460847076287,2002
17.412485894928682,12.988740137677208,1016.0195852074169,190.31609958366826,1.1395649070300258,67.58747188721186,49879.64734904185,1997
27.08830733421751,23.539396455712836,1020.5603397457072,104.85953705392036,1.5588489016159706,12.223259739625732,4328.672648143774,1996
23.35747655412824,12.823760190082798,1012.2305111300718,350.1430067602703,4.378250315577567,31.56418962926015,20487.936349923828,1991
24.757381376197618,18.894221738486586,1010.3028510311079,308.56246222460464,2.003856904004739,65.08604729888745,18804.59679676556,1953
23.702946082002484,14.768827653093934,1013.8653382428528,263.9792505002317,2.564740052469755,37.459669412192405,2299.70753488365,1991
23.95347960464072,16.72759893064904,1019.4204013827115,336.1491486899035,1.8200365584539788,86.13730603094155,2973.84900898586,1992
15.367639358444585,10.261587312753884,1012.149137342996,124.86358964357055,2.060138058001224,94.27988567064381,5993.858617732476,1991
27.23658853310724,18.208975457579555,1008.2256545920796,324.31676363574525,1.7271585722064549,200.86772130984218,3409.6108905434594,1952
27.847949962138866,19.472634715391745,1005.2962109584232,117.08576355841572,0.05446804898865189,15.502884805288687,45545.01114485277,2008
20.85304627965986,12.32879010520632,1006.8935130769738,263.8068190888151,15.640019335818435,65.07877072454738,6633.078891221607,1960
21.78261525093069,17.306191547907417,1017.3219574870333,265.11008823952164,0.0683740266517493,76.80262330548835,19727.108658000085,1984
14.344462487221387,6.45283671865777,1011.396877618466,6.60595552347365,1.0055429851789568,46.27242529028871,13543.166598137754,1999
24.571273780089175,18.279420671719105,1009.9623954503965,129.98149138015026,0.22212163711346516,87.67867492258041,10551.49092681111,2012
24.86028720857072,16.749129340930363,1009.4201638840802,6.995762067059239,0.20390698662401624,81.05108357373538,8436.486510901022,2019
21.689044915003446,12.840481652887505,1013.4252293010009,358.9531263396895,3.1551707833650715,131.85104873722167,27920.897667904235,1955
27.621766799352514,19.74000350074415,1011.8027245311721,43.99083425852568,1.1099931735348476,109.35296957322285,3550.7247858719966,1981
20.329613845100297,11.116827518157251,1011.6343392814038,195.41192243331938,3.23029544784121,-5.518610551224867,45539.49773477132,1960
24.823029629468003,17.455548384066873,1019.7466196390537,284.6002459545494,0.6370702632352173,13.344545853854527,2236.744678930624,1992
16.901678306539424,8.985420998954487,1020.6900814093082,72.45489681392128,0.5926729393776787,98.5468282215129,17703.395310582782,1988
21.88223924562881,16.24011164057583,1004.9498916354551,174.61896051437014,0.5786505283428466,97.41555631945562,1987.9040869670562,1962
21.12822871048582,12.941045430079322,1014.6379636557148,218.6743539316143,1.914984067519288,55.44464225431889,5909.369657491405,1962
23.126539610204706,15.286589693084675,1009.1156895068931,57.673711582396336,3.3747923115547187,97.72475985805578,8895.581200150387,1988
20.152365355833208,14.69455452496957,1011.7587444306945,280.27996556815384,1.2039128025134282,94.3966225218901,4980.595051683925,1995
21.34263702164166,13.39476169146469,1014.5463919256334,107.76112458817151,0.953650134937456,118.64690865749586,6756.973964186779,1983
26.13023585720753,18.175237100708664,1011.9364004153454,75.96830748198252,7.26723421302424,69.51871846194942,2024.4018477300046,2016
19.816178813808914,10.84366416717653,1014.1522994031382,200.98394871747007,0.24830312450837486,101.91311400519399,3018.603334199854,1981
13.967114496306603,11.038731354606933,1016.3648510301596,147.71290595145763,1.3335273412505928,35.66975797046049,13336.56389487885,2017
30.747919521027104,25.053371275820513,1014.4728840027016,331.3029400691104,1.0501457821949005,25.518906629011994,8347.119806408431,2014
28.907270393452432,25.819507011236624,1009.7658184791619,316.82257135133545,0.20656223950576613,118.8359526022281,4062.167487991929,1956
15.538686524471906,11.059416860463212,1009.8540019651484,174.00623881999795,0.6244970423767581,118.30216207764136,30463.294021387668,1952
25.448539026225973,19.390385599952552,1005.8014735169098,129.33495890121512,0.05770699996430848,118.4558268261938,2392.440132462346,2018
19.485126147243285,10.07833695725532,1008.7303985123964,117.18647338725548,4.190398716727468,119.22627620580052,5644.34554282244,1998
23.317436076655298,19.327673906269887,1022.8103418094927,96.32290430934266,1.872219316457373,83.21582711426467,4887.048012818411,2007
23.47112064506747,17.98224146099544,1009.0399821295238,196.0372273364918,3.374998894781672,35.96193870778341,14988.486635997791,1977
20.82796099841839,13.611705808990408,1007.0331059377809,289.79229770443567,1.4744257453799932,77.19880355505532,8502.909611476596,1976
18.081171672068017,15.13118177102563,1014.5996393092239,111.8723789532808,1.8301321113020903,41.7128427980965,7272.3499196646,1971
18.547294738418703,12.474154163602408,1012.4481762035407,68.43387228770933,2.4136502553985144,77.19582401275129,1281.495835552912,1962
17.41904042259379,11.277277929786537,1012.0220338157538,171.17417022598323,4.7721861908020236,60.65680176008445,19245.53723002302,1971
17.840888958847778,13.439292122048426,1020.0452298320605,24.85239004715995,0.1924753728281149,111.94537708124545,6517.031013407237,1954
21.664108549753223,13.038166985166617,1015.7456333777918,252.46044220669447,0.8037881678303457,1.1567209918079158,9096.645676825212,1971
18.421200054446242,14.938089566912264,1010.3500353414826,186.6089758686961,2.4690440365332083,-58.94908478782391,3833.1292299549486,2002
25.410260328563098,15.675202606140479,1010.8776204120411,178.6949308702275,6.356934855802098,84.52421317883628,3275.321257602636,1988
29.436230776679636,18.505251964029373,1010.4870674304716,108.16033663800809,7.906463950669673,79.80461047924466,36289.646474288405,1986
19.099733793149785,11.55043407838818,1017.3736981079013,325.6824375114252,2.0327913265555946,34.254089125997325,1375.7597758359439,1980
23.197022502676884,17.756915826906063,1011.4592618527344,32.57506506583897,0.43034698792407383,37.31894035898367,2823.693255718529,2011
24.49842555151467,15.915347163020853,1004.0342324877292,313.1366431993313,0.25386962206794506,82.71295243626938,35613.93072043173,1955
24.360011354596374,14.356016379483124,1012.7584016063283,135.61387286973215,5.839159573250038,99.119113956327,15378.817906931736,1983
22.379776339580438,14.45448343783471,1005.3148699943604,317.02446575100805,1.1380669036116453,97.34847940935853,5851.992428204896,2001
25.71341209179861,17.935303722898052,1023.9211530087745,262.3541249996581,0.43336899512827026,-56.40237591796654,28186.4406785103,1979
24.411244763403285,14.725926367053528,1008.1716604307638,37.50146159833379,5.432946625558297,75.47929483844736,12668.325682472796,1962
15.811687888363512,8.764819303785771,1012.1906761732114,299.3530631433673,0.22080032354620324,-41.998339613831064,10225.706685043042,2007
26.345780321946364,22.664638893561623,1014.2910136735056,245.58366013182183,2.615492100408447,130.702490314705,10153.380844154179,2002
26.43645418633371,16.78438712280582,1011.5567091966038,11.628688649525444,1.9630618117895449,118.19102982580951,12903.29800806678,1969
18.183569479107092,12.08241389782895,1011.549847992669,48.132965559481185,0.18364878608652782,8.146899359645538,13435.993961396322,1955
22.18968917723801,14.798308422468033,1015.1091364308044,228.82610010085025,0.8272429489441373,80.28192317747795,72836.5415700288,2004
25.416644964055347,16.948937859297857,1020.6310797939814,238.53618103690258,0.32487478220897104,-17.769449304938092,6668.213009039112,1980
20.953430902103193,15.910095111410438,1016.8375454090865,268.7945158215342,1.8552018661565215,87.54488972905216,6877.103310728288,2008
27.36489023883006,21.05170906812514,1020.3925693928677,259.28834427899346,1.2967799200581038,113.62272445981031,2352.2011126199127,1968
33.8193624730968,23.061644868104576,1007.7669044595325,237.42718368118378,0.008568578269524512,144.76237770690446,7693.280874403615,2019
18.070069836825088,10.176092312592862,1014.5868131662768,275.8460046287121,7.435427699396728,92.89487629932246,52202.564423176416,1977
15.094776984231126,13.115224344659595,1013.7762302602914,207.03085412125424,0.8602882399923885,25.88897943092886,21687.362626289338,1962
23.51909297802438,16.272682902223696,1014.7554564583837,93.88489878880377,0.5973630716118722,22.61465967547477,4704.770420916229,2001
25.607812525630717,21.386112397655836,1019.8811598531779,328.4555809430586,0.503196537733075,47.53574951422745,8350.204967263426,2010
20.845668130776154,10.100795896412981,1011.8960542510397,6.557051135512055,0.34588946470510407,57.53610704547946,2216.227321288711,1990
29.26630331660517,20.877218764190257,1010.9724831672296,131.96221915373647,14.110368373102553,30.951727047567715,3074.4480115920214,1994
15.306971001383756,14.552092368721045,1015.6699039870933,262.3933055149788,0.6994255236339786,36.24108457812612,9409.180613199287,1956
25.464593115158056,17.118686909734322,1004.1089863621708,153.77617481388276,1.0401145331962967,66.86090901430342,4942.098893527821,1963
18.970695896205534,12.828500280674602,1011.8157397543891,8.940386692805152,4.101411455854677,115.9961634222847,2850.9290728743777,1985
30.596889531036485,22.008846054906215,1012.3290115535727,23.753125121836746,2.0538162120589054,126.9514495334434,13224.689322099888,1957
31.96257676584059,21.256212098318496,1008.3982069184653,233.50945288978392,0.9199304833362523,70.19230958120733,7463.277301986408,1961
18.16671706108326,12.092558078652816,1018.2852950567828,347.3512557859079,4.572015241924484,71.40177073621815,1689.9422374493681,1989
19.2522143204571,12.800919835937163,1007.6887984132836,198.67090890041962,2.7703835560849477,79.19992789209607,1017.2447580738135,2011
26.29793943489901,17.15371613557656,1012.320634758181,182.43281448855686,0.517283722039737,-0.12926256591185847,4582.447401046587,1963
20.064346751052426,16.502755826137818,1014.4657861266148,114.59707670025621,2.0641833110506704,167.59699058091732,1655.2955576646918,1998
21.77294391033881,16.163216801830036,1019.7672578073806,92.40864259178274,5.112337000156335,59.41712467170492,1250.2372265489753,2000
22.12694210271205,15.990115936105038,1012.9472178255958,7.5545934322624975,1.3721877412744103,25.741238980911007,25058.520825833857,2011
12.401634219011719,10.298285967088436,1017.680767970641,98.26375235056962,2.6456057971512994,43.69827176976418,7348.776458621184,1954
21.930811269528814,14.822856222263233,1016.5029769863856,161.67975871149088,7.088086484107895,21.28905514394625,6213.959806868815,2016
18.55136112967913,11.43754515406959,1013.6172877808457,71.26192189762206,2.345039626071654,-25.927693380545286,6711.610283747641,1950
19.53438588800114,12.468821512371683,1007.5524329586327,31.44527585331452,0.21614769742905504,88.45863923833068,2597.1444947221285,1998
29.218160017344072,20.45627809435007,1005.8270956954783,258.3820322116569,0.5609086471618764,99.62335914435215,12221.795644482328,1966
15.717465528603718,8.883802453276799,1013.532527007096,322.0632968645042,1.8082127142507132,61.965129967334626,7110.299696159052,1984
26.066025933739887,17.24569612044457,1010.286515630487,337.2379450873508,0.6447011200798476,-3.9718550606994825,3799.3730452889417,2016
20.605185348340957,13.3913964600958,1017.5963054584065,222.47954225891615,6.318465976237837,90.53882970904489,4413.270552577853,1962
20.601199157520828,18.669951869922606,1016.7292825904929,18.99884973574145,1.03957140470295,56.42519870060319,2374.497907588026,1986
25.951859480258555,12.618671756313152,1012.0769450278148,266.7105467862384,1.2221407380929843,18.33644805529255,5397.856056261366,1987
23.70025647284445,16.23094008817985,1007.2114353802937,39.6343098942791,2.418654852655336,33.85667824120355,6376.483948778966,1955
24.853064986097653,20.848533075897898,1015.5536777480364,241.1093223676166,1.4857244162032435,157.9164038809809,5259.107796303919,2012
26.840923302664304,19.03233524012992,1007.9102527693243,280.57170086923526,0.9630060835978128,64.24140877321469,8562.560577941877,1998
20.343458084083387,15.747255605700555,1009.2076803853457,261.3112958975302,0.15946757362391997,145.22044480839935,7491.230099264979,1958
18.93881632746125,13.45682405942241,1008.1029213089242,342.678170074007,1.8148879080761708,13.131192493220183,10206.382497844688,1985
16.574247367211008,10.267306394614746,1012.3074948903002,265.7326624082603,4.043553644067359,26.02197866114618,20808.08801372111,1972
17.872947350105225,8.02723127605583,1018.8509616703528,249.55552007345105,2.315212048426006,32.70809490114154,14662.133211173177,2006
36.745472126543625,26.13274186265314,1012.9747956488824,94.22754198591686,0.9609000387036549,159.24701965474,21048.610775309906,1999
28.223397903683935,18.205165323373972,1010.7839065378615,332.9167271169246,0.27330351666462177,100.7347646880402,3471.235183184149,2008
15.244628168959894,9.070568905941318,1005.3719253497737,64.63579348590008,3.389318369644848,58.57398906354738,4872.610482898177,1956
15.38771021628215,9.77342263943928,1015.7606229236492,325.7627801303255,5.685966141458172,99.87737698673203,15577.715586732835,1996
24.40933030859246,20.576254029261708,1009.0979769703569,112.55851560452773,0.9829383187565405,109.92417504770103,15858.765763244995,2005
24.736323986889833,22.125101875330827,1013.5875880957905,46.858893795960746,2.6086339877283957,16.97229737080498,4110.826501229933,1957
24.74441917658682,17.755509298667576,1011.2289069204168,297.60588981762146,1.0578550917913763,128.83766043497047,14936.810158978446,1985
20.72522103223151,13.5781202747386,1017.1908860979972,0.8983632962984922,1.3953827349201737,11.648150712518905,3154.1296819971813,1991
21.372728699985498,12.606457255087426,1012.2138180398572,299.55179436509906,3.621595676033218,117.1852042073273,13109.01871893105,1988
23.639397620796785,17.484658657649888,1012.7053682273847,94.43226313655133,0.17422132866124446,96.06821186998708,7892.780809902608,2014
22.429465031466652,19.266436722156943,1015.4287357372773,318.4996581920237,1.5114726940057426,101.23656199446765,2029.5398999861684,1993
10.903498136262325,7.137767921333314,1023.5347009113159,248.93250560696848,0.4831759032484361,10.269708770355116,5249.699827519964,1995
20.85100184712403,9.837709211480373,1017.4422346517928,239.8259998262124,0.8304429304030774,19.321367687363747,71845.10848834427,1962
17.742967828698433,13.76017682371995,1012.556969468257,131.5150427393436,2.068059675603719,49.927336386678064,9924.684958202497,1986
22.87605709454256,17.984039389079893,1013.0159899530764,21.385070600677555,0.055211949915001474,99.05327054982482,80858.01357910987,1963
36.926295013017054,22.67671522834024,1010.3757026983778,298.8263153540078,1.8019428428751696,149.7883352128649,1912.3219629987784,1962
23.837408327371524,17.039154196485974,1008.2500214824015,61.525366263550076,0.6665928402088502,54.86187559217902,17166.958411154505,1961
20.43235156913801,15.205098130668803,1010.2362460646684,134.0131110821108,2.214202602031819,29.820397019063783,642.6908453279149,2004
26.60900750988626,18.480090652902504,1009.1392551814403,216.12768678326944,0.30532672732479393,71.28323946689952,8101.175998200322,1977
24.413439436046062,15.507865767061535,1016.2668419189795,173.6113458818238,2.6621856168688933,120.36342851264212,15232.969100113549,1971
24.100472452259208,18.902205163708558,1007.6440257106551,71.5178286616745,2.0748822852256854,-8.379784518604552,18730.155451369108,1968
25.034252966078355,16.71721758431748,1019.6660528069002,50.62188847762221,7.097666956706325,66.90969208986736,3643.610174945499,1979
32.28271782414771,19.62753015150353,1016.7602319180942,44.36865801010462,4.843533886379277,68.95119334966537,22904.539972717932,2003
16.34555782337042,7.342941505019932,1013.1025086468384,310.68283733971236,0.6662038619336118,76.63699309196718,4751.830731608518,1964
24.368160384057273,19.579411308838708,1013.0015930573253,11.361437662080105,0.055393214221751384,134.2605076963727,6876.759031169387,1979
17.368094350092306,13.39099399800685,1010.2135934519272,351.72513345596195,2.1305594521202167,-24.968390463822182,5253.646997689638,1978
24.77756323171124,17.520241356456204,1014.3504220567388,71.47032853874907,1.8470707672346451,96.13739634461042,2600.8943594586353,1981
17.40656744256953,11.304047936097064,1018.440462316043,39.71602687646813,0.055623921374961964,103.0847245686397,38937.75355758335,1979
19.91316593197458,12.88121932397595,1009.484217688721,207.70979571964625,0.26176131318326806,16.449586705902185,8501.669348680722,1965
20.524550428810468,12.215712003284104,1005.3330395554063,28.794944858650787,1.757516465404962,115.00077212593382,24036.24981236897,1985
26.879083596723547,17.952447228586713,1016.5160912742837,216.88317473889418,4.856914959789994,37.49508625256143,23033.644761697753,1997
26.59227221971207,14.374416123558099,1014.621829871219,306.2255921329007,4.7395936001090195,114.19802591541523,3078.075323669805,1977
15.771413117768077,9.567861875500624,1007.3990059927941,17.24328772827294,0.32853516114063025,107.34934030842888,27340.577902450324,2011
22.274670554999243,14.970394355797282,1009.3330431454294,287.9526976302759,0.970880961914543,32.23939414825614,13405.418147068087,2005
18.452100726254137,14.136230602758733,1008.7044786297492,142.0118787535627,0.08832777893872494,43.99420243810506,2861.4911112732693,2005
15.707475446623327,10.9153798858896,1009.3773386548288,57.416628179235595,1.2670106811029744,107.92672182852613,12693.569826353794,1966
20.914914747878147,16.23028655126582,1011.381586229794,63.39473289628526,2.79740978573358,-53.250901341393615,2913.2719650513673,2011
20.457586057720903,17.01858045063149,1011.6672634785963,330.7552357299214,3.1210356216577235,96.27125038433915,40394.88180702174,1970
34.13358243172761,26.00984788985753,1009.7460317246577,39.818070698639204,1.3822563067218998,203.5398510039788,18284.0933486602,1986
24.16479912680348,17.85637908351955,1009.2091809025004,312.04180336163654,0.20156352766996083,-70.1526561705573,7546.592665623279,1983
15.111912496228813,10.602064105721738,1011.856078280403,195.92806355410124,0.960476368760419,104.57613576562358,28704.340240823476,1978
19.176129979145287,11.461714968574581,1013.8384576742978,14.060224373918068,5.379496220871877,97.97495558185547,1665.7193569013523,2017
27.106916477146992,20.454729636761527,1011.4185173181758,167.2114124582418,0.5217234346652984,83.34135301372513,3830.1479086670984,2009
32.442213864349625,26.069044469487796,1018.7933351167065,294.28182521146823,0.7706028858489742,130.48338120328162,6295.436458692585,1960
14.070083438810208,10.533270486467982,1015.5404385721039,261.43300355007614,2.7473658450507723,61.43870312403936,75787.19920346016,2009
12.600378074304775,12.654782948865588,1005.0457707157066,175.96167036649842,2.645368458248908,13.894590091448752,2778.0849409051466,1983
31.35482587685891,18.897234697679067,1015.6186388270693,309.61795669063815,4.865439676380204,162.31788228572265,1469.5243533441167,1982
23.94807088685452,14.45532285123908,1016.0277199129279,43.33131424088269,0.9824339087280161,78.05002705893297,1911.4444380237303,1959
17.658536340618166,14.07137845392924,1010.826325159379,327.5787792212528,1.4455587133486527,75.79765347211367,20054.640838250165,2009
24.673145430612177,17.799782221735022,1005.5240120634842,304.7188350540056,1.2599409020564,32.86351477280239,4472.969252830242,1975
8.82126130491561,8.802447266584544,1013.0403337970557,254.97965723660496,5.2553060023894895,-87.5900374990653,6911.3020970554,1974
22.016877532985806,15.380870991636582,1012.9614567425888,294.4395871663497,2.933539427888524,16.43681040983428,17375.781392890876,1951
23.639105864215427,14.811423259894134,1007.3917688173341,195.77358246335976,3.5609481371884133,170.2735309950255,6918.230944300863,1952
26.62135069768915,18.207759003972317,1005.7439039187003,243.05847447516007,0.2856593042853106,119.07190590828662,9938.253743691783,1981
16.930520238537312,8.78599622512865,1012.5622322677328,201.8153054548004,3.1389608345058155,34.966375945098534,13838.57342471048,1950
22.428435807016797,13.442723718717687,1011.8346140397459,127.95427098286176,1.1347170526431218,100.85207602100567,5267.565645897938,1973
17.372876869702065,14.105901804627464,1010.913673173388,204.78988705002394,0.04723068591027617,76.10040725357793,6861.5108710990635,1999
23.276918778371584,18.039417973799328,1012.5829463262672,92.68751971149325,0.12393880083145731,-14.362575376426946,10321.200938977167,1992
17.523268388184878,12.992296441341567,1007.4861181308984,158.5005015026827,2.2658357457103526,99.19073209915365,19306.15571596378,1993
19.959495804198898,10.529492021018289,1010.8258969356694,101.07914661368756,0.9304698469043279,-33.095127126065094,3668.839710263104,1982
17.020923026048855,11.19783896720842,1015.6666251530718,44.23960420610004,4.051658589282038,21.56369858445792,395.21269098334704,1987
25.255681209118286,15.228977069062697,1011.2501495982435,115.87026830036622,2.6505726336450257,30.873789559792378,15987.83100060946,2001
26.29225558328333,20.75764541587386,1004.6401376410372,306.7153985465174,0.04383695205305888,97.95815358526957,20490.485158069834,1984
20.826897150212933,13.411383738023849,1010.6365386113821,137.18907743123006,2.3223906417924236,79.12525581705997,9897.467171530434,1966
22.191189974800142,13.362337560797,1007.6492076824657,269.2813136287929,0.4272590885311674,-81.64445165533854,10596.650281263457,2007
14.757042926832279,10.389522379025443,1014.3356814823087,63.07122752573805,1.0983796458378343,106.7313576293474,4608.649329000033,1997
20.501616759966065,13.070822818307022,1014.5941870169021,152.790897300351,1.9602467490609428,68.29891421183865,13362.177516010592,1992
21.748976914791275,18.191771660761304,1004.7061268745698,41.34818496066356,4.122697869634922,119.68726003116095,19018.487657911846,1997
35.103965455149876,23.10315402353653,1016.795064852911,49.90358281229629,1.2179719804292541,115.07831293059391,8574.057396782167,1993
16.44016487112918,8.709658891341164,1007.4390684936072,222.2770967604249,3.3056352480758147,69.06265322895842,97855.6125613197,1982
29.32088619376219,16.2187933041185,1020.7959114524117,218.693454281644,3.055399404035759,24.424243799755487,1696.3919840678311,1951
26.98429386732904,18.827432702303497,1012.7561186774969,76.8138866477504,1.0707097516426411,51.52391333753647,9537.261520308493,1959
23.403182022450682,15.258367187999625,1006.7680325073042,170.7923499439675,1.3902188627625207,64.63608485045212,2504.005772885246,1977
30.793102420975668,18.69736248165951,1007.2900696465366,310.79022011206126,2.4111816255238736,133.88222036696303,19532.712907089946,1996
23.860527363034315,19.08082207663559,1014.7404764589368,62.712543123533834,0.06328772431062119,58.05423701028759,1666.5727846604,1957
23.945795978339643,18.09654747969623,1011.0435005505082,6.915791906465341,4.4293574862105025,42.93834371206919,2134.693716979286,1972
21.734396734912274,15.157641956564131,1012.5167304519093,234.71825063888605,2.937753965083715,23.341753952503765,4301.904279943568,1997
28.117844412093138,22.41114357680693,1021.0639011634852,19.2593549119266,0.5738071015630842,108.34000915843826,10570.603469002248,2012
27.48234616905442,20.56271438513532,1009.5037796788546,352.77848588608055,7.945665315051907,84.99582907533971,4467.251454445762,1986
18.871613562518938,11.564417690726392,1013.2998142884785,219.46330216759716,0.39541548502177654,17.6088662628314,4512.284013272631,1961
15.403764027006163,8.70419449092278,1020.0992224368653,169.34268702383002,4.908832649413371,35.1598357755703,6762.240473208537,2014
20.985096813021716,16.325530858022923,1014.352567377332,154.79731440875042,0.784525660912202,32.710776509143244,6359.84853588711,1964
17.999807178011768,13.392598937542939,1004.96698632321,206.3054370660953,2.880628719507492,14.465907717612886,35862.56914400321,1959
21.682377126923225,15.517159524787578,1015.5269450586607,32.62479721927737,1.2189970777070729,-9.590990680768755,16089.322298364672,1991
28.187190673420695,18.038037865656673,1007.1849857110827,334.80686117501847,2.667156303732074,23.722751210484304,5857.178372529557,1975
19.71349172456605,15.015339341207742,1020.0340376436649,225.231144678676,0.33869153042778993,65.8087773142812,65973.72998305583,1998
21.785883093442127,13.739120399141589,1008.8856619750101,66.23225913992717,0.628069777759446,-29.973132077199494,13248.78560625617,1972
22.290113674041976,15.399106262642025,1027.8475475387283,202.52917935527861,0.21040511065071224,26.449859848526494,3074.9316264311014,2013
26.242154411026423,21.263396380492452,1020.3368799416384,47.97234209988419,4.007095197719129,121.15732894602061,10472.559559064033,1966
10.765553330076974,6.21421885943359,1009.0169371518601,6.318978320992361,0.7027863705164591,82.58750674519274,13842.689590506528,1983
18.966498526173517,10.13057045417574,1013.100069025008,226.9861146770393,2.3714553892280152,75.27979860307954,4073.978343292403,2006
23.056418461397364,14.034398539237932,1016.7682214081673,233.454003073246,3.432056120242885,116.96496599482016,2828.4696628335005,1953
28.000394782134308,21.58887400086926,1016.9183023711336,210.13076980922958,4.633737975233742,89.86213857142087,8834.847202546482,2018
19.540487762468974,14.187803708488701,1015.211681299881,66.05395356960831,0.22476380559234174,6.947404221798401,5652.076217109607,2017
12.61723646979063,8.574310771475933,1019.2607951848305,217.23474905811614,4.470132039597683,75.0869772887539,35565.377036800106,1999
25.098557229830682,16.550802450258335,1012.3851552668282,20.34393873282713,0.43943081257445216,103.00615307648275,17003.18271568611,2016
18.823188055871853,14.146951454216676,1011.1664116571199,219.32580800589201,2.6704574733856656,30.272311757983225,4269.38354058287,2017
16.051666704548193,9.537956991203288,1011.2656800603769,199.44612687874277,2.6101589782452663,17.243805268606167,12406.03232282713,2008
18.87827305143388,13.826122273288906,1017.2918661598607,235.89173910207583,0.017078999403991473,57.942243298416855,28771.141794030616,2012
21.07737321172075,13.291652110578612,1014.8259052015133,322.3712180708618,0.49852312364840706,120.13295721516207,2010.614255463965,2016
18.976276677308935,11.488074903566146,1014.4564183284513,306.1289178862332,1.3541875167507778,41.667681672728314,2913.8245016421706,1975
10.972169714504654,6.405543930503233,1016.976171246286,353.035508962514,1.0895740326134504,-115.0444102277173,8013.087189465796,1950
26.48533098443566,17.788916796137038,1002.7447379607307,351.446771857167,5.016108518183096,104.16239190311555,8396.76648033833,2017
28.374375206393612,19.76440297260812,1014.5503441193757,278.03508961455094,0.8917645863450339,38.6073743975855,7690.972323833135,1967
25.25760995669753,18.1512385599105,1014.0928444443686,344.3110639839821,5.52872418265466,106.59535522362782,5938.565121936347,1961
16.311571647875915,4.0413695706562525,1021.3440404065035,312.2221989200803,1.2302597593420026,68.17291792149155,5848.495206906002,1987
20.99254233026241,13.079478515690155,1005.3570600886817,261.9296819621902,6.668174775203064,143.53542873641751,11899.577054408164,1991
21.96739342385271,14.594035441984817,1020.7859331618838,27.13833167175187,2.67390249037854,67.2571188322516,25183.4560924703,1985
24.993971947809552,20.505904440683345,1013.3770456446233,17.657959777159597,3.5361006309651644,109.03583254318612,5009.278993811846,1965
25.341702443590403,15.579186493749017,1015.4449476533002,301.5358443020773,0.22158803049954903,93.38347974301172,92818.3229782426,2014
18.32913100610752,13.155984940475088,1021.3795939380469,176.27610883381138,1.7644619794272742,104.66071625754515,57566.23263138978,2016
22.409977782067802,18.677045066919135,1015.8038063400279,293.2584063749715,0.3079355660429495,-101.6784901349639,30615.314285039825,1988
24.286402023076207,14.374544356258795,1015.0018414473128,112.65057743587897,0.7065642750450268,41.89772269751601,15100.503015932167,2008
29.279111610733832,21.283328579242486,1014.2114559290115,143.1539489962846,1.9540219367866716,88.47113481409494,60354.338110559,1987
25.522532699123616,16.26122922151749,1010.5826093250281,252.0672195642955,2.590902503625636,86.14193643636,6062.54304241659,1965
25.945283436877595,17.152430921235847,1012.8575543774481,329.51762529555356,0.07994425737387237,25.066601714556896,3524.1536531105116,1960
22.419133139646803,14.087171529846131,1009.4224361693863,31.594130812398937,1.5140650826818056,86.8984800091406,4788.765537513217,1977
29.05229572601752,18.87289239138049,1012.7771655028725,310.13213206845825,1.6662626321698248,140.90307728651865,2972.1985096960466,1951
24.048813979797487,22.277994081671224,1001.3203465147245,285.4845809565715,0.16421700699447453,47.66557153827614,9152.67369156005,1969
17.694560449132148,14.075104058535834,1015.1451978378377,113.59413746274768,1.3890483932261013,8.907608381335756,10936.164978721603,1987
29.016849850625952,22.515270619010582,1012.3913137310818,127.87798108736145,2.502424303615657,113.57087335992603,9905.4445419028,2005
25.489516362695138,18.826648427559586,1011.3189813166662,16.72613179988747,0.10939243950059903,90.84466681239593,8002.975170340105,1988
19.784779894357587,10.636832349246394,1014.0987904197007,5.666620002018474,2.856465426437259,74.27327330250219,9257.177987016557,1980
19.602535163003783,14.511690554749261,1005.8321803851728,171.72220548878246,1.7180564756154617,-4.149215287118324,45996.648257534776,1972
23.48287772570381,18.583873637007358,1022.6463499831065,34.39427237903179,3.5822458429966013,214.7514112767875,15063.831243504039,1983
24.31592397633792,15.31434783535832,1012.486162692562,69.84065318947668,0.4919611161514829,-42.366131394406096,20384.06600824696,1966
22.986461328156032,18.021176264031478,1012.270777835139,304.8361918295989,3.5828032770716094,119.93261770218552,9806.394351077077,1973
23.556543367214427,17.898252776758255,1008.1730189493354,205.57022085016288,0.19867068541686372,40.50355069771326,1610.6793113924878,1984
30.499786872881902,25.05393090064467,1013.1197319122463,228.10767741580082,1.0344578170270833,253.04765639745807,1320.9646307092928,1972
27.35771576117443,18.314835007794862,1019.9347994513664,67.49255909949122,0.44499949601170335,118.99838279087477,65043.398167752515,1957
22.95317795632512,13.87200260487613,1018.1795810471601,298.318249603591,4.175283459673668,124.31348144419172,4760.832013812719,2003
26.706552903837416,17.971330813941098,1017.2721887557028,312.47271807830913,2.441016300858403,112.43867250507776,4373.192872948142,1970
16.837380482362303,14.657308323980859,1015.7319947583363,188.39793373669562,0.05137786067971119,-65.13800094592744,10359.541326994531,1968
23.989635249734043,13.135932913129903,1011.207287362187,328.52079787631754,0.019137985483768976,82.56018162156288,14050.355519628838,1980
31.04653174866555,17.59582079320382,1005.7491841648165,304.1383049836494,0.6885027441260275,116.66115778880254,15944.387052341679,1999
20.90977052303813,14.815629923989917,1011.9948061406668,263.2767036027977,0.30929554003355403,96.28841855570093,47782.68110659014,1973
17.761830356904575,11.54810266428489,1011.8206426773316,264.2673296497063,1.9901510488938738,117.34703679990804,36342.25462925935,1995
18.739555557034695,13.133144676275656,1018.2439721983562,37.94165062231079,2.180079876256416,73.80444038747663,3601.3598000498237,1957
16.551834813288057,13.47690791177337,1014.5469522122991,97.50097357043968,5.692932275816048,98.56428732089697,21348.453350257532,1952
18.076190459361484,11.548194629315333,1021.0615576395178,24.06499913436338,6.074772751102703,19.215476650019745,5518.76334124619,1983
20.147459507049856,10.357209993073658,1018.9874427001909,3.125235321471118,2.151139861772689,-27.510714387078202,7062.054229877472,2006
14.97216490410679,14.569478547274642,1010.7175219524795,56.991431298207644,0.011382554984200398,0.587463944692459,2713.54396053543,2007
22.078091669748016,13.460207593946059,1004.0243540169007,316.97538575289843,0.8894451435706725,32.584423361666666,1490.589780065553,1984
26.511385868933235,16.43989586422907,1019.9278761697074,86.35466125297854,1.4395635594862575,40.4158795102139,7851.330503982821,1970
17.4612190992654,14.430293396930972,1019.7969261161537,349.25542653301983,1.3830160754116627,-7.671242178401997,3115.104829822224,2014
29.596419618208845,19.948515490663155,1006.1689420454888,215.0247598420342,1.8493547508338606,46.43532498910476,20492.488402167382,2015
24.553960442637973,17.060992605776956,1020.5462000991375,85.41305554848853,6.4655176386721775,55.177081198971806,6117.579290428812,2006
27.152902928120287,19.972612297804833,1014.9105858529626,178.9670892543166,4.329000276391166,37.4334839677663,11032.383914507327,1991
18.710827230739316,15.26474526773751,1013.8034274906282,78.87413617204153,0.23061527922114666,191.1123498466539,31809.674559033792,1992
26.272626135333077,17.72391690836961,1021.0739162712366,354.23048094565456,0.6184390720031117,15.375834371374722,1834.825789203236,1975
16.540330498023437,14.618135360445004,1019.7234258661531,305.015394205787,3.5808337508568284,72.7190521120186,3926.0244850225495,2016
26.451237504182544,14.244266555458168,1016.2566547599761,9.445963961638476,3.478033212484759,57.905313189930695,9709.72873824255,1975
22.859196698967658,17.521012163183514,1015.36608532906,341.1993713282896,0.644190197048583,104.58690120183442,11075.877406331423,1957
24.76625609992392,15.657324153911429,1016.0819714526518,259.58343862903945,2.623027172936818,67.86642862454839,24428.298192688955,1996
16.12202697187574,14.029961513528999,1010.9997128305873,29.657250727660198,2.2297112731950675,96.24640665546583,19286.35498080948,1986
17.524650788616977,12.551344509692974,1012.7244927513384,241.4295886775204,1.283098931911716,38.06252624475239,8927.874483109252,1967
24.986141091266923,16.144488099868042,1008.4884142270273,232.89361126764678,0.4499277959782533,84.99395638679442,10975.323028130126,1985
17.258259978878996,13.40646417125856,1011.3348011213054,78.76394849073004,4.390031293734525,-50.870887753454454,11283.26452008329,1951
24.316031460495616,18.807598716761433,1011.1668306066554,273.04081200272725,2.265483359326473,13.601272406988741,1863.6414755944081,1952
15.164310967698771,11.898805923106416,1009.8234731518917,31.343293192668163,0.37023394035564794,-28.875814761319596,6930.065353403506,1983
26.24087106333334,16.30921726506722,1013.6837325132423,176.20026524324922,2.440220259030431,159.23633083366252,10388.69233355785,1995
15.837383426157455,10.118134151066048,1011.3800957464971,3.5723545787116517,2.705206427884011,94.35532409721506,12817.296909952503,2011
24.761499688397617,17.32490410763546,1015.5111736017599,348.7454960021087,4.358617194710889,86.1118177355824,3215.173367968391,2019
25.128154668230007,17.507188962460884,1004.8883969335312,270.56290743968736,0.5042161426008613,131.03989714960917,2278.339318479958,2006
18.516140907852126,14.460789586373181,1012.4332260294635,57.18674741747617,8.975504285138824,11.829112655669675,6409.056886393492,1959
24.910132835423635,13.407290519783327,1013.6577582008874,123.00265438246187,0.33303836328949876,159.90648045332938,57951.75372818818,1967
23.30221131666778,16.98020203077445,1011.4468538008156,57.80245601094346,1.8360288925311024,80.40123615482116,3571.541189190929,1982
19.30579071903631,12.934090794452135,1012.1380365009538,275.98228708655324,2.141079113796949,54.48966151395099,26210.837450067746,1956
16.95722657961896,10.193057372965367,1005.0737699463507,21.20267715397746,1.0858469002854843,106.26183827719095,39527.01507410313,1994
12.186871541637105,7.045836523606773,1014.7823855233474,302.5463960029371,1.2888576903988962,85.89436360904486,8480.00676235533,1978
23.748250236498468,16.194699836513,1016.2380299128354,339.19068198086273,4.431165871999692,5.082362794667716,4105.784308319488,1987
14.175986143189725,2.72102009131377,1015.4676864710189,243.58605941026795,2.0728205319048345,84.53145108499038,13532.095181142951,1988
22.47672099720654,14.331125556461478,1018.1936352972109,76.66756200051631,1.3743340278467002,64.53643449426599,9847.671320953297,1974
20.682758919588753,12.726301594419539,1014.0076480289125,129.63243449287828,0.2747336195902643,81.02264612925063,3431.991623190933,1966
25.39571387719098,18.84256613267893,1015.3934059032547,171.80635493121525,0.014729356023624915,59.433321411363835,4193.106614491544,2010
20.48977250255068,12.731787386764433,1013.7804536922843,217.66491799281135,0.2669910565966441,9.251813306018029,12753.740143342306,2000
20.352761068264545,13.816705147444202,1016.4377535979625,240.71871233220747,6.255538365876192,-1.2288816326844767,20608.119099426287,1986
25.659353521441478,21.046100720331637,1005.1138518193394,199.5172975147978,2.888582532246623,50.489433588940344,5867.651799818077,2016
23.675290145420586,18.561406141425255,1008.53209516011,126.47301149586806,6.829558042608362,100.55709765596075,7561.814360177676,1973
23.58077978591389,18.31108865002663,1020.9344982851654,320.7302210033651,0.07272372332546954,89.42458890499054,15813.8049810601,1998
24.34633794904263,16.042691703508137,1000.697820889519,29.301140886464964,2.2802465651043398,89.89780980566375,6819.30688444496,1970
14.32213938396447,11.111562127354434,1012.2991103508733,167.85217952765822,0.09060889812554741,83.36868393190528,6006.953697345161,2006
25.78394339993491,17.580964779047246,1018.8613747980403,279.20334184829306,3.047038562511734,79.74386918066935,3807.2376551678894,1990
25.06234397006801,17.15145435769373,1012.5336966722912,21.914159504904323,0.9591390262963553,177.28872718620005,3741.774999526146,1966
16.916584357117515,12.660979737475358,1010.9749446427466,253.9206780520684,0.20133278972967217,85.6283919900208,116877.62873908337,1970
20.779597631628995,13.351731165298432,1013.6471083840765,295.096184191197,1.678875327335247,13.633658776590664,6659.49103818258,2017
21.803463561861843,18.248430702189697,1011.2343990999877,237.89926746973882,0.6573420412643459,4.490400290518025,31731.283089888948,2013
21.327516077991337,14.609000975398061,1013.1542474637847,4.657281219128158,2.155114667439878,87.98079208087826,43651.518009765445,1993
23.669299832842672,17.8052310155092,1009.5830948173993,64.84932976759426,2.146911330502382,67.14574232531628,6744.062118090884,1977
29.156833909155917,23.320984694923737,1018.5433720997786,123.16070840110227,2.4416105179316623,39.01386499728974,11712.709443486885,1985
27.408833638364143,21.24949109600525,1020.1163246053283,84.12841282969653,9.776413803739894,82.27045963146094,8977.515763900497,1986
15.438904032842968,7.989394617609028,1012.3330483894418,346.55477048187385,0.9777946647456642,18.62618651452652,1616.1752004772093,1993
25.110349951530242,18.467036756090938,1006.0675528965438,234.5738090809657,1.2521567558915394,57.64441016475848,1716.4731796465844,1999
28.64466659767705,21.752705407295228,1010.380784148433,106.90954464656531,3.2655328471777967,160.1279685828768,8508.73419196638,2004
23.934042603446013,18.537555866733705,1012.0800566994852,334.6910995195604,1.7272543627868175,116.59600347871027,5298.009491690145,1959
27.454902125929834,16.99184181992162,1015.527694384516,266.6139118114273,0.075937991986967,144.91620077291793,53722.1320685829,1987
32.06135222850383,21.12887608591803,1007.9599338841466,102.45859625773511,3.704019455567492,188.4371698560569,6395.9935231037125,1998
27.118547730534907,20.972099882857677,1009.1541884067892,136.39736498470393,0.10574419996048692,103.69322178560138,57006.980091680234,1951
23.246542978208645,14.749059343380758,1015.553380689294,71.79438898942442,0.3746363659107017,85.93880579678034,5032.180176422027,1993
27.225442370423767,18.458417545968008,1017.6945441601978,349.5866393756959,0.21534852945549052,109.31995949457205,54841.386752921586,1984
22.724439165484455,19.058859034843056,1009.8920297741466,186.22673852042635,0.1622620539321501,132.5295822564482,13445.83265102775,1970
22.119515216424777,15.388062150727762,1006.333914730245,322.5804074992745,0.05204098203631143,122.58365991290472,14232.621474136766,2006
20.242928821431338,12.71650189933425,1029.4205910064395,124.73991756606517,0.11319935774664794,36.0311281957934,4857.290461756238,1972
29.817066794160542,19.11671204218657,1016.9165211854436,309.90297711509123,1.1683674077804664,40.17646700789302,14427.872145116875,1981
17.907856670289995,13.20093832837337,1011.6649811911649,19.399265433779025,0.5829846979759044,7.7677265541528016,44033.82788499868,1982
29.66183862339058,18.09699101941899,1017.3451563776542,353.5525143087437,0.27057875032730366,99.72174400668881,7010.557498805202,1966
24.499320618701855,16.65485250529846,1012.3777168514279,328.33237213198896,2.150019326487815,16.66178247417355,5771.014600200731,1991
15.003469125990293,11.168889458173247,1017.335784445501,130.75306011959577,0.5126560064578723,67.80537126571235,6331.151822972316,1966
23.83824646495711,19.28507216656531,1013.7969659888811,278.89997951324784,0.038261982691628005,-25.804952842016363,40950.18491936536,1997
11.49986746174188,9.385003383959308,1013.4563594908378,270.8128535305774,1.0840127388950451,129.91794775184695,19060.07680800732,1997
25.12754008415518,16.161147822944265,1012.432090658846,324.45172695705537,0.7433828059460923,12.732801258166518,34464.32432551514,2006
26.426157414944957,20.85514882558891,1005.7630933326845,110.611793206372,0.767224554146591,52.204683827857735,11088.044230725456,2010
19.03822022173973,12.727724080122856,1022.6904744969657,167.58720191309382,1.1785476417948735,31.140333810211157,8428.038615951884,1993
22.617738479777913,13.361010891745721,1008.2923303986613,311.3998605381791,2.2107537976842107,146.76907450003944,12381.318451462303,1972
31.770787168751433,21.895468299595056,1006.199882118447,280.2886034886778,1.9167224277258528,103.06088338173589,23627.31021389223,2002
19.471266478690318,16.506224937374625,1011.9357005862182,141.6480187465005,5.537563469287407,10.793451141529182,6328.900209145218,1982
16.705462064716997,12.024303545431748,1008.1926409324475,304.46108384836396,1.4584470167751826,50.20647978393823,31846.316198606197,2005
29.408317012312995,20.610865637278668,1012.7414360471986,16.903454123664538,1.2794779053986534,99.23857350890529,11682.304699337035,1977
31.812935952653973,25.543478456263486,1016.4388192428088,281.53666906667644,0.48010754112001736,125.42488388321361,730.4946168039442,1972
22.018478359239236,12.550225157358609,1017.9765145026461,74.43570939613222,2.8161091234270037,13.355522588530938,19604.088631369497,2012
27.05731517704178,16.3689223958237,1017.0736536081084,103.00352681656338,0.30345072441167037,133.2090250277588,2270.362948128653,1956
28.707379577654404,16.863472762424415,1011.4718397260716,177.5573436944137,1.3511367534327938,102.86799722042717,19133.055271279467,1951
18.28757883730808,13.546601559075764,1013.2479591383079,161.9044203851906,1.094018860394147,130.57158429204165,19960.647680027338,2014
19.57347082316066,14.03441583044271,1015.0393952544874,187.40523847315714,2.147649381106226,57.8899884884658,11269.921001491923,1953
28.154372565773674,22.793533530601124,1004.2110628802897,196.1192144419286,4.992860867488431,92.7825456125315,13956.224645539336,1957
30.425071393542545,21.78450012975332,1015.8529235005993,119.3499687713389,5.859723960421005,91.51382857991341,24315.536516542445,1998
24.814404300871775,16.561768691651636,1005.7135035620809,63.0819046861308,0.36736320366371095,143.0011350540205,4936.304859755652,1978
17.60092823248973,12.324239508499023,1023.2017329945324,276.65324254343017,0.6071276266451042,89.59846172567174,17915.64548842315,2004
31.935305558497205,22.590128727869956,1010.9774245767916,143.99141367137113,3.3387508153771495,69.53666163868205,25926.562543189222,1986
19.345145510940178,10.19807931100179,1012.075624114027,182.10271048526124,1.4607835069190307,201.11502491912324,47102.55842533298,1955
20.32431109414274,19.647681054569702,1009.1514645038108,232.0908186064025,1.2067393496397754,36.692596449907214,2681.7362385353103,1973
23.711689172448107,17.637924456917496,1009.8501498407215,327.46965203039616,2.4800668348910313,51.0164828405083,12191.765758102116,1989
29.77080210357387,21.259578088546885,1024.3704678457161,254.7190192104792,1.842229460368258,147.34262199659372,3097.996220323719,1961
26.269879882761117,19.61924388648994,1017.7018484431164,16.365321212538426,7.061295102244287,74.58862638188911,2969.289513985317,2013
24.074327501809552,18.270851212439897,1005.2539877742608,301.8817308232864,1.7540181771555887,24.110860975173523,11603.102200352112,1995
24.31644265059053,16.740402884408507,1020.5210645034261,356.1678054459069,1.2546208537842378,142.51166324665033,8755.661641016828,1963
22.21757334321733,14.289819067770729,1018.9662113757072,170.0946091336976,1.5653446451634034,173.86754837985376,25463.503700273846,1976
24.79069757259253,18.55238967345818,1011.5939376885585,349.0525211236562,3.3061508241368958,29.36613724391723,5732.021560716251,1986
9.352199611528485,7.317961409132844,1014.5334847101492,197.0383472435338,1.896982583417016,87.54717273276404,7086.512183093136,2011
20.516962704651007,12.742093695076887,1012.9252796028946,165.4617585139019,2.0828469351056675,37.61185217476424,10011.645679452413,2016
23.206609674583905,19.08269799494326,1022.8628995222347,119.30571530188382,7.111417855749149,-25.895115687535423,3422.652617472404,1963
16.244929581902465,11.958154779977692,1009.0185490550396,236.71975530000196,1.9267410124227937,83.89679285459158,3932.1048824540844,1988
23.9316165890578,18.21177033687572,1013.7300530488786,82.73535138901605,0.9569919695405443,-10.598298262290214,24738.070845715938,1954
20.97764389506939,17.468192501908412,1010.859273345036,37.776318665185556,2.3509393253986377,33.125798979130195,4679.960546863986,1975
30.77737849157745,21.587942586433883,1005.8347979769107,9.805356930317068,2.1544418304149704,86.81842372088775,26435.8564491913,2002
29.865098626074285,21.539473052220227,1023.9581912752749,105.25684057749496,0.0278888168674225,94.00692272698039,14873.14595059094,2012
19.670972154409185,15.389734985098663,1007.0921671044879,142.47749958013375,1.2597037267073559,120.5380571399721,1724.1146899622568,1960
21.245811442166524,13.422345841916462,1014.1006459374389,198.7476106612492,2.7166083567068107,37.958075592101096,13771.80536692407,1982
21.630262171958037,15.249286846062628,1004.2964969680983,105.38993706732231,1.3824638625272216,139.67111112772514,13663.452181128665,1990
19.741702619201888,14.07028900674362,1011.0046473037845,354.26144605874805,3.024814208750693,59.02178448506744,12368.752463365552,1989
22.975124920140633,14.170470340731654,1015.1098441071673,105.02826056682034,1.1988900273864174,17.90380388999243,7031.274575880004,1995
18.20858965556205,17.381286336241192,1008.8763301024882,158.75113984070714,8.187281336495484,93.0463076709329,3165.0766256720963,1953
16.346923325312368,8.628259440733853,1015.9340092536783,37.17941959148412,0.6931425713333637,145.4759919662139,31138.88896718554,1960
25.113556119501343,14.983281476276623,1011.6547945405596,93.82554480134723,0.19329188099245614,57.93644779166728,7320.401178628694,1976
25.147647921109055,20.231806696183494,1018.8004125619931,17.399570324036794,1.124279244293971,32.990600050448585,3349.59204457445,1957
17.978421201700037,14.01142734278311,1019.8088045667012,201.42310803743808,1.5605019594542107,31.390556326491037,12803.43388363316,1970
26.476777153812996,16.48181437270754,1010.0662761963499,270.3832859276754,0.8587792564377766,0.8311818229116739,3855.3613972422136,1954
18.842111354173344,14.404055978124726,1013.3836642969648,70.45553316098446,0.5548857715748446,73.23215419899354,3136.6604805499433,2011
23.265826190189905,19.221779223127555,1013.9172711323612,132.44793761378548,2.229841247520073,-0.7465117636619709,5566.531276185078,1981
26.10172006306228,18.21067792894962,1016.0967464771735,5.981841621777804,0.9468191653913117,114.20389788780548,4165.54432226783,2007
21.831937176481436,20.480001823686166,1013.0719099812213,302.22794005999634,1.9959157156970926,60.14266606337168,3254.3822380578304,1976
24.273704560705674,13.543469570757898,1013.9510547967142,280.78686897540103,3.01983185312622,113.59795631776196,18149.744496421445,1975
19.417851780562142,14.980143154111703,1011.7829676260244,22.771451114745254,2.862605443845769,49.42432146320196,7231.286117259735,1989
21.017667082859514,17.045423630443665,1013.5761993348601,131.35233935534808,0.9409972975295785,95.89363508473043,28347.098139330894,1978
20.970702845598296,16.462179795129302,1019.4897009676756,343.9031809858184,1.6781882746980998,21.50649280602981,3447.7961964208093,1956
18.267108267298806,12.378264333817867,1016.2304162060593,141.12974018843173,1.1944315672936516,73.08355944839964,1440.0584216878801,1970
21.11612918442109,14.200407465072463,1016.5062781972168,189.43512362064578,4.092868688215248,31.963799825485587,9402.87101967352,2016
14.256908505681267,10.8681262961514,1016.6153516206779,127.88742996372787,4.219941376210108,82.96982123388582,51843.19296437617,1959
19.544231264289476,15.31247085830677,1012.2309561105948,214.60729972617426,0.8424012781663689,54.36711441564813,13780.183065682164,2011
20.575622533151645,15.607882645770877,1014.5941352178977,352.136475229256,0.19244357571863646,144.13150515771554,201868.98890885132,1957
20.7191012375231,16.583486647852947,1007.5741316083213,359.100901253231,0.366842282208169,58.68256013824349,11294.364019576236,1953
20.792512770646105,12.517019025318803,1019.3440382815847,278.8973920840288,0.9145752180464781,29.436024044472738,10255.323455816411,1978
21.691179000699357,14.728283342242278,999.0851978382839,145.55199528735815,1.6613729815357543,78.2064331031732,938.8327317999366,1961
24.39720759043032,15.198013449053713,1012.5642580383229,177.99559229843578,2.138808130488525,194.26090343740333,12430.985192162007,2000
26.372585370662613,17.688584207291544,1018.7044798857514,128.42327812042996,0.8050520018944679,140.99131274784065,9591.83754466387,1968
18.751173865758666,15.156263489659676,1006.1806603318533,354.8068667655646,2.2022255422846446,21.30177705382885,5391.4993717465295,1980
15.983995723054278,11.404764847588451,1014.9988995880842,254.79371009714535,5.552871703483708,51.685718990357756,7067.210544967577,1975
16.789777938784486,16.966562883448677,1009.5961677671048,161.61532035606405,2.1111867906895014,25.825620625218015,7569.629678801569,1955
19.563985394025366,14.08160251019719,1011.1559836740556,4.361497239456842,0.3452935680706674,20.074158288864098,6768.744153959282,1978
20.240393410917456,14.28765914880169,1017.7297048031971,187.3740291805974,1.7334251516353485,73.53684156326086,65494.07523639805,1966
18.150019669012714,12.91737960718933,1013.9902846294258,354.21415261258244,1.5613159831115178,46.64801520752421,5592.255494705794,1969
15.519416678750527,9.587974289405496,1002.8282206605782,188.30192723029867,4.091241701775522,-3.838882963497973,9598.03552644528,1991
19.71939586262906,13.687903879085153,1008.117872301342,65.67360677608092,0.8624985272094902,29.014076162450692,5410.511511403349,1996
22.907133100569858,18.29056922462219,1017.8766786744438,7.953748957718947,1.0996375071664721,75.43210368165091,17737.40892128574,2019
24.975147329177823,17.71054446668002,1015.244713590965,127.69335292471527,1.8258879544533169,55.73792867100015,9669.807680357948,1951
19.212884734458395,11.862099854353934,1021.7406778626214,330.5621000507785,1.4864626724672823,59.81557012145699,6124.726778520679,1986
19.93501088928283,12.10433838154071,1021.4132379700665,358.75947894331716,2.538919318194044,29.2485557651856,1180.899900196927,1968
17.366508455763448,11.256152135702726,1011.2887743492661,340.332470932321,0.08245455100536402,78.16476515497654,10335.173145492096,1990
21.842804148126117,15.43768977251004,1025.5161890253473,262.59119757153246,1.6580072071800493,37.999060852674006,5945.701059653674,1965
17.757856829045927,14.817672851284673,1013.1223983492596,200.9313822386359,0.25947011396305825,87.25265031025086,7625.547049607185,2009
24.865639066206,14.724970063611325,1008.1866573279549,212.64701269761073,0.7572831716817706,61.9833846295243,2483.7928671345785,2006
13.070667540329444,8.509814722453097,1009.8318006704471,194.03712327310592,2.167212064902944,-66.7249753270292,33971.66836084985,2013
20.20185163773769,14.42991618528654,1001.716374473553,254.53774977227582,0.3425595657622711,56.131143802460244,19086.626314821493,1954
23.50553669595871,12.786464151912226,1021.0350950412464,150.7943616103269,0.7387731784554904,103.85132741782664,33884.264028178826,1967
22.91917258161252,14.376224241195953,1020.9738099452193,240.9134417840756,2.4280899362919777,49.66172649083626,25513.915821357747,1962
35.46516831990248,23.465840744459364,1007.9224628059334,43.780361384592375,2.104250936185655,106.28574101955839,14651.782833017154,1985
23.749000122839536,15.032359338286676,1011.8605785580904,95.65031036213415,0.1909076525033873,108.44650517439098,2585.6119531188256,1968
16.97972701578995,12.26958800109626,1013.4780377205628,300.9610939711066,1.7220360757095134,135.18781995825663,51194.48877250482,1980
21.522678764554634,14.744755916184648,1008.1982347392894,325.3496150676208,0.31858818016960816,127.74404407995223,3204.671439465829,1972
13.11876833266774,8.072565627665345,1004.2244898436442,194.04296552170788,0.5814303452112672,46.353803220860506,6195.585962344087,1981
21.597001253516197,15.973826130566605,1011.9482119811155,11.388822196655664,1.2294532198728563,101.40676961889105,16430.625495361917,1960
17.834719714996208,15.930453235789845,1011.3946028527038,333.71048548503654,0.23160035805407297,61.201550081443045,17266.79871586869,2015
26.57695137780081,21.882378997944073,1011.0579437950561,252.74313288982313,10.117646173804037,16.600304960005076,14360.500947893612,1954
19.252298627022327,9.631065494790956,1014.1135803130048,149.0500525519299,0.3615324803818441,125.22565565575061,5430.092884978534,1962
21.416170421023768,16.145463662386916,1020.1475982926299,215.41641955181868,3.0402241922487714,132.2639533027134,4416.347926885887,2013
18.822210792977984,12.819500974956911,1011.4845364015414,154.7189403988918,3.5420186410409684,-14.11670043690809,102184.22274946081,1984
30.694256759266658,21.79629041721737,1013.8522149936068,167.52212162353834,10.392955245641065,81.83389668950721,7790.700528825773,1978
20.39378616941044,13.47908425150221,1016.6343526187247,319.2515516373846,1.119517858842292,143.13665048542225,6892.772069322276,1972
31.16278521739601,22.04912691195161,1015.7707146325638,57.99032889016016,4.144447626754751,114.36960745282234,3969.6908894931844,1965
26.070758810591332,18.552345959557968,1009.9278823777607,37.32088877360524,6.31835922151188,36.056021234472674,10349.260522824532,1975
24.41033363667693,15.929330030976004,1013.4818856155701,0.9823480246856686,0.37964518646286144,142.89404413031681,9877.579793656718,1952
23.8436657365876,14.897830919960956,1015.7376991008452,113.0401352203656,1.3056852217502755,83.38070967354689,7972.662580158309,1972
23.968986491081257,15.88089917851791,1007.3582433124461,53.06895593439386,0.12377382641138257,140.2099059683373,11869.491490408685,2006
12.36163710327195,9.121664501203895,1019.3176950539826,79.19477824972002,1.93898227689035,49.83908128760657,47265.57472617852,1958
20.60558302924622,15.62190080384088,1020.1579445260705,4.046033759535694,1.7417083545761418,-42.665515188945506,4469.1222054732125,2000
26.225789855921608,20.06475085382542,1009.3860987227775,81.79034928757315,0.45662950959643583,176.70215547291474,8459.824791845977,1982
21.75551408262947,14.240479811706804,1013.9683500917408,119.77616949565461,3.1980126115989314,15.140534072834058,4239.291975829331,1973
14.974050765982124,11.049524670792959,1016.2113912833552,11.364298707557277,0.07596190729372782,24.77617028649172,10880.18322526554,1999
21.73797774711265,17.14158960688545,1010.2719292183563,218.84548474697317,3.2821391616719042,129.1948350787767,4589.518972878169,2001
30.520527581277456,23.695559097182475,1015.4080692284405,204.76812559815286,0.05401342299209699,214.22507710068152,4791.299790310853,1987
28.234458577673596,19.646455296108474,1013.8162781314609,34.932880263573026,2.1390517326773835,87.12209775697546,1882.7271679593664,1993
21.689979953169843,14.741122517339663,1005.660409111806,214.20351990662436,0.164090035400223,85.71833416554858,8935.566096878023,2005
26.757246385290433,19.112320937376087,1015.2958065798928,359.51541069919597,0.5786348693554194,25.29251552817268,12453.657351243275,2015
20.16746489815974,11.817810482917004,1007.4992879186448,340.0088230121546,2.559645041469634,53.37857202173766,52076.87926772053,1994
13.480642065866405,9.049230424035466,1017.6960142583102,0.9615576123587877,0.6581328935596927,96.0494663303069,12958.438560305018,2001
17.377670059352226,13.653541838492817,1009.6439446243305,286.33619207892946,1.4314967431384944,74.87228713882753,5168.386742319593,1950
29.81444384254099,22.154004948666092,1012.1935728316943,127.29789944513495,4.936058228576634,181.17449734979095,2080.411339074253,2013
20.63003459085348,13.900489004869657,1019.8613945672329,22.914493320465873,0.10181695590216314,-1.4451099414857111,2389.1979297026423,1957
20.78308010312491,14.98359247436177,1015.4819082326442,106.5539569378349,3.3328610842940662,-6.0422422867333125,2218.023272748189,1992
20.500809018625596,12.701265632456542,1007.6026304021273,115.82514587266643,0.13499939915028825,38.2191520655596,52999.72667520625,1957
31.520682947865033,23.47146235995557,1007.9254171460046,188.36792615126046,0.2711694999821352,72.75777084536648,10805.499504927542,1978
30.129794576810315,20.935213331494275,1010.0034860568813,237.99015621678768,0.25411985023246925,147.94668365332384,4523.465943928497,1962
33.093901167240666,22.61382791367619,1014.9732204167833,269.6600203950269,10.266379975674536,90.35674356852115,3103.048811810011,1950
21.204773947999744,14.119894091413048,1014.7914990746639,88.525095322776,0.39735636647781863,9.326545167795736,3442.289769513311,1978
23.478122443735476,16.308897976815118,1008.7844884766856,115.83740528945891,4.541433574880589,93.99767421292898,4405.903413305341,1999
14.416787252896045,9.195995787163314,1007.1639525719282,111.01741446950467,9.406043031804327,8.83391647417944,30219.87852879104,1986
29.384672130591373,21.885556563419087,1014.4079170254291,130.58527252351553,0.9683179555855753,45.20432828159417,7864.046327866766,1950
16.161102243660324,10.522204474529865,1012.0906996710492,359.87627122428194,1.9941803957478266,100.14197398035898,1905.5645259188207,2018
23.083877818813146,19.344642665223965,1023.7860794372386,280.0595890178733,3.0200111513878727,147.08866473713996,81671.4095038982,1997
16.51348736183578,14.489862160247807,1013.1830182828154,350.99656749673096,0.9972839002526683,100.58771955846271,2591.102813106335,2004
19.05566586630652,11.555879126705554,1022.0712641385014,249.51998143694058,0.35303082741918285,15.173088953766715,4488.010066028003,2015
17.8136878447515,12.608990030184609,1007.1480820094783,146.25745259302235,1.13748421606415,27.080989033259698,30035.773121350994,2012
18.96062369662091,11.971123344962248,1005.1339353021915,140.30790610571097,2.9558339726631657,89.19014882247613,12272.909499373534,1971
19.304386484255108,12.859775412601351,1007.3995743373723,175.88921219101624,3.035201720726583,100.95677558634499,5064.835814066244,1960
19.258656025374613,17.485914153051823,1018.9456489072674,150.07312201119746,0.5241294783037295,52.467359975466245,2365.2359748697736,1978
26.166669558901535,17.701525856999474,1021.7805079484676,298.19744859338846,0.38466048979491746,147.71275216739053,3081.925648247583,1952
16.4756860346874,12.253432298436037,1009.0891027302368,167.40072468960943,5.065524194810992,-50.79710434556253,3273.136180653336,1994
23.102707135069334,17.254537582565092,1010.6971698512023,106.42116967590455,0.08999270374181065,49.914820843070814,8160.263979383628,1952
28.089795761527792,17.661598288102972,1007.1550954489375,278.94969673079464,2.654078111480704,198.15265613743952,9809.060881875872,2017
19.43401817743302,11.893621775384705,1003.9418007644081,307.59134737730204,0.09506681787262519,62.93869236169087,6983.778428077775,1963
18.41040554626199,10.475239139567154,1016.5920584888831,151.3544242105625,3.63908432800718,30.96326412224721,7791.48060846103,2014
20.847376874098746,12.821222344073568,1014.1151015148108,240.41108588599153,4.716508808724447,87.3485988005873,2833.525017637324,2006
27.89862604180355,13.828978010628118,1013.0524399133694,21.16963219978971,0.7059895174963149,42.480890039251804,10863.198879344784,1964
22.97053815476679,17.168541509924008,1005.999717314183,190.607346709728,0.15362309461784146,-42.05321867684121,29158.99256023522,2009
19.343928526962006,17.649137651385544,1021.1997834091433,16.1932095883829,1.3104875013924062,212.3738887298026,6885.742980384351,2003
24.419383255940197,17.389209757231193,1010.4832163097526,10.508702578008506,0.7089633781786632,39.586868464836094,6752.805273270447,1951
16.488539250817883,8.709439756891303,1015.6681321240824,220.65294618818606,1.0796032820350379,59.519987222730094,8804.348728121206,2013
25.40679755221474,16.499205520750422,1005.7271929737764,109.20073766219537,2.187162651355893,92.93558784902372,24790.228930017594,1977
24.043036538508836,15.912371886906191,1012.0473740518999,267.31337848396754,0.4710043002067317,98.57694917443827,3311.8989360481546,2016
20.46095764430558,12.287500796587153,1014.4568722811929,322.5897218277332,0.8830704760143123,31.10305490695562,34573.65779686438,1952
17.807071007763845,14.185314982225005,1014.6353760902665,50.18082254292625,3.051687562851526,-72.51786771355617,12347.664803434922,2002
17.566595388582712,13.917136860758566,1013.7732427161832,260.8282218884126,2.0643121833781977,25.222211054416753,8338.85083006569,1975
24.674086681729552,14.960957089575366,1015.4726124602439,185.22719938380357,0.7898679844150069,85.45707222315077,27261.72101666464,1953
28.14490251244531,21.151593847606733,1007.3473977198352,40.36293005857159,2.1830842838841202,98.88773065028775,2484.7763292348695,1965
18.813461264856024,16.223048212553746,1013.9868630271983,234.5733383330609,2.8990044779235644,138.7677990407687,13657.51961184039,2003
24.29193351775742,20.809469872889313,1013.5687884174014,219.4080491183302,1.7953579255245715,68.82320400468302,12460.383427077462,1965
11.564864906989657,13.825829481064684,1014.1583634209753,185.63107226428173,0.5475500045395563,49.33764864099942,3179.708915588873,1980
19.076911346714002,11.549852643813406,1013.3617260865959,333.5296336414769,0.0004906412012622213,24.568497623026595,12844.077934345725,1951
21.84470533564549,20.939734587742247,1006.633936130433,187.58869059744595,3.2475717781265767,42.77570570621373,10756.926798309876,1994
17.45158291509083,11.507695263546005,1006.4110012394551,356.58544156207654,3.4590747551926704,153.66178291178207,6776.810756096196,2003
17.31746812605202,10.937296777475385,1001.9286590705773,183.32237298531996,2.3920390407018335,17.83053585169027,19202.91856831913,2008
18.66110221765557,13.71691630211459,1017.0876725492265,41.70673378849233,0.15934423733008263,38.57177161477178,4574.468278343788,2008
23.460963641631867,15.258551880956283,1017.138287548676,169.36965038701095,1.760025069606614,131.26090753311158,10618.162379127582,1971
21.063354907968126,15.54243671687074,1017.2177514561106,65.63835451982565,3.440969923548448,163.6720250842683,7103.381502053291,1983
10.808843833375139,4.926036307887993,1014.5339498123072,214.9680546782738,0.9875054641177374,70.34459224892615,4382.186926246199,2005
11.396499236824669,7.500044261650398,1002.3344039114095,249.52758306969642,0.4412951732052855,76.65413587305608,13398.321074196498,1983
18.965674110714126,15.847136346223246,1007.8664475410736,168.63670033455372,1.7716554404144975,0.3737403892328075,6583.1211624345115,1975
24.28843293026776,16.88778046832512,1013.8520770879655,35.17306836593336,3.5009275203626045,102.83271505443757,1857.5125654700373,1994
8.262475786373827,6.066924623941444,1013.6775900139589,168.71090349007906,0.10020896830416542,10.583876832296593,1338.0035518512752,1970
19.501349119241848,14.601461592903915,1011.8862589342399,29.323517304384144,1.8173953502647544,87.02913077874746,17837.48584234816,1992
19.368760717412894,15.899455760824345,1014.8445860145413,245.56534398235223,2.061012874834945,48.53274885527137,2390.8396298062426,1988
28.94168889104224,16.9487327993507,1013.0582585384262,284.5325609514315,1.8444518172244213,66.61219373728653,10714.834834829704,1962
20.074890941435683,15.221471762679847,1013.6038523277568,346.45691780173405,2.099836739614781,-8.324811932897376,8560.825433449983,1991
23.914944923704642,16.204183168109722,1009.8046733358399,53.56875856624431,1.9959524926213439,71.83200029464074,5605.30204770375,1994
22.706285700437316,16.227675780929797,1017.910054930608,191.6713207919895,0.2794528214676327,85.56084921517883,57335.11012590195,2000
11.347167600963997,10.06291766019955,1010.8461419565981,204.3134523127507,0.5355936081184979,-65.9545667906917,9697.990891595626,1966
25.841036083158688,15.700351955387394,1006.3467545848969,332.0915521611527,1.9298803396592739,50.22902209417257,17251.13957647906,2012
23.07698252728144,14.128598886210828,1009.1450049359064,225.81959061474512,0.035703112466572255,63.54985709072107,10773.19318796879,1956
24.54134319837295,13.30808031943345,1011.25766904319,52.38347243231559,2.014316443092102,104.18367447162764,6428.2690175906055,2004
41.63118853218163,28.043514088999586,1017.9700139418443,157.08647662674812,2.189559028990289,109.91167372826955,7949.873135831913,1953
11.579435302507058,10.766469400512573,1012.788660007826,235.71451026225017,0.5467031850295943,72.0355142795861,34840.743308669626,1980
30.62348324880554,21.195263897216936,1012.0692589051718,252.10239554494706,1.8232673344721488,113.40144478767212,24055.17171643359,2005
20.56276240299822,11.71368389078918,1006.7566828761869,310.7066394926065,1.5275258537799559,116.41629571737958,57067.2931289648,1953
23.436644522015047,15.434293676260438,1016.9274129491479,64.98256314398297,0.6040801085108968,48.640247300566955,10113.65826719489,1989
21.77243877349379,12.264983734464407,1009.7402392298831,342.5551728319794,1.2434175812503891,53.067962897549684,3371.3311127292855,1996
19.878818333009782,11.664800629644525,1012.4998607052934,21.29018832561321,4.807564782918599,89.60526297806106,5215.984101832002,1999
19.15083535880621,14.183222571691772,1020.4009153844094,354.15436844480473,1.1123531492402179,11.561083266586188,2470.613571286912,1972
23.647543677865045,14.205533921893474,1015.5438166552465,308.79615343190704,1.98766243686203,71.45844724387977,17449.11358423468,2000
14.414131516641604,12.315160672055725,1004.8587297614241,237.69820179438165,0.07198157772317788,95.65695353345029,4510.140946133754,1987
25.75289583760883,17.884786504665506,1004.1524488182376,264.59838009519177,0.16198656418376936,52.10329106339486,381.717976176097,1958
19.91902797557373,14.114508990790661,1012.6784477494037,26.169122130766716,0.16960887898098312,86.73677156407844,95203.85354079556,2010
16.34965330479821,10.88801137814296,1006.9362969256259,14.932750642002857,3.012326012935947,52.86319305260578,4579.7462036000215,1970
19.74993571002093,15.370650674102098,1016.242733738165,36.63568675849159,0.8623564339762035,140.01172770788054,4552.396490585579,1958
28.285746084312866,21.366342034573027,1013.2113153248249,31.4495332790896,0.5165357221436224,101.54055273756435,43114.37265001022,1974
19.323324564918885,14.196435899267563,1013.8269238451193,197.05724404899664,2.7512989862089734,88.49635262061018,2420.5463283842882,1985
23.7922680910481,17.784165875548965,1009.4662840917882,77.5598353602441,0.37256292389379814,70.24280611486253,25250.617416247373,1992
18.345218621422635,12.417473695154992,1021.7069182764335,309.67402939442155,0.5660326813729312,33.097369645016045,4503.263146232219,1977
25.7896092496181,19.137132488550765,1027.2129686400524,160.469504304506,1.1275087315385508,92.18292494927624,2156.419648830302,2013
25.42753869395102,17.1235215348181,1011.6070763812164,250.38377152497895,0.8052524900354987,56.52962515421882,44610.19776798074,1994
31.243044166482058,21.87459416086224,1014.765196242075,235.03431346925754,1.7608445849257388,152.9050572684389,20396.058432328762,2005
21.122180272503922,14.23623869202015,1013.4870867153215,115.14709401469563,0.8244979906756967,126.61308803013411,20333.010646457155,1997
25.343274023789533,16.82585473801428,1011.7015656827947,87.54032646926245,0.9982936275274933,88.51266892239917,11703.644251662165,1957
22.490337697694724,14.365012792942725,1008.839647661336,123.28426270678867,3.9738940369573905,52.76422140223055,14751.523330475098,1963
28.47935890931507,20.87093144423832,1007.5751600625977,286.7970145859415,4.317513981292254,106.09222907066615,2363.3655798042246,1964
18.40583806195635,15.505298468996369,1007.3220136723723,211.05966543106265,3.517166174284116,-3.643450553930741,9059.87731219188,1988
25.725026564386404,20.3497225384096,1015.0262001277457,91.27391850690313,4.002457867488457,47.41864020105398,3201.0590896586978,1974
21.026513519416593,12.205428791700744,1010.4016276089818,294.42471950175485,1.6866785355107081,8.6232407706175,2020.4175580453866,2012
21.679059114457512,17.753747482934006,1000.1085357492974,19.71337899971042,2.078234763368655,32.23284763337571,12221.516571445254,2008
22.458762422241865,15.084816692333446,1015.2242911029916,251.70601499650633,1.6291529610286166,44.03332053221679,25800.510451595335,1978
23.261201982133386,17.484307417784553,1012.8086935876793,158.0762900697519,3.0797125464370314,14.588752582783684,5522.749846189434,1952
21.41885478439021,13.180767684978722,1019.7333650070058,263.2645389837198,1.6014669462290172,54.39468650986496,6555.024328715645,1988
23.07356591585263,16.43545596884485,1014.8656119854551,333.8860608876336,0.23548924302768834,65.93450778132964,2596.3174507414537,1971
29.890590287810923,21.550859567261462,1005.6066320184485,270.0122752608854,3.3170475054198376,125.90270334022424,8161.776610114055,1990
26.92724842807609,15.879864315813958,1001.8516167963501,159.10752791209765,2.8591150881476812,93.83244693226277,17327.950496533067,1969
26.34577296248448,19.658575406427516,1009.4026380783104,54.35124534499707,3.4329395956897697,159.46804095825698,17881.603693359728,1968
19.722302369880648,16.497481674593082,1009.8744628965318,290.28635128995614,0.42250274727607956,97.05560693157042,13977.108673638471,1962
17.55379585885838,11.938361209837609,1017.7157960050008,165.85398969169376,0.6338566851969136,174.36289446040428,4365.852849486693,1968
26.776502791188765,21.46388821548816,1012.9556453385521,27.112436444566725,0.7012485645168416,27.48615041225294,4229.6349013296385,2015
26.380233962648973,18.086776786949464,1018.6684424904926,258.85994319967176,1.4188805346460598,133.4497150826047,17951.060505201596,2014
29.36335337875491,22.25351642722167,1006.3758347214869,105.06670772997228,0.28745689069084274,22.424508316649295,18251.434017348143,1952
18.98009687015385,8.848927877205497,1017.8263219219023,17.599762621866684,0.9735078818898378,112.74269703322918,6822.662118072969,1973
20.852256723198266,19.434135264865713,1016.6049457671546,324.990365390668,0.4021726240529082,88.27711051066376,5291.346833931477,1987
13.80257918737283,12.652721921646894,1002.908829442844,173.91639315380763,0.6151239849189738,38.93093549134642,26036.302507621444,1951
20.037644469695636,13.457100120279586,1019.6130892063038,101.14597914228776,2.4509897330040937,72.42408584058752,5653.620046627569,2005
26.982852552897235,14.943818733740425,1013.4672924588317,257.89916083856815,3.8594400273687794,61.98266806388125,17084.590989558306,1986
19.66752310385901,14.343322909312285,1014.9602225193426,318.92485596572294,0.04634456428145767,37.30624837444094,7066.7560828250425,1953
25.20239897600412,14.753828189055369,1008.6755194378579,0.11054701215197582,1.6689467228699781,100.84597243728611,2842.5795721778836,1993
21.047484470010943,15.622946204122634,1019.3762350646099,247.62678661517535,0.07345196026763012,-10.378905538093022,40632.03768792927,1994
23.620285141107804,17.357331037104025,1007.0707383538056,276.1242098466317,0.17820729946733477,92.32741571380572,9136.785399360306,1996
16.261543050921663,9.500273797641114,1017.1604600918697,75.57387382061748,2.442129652644383,45.15869085898848,3980.871404278298,1975
22.426047248169507,17.94016712094741,1017.1030373795434,176.26457930766279,2.6606456629350195,59.30631112877499,2016.6526909489303,1958
7.044320145496384,6.542173507459815,1008.1291628591389,32.14292361045689,3.3638094059876784,-4.680201949764442,2230.5404776853825,1997
21.065519209190075,16.69751012101018,1022.9168679971128,268.82995770552515,1.285826639074739,80.91578900577619,5580.806594449024,1980
13.8476337814243,9.7110590543348,1014.1576424010876,305.0841666828069,3.9294773450805653,98.14475283172028,55555.00463970285,2004
28.02997258273408,16.78993267408644,1016.2694630513552,38.94719663687781,0.3650550559490223,204.34971573533636,4515.802185722372,1950
25.887036763822557,20.076670279098064,1005.3643960233212,293.92569123582047,0.5746080575319419,141.35382852997554,34456.56527641282,2008
24.333354909830405,16.4926056386097,1023.5886500150428,277.7652613744321,0.2889007714229901,122.53052347040423,7109.849330739818,1960
29.6050311357969,17.94396150867249,1006.8772152988746,124.88879533352302,3.1943988244792267,58.54294150973797,2487.0426899574363,1951
17.255417395875813,14.782870909061721,1018.1244321638296,248.50423077608997,0.5192912344853583,25.328452995495837,5048.209028522173,1995
30.736815989577792,25.714586233709472,1008.0261414103416,0.017324601952228846,0.3380477114795374,105.06662263256158,2250.7349273943573,1950
26.660957821301924,18.580174216952937,1009.9050559857616,335.4471556077595,1.9516074713453468,104.91486782092109,3442.76961832203,2019
20.81722356390527,18.89029880394027,1016.9437702194273,198.13796471101423,0.16042983544980022,43.09746825289025,3341.7568080623128,2015
27.67810073591472,19.557299972363005,1018.1377635683758,223.3219910623198,0.09187904438799507,152.11428610659019,1207.3656694653237,1951
16.46853243794183,10.767060898226577,1006.6435787544295,239.2773888740755,0.22570513009799598,18.074335389720844,36783.184206570346,2018
17.87742919236163,11.253283526282186,1018.4523608452849,202.09284619861202,0.0004818260087503583,-3.912428950600095,10006.76887230935,1962
18.9570513838015,16.544100784646535,1018.224902475666,308.4349995142067,2.38797995936636,115.57020112424735,4079.466888925831,1968
19.355111459679925,11.988290259000404,1008.3102329557755,219.49265957455583,1.652147554344235,72.27912198134943,10114.828014413222,1996
16.717211786198735,13.17258687028909,1020.9932379679556,326.79359684657015,0.4711285123805671,42.741420440468715,3514.032812517883,1950
28.115415335476627,18.562463064715217,1005.7157118587598,209.6393840042432,0.5305498574293858,23.43836829848088,560.5609812992379,1967
20.70572799815084,13.573396073556863,1009.876137086112,61.60407191300398,3.3316842641239814,130.62560698326212,155856.60008039093,1981
23.762524841784398,18.69426677718821,1015.3950131204599,328.88252010214904,1.3935881080946302,199.55125113585228,9794.731094684246,1960
19.148243167931597,12.643696524973409,1008.732168576487,245.38589940951962,2.398158641154586,87.05418255987038,4496.195890993609,1969
12.896983497257414,8.218297689239602,1014.3190954283967,251.72603799680022,1.2057190076875808,10.442203352907804,1171.552637116474,1957
23.35028679195711,18.61081014871959,1014.2053803940165,354.7734302057766,0.542877494305938,87.71913725861397,1818.650833427684,1987
12.438725122901115,11.901902172474026,1012.0646286503865,27.070759515448497,7.040151079588856,75.144795049403,42382.547018442514,1955
21.656829769572656,16.449160445269325,1017.1620026929528,154.29333855426168,1.6677980169471747,101.64134997635011,36385.970328747055,1951
15.158424805835947,9.301357812837265,1011.8581960367118,86.07434147518147,0.28078265946186654,5.796437842656218,17209.469024504946,2004
31.93637999615404,21.33424899871267,1014.157705344069,226.95352729691658,1.0420551145560595,81.28940407632498,2656.9203332556776,1952
26.556813610873608,18.749600055091598,1018.7323593874395,290.4522061493059,0.7989782357617388,48.865999395777834,36679.52542280059,2015
22.528768956357403,16.411998393301495,1016.9534310501292,347.87185520126854,0.48181955187373454,93.05365655097697,12705.403036817639,1975
28.318533388273345,17.847241551511793,1016.930086454071,163.65459850369922,5.419302641628883,87.54421729942135,15598.412860519973,1997
17.768420112671322,13.883969958029653,1007.2541019889161,283.0385630313375,4.255919409413708,118.38040970007759,12659.598035494168,1957
24.717396893350465,17.473204484624524,1015.6239628775066,330.1385731345366,0.44415602970003315,88.8232166365664,1795.453320673074,2016
22.99905216859357,12.66791988073924,1008.6075060451525,245.9971557129185,0.8681856650559894,104.38906401432406,2445.0944945823917,2018
23.32010040666835,14.466217319746383,1006.5929251011098,87.38371888191763,2.8736213184382695,61.34984741177521,4864.804620519858,1979
28.36176750053384,18.84497990307036,1012.6414682685752,218.8274943988049,0.4676660821100717,3.1493224859472804,15423.378281621905,1976
25.66246051389901,17.818006982047198,1008.478524066742,349.18273721418717,1.7908443193485366,149.2265646906373,2037.6814935906773,1992
23.443618314125118,20.189090410895574,1016.9530885941999,355.5193783901635,2.4065723610441525,86.97472779095608,6799.834720471618,1954
13.725562818858519,10.08423658548022,1017.0726772984766,231.24953653804013,2.122473047256054,65.65444531398798,6791.251303724651,1969
17.199768523602682,10.358294186724626,1003.4868688178428,319.3155928339161,2.451132822812158,94.31132298521851,17903.288487261478,2001
21.38645533202138,15.411780341029292,1008.8584873021156,72.12577098549701,2.4531158036043563,84.34102071613322,15909.497479064721,1970
22.466861871383255,15.022627815060515,1005.70106664041,88.58829778279804,6.693754776095772,-17.81270112386548,2950.630251076533,1952
16.34898137663038,12.09380344270835,1010.6868536170356,343.0395406385495,0.8508220932779951,36.94740821315652,34430.089971035,1990
34.058383377892106,25.0020037385957,1015.2758783493441,48.68473517813085,4.217171053653614,84.55604471709088,2531.9883224065757,2013
29.581970276267864,23.12584048783538,1011.788559509108,68.79831771365242,0.044096701624139256,73.6081166988076,24154.82523708744,2017
25.010591601962417,17.45884113003364,1010.0512037966644,151.3974956832186,0.6799249381100709,71.59562366002021,4674.395374269219,1973
22.360184306418724,18.930050069692772,1019.5008826340656,212.25034359120613,0.09975865638474253,75.17567363249992,9546.462570918491,2001
20.938955150494238,16.47331393041835,1001.4757141370186,217.3741988285778,2.106535880192327,168.45968221557268,10157.701447999987,1951
17.240407699888824,10.6534063002978,1019.1843594675911,105.11136311960318,0.21247818238821822,79.9060167545932,9874.465292504376,1993
22.387402592594313,20.090893146312947,1010.2785585342226,331.42100326212534,3.7378020062345603,110.82028016554855,15906.755917487162,1990
23.288762700713754,16.95612291703982,1012.6094549494361,329.4359667388306,2.0802623747415074,49.26205260300203,11985.579501524237,2019
15.791197122591878,9.383588977869842,1010.3631833113994,141.14449909885408,0.058477433119292606,127.6133011454065,17741.275090705993,1956
23.670882086224488,19.875443562817985,1020.7144405276956,156.34503699490696,2.508970459514837,85.2475455047016,12895.322921016143,1987
21.223704755876255,19.012148499510268,1006.8451075159737,252.89896205660824,3.961509733776637,68.25225961397867,2288.2548712529906,1994
12.460962210613046,8.656623019990011,1013.0586818486097,238.67852270360427,2.1642243801616066,-47.44974445220863,10612.619326966957,1958
17.69807494610249,11.38135194152055,1015.6371932593,137.62692538594644,0.06199956473597733,89.44902763542996,4610.6775423184135,2002
19.931972332891778,13.607630718116921,1004.9449861605742,149.12793054756122,3.9027236433549892,110.74293339838584,2672.4141585233274,1977
31.43843828670095,23.436370255726064,1008.4005091477692,125.29401963175403,2.6370016336508617,149.9709420944501,6064.213335275533,1968
24.78276562266879,19.903649245929177,1012.2591073325088,84.73860250319083,0.9510820647544352,8.40351062677685,9732.592649466043,2017
15.322592154500546,11.86678916987753,1008.5666748265782,164.9298106526903,0.7968705258916375,99.61747587972309,10401.185073240566,1953
24.430181447088184,17.30457342990527,1008.9220411439043,247.11628748491455,1.3071614443954713,67.51183031116604,23295.715654110612,1962
14.263480055308172,12.980459579324574,1011.2506866846178,267.1080139131455,4.036342976404057,-11.565828823062766,29950.734246068205,1960
27.413455269435367,18.563745742501712,1016.2479066582308,280.39451337214655,0.5808633031500547,200.4378618171546,11342.146337507967,1951
19.64437674091061,15.812902395371239,1011.2864111156093,134.90352484312373,0.21286398172306034,136.94035535215897,13590.229263388555,2019
21.531819056304144,14.496147742710344,1018.3921309723647,275.26895794259053,3.999581175965398,104.22230076040279,8913.382099987597,1961
28.62898323771095,20.902334182419448,1008.0112110867033,2.3458736490750987,0.053283211493953035,120.68896813106983,17452.27800220918,1986
15.56418215707875,10.667802380374221,1006.7403886976327,171.7379775780776,4.838170903755684,126.14494732239996,13187.017987467512,2005
15.014409074435044,10.398381986798908,1022.6317270286057,285.8055840477687,0.7298324613500053,21.535775876295006,7673.375632964129,2001
19.082003368269977,12.602629322864564,1009.7102093616725,226.8160994308872,1.4194586213453657,194.35105440715364,69701.87985217114,1953
27.19189425509658,21.724034040928995,1006.4454399646391,170.66272469562276,0.283808177196016,94.71676194423203,4692.949882611954,1953
14.403269622615786,8.61643665961398,1004.2897302911408,232.0711223782857,4.650785838044171,95.96914742224493,34698.68110490179,1998
7.839222009447152,4.006990901515589,1018.3755172690447,326.500561133519,2.7712789382921557,47.58865990361511,2091.6470016227604,2001
19.744205707955008,18.06293112725872,1011.2934774266997,203.89744821967466,5.158142458538159,16.488486112003933,18280.981505932785,1983
24.7587039995546,19.286787928996883,1011.731451324668,287.9230289256382,2.299152650017213,86.23018160596017,34083.48897488609,1971
28.001308748694147,14.83068872669983,1012.2039914420668,353.0673810810711,0.4083830045062871,164.54478996724544,1203.249303088464,1962
19.684193189573005,12.648417754280295,1018.064714423349,254.004552747204,0.7371104805730055,21.456086579493096,9310.988800424619,2012
19.942866964419988,10.336028199969881,1012.1023508301204,206.39727500006288,1.3343686042602259,133.23206880899815,16571.075938674734,1964
27.769503671278738,17.537271183064604,1024.7202688941632,13.494940965122492,1.8692057882678434,122.41854266402808,10425.016236544241,1989
12.651291501522897,2.5788747185979473,1013.6688028702712,134.81204337165153,5.219836304026729,-28.76848115743578,11827.184542329318,1987
20.057396124084953,13.766198131471581,1018.3089238347916,203.5593840654426,0.9688590584979712,62.57454460595536,9285.628509828048,2004
22.95211944962529,13.78259997641508,1017.0261992895221,286.9943658141717,2.4285313351813818,69.23540523532169,2712.8422734223986,1993
24.24609360642517,17.092076038090497,1012.8177633987098,157.71772427312746,6.488841107492735,32.435296430098965,86512.62120455789,2015
19.450966534045588,10.36543405606686,1010.0651450698977,345.62097927531846,0.3306317060544076,72.56254818941531,4897.4117814683605,2015
22.172205058529208,15.686367247314525,1014.6598196428328,97.84575094452296,3.9713136136166436,3.5816908280724533,12508.469311480556,1992
9.558363232935053,5.861021706813881,1015.5504936560363,268.0441902757139,1.0918905595530208,72.21046026640572,4243.5706273005335,1987
18.70875793833076,16.100036487208722,1010.1370697593674,150.8513101502859,2.636686657923931,17.049087806519914,832.2532736819263,1978
24.267543562772335,19.809994217431885,1013.8316943297533,174.95585804372612,0.6949726881166981,61.896187597333366,3214.6929486610225,2005
17.088529828726603,13.532662086129188,1019.181024891298,288.9007321915585,0.8128838248504116,57.58230875255451,1905.297241599774,1955
22.294921107947985,14.953217214241164,1023.3497386953484,106.63749419461399,0.05501625585246987,151.78909390296735,24138.600996531713,1958
24.23436250401349,20.934814543330027,1017.2718466017471,34.852340374251526,7.108987574658197,18.240653744682632,4416.628865502781,1971
20.287253995711175,11.09500724131818,1022.3137984319014,187.29201046083378,3.3581395678345447,37.24930201517684,4845.998834263662,1995
22.852318854982855,13.189505939360672,1009.8531289439677,190.36606024934954,0.1972508457472382,80.13656697900635,2795.2289249253,1980
17.186337173576938,11.862869821725727,1016.5094112602965,286.9803980011345,15.237300706699266,53.144581486763,8902.036935714692,1970
20.966943601519766,19.184936738906075,1019.6925975429064,348.5949142435566,1.8578635748396222,74.67505741557078,3958.187445329268,1987
25.051080847946114,17.131078779822104,1008.51833333514,19.90824707820542,3.8445834766717084,70.56811414493646,21858.70963171132,2001
22.784864804842172,15.582914876970957,1010.5720494397749,213.00821054751918,0.13797309289505688,89.42699337994085,10960.348123483838,1968
19.067343652180323,10.463319844302607,1021.6895238091762,245.26027091332796,0.9867940378371716,-36.02737375676924,4574.141062930143,1959
23.121082021453965,18.076616585558533,1008.1245057210652,354.8884862694678,2.215211955657657,146.6091974894004,18962.773596341387,1995
25.57304895318309,19.80748677588687,1006.2943498367215,339.3324771396882,0.22506953097685406,77.401003830378,8167.682787003737,2015
11.75029360711261,9.803355927778647,1020.6399078681976,256.4822752963119,1.3423911344646564,171.97490261719614,8279.160933329076,1987
27.795370324779487,18.198317881650915,1018.9838161249022,187.8441880480077,1.1692237680716204,69.69835242018625,1876.8781109800962,2011
20.31872630659464,12.809694877870236,1015.1606012199188,58.14861202773406,0.48679513334893815,115.35771424387931,7547.063809625082,1995
24.12744966620115,14.302970265530863,1012.7714462267709,138.30355987359027,0.7141209960869076,39.95455938103504,11176.23177455161,1984
27.98623461822614,19.758109236280163,1010.8073774719751,210.64403702057555,6.829681328546729,94.84314515073633,30747.58772525719,1992
15.14163151384767,8.438327401136366,1014.4097443690453,261.07214277447133,0.681177155107371,-3.050343815348697,3820.3845730118023,1979
18.452794987862266,10.562123481005008,1020.8990347870077,228.7438406924804,0.4801372869964623,46.3960249658997,79071.56625941745,2012
20.557256520621475,13.54269813061368,1014.1928306307104,257.08420865798684,1.5366432562257146,30.35840848687934,14141.490114641698,1979
18.08123239437786,11.678550325696069,1023.8347963362348,154.49490163868316,2.223139960668021,82.2836981068727,1773.2833797664646,1978
30.674682879184044,20.39632095778492,1008.5102900717989,261.94582460556325,2.5826456487123135,178.70943193608264,3480.0498101042813,2015
17.716139530866037,13.33418686528675,1012.9015962283587,51.746852167098915,2.8068581264858716,83.61199001633395,33556.9463009532,1971
19.222266102565666,13.613681876096525,1011.1347066616804,58.53107223472088,0.0750558757629302,207.37593512508985,28091.691711192067,1984
23.021945158014884,15.539049549588182,1007.5742922841883,58.619572498606615,1.0009599842857126,108.89823852962101,8251.03133287026,1991
15.989252369619557,11.558502515356652,1012.2345813349517,320.7113845328794,2.974069618450246,5.729762564000829,9413.665630983189,1973
20.02159644121868,12.032063426643811,1015.0866465083022,27.37226279110842,4.704645549635889,185.1331702930184,2528.5207483340937,1975
23.587266306250875,16.721643662194968,1015.6211508997601,288.5430141840513,1.8436124451989517,124.7117083181221,30377.05219194382,1980
20.335697978087445,14.536193570350479,1023.8522608947228,84.08552329682537,0.10744902852251101,-1.1378970587616664,3017.6477411826763,1951
21.53306570550026,12.06705227513522,1015.3223373486178,168.63477857829025,1.0105017361147746,67.66193021827767,18858.91661721016,1988
19.353339437758144,15.538725115171424,1018.750684018398,329.74437436764407,0.1542526798703062,108.04186757069422,31320.946459611947,1961
14.427648454096165,8.336486507413325,1013.3304712314949,210.9374026875024,2.76092569645873,72.1889787684936,8502.840424282487,1993
23.607966056696192,16.706195838100204,1021.390278002263,75.6423670436491,0.1312231944899246,117.13520949863687,21324.4880731262,1992
30.77466535823621,23.871089231835885,1024.9922464279402,102.27242171477056,0.41092916539686497,153.68495030624968,51412.65914697246,2016
22.09200815391719,17.31575922316977,1015.6554256548798,331.36078460248285,1.0789935624405775,42.24845537774533,10593.213076251634,1987
23.126320586237746,16.257091187504095,1008.036704922742,153.7718130395922,1.2422051778514849,96.98383522977998,6800.13798974628,2015
25.4636137755843,17.09953163714487,1010.2559748861141,211.3147738824442,1.0433744638062885,92.49343105695098,7579.080327491366,1989
15.653347517266504,12.852367079237686,1014.4096715160258,165.57559078513995,1.2449921833471536,39.02212733994877,3854.559827810827,1971
30.512573290648028,22.70819125907086,1015.2824901762532,136.23771169744185,2.4982133857910926,138.8518188436626,3768.439267266518,2012
23.01164398211401,14.871420747391545,1016.4921256719218,80.38048569566469,0.9217510681741194,81.80002103631669,12612.034596790854,2008
30.159284495445544,19.5217118528085,1015.3009884061502,247.02894017445675,1.58704233993133,155.00565768993016,6877.772939360805,1968
18.33483502238005,8.68967415227404,1013.0349245812797,258.56712945796335,0.7229995797033386,74.08049166108684,11243.76663123236,1969
31.090309612789124,22.07128041231956,1009.8190077939894,98.95863297866381,0.8727586168031668,84.15496907196214,1826.3301505432248,1992
25.875777470173915,17.947648739084944,1015.0056913063212,284.0439034997389,1.9027944272115087,89.65686767625562,7386.292339236265,2007
24.765200429261792,19.608023049768335,1022.2749367874032,307.63267210860465,1.3486298581935392,115.15621579463954,22699.94657835885,2003
23.170122271765738,16.93719577719675,1018.0996430271388,331.44303464626694,2.5677376195052433,76.29371042411726,2646.7181645544165,1989
20.757356909627752,17.198608225084808,1015.673519748181,58.036469010613175,1.6444107312035137,46.97428075362329,8238.111536178221,1976
28.00265829236936,18.207132348826207,1018.1478346191137,109.41252610077589,3.2549398872377515,100.01694976925987,1268.246718603682,1962
22.701799349240236,18.1675602064034,1011.1446798554957,309.7272051013304,1.1718463712981608,144.16305510065632,2196.318827656259,1996
12.164651482064237,7.457423279235655,1010.4586742695834,71.47447301804183,1.3507466308638583,73.2715340659667,18172.42996912169,1972
16.414067691464986,13.045039507610035,1009.2610744781701,1.2486453276583331,2.2171516135561524,68.8126126082669,5947.437340502933,2008
21.070771239036265,11.832023082263998,1012.3735668861528,313.49783169058844,0.5001148657496302,64.09948941330512,50114.86078471131,1956
23.549994915827774,16.95526703981182,1010.8899705164546,117.52179903049297,0.9752911934424551,86.34626716586838,12486.996607397034,1999
21.71705755550052,11.232564405958543,1019.0413737032607,149.21910905002198,1.960811986593292,18.07940362238643,13774.793801752883,2015
28.094853948968318,19.132122792394313,1010.623382911589,160.68024925942967,0.05860278543585427,85.01270730781408,2761.468686876929,1952
12.244490679806876,9.45185146362064,1008.9863914188754,305.37885624020225,1.1488498251614099,64.74895610824512,5513.167622919839,1988
22.717939682525802,14.86062067530587,1022.7128858941531,121.64117205364575,1.8268393960085283,80.92358605159656,3894.6683924439585,1956
12.910103873064227,6.9361974536330235,1010.7431238445932,321.22075890833344,6.84538543863473,17.256356044718448,2792.125074816926,2017
25.798561477420844,19.751229972786458,1013.7676422862518,222.09808969729727,4.191411159947241,22.299407893502924,15738.939224669752,2004
21.527706427789987,14.862468919759143,1015.2566141237171,189.82322065212634,0.6590701769804828,67.0815375477632,19235.558796066856,1957
24.09804986012059,15.88949360802307,1007.3165344053959,117.22122256588648,1.4153447405569413,41.46636182394728,12075.539953505695,1981
17.68058519705117,12.46020148024437,1019.1774188475154,87.73621066122689,0.11613632658852847,56.478220373842355,3540.179838855449,1968
28.397324658288756,25.151465544693306,1016.1855952020561,224.66103939984552,0.5508599795643658,111.85761170425842,11279.362811309797,1961
27.208623320294258,21.353042023769067,1020.7919200594039,160.8818976203674,2.9820289910030766,159.0525555880539,1196.6982659289524,2006
24.917721515059437,19.76755239691729,1009.6038903139095,327.78576357552225,0.2632128069833035,133.28593281495571,30424.676001406744,1959
21.352413765682797,15.817782273962685,1013.4956289623808,176.98993780105792,0.5959780806708738,82.13272393721962,2212.4368284524166,1970
24.899286426475662,17.762471043687256,1013.196778774971,184.24617001242882,5.766325671941216,186.55760628551172,2642.6593470710545,1969
18.465537160063256,8.133711435383447,1014.3194424717501,150.0203812089603,3.4729046080317123,80.36872687646658,9093.291924941963,1953
26.27777829510356,17.036484113646225,1005.7269262571142,284.1346789168626,3.0449404387455594,50.78619342667569,9938.382501897684,1968
30.247404471619603,20.212034303728775,1013.5541818934611,152.94211131933736,3.9984160227369716,88.02836018343721,7534.527498639532,1978
27.35305279989593,15.397352831832084,1005.8676804428812,96.96311990991177,2.7694367000149915,212.6723426526096,2670.1022833136044,2013
18.351987650962954,10.531559775243199,1014.7916703559846,310.3311147456635,0.25699949633862673,25.961965476741582,25168.4874662268,1960
23.807086586365514,12.703287668610592,1002.3567543774074,214.8581596914865,1.453661621558525,59.69666711603233,1501.2461350917295,1982
15.534292281206762,10.797356925449987,1003.7420658285471,212.94367911684063,1.1748515749407853,99.7863721715161,1838.547266255182,1974
24.861951555878377,19.040898030812492,1017.0927435822,219.89599457901355,0.7454680593222847,37.52880427282666,7280.954374854483,1982
24.253017064312694,19.19066098226754,1010.2658077240261,258.78230935404,3.5920219046115993,131.55832595837163,2288.761265637199,1975
12.65091830233918,9.685211735795907,1008.0607096318388,112.70447615252407,1.2477617151256715,100.27642424259582,27518.81623143287,1985
16.19108078043818,9.406963863909587,1019.3542281053777,12.183973499881024,0.12438410206888109,66.96462866715379,2494.3547676678613,1960
20.584305516281166,10.544883544356896,1014.638131086642,291.8135379157235,0.6430723090469945,151.10708828538102,38446.66181119967,1979
20.495701264295867,10.833253486204102,1017.360450977669,46.40581939738947,0.5191510640745004,55.331507667532186,22813.828991088554,2006
15.952615322905974,8.628865571525184,1012.1687896383959,259.8551053957959,4.369228768765929,101.06905587337752,27863.022644479308,1959
23.94489364676092,14.983706156661293,1026.3981434695,29.63350738343835,2.08505814224351,-35.82374265777058,53482.2971082464,1974
23.25736804470256,15.960660635308617,1009.977430697201,135.11082313025716,1.643672135301873,105.57621549662673,8788.751323431117,2017
21.028654340107405,12.691729601821246,1021.7224777467994,22.689385139353767,1.4130697611886225,131.69174950613916,2942.531087810931,2006
18.221042499208185,13.432681536782251,1012.6931697995004,187.99692466598086,2.1002902249728823,99.14353479438634,7309.953007724922,1983
27.243535632082818,18.605927936859025,1004.7274480254363,235.12887820136703,2.811978450146834,67.5139719016065,4597.805459369461,2003
30.277035565441476,21.215016319291085,1015.4142437287405,61.71593082414779,1.616598536635666,22.224608681664378,3987.057333890559,2000
19.582192580767316,15.98803591187953,1014.5738128072758,133.78594263782475,5.570469985481812,125.10886837532306,9422.478438193237,1955
18.939165414225897,10.896952321557388,1007.7433909288038,334.8862167754993,7.530153917829498,15.653863721514142,5933.06241272118,2008
24.456038327059982,17.956635985526724,1008.3889036143264,159.26008215868444,10.738474161619447,42.6557986799322,3819.1773143953287,2003
20.209853101265068,14.1189507139334,1012.8765117845751,288.9156848315604,2.2136384074455293,53.644439098130164,6339.768974491828,1966
21.30301399668383,14.24513723573929,1014.7487390762399,333.78650822167526,5.3948279364893565,103.53061364062381,14030.354838721103,1975
25.698265758623357,19.759298672768267,1000.646683585603,350.76449699182314,1.0366395877761174,149.06943895524972,21087.109457601535,1958
12.453219562463536,10.47528200283849,1018.265607262619,323.39592708889296,3.9264111909282873,144.60634302713962,1631.2079399648687,1951
28.591511624263347,18.121076545007487,1010.5275101309251,114.26591849722888,4.797625959798476,101.88530750946313,5983.727100021577,1969
22.363402621646706,15.290060667436844,1006.3412625780092,346.52623901802946,4.6897428251526545,91.55424115307582,7035.026908763291,1955
19.9425342771891,14.522197359200499,1017.7053327572596,292.4622870285769,3.5538948177529055,86.50626494515616,2483.638690521623,2004
21.553829228892756,14.541666964179758,1012.8819101029077,301.3832101102156,1.0437703166419423,46.08691126796626,7188.905882051455,1997
21.812146775102594,16.438545407147412,1019.0808288839113,5.462274301860517,0.34610723104880203,106.15303127004053,9395.589063286954,2007
13.343993482775373,9.903179473763313,1015.1897613148988,343.5259907945857,0.812800159148931,15.17135590310414,13613.735772156066,1991
29.47469113726618,24.297406276798352,1012.9924274852598,280.1124805855467,2.915912175653184,157.56029693597952,8753.05468803282,1970
22.20662816135309,12.484081441087588,1012.2363502750992,276.468298742844,0.5302384412111983,26.380916883550263,3357.831272680641,1955
24.215010652236877,16.705635477071016,1015.4135638027807,29.34890313429105,1.3012180479089608,130.934226868795,60598.77925647076,1979
26.757748852870215,16.913419173984767,1010.9323437059534,83.72467478639925,1.666656204118692,135.97926246615444,18566.734145006045,1972
16.894187712198498,13.034146309417036,1008.7371370562676,346.41419944964366,1.851967931870342,-19.600161556228308,14082.944646198717,1985
24.367359495176142,13.82280786653221,1016.0495456132733,180.24374692997148,5.4891861152508135,101.82886086166354,22133.138786936404,1952
20.661794545506034,15.155881602303994,1012.2775607927779,143.22888656541218,2.1664211353646263,148.51484300038317,10348.627402784217,1983
26.233853876082467,17.103600850561044,1013.1678382403451,302.3786941728889,3.0863531531136186,102.01776780924692,29328.085504221366,1979
11.363862898242523,6.486380296527737,1018.446899180773,31.44254908101996,1.7439657100948296,40.98554190724691,8577.278493667374,1991
21.504528498793654,12.160173542074181,1012.4306169613213,150.09912585758136,3.586484963038319,48.0792768512044,8117.256123905865,1970
18.98589672108019,12.35997581235412,1013.075169627709,135.2522787919501,0.6121364344161518,93.5066199030647,15294.19278494553,1953
24.161314753170778,19.081921387801394,1010.0017524427453,125.94649933094139,0.47113499903919637,67.36865556753281,39197.08051280719,1998
24.350220936841012,16.994777288729747,1015.1536996699092,110.76920771510632,5.216049097576844,108.16524157104318,36755.700758438674,1997
18.461870525889868,14.178670203871855,1014.7491395634005,75.62698444442809,2.364950263876996,100.46892125979478,14659.55467729557,2000
18.43913067911978,16.236675119316395,1017.5038756589528,62.24788907658799,2.226592608471045,80.29130982135018,13583.510305975504,1973
21.446673157213354,15.540182379694498,1010.1043558149656,230.54620209108268,1.2595758538267539,128.98873362847303,16253.15643576913,1995
17.516788863423958,11.144153060272089,1010.7109151520491,330.98214283512425,0.9454458761730601,81.78380580969153,21712.011534762438,1976
26.209918477260636,19.281447364448024,1016.9606869957273,183.18659228995733,1.6224709007449436,71.89934219605205,29694.9399853753,2000
20.15396399776277,13.019182505805354,1014.2610650168143,107.27083884479194,0.2569543151678681,-20.87818109248188,6395.922238175299,1969
7.4650589033917925,4.216695865779916,1008.4689093690365,57.29767118000148,1.2128844249888664,6.568423955622997,30274.507169883684,1967
20.12588971689097,11.048337202585708,1019.5327703386725,298.85161141893394,1.2152887982305598,62.11255270594023,11418.556955616154,1957
16.80728089578014,13.617611609214881,1004.5077471579988,349.73714033035697,1.5458380725928416,88.29597933809154,15536.255289165407,1976
13.843620922695273,8.91852949458781,1016.9214237663188,125.69594452842666,2.0139939312621578,-41.604847514478315,32271.80834813361,1963
15.812866808887138,11.43320325785272,1006.673939820009,104.7421531987664,6.3079731360550255,-32.245806650679285,17103.907926437198,1967
22.547042359164852,13.711005794202116,1022.4289425824277,216.53746307097887,2.1120778294655547,-21.028729925182134,20251.73125901979,2014
28.643204141241156,20.922138158299756,1005.2770013654718,279.1184331432333,4.3035970214358175,93.63918650407933,5489.439676450848,1980
23.5659223693249,14.97226318225726,1018.7612532593638,163.94500927787917,1.625230647036182,17.727943690068187,36254.23727330245,1969
18.9674830589213,12.993820697841262,1012.5918281999437,226.8263339499417,1.9719670677293388,84.2787806074657,16247.376215767103,2019
24.279520975853515,18.75131674557571,1011.1669871508063,257.9576644883851,0.14479077792886985,63.12507032509701,9191.787651735845,1994
19.70454844890504,15.374702538698585,1013.9269832823388,345.81322362822453,0.2860410542347607,-5.121911488588694,24369.177289361072,1950
18.526998154184277,12.924838562895111,1016.1595016957891,59.41343898723002,1.733432394605071,126.48884167389382,107778.17920948526,1968
16.228186658835078,7.823468595771116,1008.4779974883456,359.057697777133,1.007411626281636,51.93818372009457,2517.6356304045285,1988
13.240855966241405,15.254220316490265,1008.9210613741571,141.17639588684236,3.207016255474638,102.64490042816689,3627.3853449469025,1976
20.050381467202772,17.526984967588213,1016.2480243255644,260.35205138155936,1.566922373548512,81.11052813575456,118812.9051043965,2005
22.79026744960066,17.398536864497057,1004.463285231752,206.06917607027898,4.279080265921935,158.04281731852146,12415.42390949259,1965
21.51688164992555,13.555409591765944,1010.0788545340396,175.20070212318245,7.1749342940529885,107.50808260614507,9807.176363213088,1956
19.92016536026321,13.716931428780317,1028.2034347707972,251.30713274337114,0.3194813146427212,0.9520165523745163,7220.029071034484,1969
17.271269696516093,11.00304792800823,1008.1599351770536,142.47138608049423,1.004484306931401,34.67079818711849,27131.101373345053,1980
25.041230958424844,20.056573549090164,1018.7390139587988,45.399593281250304,2.187136215361222,65.21347148311868,110331.78240171882,1974
15.414340400267076,11.31504406189062,1010.0702461564309,176.0016179236463,0.7290938519811762,-56.509551588305456,4166.4159435619695,1950
25.880139569217377,16.547769981732497,1015.5452257239857,187.8897134456347,0.6213073900295438,133.84207165104056,7354.909091107892,1966
16.988914905366375,10.950730235506898,1016.271778452981,72.68477522397812,3.361208008332154,80.57327207361703,5705.996232093718,1976
18.237823813234826,15.008852954404187,1018.6447836759147,336.8229682783166,7.86225559652666,138.35946724602329,16862.794696738947,1973
14.666074046921615,13.466447526486087,1011.9987308659361,81.89123279266485,2.97270088481784,-29.461159394858818,27512.437046405783,2011
19.492989265571815,16.70175561287276,1022.9444231937742,147.32193387027516,1.4833165831139483,13.201333167407476,40983.82621649027,2001
26.876562292389895,20.32765773478088,1010.0533171770741,55.774687264100386,1.1686258456758563,42.85149864493718,17443.428782156276,2000
24.578140442219784,16.699448571948576,1014.1711020679978,192.88679262729988,1.5515265153185842,164.6157655926753,100642.78970995716,2015
26.892110560140175,12.341449741439881,1014.226384661088,110.74953891603228,1.2429174456985692,157.15493050643056,4560.771226346607,2006
24.61071272966968,17.821818958385215,1007.390159400253,176.13810719139025,1.3978800807838945,16.766545787317064,3517.3369978276633,2004
16.481650857348153,11.533498082455507,1011.5706387251043,80.8620899249527,0.4549384132951664,76.63629466838036,35219.116385873334,2002
20.346053878362213,14.522201907496257,1013.8075674961921,19.35904606153767,4.681445331545432,103.4949470650242,9162.114939382043,1968
18.099004354412685,12.777097742155291,1010.8393947843529,280.5215943896119,2.8092018286163523,57.37310506051188,2046.8548542663955,1962
28.6528745201952,17.404487840238325,1025.2046198272826,230.79106222547702,2.2849868068907586,196.2479961447017,5907.257911484046,1978
16.01605676786844,12.326056851210279,1008.8068816320024,122.66616805596463,5.988465635578695,-64.66197754523078,10463.608448634575,1955
26.468488446945553,19.79237454092559,1018.8971223407021,17.097920885636,0.6692520132621824,-3.9664816376744483,4246.081183571927,1950
26.464769350543847,19.89001610950001,1017.2822990657439,311.6070225709635,0.16928526585577294,96.83898638925314,2937.5738921350335,1973
31.148101008580436,23.696824713153077,1012.9306893274786,61.12620177684456,3.498994392107886,48.809479802819844,6583.82303181413,1955
19.951567036852513,15.174200215640004,1008.6739547307387,335.0671985813141,12.896821070294479,112.0141967315577,2794.6623677616058,1997
25.561610797900812,17.073068735452743,1009.1587233980412,172.29433629454505,1.7275504499813092,8.380143489840577,15292.702594294724,1969
33.408259182694216,23.244107732053767,1010.4101635039175,122.53921556705414,0.12121919317307732,140.60662955611747,1160.0230482767943,2016
18.911791615331516,13.420503865238814,1004.0712935902687,267.033411680747,3.032514908254451,61.683333517412755,8869.954343227646,2004
14.324798762338201,10.242758031849977,1007.9826728710035,315.6621861870669,0.153220150970574,142.56049387638794,13622.932816192024,1967
12.599949830461181,10.816400193266286,1005.5876174231818,133.45688291245585,1.553118389745432,4.424577148143996,7401.653944645053,1970
25.563560144306656,19.18182960705964,1019.7293750158885,146.6437507812674,0.6501656140197728,166.41458972024924,24178.592109761612,2013
12.58424895970708,12.963661150934861,1016.092311961941,155.93695896499105,4.930838275856725,83.12367048082352,2057.89473476126,1986
20.138404735310385,18.50982127448661,1016.9298704943272,332.0363021323209,1.2005206447471717,22.873301053258665,4019.490766639778,1968
24.186565935194803,17.089895319864212,1015.9441597577097,249.32303694515977,4.5746708938945755,32.60732163704458,5825.29752130903,2005
22.92587768414957,8.374803281985958,1013.8348381166708,89.15260213643599,0.710726138943678,126.41051314103258,16526.56837441453,2011
24.12722432092086,19.362721956899133,1020.3034016606457,66.5998911007126,0.9799640175637614,91.26898748309036,10082.006567452676,1967
23.11144927900427,15.09726181732888,1009.9461867213413,82.93235883293379,5.8794294654141375,76.34561745980173,69103.86784162432,1979
28.394329066566968,18.273062502934863,1013.5333482768352,94.88300010678627,0.44957593257650275,179.6032853292408,3619.944969925051,2005
17.238418096306017,11.270002117435476,1016.7352941391206,82.86605688024055,1.727876467624788,95.70158746284808,2008.234187835618,1991
18.615024307707344,12.137230921765928,1006.3939538407194,237.06232098926262,0.9837144290584374,21.6647686142688,48488.841725138314,2002
18.13670277364588,13.9202315617629,1028.4829444807128,41.736063836702286,2.9759179639817077,31.10789274548252,1937.4760814003623,1999
26.150959059313053,15.186799783266686,1013.142828813888,139.44905629486587,0.2769072508843598,110.68617989968594,16043.55854753743,1953
26.501992941975317,16.395953567799516,1013.709947252878,225.01928626933193,1.1497151029484123,95.25532315387511,3045.22466179206,2012
24.25612659659254,17.66560572600961,1019.2843901583747,104.7095906194551,2.4008424164016797,113.04275305486075,1023.1911993797229,2016
27.91746833444964,20.788115894941363,1017.5747766650511,23.49877849259689,1.0451765162197602,132.375775282124,5570.366926173667,2005
16.109795663118096,12.559940254054691,1013.1903900969822,29.456612224548586,0.12062928568993699,130.98974680886187,19920.40699642205,1998
30.336120557755685,19.66121183256238,1013.6506471904902,45.34803946968708,2.442321083936269,79.77146376143838,2388.0416399535047,1971
29.61619310856129,18.774803877460425,1005.4792573452601,300.9034889525359,1.3991287643899781,219.10946323758463,14416.010787449433,1961
25.678109986228733,16.961407322784275,1010.2176711107501,236.83086201778912,0.022746232158223332,130.01619359756597,17376.31865187745,1998
30.9089945438553,22.116041685268158,1015.5860510807948,23.228067995152124,1.8968836428079832,117.39680761657462,2271.7593594140076,1962
13.716883961611131,12.57277351167289,1015.2194641952144,140.78479649451114,5.048485061464184,37.98176057291596,6452.601819284424,1982
19.377759318686742,9.469557151539219,1019.1058287500205,100.29066222494363,0.23537446396770392,82.24982989797951,39225.20572491412,1996
18.32348269659024,12.384980373696434,1012.3974947088834,208.09444018636808,1.7864732389025795,-32.24685422141981,15530.989351852688,2013
25.607396618786716,15.259820751100293,1006.0635674328456,188.21014188203284,2.6088307308507357,78.73834374678587,6238.577904209972,1966
16.749296301989272,8.420022056685509,1018.2836521538784,173.20464841309737,0.1468058848703035,118.8959213483548,12274.69961713236,1983
25.787475746687427,19.985146313370834,1020.18044673091,113.22445333414073,0.0457502197356431,61.18930039569487,4083.6100466267444,2017
28.852680719983567,21.28612565298717,1017.4912228642811,49.60791793583667,1.2479732150791674,0.9249051823738768,24678.696939426347,1988
25.476014500419996,18.732077182188522,1012.1818316457126,267.25549783414965,3.1326293331000508,22.53677612915878,24667.94890006289,1950
23.418755118307505,18.23518026227724,1018.2219302593829,316.7484367833556,0.3504203893879875,64.66611392810813,9144.481989389347,1954
17.060633295496253,10.983005513315105,1030.144552390041,339.89432732381425,3.6235644534128673,70.62137137221315,10205.745821038732,1989
17.765745169373176,11.570746585894165,1013.5757615722024,21.102829420888966,2.137586198467862,11.449069453089471,2984.546610451359,2012
28.24809452648333,24.14512740198348,1006.4413165387743,266.36713617199786,0.8074531039116823,29.030230642446185,2096.3721306523685,1950
25.896745019526662,17.634579405149513,1010.0685747522392,261.5412453865065,1.450621033102389,47.34923907285728,5560.232795478357,1984
21.80490240311228,16.733695908286776,1016.1273800015202,340.95946109241214,6.737943290913162,169.57802420446,7424.928175633956,1966
19.91045227117055,13.950079671746014,1004.9759784455097,91.04925401919556,0.48780754903052803,194.98166049732436,23450.040416427906,2009
11.870960634443115,4.61315538395335,1013.8470153745603,267.1844537862563,1.3844368149825859,66.40161730346409,20382.4140284523,1950
16.645737906577807,7.562758527001927,1014.9016832515795,19.66546395593444,1.9589220115520518,67.9792123112587,9748.150837956237,1953
31.557095435698617,20.931998365109223,1020.6756086990632,227.24845947418288,0.29703390433851923,163.3604467388898,26649.85488524999,1958
15.597722144987666,13.030608004831343,1019.5509742802715,126.3052166587847,0.08899516708993561,-18.96274262971228,3154.2745792032706,1994
22.947399106105404,17.63976268754579,1017.3229239587589,276.80739823709104,0.02710271848202924,49.31893775687364,23797.525585965137,1981
27.03721986597599,20.75420823463126,1002.1866049474273,310.78954311674164,0.7851753286877632,-19.649542509970175,3675.96618895063,2018
15.725386659988537,9.033678304119345,1017.6052656402396,131.33557519830583,0.15364825710547683,76.5630723029766,27992.57373037958,1963
22.923552373905416,19.27823164197842,1016.5275669303012,189.2109933717482,3.2569351929751447,72.01676335872027,7995.654896966832,2000
26.689577687553275,16.752917780914522,1014.2797218853917,42.26546245089597,11.843524135674734,46.9597682412982,1098.5136562387859,1972
22.06249660953625,15.869396424015312,1004.3488893692726,150.08650748045156,0.12652682190593859,168.54569439555053,16817.195170972216,1995
36.34201527833384,25.418706115018214,1009.1161304540647,129.8881415733009,1.133826666499924,183.05496581247334,18206.714971588088,1976
13.657003705609023,9.212154953297143,1007.1658861523297,65.92444552242638,0.052137970828335795,41.0116323762917,5132.868509372283,1985
27.293642649419393,21.782734131184785,1002.9249578024645,322.0123049160393,0.28771970343795306,46.794374801000636,5590.032732099554,2017
21.135991313017676,13.384972878780452,1012.985424242926,53.311621694457685,0.7799392539101728,83.23821851865391,6908.133193387732,1981
25.859600774183374,15.402510030504505,1009.0108893927861,228.86616871086738,1.0007548372361947,84.15558594050658,1181.8640652969987,2015
24.20653575849623,16.984566003360197,1026.1265279013446,320.45135165275957,5.619599369735662,51.48903962968255,761.4860300829237,1991
18.334219014450017,12.034299841541959,1012.1561403028104,328.30868875076123,1.0078218667263381,10.227993985118964,29780.992640298544,1999
23.1449819622967,22.95625321177298,1019.4687657793298,285.5662919426046,1.37146014709215,87.79193122160828,3554.3672320227274,2006
12.710492743008563,10.250359872985943,1005.1545048765339,63.410808194703584,0.5636210032186675,53.41200055715623,51806.14805765391,2013
25.016237502856967,16.692685101562624,1010.3495520699756,294.27530731699306,0.0002502931741659313,28.165923583353965,31901.29237065304,1995
23.49079232995263,14.331331492592668,1013.4844893801716,99.56333246962485,4.591903419876653,-21.926148581472987,38839.587982201694,2003
25.19330084321551,13.874733769113288,1008.4592302569616,332.0632898757032,0.17049442888622388,60.66730001773366,4228.916309173367,2002
27.290591625435752,17.05297596633016,1010.8889965759763,255.27120531258583,6.662345183601145,16.174084053608084,1622.2977914883718,1978
23.838099201048554,16.91655298425225,1011.9102454687823,282.6963219631991,0.2804655458275247,36.83422851495137,2732.89753485707,1986
22.740447098991382,18.772970272483505,1011.8304600727755,30.6116832606974,1.8571238354477082,43.75410999920531,5185.104490124094,2018
17.59465831669354,14.559639106461315,1022.2755928651767,209.795440839676,14.872769769899024,81.51514299768131,755.0396520559655,1963
18.438896181754746,13.36541699052108,1014.8911314271576,295.61116568352463,0.29807825635246166,31.807309524773153,5037.042135336963,1976
27.933673100886654,18.907235839215687,1015.3975528147065,310.1725269980997,1.1030976245987147,107.19314735509332,6623.12089737132,1954
29.181677028529894,20.964798632795233,1015.6982738717254,10.307413704110946,3.032110714714608,48.801563606196076,2220.7028601148586,1993
20.80944781843973,13.529337477938657,1016.0631318866856,338.0973237198429,0.06543929359403931,84.53922459730165,2862.6839326740446,1964
22.230013736266372,18.99773760691421,1012.5855650806257,15.601943988892701,2.340964848352985,54.03813123097855,6498.986228145184,2016
17.47692812503117,11.855469324971656,1011.3962681426058,221.22672468294596,0.16757498670840773,74.09451125741562,11571.33905185972,1950
27.863784226337224,19.3319732419426,1013.8340802975914,249.61950994151235,0.5397370723375946,156.263058563222,3324.841663645196,1973
25.32708411845889,13.297314032879886,1018.7840197445673,38.64430482044753,0.348888121780941,68.19860490426117,10853.605518027767,2011
31.706087182318747,21.803391334577594,1018.6311909421819,17.284271619309365,4.7575597791149065,93.70337513187205,9291.413824284398,2006
17.608384614101304,13.998837505800795,1011.798007621558,282.5683756022625,0.398016131150324,81.03119790300613,8492.051259524715,1969
20.109960504908916,11.94152719935915,1016.8392184733406,138.48142492707623,0.0825485592280572,87.21352338616633,4221.669209697084,2007
23.157229612627862,14.708620059853875,1012.0270766848016,38.56050551344452,1.7716475893102883,-43.34082511927754,2135.8509206999984,1963
25.232447688628852,19.248135417507523,1013.1693527471763,274.5604138995511,0.8498492203107799,27.24922422443879,44198.75852054032,2002
20.92166181226184,11.691848821547179,1010.632383092229,305.6987052517034,1.0407630076761296,78.62971802266206,15219.09116547119,1984
17.635194547731498,14.460238198495885,1012.0917743054688,211.45902867317065,0.2535377512610391,138.34390879405944,22153.076352175412,2011
26.407037644617855,17.420638570886293,1019.7066503477485,58.04525103647242,2.758514292469909,8.592378841476105,7452.988077291789,2010
25.605676812727907,17.146837327927127,1013.4621057366962,5.480089736936691,1.840364837565166,55.683106775424065,6877.252861073138,1968
17.418629497181374,9.945283837775774,1013.6764125427616,252.2888932686998,0.9057960784275252,66.64652522437162,13235.523667219164,1991
28.77721400552748,20.900142324725,1005.7639111037103,198.05028293711405,0.37645780674869894,44.05682177250726,1293.7647391749176,1993
27.85099354598302,24.415439452246872,1011.4537804618363,234.28697101922862,1.8001052684272383,123.10834374603806,2658.072541461074,1950
22.671482486238965,17.43303221928854,1011.7934254812764,292.74648127185446,3.015543942203742,106.26348612856461,3649.060886025829,2017
22.39798931188018,13.950021994435055,1008.854282572783,156.32199971746996,0.7490881106343769,92.1504348087461,5143.214630525734,1995
24.770288855579537,19.61044336988863,1013.1083270585178,44.825568780103346,0.052401284445506485,89.50833231907656,3362.0437283434153,2000
17.69148464871871,11.750680162234596,1010.8540885488617,338.39398274069754,0.48247244395988903,6.14883176727141,11302.815412892589,1981
22.15015739582041,18.254080139929403,1013.3999792762179,196.29436580886863,2.293911364333669,59.87679843621511,8790.678999081849,1968
11.2380822769541,9.480010398196594,1013.6075150490947,221.5058828718745,9.037320403118573,101.40509525284293,32625.99654996803,1988
26.38227822751468,12.581311628316806,1008.2212282108868,336.0281146386304,0.026933014329905598,111.92683656745527,96159.0775745779,1963
14.192533887790702,7.926614455543436,1011.0064910875841,335.37011627169466,0.7310092280862186,-73.01897095363637,2291.930512236189,1978
29.517099142144996,22.550739845172277,1013.3868714138042,205.95405842214248,0.1280551603378066,137.64966369741708,9389.104628875211,1991
20.349399530167748,14.547894215407458,1018.9214971557836,107.1401128997134,0.7606162928247596,88.36571355385361,9372.413113549754,1963
20.941665090344117,12.61165366782518,1014.2835958639787,358.9609082445861,1.041463533053252,51.76850559456569,7988.8486558466375,1960
18.86133046957747,11.935752297716604,1009.6903241004129,245.09415238327296,5.073126553724831,47.81076324640318,2738.5269053763327,1996
20.55980563038962,10.57939070109397,1014.9950237962192,147.03720368114034,0.1679827187393919,34.32259495795831,3238.296031879566,1973
29.092656725740184,20.188113132965334,1021.5377444466088,201.5412490272923,3.0023696462001586,99.96963287731019,10305.217629384022,1971
9.560956717324602,11.114049154158751,1017.5835323629451,149.70025809649067,1.0068210211352042,29.986290073639786,3148.4008199205014,1998
28.384826930440937,21.479245632773303,1015.7376326521781,319.7898548267931,3.334799941751945,79.10286994028995,9502.136738756051,2004
23.69011740550854,20.963916186232826,1016.6279508774116,173.69977495166862,1.4406346793062372,89.94367553638226,6336.299585581845,2004
15.964891760713922,12.940218412079705,1020.1997702071432,296.470215353249,0.08014879567105444,42.10936630384062,9336.230874244697,2019
16.62343803475381,13.69136531103305,1018.3781339700884,302.4634672162814,5.8451823982273545,103.76636019096719,3123.46902325447,1984
30.381965136041014,25.21553297071876,1015.8338019055883,296.7596415846894,0.17271568321976755,142.12294672393878,9485.022384298447,1993
17.272465600286345,12.845252438884893,1018.3432110979504,259.9879004912428,1.8210323859936781,-12.349488299898354,3357.820616690402,1985
16.2332474470202,10.98881856990038,1007.5917445186797,307.7559780507295,4.202029361890445,72.37342797365963,9515.673961104947,1964
27.686572711823647,21.445915931520574,1005.4886737382986,139.40264866426892,0.16626284080413506,78.57497191025206,30927.348075282058,1994
23.692764381429573,19.49261554124447,1013.7854932532191,41.27875421110573,1.6143946322029288,27.290474412974696,10519.477839339539,2011
17.310372117318007,11.157331196698188,1013.3434035482527,303.2835135741052,3.477839323595765,70.2705328300047,11179.872947556887,1999
23.083124877023096,14.715049249236108,1010.2804497324337,179.3406296474443,8.584329250583941,97.50365539846251,18346.72782645397,1962
16.871236581798613,12.087577672120787,1017.1292633491386,45.85537171002636,2.5770827044636753,191.8845227212406,1991.0982611865659,1980
27.504106992113027,20.91587262834244,1003.6856820677439,41.51250798552286,0.6523867425493808,-13.915051072311016,45203.128305452046,1954
27.30685482436567,20.710980474379088,1010.326138719711,57.327261843561374,2.4050831902918786,68.3911316759663,2819.7683280612396,1957
24.660030994109714,14.413686495501603,1010.575222275612,270.3503734801581,2.446765048932433,207.4540420252959,19529.101123106328,1962
23.808305306235084,20.4890258484912,1004.8184910745027,255.9084024478612,2.4077190355169855,41.73838621384084,17101.30383519596,1990
30.80594062433687,20.281828578242106,1020.4736550363465,73.37472486655797,3.8518681317476178,119.49076679428056,3287.338791558013,1966
21.998431636941127,14.868772152081629,1006.2039936566833,304.8924305195263,0.18287152765589423,82.72662295565944,22223.06820660944,1981
16.090629372895993,9.458131841051554,1010.0582997134616,101.26612639016815,0.22951987184595712,58.22974057988944,13330.537919549924,1954
24.247369564161534,22.369816366787248,1017.5398987890256,285.4748099933811,2.046733904944419,60.26607601316942,53636.15452568472,1958
32.430235247685566,23.18530601395583,1016.2302267171436,175.9701267845791,6.153064700172665,82.3096528801761,9831.8141778942,1983
16.92620253407074,10.146391612486388,1007.4591265175762,263.3575257138838,1.2541146227177506,72.47724207765349,7269.600873051866,1950
20.192686166530073,15.862727416495943,1016.4124460463032,137.2995587064837,6.4660865024614065,55.62662658902032,4842.747345723882,1989
24.08223019050726,18.395832691975148,1014.4489223932911,124.97061495411934,5.563993987629353,91.5629136455333,1417.4924774139688,2003
21.730475754971305,14.835878981320146,1024.6651778105572,302.88945562535963,4.664228398980009,94.01898934646636,5894.484930828203,1981
17.088482098113424,13.643150894246164,1015.0197020803415,12.708811625065074,4.8125822863828995,103.01818823616208,6149.3496407744315,1999
27.609289281152353,17.67591857514492,1012.2937908946574,350.90530101270264,4.5718255696453465,140.11276050431783,10530.7853296153,2008
33.6002036100863,22.534305977161903,1008.7174902144029,233.34464097553445,3.4283681618967026,114.74143094783284,1952.560542894346,2011
22.98065729511954,12.06602679745155,1009.2787831652222,155.69401975179915,2.374749033150111,18.717231678637944,6380.4109648214335,1960
17.479658551319996,9.587858817484872,1008.8711545226593,226.09963121415308,0.049421991633530844,120.15787644231534,14418.269432513795,1972
14.255197374732624,13.593899773654208,1019.8554940695597,44.18674072523381,0.28371152773945735,66.11371717617207,15922.837453051146,1975
23.289879906105906,19.58577318971876,1013.0898495750823,185.05888390567713,0.28827673536098675,115.97226976655072,1261.661552712097,2012
27.519386716581288,19.395147998904825,1015.8262356198736,354.63438840232715,0.04764356651780404,113.5612656278508,16422.483312886117,1995
24.375838732476907,20.388950007113507,1020.5712379999044,84.69699762481446,0.2481847745952538,67.28173880479456,6332.346153798317,2018
21.98798079540573,15.0714375835674,1001.2076792889627,260.0201156530858,5.045128152856243,58.18920020628677,6734.43451042115,1955
19.053641741053468,12.85072861360161,1019.3943688235018,156.58969529941223,2.180123618324093,139.9517606310952,761.6480940200651,2000
16.53918183640955,11.690448582417797,1013.2769845589166,234.8849334556633,0.7481451558489177,61.15599454856705,36082.785064283926,1992
26.17375663162441,18.071786451489956,1015.1752418582022,73.75940232903916,3.153554378823873,83.84743321089684,9670.14791890476,1991
26.568858106927927,18.167808027729187,1008.8579838912588,169.36739374233687,1.3403051373381287,49.303176118099074,1752.0460816766524,1962
14.271351066546334,12.27674196088154,1009.2243780077574,352.83337698933906,0.3065985042598045,35.765077584291475,11792.294337740213,1974
29.94919489090342,21.2647077315448,1015.4442294490649,70.30337436576345,4.317005536919261,151.94145460304952,11435.506974989423,1951
24.870356104470005,18.83421280199661,1024.9229890016572,229.12021002555255,0.8269802841672657,90.53160113732271,27516.583903614715,1963
28.997973225728966,22.36134230856494,1018.0165665640745,207.21518955604634,2.400354901799752,164.71554714295013,5945.03223140568,1966
15.289361257574425,11.478924471611563,1019.3276146070928,203.41857106454518,0.6866550101435382,68.00649998562147,8200.874459250635,1989
15.170879222922805,8.679072804229486,1012.0399936486929,221.44438427458215,1.386579384123654,54.228660331903775,4260.7147196735505,1988
21.255153451163515,12.172875637886381,1009.9989788770719,180.80567052776212,3.3883877952523647,49.028650236565184,14734.524344503998,1974
24.513922134475973,17.45730676374779,1009.095975242105,6.09507009275688,0.34104847072183814,83.30874055204949,3701.560099677214,1997
30.98180411463482,21.344750270594503,1010.5586313765166,324.0348521267224,7.5665029293298804,59.06636568546151,3317.6417157235214,1998
25.530394569075657,18.0460590561932,1002.7360878341474,297.7123778942511,0.14560578982142272,117.1067908495148,7571.923900956039,1982
20.786593615939832,14.518507452660709,1009.375403285542,62.70036513160368,1.527177529308178,67.08684054708445,2378.288115589725,1976
16.86815396167054,16.974855093502512,1010.1982342197008,148.77834385639287,4.954484656209693,49.083360537276974,40220.46475333559,1994
28.150002863595752,17.04454949323435,1012.1232091280258,277.39763304968443,5.8262368822367385,84.93369846142045,55673.899628811996,1980
17.176472871246425,8.043638470230245,1013.6587505487364,352.8224335394224,0.5282148692998302,86.57902327947657,5148.238594027317,2012
30.14234277386161,21.764393608742346,1014.8122543431281,342.4093367190431,0.3109347153690182,68.78887864931812,2025.1620346343705,1987
20.578076751967455,13.651808617200826,1012.9253731377852,323.7693118834227,2.5776312527928327,119.17027752463142,11345.676655129942,1989
29.952910363089252,21.599172993622375,1010.0927845682862,57.01460302769027,0.08575982173207906,76.17353426974772,5003.522693428541,2007
25.39465645029639,18.944025559775476,1003.1832067836724,329.21103816324177,1.3281050070848848,115.54760099761779,26230.578631450568,2014
21.31502255278771,17.488725177309192,1010.123456957991,316.2401686623886,3.1827562215727045,50.76064025007793,3688.050967751019,1960
19.403018140869367,10.567661057840679,1008.137746811565,135.70196801990022,1.643119278129568,36.54271770106406,13967.845575521285,1964
20.2954606132696,13.093386633574394,1015.330333741393,142.02813403305433,0.4165425522280333,138.71593433022133,9081.490311880905,2006
24.141583461876188,17.756630941074857,1017.5464369834684,165.56721190385787,1.3351315825653698,114.55313916957937,4120.535828657947,1974
22.385782481088583,17.21097492813646,1017.6928553352997,236.2232271479101,5.08358182041826,79.28635584178421,10301.55185591833,1988
19.030942959656475,17.7085591723363,1016.7847636806391,93.90082175388567,1.9205530458300752,-7.320952131029813,19507.076155084906,1982
21.17184294841184,16.73169800611602,1012.3323713227376,8.261434598380086,2.5566071338559713,91.8708918107809,8838.288418383334,1978
22.39288514859575,15.56144241224447,1010.3902221726205,50.84262885500721,0.8197412352478658,121.92136277527376,8931.00906892043,2007
11.35632952792594,6.168559163662835,1009.2644862316647,158.44172672763852,0.41770179719068706,46.64829445214867,3385.363523836313,1960
24.290840573943495,15.875008696322407,1005.4625054169912,101.52092499343266,0.5904669718818777,83.91761793729384,25443.225499110762,1962
17.101393876415965,10.785570067576963,1017.9592685025393,275.2259619730075,1.5236127601301477,62.42202819430728,23029.852270588082,2018
16.233337983971275,12.673803845807413,1012.1264448103501,38.408425397737695,0.6576197652652679,75.98477272096461,5374.607415295011,1970
13.56327826444645,10.008289676284175,1006.7682985318957,330.28748119972937,1.561618428948402,17.81194313055219,7156.036466270266,1952
13.03053751066055,6.474077115778026,1008.8675431214489,322.317784779808,2.460578305995595,42.79495544100092,33330.25002221784,1975
15.222762484438555,9.784130800926123,1008.6651327178372,327.1524540959837,2.651496670066308,54.53314990399268,2608.2353980257217,1982
18.454895211847546,14.673521755196123,1013.2151224250756,266.2595994971976,0.35989261505317033,110.18229134579553,14828.234685920419,1971
31.76629568763284,22.939731691291104,1018.3373392553534,38.519989734095745,2.7760384864190133,-5.384988654189229,4634.97566107133,2011
19.37060162052398,14.696710366392328,1011.2600522520221,157.72952569304402,2.2336837220337036,119.31938246664672,47957.85468256771,1954
22.888750531340158,16.787968792052634,1001.7373324260817,47.30593384996695,0.024155553930162946,-0.11918466303472997,8633.857993883781,1968
24.002406932531642,20.054546321989868,1012.0540983242054,355.57170939398975,0.12135261837012827,51.74480174848485,28577.601285701196,1958
22.655325931079243,16.33081427940421,1012.219030499514,119.89383242352238,2.07832684371429,70.93874290599481,3784.5136045058825,2007
21.612782696370033,14.356902291717626,1011.8753988453224,210.71899508042233,0.9680554968260188,106.37182557974592,2324.9906992147944,1973
16.023531182003776,9.384961745135522,1009.8626941676215,280.58149952791985,0.3158917439437645,105.11869018675782,6410.807665266512,1988
29.25463774139606,20.977465335396662,1014.0871954036293,331.4217903212324,0.09082452567090225,60.16686275541612,10537.372029549062,2010
31.035983218189426,16.843780223182428,1013.330705575745,271.9971813028896,0.3472747648661829,127.78963604413788,4862.307108727623,1997
13.586706529386571,9.142116566905175,1012.8758484293668,242.8213603558455,6.317159658633589,-0.11362714115523431,17297.329878228953,1999
16.8798570455681,11.404220212054982,1015.0632068072148,167.75344153373447,2.600715160791245,-5.525424752873427,6568.53715994885,2011
20.60094828811497,11.691722094445916,1010.8508358842607,217.94404815018865,1.5003047597620967,141.0952130271599,1010.8661718825963,2002
17.177311025449043,10.167586040502337,1010.5670716514967,33.89897118701874,5.6788421462522125,132.28030788437107,14084.243640069271,1970
24.529827767279325,18.790194497392008,1019.900616447927,318.2121151060545,1.9304916171102362,64.36389512829444,3352.5044444021682,1987
18.358638987966934,13.312470789726778,1015.7967770485772,195.75983118235874,2.5866661540296634,-13.762042114408686,5644.306507722219,2008
32.825280339033014,23.181272904737764,1017.134730304714,14.448618156579371,0.6643878949477618,53.96772630689994,38297.16699137707,1992
27.95274297171798,20.17961514806663,1019.1305229266703,331.1647652375631,1.7782357785592717,152.74148103496702,47705.96512652375,1966
23.062870153161075,16.3292642831106,1015.629720903124,176.14871058127272,0.3097487866510433,91.9723724383721,4557.395444649384,2018
27.13493131659866,21.48017704733569,1017.6419433956809,312.6920909619606,1.0366511739463498,36.021306893842564,14440.421916755517,1993
27.529502121786546,19.51750984865788,1005.1032741896487,308.4796635139285,0.06761068154601138,95.7238979366035,4664.451410979105,2012
19.180262559708783,10.509757564158646,1014.0207693599801,293.6705714845613,0.48829542366065576,22.532427313480312,6082.2320501460335,1972
17.918913777290175,15.803499573851944,1012.0864076909284,22.105086946328186,0.15563905861631827,-22.062398191114397,4421.4571164581985,2017
22.390715314848237,16.414181255051457,1021.388420454499,88.94399235271518,0.9813233114546106,20.394647587972074,1444.6990653779008,1975
26.30818062248972,17.237218974152665,1017.6382276590165,315.19723408755505,3.703466954619777,137.67238926310554,8911.120086523286,1997
22.695301993267087,13.379907958696924,1009.8477740460341,323.6367801787538,0.9494185070040477,-12.513159805500848,10809.334949400982,1996
14.115017589045014,10.6723407542476,1014.863970792646,164.9047904527702,3.5632970272402993,36.83045016347455,4142.2659776809505,1995
17.98587778024579,12.3557704362233,1013.8384066672462,158.4149283555128,2.137126509795402,4.69593522049739,24047.62965028962,1978
21.63013568202811,18.289388549484492,1015.2716571657611,63.050628199013914,1.4247800713693868,130.52156462516584,5239.177413862396,1983
21.62167197837085,14.443355823525938,1007.9057876531267,348.62788392881447,0.5407106184558976,62.137874849556255,4284.624410969048,1959
31.862710883949042,20.629136039399395,1014.8000823261912,76.72985112925555,5.1060992953179305,156.60083946576074,13718.535013102683,1969
15.07006028800501,12.340634638075363,1011.8592432535588,68.7372423662756,0.11145000793249898,12.012124644828312,1732.4952858105266,1983
24.527946209179373,19.020126131859225,1014.412248820278,237.86242925370274,2.335365440103603,94.49084459531156,20063.93154716924,1962
29.445565541641447,20.9491986143694,1009.3780741743891,87.42394908016117,1.9417044737255649,65.36938284902459,5419.890236203404,1959
33.35724872711398,24.702788204329604,1010.074684143017,337.9577799651803,1.1633601762291383,42.255953764096674,21791.735608962048,1994
19.978012884080194,13.90923477737166,1018.8692101018335,3.9265183144061355,0.5497184889902089,26.70565326537732,29381.794470654884,1957
24.457147263600998,17.58773328653919,1007.7422622082992,2.071174436388472,1.1266812118881302,61.97927720468277,15369.701914413126,1954
24.848801785993235,19.72414301532311,1008.1112279947897,181.75564851681582,4.123560458622671,17.860724679810332,3597.6160878383034,1969
22.977408657766453,17.33482272847952,1012.7420937139221,175.7024855688499,3.625142400517021,113.16581953011904,2319.642350514479,1993
21.50577399380347,14.715492918997178,1009.1405481240703,58.81104788432778,5.673401334630316,23.83635926683762,1931.2588760815277,2007
24.17987694750023,19.630638955102462,1008.5748568386861,178.0270426693024,0.7357410672999646,135.02744448330202,24413.96788270996,1969
9.338769573901573,1.807427956148075,1013.5253798560415,148.19799786119512,0.9791205465125701,-12.277792106467352,7081.208667030789,1989
25.410347450313157,21.89138983806308,1005.4746707154815,320.51862912325277,0.037807414318074356,68.16278241379324,4450.528826294127,1965
22.630889518309836,12.429704473035413,1007.9601888254318,3.3314112781068506,5.7276542202476115,33.44130353732752,7100.481292877216,1953
20.887625516108674,13.36715221173148,1023.2704779146183,351.4571298118628,0.7991353399163176,70.06598380530856,23875.812804910373,1959
32.23431097859779,22.482182614628314,1015.2973752948451,224.78139514650329,1.0355790360879253,64.42581399271108,17654.390506903972,2000
18.625329906047238,12.744769592776743,1009.2671832386504,54.663640432299225,4.767690330737676,13.997773768834271,12562.93581208381,1997
19.984620054674846,16.002056118325502,1015.091075391331,16.833604972019845,1.4956225316516385,141.9690251846202,15334.892362142706,1969
31.95776651102367,20.2547633204961,1015.8366523849331,193.71803708132347,1.670225991434501,163.08565652062777,9702.824964035195,1981
17.839693475750718,13.009319067991628,1017.9720721004512,84.56045974985524,0.38773471914950525,152.94444419680653,10961.156305859024,2015
19.249423585317306,12.318172313282606,1012.3642198527164,108.41959332045333,1.3809416137651143,52.96628992969505,10107.421461352238,2009
21.26487288284575,15.475692976666858,1017.8824885138645,88.2475793404249,5.007166372971314,-22.6733354477241,8102.5876643122465,1960
26.203672410647748,18.213026167857667,1002.8077673755892,234.0620328861039,1.6361427035625389,84.02144251529424,17212.202928486735,1969
23.039012536766567,16.31318008110255,1007.7184593476212,199.2704263618081,0.58905453389896,38.4212202046369,11629.288971533895,1972
15.536873264238686,9.77596162003839,1013.8193570086822,28.07079246785214,0.0633546696131553,25.025051184224015,3358.618369685005,1984
19.33915718436405,12.51728212886267,1014.648167664039,189.54955194306314,0.8198554218112987,61.97442156804449,13751.103927696531,1966
18.963227833938944,13.848804511812114,1008.4410885616568,284.82831560278794,1.700027355399766,149.9404083121003,10375.962027883737,1959
21.613894773884773,17.01715735323143,1014.2970999563158,29.230052695316754,0.08709576352740227,76.16251452381898,14934.264294107345,1987
24.129218293149144,15.693894136808705,1009.8807987565636,320.30603144295117,1.8821536562851544,181.11474244315812,7301.193350043363,1981
24.09102877943986,15.12618505646208,1011.6152045288642,208.1903938011825,1.4822134534721405,42.599875436972454,18246.714470087398,2003
13.11994122975799,10.410879192174265,1018.123869003325,342.224808937314,3.0597334241121286,113.75354711568191,7620.455693078206,2006
27.319704937804282,19.058785670347614,1017.544687484443,53.33083838005523,0.05862729946799364,99.17548511064517,16711.956270838782,1974
23.262844229983116,17.944987228960084,1008.0146983631837,357.68339976719346,3.0359734727477306,-25.790464858651447,5133.425653651663,1963
28.92266023796953,18.434267739836375,1007.7137426898995,231.93823174908366,1.4715960501400833,101.04278061236153,5501.3343225725575,1994
24.22099163645336,13.395816294670489,1010.9441330222335,204.29791181318262,0.9257520470658174,111.70151296279622,14795.117744638705,1993
27.50661478867881,18.188622188422496,1012.8662684941354,185.50066468035075,6.726819410332592,7.575305850855045,5815.177600386049,1987
24.332726557250634,15.500203371545412,1009.7105075571263,8.515574315392591,0.34899143082224665,70.70186779060936,73554.55794047487,1985
28.73112878101374,19.954213346549015,1018.2032122139983,338.2701089578481,1.5588272807179557,67.9929520033998,14277.5690495837,1988
24.611253180088895,15.954186797521448,1014.7369492085428,231.8380102275114,0.7742137339079095,127.24066715837458,8307.578804699455,1988
21.51042376778548,16.539330540122734,1015.0304255493721,32.985534419744845,1.4993774090349552,51.54322787934177,18396.225317409706,1962
33.36217360223441,22.777220996719052,1006.6673058552751,7.542781306028963,1.6071541703489505,86.22992990547209,5010.643304980304,2015
26.44518561139946,18.812578925527422,1018.8364535869189,18.28211012523048,0.18740908559387895,43.83106057350602,20394.38341710279,1983
24.868722105022066,17.72337459039733,998.8991558887966,219.38247483560664,2.1643078291301094,36.42614969817475,19835.63242357101,1964
15.61847791730832,11.322844726940199,1017.1702772592469,221.04554936205068,2.012876748626451,0.5769209308362662,28382.670884191924,2007
15.558461912682311,10.84266511796767,1017.6715586883539,179.8802250413188,2.9347249021350765,-12.872265608951416,5214.458195991183,2008
23.463577410709267,17.445705568317113,1010.8379940636102,110.43569543506256,0.19006912163163245,10.447858674397978,2385.74505330732,2015
22.727605988841205,14.318013924537228,1019.3645510862372,191.4273833812709,0.7055324627045093,145.36836232635096,4402.136898654694,2001
18.929387174958418,16.049406875778658,1012.6845122352282,185.86865551545284,2.1002763473201984,128.30677927693444,6114.201652683951,2018
22.7049134980603,15.420364681905138,1013.3121585166372,6.989601555563625,0.2940574629011584,137.09228857421405,42925.0822051486,1954
29.943134640217977,18.33709597235522,1014.6976439370211,101.68892291789929,2.263913437402845,105.73785303022422,72766.57754631554,1992
25.477012372751492,18.210055374909587,1028.9328745590553,19.146722928173816,0.12168105073725784,64.70105488377496,11437.609744027603,1957
16.294957451236307,9.704109250970445,1019.722169540415,324.05571052115596,0.8157306314854693,74.36592942406051,8179.535212695473,2012
21.442455864285282,16.34038817401745,1016.5056560035646,261.08033860264874,3.750862096919975,139.97028204563418,5710.673059525373,2017
17.975167595737197,17.001828469100793,1008.435977566994,358.6014612694484,2.9770200130838442,72.19102334682351,18484.546731917242,1984
20.061500417957195,12.469906109454335,1013.7179491273974,108.78165478990364,2.0699273499138098,50.890882707915324,72300.1434321113,1981
19.931921671851786,14.617089836744219,1008.9343795307681,316.2549051924877,4.087506684488666,99.09753288714715,48332.08434139872,1973
19.611772086979975,10.217229283476726,1017.110554236414,217.09953645569342,2.4707174193910295,229.24378399994288,25285.252828298908,1999
15.724323140133025,11.914836656975812,1013.7023348786743,163.12514648529776,1.465336315252788,10.29578540905679,24916.92402051077,2008
21.36172659240905,13.181781015086955,1007.3773916019305,80.12632006390864,7.795993705431439,14.072147857599049,18625.928349129004,2014
19.19696181576345,12.188204034165452,1013.4056229170925,265.8211795030114,2.3739434882538673,121.99520032204424,7728.803586845451,1987
7.35275654998866,2.944356605312406,1008.7529126514185,325.49066960554796,1.839429056829168,72.05041973256134,3879.462055281782,1987
32.26486012250832,24.049704537865292,1013.7560811066877,84.71102330713347,1.0514405371154316,55.54134452316412,7936.168734703311,1970
27.44384827108336,21.225302504704878,1008.7046134181737,63.14052059050052,4.654011705949905,107.45171238338312,12361.469334368125,1972
20.11849637537502,14.12971789207953,1013.137438166804,250.6398894017521,0.7011275834086566,46.03468476784844,1893.8481594393775,1995
22.094095248702992,13.737013263420653,1016.7523493096754,351.7103385811869,0.018524715427959342,4.787408225246452,6953.839768236888,2018
16.14172826341219,14.478255856596256,1012.7347400403745,269.9838363974681,0.4381549640595405,-6.484633827368853,3547.745624541619,1979
30.478614389054325,19.83420981682871,1011.0455586641381,102.4490660571536,0.23198363855572757,71.01434834920816,22333.4573141211,1989
31.486443473865556,17.716445831851008,1014.0163811052873,151.18395269320283,0.7683676613819328,104.84352361589039,4676.436175417091,2019
22.783468641232623,16.86520606877697,1016.4859131039643,138.3543487650138,3.4960059335034743,106.32028747567321,11251.09045176454,2018
27.117653220926723,16.77280790736567,1007.4640836505912,306.7542064969364,2.108404465594019,66.1963828124573,4023.79073846757,1991
22.87643389466962,17.990721313267084,1014.303280773526,277.6934803940006,0.37020425215328256,66.44999437634347,40042.60638979895,1967
15.316372805620347,9.959185570587403,1019.587704095087,212.03115651414726,3.1101051570403992,74.2295492349677,1479.1798584513158,2008
19.940883155181712,15.16604468971559,1015.8682848163836,98.98527974288517,1.4032454579207,52.257360871836056,13040.828605702827,1962
22.659639833859785,18.664748576806165,1013.2887707333362,337.6758699799402,1.4378106801727608,62.47239618391389,2259.1464220381013,1970
19.72726140628278,11.3913652551565,1016.1986875334944,235.19348091689278,0.8991856867121462,117.06203980474712,4869.114390379393,2017
20.90673361282482,13.502839267192561,1015.2624822805134,349.3715927190417,3.9992855772007188,45.57789904329394,9958.549462570078,2010
21.543002212454425,14.92875940340397,1016.768005545799,208.84213189513108,0.766411308026274,38.70697241578158,10460.45286188324,1987
21.59560751067269,18.192027895539567,1002.8803419450853,295.6293930109011,0.1977404921269323,40.89676515425007,10191.067100483038,1989
22.261292452487417,14.266139280860301,1005.2327193316837,292.7179365820296,0.7211622519217922,63.79769351218425,9430.92197229935,1976
16.696974668016995,10.49887487571388,1018.0241457474162,121.43835966009316,2.513014764015174,113.65496944002854,4264.822060238326,2007
18.41491925436032,13.84672462916384,1005.4736041191928,347.04746026460214,2.1434454708450597,78.03143652818626,6877.061120237335,2015
15.577078671500153,9.749497618628965,1015.007693178596,7.898928335123037,0.41655212821915805,41.99490555689722,8363.514530982093,1992
26.889077748431003,19.127406189696934,1011.2397517198385,276.7359271562691,0.23708131814719935,83.88248622011895,9851.316664531005,1969
11.471765290798377,4.92716086162261,1008.01905377202,347.6005508750558,2.1627185141419725,72.8265164402896,7587.9711363508495,1984
27.76795171658463,23.866226086722435,1014.7482487857374,122.00695318214022,2.2563510261862216,85.85418795572815,16807.666842851115,2004
28.93174698631422,17.556804429801147,1014.0051675185829,233.3198116047499,0.911884746478149,86.16514686739679,8896.266471755383,1989
20.48909706508689,13.698862537580407,1023.5517132604818,202.4003699439158,3.700490400202663,81.4611738082679,9910.261035786883,1995
8.984314560863506,6.224058120920264,1009.8759439773205,274.14263148354854,7.652168088200416,-9.271788507471364,5526.708181303905,1991
20.193447190163546,17.960789301828072,1020.2005506003459,311.8240517922188,0.4604501913560245,165.95704664589118,2828.6591319330237,1967
21.679079193555904,12.52566387362365,1014.7621145719215,217.09604494783727,1.7210911232193011,165.27874766058062,9452.44701857767,1964
16.94700890035543,15.830314501206304,1009.6948905922865,293.7256510973245,0.010721343528866983,59.30345442813959,27104.25603944772,2015
19.423908030958785,15.111089263875193,1016.9962322875863,112.42280732013188,2.496925228757681,59.951263648037425,12630.391730398414,1962
29.650975994316756,21.58987384486822,1015.8286925222698,82.29134113373408,1.0698340555782484,50.2822507092448,3577.8096365600077,2006
25.324635811508706,15.75797769402018,1013.1792164742902,155.04036823182247,0.4295305617518986,88.72910225907016,18301.53153598431,1958
17.3771794281095,13.306308083752796,1014.3314767822031,243.98517584908197,2.7904435585095726,3.2925100624229486,5795.766013047864,2015
14.01200415202284,8.361429661576388,1010.0150648447724,67.4089016179405,3.32830354855463,38.78620774527079,16558.4856993201,1965
20.364913411951147,16.788761894762626,1008.8710643737274,244.92678917468092,0.23569070284179966,107.14343029851928,5603.821950562003,1951
20.93271610324781,12.710777214058,1016.7972108691129,141.87371348594422,0.08371956950584175,120.64803790352738,11536.906537988789,1965
24.48099593681658,16.910380166859436,1011.8803028784337,286.4070986013475,0.8131667913247002,155.26208081618702,4824.694344014205,1950
19.323416437161704,12.41584532998685,1012.5995850087545,13.260894157189188,1.9669479785499688,85.2860363022758,4949.033101882136,1975
24.557497876809308,15.215202588912524,1014.3991079797214,240.47374961858202,3.154130487299062,33.202056783669185,1692.1152168355209,1993
31.675770200301145,23.65567877402663,1014.3264417239191,233.93604119398836,1.5795914963856579,181.43899932586135,13522.02097954176,1954
26.077505112221314,19.325171073374186,1005.8533676451297,338.7367714051132,1.7385699190323733,135.14833648503566,11733.105261869812,1970
21.759557463346137,17.64971062214429,1019.4312604322743,256.81231928306534,3.2174585446865307,51.67505517454596,12412.294052360572,1984
21.084247644733527,11.199223134897133,1013.6059107595034,286.6686827123812,1.5051294028616433,14.880655338991282,10671.485547044433,2003
20.216634329100643,16.279985435052538,1011.9867336858892,325.6527657071406,1.889146322717607,74.0696917846374,3781.023301564775,1999
27.903204562260722,24.543141004296295,1015.1542300258487,243.01869058511562,1.452239045313576,159.14624030416297,21288.009618688095,1993
18.863432770243488,12.301120760816547,1014.1827109680743,104.45530858559086,4.2481789142163615,43.37049534323161,21867.99212921356,1953
22.22611354499991,19.34857670571788,1016.8353134474485,313.11856785006796,0.5371099833953472,80.38342910928495,3684.029978503317,1991
22.255989509405428,15.052870112464145,1015.6899183607547,269.128123011351,0.613032887268668,101.52189672020246,13795.862279264755,1990
19.491079035942338,10.898935850037024,1016.5892311449813,152.79753744032166,0.27384332127799105,-9.916460713409691,19438.116498203155,1985
15.137672260579494,9.985105697592054,1019.7549695286376,255.79050215398635,3.4236806318507624,17.781298417458398,5063.948159247951,1973
23.614872518088344,18.626818698012393,1017.4181227448548,312.3679957852111,1.0612992904940637,161.5829331792404,6026.7568592864955,1954
21.694980140723082,13.510133133843095,1012.1975688983572,351.23476730085775,0.855096125848658,-28.843420568642927,13823.335318909729,2006
24.50120234718285,15.95016432501502,1007.3854942196158,342.84654142525994,7.9636806927314625,135.28654355690762,1789.4618847352478,2016
19.331998467804166,14.719477792049297,1021.3389896650226,117.11801763509095,5.229211697373962,124.26166863423515,2728.433130304089,1960
28.10410649406524,19.67899477932281,1011.8113831332645,151.80973693854543,7.150221882859023,111.38643360720609,3011.59462175241,1994
17.616131093940776,13.500537670732024,1010.6344629331974,39.43317779185366,0.30699944259710155,64.88772289550182,1344.3738373211588,1971
30.560201420089463,21.867800075579293,1004.3163659111779,89.11594332649655,4.437440563558299,21.96112541475462,23979.14502287323,1960
13.261817450858691,10.24252285470423,1014.6923655265606,317.6716350553021,0.7971068956758942,65.74211192056055,1109.725743454125,1987
24.173850322784457,16.057092854330037,1013.7444330197688,129.90597346056921,0.025475098909273363,54.379498206219125,11419.87643879644,2008
24.377153412633117,17.527469272903964,1005.4244253187526,223.3989570941572,0.9928540195268403,144.01851596081883,18245.675914685675,1953
18.02221466029559,10.760804250815044,1015.2663702106659,239.747622590532,1.4234222714578701,70.30694654877212,6041.478499060938,2016
24.121969689305065,19.462246027520322,1010.5090403964928,281.4585390515923,0.22907257712377452,4.17570102419576,4153.191589111748,1959
28.397593348800793,18.609765910525926,1026.4515750364435,65.80801088842715,1.5429856645508635,55.36231543323938,10227.57160229377,1968
10.915905803229677,9.898829037359553,1010.1531940395456,109.73272846119677,3.4236455436890783,-42.120987855985554,8117.950506293076,1977
24.51372403745407,16.69239290425212,1010.8240333390111,161.401082924945,0.9485083427139751,15.870781266903776,22103.80097235019,1966
9.533645898349612,7.07755015035937,1008.6261188787281,131.34278204577848,0.869720299709375,73.03986131648075,584.9222074093997,1973
17.17167598238396,11.03024408588737,1019.3893826052099,353.84588382948834,0.8274293454679572,45.15836661679492,3233.4097961962675,1950
30.145831824504725,19.07009141481725,1011.1361210276763,300.5786891569365,5.1303543597981855,64.81109998308162,14208.233278578811,1954
19.09108983303973,9.874242107917208,1009.3754292311725,172.68723166337497,0.09997376736475666,58.56161646500235,8522.350335666726,1981
16.130600177955138,9.180771807383676,1016.5347750496027,316.53670539112846,1.177848734855185,30.393567785898085,17189.158756080386,2002
21.010311355076592,14.05940024212177,1006.0982353229341,125.15506112998685,0.6146799357314795,73.3538780282485,10530.382994770509,2006
32.33953169081776,23.061430541230198,1016.1255527312447,282.8981966004952,4.4849946495741655,211.39081940991122,7081.655143939602,1992
12.84158876396987,11.009870761345436,1021.9069985830043,80.52321531832331,0.20196746792027,39.916285811027,5989.190600814024,1988
16.743450441803276,10.828900389668595,1015.8330391641755,278.03593628149173,1.060162208262109,116.6428904910652,82872.2061971997,1983
29.487158415898133,18.877089362594344,1016.1894915812996,164.3232251504622,1.0445017954643283,5.807888324130616,37607.02977604163,1954
31.288511717688664,19.016528630376637,1017.3503010845375,38.69975555720725,4.3855684166118,84.1362068037203,13299.81092701946,1967
21.48284387854858,15.998117950792212,1021.5485401433776,98.37448364000963,0.4854007025112916,10.54085220791793,8764.492486949483,1953
15.804736487366787,13.829704571815437,1019.0494698000955,144.81886464848327,2.0706858280592733,60.764732421641035,13879.005051923541,2019
32.479217509045796,25.268112792244633,1015.1983486113651,269.74544819919737,0.2886788982250175,149.46891672055963,18524.226925433384,1960
29.972211958745984,22.40041386741666,1017.51945700318,26.27377730314231,6.157172134082635,141.57480617705824,12318.120710309187,1996
25.394734938811165,19.053401091703012,1008.5703253726745,237.43691823335024,1.7979576983675676,76.43867996074366,3822.3468691694025,1980
17.9379882553129,15.95183933813771,1016.8814679537367,257.7649107358237,1.9683723239726454,126.09749240545976,48267.35676228129,1962
21.754853295809816,15.892560229900491,1007.9722201440812,235.41169317327052,1.1375218609492155,87.97442710310219,10365.18867461131,1972
21.19819959477585,16.130999068391436,1011.1648879068418,273.84106974032,0.8379601889857071,99.9133784867095,60714.02655825228,2014
23.654256523077887,15.91641184245052,997.5871891242838,64.14070176822179,0.4782319416725989,49.521577614151454,9770.740025806848,2017
29.25500719065668,17.754418291750163,1015.0071482968373,211.35720782269345,1.8526202870796025,67.80939849685025,6338.178148622038,1979
26.397085205687016,17.110261842981757,1009.7806399444582,338.81218099339674,6.182801830518686,72.76665507839627,32342.587009670202,1980
16.613119615076208,11.610865653484035,1018.5557260760223,219.88233712963358,0.8919210434622924,116.48455512441997,10951.00988658926,1996
28.882482250097688,20.339308320070987,1014.9509630530271,220.0810849030631,4.2938463455386735,72.592345586451,9259.660227841223,1965
23.565660700065777,20.34853419975683,1018.6204794735081,265.1182711607768,0.32216066565987617,0.24567039735048013,2439.7132584610126,1992
25.43532897929458,17.967284620688343,1007.5820172766373,119.95352356530925,5.50168642615987,76.46498937449888,15681.199742005087,1952
29.332704296393015,22.890579895526397,1018.1919301857981,252.1713244757546,0.8630626503092549,69.08047253825677,4947.756977683166,1961
16.442098752432244,10.639314643549938,1023.5292817218167,329.8441799927574,0.9551918328106708,106.45886641902354,5178.179320427071,1960
21.820872106467686,14.65125870299691,1016.8207914996594,3.922370289123478,1.2429269581390028,79.75208589958493,4961.439277766482,1965
19.342727243203925,10.88189379579585,1016.9517450434614,313.24069479919154,2.5334295778098017,84.95527960742027,12569.56675867168,1978
14.16070287317272,8.42783598546776,1013.8479883819747,78.70259925318928,2.543457408705511,99.1001953673218,1745.1987524876045,1970
23.733549888024598,17.667447704344724,1010.3766560971732,164.13237853213508,1.3062711939914318,90.58895723508085,6562.682114358289,2007
34.55778275792212,24.205568291333748,1016.8059618635075,306.84520834294966,1.4811187662279475,65.05287386685995,21596.33689528658,1992
12.799611277471236,10.845605134024332,1005.4695854479896,296.60836588438644,0.0609400393629,63.08823675485628,2331.64925437785,1954
21.83859694475265,15.649525758016953,1010.9112243753959,321.09389212538014,0.7256640097596606,129.7038692357769,9632.315871073008,2001
25.202714675373866,16.936992809486224,1004.144715988314,338.5500453477094,0.8493480705039902,83.3638852785724,4309.600897960593,1962
22.615391008280906,20.12736743337055,1009.4817181134246,160.97650443783309,1.636184312851685,81.36253867987601,5411.636819597273,1961
21.4343597374213,14.816244678768815,1016.2102254594678,236.2909718883625,1.634247667426126,50.30646197627496,42410.542763314166,1950
15.503918182770878,13.178744667350221,1015.5269668811023,140.5722385893984,2.47505778121072,62.891424266817246,1555.4354482719132,1957
23.163933714700818,15.412335187201215,1013.2545684776774,126.25801829717969,2.524809678116439,100.58834428348216,17424.461620127222,1965
18.21618011492037,14.170525039211391,1013.8520049703101,155.374347815161,0.5363098791741809,119.2545602876763,5024.452296285805,1964
11.050391475107233,9.591305350878436,1003.5706769106789,267.50740852176335,2.9409800034972258,124.14816712437961,4780.670152156021,1968
27.972961102568654,19.998056712949218,1011.1371885971454,180.51866897095903,0.03959653342578952,117.45478362711617,2666.2750301423953,1974
26.79192909921021,14.04538452405394,1009.5932419678239,293.06148280140314,2.518702439125573,161.92547032049214,17221.254682713843,1980
22.2583048842554,15.617318340691003,1009.7047015474272,268.2786517906161,0.21530651400660453,92.36762472695506,6691.51365388287,1951
23.145373441028514,18.662681504239913,1015.9978931390688,7.372246004783758,2.6160624725790456,104.54599936327304,5897.775861563096,2008
27.37159006357781,20.21507471055993,1008.6974633674735,226.88573655821818,1.4978191691929974,219.1815572567349,9043.819988262905,1980
23.121698283890414,17.07686654918178,1009.9765957493629,157.16560439109278,1.1498555937742947,67.59011238710998,6834.324223468738,2017
26.520087773806573,15.11954757374956,1002.5646537714524,164.38643609441098,2.3466698793933056,24.856625295318096,1095.8790660738987,2017
20.51258899563075,12.917902155591406,1011.5293840981192,294.61429939316207,0.07409748138243884,178.2498042388,4960.073395169223,1961
28.559918692869733,20.814658347311692,1007.5608122614319,197.13887499048363,0.5058408432763547,130.49573074053743,19839.71252265445,1966
23.603928629663418,17.343516594338176,1013.3960146434482,318.82385644522094,1.916519176263688,19.053754676799727,1796.1190554437533,1978
22.97025971802937,18.508515362886367,1008.2444597662877,256.61001326100853,3.7574524721379903,67.72141722161345,2724.5596566334034,1985
15.64969455643984,10.665052679215698,1013.5227112277461,199.022403155059,0.9596478197182233,69.87810756252372,5288.069924056209,2012
23.434779271508543,17.215993663403605,1012.2765711962883,271.6336714143973,0.5988656124091156,41.091396065899545,3922.076772358347,1964
17.840225412527744,12.520906272632008,1021.3602088652116,13.805658333146628,1.46268041680765,-3.6745762078555444,7880.24692371962,1979
18.808586367357528,11.192124984147155,1015.4860899022659,9.750115738154786,1.947390864716558,98.47325134267136,2716.0210752712674,2000
17.923121858419393,8.03460263870408,1003.8018106371885,30.005757691506744,1.0898096631526477,-34.70671242504768,5498.0319295376785,1960
16.668825340503872,12.530197122612863,1006.6755557794864,157.52351705297136,4.186443024283082,25.628642374832726,7723.365305237286,2006
32.62385701508481,23.184594327384985,1013.2760400449616,84.76205242569952,1.4823178727476272,82.76741793153494,15505.350179315728,1962
28.656695309942016,18.82333663275907,1008.3507602580368,354.3340659896825,0.07296200133735832,43.16606631107117,28135.555790813,2004
31.601837510721307,18.882940144473185,998.1581578488208,195.2244500440921,0.5047687416036986,81.23752088077049,6238.23673022163,2012
15.88552490222218,12.379346460373,1019.7477315691688,238.46966858921706,1.1980282262624231,49.192057669895846,53533.35739224324,1951
22.356268749554463,15.117547976297018,1016.601120084527,100.3752490488108,2.3928395939177842,-81.76016802058427,6741.888917440747,2005
15.532461873979521,11.986472756521955,1015.6048843674589,115.84688709153916,0.49628754714167655,67.691489483879,18562.062908602937,1956
18.52152561401468,16.693164990633793,1009.9633847726454,120.76628909081612,7.480972097669492,106.48084983232002,55910.514413843855,1992
17.409365082917127,7.903693797402578,1015.1383838550496,251.54485385410823,0.7670890334705063,127.5682534268859,9314.321205288774,1980
28.197920032207808,18.339342405140737,1009.4781983788956,170.53423476815107,1.5206271857670268,85.42730560782472,2051.8013188335553,2010
20.0188516094912,13.594444900020013,1014.0242865010885,186.36611491082678,0.038297107349274655,-42.055125413446675,8874.203441167092,1971
27.34189666847008,22.04898001622236,1008.3970838708176,213.1210735773643,4.323746706782648,129.244116725691,4395.590295503145,2011
25.02060444794259,14.241617075146841,1020.5814422527801,276.7721962457581,3.1102276396074067,83.71537045656828,6158.373460420479,1977
33.51819376052394,27.33445768372797,1005.1488167295907,32.53310946449213,0.43496422582447825,155.3812303657093,58981.36835930135,1974
14.60277888430138,10.493657022143546,1019.1614191475542,279.6746083987758,5.4132032388022475,48.35717501856232,2385.6730786450294,2014
28.296166198933996,19.615315015786077,1013.1945791400866,202.76462479506475,0.7591262506817962,120.36129335107636,10943.126511522285,1981
27.732204352003638,19.016423519964736,1010.55266502329,240.8743601478926,2.3565210227928906,43.01312259826946,3368.688301979388,1997
17.133105809864826,11.12064800254532,1013.8350146084787,117.91863534267432,3.418254833175566,-2.322801271576523,5957.117837597536,1973
27.035666682365797,21.021200196194364,1016.6667400358909,147.3792612539217,2.7011940126294647,82.81691031289259,17065.980819669105,1991
23.680724815131143,14.439465862426921,1019.833733683472,83.2196950754113,4.991921864426419,70.65297898952778,11138.512129477718,2019
20.86261870023296,15.294661453450779,1014.5657151156677,352.5479990702659,3.9942454668420306,27.17595744512623,6470.235146999225,1985
17.880322565140002,11.747862464184049,1008.5465195736887,178.921070103714,10.446981682114963,17.5181973184826,4231.025487685521,1980
18.40445274275407,11.358850022899652,1013.2781506188289,358.5876896867752,0.4032813399902372,18.161664410421878,11115.304174532323,1976
32.24906047892963,27.746292686618528,1022.0839661833119,176.3229521020559,0.7270015201772868,166.85962149518798,44698.11980340549,2015
22.003414094787413,16.240491335858106,1019.7383904275631,79.11045517826425,2.022444237733038,22.085197672638124,3290.0171528445085,1994
25.910650007657296,19.363986094682392,1017.5438173906218,182.68286282526842,2.6413667247710135,114.24418077983151,54811.97031337282,1993
18.045503091662233,14.907405725500887,1016.9784351006119,14.254405847668007,1.5297377776853787,19.076575589380113,26889.66929435324,2006
18.100735268891807,9.82781479758717,1016.4972504530327,325.71712851190244,0.1536073751887807,83.19884234865974,31867.8635121184,1970
27.40992404624971,22.691530650618862,1018.7937741725493,294.6780904299988,3.6852033324397087,157.49021002881318,11030.642722288147,2004
15.252118942242339,5.658568902579485,1010.7168560713905,261.2953874499425,6.481954341474145,105.33575198650408,26137.589698120857,1964
19.923931160473643,12.409218992254507,1006.224569671125,219.53761755928562,1.040125792027295,48.25763695138182,2954.748208408634,1983
22.17013705536116,14.60103259239501,1013.3450175036853,208.74032412133073,0.5093006395958172,87.63117928404324,4154.536264981764,1952
22.556863009200264,16.953250836381194,1008.9120920661115,358.82215706860666,0.039005404678991565,55.766639201865324,17427.658879570798,1950
21.104533574919216,15.210610034726425,1007.7248962231141,100.07907624717765,0.5417784920093462,116.76128444659523,10892.666626376407,1973
23.979098905479617,16.451739752438943,1009.3986071170604,280.6863715316081,2.407404180867312,72.87347406754755,6985.701816886127,1992
25.464278779089057,17.801000456106888,1025.4265696226685,209.30571727691668,4.85152653518565,150.85072764155234,663.4086128982539,1976
25.67318772729665,16.015185362062518,1013.6806231703792,351.3169957531987,0.19635732609280243,36.92878651615785,5242.3542038336755,1958
17.07098095666087,8.95522188069426,1014.8095391818049,298.00914598737086,1.6115533791807588,14.411366260933825,2504.7550384658934,1966
20.579224510356013,15.858480401921328,1006.8881859649787,359.46904067625337,2.3783736389375414,99.02040758449277,13273.625646696026,1988
27.97381430938469,20.96908224164165,1003.7812352060369,211.7969980064807,0.6469800419679607,111.47771980283228,6693.093624561719,2004
26.47323593786936,21.70025390682267,1008.9047367844059,73.63582471617661,1.6874613103332452,175.2782009723378,4322.976531213731,2017
15.135702742594681,9.01495772618586,1020.1909779260437,181.32733285010417,2.5122762980691156,44.067169040923176,113881.13211316502,1994
23.757399501761007,18.01581007183455,1014.6713773303826,256.00000825820683,3.636854753424111,52.19172973908235,22883.570272397137,1977
12.108873753125948,7.9087981704587005,1015.992975457222,278.76973902537173,1.204785089633195,8.391127448084106,23292.16091098648,2005
22.234674510301847,17.945222127598257,1016.6928301960103,0.18359604573968458,2.755519520663398,65.89067258681436,73292.61589593996,1978
31.488835083729885,24.0861101119672,1010.0432531010086,181.80975186082586,0.7184505916172345,123.62300741741183,18073.31432559269,1978
17.260536413655068,12.50479428800746,1019.9398279198668,84.68444878943276,0.479172862045763,-30.754002775101867,3748.2561739430216,2018
17.82838477254209,11.800809027447489,1009.8359620038891,314.9682599717238,0.4148203109359771,-2.936288820468924,3334.5854517785156,1960
25.820148907864297,19.995968592721532,1020.0311617963127,55.04595985808228,0.88905459095091,100.79563438386171,21266.806561162706,1951
14.28599242395177,11.294003743279369,1015.2115107806767,239.92424984694003,0.07307836147506641,60.471733155359644,1033.4373109312953,2017
18.836224850574805,11.816476591229998,1004.0547742287683,95.78238851697294,0.6653361088757989,46.107986626368046,7496.71624007709,1959
24.982205687908763,14.831946634577273,1009.2599525669973,128.35517155713802,2.112386608823105,102.62213151956422,924.151133299575,1976
18.828570761552985,12.602933731723498,1004.0753073356394,338.6013338724641,2.0877883003332105,-15.735196762578681,8944.94196902386,1984
20.820150063945142,17.604932675458016,1018.816410663971,86.56132514690862,0.1527986198948976,31.0449221084082,19035.677313428056,1999
25.720928551575174,20.297624303568696,1012.876322895988,34.200994256255036,0.6777138833686325,49.96317733810441,10715.167441355436,1951
24.107730417682806,14.650756353036801,1001.8582878002511,24.942564519921298,1.6858838244693768,36.23359195646953,20704.5623628524,1966
23.33409198147701,13.998349555234064,1014.8787344085983,181.66143963580637,0.7670710696238049,122.06637304607906,57804.79106712383,1973
20.304388603649805,16.762439721913836,1010.3141786880584,231.01613362234366,1.08252850893468,111.93258007435125,7019.600332718794,2006
23.850305576344777,14.423942093925683,1005.5809707248334,117.8257116855194,2.4952277952959667,-21.712086200035245,134275.7477131203,1965
21.381336599501218,15.985526266934867,1021.3898291848435,248.4935070455091,0.01862006727676925,-29.201290399740728,10023.322997835523,1985
24.289028049628925,15.770177204067599,1013.5364293304829,21.97213868636561,0.6470152071332432,84.81242639116506,20934.735890669974,1994
19.51533987441011,16.89482776113044,1011.5328429884335,308.64047217223566,0.30717024839969664,36.695016574736904,4398.1412410482735,1959
21.087155128102296,13.220158991395849,1011.00287609507,293.96419550612563,0.27303554114981293,61.03129437344969,40917.5350356507,2012
17.05021103723993,14.221870786479606,1005.4336026542111,354.77865770115085,6.390329165242927,72.44716337886,22964.62341802817,1992
21.82496194996882,15.647190673098901,1006.4772555020794,337.14179312466433,0.9450065625485646,160.60595634158705,35293.40162229605,2000
17.944995681855776,13.065886685767616,1019.4245839243754,128.2309790108141,1.4976943822738722,57.31631691131827,8556.99556196358,1952
16.429767749190034,7.56022026173022,1010.6305856510714,143.7391382456078,2.647179193596449,89.6559554805653,2309.0291542235077,2015
23.293305739276942,11.899487311082423,1013.1103385046844,268.54734509217343,0.09722005799559794,52.02588512285785,12840.986950907089,1984
23.063698879288303,15.703457334967181,1002.7783476189946,48.26979790379395,0.5515666577061451,93.24334550214382,1484.718077892286,2018
25.914368674742864,18.633870199153225,1006.4095398210225,113.04529568814054,3.569342746599781,119.53652985288991,5789.575179031371,1985
19.844372152124503,11.640664851011707,1016.0490625993738,42.67473731123338,3.960867151376162,35.74449485284707,9809.243521923217,1998
24.04026423418378,14.650798142975962,1014.8885588005692,163.7591216662193,0.9334609298454241,54.310435578976715,87310.35008812525,1950
24.753987861368316,18.450736762610084,1021.7668759936216,198.72154075871435,0.9395644264058121,56.62211175081163,11142.797588072144,1991
24.223869039157975,18.08241728832484,1019.7147816581561,76.01776918659087,2.8285391032505194,122.12368122040735,9316.454986652407,1990
17.871731585989288,12.234729989416648,1011.8464451375759,9.5874072890778,0.6993141870853521,91.20816520858415,7608.091081539179,2006
22.746817411355945,17.48317563032131,1015.3647678235664,258.9680994301883,0.2490732624242887,-49.33094739425049,2117.325670667305,1969
23.820701480273307,14.32608644475102,1011.4169827854846,7.201859193420663,0.5955603077536925,57.139675579283804,8829.254306333169,1963
22.03589233453971,14.713254800003856,1023.2740490931933,350.4249392142082,0.9799057386372556,90.7869167173573,8981.145156278593,2001
11.567611708144577,11.39308340726855,1018.745073480262,79.77861242726236,0.10723347687324093,113.26067669045192,3076.018991038847,2003
22.8024481198674,16.098357943786816,1013.8484254542888,239.00403316186478,1.302783419856902,66.90663186765462,2473.165988508543,1998
33.06265519698621,23.396483667064345,1014.0019739243818,156.5106214463961,2.694205087328006,127.21304206403516,5006.184450672222,1979
20.199803656215085,18.75175573128604,1020.224251436299,21.482589721358593,1.4420447969100847,75.74622921171283,8646.69960508519,1952
18.359614510723393,10.053045825808832,1015.8978892355692,169.9860983884083,0.1492215458741826,33.38062123872247,5127.870878678134,1961
23.86674279855699,18.299580692274112,1020.7931400853504,186.03382834684788,1.160171459577958,10.806373859768982,2833.0936336647,1980
23.561891052332857,19.821296296249198,1002.0317603687056,307.6859549134326,2.4682085162296192,15.464693687027903,10821.306048531662,1986
27.963675827082074,18.924857225960356,1015.306141307494,263.64566507324326,0.1197052295103263,131.5036616927211,13889.199798216132,1976
15.71065922045556,12.716723028028584,1010.4228256765931,28.54889091121909,0.12342570561974171,58.12616637556751,9148.065445753946,1973
25.65690126287496,15.995791889590663,1021.78188993814,75.29856603561542,0.9259810474978994,44.5625007494102,4614.769898080494,1990
24.952110306257318,16.093012423245415,1020.7319934359491,112.27956631738118,0.43373647500356766,6.716148574012891,14688.8065163098,2013
21.28926731529727,15.672419952803356,1013.1641790455066,41.90676712733501,5.460002483210062,110.04366868696073,6697.319898972946,1960
23.69343658960845,18.182538958947095,1020.6781548940552,164.4836655292166,1.7414095042969986,29.17571421357121,2467.3902513650037,1965
27.147287407991787,21.244974210406742,1021.9155725999625,354.3513087105128,0.6774606867892374,126.85189505959818,22839.44479447458,1963
26.36157690014225,21.59236100397856,1013.3720333596308,185.26060484559417,2.4400467169027986,79.88818172613189,11539.232375550551,1996
16.284903439631357,11.264539290631586,1025.3596688621592,267.07758059634097,0.9397802357266449,50.17811535519686,7191.8929705513765,1979
26.10079093377742,20.65777716398937,1012.8432942366513,245.8576071717646,0.28339360809839836,174.02483599692837,1684.034691368623,1973
21.67655697483741,14.488980195487889,1011.9273952483204,305.96811663316964,0.541603316344173,-33.4582599894954,3847.349393144133,1962
22.364370490077572,17.459241966230834,1017.3293629429218,77.6604565676194,2.058623721935343,37.19656898104587,60996.1308455892,1958
22.36598495500847,16.071167064210293,1011.2310463442884,271.37745420949017,0.10654019077940423,150.46239839886667,1793.0223490131918,1998
21.248785056008703,15.765505353369939,1013.4266988789744,317.2878865100698,0.6368023251327456,116.50049522810896,6302.178966996079,1975
27.958537485535324,20.4179919879188,1020.0471721202546,61.74353627288739,0.467174488747489,78.01960931222683,7971.789193720034,1998
21.58141020075394,11.897577120932132,1013.0960942610864,124.84879912368135,0.44912689447029497,161.061651993861,11164.303606376863,1991
16.402269358084155,9.23334483293736,1004.5249110351234,349.23663515936215,2.296208593593425,99.79219380959506,1813.1647247309552,1994
20.032350720151356,14.227728383740994,1014.836596939246,281.08362455272527,3.4952966607671945,40.03019272568312,9644.819939800482,1970
22.893473584052376,12.650873349554324,1009.518532104738,101.73269971351165,2.51662292235226,18.70053414678349,1501.0115665927474,1978
28.146073921485254,21.364673951439187,1017.3263557864727,203.0190370720153,2.0753795587343604,163.67661724444173,8932.296397576849,1973
25.01547342474417,19.2539433298972,1016.4809485791312,145.55740422581235,4.964662461685213,40.32741661050673,4220.049264400277,1991
17.74732360626478,13.077467630140925,1020.3570017408326,176.38746347776674,0.12033326182219557,68.61066344042882,3408.8515785901595,1990
34.425949583394456,21.855896682860273,1017.5376615039635,127.85982890065506,0.36660348037654356,186.21396939184484,18672.6872195716,1997
23.3238765548899,19.086991466159958,1018.4512214182903,100.55916667092261,1.0702600469824421,84.98067153774618,6402.179489668674,1992
28.376953689995073,23.938288862433268,1009.6545161993114,242.91469490091075,0.9318690976002039,98.21598539974299,13013.0867726756,1957
21.241427832113853,15.163153137371644,1017.0199324794526,280.27505343100233,1.0827470001331616,-17.056337724107436,13451.24453695369,2012
24.666796223527246,18.287828113371543,1022.8422564468015,314.6245641890441,0.46248982037297404,129.6923795323218,28852.545173256138,2012
26.197342522592024,18.741617075406502,1009.5567504568162,55.9187882345477,0.32386953108654126,-3.1362527000201794,2420.5311012024363,1955
28.09097355877128,20.724419869137495,1021.9986914586354,296.22798851228663,1.4234096160086878,159.20016832295335,20312.985950843442,2001
27.286841526891124,18.861671555570993,1010.2532495439933,91.72829681174288,5.263637854273698,5.9438876372932015,8237.577792247077,1970
26.360985000364888,18.383561020567814,1008.7401437747501,153.84110036761822,0.9950603437582212,46.099934739140146,5551.788569673717,1963
20.424566344029458,16.10863164181535,1014.4810022167742,324.51972690572876,0.08864208084425118,122.3026187871965,2567.6580062622083,2007
19.14126979021969,18.090137176946666,1016.579552080644,163.6212963537367,2.449489734394713,137.9218793491071,14862.415589322281,1974
23.663037551620988,13.763983817331214,1017.5587506198614,70.94287225595383,0.6880954521186118,77.42034873960678,3222.057722418914,2005
26.665640361705346,18.458323284387806,1008.191187896134,57.5527158853624,0.5623267502824737,71.72212600733619,13599.74860976424,1958
20.886396496116966,12.25955657681771,1015.1727004862714,170.27415599476817,0.7838878672525674,78.52065868990249,55705.31108397693,1985
27.325859828571932,22.312151677152517,1009.5722271425825,274.5620726315595,2.573372489802129,-8.503546533094422,21589.816849578605,2006
29.263083727430896,19.30868267056183,1005.5553887196471,358.99385183074844,3.4165217653104656,154.89888529682753,32579.362838994955,1954
17.4183954046329,9.306475195671442,1008.3563184223361,283.4671062351247,1.7737360493346068,25.685274670465244,3948.121688006202,1956
17.8153964810186,13.747151534410166,1009.2454981702209,315.72430521942727,0.7786287337929,48.84990614952455,17374.050928691577,1955
21.29812470547332,18.397309523317546,1015.6079758017626,269.2196499365597,0.7435140263281665,72.5034320953299,2580.6202212630624,2001
23.538063340945982,17.80384007578371,1018.7610683153433,322.35663627219816,0.2654824952408433,87.1316446113976,6415.787941096406,2019
19.377164931164746,13.973611206379156,1005.6339668506237,27.46567559300877,5.4151320837082695,86.66489970712674,46224.81509869622,2004
28.761013394335723,20.950991221586996,1014.7598053710403,334.77537563339234,2.032992442686163,157.17331356423483,4412.32832325458,1963
24.120334307592255,19.713915340965688,1007.1165090711455,142.7062153412362,0.05469022542550444,148.2010575897623,24621.028754273866,1950
22.197235241203696,13.789666128814288,1016.14542704507,331.7811203809601,2.171592108291647,70.60997691165292,22373.818404243128,1986
14.820452380657363,10.150622458287527,1009.8863470949813,27.263821485411203,1.185349511449195,83.85983178700981,23735.83594327322,1998
15.420920917862466,9.889264345484657,1007.7433549098836,257.4874645636089,7.191358491791197,93.84185955030149,2282.4347474751626,1961
23.405046251409033,14.047801761402903,1016.9983225767379,264.8479495212736,3.4192771351559044,-8.692663638110645,13700.683019558204,1954
11.337021869225818,7.279164789624467,1010.0653869727745,358.8879201471982,0.37583216320889035,9.55078866982688,6928.519507526614,2019
27.06318704822036,21.15967312571915,1011.4201802432365,276.78789744833296,2.5467252154089035,47.85852046155953,24064.59272237856,1960
21.209230778138398,15.979665841482328,1001.9000545622181,137.7265340936184,1.3293760385505793,67.88484188680583,1548.4343463233913,2002
38.215464847973664,28.039446393797967,1017.7327568071173,200.60947858267633,0.41415944569383817,187.21816570450324,11705.193241085748,2004
33.53958125308055,23.77065810046302,1017.1045426058455,131.95833773997248,2.3995625841985997,147.56636374097482,10161.640786624108,1999
21.092754653762416,15.811575823090866,1013.0272892214066,70.56671230974892,1.585438203649755,107.0909637763674,1107.525207908065,2002
21.468314987343426,13.426639806444188,1005.3620952932212,89.46083790081846,0.061689447638257996,46.316238913519776,3342.852100543847,2004
26.97790757001015,18.265515527152647,1019.0468458916738,79.92379233875553,2.0802412476681225,70.4218649668559,1299.6467644627892,1952
30.515863049590187,21.745112608650484,1009.6686830681961,197.57351885875664,2.0156451115705383,71.14514113427134,3919.207320103331,1965
13.809854712819917,10.221930016737721,1010.733232749497,326.2178284314816,0.3111687899984565,-1.254563217368137,14033.70316794098,1994
13.068122673226567,9.788061581102342,1024.5602202817977,328.5815853918231,0.8584535688232648,70.39997672264313,9851.367683545759,1985
18.889825972228092,12.946207616526907,1009.4818177794539,19.714959909297182,1.7632906058509388,34.85925510350183,9598.864417290428,1968
24.91368791586932,16.684734738847865,1016.7110498121325,28.763784342681667,0.29881758033787226,18.044238113331375,2864.794477772136,1953
24.484367952537987,23.454600132865185,1015.8104613104131,88.24286058204366,3.8308853542055044,96.24089491945625,24845.961208887536,2008
27.34885727491925,20.95777463830827,1014.9508609644005,91.82140288901097,0.0557417106043851,95.59005149960079,7952.01251090934,1961
16.00151235817346,12.027353602626667,1014.4100027127726,34.1601030861304,0.21703635826627105,63.512368776141116,8380.843227809528,2012
10.419280685155616,6.827079483196143,1014.881942809446,139.84680282243858,0.24683834744325658,103.58458209221416,20752.03449794399,2005
26.290070976510727,17.500612029669757,1014.3597029547027,211.5811413688634,1.5020065619357377,86.521483636229,3006.8679033436006,1976
17.859018635173825,12.239711857167766,1012.7404082061197,208.13839221580693,1.9357682066060318,21.897439527683602,10183.741631477056,2017
11.90756067805681,8.920950161813133,1020.5564156205537,195.63468525309338,1.0341596025235889,6.644287444671811,12375.357694205444,1973
22.725318729796907,12.146852022731672,1006.4366971960036,121.92189295949899,0.6812287242524038,24.151123627553943,4695.837935375427,1975
25.965878441093388,15.037335718016003,1018.1072905200768,254.32404671396904,3.3142897710021337,46.59132799628836,15558.670968667973,1971
21.389714339393613,13.699035259697613,1017.1117114934377,297.5342187531857,0.1414587217527023,2.906255976510522,13057.568033919073,2019
19.710758069087554,14.211809521918424,1016.491995606647,124.65873593186704,0.6578190236762632,71.10466132396344,7323.350989999375,1968
21.203188839270467,14.363685893185623,1018.5848971382006,30.792729347806315,0.07980229310343816,34.3949391620745,7099.993232536923,1983
20.147086187996084,17.059202783796227,1012.537003023658,106.67889039306834,0.027975011206606018,75.75741877702625,13678.050283337443,1960
15.259764440299165,7.717041534217877,1003.6551296208656,49.452715646965,0.8719926165712535,28.863616645564136,17827.028506489103,1994
18.426596615047842,11.395926691326748,1012.6385367014276,168.2491418017851,0.4333879453774211,52.94772065505459,8629.138193664297,1986
24.606399525069072,20.26466314953055,1008.0440289118773,56.13665447378818,0.6249493833098339,171.89535149653108,24839.47648660499,1972
23.6083927068825,16.788113544168045,1009.3407039507097,166.62411275687182,3.4401486139168496,134.10272951345456,15654.692048358991,1989
22.8402990298341,17.757894486486187,1006.787901630838,79.5610412368732,0.3558148578117797,-3.631360332655447,1354.97197476979,1992
17.024257590733104,16.019474200052098,1010.6132757077809,265.94319796646505,3.030378110829043,28.500962180408045,1988.4352511395969,1953
21.092484189321663,13.377130096721517,1010.0168815300827,9.924566700904428,2.2481717446241403,-23.691342909619436,26429.476993093325,1964
11.114674767785726,7.581643661865943,1001.1121508503645,199.70866937949322,0.7903728063340094,15.458330476713595,6331.0847599002645,1972
22.892383319426948,15.47981452173712,1016.5011095564114,61.015778971220406,1.5817676424573193,92.88766048016141,9548.848237490598,1961
29.144288539067837,16.491815968380934,1024.1016092900245,0.35707120906574463,1.1755415252454615,145.16433449798603,25318.497084880048,2017
14.629339339789471,9.619743930340691,1016.0311859674814,312.91203170333057,0.27483860264999427,93.96098895718748,8051.299473207778,2017
19.070361633411224,15.111377518149187,1011.9853802173288,241.75000361306434,4.754300961459512,76.40388639231985,8410.764138907027,2001
23.64553389355065,17.633052809109934,1012.7262680216189,35.619415938188425,1.686164034510808,29.456443230397326,3399.1163073136768,1990
28.26421317213742,21.023115559272213,1010.8950706599342,239.06605236618802,4.24453184252883,132.90508601987034,11731.050651303787,2008
19.758876918499254,13.080195881670479,1013.4502079193348,220.19303978553546,3.4725720822431048,64.01597613662227,14566.974413347378,2007
18.538748353670517,11.664929375558078,1012.8149595296338,170.4084073355532,0.1662761582971174,65.59061523890101,4546.52354107039,2008
12.155384287919585,11.04728034534095,1008.7947578480085,150.93291543322104,0.4645468693495644,137.7385971247453,3222.712327468066,1972
22.51719064654053,14.76739915986303,1021.4144419447391,319.3451146496646,0.313918507236285,38.928129927516736,112003.93181982834,1950
32.21038020071872,23.135430218089528,1005.5642288214511,88.25328716308246,3.553105749018648,207.1483910810653,7384.153248897569,2005
23.38679230982338,16.69742397823144,1016.5916577159712,143.391620524818,3.9674865319191643,168.53514902827993,4090.0303125496234,1953
21.888605104081435,18.24545760537124,1012.4940118634123,118.48154864213781,1.501431869285424,77.0310241358304,16425.436942667206,1978
23.61041155383493,18.47011280302917,1022.5041590753287,277.63237045318806,0.22002725479468724,88.90708286799945,7701.773952676868,1966
21.94453998025699,12.770660744845651,1014.7043229962411,329.9275102437142,0.29147776011660115,32.33788035540331,2735.94910538894,1998
17.93492813869935,10.179343363539465,1011.2004723140838,305.92141154648294,3.3591716060935295,64.71740224829934,13135.234718397394,2000
26.116399578388528,19.439299341010237,1011.7614640078275,287.17341490791665,5.295513946856705,88.28648623840768,3452.586816416155,1998
23.12880761555877,16.061490036132803,1013.1995334725988,355.24438040522983,0.4449767447582609,44.60463284223691,39201.018287207204,1973
22.088066259668288,14.551302813860273,1007.286046525018,250.97203814773866,0.02240012736184544,34.82738838664075,13286.511541138083,1993
17.12316986360875,14.017474672515068,1009.1656523744105,270.3793648368722,0.8038016508867171,43.04475305852574,6143.313757498667,1990
28.517539659673794,20.337196525949476,1004.0752801540407,353.8089142938068,0.06194834949225662,90.56463229125157,9039.390404862821,2006
25.32351372666555,17.83137438244477,1008.3851155081295,2.5166827437026695,3.5202299520924734,-4.242883189711904,19996.011768943838,2005
19.23539581316349,15.02443435072454,1013.4695324083023,228.2574155170914,1.3526283369142116,119.4537276811715,9759.156520189474,1981
27.009124268409685,18.15616899799965,1014.5008752464227,266.02975150318423,2.053666964082472,68.993969619414,67650.46162045666,1980
19.512145808073964,16.795540036596883,1003.103351525018,330.4177393525902,1.0603053072173851,52.93080186157686,25231.979995894264,1965
18.089982537444815,11.086892529745354,1012.313941484779,318.1839495063634,0.8477904493147678,66.91131043508851,13195.186296554808,1981
18.201484412598564,14.05489722150317,1015.8170497541107,303.10584524416595,0.5025727766865615,44.48750916190855,3174.8451119261263,1991
13.144657234559544,12.068925741511372,1012.1854390331188,340.4848578990134,2.943988153396435,99.83618018727375,6996.126348617694,1983
24.35771190209103,14.295807352919518,1009.831056771111,193.45650764893472,2.3784809494045396,63.7149996549156,13080.462321310046,1986
12.84427560830825,8.304322574110877,1010.939194274759,2.4912344105376327,0.8948535802013412,12.376881813702713,3558.6572802884452,1965
15.857780843671186,13.384861376340945,1010.2961832251139,3.9795835309234295,0.7746104066229104,87.01793379900987,29537.823539826695,1962
11.622059954607334,10.449931063687185,1009.8163472044597,196.07006002242892,0.00248730332584331,71.902164438113,3058.99790174408,2015
21.569651536045534,14.755764874455394,1013.8691176262242,156.69800599101887,0.1313228468098253,194.4761107437699,4284.5649699861715,1982
21.24839769864064,13.404536201694729,1024.5384411386772,162.44821921156145,1.952376212390456,-27.263283255498166,4617.92530533464,1984
20.36651893406818,16.168434898509247,1009.281500415474,144.14570539561333,1.445594092065342,71.10842153505303,17048.61862952258,1986
16.78711152664712,14.118076273816193,1011.4092868366929,330.38129127284486,1.1411625956715785,87.92685411350482,3623.021527691381,1989
16.1388312328168,8.967855165946968,1012.7415103031238,129.30132642112437,3.5147420654992745,6.8376040928239945,1339.4621470635723,1957
24.32184931773287,14.617467224480245,1009.5632278282085,308.24169903470994,1.4019482805117114,147.68189207733013,24053.573138885327,2003
19.247240341457562,13.923581602987491,1018.4911790176171,325.0313257649907,0.970619810308392,30.396083409633796,5195.840678034762,1956
23.581791607680724,17.76597539223429,1001.1455731334678,179.82063719962372,0.35170031712782,85.72738046100875,2783.5778283729405,1951
17.573756569378887,11.703491428105112,1010.3447041481066,160.8976934514318,3.437256038968685,107.83034499107404,3809.074201257251,2005
22.90531371385541,17.392307239663484,1017.0915686815998,273.9674175175609,1.7172149815769637,21.685161594229058,45105.647942201234,2006
28.516390186580317,18.541199916931454,1011.5295284580568,254.86974275035766,0.19403519826097687,83.78836342529145,4200.489322015718,1998
24.930829001963918,13.22219310322727,1008.8958052057485,118.27264197463414,2.0933592660144225,113.70915831553845,7162.625585511724,2018
19.937930908917597,13.108749491577125,1015.2037837721938,36.917325332872764,1.1070165627726163,73.72932914188067,5182.701050716179,1957
23.285994851779638,16.426660689271948,1017.5317161769858,95.34686406569293,3.336107731575368,105.53619994019984,2362.1735184419454,2012
20.796674127348936,14.00599196935134,1014.0531772260753,47.17026209242763,5.024504643361321,105.25244383248778,3855.5981564191725,1995
22.03940092347364,13.110374119112578,1008.9938982009356,106.10361927960889,1.8349118868202745,39.84863182062557,2205.9015995498876,2016
20.37194473925748,10.6290633657226,1015.2810165957587,94.25576360908767,2.6306492739951075,144.9746231780632,21075.81125159818,1995
21.178323970573043,13.796649170665333,1010.9897534986261,229.57611259921688,0.11651041335227338,22.705885288793056,8963.168445538437,2016
23.060466765370876,17.9376382790591,1016.7259344094691,343.6185702437207,1.6431226004389632,151.60145043968163,97020.51812457698,1991
17.03320650209025,14.435639430290538,1020.4162944242829,246.86774363897408,2.8157713977911905,69.99354030958074,3988.176049869331,2013
16.92060586505011,14.219850873811986,999.9721162215574,333.5937869032451,1.3733847135733055,22.201713395716645,3432.8282183398105,2002
15.057287230843945,8.908281991293656,1013.5553373659782,282.2876130990396,1.8005891579990747,9.657077254413387,37562.43528278934,1956
13.99864447748145,7.491638486976287,1004.3213303152619,262.03594394562236,4.58424375927706,61.52213843670036,23341.23999908983,1956
15.913586538897603,12.132779807188113,1025.208942926649,149.0622984768029,0.44154166695163555,40.50295866283233,11905.610299872675,1985
22.797312534020644,17.2283187970103,1010.6593773310191,116.9260210308127,0.20682817247776458,100.49020906881954,2660.604109730686,1962
17.53606242254058,13.075582906179402,1016.7318662091269,304.6598540902509,2.3465226223046494,45.85800223614885,46397.28704874504,2016
24.56807232115548,13.169524076333307,1012.8234157020255,325.94156385444194,3.461504538873065,82.88792889910937,7539.392143879724,1969
22.17356874376281,13.787728950867033,1008.9845770964047,162.67769771433552,3.800786520189111,94.33182269954037,5267.572301287917,2002
12.157478932809731,8.450857672394855,1008.3897347641129,3.262715347191989,2.052459520839249,35.000166366800094,25411.56684425522,2001
25.274877921108448,18.666850934036766,1020.9283958655038,285.31118120632937,3.5820804739248437,67.1145093583626,7924.423714960225,2010
26.05399322795855,19.77240998477596,1017.7796903008915,102.62478257002499,2.41237855593489,100.1050837601516,2525.8424114580134,2010
17.030686625825734,12.209987682642092,1022.7179204368878,3.5596314060914658,0.1828646318887816,34.21259088169806,8436.329498878415,2005
24.10095771447496,17.53223801320894,1013.2772666757885,289.79588123140394,2.871334856522411,111.12010287546893,3709.495633177889,1989
17.717508812954005,12.571987085790012,1014.43959810623,186.26910797408334,0.3953407540787027,76.01435718195376,399.67785387588583,2012
22.48835188374168,17.11308506705614,1011.6640421717235,246.6758686818489,0.5399707537584187,105.69349264587495,3355.277666069355,2006
15.677507965225171,11.599986878639442,1011.564588984425,329.2883356120119,1.0038990231823046,87.6487779231021,4780.327936679673,1953
13.034467737327116,9.255602736223555,1007.7905653376132,194.82257884971793,0.7554092407977245,29.011286830960252,2551.2912708409262,1975
20.085914051935156,13.523402238079846,1013.4200509546217,181.14986612842767,0.776188925199713,-37.598058407084245,14403.78836855602,2011
21.381355268625818,15.129531538123034,1009.053767025569,104.63836368537487,0.3708756727964418,58.709905437296904,3723.9948023209745,2003
20.01160153192698,14.977303830027434,1015.209544610821,109.86978039838294,0.6959148106970959,74.61266949909812,13074.593529428146,2011
16.0798472088872,11.790843824017163,1013.850051094901,286.7551437706725,0.039716941261578216,46.709025184958385,2360.6216246980816,1967
20.000504689344314,14.762006119231526,1014.4384102183786,161.65052841093734,1.2807715262009602,32.494655660242564,20114.956485240426,1959
23.34647376290367,19.027975356734938,1021.3756496984512,58.86943509892334,2.9271367862362285,138.29611047550176,2260.8982596756937,1985
21.775534849387316,15.773202240064297,1012.811410251172,34.030355040178414,3.964591465890399,33.12205715360254,779.3572882611071,1951
22.91250515299607,14.740756566150933,1016.7836350142671,170.25124207024058,3.43436430001783,38.84352992468062,27924.580045389,2009
18.649423997728835,14.821810370398524,1023.2575473204279,167.38380850238295,1.077276737722369,36.729272277188684,3443.0266245819853,1996
27.8585895735808,16.768616026168726,1019.5330853464752,235.24498015394258,2.6218282573396245,78.860201074899,46954.25262136741,1981
16.119133317226098,9.120566560579693,1018.7658484922742,169.58429198825064,0.6790479443323849,18.376359052250944,14251.13599131311,2018
24.437801485433592,17.77815556924365,1011.4665589223976,51.6512534883173,0.11433147584143606,78.01823733246927,17859.0081537025,2000
27.90945546479981,20.569412160933023,1014.148215277839,182.80903852746488,2.2538477649131523,94.93885100946719,23051.18600006225,2016
24.40454046374448,14.593075877613144,1006.4086185398503,326.44418539896907,2.0927769936527567,26.699388173375034,9069.56286501312,2016
20.98737886467585,13.925530243299594,1015.4945720048221,57.39890818327647,3.2352365154476592,8.615970107569481,9173.327961975516,2017
19.358514766685104,12.338792672240256,1014.3723008880692,248.31167075198962,1.9147786892102325,97.64351944284459,29182.953227223497,2005
27.18043825523128,18.0529541328987,1013.1169256257809,213.78933538758955,0.34131954098689377,87.77085571411229,9057.591236012713,1963
14.885125373691634,12.306783314130035,1018.1359739412143,269.490861616249,3.836856021334654,99.81954356233868,3912.0748061696686,1965
17.14937869810178,13.417576015765752,1006.961125887878,54.21609843393339,1.973709609918723,85.12491460197238,14556.000020817612,2015
20.01221117254139,13.970303461071559,1021.1743142558017,338.97792128615805,3.2964583056120826,49.18106027975389,978.8286342795773,1982
28.18826878755999,18.63986429706214,1017.5088234397015,223.5479139961771,2.9753887520810816,117.49150389061404,30319.877562141657,1962
23.89883818020448,14.029887385702853,1012.6468301017401,304.9456095688093,0.7072577108897814,116.12955392914547,30959.62254607473,1979
17.159771207448774,14.852209722778039,1012.2563520609131,88.77843492488482,0.15495677555408707,18.93402698121313,26853.90879028679,1975
20.448461473075483,15.498150831722674,1015.4030560762429,266.18864018326616,0.38839416692897694,-6.151868527066668,25842.403347552405,1962
18.92838427951853,11.83653078751669,1020.6042561603189,281.17105356021085,0.194922118064179,9.225310594561854,7448.922534397695,2017
18.451055038832326,14.35493752243241,1013.50803859345,143.07669805934722,0.5578739968555426,88.70924821117953,7283.141810778862,1982
26.894447792783897,18.685666213799475,1013.7201545098961,138.22324303803194,1.2306407065237341,175.05937903228119,2369.3238788182744,1964
15.141284353682472,10.024680037853043,1013.0905923881294,236.80665540926975,4.746242702235367,51.71789099908102,46538.78135929596,1966
30.043904278671867,21.90115605164951,1021.9101205635073,33.62676543367775,4.111743112858279,164.7504440526638,4988.955394112592,1955
26.141148450923115,16.81580741582073,1011.1555844853149,264.8246940783032,2.5359549544301982,133.2265692373233,11383.102634447425,1954
27.45430835301849,18.53050280809272,1012.8524620069046,15.439233542187933,0.04881564336734675,54.509170752552144,10446.740375607205,1982
19.68530243987371,14.022633836310687,1020.317178271305,68.61250840349736,0.8352450255169839,57.67248037385424,2120.868213280296,2003
21.250296404604452,13.876305097452688,1013.7350541680643,239.0917526068922,2.293600355335771,101.3822664566342,1415.622971701591,1965
14.834240927376438,11.722139069698555,1018.6852943002276,35.39652015310698,0.27629295860698094,-12.03013784086749,8148.4794711130135,1995
19.376687964665987,17.30181458262271,1008.4435997154852,349.8631529316444,3.2297840181900206,107.4206153471037,5147.383891656506,1973
24.468274238215756,15.619195701536741,1011.9735373918575,312.62263540628425,4.9202020576078525,135.11534186226487,7409.832702365595,1954
28.48031530890698,16.605970123626797,1020.4221701922012,225.46883966642514,0.8742349407467845,130.07799756882693,23515.513475009415,2016
16.46421591598774,7.521470806238894,1009.6183014211823,294.86068404096596,2.4472837017629074,43.297421647038874,10147.1093472785,1999
20.17247031507367,13.819792937561605,1012.2435048011515,319.5288174922444,0.3208167463876412,89.3744019940196,17301.05118475909,1990
21.24350389883739,13.544123548933806,1014.2834261544574,93.41123384585464,2.347640325253007,115.5162097409696,12648.933245433274,2004
15.021053989037574,10.930458794460462,1008.0542274100351,305.78817166175503,0.043377851543694994,-24.370603665478804,5905.655952780331,1969
24.956746208792,17.7349176902066,1010.9309494068905,70.12576210953665,0.3268539934758929,-40.73555245461772,2975.5876646452684,1999
18.380048341286955,9.659600145672675,1013.5631834091282,148.80321509357353,2.4749312694836854,83.38062572276945,10558.831187298592,1984
21.02304824411488,11.086366111917602,1013.2334086708098,200.97346724949577,2.4885497491459465,34.7570645545706,8812.201897779907,1999
19.74025314044061,14.41004367900062,1019.4017601041857,257.0007467066517,2.0497724257067262,74.25320923330885,20234.74261637834,1982
18.053307471401627,12.908172899421054,1020.7072859741613,10.850874380110094,1.2977401771736505,64.7789596096471,6968.1143579787395,2016
21.964775072597227,14.523706554084955,1008.7195756399955,104.58338860014803,2.2472946804754947,134.0820243187755,6018.891919814024,1959
20.92195210715989,11.33107930474731,1013.5563425958375,219.0668753557405,2.9726784888689948,73.60815377556911,6441.396324806939,1990
20.140710588606673,15.041279937554652,1016.3712415421238,128.65272449368274,6.79132499705878,90.96250172294877,3233.347848352763,1989
18.357691891598286,15.394183414966687,1020.581737328996,279.00902002661763,4.38999269125367,88.95333815565556,34437.79543800342,1955
23.597623353914777,17.07430122817819,1016.5924514865857,234.59477801425783,3.164951389485437,118.29463928694143,25327.062184715152,1982
30.268086342461423,19.492712658592865,1014.4545670079617,84.38452334054487,2.373297582150857,70.96790897167834,2409.0076327529323,1965
22.699436164195635,15.978709646079245,1016.3327126599131,52.53443265323991,1.707362259023857,90.78149373403944,18105.08545168834,1973
26.980591074555644,16.154185590321582,1016.3688441716813,226.45691769133813,0.2570509113259389,-33.36911985374206,1280.4859535401656,2009
15.048890374232688,12.650144689640467,1008.3614285385781,162.1682379737128,0.36198130671408374,21.042530578388774,21704.811284035313,1960
22.78880719646885,16.11585370658727,1013.9639939625314,60.824534796474694,3.4327055005267084,123.63075333289873,4038.584542884182,1993
16.51315840514467,8.022897060094802,1020.2958049709434,117.49471391461584,3.252282399813237,-11.813866537368185,11613.233637706757,1952
14.615375362340494,9.62941403275098,1011.9632161565299,109.09682939469117,1.9062150884886242,-15.764424939886794,1176.7248533295653,1987
18.30314296270482,13.738803094361835,1013.6472332127372,38.92751004217504,1.15549889126965,90.65277796361312,2443.7664821434196,1989
27.959496672067864,18.90555242849646,1011.7874177523698,196.8872469354821,0.05275499456185573,62.163678345513674,12948.082248589233,1968
26.750079143348227,18.173263957463412,1001.4307025219656,274.9135082085195,0.7925457999917297,148.56453545588985,4020.219638716618,1989
23.215023610272,13.801712113095856,1013.1029508861734,207.16807998707532,1.0916612838163113,75.44297316600122,3498.316492541254,2002
14.336497200550346,11.168630014548555,1014.5089596532644,297.46489137744686,1.3303493149803562,124.42748987700246,32723.923583610114,1985
21.018596743060318,13.416079320103947,1010.4375330455955,45.924676997555274,5.299315390701656,155.63431151348306,73936.30152366168,2016
23.50850004450868,12.143059277146008,1007.2268152555764,156.8202688160006,0.23016950813950954,140.54442680976823,20681.894544292954,1969
22.87768114789299,15.271862062184304,1008.5969677010918,219.3894373169157,1.463222746178105,48.326933006322705,2719.2718690876777,1977
12.78103208259627,10.909021888958094,1016.8209380806778,243.36056193908664,0.9174858890838479,-13.061335917587812,47264.71593622863,2006
17.54841075990064,11.510028638730553,1022.8626238652346,250.4830703124337,9.230061123417114,121.93976736892733,1700.3131863676197,1952
21.679611179256415,18.65169779572653,1019.9121667045272,262.42755375523717,3.9590333794958297,70.60665369916272,5976.010871023327,1986
24.68145454758595,18.134954080407198,1006.2782699758473,234.51473239056602,1.155305449594615,92.29063573845482,8559.334895449929,1967
11.019360894500268,8.39106895071092,1017.2731365527535,33.922112018712355,16.19439732850129,95.73034990874993,55494.424977810966,1995
21.189380122600706,14.575769553985277,1009.6841881209535,250.31004393682673,1.4433536006455883,16.387564657687633,20184.275457586733,1954
22.715243849394763,15.764098279047753,1010.0886646874561,260.92175643877954,0.3657261185793036,100.36128711619656,5096.158528571193,2006
26.248059942581065,17.846794689567737,1010.6901220101436,357.65277636010575,1.6232970615051239,60.815279621282414,3149.640912280655,1975
25.464287921187182,17.22046276066597,1016.5303347492771,249.61047721240536,0.5128985760551967,123.64100815226914,22074.815196182448,1982
24.912856594044026,18.500733939965116,1017.7962668822452,247.2589424705576,2.0229224632877663,100.27948922914356,4753.521747219833,1985
18.00029746649033,10.7285457669621,1012.509844643601,185.33278446550992,5.5432639564163155,102.35379373197782,10064.202378253518,1971
12.459989314383462,6.570204862619903,1012.5946462949598,312.452247090641,3.085415247777379,18.00902960250335,2059.5102910686614,1966
20.034736214692995,11.77792524853434,1015.321318716179,358.86051430601697,0.6381079711227864,27.640465678046915,14317.78650973189,1993
27.008159126042802,22.99702048358427,1015.8399726976212,280.45615327107555,0.7043946098466017,88.81889211074947,13209.547541881713,2001
28.96727263762216,21.33777664967667,1018.8811285337927,220.50013602881103,0.1436112251244626,66.65876024432092,2341.10879078978,1971
25.552745511488926,18.495906261402535,1006.578140122454,28.423737695364547,0.6733744592706864,49.91811776555825,22734.141692937963,2018
24.14670411400867,14.787663539219205,1013.1001366990201,261.62608742266593,0.1943984852121004,46.16918903038714,14111.506511935193,1950
23.898198241929826,17.975423370700533,1007.6598781205441,255.08216468950215,1.3840904531711815,111.14399209450649,16983.953283822986,1979
19.219406266196096,13.220441693430608,1012.745288604683,279.2045332113954,2.4643816242231673,158.68451073099234,5548.713107047791,1988
21.3496985322319,15.37312685482583,1011.8691235615962,44.83993982381615,2.7820604070728434,108.94572752043044,9691.034040200175,1984
30.34534762913166,19.288502708665046,1012.7662527304865,235.34370004541165,0.12274942465537575,129.79013903852982,8633.272121885786,2018
17.287209971040618,12.421584694563585,1009.0012855594473,106.46060578260288,0.8308972506857408,85.68028245803455,6987.160959230196,2019
30.073893953549256,20.20405869107151,1005.5635510339629,273.6976476250201,0.6798372836506873,54.62756110490564,9609.459704485365,1960
20.38985922753971,12.74167914521742,1002.5278123664255,86.53462345132783,0.22030020819744842,100.02641864327228,28465.353890784656,2000
28.62716054547539,21.50722505344727,1012.3440992286758,246.23232365534784,0.9003120010050745,2.6742408701644393,23740.806474324057,2012
14.965924952512308,7.4007318496986105,1010.8449944708353,106.19746091423269,0.7114082853211711,64.21938366427099,2485.276804656549,1983
24.929521005823247,18.580217232704573,1009.6203116759808,3.2379454142752095,2.012973782567312,117.52559091162121,21707.25503163996,2004
18.31614932026189,14.190276791289314,1019.6127423141583,228.00884831031436,4.296343130863638,103.47855748969147,26665.966616125694,1969
14.923664040379062,8.687277477162862,1008.7028090660234,40.776869937212055,1.213358212133242,76.67725213784186,6966.180252609345,2007
23.092670212054728,14.524212226173375,1020.084170410694,237.3449302037571,2.7460864748283447,13.996997209879183,13473.055805846474,1966
27.047358942979844,18.487099897553087,1021.1192187213463,333.2194014084975,0.31567244948221734,56.31533654280614,13279.830605020406,1983
17.775292807032518,13.006777385847203,1003.2454976660531,348.9285363159925,4.506949553374027,112.86452286760152,3463.4946865207116,2011
14.504920197707994,9.847734154767144,1013.4619072949948,84.93231143794053,0.33115246296106116,64.15707244488013,5530.556445286481,1983
21.540776178325224,15.945668245211415,1011.0015175458201,291.33116195423577,0.4266369036325124,88.29535577122425,17168.133464226757,1968
21.562823356114095,18.619935654354663,998.4409802764137,127.2791796740785,0.2251368687783579,41.47527333618615,4935.344530796205,2015
24.741598137772495,16.30368515814132,1005.7767937346579,324.16454618927366,0.7411985973664542,25.30609417316792,21493.364944674573,1991
26.74797285682244,15.293221058368864,1016.8746805355423,283.49624470657454,1.6077572844338546,49.33620796671662,29880.83072344554,2000
21.70292409363753,16.843894031607576,1023.0959962635563,26.611817992474908,8.844716066832982,1.7849053010831142,25429.668994194544,1998
31.277516573971315,25.26089075363498,1017.5133907134963,146.56931779581984,3.153632026685574,137.05655424599254,58677.08783741238,1978
23.12117372267646,16.970358331975767,1014.6181623625649,121.43441736348267,0.9574779119777392,-70.9203047684888,7400.240048916431,1979
20.267867469965502,12.012009878268515,1012.8933380918446,282.66516746037973,1.7153176373247083,28.98473184213345,9674.037927824607,1974
13.94216320448586,9.5117295166697,1021.4133145732405,147.70285583513729,1.9526549674045748,139.6626178846218,11166.383244826608,2017
20.68670239841916,12.243644710470146,1023.7411960097882,246.45182315511016,3.4601312196463536,52.13011076702436,7628.161015727504,2011
20.31806527294432,15.50835667898692,1010.065786602379,216.87669201255855,2.6670379004102065,27.764225094386923,13935.279179172821,1987
26.801523981407353,16.058485981588277,1003.0000671984485,351.22993887514815,1.6846457714412542,198.70008371945954,1463.807169447768,1966
24.31241812033427,16.41843511057759,1002.509062683644,337.60258444858135,2.2123800166414602,61.949993733531485,9945.797595169333,1950
16.103154391836913,9.263532421698025,1019.609404960799,153.97182530593872,2.74019339654235,150.85543617679255,2043.7943814768428,1967
22.86127193205519,16.256539722708553,1012.7647072961281,260.48815619081375,0.2857649483548195,56.91307486239167,3094.484840740776,2012
25.357655858645266,17.01767574677617,1013.9162095522936,298.60563383323984,0.4474260801477605,127.40868680129995,16863.21347613434,1995
29.640156796939163,21.10163396435794,1004.0467450352164,323.59887139037227,2.333253135528255,212.96782289526732,6640.109687600486,1968
26.437519837070298,18.550964995881937,1009.2340554360577,24.528334959534128,3.799922193885596,92.78334554257017,16278.727526124998,1999
25.80423327155739,16.08964523464195,1011.5225959304961,108.74836773845884,1.052766309672673,63.68523783506022,6497.828975994185,2003
22.30042997307582,16.864055108211115,1014.0391919168203,115.28281474866785,7.813108221383865,110.53640517292149,24499.459042501476,1980
23.941560027117248,16.661560715295842,1011.0070398054312,156.4005424391563,0.4868755171491489,24.944138050278724,6379.973957147468,2014
28.247524503530794,17.796209136739755,1007.8133690084933,60.935310257550846,1.0781048287405839,152.32898746704018,1147.202340968981,1995
15.336113012601752,15.217132221232811,1009.0771650369874,178.6341167820029,0.9513128917842452,19.156430481716832,10151.660650880069,1984
20.25280336391522,15.129822688174903,1019.0416164297361,238.7571578274442,5.326993447384803,-13.483364464440072,926.2462743402178,1998
18.137156256218795,12.389488272554544,1014.2239230980175,179.05101127801836,0.6720045433471925,52.60522405277468,1895.5780251458302,1983
23.89576559363062,19.55744496894508,1016.0607840347777,239.68551427114167,1.2727428413381778,57.2039616898661,3351.1319759168696,1978
28.151110878253938,23.38940883355097,1008.5056309456133,23.91898745444411,0.4146236728192297,-26.80497293511118,2958.0647186689084,1955
19.01512856639463,13.019891151848471,998.2308825729968,315.35543941466767,1.4732213154616445,64.79885505221564,4698.26793629428,1950
10.04847816265281,7.728729686726489,1010.3844784655776,338.06490915638466,3.8954820206090375,-25.482856816295623,2858.1566740784538,2004
19.93889627487765,11.981221756408472,1008.6671472278725,222.4466726827135,0.7249246367474864,41.01736297683036,1986.3366392610826,1976
26.567368660087034,18.3027725605249,1014.7450613431404,317.3007595092829,3.3298174427088374,37.03640352264988,37867.016868295876,1961
24.688149514749398,16.88357955280484,1029.4286185684093,47.320565993356475,4.845251950288662,115.79251042164509,4112.784013029689,1953
24.14093123905288,17.268305934580322,1016.4758300880912,287.0816112274717,0.15151257606879742,75.43406927411466,870.6432853355886,2001
20.600033490627602,15.085544400713342,1026.6798007969173,42.89334965013383,2.8246569440516547,-3.765409125583375,5648.140342217763,1960
15.604846318901068,12.043049320886865,1015.8438484766972,146.8836833391132,0.5896643100234639,118.73408279249705,2631.3937873790533,2001
24.576471608122336,17.678815438285554,1009.8505688121364,116.57467244097901,0.3855382765002186,96.12463632706424,3344.365848603957,1975
17.828590949826875,10.058528411620483,1014.7395803906044,210.81305707936355,1.8382013121573024,32.8559544938054,16487.247484773747,1977
32.92048366690228,21.167404355349426,1021.9031929973885,108.54523268623207,2.4456495576266013,65.57873073817734,5176.2823327960805,2015
24.85253604177258,16.30395999031346,1022.1478129816062,229.43290668016778,1.004263668136826,77.46530669481272,2559.0807700251826,1976
19.096758487230247,12.803249757214715,1010.1233131597846,132.25942409470483,0.07992328587890771,-3.563215408236971,12660.643324864823,2004
18.943073763056862,15.36170021508403,1014.2659184784965,309.8845371709672,4.787308091390924,127.82951503085002,25589.58804155587,2003
21.535278966932058,12.748817303146614,1005.8536656016443,228.19818247906014,2.6242070242396336,124.81083435275389,13861.523157646168,1995
20.80249038989125,13.846913176582474,1017.1233431234572,77.5073870357206,0.6339933047254003,49.7495191816505,696.7623757747114,1985
27.58416887764977,21.214937210782935,1020.7667734952795,121.00659193011134,1.3737889619641037,72.20108174749082,2657.1529196476704,1970
22.932080848720233,15.452701645110936,1013.1989972705801,305.07151954559606,0.056372636389812,28.43670966856699,8496.830840286591,1998
18.34184130545736,13.7601202135058,1009.6630797281994,139.13270999548504,0.8288586795060211,72.82672807685219,6346.765517142586,1983
31.45220342577891,21.73745831218943,1014.8006547563878,192.88766360363226,1.4785298271707916,116.50179694044515,5841.394584679057,1983
22.246541657601114,16.086145674970226,1015.0872951568158,233.61909694283978,1.4564034075780437,107.02986986367648,3032.805286044721,1989
25.844198379844485,17.633993778272057,1013.4057191592481,125.21147385093003,0.46685469249225464,100.48890566960826,1987.0688991691788,1956
18.958867462776205,14.605338169400051,1013.8935756216798,105.83230707290458,2.9989025233731352,20.64734645479016,60341.88294511072,2001
23.815578138722618,13.580791882292962,1012.1309257476531,171.0917649388903,0.7101015515901851,38.12101595156292,8325.771249489544,1998
23.555549955715975,15.76226095222409,1017.979774641132,77.35714995340408,1.7369545804094497,83.86600593079974,15399.98460717942,1986
12.551753539519234,9.379372831052079,1016.6811372258256,102.31581129086283,0.6335963248873503,2.4613341580924057,8153.896364986987,2011
32.0763755523032,23.520853382624622,1008.0844842642792,22.348254251532992,1.1073544676636728,176.4762298712525,8487.490890974079,1964
28.453222304612737,22.90316085873657,1007.9470469842071,109.42929934956196,0.4651624559508243,96.66214884903455,7615.162466703047,1951
20.01402341927006,13.227767059757888,1011.7281279148672,115.45347361088496,2.004829328420633,-6.026237392720731,2642.6940278792404,1960
16.488651297720722,14.50101943212625,1016.6841856205259,346.2599398648751,1.1088040669052606,50.75795628499922,1782.0337405915852,1966
23.73780806901776,15.29841799499309,1013.7402870694541,212.30237716771686,0.03249720182798706,65.90086483063435,11923.009382675655,1994
22.433488497071984,18.360734771039677,1009.7842479493867,283.45767314969004,0.057138471722336236,138.55072406891628,9777.532272075494,2017
23.778344742816145,18.27977557336805,1014.3075929836292,16.33581100091608,1.2740415790367912,78.80340040135115,20708.114317543892,2010
22.957886980970446,14.243603727414866,1011.3459474023887,38.353209699013895,0.4047853624488357,103.04004704902442,16904.934265035976,1995
24.53120494652963,17.785921937074384,1017.4024323011207,293.2333059105332,1.7591561694308908,72.35407821725904,3610.089369989697,1981
29.236528496959032,20.363098276806937,1014.6652921753353,224.47783779034887,1.0491453045581907,149.87708424875996,25149.45006087141,1968
24.84051602564323,18.63953040530026,1011.4236090627393,68.75353099447305,2.1250612764017527,145.10030626660802,17413.9553464856,2016
16.751722505450296,11.279662576948587,1014.1575938602323,145.72634611022576,6.089642275345589,11.697603626038081,16168.845782713648,1953
28.81281426356226,19.554477533170115,1019.575240297621,193.92209999338422,1.5046742369352046,72.17614544519897,76828.18100345228,1974
30.203072817441434,23.880340137734706,1010.1518496172681,303.69953848947904,3.0964843530226345,96.25412159611756,62564.84153613381,1970
37.760283672560426,26.234756781880954,1015.0132849082358,21.748317010017907,2.797065866234928,172.80893164729196,16153.851231272458,1963
16.38252983380201,13.12061553204494,1012.64769829767,214.82002417225047,5.096743764902477,22.87749504552781,14259.764881193742,1971
23.214410065751377,15.799384075937564,1015.1349184193105,258.13293177120624,0.4816424373325455,-35.88726599374911,23900.51251351197,1997
11.589506484055061,11.44598105729359,1009.7271752920213,352.04106884776536,3.5127109546675963,76.41931804340011,4519.00099833013,2000
24.765745781896047,15.979352788656247,1013.5516771657968,290.57762818518637,4.718742226579053,43.08908978375725,4583.282586866672,1960
19.258998509166137,12.253011893921926,1018.539116412084,99.44183288349844,0.997672175880481,43.03082666547171,15889.620989266883,2008
31.617228974124767,25.181094644119142,1008.3149650937695,255.44850979617541,0.7532194984856445,87.11373127784171,3441.0223840357003,1963
18.12692514990709,11.798954823144458,1006.3529744833746,274.78003857371175,6.074605332704098,-42.86441017440476,14658.40962408255,1956
13.554084810163692,12.690007979443369,1006.5427221775652,262.70477997062227,1.975749748497719,-17.718537684244495,9478.98163050397,2018
19.6436812964874,15.534258066730807,1007.1466873489991,295.2518644626732,0.958255003719659,104.18611804490322,3442.006603952809,2007
12.122561143914313,8.17649338761835,1015.9766164394633,325.3427914369095,3.1387785547020113,35.55838504169891,8315.416747111787,1989
25.75549727253655,14.40226114674127,1005.9707015706726,35.43475283616249,0.7261734873734946,132.87363399350892,29884.092432631718,1974
11.674584768718397,8.133572729559207,1011.5105232762824,37.71498876520278,0.38815902947536235,116.74508260222885,8798.798443688356,1991
22.142287905915794,15.702861641207905,1016.0914465165536,286.70399595743254,1.5703917670434355,-10.774602886392202,8835.629629839374,1993
11.610940900719015,10.462094097112056,1015.083295302743,90.85409154772951,1.6703988940409957,24.226001701384718,11259.70023138526,1954
20.39851097731679,17.455852036601975,1011.0722051001876,21.07491190202806,3.494488083392853,62.98097918309992,12825.472646544216,1977
30.21689077902267,19.78184918702837,1013.9546186587755,144.4425051530181,1.2213926757740934,170.88491205087308,5820.605271856672,2009
23.803239457178975,18.264631148001648,1013.5357266486878,295.15568825738814,3.3703340520670038,25.680526255634042,11501.825581467374,1970
17.68253197517533,13.90857669464943,1011.8787952222591,45.56340857303294,0.7459648952755424,71.90142452936175,2838.2122412080575,1998
21.84398255530458,17.437613193534098,1011.9458264067271,241.8631098496083,1.7130656872563172,133.35180187776973,3644.3341146775238,2005
22.09008436022223,16.46043887642665,1024.1771371737848,1.3017102377643708,0.4675820169312275,113.83077884349646,4141.655606889314,2006
24.363151729217027,13.169210828528376,1017.0465545196565,39.50548099648198,0.9737167952928044,100.53756116900894,12961.810894178703,2010
15.165708183595868,10.305150863461586,1025.4032545875607,126.30612447665526,3.8973837987351425,12.054887635964313,9511.27130584727,1987
24.962836369236655,15.162570308631825,1010.5151843353975,30.09682116878905,0.48666239870390227,137.46501271594204,7084.328874210678,1951
8.478041841986125,5.52941774355414,1012.5751670155593,304.52460027736066,3.323984665511108,-50.69620511901459,16167.688453755254,1952
18.850577238180946,15.15541253899445,1006.3393711736168,311.06538113236877,0.6650009111655424,86.18969723435582,11835.539224283613,1992
19.558630787742278,14.301343223169539,1008.9521659895521,272.00545311582874,0.07019705901053098,-23.573277069355576,6063.38327826508,1984
25.166634130356194,19.912825624044203,1022.5095657433125,87.29266730242229,0.23292060433623585,171.18328466512787,2877.764789903238,1989
22.113154263384345,16.16271582579612,1010.3898285507912,188.36894708639272,2.7398937867101476,11.68696925698002,3569.894058250409,2007
14.972184730718567,7.883877432165191,1022.5964065007223,66.3078691884137,0.6078151307433047,22.675455363869546,1869.0592989869272,1983
17.075034370914924,6.910830046494977,1006.7831886966005,101.26024202631989,2.1234747586090355,136.52956395233167,9326.075287074036,1974
22.993400047737033,16.3929975567751,1007.7326548296336,185.7619051825648,2.40261207832909,94.45533965842341,3421.5919956333896,2005
21.60466329067722,14.69541137077172,1011.2938438948829,264.6049710458872,0.8466018428733677,33.23627468719566,4937.8091406607045,1981
19.104379451821266,11.41917413751112,1012.6812503916041,34.075576941710096,1.2884054364421391,67.64567794639406,7132.44462550689,1971
19.595831052440104,10.315827237405317,1017.6154364622506,106.810811146111,1.0342478008572826,74.45684958271885,23017.157413962195,2014
25.480839985796447,16.367101563112094,1015.2538520859314,333.58368548589203,5.888139955983788,105.82033259035224,20512.517700622815,1970
19.411537135653926,13.199093025228196,1010.9184237132798,154.48439440147973,0.771174562430818,53.08357863136734,7671.68478074195,1970
21.559543779854632,16.42343629331102,1012.3334209674094,337.9930826073532,0.4050233256673592,56.955219108003774,28724.43661300397,1977
32.849682940402715,23.37204022141786,1011.4046854010764,356.9041949587688,0.9101286540063214,142.91912113194974,1083.1746409829343,1968
14.881586815580384,13.633245265251727,1008.4267313233713,189.59753740010973,2.214392295207055,42.803208108385064,52956.20603678477,1963
12.740786342126707,6.8473423273979055,1008.5601853169919,103.6958435225462,2.390440376679143,-12.728722201490221,16195.678304517334,1973
25.917948323993034,19.90468161090999,1018.139419457167,284.67965108612844,5.1555527453666965,70.92472326866825,8980.432161437207,1969
18.606784693529484,13.119346771728093,1003.8591753603642,57.35186478900538,4.269984358794996,58.61791177824142,3323.056660601636,1981
20.4088123612869,15.675506901137998,1021.0867934872252,90.73686948194539,0.680255276104177,81.77666108567536,5228.77672480106,2001
18.09421810934443,11.792922950010013,1011.2850288719889,282.5567674197416,1.2145381371597237,65.06379761032014,14903.493023675655,2014
20.700999296162436,16.634060255094884,1009.1374569680391,156.11253290353076,2.750859100495268,0.8400139692703164,15246.105670135985,2001
29.992690560481705,21.58533290902768,1016.6987964534864,72.55365731556003,4.966710442200786,121.57471211264603,15809.927912687066,2007
26.010642293090598,16.84855963532792,1020.4260829207356,234.4052681828368,0.8224584158886991,75.5257923255939,3910.823582203012,1959
26.311117559434887,18.393734233778044,1018.5881622080198,263.79427009740584,1.175562492870783,53.4474893962833,3197.5887431493675,2019
14.918864721036773,9.964093586851542,1015.5092602467995,45.02564620220487,4.594762720924035,96.10456404775556,9849.788327610166,1964
16.244231317235652,12.349318623340542,1018.4343174486091,99.7128935909763,0.8878419119452622,15.902232638714452,17498.211553940764,1996
7.804606702572865,3.103671193051988,1004.4175121142807,79.65963193400397,1.309826932473966,114.12817868795752,8128.932169942104,1959
17.95309589458623,12.508463721978972,1010.3908472925592,136.74766635448276,4.697344791951542,146.05982134043364,35649.280627431246,1970
26.783515931928292,19.539075657648468,1008.4441496998758,274.8401624073832,3.2414347540861237,139.56876040535425,8376.098080516698,1968
24.584732578741853,17.275359419505364,1019.1231936560758,256.93491681875673,0.5579228825535407,42.865642156371315,8097.343761228892,2017
20.892433685239382,17.31858606844556,1011.0826099053805,238.50860773813343,0.7854780547833774,99.49171400993285,15844.219162867219,1971
21.888498581409735,16.86999455512892,1017.2270327839103,2.262796512692833,0.870690391762114,84.07717692060729,27425.544458807468,2012
18.55557228712297,12.973939007504585,1015.6792847124432,51.1715928169402,4.877691233905294,22.589123501724913,2102.2106073205564,1987
23.02379441200892,16.55003428340159,1008.6884653191815,80.38711767674404,13.687190730025325,129.67668710408387,2649.1345797504655,1964
25.829391397403075,18.67190508114615,1010.0652089501186,97.90410457398585,2.9744786319541143,80.50144143752485,5923.830498232641,2019
13.920566062947636,10.550995452396991,1019.4690884540736,52.713554993604006,1.3245621654075108,-60.77252488732769,190792.51059681168,1993
23.49823843918674,12.7974509161015,1009.1225867565779,147.71359853060028,0.020451850147841347,148.52339867036238,6238.727020700031,1979
26.662174354773335,18.060469456802636,1013.6243380509774,27.06501060504933,2.3912690399396905,162.9085313529255,7173.988513697732,1973
19.924498555183153,10.978270852241353,1009.0872935683677,270.00798853960106,0.9864991970114056,59.065873157815055,15038.245420206857,1995
25.503503060602917,20.409014037341016,1011.4302390654207,283.5794834265978,2.004713131489971,119.58775496034211,21524.10831343496,1953
36.07327222236277,25.12959151564808,1012.7691902801502,206.73600825632332,1.8663345024640527,138.4895902029991,9602.56103593765,1955
21.47828603506554,14.648118325186632,1009.0856674485126,32.29375573510842,1.311055715489793,46.87784187999178,25960.917033005753,1987
23.96653525002662,18.570169339085105,1008.1977652300806,320.4299410368329,5.778690887620997,212.3986677955635,2455.360363355935,1975
18.309714581693044,13.66144980208488,1014.4313666838872,347.6288983349212,0.04683685739357258,29.472941667046214,3766.5380719424984,1968
22.90625581301025,13.77711004034876,1008.7763129560441,72.85088171584417,2.4905098404312302,80.66327279822029,25912.660498262147,1951
24.30135812491152,16.869139962383322,1008.9467122215067,253.67033499865911,1.0547227384910496,19.542049551820917,8192.243859023805,2017
22.97421170135069,15.411614244492712,1008.3047342814901,303.0979070312949,2.5020620917204455,112.8811443392537,2292.8466312512683,2018
16.901523401455716,8.342000603806893,1012.6104597683434,194.34366811537282,2.2492123274354565,85.10267217603621,2159.1330802583307,1996
23.031808856627254,14.74171373316467,1017.7185081719992,116.3963158296296,0.02058154279646036,117.08774301451527,3601.3324993038786,1978
29.310979693588184,20.150605141478795,1020.5326431815613,172.28113742892694,0.6718925364227817,31.508268495554752,8120.325691629344,2013
24.243178822572638,16.74032331281716,1009.3704095700311,184.41675028240272,0.41920016038243874,95.09342678830076,12930.958122131247,1961
26.809935945359204,15.802492314396822,1023.751553966656,144.22933590769006,0.365410507854553,107.60465030275972,5830.977893751238,1960
20.814940149936863,16.873789271050754,1007.976475696466,334.7432977081342,2.607414530577149,5.560344494461916,11908.398532941503,1957
25.74950119711855,17.820444720200108,1018.4177426166393,267.79791993930075,0.5476933794748559,100.29828437310123,5234.012719767538,2009
23.396339191082628,16.452543587078964,1009.3915177299228,86.86859121178703,1.2877147205257187,46.32167638486333,27554.47412609804,1975
17.24544635156384,12.873095722774359,1008.6453836506499,210.80058743515266,0.5673508735891694,50.55655080664201,103968.17218191425,1981
23.592605023994373,14.938671008988717,1009.2762192160781,247.9280943352203,1.7361148903945733,103.87648427584057,5471.933289138028,1988
17.04151668279845,12.841773624224306,1012.7377615017544,50.4563118127669,2.5500338997609697,68.49091694662455,13094.30668861341,1953
18.83559862557604,12.450769745866863,1015.8998608551681,129.03326725685358,0.8041658842647094,22.485583099564813,12069.185423894669,1993
22.946641536461872,14.269477994228927,1016.3493401895241,325.99738137740974,1.8477430285020375,16.7831780707389,9308.61343451872,1984
23.48622136690062,17.58724994354123,1008.2800749232606,204.18231606667254,3.4842795774190813,67.59699006046802,15572.330700017097,2000
16.053837674614353,14.221034089833662,1008.0517035624437,78.11918858171407,0.1979271179104844,62.79166449380245,13079.758858932628,2000
27.26992885591438,20.53860894611173,1008.4168065331822,44.20252732289428,2.4803788884774485,90.50134526598468,5059.112894479548,1978
24.860031391502364,19.247977104332513,1012.4432279880724,186.561681650956,0.7805962542483258,77.41669663833079,30228.66038267371,1985
18.47635782194558,11.892189262237308,1011.9492219790457,197.16686029049188,0.2616984577446004,44.94694943278341,9913.633871897422,2009
14.312076017754123,6.823213754090974,1008.249122689651,120.38920248766044,1.5777934272346894,117.3101853056277,5514.849158441302,1964
21.275477104592845,17.873109017414674,1014.3480184703162,226.94977023088265,0.5130447532385292,86.54176121913738,93265.21836801094,2000
19.770281430694197,17.948226780295457,1024.3128440416765,24.72648703897994,3.4447854131887867,74.23600846055571,7214.055990819214,1999
22.565702285265115,18.881605147224942,1010.4764226908243,52.250289575810626,0.08768625194759061,61.752139674730635,10456.131601295667,2004
20.18441669422217,13.457519807996018,1010.8324408939824,196.6585755640533,0.20772970559627912,45.848706202207694,9657.01955171157,1961
11.962715696274952,6.064632309934777,1015.7983078516219,22.253649784003425,1.4720931877832903,128.85223841147797,7116.030885379005,1999
20.05826530849421,11.909420320306813,1010.205918541316,317.12715539679624,1.7780408598698705,89.45885736953929,12691.207439058115,2011
20.471904444658435,10.962867976032808,1016.3448224085909,51.172693364346046,2.617827294063825,105.70345031021355,3480.7396417175537,1954
25.168305123870294,17.403056349889113,1009.4072864661048,242.61115467043314,0.6002131511855323,43.0300064296032,14713.833527199631,1976
18.50900162694475,16.167657055026236,1022.1605980378865,140.83323901719308,3.68728998164189,112.39523576606865,1396.3904994527284,1958
30.393373366862832,20.992036093059493,1014.7238748629615,143.92358911520944,6.121281556602196,48.371587007869344,2212.6147694686165,1984
12.441797246741215,9.313903873415398,1009.8998852546165,275.3602303000118,1.382455262527612,62.491093496493036,50298.1988436074,1962
28.555837489013122,22.7402801709176,1010.0565415026537,179.80636830224904,2.8586656618302846,98.47862959222684,2307.2692774600573,1993
20.878405145609477,13.806692978261834,1010.4310012364598,261.2359669117919,1.4882425446121295,131.26649844389192,1141.4345733704192,1995
26.29792436171778,22.479609966641632,1019.8637483312443,181.8688423509969,0.1439955406654847,58.81704090057708,2365.119506487703,2017
22.399007420293664,19.66349400920047,1006.6562449619936,213.44592290589483,0.7893812621589501,104.39973833623723,46168.69588654874,2002
27.697777680127345,19.126221698728173,1009.6602916477025,273.8572660330791,0.18310521384350992,112.41927475868536,1350.3758765153768,1950
20.063190177235946,12.889164596026735,1010.1916972153729,218.63114745165913,8.997861579220618,27.55005693175132,3115.6273811430074,1960
16.50689787411094,12.949304604658284,1012.9215601662153,221.6214393799639,0.5202010287593235,78.1262488382728,1885.2345383745376,1999
29.102521436355318,19.676715120411007,1011.644451536766,284.119052913934,2.020655751451871,89.46530243018461,6160.238682339753,1958
21.432596770589292,12.68970730527783,1005.5438608430477,341.6712536949744,0.6691144283413519,65.36772047743928,5239.488205397185,1987
23.107792368121054,18.737931964730695,1011.0008865820226,135.61781541672124,2.11828061045589,59.57051022572442,5010.262025814032,1962
28.173759570223975,22.15452647371094,1012.5022465840751,207.76217660134245,0.47246186458361517,103.39770154468205,51851.22293542779,1954
16.840223789527826,12.0991798601966,1009.8595108246011,31.058336784076417,3.076748321894188,56.52564788056968,2442.8598029517257,1974
24.977454488196287,14.958488634281045,1016.4338774452383,129.1693970047921,0.23489229120285207,108.72886604680212,7315.950330177532,1959
19.050526217685544,10.876315849945108,1017.5970421437682,148.33772132017896,4.5104566749526045,79.39132271053694,11368.495388943493,1954
21.33915322177814,15.151865832083002,1012.608066501353,300.6854340566584,3.6704410427590894,113.79947187344399,3040.540996455851,1971
22.361394826921444,14.653234309834945,1014.1527079342536,184.82126476524365,2.2714283206082024,112.92106044455772,13181.768521286995,1991
14.49889069276532,9.467037620652507,1002.1947200132537,263.1838943874448,0.1395891579860605,121.89438271446316,5432.689017978019,1969
18.105814785897827,14.717996660248485,1010.8944861391908,6.84266400924169,0.4678252310066736,94.45061140301111,11781.77430744476,1977
28.755364462065696,21.595113758291102,1018.0241084587896,167.2173610661936,3.9231263820718874,102.9851426286712,7273.557193652512,1970
26.43095594292398,21.25795452104201,1010.8828170841036,324.4743594588903,0.2601591353291211,145.66068937626457,1042.5957275378908,1960
21.686802113363825,13.199515032600162,1009.3136916180403,80.75300735008264,0.33904466602225597,74.14388069358901,29914.503622776476,2018
23.215617292564467,15.564548967421702,1024.3884446301547,11.347986710560654,1.5705395168637217,94.74455022853967,64244.9445332352,1986
20.52878747181771,15.888114621192623,1022.095385950979,156.02714413685152,0.6408994025892004,-60.65479543594745,6790.268872432808,1998
28.782916929139912,21.04419853242372,1015.3378745624108,253.59545543313433,0.5022521204738075,45.39622267101429,3301.2218883981245,2018
20.99823711102918,17.76352674289567,1018.6945530574002,163.60686246292903,1.7151638026085214,107.30877363504104,36534.51543769516,1982
23.15921046067424,17.052520734280108,1001.8703229102097,165.5921928640557,0.9322676180021024,146.0394899577673,53657.84177852573,1994
27.730150720710327,23.107323712708332,1009.0622427968565,241.12981484579504,0.30294828902074994,121.65330489445243,6844.526689320363,1957
18.113142575770468,13.759235406485608,1010.6502106341343,91.57997098189765,1.5308068888717932,91.78833210544256,6511.462633029216,1955
29.79394592248447,22.980097040916448,1011.8200995056652,270.6803249911119,0.9788211539682191,133.85805553793506,7480.7542565983595,1964
14.347692951283115,9.396355172329265,1010.5502798951302,55.12087112606403,2.6524072404698953,48.319732963099455,1518.4587372499464,1964
30.148210655563993,21.132321882662772,1000.2498685424183,142.47021790295557,0.21685362905867556,53.9310023671522,6056.419853956807,1958
20.136622080240127,15.917524263847039,1014.9301230935428,236.16291904953047,1.938398259394373,98.88287788906331,45023.591527696946,2010
20.78650626087359,17.77651072379762,1015.718270641403,298.21284260287115,1.147152206826295,4.537441770523621,6845.257387153712,2005
12.549949144085286,10.243438299481205,1021.0094939579499,284.9511856194199,1.0419602636002288,67.25242374744735,2863.9740638687877,1954
19.726026413111537,13.641874945308837,1009.0584536761252,259.8068157507712,0.5286804195461893,135.82371686984646,13315.52090705576,1975
16.80096734486558,14.515347200462589,1008.6491842111005,129.27469807310078,0.06179701659174712,66.88617795114637,4158.048786465817,2006
18.961768273132638,8.889280478633083,999.6000775701776,44.02955386574058,3.763664143847604,84.95839830785543,7582.118130419667,1984
21.3134451710556,12.074942616725172,1011.5321658170456,78.06031836947662,0.7902675789902771,123.73685609697768,2278.2234268212246,1959
26.78895807236453,20.11553909799195,1017.5055589053109,311.3401732475346,2.2856992158634197,81.39176647982497,2873.7579394231925,1970
23.038016757003128,16.154828442408437,1009.9411606890365,308.6392932477574,5.897216508569966,152.4813690436045,16943.83372972343,1961
23.538383267005567,17.687895589152227,1023.7172240927182,342.56190691404566,1.664773889765399,130.75306670045316,9098.517611508469,1958
16.522403055772187,11.694497183904415,1011.7170258210524,27.355914682394978,1.0121634627418354,61.11753092516068,3729.176135935992,1965
17.59622955198635,13.45925207559819,1013.7349614214428,193.25127069988417,0.6246971187866505,-54.70976102560081,9131.955460196064,2003
30.993625091756556,20.066731922243207,1006.184484597092,233.52589616552407,5.437528564295688,96.15733388959472,4415.398154858299,1972
18.323994826183768,13.967768550488017,1014.4361017258764,255.83665574406837,2.2918909831646728,52.86612070953204,3700.5614509847705,1988
30.28104126028648,23.185557938615705,1003.1034010257365,231.79076460375487,2.1889301600163344,119.15160922192243,25952.78999955021,1971
20.784694005595668,16.990387011779433,1016.4684897750657,277.2041003648215,1.1108034969785545,140.2087972604565,17727.59161614501,2004
22.01143968071752,19.43511636579966,1016.6221408811771,129.40976746416297,3.729288976044376,124.55616258371472,7932.528770528086,1980
27.351825801149648,19.634474947809526,1019.7964571216826,64.59579796877357,2.50123585055924,99.5117647732005,9361.28023394808,1996
28.359462109693283,20.399445650479652,1007.9001564061615,73.65001397415787,0.6658701604693095,80.77621460831008,8035.3190319431,1976
21.445937198604565,11.9658111106755,1013.8028105914871,4.312328209259162,1.8304758726410955,-24.631379356252168,13187.296504665668,1997
20.058784732392308,12.978326510397764,1015.8190827969325,126.11587395824004,1.1249184945784458,101.6059789578224,3642.7651963109784,1988
21.720397757388934,14.818114282159026,1015.2114081916516,33.02785831679182,0.013223947661903357,90.73149624514038,19196.91241505973,1970
23.689787641160592,18.683490453365124,1008.6735036243257,115.73592940446872,3.2966010670386927,131.30865533254826,11539.899577380398,1964
26.456518434348776,17.297560655864885,1001.0400905522193,226.1556277798492,0.26210972105717983,103.14064237385423,6228.829183580083,1994
22.02114929497076,17.007484545977196,1014.7348014844224,322.01210001125514,1.4265140945893218,45.269272860571775,4975.205565768201,1968
25.094431490115767,17.562858609154276,1012.2375016084504,302.2579623565859,0.819627679554049,106.12505567836831,18790.955483753856,2002
30.191798661354703,20.779922832718768,1010.1666470351928,90.96271630472768,0.8373713555744058,113.71692529156935,6970.9980367122025,2004
23.906548061323925,17.23237158119326,1016.8197268185774,48.269931191296905,1.2977434644724621,126.5541384047223,4028.328900963377,1998
23.55826428002389,15.70847225151104,1012.7754023092278,69.50601856682327,11.633748277378594,60.49226209907676,5516.121320858631,2010
14.405445874549661,9.225737615999432,1006.404024736161,349.5551946852985,1.0497804045412114,13.908447718125284,17486.853497596654,2009
8.846349315854683,2.7828727095180485,1003.3427385545189,197.81081268677667,0.4025910096702721,35.44908494876124,1618.8103372887476,1973
23.94187864615084,16.26340663764981,1007.3551836743342,65.70080028020695,1.9017971591951592,75.72370863922957,5679.344467591219,1988
21.52587884359564,14.108178898219492,1024.9650614738339,302.66861568725346,0.5391282838873727,42.6523891989959,23637.33351479649,2010
19.42608662542629,12.566298659100243,1016.6138838696638,142.26884795251976,0.223090619171455,36.94974901692074,6848.488348806605,1972
23.217651020931722,17.086101839832285,1013.9430617098751,323.71997471090185,0.10295330042594009,139.89268841659117,10644.692948874,1988
21.697981354015457,16.505850853391838,1012.091695364071,93.84376566041514,0.04629422671995161,73.42254377449964,24023.047584373093,1960
27.638901253169493,19.811619886503298,1011.7630353002628,141.559833169525,1.1283285021451284,149.94787549078885,19778.082386760332,1991
22.43055434129489,17.69221841980537,1018.8359799167955,181.78119460443045,1.1127822151774258,183.57373071947984,5218.3744637082755,1974
18.265383574649164,13.936892353915143,1010.5470212904828,321.34152027205135,0.4104731846137661,51.612162798011134,7112.48128960883,1983
26.950831194796447,18.275469456746226,1015.8846020534214,312.7526753778201,3.065130174185235,58.21728390016001,20025.54328146342,1971
20.91434462526899,13.714328666259531,1011.257860248542,206.76782530939604,0.27684811969420303,24.5749263153105,20732.74238421479,1951
24.632683418361534,17.868522866386765,1022.7007831591753,79.83918352112065,4.9376853613647445,136.67050273937093,7420.115296741121,2000
19.612946469035997,14.876596748129,1016.7114425378916,145.20850982563505,1.7714065567965016,62.981924380791405,7680.610749909348,1965
18.75086557251282,15.921294514821968,1019.2277840734181,351.22790353158194,0.05600975519227798,73.66976112387721,10590.193332152367,1960
22.42084115092848,18.076934895530126,1010.0779511265588,218.79836059586475,6.592195590193423,59.33675035568265,31789.79769265833,2018
22.064143217718424,14.361954239388558,1018.2906805628371,281.1951918447108,0.7361688838353099,69.05771482777217,23566.137776303876,2011
24.399135176834164,16.87538206352939,1011.4371128730265,161.9512903301111,1.1955829475034472,217.12806229453872,16210.050073890625,1968
20.656771233451288,15.801775473251439,1013.5501741196642,191.52261916805028,0.6689009039963845,40.34890719520193,2755.435330862497,1978
12.818201081148013,11.108736312921552,1021.1752383530973,154.42348040371587,2.607006606572248,-56.633255993789234,6155.902111101033,1991
19.836130582058058,15.763230344850225,1007.786124716218,253.05155930230848,1.3298201365941373,67.13112511694275,6488.024203625484,1972
25.96909233571908,18.05060896934066,1014.016238656527,306.52956499927586,0.28398666678055673,62.143089046905814,33472.68568693058,2009
20.513119603784467,11.851138417792093,1015.1900262925936,182.65087556084288,0.22008503463795265,105.22495019750231,6381.354186928284,1967
20.76808298742726,12.539785338707897,1015.600021904004,173.11228510904127,2.5847005066585824,70.35502176914126,28380.081517795454,2004
26.931882529529684,19.397584799309605,1010.7460775345327,122.5031281554229,0.5412078879881544,150.69228550581073,4579.299553379128,1967
18.440133863705388,13.592544863442463,1023.4313205040404,63.75480994587017,0.2965206648945217,-37.49565450440906,4959.776917213402,1976
14.285983908785502,7.80282998928108,1006.5253405732986,338.1291802350392,1.3840060586926668,80.92995728231153,13114.242152108962,1950
21.196844402372527,14.926930303439311,1020.2944269431623,113.78869872462181,3.2467216512246244,146.50144826801102,38876.557211695035,1963
19.579130243756314,14.967839884572985,1019.0753280279582,288.24892688674277,0.6536297274954191,45.53983677252185,6556.569943545727,2008
17.16876840123373,9.715684565849322,1022.5044439480184,257.5249276634907,0.6471204262435347,36.948979887165336,624.6753895782402,1982
21.123107720506546,16.996169807963412,1005.0588645064608,284.73033610012646,3.59010489338833,50.48884341936493,1695.641810929957,1985
24.45752823623392,16.36520746824409,1008.6558425605515,337.23652801395684,0.3199473887612442,55.722551233992704,10915.74538002385,1988
21.953557192160922,17.882716259665944,1020.4597152958082,224.413473679523,1.9180185880396246,129.67641610685698,1854.191392907664,1994
23.53490536343119,15.407528862850032,1003.6148042268485,323.2621236175361,6.2027849118852805,33.92491357319836,3409.8963489170746,1974
31.067038492577115,19.693675979035625,1004.9677054947979,60.37103624842572,3.6815189955090166,136.98264394495106,8203.711482256274,1964
20.28560569221218,13.283650004865086,1010.5584610664425,225.61652734444354,0.127616740921685,-6.613009410252033,699.6867635516317,1969
23.391743173223347,16.1839239751017,1013.9599689431113,278.01922064926055,0.7710628510402839,16.47693034361945,5542.906109330231,1983
19.453933187004328,12.840793417360066,1020.9611253682439,97.79080706790266,0.3071754296930061,68.34044368655061,2528.0194324895883,2007
17.768201400565136,12.005738137249367,1012.0736704253482,266.6713684651074,5.961318398006547,3.262130647840273,1809.5261277318516,2009
19.07546173291115,14.020753512390186,1009.9588042596773,280.25165848184525,8.52906558880134,9.247131099491448,3633.005553265407,1979
19.606207142391558,13.381986260081291,1014.5569496884822,299.22766416592015,0.5357406434402905,127.27494837600261,2781.626409294776,1962
23.797378987735627,16.525940503510924,1015.347982416472,112.63784853453582,2.215502109520369,101.25754560273185,12958.150067238897,2016
33.74537893350379,20.20331245504746,1015.2061991108513,245.3783724605913,3.6856642965011095,114.45288401796675,26809.90765185075,1994
18.4197828186208,13.677244005055504,1012.1100689602433,109.53118202751436,0.5323116261015902,93.22682185820616,5628.35868473981,1989
19.91687347192269,13.763404834962545,1003.2245694304092,266.05453949944393,0.4157234173181865,-4.219471936641668,4464.32908433535,1987
21.68438493444376,18.39965541507637,1008.4119200544683,166.6705194524564,0.022548680893839164,25.24369492849965,5355.048280684794,1996
23.978994243548733,14.906165635976198,1020.1013554263374,215.1159748297992,1.0619289687657052,90.7722970812866,2675.2895382250504,1978
23.317754059773925,12.70583718484272,1013.935344689883,149.7023933150048,4.593950960560469,2.29407442432219,2233.3502791925594,1983
28.420478969740586,21.130472266678495,1011.3873894044647,58.31385369473675,4.665669037883289,25.788576549570777,1563.130073090996,1960
9.868039647323958,7.6006817897527705,1018.5908427418699,64.09063065793092,0.27334263981638374,16.80461952683393,2144.108316525015,1969
10.065350649021637,5.028879413252854,1007.3494168381552,27.92480661436842,0.4571980118866313,45.81044683414726,41439.54955707687,1969
19.520609139949254,10.604928487956295,1011.873259331435,222.50616469979826,1.0486571963946072,49.168820750734284,4062.6021244026997,2005
27.486500937718542,22.315344117771556,1013.6887920258702,305.50982326310134,3.0339412228726035,47.463974807654076,427.6784072566241,1972
14.171759841972019,12.748452670593975,1010.7931124835269,7.5012574543491395,1.89273447639107,5.38636335623864,4504.999511101905,1974
6.961838301531214,-0.10162670634040882,1013.503814114508,23.84622075180726,1.4424750663065222,7.025699121014345,1651.741497356613,1982
24.855897031096042,16.482681863254225,1012.0615303428912,164.68811722904772,1.792642336155704,119.4122958757455,8599.720141251484,1980
23.21828611851357,19.581184392527298,1006.0032847610706,265.5794650205482,0.2022936864315763,157.46907054026994,7720.592160174588,1950
16.548957966002853,10.632145460646262,1013.9073894093953,56.77475209630247,1.298887070232343,55.31389492931614,8568.82278654001,2003
17.07230199639535,10.969386929423438,1006.3582410424357,97.79447503770979,9.672512778414465,-39.34499664977789,7779.706731288458,1965
17.151281401826626,11.4403783260199,1013.8280756254836,83.52223246145057,0.1852092096168947,96.98482470164784,5581.929004578679,2008
22.5526765873697,13.54507966362247,1019.8706791207505,143.65843872161548,1.4648019674825186,102.38112177885219,1889.5686952880774,2015
18.868423619084965,9.798345044903385,1011.5948840136198,80.9995237263256,0.7009576780307695,35.429117244354785,7520.184325615879,1952
24.470319594877598,19.234318337883813,1007.1425843501451,126.93552427611108,1.5526806443547598,74.46318966104964,22447.276889586305,1964
7.726866685478045,1.72293286733928,1012.3650609339751,262.27533551829987,1.7057811545181065,98.84618969634109,49695.66991265031,1981
17.715740674361,12.895561376270212,1008.8401444596074,219.9633294435081,1.7230033755588519,135.60531654072733,6386.92794950507,1999
16.36973019544475,13.231970122326622,1015.9725450131574,29.225413941009442,3.823909425536866,11.71772562308525,7118.056863410622,2009
20.71829660813754,11.60035502789396,1012.2600562623858,229.58843984845836,0.9877646664288268,180.42587423227656,13365.43504472508,1957
19.309761207549307,11.668296040094372,1021.5488162583229,171.74778176131684,1.4528047623302762,90.96871523771648,36070.894026752336,1956
25.989218899478832,20.61881160641836,1018.8149479783867,336.44360689456994,0.02197710515259686,215.40748930139122,4982.5814018028095,1953
12.703316141699712,9.958104739643877,1012.234597477593,104.14955415745916,3.117020084619512,-22.33834813683253,16198.133798323033,1959
22.22745738165376,14.324648753399858,1016.5780453398654,261.4199110916976,0.6008260899486569,42.86615086259641,3558.8072816859185,2009
24.791682116058528,19.75867548796331,1011.0338179541858,263.1098962960452,3.3916810299709907,-24.36216777815396,11269.429563458,1974
31.283237182809774,24.311337474875444,1013.1697844258258,79.74028116330744,0.6175081827238564,95.09667175785364,21388.403821010204,1991
19.591170144532626,14.251924487204253,1011.1928290182484,325.160504989537,0.021694228136355378,103.736479173945,2228.6234646946805,1996
23.622293021762584,14.73528465948648,1016.8322797992486,176.8259521546571,0.33643809621472565,168.40452188018565,4792.729101650384,1981
12.980686037188175,8.25958281908813,1020.1649413835479,244.39801208014887,8.492601663163812,7.704890034971484,21052.67894260744,1974
10.040218978434881,7.600926772815196,1016.9932410359557,52.508001198061635,0.7707404762968539,52.28396070839355,15005.337205757049,1965
26.2238718789085,17.979520656940974,1017.6096830064267,92.80941011710892,0.23042646040207532,70.65726577162218,22832.634752082176,1998
21.97219853175965,17.258453328701457,1017.6151671861786,210.99856245740023,0.252847829670976,111.18456016570485,18928.79613288773,1965
27.892563448992114,16.465246254075808,1015.7562796116736,114.84981661440582,0.743120983640307,82.69823683212933,5761.173537477262,1987
15.132985555151254,7.6045628304734,1007.3035692039487,179.88945068555043,0.07674383248950523,43.04785248266633,73071.24100287925,1954
24.599510697643762,17.581399711315495,1021.5048575970825,134.64187177438413,1.4327848934233627,-3.903968305358063,9292.008333655618,1956
31.344089202719267,20.957773614289678,1022.0220541334921,230.59936679185728,0.480937833615233,118.68656866581124,381.568752544509,1957
24.09852804178633,15.614872399854947,1011.8306019834332,175.3723306010912,1.4650680832410399,151.3095601399614,6109.826328510913,1982
23.382907527955243,12.831921831219875,1011.146510423919,1.65957695034054,0.30342382238303894,8.147255761783256,5068.644698506727,2011
22.04278040412175,15.469037972481587,1016.0620582645769,233.88510166033825,1.1237369482187218,118.74995076502839,17948.272816544588,1981
14.145592714370439,9.796404684057775,1015.7540641759175,151.96376053806543,1.8221927837000018,52.434971599714615,5160.633822767767,1950
28.77786467855174,21.451463238889698,1011.9902696562349,123.01140257648022,0.12801052847657965,-5.6901323486797395,24317.948931348365,1969
18.94571180097467,13.399810526924213,1006.7498717220619,33.89283082196048,1.0174866174160755,42.82945613003733,14158.909795022026,2004
24.522416281915085,16.900483240859565,1014.5285059537489,79.33308860393693,0.7205738356526986,62.80099354205105,2980.6883373966675,2012
14.184828467143733,12.283381200581287,1015.7571826908777,80.55802496910724,0.5498208011187343,71.1935735474966,7041.853279159823,1955
16.1027016774611,8.646956567325669,1016.629105740194,336.7330197857024,1.8553840915152005,75.79022897267241,3731.1305220033164,2001
29.175436996111177,21.495584334972975,1014.7464638617711,155.70467090875687,1.7760965901843544,106.13159906970505,9747.427147427203,1951
20.263488555210785,10.842147659056849,1011.6444242581905,15.143704997461214,1.992290867281326,97.63955998415915,3708.968678648295,1988
29.266377380212724,18.80974040614729,1017.9700101975313,49.97400560759552,0.3460482335384727,49.946969464148744,8729.254329873764,1981
21.60884670470741,12.700878428048558,1013.3292424878296,28.451763263848342,0.6729303589067472,57.74969204659672,6171.481793025585,2000
12.790511135210712,10.517242865551335,1010.6753849281764,211.99298047459607,0.47063161206351295,30.22424438183114,6958.900351141263,2018
26.460337998658602,18.391416131870233,1012.0967330897714,67.18373696405762,1.555248365393393,150.2817596765733,63003.173668674266,1981
19.05053841122196,13.308370398669418,1004.2701548376251,179.48075050143933,1.2363231757484747,-27.725617420569264,5650.587343236931,1952
25.493444067585216,15.631944871850749,1012.0887908791073,133.2223426331912,0.8018321540926353,108.44040452372423,1170.945606890666,2011
22.12605433770041,14.888851044524507,1016.4421825993734,289.3954957719118,3.0836969333490383,150.08935296870607,22377.832889925554,1962
14.28440886028565,8.472155595581732,1014.6989151106961,115.37626941553042,0.19737398735472778,48.78371412130161,22202.40514378135,2019
22.821473826852845,16.741941708505422,1020.603320864906,164.975573662851,7.369511038918765,240.89166148663253,1119.972965669998,1970
32.981115710763994,21.10459872687157,1011.6851254299215,259.66279749521726,0.24782775693458836,79.58672473539595,4020.254060686914,2010
24.464932292572296,19.78504133521076,1015.4365658152666,156.00643449503016,2.9662345196150772,76.37570194126243,12529.116778353775,1963
21.712411234972684,11.847526965232689,1016.9637008815289,285.55759296474804,0.9184603490729256,42.57339559402091,13687.020599029902,1971
27.37671700978449,17.550662241936017,1024.714285041437,238.20636824519937,4.0088496550726935,77.52506287918645,8064.897139548942,1981
23.053342326015553,19.49174064814308,1013.7238274555882,147.79048102081777,0.15412918236828904,107.02902315820475,8248.819506204127,1990
23.04767115131397,15.263092309995708,1007.7790641056799,181.43349324709055,0.9391169293078755,55.70800380103349,3169.7630831978868,1981
16.541874139204488,8.949554568634317,1017.2396437667765,348.19324410318967,0.8172704748256198,8.9760888749772,735.2064076656078,1991
23.16924012894799,16.65661121533893,1022.3286367798423,238.18013874302125,9.969069266211811,-0.5412043105438045,62912.950901726705,2001
27.177217082084724,18.07326747303022,1011.3872564488669,325.798281350037,8.473982618062696,77.81191771362903,3075.8381810265523,2003
17.819689239499876,10.802041956413301,1017.205407693032,64.35306124958318,0.4209580685230185,52.74976133451794,9667.313095998199,2011
29.122479106234742,18.193993752766886,1019.1436402761447,173.9650162482547,1.9882178683069411,77.78244471848645,6912.95180546539,1992
21.54146987927437,20.615776126743945,1018.0853277198507,327.11820114421823,1.5336710596132468,187.92062130522112,19874.59480755679,1952
17.561152442307296,11.789702909246834,1013.6277926123679,116.14034211891035,0.33535499172885574,88.24845984026302,9089.70027410523,1987
26.988160384601223,15.040577548555099,1009.5076312089343,348.3591113327115,0.36731619378238384,58.78484655799119,9446.890824701963,1988
20.566028821308652,17.383639692927126,1012.593602259932,34.947896570516676,9.066020652264305,99.11678858577369,581.5411600454499,2019
25.79757443743054,19.28044391642252,1015.2930022693881,324.96162129901325,1.2056259704452026,124.09682552131291,3521.5655472483613,1994
20.541206838707314,12.845911925055542,1017.5411126204586,160.27636394370913,0.26889514895354255,65.00058880192638,17062.40947807569,1995
21.70086928235048,13.324370320273053,1014.6697252399952,26.54789945081784,0.4836082607766753,51.56527260639626,15594.416695997272,1962
24.46780102167146,18.474406307486483,1011.1004601672971,316.6277733309915,0.624900759626561,29.021982402223728,3128.619639082005,2001
23.45448528795003,15.924303046586108,1015.7768982807488,90.69847646728084,1.4304472163035848,146.3224158416977,1672.3271147110759,1958
12.022341097741307,4.563683131528711,1017.3004253387141,8.010045178281073,0.8175856662156733,25.623997613897046,9196.50966416622,2006
16.39378129952804,15.050126838878965,1014.8980502820724,48.890558004909224,1.2139822200776413,40.429063596411176,442.8477144342824,2018
26.64704992395408,17.78495402233594,1008.8190644273084,237.2813070839142,0.3642420764415656,140.5977796662452,2569.13808888014,1992
21.339317055492263,17.928665411809437,1012.0929698264141,352.01213608975013,0.7912137924634781,78.76326531684629,47106.25506691479,1956
19.381343486142892,16.123810356231456,1017.7391038820623,40.12637025006605,0.14582234613761452,188.3580823911994,34374.398233248125,1993
15.207129923712628,8.64297185763321,1006.0849109562777,166.30129732491432,4.409288996548179,20.665961942100964,13190.463149310677,1993
16.60131839362076,13.687302604260825,1002.5341098880442,65.0291583411117,0.4431707247641744,32.50244322946686,11018.559028372052,2017
11.891006800190263,7.020819660405822,1020.5404142507201,268.21315227657317,2.828565909501744,-0.12644392339474564,1152.6618691632643,1993
21.493596406492337,11.31211631093675,1015.5570762751094,42.5012039142531,0.8601871942342822,25.10435329127236,3863.5153612186236,1989
19.007812097094764,12.456272135922049,1016.0336500126006,86.34302945312025,1.2864194217461182,79.94074885471383,6031.984873852639,1992
17.167060545073426,12.812217385103954,1007.6159151318648,70.7061483536657,0.6885360000417694,87.63797994866765,3946.5073458260067,2011
21.659382874160233,14.236094715919487,1016.6876403173327,198.90712093211204,2.384360363580102,49.38346496984629,5708.757424764702,1992
23.81985315426369,16.059800526134378,1014.3762434378418,314.34627312022764,3.722816216327499,82.74511192099352,29709.5678976235,1968
32.465989661049726,25.013324852592035,1005.078362110758,183.99247241631068,0.6745015965142135,116.13920340927822,4713.457238815134,1998
14.440582902183932,10.321395992108936,1020.1214170713693,20.967642997729648,0.5547181268258673,107.32955070050562,5762.120448947379,2014
27.79690521650261,17.77123702898192,1013.7934166180936,202.82001501485925,2.2878905439824737,61.30092644521325,16975.58283401564,1974
26.86550780507536,20.209916110887402,1011.0195801696036,287.10755975448336,0.434206313986355,95.77264733284801,1959.6561073508085,1990
18.104536303116497,13.068526546090037,1011.1100512700739,47.576231029556176,2.042412502058406,80.60517931371835,3497.471022008802,1972
23.016179772930155,11.068116238127022,1002.9238904728381,26.176037164053017,0.19837715748554988,89.75974298011434,3874.908824088546,2007
19.711833753311925,14.654989454861244,1015.9666829981568,67.61079992072486,1.9358900773676306,66.86741556464604,8566.30828197976,1992
22.928442902093696,16.83356744689779,1014.3092860362286,268.5910762157859,1.4406533752639057,125.0227109469669,5738.986653385486,1989
29.545655067022754,20.722200806077645,1012.0295993383345,213.00495103152056,0.24186383642144854,61.95976956275312,5923.359740632657,1979
25.028031163156566,19.303022976348746,1019.3924260372584,194.6140754262296,2.0945287102748273,73.23341369823102,4167.810066334935,1983
24.54304186616721,15.83534213766404,1006.0807049050208,89.81276206743661,1.1831935938129874,51.39273207188191,2777.1201147302554,1959
19.848453400226788,14.566916957800553,1010.0161376181619,119.6051742888694,0.4895390593938097,29.47755653630842,14900.393846132794,2009
14.579716675378323,7.071882930430121,1008.7499587261981,347.7186046596032,0.8720058199467141,53.68028289330943,5780.213397905482,1950
20.95765894729796,15.484542029906235,1011.6060251011422,86.62508162257885,1.3549496939163035,120.66418533584951,15048.280033343186,1961
28.033040774319577,23.5292479331035,1013.3373501262861,324.59235237183185,0.1920401634317811,52.507132624860475,2666.1017599100223,1995
14.364160717051762,8.065199797001151,1015.1500676190568,208.9913416047852,6.32166120089432,91.93658045176197,4166.19255875909,1966
16.724553159116525,10.187582947406016,1011.2651327344744,44.38672789364921,2.1906084699052366,33.609833655242596,6495.188637339514,2007
22.63133868117034,14.421906191036133,1008.6132213242255,168.23245613582446,0.21636227148884454,24.24060421510888,7130.473802640807,1987
17.076726075763688,12.213704704637772,1021.4300347488522,341.4775382499153,3.461654459524164,25.438293895402715,17229.33487298657,1955
18.03738276442394,10.500095389389319,1025.0582009589427,150.6836153294491,0.7788536168053025,101.67092467949858,5268.445942137958,2011
19.882007091359114,14.759899721333339,1013.7164333594101,310.8191633241704,1.8166428264015935,15.92575986461867,17098.435427054166,1959
15.171912979049253,12.314018976272807,1009.2160981648957,92.31433007461477,0.6490872884514095,150.65714880769872,11789.257430568998,1975
17.129390768918157,13.059267965150278,1020.3772706552114,205.53197464813428,2.6440563409813667,59.897188287070726,7281.902139182503,2007
25.517139583936544,14.325166857479436,1005.7662144683577,303.78674095271055,2.5675403480842087,-2.4629078463211442,3129.727451370794,1966
15.46315108884518,12.814541092508836,1011.3261333764758,331.4478388210904,1.606118106439013,-2.52033543516351,17272.57505090919,2002
14.010639327525812,11.682182357775428,1009.5194147432685,174.89641217446825,0.5513109455144106,88.98140646843747,3208.832788425567,1954
18.84987510233053,14.855235316323979,1007.2023222477476,230.28771677235446,0.5852654334196139,-14.749625922482842,7932.469034637389,2016
25.65977751254923,18.70752875609611,1011.5998788353911,1.072847081639141,0.9653278163050192,118.27010945235355,7677.579115117639,1969
21.01539096001555,15.15115230042115,1008.6791396041302,91.16039070482026,0.31333608203896995,7.7827369414666805,6587.339692062388,2000
19.677094609421907,15.838745022848128,1013.0632723207433,100.33635734890048,0.8239395750529099,81.32688682849616,5489.982116415116,1995
22.221793987578035,19.402282766511533,1013.1358858383624,33.65748419559509,2.306271702665211,135.98052566127467,3561.450928637408,2016
13.27146283570174,7.383943058261518,1009.8933413823901,100.6902048085116,3.5538829605380027,62.40414347664425,1608.5099983880011,1952
24.473528268875164,19.287720579802155,1011.1474332170307,115.60393190093009,0.8086783558910656,126.77289459250144,32984.88591113109,1972
23.91717515701822,16.56958841389785,1011.8457551604814,348.75577424454957,0.5320766827205898,116.07080388190496,4955.614899039577,1958
19.953457629521395,13.708074236607775,1017.0492303055971,240.69685700190155,3.5752470082928425,9.384891160939787,7128.726634931282,1960
27.029622558982084,15.847674410523378,1012.2578529946791,153.36182858988394,4.427391463118442,24.60322259115194,7085.265436996078,1996
16.362519505234808,10.884184834633574,1017.1235087039305,355.69960585038336,1.0553384458754596,-35.92402068577276,24236.240595937725,1998
27.639544966267845,17.35315156045066,1015.9290649177733,55.16363528446003,0.05454539168070193,108.36856371281162,56004.88631398656,1993
22.772468327976256,15.013018970571487,1015.8576534845037,171.37842981497445,2.374635354314244,70.56470875722952,9507.606292412142,1962
20.317237050609133,12.025693167870093,1019.9392298517299,232.94239453765778,3.065261508711109,17.088684358870303,6925.720240828291,1957
21.90063182315844,14.432625501584896,1007.4030456012705,20.009028414267725,0.03637733731225502,83.68483128454835,2634.7484534721357,2012
21.46367617094529,14.212352605614896,1010.6340844684644,258.11958890992275,1.807888791735361,149.92148426334995,1912.9685909920277,1971
28.101414482088586,19.86449997433961,1021.8164940014979,35.95224705191636,1.7752547494117814,125.1838286231239,1374.7471061102692,1987
16.61660436264493,8.40212332926879,1011.7134174970537,50.501631095883695,0.9519079026958971,120.4378329860418,3656.1100761485827,1976
18.18740380426701,9.84014636749626,998.9243815504708,57.48822448635026,2.770728194705569,37.77773870386754,1001.3908900963852,1975
27.181514460362397,19.75088866371473,1011.9851582842606,334.4003375959864,1.11785868058931,100.35915614644524,23833.083411782954,1972
19.022325324080704,11.720751492716294,1013.6746976508163,245.9647962497404,2.258819097034207,73.73574288263653,12370.826078949127,2014
26.50266538665796,20.700925351120432,999.914434412844,235.95390039711748,1.4559630431318238,128.19555184353266,6300.34381887577,1996
30.49717991504355,21.798565384560575,1019.6696781994398,199.97765872739717,0.5712739427355509,22.226599741129704,24572.51892869561,2010
19.99102486529183,15.207241706117095,1009.4314376806719,105.41015953023701,1.865352808582665,138.52963300802543,2776.2154286514306,1995
25.406811632876526,20.606152783855354,1014.6428155759376,223.52029365576652,2.6705067579491906,98.3235439053069,3568.9222721139395,1953
16.23153859330071,10.742655391697351,1011.8700922732797,147.65389915991034,7.292074722695423,116.48904015850118,1171.6950261723478,1980
25.773666490339046,16.89259313240478,1006.5582429039798,52.34981403334136,0.9564230740654718,139.98971924057162,17577.126322966076,1953
22.997119929933834,17.84138912215131,1007.6474593268229,248.2550245179839,0.13328957079943154,-31.41547209885684,3603.4922140204812,1978
24.365191410801074,18.07466111542012,1008.3245858178623,46.64958045477218,8.840906537615698,95.33818261399966,8231.270148348625,1993
18.772139639823024,12.765837128233514,1018.4283595459182,68.64068916762237,1.9553041281883032,89.27994269075867,22083.2879608378,1952
13.694582922164138,12.36912397942678,1012.2623090594992,294.3717522651381,5.854296075763283,33.807969424335965,31915.617810462325,2008
24.516260323747524,16.736893606943404,1010.3906724172413,237.64215460505545,0.21924380052740647,77.9726213108607,7870.3172232542365,2002
11.682984237602728,8.243636241433471,1008.3269554370488,227.15681551691125,0.8372035547077196,-4.615198829930286,11899.330729164663,1960
20.413247538787324,14.331718578819643,1018.9807511076307,150.55300236338067,0.28759455420231567,60.497971502332206,3281.807950548488,1955
26.70590933209985,16.82494874267295,1020.3210063626179,142.66098656617362,3.609812881328417,71.78913080076586,43624.46269611872,1996
22.95948867936518,16.226812854528408,1018.9237194935334,248.49453930674443,4.246247602878207,51.25241208947821,6862.653405235638,1956
31.741713223949063,25.012719611561323,1015.4621866957708,266.40199389925647,1.391548054906507,83.60219926548547,8780.467681253524,2017
27.125545762908867,19.87781866478856,1014.4491502093535,183.6767528511518,0.4130798591561979,-26.177746337367182,5394.563292666244,1950
18.730508058372116,13.173482493658344,1006.9203109101205,348.93692796546947,0.27191201706803364,34.02761784219494,26882.98932372586,2005
22.136566899257193,15.172062267148695,1011.7709043664447,344.0518412107939,1.774260668845311,25.296744072114954,9893.110878990696,1992
21.76314648727782,15.895936597907175,1009.5806989832678,148.47461640459312,1.4119636855253355,30.62878197519975,17342.832322842674,1977
14.089116183269365,11.361914585266925,1003.8724394550765,295.4240115419353,2.3735045473626823,-22.753819117797164,11544.427592197482,1978
17.298005417578235,13.32708145408427,1018.2852170958269,195.57642297542952,0.7282833949815226,45.89393487646306,6500.21554942562,1967
19.1961954651007,12.773607101926531,1009.5208502680387,184.2321195205828,1.029560181496264,15.580668472932388,20526.429143496105,2011
11.818897485720317,8.922791428224452,1018.9797095371765,19.787062096314664,0.04318504706666805,-4.47562042398264,11445.09112761261,1955
22.237467341258213,16.526106621177306,1017.4087320038001,206.63089576859167,1.8839507787689016,79.85869843359755,3099.577029764621,1965
20.754640776734796,12.5138585686604,1015.7835898831671,324.20805500273923,1.1003235611663937,150.19335486555832,3013.2925073803895,1950
13.635530493442129,9.88133242777688,1016.0644203588159,280.84818571023317,5.045581772831715,51.29179061822054,9403.40116643848,1971
24.02106432638666,12.492137255865938,1009.9234305896315,283.07417209173434,2.0532510737801553,129.4152393193128,20079.564842641037,1995
25.579363723454797,18.870622026060726,1022.2892507564533,57.57445388748212,1.017304279820761,79.42792715350085,41748.572935384,2011
23.135172394324446,17.515306785152475,1013.2156271547652,129.0418009680829,0.6119342756310739,199.90506194098936,1370.3021506423747,1972
20.37965912395515,15.760853638341523,1014.5096584255936,83.95376999408488,4.713764580908234,11.756462033641682,8313.69845075369,1970
24.957210758759274,16.679953826792357,1009.7546183321668,113.72950168402893,0.03279760497207368,-20.123520667598868,13222.135847247511,2000
25.401101802383454,18.398864931716485,1008.3441736961151,208.63416365774114,0.791759788553889,127.54387890926253,10890.750554511344,1987
23.537017848598442,19.32382018510124,1015.3864800440471,131.32217281328926,5.7472269476407485,116.53986618287053,22232.87003547166,1977
17.876938747826195,15.341396420060853,1014.0875674796939,201.85121428713578,2.1228238087507885,-31.85035562174889,15607.923430282797,1993
23.383003827555903,16.30975728083601,1009.0532381704871,157.86044937884773,1.5216492835139568,67.37071225997539,3024.4962159678203,1988
27.977403254127395,19.862821539348296,1005.807866406123,103.18160104190196,0.4551434773609754,179.82942505270702,2937.189090471744,1991
19.01685470694135,15.53362058432781,1006.6503845633623,34.3452363138571,3.584016291343603,106.45242600750905,11075.102568690103,1991
32.489696695662154,19.741183656439155,1018.9806685854555,321.0618446441217,0.4568124060935414,26.484820636537975,21818.323525480548,2009
19.37184533007308,12.914140245697105,1009.9337309267496,4.09441176167352,0.5707123097163089,-41.504448001096286,9352.673834011503,2006
22.162035066700682,18.18456545776399,1011.3054572716209,0.5948957311096192,0.4260180166203016,156.04742286512737,1672.4868515747523,1956
18.63757201996832,14.996701497347356,1020.2517012937953,297.64718631487654,0.3443055742212163,16.245121965450686,2843.606968615455,2000
23.116354179601306,16.919975481020725,1007.389247192568,358.8519385172844,6.128557459918091,124.73750498737175,16179.751885693482,1981
13.288891536823623,6.290559265115295,1009.3650258714147,261.75701797691625,1.8427653282775134,78.52643384820857,5717.888707078184,1956
19.269791005916392,13.38903323805915,1009.1561658571966,5.498581702638505,2.031322513523811,60.29884347367085,9117.558174580827,1989
16.539393998257164,10.397745006280148,1021.0903424058301,81.6084816006648,6.17242874451035,18.307610224464803,23515.570122739147,1964
22.676691739461454,16.535762023257444,1022.9669175029121,349.85617209430603,0.5242237359707891,145.2530084870536,2435.216522188361,2008
26.972236877544535,17.261872444691413,1016.7578161270109,291.0975307825805,0.011870233218464307,-23.196058052209665,5354.846641508741,1961
25.230030935572756,15.609574864951714,1016.9169236207712,204.04794376969596,1.8270074861272254,134.6814705713078,4803.630122699204,1991
10.141703195705539,2.9694616816265933,1010.0982249857364,85.26985539852923,1.4179225464468528,13.028892809705283,11561.11437183401,1988
32.2103482646394,24.99085315520098,1022.7366424345214,5.173274133629633,1.2988362803993667,66.56835378950058,17551.385616279615,2012
23.47639970310434,15.633938769286923,1014.3384812717933,7.510130149467242,0.12775526313829141,72.26221883134599,1844.074017773238,1951
18.117504297535,12.996544575679568,1017.2655513222487,220.3131108708816,1.2118661590146638,115.23317031999473,8058.346300655382,1978
22.785639594954702,15.94547148351993,1012.4723753061452,7.859475486872323,0.6781179409226272,9.873800462267475,19328.367299497913,2010
22.88094911251346,13.88179651283842,1011.6598370633619,357.70685109313416,0.6419667182294283,89.48681253085235,1268.0220805634972,1978
18.665756415242182,10.54789966777314,1021.3152112979806,66.01818005774572,0.5030386761503497,88.24163807975334,7597.750978208717,1987
22.98958333671038,14.082078083702793,1015.6986183986916,255.85465027293984,0.8085167522680237,65.6310064511313,2402.380883092539,1956
18.962638561898462,11.827510115670137,1020.256877305352,55.821499708468835,0.8712293718396164,5.0633012745438535,4266.005108193242,1979
19.978190036549886,14.71794551961253,1014.2766408587253,194.43363159517722,0.7385820326676137,20.70449147502677,661.8013335488373,2005
18.568604321224576,11.40658769781598,1008.7581673178845,29.020063847838323,7.7030523806875415,150.21805420054693,32621.736819196252,1985
14.836643551301737,13.878631749100458,1010.0832853356076,276.04023283196756,5.398114087361683,95.09612725062043,5676.958384482574,1991
22.72918235107692,17.964729717540145,1013.5148262123231,210.57159410093868,1.709028133828009,107.18785440553785,3614.859022705941,1953
24.92649718258169,19.065267127138597,1009.8674989197833,31.02000962450941,7.932413410274025,191.52289052929677,11251.616041586132,1954
24.57441798038186,16.962774781321002,1007.4626929568616,305.49102811200197,9.465554965925428,38.55406542533835,2857.4639146999643,1995
26.09962626317617,21.298299855664283,1019.0070851589351,196.92670131961273,0.8799258785482369,88.27570870774359,2598.6710822192185,1951
23.62170105007434,16.099179472809787,1010.2756496458825,331.7732316047945,1.1782502851908168,79.65794405519502,36692.555637921054,2003
19.33637250891548,13.472937927932344,1013.6909637389566,329.98441452412055,6.391382208598687,125.72229778994182,49447.31450651874,2008
26.198319322155943,18.678772605007698,1014.480667949428,331.38280421516964,1.8761843273228067,3.4097339275501923,4482.500547932901,1982
15.212412300790325,12.052334691639915,1010.0592343733972,28.002672072168473,0.4788738477426317,56.067502556093494,23561.156168237056,1971
17.4966430874376,13.52146631921229,1020.2539973315437,43.54479423162844,2.338374260927079,55.70490571736033,11568.49164569909,1996
17.178999642883777,11.075049193129438,1007.414291193977,355.57409149783126,0.4607043977028296,97.96402709931863,1970.748518685596,1955
27.40028029569655,18.114208768135676,1014.3081263179039,175.53629570353417,0.8290856029660779,67.56839497366622,3203.0799367984773,1973
26.71394257070038,19.979565713794432,1014.230588531883,85.75705901849315,0.5164023085454054,149.85508287010708,38219.44892518296,1998
24.436526185224974,18.536041497439946,1012.7287269856793,277.07921585951686,0.5620226520305933,97.9913870579104,1945.365132403408,2000
27.359649326058985,18.36505227859554,1006.5154369336401,95.14267963649351,0.009332905080473087,56.18272338379734,79300.47028623168,1990
17.60358608794006,9.148134122201132,1017.3540877593173,261.79764768671123,4.252375972286415,80.10345128853604,4576.262171256769,2016
23.742975599304902,16.205450727496938,1016.717553351673,301.42288002591397,0.7019268437730615,77.19398436988618,39372.18597581874,1951
21.37412785808418,16.208941098310643,1009.6221573570439,282.334815826301,0.18066879408817044,93.09481054402981,5969.60598685676,1992
26.23441051942457,21.974921056436763,1016.5374360360269,98.65721095125674,0.18201120809515534,29.129704936082966,18032.006405356908,1981
21.423878837239013,12.600799261385983,1014.8745384315039,144.58268666852535,1.6239437611949654,59.21996712241625,32696.821166316196,1961
20.075285557949595,13.199557384903569,1006.5969392731945,148.7703611639795,9.901118266661134,118.81772248021929,32531.16453673285,1972
24.70454259280495,16.51437269191271,1008.7303554271432,176.85825051760986,0.3133601757992654,151.59764688910033,4517.140632445487,1965
26.380845835956166,21.178202764032317,1018.6914072244479,60.25422655444898,0.20988072109216196,107.79781307835059,3437.8855651800186,1993
18.65827402576599,12.990908817118928,1014.5470809257102,162.88921814916327,1.1535885755707624,51.314273501783845,7471.028780387489,1951
21.69462164323812,13.371582031522152,1010.1784852709469,183.88187658557268,1.657160778539474,43.96054525007575,2207.2890756994934,1956
16.707796831791736,12.812848348097853,1008.7076205441368,191.41523876917887,0.6973578772392615,20.538052433020106,10293.461590506337,1970
9.509694912535302,5.847509398692818,1010.4230310094229,295.16415479440496,0.7205688792864983,-9.002794433601103,3566.0126568241185,2007
23.002298157068644,13.652834163232141,1010.7776023506115,186.24041945261828,1.1049504416183702,33.66909957308145,23925.731092700662,1972
25.04452678127316,15.74562213233891,1008.7701848368538,83.08221210492307,0.7541798815429344,73.33172710644956,4581.984974585537,2009
23.310334045433628,19.785317740648775,1004.2911794380835,238.7263457679074,4.938025268663355,48.28770512812889,1419.0473292070403,1974
12.252191411228164,9.344952431158639,1018.700066432004,287.03309187118504,0.08572016354179705,68.94754772446211,32889.69862985663,1984
20.245752849617627,14.387547105637424,1017.8531683630572,114.97379991777423,0.5346354408599256,82.52859646997277,9733.88137186588,1994
10.908261199744594,7.135995368197123,1006.6337227409657,232.31013444633788,3.306286413377439,91.4029762930994,8342.639152346494,1956
28.848505538270924,20.778251561027243,1013.6815564778184,52.897678540564556,3.591030522767173,120.8582138356442,24206.94331767151,2018
16.569727089409568,12.159280854591685,1008.4888089864262,123.09346964810305,0.23656524852943833,96.53374086551855,19371.85468681505,1981
28.27701804729948,20.37825028952429,1011.6921638838674,327.3206146378683,7.281203605387111,49.2931280181806,3782.5227341304408,2002
26.72934821842073,18.940233933450013,1011.2761671006317,328.0709387385255,2.3641281255663293,107.8670529628435,5167.882938432738,2018
17.49704823731969,13.98553044273488,1010.8608289214106,207.11684834750292,0.6365384002457402,69.81176364670037,2662.56374080791,1974
16.336075243661274,11.481461362564353,1023.0147354203814,252.84652591143842,1.2177512779740625,-43.91288264017431,1873.470636192858,1951
23.751851081931694,14.670418086246908,1010.798371576619,307.4455494741389,0.7051911789986118,71.2456208405766,14452.064205289465,2010
17.778379814084644,11.220020088057513,1008.9586808746653,345.0791467125456,0.3250902122793942,9.075729340917043,11994.269943758547,1958
22.512423210791038,11.800658860574302,1009.1870928525148,176.359118504317,0.6883018662908938,-5.911851898268111,17341.00507612705,2000
19.58586204596541,17.76373766426057,1018.2188847820088,202.16726518537234,1.7354389809027293,54.93969401374282,29190.6999159299,1951
13.094207927671834,10.891454733275657,1004.7394883415353,149.6309639932189,3.4970516546415533,10.39792855951508,17579.255040193202,1994
10.847659904377705,5.933220942805919,1009.1868854178224,25.91349734031435,0.9036330827035483,-3.3350509319241937,19215.24928369785,1981
23.133421242472984,15.629705170936887,1020.2341142005577,152.20925008157465,0.8551194340537434,2.281513886989643,1014.3859589193654,1981
19.192211268346874,12.160794939429945,1014.2199309399882,284.62584217790777,1.262226214926792,152.4546147218285,5961.126534626085,1957
19.234550915429338,16.54928006354877,1013.9596100251806,289.7587792769503,2.068772882615227,3.90772040795742,21259.869097779276,1969
25.47931919546893,14.995769108286392,1023.6607323007186,321.2557612535879,2.785560799590175,60.94640440533419,2519.4383124961632,2014
27.867211383162225,19.736000085851114,1014.2317397647425,18.528013863348868,0.7914241621475377,126.47209772682253,8881.017234301122,1970
20.637276393190955,14.229037790103972,1009.4590691932021,189.77565224902818,1.7654820786754535,118.71232785316457,13622.313702092442,1956
20.297006465450693,15.861581787233714,1011.5896147156183,38.672815657347456,0.9864981383927987,14.197716601657156,12617.670029832312,1958
24.50071516556942,16.942482160449202,1007.3228384548471,72.2671859396676,2.5203799133833464,72.12562858650637,11717.002932649993,1951
15.215322151502123,7.134307752740616,1019.2796852000785,324.07794085701835,0.35986862629859917,76.5655779031939,14748.736823936431,1968
23.115765273738486,15.678800022332055,1015.8728085876836,178.84485303469052,0.5939162312474745,87.15658194098356,9708.372096148236,2009
24.75942985911077,15.387276465490888,1018.6220707498544,273.0761715227809,1.1104622985059809,94.30131021408704,1876.3276964857234,2019
25.401151042088145,17.939964822574822,1019.0649196427469,23.178278134325097,4.403937846520947,21.041835060997705,13452.97480145079,2008
12.316236487487675,11.489719614282025,1010.9289460953623,150.0575414129467,1.7034690593671498,-4.311681104039309,10772.442809636068,2018
18.193223650955296,9.25640606720415,1008.2762357399556,242.72650103916158,6.727578870083087,47.42015153676623,1901.220921689315,1994
17.608683735882668,10.72563314431806,1012.7414344434598,48.02633326015679,0.2180180719105082,39.69896264413758,32200.434044566442,2011
22.499434772046065,14.64421843286525,1008.6361946460573,117.29443647804594,1.2330220645802257,83.52231497360324,13819.524633708343,1959
24.40372289883992,16.31934383836152,1013.8247843770451,23.237209808597967,1.086279389709897,22.336753581821327,2037.8521795199842,2014
29.483552037229906,22.11873775427142,1018.6604844041734,234.48237871302376,1.833612611548922,146.19414348105653,3578.771399613041,1975
19.525172598159635,13.320531983588968,1012.1593017697542,349.5208532609227,3.342250164627707,0.1851694445833303,4609.837833485351,2009
19.51213750845393,14.490101707358638,1013.7499754495387,297.73637681141867,3.683345650228974,76.06951463539085,4606.559574639134,1967
27.748360094393735,18.172305978612062,1012.5307719188831,350.8643220507236,2.2185050436536895,46.958595003528046,10862.26558157606,2008
23.482884692651524,16.89786797569194,1017.0136378621885,304.4177262354227,2.051856117047946,63.944299139439124,3052.2925681741776,1970
28.33825755593987,21.392375550913336,1009.6610880285585,307.8704902309123,5.953018139743591,20.05186346260126,25037.669433037878,1995
23.44364001504918,14.945948911060247,1002.0177686917845,207.78379033368333,0.9680019585853683,70.6092501163732,23058.816073379454,1961
16.214416906433645,12.91280807411658,1015.3543442968769,186.57083210875558,3.5769295755747645,86.77306128442707,15052.770048200857,1981
15.334358226110968,10.838796295732815,1017.93917210654,146.25153591401792,5.089408268407319,111.76144211751918,8469.627224426864,1988
14.242438754705354,12.060627609258251,1015.2318712237927,294.5141622165168,1.3527344860023562,40.532218377343774,20690.863709910638,2004
25.310259173792367,17.314341621500706,1009.7988475226599,65.54434042008886,2.6120300971802766,18.894417263091448,6149.046309784648,2004
27.942984115435042,20.322578191128727,1007.3249395090696,20.240969696709552,0.946481266737218,134.2523839338821,3926.5291182539763,1959
31.246810706931903,21.79155503149527,1015.4724876589016,341.241776166483,0.3460395397949433,121.2492364272381,26638.415525640627,1984
26.215526661616202,18.158444139050182,1013.7073947646734,1.3601466732517409,1.766214302873023,79.88784697608105,11131.595185203483,1955
27.814192887674928,19.987795877823824,1012.3710368617084,351.65855587530666,0.43748562469595625,60.10399578772765,4088.536493363939,2017
19.099918336731577,14.44355777416191,1022.112316714969,262.3872131545557,1.2234998797139875,52.90380780906465,5336.13897986664,2011
16.217920916280715,8.85341481754849,1008.2659995290934,118.25961109121795,4.125236710017545,54.11705461406602,3879.9285450935367,1958
26.250396662087766,21.242544881097192,1021.8751851056373,251.21514351107172,0.1798892131842867,133.1731745920289,61216.67255870382,1978
24.088403761197004,13.142556551738304,1013.1589195243532,294.4350565866458,0.061802188894745765,36.758201682387316,8136.362057794915,1955
22.537221871704464,14.406431090715332,1003.8221476156456,88.33034015511693,1.8652358326962202,37.638847830115,9487.887947535013,1993
23.93685740316495,16.567262040685662,1012.1039867284043,277.5224459806495,0.8041257842128762,63.71697939945918,16667.550892117582,2013
23.61592741229103,17.355861126775615,1017.7974803829972,289.5730650029665,1.0823556084099126,5.273715561027643,2403.3984063439493,2016
28.419084299267805,23.04570406497022,1011.1747248359751,89.76766684512435,1.0407777075877531,129.29268669418548,24259.104429231924,1993
28.474927924084778,16.215866570409126,1005.626107293808,15.093487576074072,0.18120705082107588,122.23360166100926,4412.311007717736,1963
24.721101761701735,16.289382976411794,1012.1774273410191,73.48402244091515,0.007145615124393327,101.45500049732931,50514.52946776268,1958
26.22901436281464,14.106643078371718,1008.7141381305415,72.232707200182,4.573881076716568,205.14589346275372,5927.401912813325,1972
24.57031276212388,17.26246288130721,1015.4590720054398,23.486563503173947,0.49128595371283046,113.03346980999305,22871.34314299873,2006
19.694151339826906,14.329273106878896,1016.866999080338,261.3626584758705,1.1105270172417911,127.97096737314402,667.2747518284442,2006
25.7828233745657,21.229567846538494,1007.7186479612594,136.79097280502694,7.145808310580421,89.86567731623462,2502.053125247707,1964
15.027524655703692,10.760536780779491,1009.4709797244218,318.379020283389,3.506184533663174,17.344794365223112,6041.410807184672,2013
27.269457761479416,21.17667069192035,1016.7832123255347,90.78159803946694,0.22842326576948732,19.964941959275677,1063.3897922648923,1956
16.027385301169826,12.386843873896995,1008.7057786085052,163.16357943597384,1.4206641232702444,69.16811554132337,14777.846036102797,1969
23.429016433973665,15.52981510977123,1007.58920932086,230.04627441363462,2.619252107096666,99.91084710695397,11080.677730422029,2013
17.774230207869206,9.624039651924365,1007.1065443410188,315.8873818818401,2.397259441436136,103.1172192380917,3008.4261587169294,1968
24.766944915372132,17.886866037344113,1014.7601930647907,188.86359658297494,2.8612604809210054,58.400743277745754,7974.796181402154,1955
21.830373870360457,12.297057674961593,1014.5457885975874,134.46886601245782,1.222967223201499,101.79482731023634,18150.932756643913,2000
14.026220209183336,12.408768291767622,1009.5797698481048,312.1254282499232,0.3869824421607637,-20.313429027082726,989.2533662894267,1988
24.103498155092396,16.548324504491028,1013.0254269806412,111.6887128875398,1.2505002758473305,78.91957945819236,2267.6764223900955,2014
19.110396115836448,15.767632104108346,1020.6356619207756,28.592531867727523,2.087607679650573,90.93778827034897,5795.932751350071,1974
26.405733604066846,17.52358465458199,1008.1296992154089,160.2151587036864,1.8760100120932814,118.84129066104657,8297.616854833514,1972
22.006628443672035,15.942341483372408,1003.2412869549478,282.6335903392771,0.14626439721898785,110.05489929204691,7641.80093148553,2007
23.977104926940193,17.202671163527512,1015.2753778786018,11.08109943126831,0.13431575669610357,108.28527710462701,19718.149508372484,1960
17.21215522492394,11.95842042142491,1012.4479941804921,210.91760819625316,6.719602178705104,61.18837587486415,13058.71813020756,1983
19.05333884286319,12.472018163211049,1009.4498745659245,214.007057469805,0.3292905065508545,124.0497997848438,16262.7881374668,1980
19.706806819494577,14.579676810587245,1016.2604011867745,334.2750348338574,0.6975906086038632,60.298525656785095,2018.5289190601382,1987
26.28351240121278,16.546132153882528,1017.1961257233439,103.12733417220785,2.9188872783577215,83.04489691023832,9365.83576915339,1995
30.386885439027445,18.851949149401094,1001.9586099005995,100.38118075585064,1.0541711253981125,179.0711015716497,5960.18911798827,1961
17.97414124128562,15.067552655553587,1009.7370104533426,158.57411448228413,0.4004778853305794,-75.58567230719456,34963.917553879975,1958
27.3842407232884,20.62330448408608,1024.5875811559843,128.48936452974547,1.2593398784228802,121.00468788471505,9646.936061896158,1962
11.15161291137149,7.937912255164522,1015.917024578991,265.08451056815767,1.6830622369993118,61.993301660361105,4150.34219015274,2013
16.029052994538553,14.550621861264549,1016.3805181914857,231.03074776735784,1.205759786958714,34.324862571483564,19005.834233883812,1969
17.206107719066125,11.508744365896597,1018.8644713931574,273.2115736462559,5.025281221801296,53.93232429551382,14232.705448181232,2008
15.23745655279639,13.311626026935432,1013.0853441259986,295.2150448315281,0.6701045168138913,49.95619344145722,3563.143099201916,1971
14.0820580510621,10.208588805595113,1016.9834208004581,332.27320778429316,2.1654709540336845,30.849792875995597,5718.777268248754,2014
24.064994560688987,14.79599469232951,1016.590310219186,155.13722344247316,0.2382309691168237,71.1130077083911,5817.079091266941,2009
20.929661511360692,18.346843441494183,1015.6952074837637,354.49106020975785,0.9961000200075518,89.76961655669774,27652.21444801961,1990
23.897026988025548,18.70934058486605,1011.389940146913,77.63789282531498,2.701802323931139,48.00745906014103,9929.266367315375,1994
25.452363430607566,17.57461233940617,1013.8602946118313,257.1714583010383,0.5093121436598997,86.29349021185314,16760.53808046123,1953
23.32808496586267,17.784001995171764,1010.0581921784661,192.24335423058812,1.7820796998239845,5.009356573031226,4947.948270699503,2019
25.28881588075187,16.894764248530496,1013.0640715228325,294.084214086558,0.33314138116433223,50.310973554653174,11325.36626534906,1994
21.652338568788654,16.81493506827114,1007.1575455395036,171.63738741831335,0.2167338192502992,16.338993992740924,29832.71541188824,2007
16.065033058471275,6.463366010361973,1009.0468800436353,282.21790873047524,1.48145370083184,57.5501764237607,5647.245791456092,1972
27.28907090410398,17.062746965483598,1011.5884397903753,334.8607372731641,2.2479278626712866,36.229895428359285,9092.04199482067,1981
19.054439336094365,15.29662702383998,1008.2814728428497,263.62593581043143,0.24064842244714874,-10.825768202740406,2072.879005271255,2012
17.32201850618787,11.626101877893671,1010.4749136462741,279.3939430385968,4.996622236141856,-12.012172251174974,3768.536128053272,1957
21.11041062097801,15.192372024462088,1012.1803701162224,24.183155255708204,0.5117784288596324,17.494430606089743,5799.6746956354755,1974
17.435945403517437,9.511590458231336,1015.0113117233219,73.78475840362103,0.2556106259872848,105.71999860891069,2805.005254026529,1982
19.91284809005284,17.634727654441193,1017.7462865092646,350.7493465812937,0.45304578058278877,141.9009498313662,30393.184783924928,2015
23.720269607817333,18.985248012907483,1010.6810781431095,249.54732136346198,0.3716291964084278,62.59036386950482,3505.165370816829,1965
23.741708696230635,16.217825650610784,1019.6755230863431,202.12164623196165,0.19010465745003158,1.0420160205600553,17797.238648109174,2004
17.510849667871852,11.448203053783644,1017.6930553931275,132.11149442272202,3.197384061366681,40.69991344408414,9767.699362592035,1985
19.56147313525628,15.75223991751878,1015.5204691597197,15.980040434490448,1.3685246351990876,136.09107695953406,8356.976253693676,1956
27.371665023851218,23.125106417033706,1013.7682456464831,132.8889268670886,0.9837442313163834,101.92166099733879,35816.488714242936,2018
24.482000588669706,19.0449209236915,1014.5956042093427,179.60863438424732,6.016740676418649,9.30478943273964,845.0533006603544,1957
32.37532519674271,27.006332972513096,1018.935255753332,76.12542337927923,0.9272747126737514,202.284915485981,6659.46948314965,1952
27.90064086870764,17.685745949971512,1019.1178982987964,62.329244858579706,0.36537779102237583,71.50038412375285,2750.724645586337,1984
27.721465342799696,17.766252078962204,1019.6747336419182,183.02995848870606,0.640528691382641,61.964454769284735,1139.7675201134036,1985
15.06065724772099,8.164577837297994,1013.206634159385,210.9255248259158,0.5461558903997701,105.1982121190719,2453.4936471909755,1979
25.819301758167114,18.957032530015937,1015.774835824993,86.37045078762894,1.3812658062655006,100.20766130091873,8243.97191267984,1964
21.734465991515446,15.56533329366955,1019.7177325331103,211.46021080423668,0.6892249039882028,131.1312500547516,3923.160550428246,2017
19.245090982308753,13.167661440672154,1009.881419825418,324.1223869947462,1.4515935381360836,53.74349345958678,19862.992178591594,2007
22.840076702662643,17.606570948110445,1011.4079157314085,170.34237288768736,2.213047553925589,71.54010818843015,6543.020264938556,1977
26.726057673057415,21.17289758156952,1013.0801833150674,308.6604610513853,3.0038485043327205,63.44494529615302,5856.231841508832,1991
24.504157955021057,14.101585749941053,1017.497993689897,333.81772003199467,2.476837154797,87.14376714769524,5882.393697669991,1967
17.607630993289703,11.13139763950056,1017.5758607535931,33.26185041735086,0.46031296017255324,56.76757831418009,7343.0208278531545,1954
25.712294567963102,19.63889338582029,1011.8456794440103,34.492168676446916,0.24636956601531462,51.484557116360975,5332.212131220767,1958
18.81206228962018,12.232966235016962,1005.4569527281014,171.3759058395365,1.5637389166902096,-22.44625390194834,3459.039756240363,1958
23.08341559482143,14.561978763658693,1014.2309197214798,211.71687995437296,0.4435684292825165,100.78230446812591,21789.530562111082,1967
20.48324966261433,16.37534961913082,1008.408419313358,153.31804720741053,0.1775175622150598,80.73133293873738,4341.195064228559,2005
20.905668741321872,12.05496797947735,1005.5503189767988,117.5222773503011,1.4977187340008484,54.706146140831336,5521.878468543416,1964
25.831214875202548,17.47869079705957,1006.6806421963314,230.7578818054161,0.7914083580276713,128.69217320886452,12449.118299780504,2011
16.799031400920512,12.416610032253976,1014.6319050392278,0.7493444459712961,2.822395889821973,61.788179336509934,11144.94427889833,1984
31.725975371384664,21.060542932149023,1019.805186804664,348.5063811109473,0.7543140702061025,123.96224220068927,3316.1572530868543,1989
12.894569653527519,10.592510069495614,1013.1944725811812,83.54847174768797,7.699706173414214,40.46522352295761,17239.90345442672,2000
19.011661583725715,12.17040915821326,1014.0569032732299,330.15555668988253,2.841963681131471,-20.739756615704287,13872.591526039918,2009
23.851059449708703,19.51298060168793,1018.9144746943896,39.24530803242216,0.11884878042910642,142.07314961008976,9681.526210216332,2005
24.92157083217655,17.193606987532036,1005.2777254545822,85.71138553604612,1.422104000319419,98.8430899850645,5264.1930681804015,1990
21.49762139714147,16.39087525140973,1015.6008821080013,84.55453239150015,1.6539080849383712,1.6015156647090407,5395.223529117966,2003
21.713046484992287,16.691180445460233,1012.9420510784059,358.6150455122326,2.376872978522169,49.90736445667997,6622.332292954493,1966
24.052750426638084,15.581845293158512,1015.8302872941604,1.656196461318391,1.3775009088182695,106.47043250024811,2364.1363602711403,1974
20.8446526127116,10.484283731586341,1010.582580457981,230.26975534925847,1.3211415935994428,143.3190081838212,7791.05493509707,1958
28.96590628967453,20.997645912099838,1008.9103135478676,313.08716918190703,0.9175375122618523,108.24029810206389,19773.581151368755,2005
26.19674557115801,18.482298594060346,1013.7025445214281,242.01851544890522,0.6334292941271461,124.4876540726229,19464.959703393684,1972
26.364121755028172,19.566537283669973,1021.2459566166723,130.5841745580999,5.8449715038203225,171.73111462165366,5536.668409522775,1951
17.169216383147916,11.565396523437865,1017.3045505227074,344.99137057305654,0.764268804889812,135.26284886732458,23484.20326761534,1994
21.603057877971487,14.261285116978609,1010.4615361490995,321.66747165205476,0.13104350113652993,84.17754027719533,54497.1973484223,2014
20.497670256396482,18.365315201440936,1006.2951398200936,156.2237712898264,0.36612703826408294,100.51533179469288,5906.403998588178,1987
16.97199312155267,8.935687062065313,1004.5896635815111,206.39825734001886,3.8936940801794333,7.56547114358834,16179.73328816077,1955
23.800820919728835,18.12847560053866,1019.5804972592524,348.30690760988665,1.7668411428955864,73.27422407444266,843.1880768333432,1997
19.31177121110092,12.36903613140386,1008.2245885593209,353.7217302935292,3.017200161816056,80.37158077444919,2302.7360268394837,1993
25.277019149251185,17.022356168994985,1011.3724329350254,161.9363792584628,3.3086775340328467,63.66201794178585,8876.1308800794,1956
16.64904218552834,11.020123864721906,1019.6060556303879,305.0460101315119,3.4658845083119996,-17.083346897067763,2960.9544287249264,2015
30.595203064209105,19.809773596603858,1004.9304927226051,108.71288170341708,1.5997448440411313,99.83900064987881,62267.9449281321,2011
17.51833670703969,13.40528411540026,1020.4613225473753,133.85263425503928,0.38989124175113704,-30.585137139510323,14733.508777421312,1979
23.09651168600218,18.948845372101438,1011.7317977305374,59.335877876481455,0.32088394569990025,151.29821032021604,21286.570222479113,2001
25.959296551940337,19.111534908851556,1007.2570834238063,75.30645339962291,1.706558722984189,81.85412352964673,7871.261287667578,1985
19.146797848999437,13.609522486723796,1011.7632453642555,236.47438881336922,0.9130358744585875,114.26149451436501,2971.4103373197813,1984
26.26234321716475,16.41075925381683,1009.3870160929927,183.88138248254913,1.6331090919019016,37.001536322201325,4823.184713614934,2015
15.854082010997919,12.131507939347445,1015.2040989945285,83.20746982521703,1.380214987137402,24.6203923864174,10450.242675156773,1999
29.260588495912803,24.795111210597558,1009.7593378305611,145.04746189019494,1.8436021705352061,129.78764497492605,4281.611179688088,1952
22.070746324828793,14.68813317978997,1003.4417889454048,134.34604555092542,0.06527736934544141,149.4864438510811,15854.235882800158,1953
19.0179429601556,12.560592913405188,1011.8971873279551,355.4496736327203,0.06677580991250702,68.87854272299073,16504.939342872232,2004
20.504091137862826,13.230685534541983,1006.2172747385673,307.28370139609655,2.5573580091643753,22.499392764926277,8143.548551088894,2001
26.044596346963598,17.252388973885676,1014.0215994199416,139.66788001817673,0.4291785965306145,124.77968569749214,1305.530712044849,2008
19.077723540747808,7.863807371178696,1007.0643483385834,329.00996840257193,2.112246511084553,10.20938862778852,45016.52545470551,1969
18.25321155288611,13.587318858731702,1010.5599359841395,123.3487409861416,1.5818548243465895,125.50552765357745,6550.699673528801,1968
20.89231701208131,12.933517555747688,1013.9129390210717,240.4445445845494,8.01205992410221,133.69929344351584,121695.42045375817,1957
16.11518943615016,8.060106367721511,1011.9377063748286,347.9939988055605,3.6085454151119976,9.421708878013519,15561.196588531706,2016
31.102719539709078,23.27828357726145,1014.2521514150052,140.5003910358788,1.0659193058640075,96.76949646402902,6568.527248548545,1976
19.168027043926383,11.253583360664596,1016.4014358285888,244.75858743777616,1.9163767140072123,38.1507880814724,12680.515433541794,1957
26.158083930902016,17.633320643863897,1007.2103315013435,106.53257198254795,0.24951588649472925,104.71157924807568,1075.6866522415369,1967
23.047350418238864,19.06603007514436,1012.6780122968764,95.87243361527086,0.9767785660756292,101.60485261951808,22609.88328666615,1978
17.07732974759016,9.135699227264084,996.3524810124594,206.6963999153587,2.6476740665008753,-23.891190212530816,105550.12499797925,1995
21.970226453936352,12.313962048559922,1014.2366665084127,352.53525529195855,1.9492786822302253,94.59928535078569,1003.0157855334872,1985
25.92001389655374,18.68262210671229,1011.4959293481257,163.12818553926118,1.3251247005163749,82.61285474807754,6078.972659306518,1952
21.058693324568466,17.040060055218664,1008.0827511826102,337.54930931396905,0.38845414377315224,10.70198370804944,7292.938842793815,1958
27.965564729255142,16.42721187501467,1014.5785971114826,329.1708672881142,3.250585133290938,123.64975262080607,19442.73250635341,1959
27.10757696390932,19.790683348410877,1018.8634878859253,91.35454044419811,0.6381159894298649,170.58351079860043,66567.76125997242,2015
26.594574273291645,19.778201071227535,1010.6199112620053,144.65498655035788,3.434927082282447,96.37952767513809,11883.21432735154,1950
19.701716138635014,9.672880329659868,1008.2759275487914,231.5888922579059,1.8914857530018667,140.40733503947018,68995.17297274288,1953
16.600787761092565,13.217554108579236,1013.8251263121936,186.496518388101,0.9327609709665605,93.71926523464515,9608.779366511499,1997
18.932061973186027,15.005655140914577,1006.3219666667682,34.54507075074276,0.08290526574496775,105.4882207768936,12726.272275727095,1967
22.981204703333603,15.463272145821474,1009.6980931473223,357.731290845777,0.5290221296859601,96.65163097776897,11251.26185419902,1994
24.728933567661777,19.814946221959257,1019.1120108082525,270.9554404360608,4.397728500517849,74.38110652891665,27454.89576158283,1964
11.142142976197762,10.072411231988124,1013.3108961490615,157.56985376089622,3.4072152684687858,-3.1045204924491756,5311.762297215048,2000
21.95943399194125,15.577839645793285,1003.6026651802691,222.54067787986486,1.7106420471389907,223.2581923755341,18366.557427359057,2010
22.790446126615922,15.050421507981277,1004.015041763603,31.526214215842842,1.2559269750390398,84.4670504158909,2366.5853006034354,1953
20.612278718422242,12.482939317729654,1013.8104284632338,178.3085953282596,2.0833829889855737,74.58235817011973,6096.6571719192,1968
28.456369195079393,19.84433141782319,1017.3119528795885,335.0996696942956,1.2556484137838413,149.03812718018187,4286.6309500416955,1960
24.108900371254354,18.015748099286405,1004.9118927068693,322.7763448997922,2.067362418228518,-15.159552283024581,8848.131259777963,1977
28.550959540404484,19.337317956201854,1015.2485630374825,121.45710437393242,0.7346171325268841,119.09917637955229,5907.158801722569,2006
20.92019739824884,10.249136168250127,1019.6517175374486,191.29243097568198,3.6464658198269353,132.48963493901215,25137.943891347582,2003
26.687387462534623,21.218599012927378,1022.4392949397932,251.05806867155286,2.420772610285026,150.7131659579511,3365.500287338291,2014
30.175331972637597,21.503178824536104,1014.6561137992994,122.40333608684593,0.8008823835552801,125.48087284384734,1434.6612881336187,1996
28.558467246363307,19.231678079100643,1015.5340129727624,23.356518513817853,3.551765722320779,44.891983813681406,2085.400454477424,1953
16.539292032856334,13.29182119984601,1002.3340778618593,181.9589964184097,1.3362947165829073,100.0974157510993,21898.38231762774,1983
20.731619612288096,17.561410921567177,1023.49876273998,216.5888648964011,0.38386849743073165,10.4434525735822,3073.1017012451407,2003
20.274176472751016,8.588100391949926,1010.1225489345194,2.1029760437436895,0.16179648141613306,135.68477345109162,12062.351268765638,2010
24.44627267538164,17.98091817261129,1008.3326442078748,34.407134473871025,2.405318985109792,120.09807291322994,6034.284069503128,1969
25.431767775072665,14.94893902093017,1011.7239693278019,74.62463169389483,4.006751494285299,66.49448708531008,18476.299003273576,1952
17.80553662987132,13.462096654507805,1020.5583670709271,125.2988233167363,3.294715625406124,110.86285002570193,6433.244609648305,1989
22.33919256958469,15.893289203458439,1024.0402302377177,194.77844021900893,2.132199377567544,73.30576581610224,128585.3951270159,2018
11.900363339219318,9.601707390334623,1013.6270433973792,105.7834507534795,0.3048461424166832,48.703557110721334,54074.44654505835,1972
29.209725029009448,19.448312291317304,1017.9904208630182,99.42617318634134,0.19752924620682313,127.20960044136017,5912.297717880609,2018
19.43812879661653,9.860209933993268,1013.2160202434275,312.96576377270947,0.8463305406834201,58.04953106944856,5155.737292230601,1981
22.279319699222484,14.694787406942401,1007.8110226349091,52.21823068851346,3.86081435269089,79.40996255739469,185781.42937210063,1973
20.451751430059694,15.129921271321352,1020.3837183539415,178.3656479420497,6.526505673768755,32.9367286275575,2754.9347543401173,2000
27.730137875067076,21.4418811698974,1009.8893625982181,343.01689809700895,0.5524580984449681,136.19870973384576,7669.267992647858,2007
7.812467793013106,3.1250648541641235,1020.6776538668594,225.0047696817765,2.8717733267185723,23.897654955546393,8287.046563593676,1991
21.916948288370456,17.395984655605353,1019.4927066488455,258.1939727619979,1.706017954526333,124.35478006426786,8084.161872903558,1984
21.47090621251151,13.733889769465014,1016.070181319786,155.24531690061855,0.06464842110216917,39.70149480616923,1424.0899818393486,1981
19.731818062041587,14.537172406618161,1022.1448737812717,7.175580163099045,1.5657777262315842,13.795582212531833,13314.412973603266,2003
30.631132728178162,20.422005003993444,1024.1617301659287,232.60693261219393,3.279179932019206,153.08252935678883,3070.666471173344,1994
17.563352705721144,12.658688149429004,1012.1237831851785,227.49274131412466,0.6462669824653083,4.121712410369497,34063.75259528628,1997
25.858980886178305,19.885041889465363,1008.9560294079179,39.75394912679991,4.553086761607274,55.292246409261985,1889.4384690108297,1998
23.78126394353042,14.19285660589422,1003.6786508137177,166.37749690486734,0.5390567892232098,105.50877140755645,8599.556639580129,1983
28.307596262677578,18.45550559038064,1024.2234112771512,329.51842007963415,0.15911077359607417,182.97396002298382,883.4894522112307,1965
18.664054576112473,13.434763377962904,1010.8015899554077,73.83053950991105,0.3485622781750916,80.21310229665143,939.7522659420175,1960
18.335155504381206,17.63777617512755,1018.6751842855087,165.99555166827972,3.6280453556901686,9.470487842830323,3500.4543092872395,1968
27.480349537386992,17.509865251837237,1009.2937231624526,165.99714667218734,1.0801859256764836,43.54644409278585,4031.0812437928603,1978
24.126606541650553,20.968892351149226,1020.6913282045601,291.8741285331498,3.1885623527789173,80.92346933621077,35091.928052390555,2003
14.275313266616207,14.001565893981684,1009.499412040923,296.8473133186001,1.5152991315897912,77.47867974417238,7780.751168541659,2002
19.30347492768365,13.31781014797537,1007.0414043319133,273.3369910788211,1.3100045717623665,13.61608760277165,29507.71108585278,2016
23.931913269240304,16.156034236068415,1011.9574678452312,131.56349730777853,3.289230398052779,32.58868576776182,5542.569081224115,1981
26.188821107732945,16.94804437808368,1010.3411214951918,25.93329300666724,1.1015169014271522,80.05321801876141,14854.90188280576,2005
18.603846734035226,12.88628765315932,1015.981498927306,125.81387180064507,3.239307140737091,91.93943877275765,3922.6576816831766,2012
7.428720050915294,2.38666517052159,1012.7430253640374,244.72483245768225,0.2121930505895072,-40.98122744707895,3664.7922611558006,1953
24.616115928685165,17.07880311543842,1016.1385119727596,252.9887668160675,2.0229113299205013,-36.67784075419874,1311.7925781484328,1960
15.898396550280122,14.122638132897798,1011.5448926345736,347.40007541161884,2.425267447771203,50.914488405791815,11336.172449993577,1952
11.913306009387943,7.117144081618125,1009.674463144906,163.31084331973506,4.5871990912598175,173.7441430004372,10531.051047245935,1976
7.838370375079296,5.005410654577406,1010.0821972605196,227.67680985850453,0.5080405339387013,0.31097903301931495,17629.217455058068,1993
26.069904300988707,14.846652062157611,1023.2246939901552,194.1087134601114,1.853792949394565,143.92537881966712,10045.884098272894,1967
22.643087252024834,16.59828525267947,1014.1258546611347,54.22268164076546,1.13569714187883,28.313656291873002,61463.327627253966,1979
20.87171809643874,15.139166037409865,1003.0811889527348,166.032889967569,0.9650324705664902,70.41967209968608,9662.692708713623,2019
28.94512181481381,20.388989989901205,1010.3989549327296,196.14065568803792,0.22569596540081763,149.23554734962514,21847.17091001229,1996
25.186623415115363,17.196982290136468,1013.4843301623794,342.2698581752131,0.2882796831818715,74.88837953396961,5859.918162330313,1983
30.081500213609583,20.471534311981795,1022.2269984062519,131.95405958722418,3.6278685840320546,36.935401738804046,3266.6816597473926,1991
15.036322639165018,11.529226314816857,1018.1434935794495,352.835677118872,2.770617152935056,53.411607306100485,16608.919846614994,1972
21.82724688023018,15.221439612983879,1008.3914108175904,195.22802664867038,0.9636379293794632,110.94267576402207,7411.973500475283,1989
13.916433125259928,10.371446930792613,1025.0917787678623,87.28892758910071,3.5261875456217555,146.11076586318902,18620.958863423424,1964
20.853088340722664,15.027127473414959,1012.8441981759926,68.9991793256908,0.16842953101692518,-1.1291472650750052,11532.639848702453,2006
20.756920731166613,16.77669908600815,1019.2316490553748,51.01017021368343,1.9604530935281625,87.03396570468381,3666.4775085700016,1963
25.133068186315352,18.947135925170855,1007.2249575130005,163.05583340644307,4.052575958585661,43.851042438919364,23726.263489511646,1961
22.227819405709493,15.945197270297024,1001.0091845237455,7.893514724012363,3.6510159676858986,79.71212960063912,3390.7623130986863,1984
25.11703569139958,20.61876904528406,1005.9578425481582,160.21630199335152,0.9329246459722259,41.86317741802356,15143.493750695592,1974
25.51720066569447,18.702577524099254,996.7483326190214,355.82568917614066,2.734818450804276,55.28226968090634,29190.865428540765,1951
32.77464338691571,25.552175748421835,1023.5604466362645,241.23844646001598,1.1153738081766635,190.96568376860796,5515.983025482939,1967
20.423516723569378,15.51034692327184,1014.0726645944321,273.5230036321457,3.666890728480177,71.51577037503783,25744.967592010336,1984
17.294886496668106,8.422582389804587,1008.3767799077599,42.841940658574515,1.5132901406791568,-7.996564832019075,12059.606413513133,1958
23.230418076582044,18.87096218024609,1015.2631201499006,170.3163101364327,2.895123296195547,71.66927180205442,18995.24148068728,1960
17.988599864302284,12.862372387696936,1013.9466701809008,103.04031636925701,0.1636603701516339,87.15153250099465,3509.5542317641984,2016
29.40980384218268,20.482953147726317,1016.10466697807,321.87511007605053,1.7833229333553153,103.25987978925995,10039.677106824945,2018
20.583909805273837,14.971433558670839,1019.0476570056813,65.2652899250085,1.5982788023775378,89.06402266155791,1982.1129278365931,1987
19.17211816063005,12.7305163885269,1011.550394234875,165.1439977692271,1.8830977075622612,156.78408990387777,44859.942006656325,2019
19.64342139424441,14.204452696748977,1008.6008034694951,211.69717860442958,2.379098701255354,109.00946183063458,1081.3890795021903,2008
25.592087117358204,16.73070884946456,1017.1388760718596,185.05479296827176,5.004731636695453,149.07030319571516,5683.077511386293,2015
21.211265083842573,17.39643007615854,1017.0116638894224,298.88767006934665,3.0805895343872534,88.0232514229267,3191.6439434202402,1990
18.79166589934809,12.92698990230156,1013.5036790406067,83.32314167507053,0.49599470684177,105.93445122296217,15909.956945536413,1973
30.326759588117653,20.463564026237492,1023.8877709434039,135.86079975252883,3.4962080078056172,67.4016862035817,55489.32539052811,1999
17.71915079669125,10.553553926245325,1010.8108893856918,285.15034676662293,0.26039887691419117,96.8872881727088,15598.26702128241,1954
22.17783037016497,16.06203283741276,1008.5007101418237,190.10570822524974,1.9467731606813186,166.24781680459003,156573.9493160281,1970
25.26153075805115,18.057285730885987,1015.090457137533,144.76225883326464,4.286958703785524,95.50453840550499,2042.7655355330498,1955
13.843324447914634,10.467176340895257,1009.6253107154325,10.599305308139343,0.21321604074761788,25.80961732847085,2205.7345628241783,1953
24.401302507029623,15.026407979910477,1015.4775826207244,271.21875264561936,3.790146206493102,146.99718973733349,3317.231300608484,1958
16.724461622597754,8.504760738195282,1008.8349587208028,349.9855480680337,3.2051305089903703,9.01258179757037,9147.580483741329,2018
26.113913904170012,19.53092233793213,1010.9987885853405,223.30332341586362,1.401453400725651,196.2481302137361,2901.7742078575484,2017
17.186744940405116,15.000005182036597,1022.4542021001959,308.35483944796607,0.738934556975085,75.40653059180885,3821.266708413676,1958
25.463845159244304,15.771984366691218,1010.9720632162616,186.0752675501734,1.039861325132538,4.234062452000742,15070.33504458706,1967
27.529165331473564,22.44929829915489,1009.0057422799135,83.40514755241125,6.925601115101484,110.7918810065829,2346.8472646395016,2008
26.307182628164025,18.98284995718758,1018.8533939435325,5.199157524652369,0.4505355020391645,155.1391623815538,2609.213168947316,1992
23.256583241190512,16.265482459731697,1007.7447902485666,235.2233763323961,1.7331176788728688,128.2375503057816,5439.602389481488,2015
20.8434952853515,13.795349306654494,1009.5352838492647,177.51918536936807,0.173820759551714,69.0746251591371,5976.300016762511,1978
19.11790211832578,10.613495443978053,1015.882805602545,281.5553329515365,0.49152760244924765,67.75513621943193,22248.18513321988,1997
29.35517345408552,22.524078449709062,1017.6920571193665,250.08567027670964,2.882062000985793,150.81933819222215,3292.3611200257405,2000
18.502523899161783,11.40055400653804,1019.1023819554053,355.6628525543633,0.7207895374341047,-39.848743357694154,3943.090224764072,1991
16.814669632150018,10.21065539102981,1009.2638908388976,183.71253002833433,8.504253534908651,25.804349687875025,14496.610120432868,1985
25.32684467516415,19.71264389238881,1015.9800433649306,153.78292428228337,1.3895652066454216,48.004061734462624,18058.90734548693,1994
18.01931598406752,8.84755429550381,1010.6694590022792,103.22628819814618,1.4535706041117427,100.73016675953448,33817.18780380144,1984
17.249682512669363,9.02758213753222,1009.9717218324469,171.6700650448588,0.07398106153785121,13.259311598420283,12953.487745777575,1955
14.781978689151176,10.311116595389658,1019.0160639114614,314.23373212425196,6.271218925693878,11.594832212211479,9231.382134123878,1986
19.585450802697412,14.296384419897892,1010.2522280207021,15.278301285026856,0.382886322974881,41.373775482463884,14400.790886739715,1985
21.586424880517534,16.07996671230012,1014.3910229801049,352.04401702302795,1.5458557732963742,30.693964768429183,6201.752510723595,1965
23.215458638303495,15.647224060019942,1013.7778973461532,357.59058995080727,1.0072850017475534,129.45687659075296,6156.307257726017,1971
26.75653122149742,23.790311192331572,1007.6462281183075,215.21569629164463,1.074286840048506,62.19910922716636,1374.561001822992,2018
24.634489618328967,16.788357615298608,1017.8304642767816,119.35591333034449,2.0617213041913924,104.88384814640463,19799.57905660747,2018
21.045638902234103,14.270374927358425,1015.8014044683948,80.29762859592857,2.1699435523656705,38.995407491008216,10011.191989117535,2012
21.0090216181014,13.112341795043223,1003.0685469406479,99.53654244655635,0.3351542597922766,69.1106447779275,17624.394392277907,1968
24.550787344575916,17.43336477424528,1014.3871055561867,18.037953541789868,1.3846416566536053,71.45918784109575,485.01969847385317,1967
28.362850814642847,21.08391803434354,1009.1351328291669,171.03994505400917,3.1258478081704095,1.170529771595227,7730.263988065783,1966
22.631570997416002,18.24925580725812,1018.4853765320631,20.6367375111861,1.1714090089947762,14.485632090802127,3443.068964957963,1990
19.654345728947956,10.779473481383132,1005.7730008160962,258.65071731933307,0.36257491330351044,2.748764385332862,36365.01644540559,1982
17.035669994572274,11.43297831948919,1011.2176151568523,133.89460399182747,0.7514736399458379,107.52780328001226,14976.19044750539,2004
14.773973677938873,11.235188796175498,1014.8101227549423,71.77130342897874,0.47747797101176126,113.06679340693346,10241.828128269473,1973
25.331348360217614,18.9060589213414,1013.2717014707093,196.14728082097383,0.2689321567053833,57.441835606403885,5260.9506990220925,1989
24.889892618197784,17.436022148347526,1016.8147912835699,350.55335060748496,0.9482839686673925,104.28999629682897,12054.680781996456,1977
24.886817625533308,18.505620276937517,1005.4078900699535,250.24717764663058,1.5571323497198426,42.78130479910383,3202.907822230196,2016
21.35670276823972,13.331764151916204,1021.259571684337,177.02886603749766,0.1510674151205572,81.92568437142927,7333.987559221401,1988
29.034673729458753,23.44008247525784,1015.6257232939414,279.68914773162226,1.8517902748850745,79.55744446279309,4544.3346897923175,1970
19.57940752707591,15.690841474911997,1019.7985910650045,265.4915298836359,9.930685384147417,45.07061882376709,78158.15296541897,1986
26.776346186036026,16.053586756094873,1017.3712008461662,321.02476598080574,6.655425419987174,121.85904885782199,35240.37622920749,1951
21.806285525052285,13.114193771303087,1012.9419494277248,73.6808211338211,3.534213504125436,89.89837335435749,23459.891187502373,1955
18.95824617660331,11.176928823408504,1006.5790089454442,309.1959274531435,0.6194221794542443,20.064534297681057,1825.6456382665965,2001
24.962651536588808,18.829796017405222,1010.1822340937565,108.36939133501158,0.04532492226889595,171.5916688509224,19228.65921001931,1954
24.048180593419968,14.26427088255904,1020.9478166643129,338.75961401703495,3.5860209373975973,167.8983976040334,9775.814196475681,1996
23.78486379633463,15.987355989018077,1019.9271889082819,101.18345362082466,0.11466558462913964,83.83751413793735,27541.800272449356,1992
22.406392110280994,16.593883270030243,1009.9020000994816,333.66547553856344,0.46040703231884395,103.06995571673279,11185.740708677344,1989
21.810534591415845,15.13504234489822,998.9084785689892,346.9646572070688,1.5725137144621546,189.42170662221477,8048.8325412342365,1960
33.94185996435219,24.277077006471945,1011.9365513284744,52.37688868452513,0.392949782695505,143.84628967444502,10237.208933331756,1963
27.921283225980865,17.413292835489088,1011.5614855593544,350.8199579746019,3.588986380465086,24.635455893112265,1331.906573169769,1951
25.61413447492756,19.119602879243782,1011.7511369397981,30.860268634541622,3.002599781577875,85.13443850031996,3761.5889034708957,1988
22.55899579101694,14.564873268759863,1015.642696009157,78.6844031805079,2.8192857019416433,52.655545555785636,11770.310007626671,2012
27.035786002983347,18.275810853292462,1017.3810628966083,159.90076111420964,3.387026653322259,64.44043811286491,25320.9743867474,2012
24.58997388195726,17.688445173182053,1017.9514977354976,357.69505165621564,0.49615819875009487,103.55260358844791,4672.7679491961335,1967
22.13102376387018,15.69787307777082,1015.2285457006768,175.88269841953655,2.610478801922544,50.96070571320206,7779.0781476764905,1950
20.482178373670425,14.385484899600481,1003.9961464903868,198.1473995442549,0.8778829911599411,108.93758726213285,1634.361611371406,1966
21.59541331168656,13.615535674227079,1011.2940013365335,249.99298182851348,2.1982934203020665,38.50759825428525,34867.51294006074,2003
6.147871320609722,3.704411102028421,1024.5204489177459,348.5856809782625,0.26026686704950297,-35.95193549876643,24679.833514558053,1988
23.05300419648821,16.14147011921582,1014.8710836740124,282.006504044728,2.445540618292691,137.4913249170542,15554.458839071354,1997
19.557619599448202,10.94016325327957,1014.8390978422193,80.6954415925315,7.158811228426927,45.27862449909928,12170.937146152626,2015
29.96334999141442,20.049279061363336,1014.7974296988693,109.07673503916769,0.08915885074153498,142.20774071348788,38274.87922805598,1964
22.09672035405877,16.24306400590683,1015.07689811253,35.146166259068785,0.19705427992053948,25.596664292350354,3622.7511728990116,1971
16.05518290232519,8.683754823936948,1001.0844390945704,232.00285109930633,0.26394924966286487,41.78630398465785,3251.3918450868086,1969
21.750599229359413,17.538582763740067,1011.8023784154447,65.06651035411977,1.1262174295103686,104.7510934928597,23424.07892719302,1992
16.769394574687478,14.27780272748092,1012.8105358410265,92.66575985257165,0.6871795302913689,15.401506473080971,21901.565159214453,2005
24.367037078562333,14.56662480307346,1019.4074769962671,319.72091586493576,3.2893029268163456,101.33483313561138,2456.5284029594213,1973
23.454736821697427,19.133555041288478,1013.2383644731115,117.63204311952548,1.2840993196332622,135.95213023054242,4763.033901355534,1992
26.78919815554134,18.46527553145467,1004.7674430669903,203.99281860750014,1.3253808357880341,109.81194319038151,43874.70034834037,1970
18.045591041527175,13.468942847383131,1015.1504457808587,143.12376316410374,2.5248860481226356,30.484132820526085,12230.24581977963,1997
22.170040481140735,14.52572623254202,1008.9808767587863,26.65126346612889,0.8987367602079386,38.07704462953091,17803.698899204857,2015
15.174891022866824,12.468513370460299,1006.9160717945929,130.6309787628138,0.8714587127657534,12.632529071615572,2542.627966095819,1965
25.507473909623574,18.667419774433835,1008.8292047664171,146.9045530929351,2.828781899883878,39.56023226942315,15625.266407467607,1989
24.59435590220061,15.587742618345219,1015.7125211483226,322.45239668814656,3.028635008877565,121.21456262375875,1959.5271129845712,1970
24.479025105137854,14.804913573665917,1019.2938061988003,116.80223531268223,0.029006881605406012,29.25558075036114,1118.9864893733522,2001
22.008095156784705,12.485061739330847,1015.4146497258879,136.52680311434443,0.3104803231557684,58.56284869428207,16761.23334916489,1957
24.073864453943955,17.22758867062628,1016.160116118085,281.84283672204043,0.47930358406013884,87.68347123230444,34011.20028962675,2004
30.021695541542982,22.16012970263956,1015.36522636419,273.22439443617526,0.8664964241327983,77.46292125978361,6286.840537722992,2007
20.57452871478993,15.704101457911834,1013.5066358843023,287.38269959345666,0.6890638915983536,35.36441380482184,4691.226392264717,1954
22.69322591855042,15.649295953770537,1016.4846531748138,343.35746642736143,2.2083758979555292,136.03214719187082,44839.67621423168,1991
16.56936850409295,9.284565041536336,1000.9061226646529,286.40069942212233,3.5220947089206125,21.49045188055039,6668.942835264827,1979
17.658695192008338,10.99693703835827,1013.5554417565241,146.73895315844072,0.4266017553731916,67.31104241839991,7587.301521752468,1958
22.489066465466536,18.047043803750427,1007.7753748268888,295.74306608331307,1.6555529140286138,50.96994160204642,44088.63094247151,1990
27.519667733509536,18.29451028425651,1018.8145128627207,183.1228675523778,0.9171503702642937,58.49097397974178,5689.713571764024,2000
20.71859587874214,14.789852376482449,1012.2642234739156,99.97705170668351,1.4095404343975682,-2.1122533840312627,4213.177491851207,2006
20.82041735343938,12.422991180257792,1013.1547404413392,109.05014452716446,1.9391606760987778,65.28704089872753,18315.596143248073,2010
19.965573777478127,14.649067735152759,1005.474640628731,80.5832598828234,4.481095995919216,2.3544185634995074,3976.4464417716995,1955
19.326216645778384,12.612982528686713,1018.0841544450643,52.197464815111225,0.42711099746683356,76.94249483690214,7012.141754879738,1975
23.474857278544107,18.5258255225324,1016.1366406013691,66.41654826731413,0.18205322630297333,64.69013229798647,2166.4418456546478,1955
14.513711774106778,11.70671365428837,1015.7847394117025,22.744097983374974,1.9734903367399668,-2.6934760709196865,9753.652296644434,2002
28.404697883333636,18.891876625183745,1008.9348857391559,319.8423113756591,1.0021824765887775,32.71951604463379,8674.105500836295,2010
18.6728885093527,12.81769390185156,1009.1318007753093,335.16281147368437,0.35562991746040057,-53.698167753534136,21333.20962274687,1982
25.609517427190706,16.824429718952235,1014.1179972722296,211.23734129780237,0.2490576010544057,115.41459824704557,19096.427156385416,1994
15.65000701303062,8.116138516031413,1009.5275079487598,302.5762403791266,1.637011719088685,45.827503245318034,14066.030827102146,1989
25.34420065273109,16.02605559781733,1015.1744648133867,66.08559695513297,0.7146948958325435,90.8166100500474,12019.14041673265,1973
25.359723039072488,18.14824078279238,1002.1954369861664,324.6025770817146,11.92488329996551,106.32328199394567,7530.719642252429,1994
23.921010360029484,17.3952262484798,1010.562277217967,182.290161466983,1.0414180054677096,157.3114211215421,14906.549647332029,1987
17.02785739100104,12.216595980886003,1021.9837673271325,24.17939733799983,0.4772419439846142,6.766629222433849,2664.223238355795,1978
23.247740947990383,15.669952555675998,1015.1974291399788,50.87258801789767,1.9822928253084333,45.91315055762115,773.5837421983482,1957
16.084719076328057,13.12543656487161,1013.833968322655,111.23152588325418,0.5601022306552619,77.47540183976977,25897.91315338086,2013
20.736183724519073,14.642412416285223,1022.9261326783568,15.680728927710517,1.3627773401310046,102.88785862874428,15901.368636130665,2000
27.14706550477663,20.409453509535535,1001.3202319059928,111.3456160862797,1.3177859591992278,94.91840152200606,7136.755681469667,1955
25.98350963535371,14.640906480342556,1008.9234444260595,21.574955922801045,1.2086528585757195,-18.44081391341969,23731.5011839351,1996
22.075914712702165,7.608339795654829,1010.9941341412631,84.96993786941707,3.1801109062979123,-45.69947565976538,3899.1060311240426,1998
17.12596712038579,12.555753039946213,1017.291756165027,95.64111210831898,0.48825690818417344,51.04151407169891,4001.831730535887,1981
25.227938560870967,14.810025685166698,1017.3782818161412,357.9728314920458,4.6932266329230155,132.38269672540832,3483.741978708563,2003
22.096906188490127,15.042930926516975,1008.6699664550869,84.7968025549192,3.134103115177459,143.55502302379728,14294.383475083994,1985
10.398422008847884,6.674701324144307,1017.9897716107128,86.10712161788892,0.8102974090680811,-52.49773986934615,1664.1036727658577,1968
25.91314913158259,21.314005596938884,1010.9834261633914,247.24402860901859,0.3983719451025879,108.4444038329743,3763.2506340224218,1986
21.87883583065154,16.11517818734329,1019.0581981282459,309.3686922659227,0.655716952228948,95.35946625117683,10826.098472436202,1966
28.01225623991536,19.940297421538094,1007.8367865093898,139.33994853675117,0.8088400495233441,66.18965567866107,2430.4918519857197,1965
16.523647405785976,13.24053549331753,1012.3834420046692,315.22248717864926,1.6280693196691842,57.947316979815554,4186.789936444128,2007
6.116480934019997,5.018531827492075,1010.5491634231172,122.45112746919257,0.0949552064178189,4.498676073226392,887.5212128665903,1993
23.395419291725926,15.461439518231282,1018.2801518578285,70.92571666140695,4.915185309560864,15.403459317237832,14850.764871482033,2017
23.45781838340986,18.56342472889602,1010.3860939171691,118.66997675798046,0.207778434121945,44.08841193163599,4073.1209658611883,1998
13.546641861967741,7.263149047600869,1012.7877573549412,219.36829461407726,0.6549908019711798,140.41244865761496,2699.2216964380277,2000
17.10750227066697,12.621745964534004,1015.5340569883152,132.17153735234655,0.23146701015374513,71.92015889757387,2219.3669444469947,1954
35.77608871859951,21.948122514747034,1015.7262924151306,242.24176943614395,0.5932379800724777,52.55496722885156,5333.625475953509,2007
20.471946929230985,14.738250565493678,1017.4347630373659,85.29691659209367,3.6362950053533027,8.215836648634202,1668.7738482099073,1995
25.65479488188108,18.34433570086261,1014.0556238842233,252.35744183609356,1.9099374038710957,164.2523521955403,56521.68660175784,2004
18.746700863158082,16.475600528039983,1010.9087554236008,125.07781076944799,0.5157889231066203,38.48431699217021,746.3953225481939,1966
11.548485505734217,4.953992067130393,1011.2515062732062,164.1126137766964,4.107680612599438,17.852456226452613,5163.556422399706,1961
21.148708766020473,13.602321784506705,1013.1283615760381,200.78825055944253,3.2260091229280636,108.47554063241148,9017.360378741943,1973
20.671977198569476,16.115748892146918,1014.247962380372,247.0410011469577,2.8019981534986464,47.93695375085632,3731.706802818488,2005
20.000608806658143,14.671060677455314,1012.2641417607579,85.93692906554413,3.762922430173587,36.34655002471288,10017.929707702895,2004
21.426795822468037,15.35936717840263,1013.0960171048278,300.94039346789174,1.9333251204014263,81.92661251890853,3642.4012421797825,1965
23.32134135822818,14.412667544842648,1005.4137306971395,259.8633899118863,1.3920520818543796,43.403207877735056,37425.00952037184,1971
21.24941524373097,13.69295397442882,1016.3367764222734,84.2752508486398,0.9366022424191564,43.14488542431812,2646.8432589971435,1993
15.67996916026318,13.466060428630739,1013.9055614444471,350.99084253704774,0.5065974152288101,129.32649708752047,771.8390614377041,1992
24.430923957809693,16.998628382958927,1018.0093520677054,239.32691677096503,1.630230381448961,38.85471281983797,2211.6633302560717,1970
12.253141223387884,9.327918248660465,1013.0008025370354,162.873679128014,4.405340981735185,29.464427139517746,11926.22188685238,1957
11.748212713578999,7.993372241952342,1004.308012107391,56.709837199265884,1.8027145313752788,141.99905791281847,7201.723277413552,1998
25.69590247350784,15.620960700955958,1011.2077690534667,191.9595608309273,5.041652902446658,-89.25269645088822,17190.856248438296,1955
24.535101360676784,19.04219180462374,1012.000350384408,59.31931925776255,0.8829641107395102,174.8266620665276,13383.05477558809,1996
21.71302317462982,16.20558099130587,1016.714516527168,154.61700433122377,2.375791947334077,96.50040717283032,4288.617291411307,1985
15.02275747622464,15.127203908091627,1002.6486322774331,147.1365081862268,2.0920328789840497,74.25017822901866,4968.714860139504,1972
18.460445296629622,10.891148948339644,1013.2058975847447,259.1782719650857,2.219956336896388,80.92883028325551,5511.936125402975,1980
20.68626626156748,16.125532225498194,1015.5683760789665,69.25794524072992,2.071511681700452,47.81309499440886,53334.89484679473,2011
14.020530157129432,7.191283177916599,1009.6925605735923,295.8736877535045,0.5011699814657882,-8.570210328156136,16168.534451837335,2006
18.304856709883836,13.12809283226484,1013.3731400490842,117.40763772581968,0.3100141888851911,58.644980180709396,53727.85704616712,2019
25.2616516908834,19.63616936174471,1009.8648174542508,159.83590570875901,7.691371228211802,75.44217761602414,18784.35031949427,2014
29.136526821446083,16.251298542819285,1009.352135333898,278.0427511993833,0.09270604339974352,104.02640410984269,7603.900399431175,1986
19.90282623670725,13.522113417211857,1010.9579007493434,225.14126389686533,1.2612331742773264,44.875520534956514,2923.797350853673,2017
25.78244177158049,16.9212897720211,1009.4465400376649,110.88912664869744,1.107049859854141,127.23707989575902,9912.180874238024,1966
12.429699647062664,7.296875156353621,1016.4180915596817,139.03305283651716,0.8926334505564449,81.95225714279033,7624.567112888111,1956
25.297256205568058,18.47850464841635,1009.3252406158231,110.08325303625966,3.0463723055478558,8.37908992594511,7378.699736914884,2001
17.980257926362594,14.827551961299005,1008.4854499647604,214.11726021977657,2.7357327156869395,-26.14161434357326,6574.152313959138,1984
23.53672808353985,16.209152228019583,1021.8396433341977,119.7448319544623,4.712497621442171,39.81238579096967,1040.5839161607182,1951
20.761237908801455,14.943839391281058,1017.8037000591202,261.2511701219307,1.0066659484273452,2.111075385229711,28590.7871283664,1989
28.60207004891917,20.250066540361914,1003.692433196704,208.72337709014138,1.6610497634723356,146.3583134208227,7704.39720771497,1986
17.62782175830041,12.343082243523115,1009.1761585507373,52.454380229103236,4.45694226378447,21.323535855275935,1969.917384343839,2006
25.138031487809155,15.417936766042194,1014.2123148586136,111.69670272475767,10.181976527792148,109.55472679680898,13118.2898745342,1959
20.602462683517334,16.63861308190792,1014.6187753361575,79.72107908765607,6.966618009880823,59.16780788066861,3443.225069569287,1995
21.20847260995168,15.436321563283848,1005.5475356713156,140.51275651853473,2.5305894265346205,117.77756749057957,14216.245272701446,1954
21.08073053420395,15.54627435394792,1018.7928274641116,185.75427103537072,0.3091658480197192,50.77785905385316,19568.109631700296,1954
17.771634477529435,10.82712487621944,1017.1261220959082,182.43462862227955,0.046918071693938405,-20.009184101417773,22463.262829962267,1976
21.92950517046664,14.432212823348166,1015.4095081602017,271.62852356278404,3.4884356700436765,38.62997460665506,6898.6655500997895,1954
21.68675888939089,14.828462827152066,1019.7836424535606,68.10187089661537,3.676973034768351,-70.72746870620126,5357.336837859909,2010
23.206201242033647,13.17609148252585,1015.2614499628546,340.7302185470808,2.7436858421449255,0.4968964666764748,4334.933894011223,1957
22.42252572846431,12.31969935952966,1015.2429043962593,123.4242384775807,0.6567956063454119,87.81654554307936,3934.1255461342635,1980
25.98997274806118,16.99148506236569,1020.7883963591112,108.08958488980987,2.042290859839267,94.96882876031628,7964.663194710117,1970
26.617543080236842,19.67732168905057,1018.5060979036385,246.66428814487912,0.7603212927355476,59.795765185405465,6572.548511829292,1970
16.746883390860994,10.416543593742814,1008.7924627054423,289.9859863259025,1.1980326503195322,42.23529470859454,3549.976221144364,2000
26.343862502953854,16.40309335688627,1016.1659758933596,136.24983533291524,0.9639421809353441,2.0300269492017833,2581.7306463595223,2008
16.068317864450727,9.618451198640168,1009.6786606752071,268.86491096183175,4.898463356631672,87.42992433930411,7268.054351945112,1951
24.939279440688676,16.54681076219145,1015.5207727547514,318.1449442089797,0.5335570459070467,70.46194781602158,5249.049974937413,1979
25.098693923514343,16.861367820819833,1015.383067535099,276.04931947450467,1.7236567253511341,104.65693319242168,2587.9802564752354,2007
12.443415541687479,13.041433783594348,1006.08266343772,12.310734805499877,0.8956438379441508,67.27855887561272,18593.568371435642,1969
22.46489623264705,17.83466861982757,1012.3907719434449,297.85280809182774,2.175766770957514,91.34910354895503,47671.67813873664,1989
19.65751943319842,15.80981182780235,1014.326285117902,278.81314504357226,1.662810957366275,18.815584902912427,21217.640505729,1978
18.206173710323124,15.08148232577295,1010.8185490450293,240.94448573514697,5.153456631139341,76.0448937906001,3943.452897090001,1954
28.75426165349503,18.13034141877842,1014.5735497119538,273.6080708716452,0.2143068031714517,117.0798577212316,7706.121680426518,1959
18.731604296812904,10.667393777794555,1017.0294888850053,352.593142499498,0.4985665728396378,25.677381881163363,37813.783261345394,2010
17.96811535440975,10.363940165018711,1012.8470346788462,155.20063961460588,2.9078445905246286,75.24622356111666,2505.6422232888044,1950
22.378474700025468,18.333944556693503,1014.1229973835412,24.20036458365521,0.9202233206500936,0.9046330437774373,17722.585581380266,1996
25.427948731492084,16.705180534279474,1019.9171203927799,165.920389065978,0.3625253221928156,106.67797383643193,1904.3895535103375,2006
21.291757069949366,12.401517584485982,1015.3659829161261,16.716115940777257,1.3996237175240906,88.49494545813758,43653.451374481934,1963
27.83185272834626,18.620304509402754,1014.0041214483724,105.93014691184601,2.111922211149176,165.4784612196699,5269.472150107504,1974
24.654878309820454,16.781203753445062,1008.2096031017932,211.27672504683323,0.09172500762701251,184.03871810088629,75285.56718176015,1970
11.108943401342849,8.313086928329119,1016.3551300569443,111.46424145341626,0.6895545465580957,27.859667304692056,45618.280286307854,1965
19.352665182464957,14.048767669149555,1014.6507497469597,246.74228852743389,3.3153930815958925,88.24479016710801,7284.976482523058,1981
19.190789503241504,11.777191524522035,1019.418697168507,295.9150779668596,1.468957637395375,76.74283603409594,3946.5404034522,1994
24.39680476714711,18.449076122030394,1013.2343927165166,151.3581045406333,0.07204044793452377,63.359619180322305,9845.556069353615,2013
8.875914718129438,4.934753235190291,1003.91866749933,324.0496624654813,0.662434948966072,-64.90055871891492,6767.188782452461,2009
34.74504854358861,24.00898130710194,1004.4993956558587,28.742015286144074,2.038534050652241,58.20131986753362,5423.155043472562,1968
24.65513047447105,18.632139473136444,1016.6784038187986,302.4407391121619,0.4446864172927876,52.15471504621936,1543.6217892382033,1996
22.744384019588455,14.637426005823235,1010.1490320115092,298.2863323581476,3.513457422836535,83.20722663029089,4843.7593157209,2013
27.90783858209573,18.396784160304737,1015.1838387555525,115.91780267763536,2.25758167160075,159.38002505300068,2669.1647593570715,1979
33.71827026406312,24.786125284230447,1013.5711632225118,107.53746736486139,1.2749673306292086,105.23986841872417,14067.855280855985,1996
26.353733222942015,16.73214690284937,1012.1658016615304,109.83419321526455,4.944939366555824,138.4265691510161,21830.67383817615,1982
26.7440654823581,17.951261790442526,1012.5181935720589,292.10173644398793,0.9945055425818241,161.34872047622738,16995.162163552173,1970
22.65345012232191,16.96889944171112,1008.6730524747738,299.39525553967025,0.5359508225637654,42.74814576696173,11411.47936555693,2012
21.29237123316526,19.01284474608763,1012.9211115555016,118.70008517796033,2.165889294525595,-0.5445992256993719,3453.32541040718,1991
19.621022779975494,14.945524955508338,1010.077532836028,213.33252508000626,1.7033256207321534,63.201546075362934,9950.725803840889,2010
17.86944004142729,13.453887554979126,1011.1387173993714,50.01596259856362,0.8166821823649935,-8.992977260983217,17903.744209038385,1992
18.56492950150251,14.057053818397218,1011.3817547764542,168.76034578116796,0.8421665625647122,147.34303591300386,4508.701275926715,2017
15.247220178285083,8.526673576665459,1011.8665336505064,359.5654263079938,1.015694489201479,106.72084844236309,9126.946049350132,1975
21.620642746574884,15.365643399962234,1017.6108672825354,57.18209317424887,0.6881904245671522,140.49616820502217,7006.113546970476,1982
13.576662113868066,9.444130503034842,1012.3510458539765,341.12255038562125,2.47741427679191,-39.970768555689155,42717.61611862787,1982
22.954582620718554,16.7113769152485,1018.1185116829505,296.7316999074028,2.1074216660469505,56.14263271113711,18987.72763035937,1998
21.81834695978829,15.505858976803545,1020.6892747566324,349.99727434065716,1.1624162512070448,73.36275141599508,14900.64249909324,1990
22.73467649193344,16.673672899187633,1017.2747232552807,64.64835381979188,1.0145129208922123,93.2737943428958,1455.7933169476626,1985
19.38934214990004,12.949605115131622,1015.6723426753425,76.86665655961113,0.9084220449963357,45.455257559096296,9631.914845973639,1971
37.38430185090252,26.286229130375347,1014.6341610474176,6.072185424549126,0.6666656394014034,-8.459162573250296,6939.510869205343,1996
28.800579500901563,17.704748518517107,1017.3267935452503,260.892652649618,0.17918576840694986,117.16321732147833,6879.786437813504,1969
15.777287499576387,10.404286693697642,1013.4468036929812,231.87408963702683,0.6245088583078647,138.7478135051471,1696.9478384566287,1973
23.16434043713449,18.99670540234743,1017.922849229786,64.10355779690356,0.7748614650049003,175.56248973494638,2730.4763979609684,1992
18.95996928531338,13.909595178975877,1016.0705290264484,284.8121875951459,1.5867484844488704,49.81070721836659,7570.258638485065,1965
16.92760136646293,11.807478881757897,1011.2007976960981,107.71038220742115,2.9725698335171953,60.4826416798084,24694.99272030367,1976
15.299639644380326,14.501994303574921,1017.479254400514,48.59840495902866,1.0073761298155068,-1.1084743430929223,4489.404887357133,1994
24.16108345379627,14.191088461055228,1013.4574000298878,152.12255940696534,5.792023878389135,80.49554473407984,5431.99241507121,1986
18.59309882465213,10.79625806636405,1012.4693399619384,32.74914543366818,3.512977286789998,43.34492770894253,48102.62340669085,1962
26.839130120126022,22.212813906640758,1010.6190041980051,94.7677162583688,8.373162859638636,61.31037006949765,6022.017474607652,2000
26.968911072652194,18.9701596229544,1013.8300942393729,133.6800090338446,4.178224966362032,16.1796771028759,7123.899066008475,1951
28.869571926057247,19.723534275660484,1017.9823130770649,306.67110282509395,1.9180100172496928,168.44032695109442,7221.0468752525385,2008
17.738066169629484,10.01823766854935,1017.4447000279652,285.3175468655597,1.8249923198379154,44.9637260657976,2110.1089360465485,1963
24.376828053460052,17.959172170212057,1014.7669689872948,159.39154287022257,0.2774350674542831,54.82601000539758,14354.203762578109,1998
25.162271083211504,18.702509497302977,1015.9982182036251,260.8470207908595,2.5631426892622593,93.57873542723082,4218.031721069219,1979
19.629109124480177,11.551387665466331,1019.3584839576127,204.7138690244418,1.833616019241803,35.70945607619586,7863.0463208236815,1958
18.141140213035623,12.418246978024078,1012.2501685441457,122.70306782810451,1.4142167862316728,-45.264235085257624,12636.856781382823,1973
30.047603328879866,20.362290666149775,1007.422899982349,261.3147636583025,2.363684813103859,167.25262124386285,56531.743376245286,1990
23.13747937866027,16.708189857899733,1019.5056492608928,246.0596956078961,1.1741460734073845,73.80714775839931,2169.4521635195983,2009
25.17983875355869,15.387386643049796,1010.3511087398464,222.87399918969672,1.4840852826605415,121.42588344028555,19244.530800079232,1981
17.889619940860364,15.026628867628569,1009.5483093832805,222.4639875755702,1.0161664578187048,68.19442243676535,19316.66079583381,1996
15.903577667389031,12.96415193036753,1004.0190112233272,245.87351723771164,2.527239636355975,100.0579994532584,4280.329310068279,1970
19.15275112753945,12.68057467181198,1015.8564152658215,138.43638455131375,4.184826147591727,96.27462867036986,14757.457807440109,1991
21.379893063050016,14.533087720858267,1004.8927368772389,312.86729342437286,3.6757526528086304,-42.19848371948679,41916.55567139714,2019
16.678899965913256,11.402385675584048,1009.2487059615413,58.430824378725895,3.083794729246002,78.43025957101182,3770.7484582884395,1951
21.950775956748085,13.80892606371065,1015.9411839725753,318.19876676609545,0.027767275525567427,26.13345783034982,10316.190127013539,1980
13.5574740596575,8.603373005290177,1016.6096062620419,123.22146349151798,4.858122042436442,-4.189761595064567,12146.561006115224,2005
16.39976288765064,10.939293286006228,1009.7414792589088,45.01138161910411,0.6428244382525369,-31.341835256360554,13824.240040771898,1979
25.354556241384376,20.973926110383317,1012.329233365038,216.00986496448678,4.378047565267267,172.51994169770512,17488.37687570189,2012
25.018952601389472,19.406503437633503,1008.6370273679693,135.3552008653459,0.43872168728835265,77.50054696951848,9569.199443701735,1964
20.04061617306567,15.897740735819212,1010.2580160609441,293.57990175726695,1.158372217020109,46.914164190628895,13540.441951211289,1967
16.911178454615236,12.577676144239446,1014.3310763007645,155.08276867035624,2.7677848507722937,15.970944671888546,3256.884523809482,1981
16.862982242369945,9.569433551796491,1010.4917666060177,240.68250920235954,2.0448527917479864,172.3896360054914,9547.202834294292,1963
20.13365877029343,14.010578930050642,1011.7789247991217,110.9728762217372,1.0754412746576465,112.47428230438402,5032.4324482272605,2011
25.22259245822646,19.59679163998528,1005.6764665919121,75.40285500912243,2.270286112002976,-39.51567274367689,2368.876556254115,2001
26.641228456721624,16.13233066097056,1018.6647808240307,139.69765114157659,1.5923519892588371,154.5817904780128,4870.030362043726,1971
19.517341322590156,14.935245339559637,1015.5503329658553,218.45082045687604,0.6451994711064469,19.840959808109623,10608.983192586107,1963
16.23253787007608,16.007994959578788,1016.964526859186,236.50082611608667,2.0787788723148024,87.52843322011677,12528.950386819855,1983
23.339218189331667,18.46108602451163,1019.4521266230843,208.1543995072866,0.45693310261092235,51.80811492486152,2279.1113314853296,2005
17.882325146870752,15.345685873933501,1008.8739356222715,355.7000587046792,2.3682637820558425,-30.32073070823241,3172.652549163228,2002
19.408736805693987,14.022793264870112,1011.2080275848599,248.7924671382595,0.006231452923485864,36.34957997822848,16724.93970141254,1998
28.626380452185188,21.97433021405961,1003.5258281620889,335.3470659348904,1.5915673251450695,104.07179482112284,13469.027813743349,2012
26.13557714282884,16.859197571272116,1028.7021145505112,42.45595016226282,1.0252131760039251,100.17324599613859,19674.972233887318,1965
22.789871561257257,17.544637717562534,1012.2520734234131,22.09425473285239,0.7222375313584822,58.909901110348386,31819.367592846258,1989
15.640404994436386,12.257059764226996,1018.1936394995746,111.95809272430333,1.4501343614798856,53.40292372087179,13875.599010221336,1987
23.056982837353296,16.719710334222633,1006.8091942783227,49.17201781551262,2.07303142632302,82.98046763844376,5351.822161459449,1967
27.313286453937632,21.751315357193338,1017.981942128215,189.31267016217637,6.722738295412386,137.1529469070348,9089.266202195278,1972
20.121831671172323,13.007712494125848,1022.2879543832483,186.83325126838034,3.580295416283308,131.96425685759112,42612.25218692675,1997
28.755570449933575,19.754784282006177,1012.6985962548601,207.01697991982206,2.5256762876851133,104.59739043206864,128598.31625118802,1995
28.463726447591036,20.115532596030317,1007.945592517052,268.2820370991862,1.303883459984639,28.456532612336062,12875.690636231959,1971
30.31866416071737,19.163842970323355,1012.3060179952723,349.67869207643514,0.9956349280715416,128.63304184853996,13843.265374564227,2003
23.526215632656765,16.92221483046023,1001.8661923752138,316.17312891809274,0.06614101056564879,110.96192090924322,16742.54505769782,1989
24.936958499030062,14.018010123413347,1012.8105664948907,42.61220624720937,0.8897540166172794,124.33266495500814,8298.191229003933,1979
29.07093644165545,22.443564578015234,1017.104835696565,121.8649279574366,3.7727180336610684,47.669534058448924,25948.106075891927,2004
24.236969685344878,17.059153512873344,1012.8212117781325,92.09628901729508,0.9690964441010813,118.28881171899633,22204.38992615354,2005
19.493829461048936,12.603894814926727,1011.5793022265551,63.654248800725405,1.2382512779418753,77.65677155213554,11549.257719200026,1991
19.757285817360696,12.161352847562243,1015.6378405805601,196.10095559608243,0.6344536342393388,90.82845827646268,5895.709099274814,1991
23.192774768868695,15.765784278969711,1016.0201242347478,199.175184731783,0.6407762885163606,33.27640236014283,1771.007039455683,2011
15.547192890268906,12.25955444473306,1004.7004721874741,81.80813803970207,0.12773724770680195,-44.52302809566265,16855.184056696275,2002
21.283705423179036,15.994071753700446,1013.4441148113939,256.2830101104068,1.9028201475443345,-0.4907514573288694,10025.211159313443,2002
27.48273559115127,17.826839019248965,1025.1799256211461,263.8491477010219,1.1886659415287064,129.610502147066,3874.7339034258566,2013
11.043730744173594,6.038532175666247,1006.3249187717598,7.552798140215993,1.862609802515467,121.99094773261591,2617.7743081147646,1950
29.672410508972575,22.0844847689201,1012.5729058358347,142.47277334003397,1.5832270317013886,133.84447227031484,15700.264673566508,2018
27.6118710935158,17.883614956231,1022.7087306102585,320.45063083258356,3.207354944319566,28.068868899064938,1633.963076858862,1976
19.70117692084762,13.91064339275234,1018.5208757827183,187.31469896778177,2.780700448540304,63.36238289867344,10934.095213564766,1966
24.716954139359046,17.549377182599887,1010.4330165961197,125.14600851803795,2.9520342668105166,93.20851978030828,18836.47463184323,2012
22.015738634531633,16.03514130762562,1014.030676898113,91.32341457424684,1.383252702980617,73.69176939473584,14043.190374495885,1990
28.149951842193417,21.421507149899135,1012.9894416000759,87.60762717058162,0.8735442508588083,97.94908333062777,5482.191592553481,2007
26.913415713849705,16.313465125960146,1009.2596409783916,35.916492186290284,5.419200519634072,30.31807343109287,2323.02504847416,2006
14.999646384084954,6.677433818338493,1012.6287394625346,294.20151087351314,0.11159584732344967,-28.44924227203264,14574.362045464628,1987
24.936312067320884,16.320523884667914,1011.6001693359674,31.19666594190164,0.3312151721578966,30.071097502485138,26917.26259579101,2015
20.97186073178376,18.283359327913004,1013.5637446903837,105.22611571025368,1.0880723876787008,5.88545606621431,4569.99159746272,1994
22.4141628525905,19.734262196988105,1009.2580840965448,16.443265883887154,1.9036164143236032,81.96247192927369,13452.338018471413,1972
18.35914049515092,16.513752617737417,1006.6169089987767,281.29916510053215,0.016468365665444188,76.94491589517513,39399.76452446758,1969
30.740685345604177,21.132517006401546,1012.7935961330381,14.142125601644565,2.541100186445788,31.612450929665954,11371.290678506086,1985
27.20030909951288,15.475986205689356,1021.5755910908939,110.98839739255503,1.6361810226631188,81.57738268209049,5448.632044391695,1991
18.301144180135164,8.124722722790933,1013.411014631314,206.38705323119905,1.326022754395896,151.43349484491262,22944.95900269588,1971
15.326946965448837,9.500786552715363,1011.3420311053422,147.44208970563977,1.101542667268389,52.332973620498606,3875.5351126565306,2009
20.07163684511076,13.65399853127881,1016.7704290251925,101.61758420967617,1.465802123685191,44.72193270222836,2212.3442633249415,1960
24.172513230456527,19.522010063431484,1012.2084019370232,99.06806607391499,0.35296304881277873,124.78615924968963,18257.316652746806,1977
23.201029219731115,17.97633137289667,1022.3401646247955,287.2045101622498,0.23017475778515717,193.58793401900695,5398.291191835749,1994
28.265664123841216,20.24077504467209,1012.9804374535246,350.63211423140825,0.6839596918958286,103.79044513276389,5904.55275667736,1971
25.94959861090426,16.385029485750696,1016.5024853157909,125.29478536156563,2.4723363969455647,50.61124385353078,4328.859383406917,2012
26.847845128764533,16.87193247364539,1009.2269780880337,14.09238489924595,1.7748618420874638,92.35530924874372,5050.197368848152,1980
23.634277003052187,17.0522492762794,1015.5154462666833,13.163680047279032,1.3083261354771407,150.88721364010559,32959.45430239141,1960
15.053506348945048,11.931556401940986,1014.3754673847187,273.3168294758585,1.6950269414400303,48.182103470994726,42723.25932495938,1985
21.021507344265494,15.498817665477015,1012.717469376704,198.8531357792857,1.6385912766661004,73.96642426232295,48775.266831844456,1984
27.300448699543328,17.04111817046702,1010.4912111941514,282.09335667023896,0.7335715603296106,161.527686329123,24103.699674886175,1972
21.74238535737677,16.52100500774791,1009.8098491717382,251.09892370388692,0.20507555609832528,77.63339487636266,12916.634551479718,1978
24.515451843118733,18.01263822438593,1014.4117633198982,326.7022857355428,4.541831188477941,166.55874912616602,1934.713259284452,1972
20.406258423769334,12.143048084258176,1016.1446955484823,318.8967447767845,1.8321378260751175,-3.3998967798378743,6717.526578580285,1965
16.850940757290775,10.227016589503032,1012.3641860185294,283.7978624236239,2.3929883428287018,83.75870115854143,70035.28662236355,1968
21.383279679769448,16.345287724961747,1014.436339645604,171.06809761517175,1.2472318790097663,165.39371226244302,5241.580852620346,2012
23.54523721516327,16.012650980322505,1012.8104266093361,110.92550673738688,2.8251171718999353,200.4025323595094,36832.816325894695,1999
18.72156140269278,16.28338758515786,1013.492630124527,182.52964348007038,1.7565321596388537,40.40104865827517,8561.543934319132,1992
20.82144377571666,15.577269195130812,1011.9977750866138,180.7457786351365,0.1106050033686475,55.24795820829749,556.6059918618996,1968
17.302683790070088,11.138616276670522,1013.0898628968415,219.69919760016157,4.416314884893553,154.44035418973954,15374.807367743242,1967
27.59622458782048,19.29694601069247,1026.4902022840872,66.99512440184547,0.7292303307060438,77.59141937837029,28746.022711278816,1955
20.52772121205983,14.496171633717315,1014.5581714940371,236.02315696019596,0.29674661603469804,40.39910750165802,7715.634712634778,1984
29.263777725630916,19.027863781458223,1016.2264847921552,164.37633271409368,0.1843205090136172,73.97992426930935,27807.220731214587,1963
29.643739252704542,18.925441080537926,1015.1901180266404,223.27373949870932,2.549078926005303,48.11341649407776,1528.6992441741033,2013
21.594770176391282,16.519118911092896,1011.6859158835147,86.25773625103643,2.434577922927923,19.085969611345753,2027.2505316990173,1958
16.957756337263252,13.560976030168467,1019.4699460664583,156.3821617958478,2.4090267328951054,45.85052475021831,9945.389024160919,1984
11.570510611333313,9.306920367039236,1011.5441811478682,75.6724372029073,4.947999240916345,-40.83009446322808,13057.45779179188,1951
14.639814634866042,13.278506433053833,1018.2752727447128,315.10985643244857,0.8583162335808439,23.09962374773137,31463.356708754854,1955
15.1308258755067,9.508031640831486,1011.3289650096677,175.66597621495353,1.64711800300756,128.05303613123482,15350.824527948931,1974
28.892348137307522,23.573185228257525,1008.2001374042798,80.99330960657237,1.9325149866458733,138.31485428929386,2456.2004702608383,1999
22.57912293613473,14.003543818186005,1014.8269810411809,14.835130466956663,7.7728887481525595,47.18165397482494,10027.089125891567,1956
23.948022620459938,14.738244707584972,1007.4766582194894,243.26591927527505,0.748939367048191,87.65458137812722,14775.526043893948,2012
10.89789495532437,4.1086087044285575,1015.6782011250831,77.27209703631206,6.262242776961797,27.640520007040944,1243.6004018299486,1977
16.010167853913693,10.31552687008595,1007.0292067195434,356.2495892347602,0.3220620341711648,16.373435671975905,7757.120930797163,1951
26.435398882231436,17.497334543903097,1011.4049598476357,192.1321344294618,2.887859287170118,-32.77482397455272,5793.06885001226,2014
23.433870561912933,17.455583953848354,1005.8413515173763,104.03171864929155,2.00416516023949,29.190834243070242,4210.374704896695,2008
21.263973606572012,15.37256340784131,1027.1208350470135,236.76387616534691,3.395402370221786,55.492026238803916,13343.39856149927,1973
24.824211793000615,14.991001513062157,1004.7302022019185,99.0791724377108,0.05821009210699763,201.26217262494583,2566.5515652031786,2011
30.178989030679077,20.339839844623718,1013.049068701982,295.29874580750874,0.16270438905594395,129.68031744233815,12294.15852645619,1987
20.894787682314746,13.88342733544495,1018.7165213716501,110.96497833477908,0.14448725516730473,60.166315807984724,14178.6292732167,2011
22.346849013290345,12.090829815379456,1018.1819295429351,355.7691836625273,1.797684961116596,94.58261757360556,23950.951011635785,2014
22.962984593656525,14.112195761532828,1017.2567106108656,217.8521227603057,1.847315944815523,84.00127215174798,2634.8479022610118,2000
33.96054817636996,22.230756462230794,1011.4138580588926,303.9880136193588,4.731153927863306,73.39530675178774,1798.603450014945,2001
11.503218677904872,10.919503114175303,1019.755444731685,26.213569048232,1.2607335875145667,32.12402374197483,10709.683458817091,2012
25.41611507394404,18.17418198367553,1017.5669554540109,125.38779025902775,0.1409501996145357,67.50237785288452,6085.893104459153,1960
21.42598875620468,16.322529637238276,1014.0614980883024,265.4953510198139,0.47025363345537025,6.917344556220897,147657.43810358873,1997
24.833858630920897,14.386430047346204,1014.202903788633,235.82124624260976,0.016211717408530855,49.821116565965546,12816.625524941139,2003
18.713137230026376,15.487625027046446,1011.4803867619231,69.92752371615279,2.9986083396973773,55.15874534374419,8588.348273696594,1999
21.75517484570775,17.830826518043608,1008.4517398708348,128.23305498349555,3.3812898281448223,93.67500023023098,6816.981409799113,1987
25.557052897327477,13.89324709383998,1019.1857548773936,94.83962669551472,12.370502792558323,85.01483497289738,2396.915915017276,1957
37.56455100521921,24.88455225582175,1019.5610399680077,220.81326111426347,1.0627181628878168,174.5767141030305,14241.016316423906,1955
26.040180947010356,19.21965780893827,1008.5794542948504,124.04456260515899,0.038974040030043906,71.9109327713057,7486.487244148539,2017
17.759672009847456,13.720547313969583,1012.231074174269,111.25952712012594,0.5350528227766777,119.16609421670522,7492.713669514383,2018
